

Software Version	3.09.07



Experiment File Path:	C:\Users\Public\Documents\Experiments\Kevin\KC_Experiment Iteration 3 4.5hours.xpt
Protocol File Path:	C:\Users\Public\Documents\Protocols\KC - GFP  RFP BFP.prt



Plate Number	Plate 2
Date	11/12/2024
Time	2:21:43 PM
Reader Type:	Synergy H1
Reader Serial Number:	20012722
Reading Type	Reader

Procedure Details

Plate Type	96 WELL PLATE
Well Selection	Runtime
Eject plate on completion	
Set Temperature	Setpoint 37°C
	Preheat before moving to next step
Start Kinetic	Runtime 12:00:00 (HH:MM:SS), Interval 0:04:00, 181 Reads
    Shake	Double Orbital: Continuous
	Frequency: 237 cpm (4 mm)
    Read	mcherry
	Fluorescence Endpoint
	Full Plate
	Filter Set 1
	    Excitation: 580,  Emission: 610
	    Optics: Bottom,  Gain: 80
	Light Source: Xenon Flash,  Lamp Energy: High
	Read Speed: Normal,  Delay: 100 msec,  Measurements/Data Point: 10
	Read Height: 7 mm
    Read	BFP and GFP
	Fluorescence Endpoint
	Full Plate
	Filter Set 1
	    Excitation: 370,  Emission: 445
	    Optics: Bottom,  Gain: 80
	Filter Set 2
	    Excitation: 485,  Emission: 510
	    Optics: Bottom,  Gain: 60
	Light Source: Xenon Flash,  Lamp Energy: High
	Read Speed: Normal,  Delay: 100 msec,  Measurements/Data Point: 10
	Read Height: 7 mm
    Read	od600
	Absorbance Endpoint
	Full Plate
	Wavelengths:  600
	Read Speed: Normal,  Delay: 100 msec,  Measurements/Data Point: 8
End Kinetic	
Set Temperature	Incubator off

Layout
	1	2	3	4	5	6	7	8	9	10	11	12
A													Well ID
B	SPL1	SPL7	SPL13	SPL19	SPL25	SPL31	SPL37	SPL43	SPL49	SPL55	SPL61	SPL67	Well ID
C	SPL2	SPL8	SPL14	SPL20	SPL26	SPL32	SPL38	SPL44	SPL50	SPL56	SPL62	SPL68	Well ID
D	SPL3	SPL9	SPL15	SPL21	SPL27	SPL33	SPL39	SPL45	SPL51	SPL57	SPL63	SPL69	Well ID
E	SPL4	SPL10	SPL16	SPL22	SPL28	SPL34	SPL40	SPL46	SPL52	SPL58	SPL64	SPL70	Well ID
F	SPL5	SPL11	SPL17	SPL23	SPL29	SPL35	SPL41	SPL47	SPL53	SPL59	SPL65	SPL71	Well ID
G	SPL6	SPL12	SPL18	SPL24	SPL30	SPL36	SPL42	SPL48	SPL54	SPL60	SPL66	SPL72	Well ID
H											SPL73	SPL74	Well ID

mcherry:580,610

Time	T° mcherry:580,610	B1	B2	B3	B4	B5	B6	B7	B8	B9	B10	B11	B12	C1	C2	C3	C4	C5	C6	C7	C8	C9	C10	C11	C12	D1	D2	D3	D4	D5	D6	D7	D8	D9	D10	D11	D12	E1	E2	E3	E4	E5	E6	E7	E8	E9	E10	E11	E12	F1	F2	F3	F4	F5	F6	F7	F8	F9	F10	F11	F12	G1	G2	G3	G4	G5	G6	G7	G8	G9	G10	G11	G12	H11	H12
0:00:57	37.0	22	24	28	24	28	14	21	25	15	21	27	20	29	28	17	21	33	38	21	39	36	25	24	29	17	26	23	23	22	25	20	19	27	29	13	19	20	26	27	41	33	25	25	31	21	17	28	29	21	26	24	24	26	16	25	21	31	29	23	31	24	31	39	28	18	20	27	21	27	18	15	21	19	17
0:04:57	37.0	20	29	28	18	25	19	21	14	18	29	33	16	29	23	39	28	29	25	35	20	18	32	34	27	23	23	24	29	20	25	20	35	16	21	34	16	23	28	27	19	25	31	21	17	14	25	28	25	27	25	16	27	21	22	16	23	15	20	28	23	27	37	34	26	27	30	25	19	21	23	20	32	31	34
0:08:57	37.0	17	32	38	27	22	22	29	13	26	21	21	23	26	23	24	30	31	29	26	33	27	23	27	30	18	19	26	22	27	25	32	22	19	29	28	24	20	27	30	34	23	22	33	38	24	33	29	27	26	21	27	22	20	24	23	28	24	21	24	27	31	18	31	29	32	30	23	14	24	27	19	33	18	20
0:12:57	37.0	24	26	22	19	25	15	14	15	20	26	29	27	25	21	27	25	22	18	22	18	29	29	29	28	30	16	19	29	22	27	31	18	24	22	19	24	21	27	19	21	20	23	30	30	14	24	29	30	18	17	17	11	28	27	23	22	25	28	32	30	23	20	35	26	23	25	26	21	30	22	24	29	30	28
0:16:57	37.0	18	23	34	16	28	23	18	10	24	27	18	26	24	28	18	25	28	20	32	26	28	28	30	25	18	23	28	28	23	21	26	20	28	23	28	19	26	24	20	27	19	30	37	22	18	27	24	34	29	21	16	32	25	16	21	22	15	28	17	28	17	30	20	20	22	22	17	21	32	27	28	26	21	20
0:20:57	37.0	18	17	22	25	20	27	20	26	16	14	28	24	27	23	25	19	34	27	27	28	25	26	20	27	27	27	23	13	19	21	23	18	27	24	28	22	30	25	23	31	34	26	18	28	31	27	29	31	22	16	23	25	19	19	16	16	26	25	25	24	32	26	35	26	23	22	27	19	26	26	31	26	27	24
0:24:57	37.0	19	28	17	25	18	21	25	32	30	36	36	21	23	21	21	28	37	14	22	22	28	34	38	32	20	24	20	17	22	21	34	25	12	23	27	26	21	21	31	19	22	20	23	34	25	30	27	31	24	24	25	14	25	28	18	21	22	24	24	23	23	35	40	24	18	20	18	24	17	25	21	25	29	32
0:28:57	37.0	27	25	27	22	21	22	37	28	18	29	21	21	22	31	24	22	30	17	25	25	25	38	24	29	23	25	24	21	22	14	35	26	20	24	20	30	23	24	19	24	28	18	21	22	21	26	29	30	21	20	25	20	20	14	23	20	25	31	27	22	23	17	17	27	20	26	25	32	28	33	31	35	20	19
0:32:57	37.0	19	24	29	21	30	28	25	23	30	24	29	22	28	27	23	30	25	25	23	23	28	31	26	31	23	26	26	25	28	21	22	20	20	13	17	24	21	27	13	23	26	16	21	30	24	27	32	32	24	23	20	26	21	18	18	9	19	28	22	18	21	29	34	25	24	34	22	22	31	18	33	25	19	18
0:36:57	37.0	16	31	30	22	27	26	19	26	24	31	21	21	19	29	19	28	31	26	28	24	23	31	28	23	24	23	34	19	29	12	27	19	21	20	20	21	27	34	34	23	34	31	31	25	29	23	28	28	14	13	26	16	16	25	22	16	20	22	17	20	17	31	35	32	19	36	27	28	27	23	27	33	21	25
0:40:57	37.0	28	29	25	28	33	20	22	22	20	19	37	27	39	20	27	31	27	26	27	35	24	25	21	29	27	23	20	21	14	19	29	32	26	26	17	21	29	28	29	31	33	33	22	23	34	17	27	31	28	24	22	22	21	20	30	22	18	23	23	26	23	23	32	27	17	28	25	35	31	28	23	28	14	25
0:44:57	37.0	28	26	27	31	26	26	24	30	14	33	27	25	27	32	23	26	32	29	25	27	33	26	35	37	15	20	16	25	17	23	19	16	28	21	16	31	26	29	27	25	26	28	29	33	22	24	28	26	34	26	26	15	19	20	25	25	20	29	22	27	28	19	38	19	23	20	16	43	30	32	30	37	18	32
0:48:57	37.0	23	24	26	26	26	28	34	19	22	16	24	13	27	28	30	21	43	37	35	28	26	24	20	32	24	27	24	24	15	16	25	20	22	19	30	33	39	37	26	33	34	37	31	30	24	29	32	39	33	29	19	19	25	21	17	30	17	34	22	22	27	35	27	28	40	30	19	32	29	39	24	30	17	28
0:52:57	37.0	27	21	16	26	24	17	22	24	9	17	27	14	22	25	29	32	33	25	17	15	22	31	30	19	29	18	28	32	20	20	21	22	30	35	22	23	24	28	29	22	26	25	31	44	27	27	27	36	29	21	27	28	28	21	28	29	26	14	15	32	11	21	34	23	28	25	21	32	34	35	32	38	23	22
0:56:57	37.0	31	26	17	28	35	34	26	19	23	29	22	23	42	16	27	30	19	36	27	28	41	38	27	31	29	25	33	27	30	21	24	18	21	20	25	27	26	22	24	26	28	30	34	41	30	34	33	26	27	32	27	20	19	27	32	26	22	27	28	18	13	32	35	17	26	23	19	26	33	30	35	35	22	23
1:00:57	37.0	41	20	27	21	23	25	24	25	23	29	30	27	25	18	24	27	32	41	10	9	24	32	33	16	21	25	26	26	23	25	18	31	26	30	21	19	26	25	29	28	33	35	19	29	30	28	31	28	20	23	29	29	18	24	25	22	28	27	25	24	20	29	44	19	29	28	25	41	34	39	36	26	22	23
1:04:57	37.0	20	22	30	22	24	21	25	27	16	22	28	24	22	29	22	26	23	22	27	31	35	28	22	29	28	26	28	31	24	25	33	28	17	29	38	25	23	24	26	26	33	37	29	35	27	25	29	34	29	34	25	25	18	23	28	29	29	25	21	23	23	22	37	30	30	21	25	34	25	25	34	27	17	9
1:08:57	37.0	32	26	18	30	26	27	20	35	28	31	29	18	27	31	35	22	26	31	16	26	27	31	23	32	27	20	28	23	21	32	26	40	26	36	29	35	36	35	24	28	30	26	32	30	31	23	25	31	34	23	31	15	26	21	39	23	32	25	26	20	30	30	24	29	24	21	35	19	30	31	27	23	18	27
1:12:57	37.0	29	22	32	23	27	27	26	20	28	29	27	29	27	24	24	24	33	30	33	26	33	26	30	29	28	26	21	17	20	13	20	29	32	22	20	17	31	31	28	23	25	27	40	34	22	31	27	40	32	29	26	28	28	24	28	19	22	16	26	28	24	26	46	36	25	23	22	27	31	27	31	31	19	20
1:16:57	37.0	36	23	26	22	34	28	21	33	25	29	18	23	23	30	25	21	31	23	31	25	33	28	31	30	27	25	24	24	26	23	27	17	13	27	15	24	23	33	21	27	24	31	46	32	37	41	28	37	29	25	33	28	30	25	29	28	32	27	29	19	29	26	40	30	34	25	20	33	31	27	31	25	17	28
1:20:57	37.0	20	31	30	22	26	29	24	26	20	22	20	25	20	23	28	32	22	36	26	28	28	28	27	41	20	21	25	26	19	25	28	20	20	26	24	34	30	25	24	31	30	22	23	18	26	31	23	34	24	27	43	32	22	28	20	27	19	17	26	26	35	23	30	31	29	27	27	29	28	32	21	27	22	29
1:24:57	37.0	41	25	34	25	36	25	20	38	28	28	21	32	21	28	28	36	19	25	24	35	27	31	19	27	25	16	24	24	25	22	27	27	26	13	14	20	30	32	27	37	24	16	32	26	28	37	21	31	26	26	35	34	27	35	25	26	30	20	29	24	34	25	41	24	26	26	30	22	31	28	23	30	35	26
1:28:57	37.0	42	26	22	29	18	20	17	30	32	22	24	33	31	32	22	32	25	31	30	21	30	18	28	32	32	24	13	39	25	22	20	28	17	14	30	27	29	35	19	26	36	27	29	25	20	28	31	30	32	17	26	27	28	34	31	23	25	29	28	26	26	21	32	30	17	32	29	27	35	24	26	32	21	25
1:32:57	37.0	37	24	25	24	21	26	17	23	23	20	19	21	39	27	24	27	30	31	33	28	25	28	28	38	27	24	26	23	26	22	23	24	23	26	19	27	35	32	30	22	22	35	33	24	39	33	23	32	36	29	30	37	25	33	33	30	23	31	22	25	28	20	29	28	23	25	36	20	30	27	32	29	23	22
1:36:57	37.0	25	17	27	20	31	16	29	14	21	23	20	27	28	25	26	28	32	14	28	40	25	32	27	28	33	25	15	35	24	21	21	26	27	35	27	28	20	28	39	32	26	27	30	32	26	37	34	32	31	32	32	23	31	26	21	29	30	25	25	26	26	33	35	25	33	23	33	25	39	35	30	31	22	29
1:40:57	37.0	33	33	27	27	28	27	16	22	26	23	16	25	32	30	29	26	35	35	28	20	28	29	29	35	28	23	23	19	20	25	22	24	24	14	21	28	27	29	27	26	23	26	29	25	32	30	26	31	33	24	32	41	25	25	34	19	19	25	25	22	27	32	31	36	29	18	33	26	36	21	27	27	34	39
1:44:57	37.0	31	25	13	25	26	22	24	24	27	23	31	25	27	24	24	32	31	36	30	27	29	29	27	34	29	19	25	24	25	21	21	27	31	20	28	24	27	30	21	19	32	17	26	28	23	30	32	29	30	35	34	37	38	22	33	29	37	34	35	27	25	25	38	32	25	22	22	26	28	26	30	20	28	17
1:48:57	37.0	40	26	33	36	26	24	30	25	26	34	31	30	19	33	20	23	14	28	34	26	31	34	20	38	29	22	33	16	33	27	20	33	20	27	32	28	25	25	30	23	30	21	29	24	28	21	28	32	33	31	29	31	26	22	23	31	24	30	33	27	24	26	33	25	29	29	31	19	32	33	31	29	24	26
1:52:57	37.0	27	23	26	34	21	26	21	28	23	20	33	21	21	23	27	30	30	19	29	25	34	21	27	37	31	27	13	30	20	23	27	27	32	24	31	27	31	20	23	31	34	27	32	24	21	27	31	28	33	27	24	40	43	28	22	27	24	25	28	21	27	21	34	26	25	26	27	27	30	24	21	26	17	22
1:56:57	37.0	33	28	27	23	19	25	17	22	25	24	30	14	27	26	22	21	29	32	29	27	24	23	26	25	24	24	21	21	23	21	21	20	13	14	25	26	32	29	26	17	27	25	32	25	23	27	25	26	27	29	29	30	34	27	28	34	35	24	22	23	27	26	40	27	39	26	28	34	27	15	25	31	17	23
2:00:57	37.0	40	29	32	27	20	26	30	24	21	26	22	19	27	29	23	28	32	33	33	18	28	24	24	27	26	22	32	16	22	25	20	28	26	17	30	20	25	30	19	23	21	27	22	22	28	23	29	24	32	33	32	30	33	30	31	28	30	26	24	19	29	26	29	23	31	31	25	21	17	26	22	26	21	23
2:04:57	37.0	43	28	26	21	13	24	24	18	27	14	27	22	26	29	30	26	35	32	26	32	31	22	29	23	25	25	17	21	18	24	19	17	20	20	21	22	30	26	29	28	23	27	25	17	25	25	22	31	32	34	29	23	20	28	27	30	27	27	36	9	21	20	37	16	19	26	25	23	25	19	28	22	23	24
2:08:57	37.0	19	31	26	29	21	24	24	21	30	18	21	18	21	30	22	29	24	24	21	23	27	23	38	23	26	26	25	23	27	14	24	26	21	15	33	20	21	24	19	17	23	26	29	27	34	16	24	33	37	31	33	29	34	33	25	26	32	28	25	22	22	24	34	24	31	22	23	19	19	29	30	24	21	18
2:12:57	37.0	43	39	28	26	23	25	21	22	21	26	27	22	25	28	31	28	29	27	26	37	25	25	30	29	23	25	26	20	23	26	13	17	22	18	11	25	34	28	28	31	28	24	28	14	19	32	23	32	36	31	36	30	24	27	31	29	26	27	20	22	19	20	29	15	30	28	22	29	29	27	26	28	25	24
2:16:57	37.0	28	37	28	18	22	29	21	19	23	21	34	28	24	29	22	23	35	27	27	18	32	21	29	28	28	23	16	22	14	24	25	16	16	26	16	26	18	22	28	19	25	31	20	24	17	16	23	23	33	32	34	27	33	22	24	26	29	32	23	15	19	18	28	25	23	25	34	27	33	25	29	26	16	18
2:20:57	37.0	39	29	25	35	25	20	22	29	28	22	23	20	28	32	26	26	34	26	13	26	30	33	23	33	33	29	21	27	25	21	20	21	28	12	19	14	21	19	27	19	26	26	26	23	23	27	24	28	35	36	35	36	31	30	25	34	31	35	22	28	25	17	29	26	16	23	21	33	28	23	26	28	21	19
2:24:57	37.0	36	43	25	28	27	10	25	24	21	28	24	24	24	24	24	30	21	25	31	19	34	19	21	25	30	21	21	20	18	22	12	32	33	23	16	22	24	20	22	21	26	22	22	25	22	16	20	29	38	36	37	32	34	28	27	35	38	24	28	15	24	23	35	28	23	19	19	23	23	28	16	28	21	20
2:28:57	37.0	37	35	27	35	28	24	20	29	29	27	19	19	39	29	28	17	22	24	22	30	23	21	22	28	32	23	20	17	22	19	24	30	19	26	23	15	37	26	30	22	29	24	22	32	27	30	22	23	36	26	38	31	37	38	36	39	30	30	27	19	21	17	33	21	27	22	17	23	26	19	22	26	20	16
2:32:57	37.0	38	39	29	27	24	15	22	30	22	29	18	27	37	29	17	25	23	26	23	30	32	28	20	24	25	25	26	25	23	21	25	26	25	25	25	28	31	27	26	29	23	27	26	18	23	25	33	29	35	33	37	35	27	31	34	23	28	37	30	23	21	20	28	20	18	26	18	16	23	24	26	29	20	26
2:36:57	37.0	20	25	29	27	25	25	21	19	27	24	23	17	17	22	29	29	25	27	26	25	21	19	17	27	23	23	27	27	21	22	18	26	25	21	26	23	26	23	19	24	28	29	24	31	21	28	24	25	43	35	34	29	36	32	34	30	31	23	26	19	27	13	31	25	16	27	26	26	34	22	28	26	19	22
2:40:57	37.0	28	22	33	33	21	18	18	31	31	26	21	25	27	28	24	27	26	23	28	22	26	27	30	32	29	22	27	23	20	18	13	20	14	13	18	27	29	28	20	29	32	28	24	34	29	22	25	30	35	37	28	37	28	35	30	27	23	28	26	26	23	17	24	24	19	28	29	25	25	24	25	20	20	21
2:44:57	37.0	30	27	34	25	21	26	27	21	34	20	17	17	29	29	19	28	31	22	17	27	27	31	31	33	40	22	19	13	28	15	21	18	18	26	21	20	33	32	27	20	27	25	25	16	20	27	22	23	28	39	33	37	30	30	26	36	32	28	22	14	17	25	34	21	16	21	22	22	25	17	28	24	21	18
2:48:57	37.0	26	28	36	31	22	23	24	26	19	24	24	23	38	24	25	24	28	19	23	21	35	28	22	18	19	23	17	20	23	20	13	27	25	26	14	23	26	28	27	29	29	20	26	27	26	24	24	27	44	35	37	36	37	31	35	33	31	31	21	23	18	26	31	28	23	23	25	25	23	25	28	28	17	16
2:52:57	37.0	41	30	30	29	29	25	14	27	23	22	23	18	31	28	35	33	35	24	26	23	31	18	27	30	33	26	25	26	20	29	29	17	26	13	26	28	31	28	29	18	29	38	22	20	18	23	27	33	30	37	21	23	36	36	24	40	31	24	34	27	13	20	34	23	24	21	22	22	27	21	22	29	19	25
2:56:57	37.0	26	22	33	31	27	26	17	31	31	25	18	27	27	28	24	30	26	30	24	18	30	30	24	28	30	23	27	19	27	20	16	18	13	16	15	21	25	30	27	33	16	29	28	28	10	29	20	28	40	41	33	33	46	43	30	30	34	40	28	21	34	25	30	23	23	28	23	15	31	29	28	21	10	24
3:00:57	37.0	32	27	24	32	26	26	18	16	27	20	22	22	30	33	30	29	26	12	31	22	28	21	30	25	32	21	23	28	25	22	19	19	25	24	21	19	33	23	29	27	26	26	30	15	27	26	26	30	38	44	41	36	32	40	33	31	37	35	19	20	33	26	33	18	24	25	26	28	26	15	22	23	15	22
3:04:57	37.0	28	29	33	30	31	20	18	17	24	21	13	22	27	29	31	27	29	25	32	30	25	29	22	26	30	29	29	29	25	22	26	14	30	19	23	23	32	32	32	34	26	26	25	21	28	33	29	29	40	38	35	34	41	34	29	40	36	35	30	25	16	19	31	24	16	22	25	20	35	22	34	29	16	23
3:08:57	37.0	29	35	33	31	29	25	32	21	22	27	17	19	31	30	29	27	25	35	30	25	23	30	28	29	34	29	24	26	25	22	12	23	19	20	26	23	28	36	27	16	24	25	25	25	29	28	16	32	40	44	35	44	41	39	28	35	35	35	29	15	22	24	35	21	26	17	17	19	24	23	22	18	12	20
3:12:57	37.0	27	29	33	30	29	25	18	26	24	17	17	13	35	36	30	26	26	25	25	28	20	29	28	38	29	24	27	22	26	16	20	20	16	20	21	12	35	35	28	31	27	28	21	29	19	26	26	22	38	44	43	35	36	43	30	41	33	32	26	14	16	25	27	30	34	23	16	15	27	19	23	21	14	23
3:16:57	37.0	31	32	42	31	21	27	27	17	20	23	21	25	35	36	25	37	22	28	28	20	27	32	25	35	30	25	28	22	23	26	17	22	27	17	17	20	36	28	32	31	30	33	32	27	13	27	26	27	48	50	43	43	33	40	35	42	42	24	34	19	28	20	32	19	21	19	21	17	27	25	24	24	19	25
3:20:57	37.0	24	35	36	27	29	24	34	25	24	24	16	15	31	36	46	42	26	33	31	30	30	30	31	27	28	34	26	18	24	25	21	26	17	30	21	23	30	33	38	41	32	33	26	21	17	27	36	23	37	39	51	36	35	42	45	38	40	38	36	22	20	18	33	23	24	8	22	19	26	29	29	31	16	23
3:24:57	37.0	39	33	36	26	22	24	23	31	20	23	26	23	29	39	37	38	35	32	23	35	31	23	30	27	35	33	26	29	31	23	14	28	17	20	24	15	34	37	37	30	33	31	23	21	26	23	26	29	39	49	44	42	41	34	40	43	37	37	26	26	24	17	31	25	15	24	20	10	19	29	25	30	20	18
3:28:57	37.0	36	37	38	37	27	25	23	15	25	32	24	24	31	39	34	36	36	30	26	32	22	21	28	29	37	29	30	21	26	30	20	23	18	21	20	19	51	44	33	37	29	27	33	24	28	26	28	33	50	50	46	48	45	41	37	42	38	38	24	20	22	24	26	24	25	24	20	19	25	22	27	30	12	18
3:32:57	37.0	36	40	32	32	24	31	22	16	29	24	17	23	37	37	31	29	35	35	29	32	31	21	27	24	35	36	31	21	31	27	26	25	26	19	18	24	42	38	32	36	36	31	26	21	21	33	27	27	51	58	48	45	47	54	35	45	45	31	32	19	20	18	25	23	20	18	19	23	30	33	22	24	20	18
3:36:57	37.0	34	45	42	30	24	36	30	22	18	17	20	22	27	26	25	34	38	36	33	27	22	30	25	26	35	34	31	25	26	31	22	32	25	24	24	10	34	38	47	33	36	29	33	26	23	29	24	29	52	48	48	48	36	52	36	34	41	40	27	18	21	25	26	29	15	14	28	23	24	21	24	24	19	17
3:40:57	37.0	39	36	41	35	32	35	27	24	31	32	21	23	29	32	34	40	33	32	19	27	25	24	30	32	38	31	24	23	29	23	25	24	25	22	28	24	40	34	47	30	40	30	43	40	27	22	32	28	49	63	47	39	47	42	41	45	45	37	33	11	19	18	21	22	18	23	18	15	29	24	27	27	18	19
3:44:57	37.0	49	35	44	34	30	35	23	30	24	26	18	24	46	45	35	33	40	31	25	30	33	25	30	25	29	32	32	31	31	24	23	22	25	15	19	30	47	38	40	40	43	30	35	27	28	24	24	31	50	53	46	49	47	52	43	44	43	36	28	19	20	23	29	27	23	32	23	18	22	27	23	30	23	14
3:48:57	37.0	34	31	51	35	28	29	28	26	21	27	27	18	48	45	34	54	32	41	22	25	36	27	29	27	38	36	32	40	37	27	24	25	23	18	11	21	42	44	41	49	45	37	36	24	25	23	31	27	49	56	49	53	48	52	52	54	51	43	33	18	17	15	36	27	26	28	35	18	29	22	23	21	19	13
3:52:57	37.0	45	48	52	46	36	33	34	25	22	21	20	26	32	43	37	34	40	33	38	37	26	29	39	25	38	37	29	39	31	23	15	18	27	17	14	31	46	49	40	37	43	47	31	34	21	28	31	27	50	57	53	51	47	43	47	42	39	49	36	25	20	27	29	23	25	27	18	21	26	18	26	24	16	17
3:56:57	37.0	47	47	52	29	33	40	24	33	23	26	28	24	41	41	36	43	40	48	25	30	30	34	31	34	37	51	39	30	26	30	21	22	24	20	18	20	38	51	38	56	35	42	32	29	28	29	24	29	55	60	52	53	35	50	48	49	44	41	37	28	26	24	31	21	27	20	18	19	28	23	28	29	14	25
4:00:57	37.0	36	53	53	38	36	44	32	22	26	27	21	25	55	41	40	47	40	40	30	21	31	36	28	25	40	43	34	23	38	28	26	27	26	21	25	24	48	50	40	47	46	37	26	31	35	24	25	30	59	61	50	53	55	48	53	52	49	36	39	24	15	22	23	22	25	20	22	26	27	26	26	27	15	21
4:04:57	37.0	40	40	63	35	26	37	35	26	26	26	23	28	38	38	49	34	41	38	34	39	31	26	29	28	45	50	37	37	38	24	22	17	13	20	16	28	51	48	47	51	45	35	34	35	20	31	24	22	59	67	58	47	53	56	50	52	61	45	32	23	28	15	23	25	23	28	16	26	34	24	27	30	0	18
4:08:57	37.0	54	45	69	45	38	34	30	29	26	29	28	20	37	49	47	52	42	36	24	34	26	32	27	31	39	44	40	36	38	30	19	20	18	19	27	24	36	54	44	44	41	38	33	21	28	24	23	35	64	63	62	58	57	46	42	54	48	42	43	13	27	23	25	28	24	22	18	29	35	27	31	31	11	15
4:12:57	37.0	49	49	61	39	45	33	24	23	29	23	26	22	42	48	45	49	44	34	39	34	34	28	29	30	40	53	45	28	37	25	26	26	27	19	32	29	47	52	48	53	51	40	32	37	25	30	27	23	64	78	62	57	65	48	56	52	53	49	34	21	21	24	37	16	14	26	20	25	24	24	30	17	8	21
4:16:57	37.0	39	41	67	43	35	39	27	25	25	16	28	27	40	56	48	60	46	40	37	28	33	30	26	32	47	55	37	34	30	22	32	25	29	18	30	15	55	51	49	41	59	39	36	32	32	25	26	26	64	72	63	56	47	50	51	58	54	48	40	23	18	23	31	26	26	23	22	23	26	24	34	29	10	22
4:20:57	37.0	41	43	80	53	50	41	40	25	22	21	32	22	47	56	51	53	51	35	32	28	44	43	30	31	48	47	37	41	31	35	24	26	15	27	21	21	56	44	49	61	48	50	41	30	28	37	31	27	65	76	60	61	57	58	55	59	51	52	44	27	19	27	32	25	15	24	26	20	23	23	24	27	21	19
4:24:57	37.1	38	48	76	51	44	38	30	37	34	26	23	21	53	58	53	57	45	44	31	30	43	31	35	31	42	61	25	35	24	24	22	23	31	23	33	29	50	52	58	52	54	38	40	30	24	32	28	37	71	85	72	61	59	55	60	66	57	50	47	15	26	25	33	21	28	27	25	26	31	28	25	27	20	20
4:28:57	37.1	52	53	90	56	46	38	33	33	34	23	27	21	50	69	60	57	56	43	31	25	38	33	38	25	48	71	44	38	32	35	24	31	26	20	29	25	56	53	63	64	54	53	44	29	35	32	26	25	66	82	65	57	54	59	63	68	59	50	43	32	16	23	25	17	27	24	29	33	31	22	30	21	13	18
4:32:57	37.0	51	51	92	56	52	47	39	29	29	20	32	20	50	64	57	50	47	46	37	37	37	26	29	37	52	68	47	35	30	26	29	21	30	22	23	24	52	53	62	56	58	47	44	35	24	32	29	25	68	82	61	62	55	61	63	66	58	52	46	19	24	21	33	25	18	22	22	22	35	24	29	28	20	15
4:36:57	37.0	56	54	93	60	60	36	47	27	26	30	28	31	63	69	61	54	48	35	44	33	38	31	38	28	50	71	48	44	39	32	27	29	30	25	21	22	57	59	67	65	54	53	39	40	37	38	28	30	71	93	75	67	72	65	52	71	61	61	54	15	22	28	34	19	29	25	27	27	35	25	31	29	20	18
4:40:57	37.0	61	53	98	57	59	45	40	42	32	22	30	22	55	79	59	60	49	42	36	34	39	35	32	26	50	75	44	53	43	38	22	30	30	27	26	28	56	68	72	69	62	56	44	40	35	37	27	28	72	94	69	69	70	73	66	70	60	56	54	15	26	16	37	23	18	17	22	21	32	21	24	34	6	16
4:44:57	37.0	65	69	96	60	47	42	33	30	24	31	31	24	59	69	65	70	56	45	35	37	43	40	32	35	57	75	50	41	32	42	31	25	23	20	26	18	59	66	70	69	59	50	47	46	36	28	28	37	69	99	71	67	66	61	71	80	61	57	54	22	22	27	31	26	30	24	14	30	28	27	30	27	21	20
4:48:57	37.0	69	71	105	64	58	42	34	27	28	26	33	34	57	75	67	72	56	40	32	40	43	38	32	38	56	89	60	50	40	31	26	27	25	24	22	20	59	63	79	69	75	61	47	45	38	25	26	23	75	101	75	66	64	66	71	69	62	59	48	24	24	13	32	22	24	27	22	30	29	17	21	28	15	22
4:52:57	37.0	55	66	114	60	54	50	39	32	28	27	34	33	75	81	76	70	58	51	45	41	40	35	36	36	58	89	57	47	34	28	26	36	26	23	24	25	64	66	75	74	73	54	39	45	34	37	31	28	81	102	72	81	78	69	66	77	71	70	54	27	16	22	27	29	20	18	25	23	37	33	32	33	17	15
4:56:57	37.0	57	75	123	65	61	54	48	30	26	28	30	30	66	73	85	65	58	53	39	33	50	41	32	38	56	98	60	44	37	35	26	23	21	25	24	25	55	67	78	82	78	56	46	38	34	28	34	27	78	102	69	71	76	70	68	83	67	66	54	16	23	24	37	25	21	32	27	42	40	21	28	31	15	20
5:00:57	37.0	59	65	119	78	52	61	44	33	31	23	32	31	64	89	79	77	62	56	52	36	49	36	36	35	59	99	56	53	41	37	37	29	18	23	25	23	65	73	88	87	72	60	45	42	34	32	32	38	84	113	77	77	82	74	72	86	74	63	62	21	30	23	35	22	22	20	21	19	32	28	37	33	14	19
5:04:57	37.0	66	70	133	64	60	54	52	29	28	19	38	32	71	85	82	76	66	43	39	42	39	34	34	33	65	122	68	52	43	36	23	25	30	23	36	23	72	69	84	78	75	59	47	45	39	32	32	32	80	114	86	78	80	75	74	81	71	70	61	17	25	19	26	26	26	24	15	27	29	34	30	27	16	18
5:08:57	37.0	67	74	138	77	70	55	40	37	37	30	31	31	75	95	79	80	64	46	43	35	57	31	37	28	67	112	60	61	46	37	30	19	27	23	32	22	73	75	99	91	77	59	44	41	30	31	31	34	76	118	82	84	81	70	72	86	70	67	64	25	26	29	33	23	20	31	25	31	26	35	31	30	22	14
5:12:57	37.0	66	79	145	74	72	44	44	41	37	29	29	34	72	90	93	86	62	52	39	39	54	35	30	39	65	128	69	64	35	37	29	29	26	23	39	28	74	84	96	95	83	60	49	48	38	36	37	37	87	124	84	79	79	78	82	89	82	71	59	31	23	21	34	17	20	27	20	36	39	31	35	37	14	20
5:16:57	37.0	79	71	151	81	58	63	42	32	31	37	27	31	79	93	88	86	65	58	49	33	49	37	45	40	78	135	67	62	46	41	28	28	36	25	35	25	83	89	101	100	87	68	60	47	34	37	36	38	83	122	79	86	79	82	83	95	79	79	67	19	20	20	30	22	24	24	24	30	31	24	26	31	14	21
5:20:57	37.0	63	90	153	86	67	59	44	34	36	24	30	26	76	97	88	92	70	53	44	43	44	42	32	38	88	144	76	61	58	32	33	24	38	29	30	23	80	86	109	102	87	66	64	38	46	40	31	37	82	119	77	86	79	84	90	91	80	76	62	18	23	27	31	26	16	28	20	30	42	28	35	25	9	11
5:24:57	37.0	67	93	155	83	67	60	48	34	37	30	39	29	81	102	102	89	71	60	49	27	52	43	36	30	89	156	73	58	58	47	33	31	24	30	30	21	82	90	106	100	73	67	57	49	44	34	32	33	97	125	81	88	80	77	86	97	91	86	67	25	17	29	29	25	25	29	25	31	32	19	42	32	13	18
5:28:57	37.0	74	89	174	85	81	64	50	34	31	26	38	31	90	105	92	91	69	55	39	42	59	44	39	38	73	152	80	66	54	39	34	27	27	35	40	24	71	100	106	108	101	72	60	45	38	36	39	30	87	130	93	94	85	94	85	95	82	83	61	25	23	24	31	29	23	21	27	24	37	26	33	33	11	13
5:32:57	37.0	73	93	168	78	74	68	53	40	39	26	36	29	87	120	94	84	78	65	49	56	52	37	32	36	91	158	76	73	51	48	36	32	25	27	31	19	82	108	122	108	90	78	58	42	47	38	34	35	89	143	95	92	88	81	84	107	86	83	72	18	20	20	31	20	29	27	29	31	31	28	38	38	11	11
5:36:57	37.0	79	89	191	97	81	70	48	36	34	31	32	30	91	121	110	98	72	67	43	39	50	38	37	32	92	167	80	74	50	38	33	26	27	35	39	26	100	111	119	114	91	72	62	51	40	42	32	28	90	141	87	85	97	92	85	101	83	79	77	20	27	23	35	26	24	27	28	28	26	29	37	37	25	10
5:40:57	37.0	77	100	192	107	93	66	48	30	32	27	39	27	100	121	96	96	78	62	59	30	56	37	40	42	103	178	85	73	55	43	39	35	32	31	34	31	98	110	118	120	94	76	61	50	41	37	35	32	91	145	92	100	94	93	95	105	99	91	80	24	29	19	39	28	26	26	17	34	32	35	38	41	9	15
5:44:57	37.0	79	117	193	97	78	72	56	47	31	30	40	26	97	117	105	103	74	63	54	37	51	44	40	44	98	182	89	72	49	55	44	35	32	31	35	23	97	113	142	126	103	83	72	53	45	39	37	28	100	145	92	97	91	95	94	105	91	85	82	25	30	25	27	26	26	27	29	31	34	27	38	25	10	13
5:48:57	37.0	97	108	208	97	86	69	58	46	33	27	46	29	98	120	114	99	85	63	49	51	56	47	44	38	107	182	77	81	65	48	38	38	28	27	48	17	105	110	125	124	107	84	61	55	46	34	39	37	99	159	103	94	105	96	93	119	95	88	83	23	25	28	36	21	21	33	21	38	28	30	39	37	6	12
5:52:57	37.0	87	110	209	94	94	72	55	35	30	28	47	27	101	122	104	106	95	73	48	36	56	39	46	42	105	205	98	82	56	42	37	37	24	27	40	27	106	114	137	128	106	97	73	55	46	39	38	37	99	163	108	110	101	100	93	118	99	97	76	33	28	33	36	26	23	28	19	33	38	34	45	28	14	14
5:56:57	37.0	96	125	220	106	94	73	46	41	30	30	51	30	94	125	107	99	87	64	50	56	72	41	39	41	115	211	94	81	71	47	44	24	36	29	36	29	104	124	136	135	111	92	64	46	49	39	45	32	107	158	101	107	111	95	98	129	95	95	85	21	25	20	30	26	26	22	22	42	34	31	40	36	17	12
6:00:57	37.0	94	118	214	108	101	65	60	47	44	35	42	33	110	134	123	114	88	79	53	40	60	46	42	44	114	215	101	77	70	49	38	30	34	28	35	29	107	135	143	140	114	93	77	55	58	36	40	25	106	161	103	112	96	99	101	110	100	93	84	23	30	22	37	36	20	28	20	32	37	25	50	35	15	23
6:04:57	37.0	90	126	230	109	93	69	54	34	38	39	49	27	108	134	116	121	87	72	50	40	56	38	45	39	114	217	115	88	65	53	27	27	31	34	41	32	112	143	152	138	120	92	68	56	51	44	41	40	107	168	110	108	110	97	94	125	115	103	89	31	30	30	33	33	22	32	25	37	36	30	43	32	13	10
6:08:57	37.0	102	118	250	114	88	85	60	49	37	34	43	28	115	138	116	116	96	69	58	42	64	41	48	41	115	228	104	92	70	48	46	38	32	28	41	28	108	153	142	148	131	97	69	53	51	49	48	43	103	169	106	109	101	107	106	123	104	100	91	23	18	33	24	26	20	34	26	19	30	30	45	35	10	13
6:12:57	37.0	88	127	240	126	104	92	64	50	34	28	47	26	113	140	136	122	81	76	60	48	62	46	46	43	124	239	111	100	66	47	30	37	29	32	38	28	124	148	154	144	120	94	69	62	45	40	44	31	117	181	111	108	99	99	106	131	116	105	85	35	28	24	34	25	33	38	22	35	36	30	42	34	8	18
6:16:57	37.0	99	121	261	119	108	83	65	35	33	32	48	31	120	153	133	115	97	74	57	39	67	32	54	43	136	241	114	90	77	54	38	37	36	28	45	24	108	152	164	153	136	108	75	48	52	43	45	38	113	179	112	117	115	110	121	139	107	113	81	28	26	18	36	27	27	39	27	34	37	30	40	40	22	22
6:20:57	37.0	101	135	265	124	115	92	68	48	40	33	38	35	114	147	142	126	99	90	61	45	59	41	41	44	140	255	120	94	72	57	39	35	32	32	40	26	121	158	166	156	136	97	76	52	48	47	44	38	113	181	120	116	113	108	112	135	114	116	87	26	25	26	26	29	25	34	30	36	41	30	47	36	11	15
6:24:57	37.0	118	139	267	129	104	89	75	44	43	45	54	35	134	151	146	125	103	85	64	49	71	50	40	39	138	257	124	107	80	53	42	36	37	35	44	33	125	162	169	169	130	113	74	59	51	47	41	34	111	184	114	123	110	103	123	139	108	116	104	30	23	24	31	25	23	32	23	25	45	34	53	39	15	17
6:28:57	37.0	110	140	272	135	112	97	66	47	45	33	54	33	118	147	143	135	111	80	54	46	72	46	47	43	140	277	117	102	83	63	42	36	38	28	49	29	116	173	177	171	142	118	87	60	49	43	40	39	128	195	115	118	119	110	125	139	122	118	95	24	23	32	35	25	31	37	24	38	38	30	40	28	15	15
6:32:57	37.0	121	144	290	130	121	86	72	40	38	37	65	31	123	145	137	126	104	85	54	52	78	54	51	48	145	276	127	115	80	52	44	38	34	32	41	29	124	175	166	172	142	116	79	72	54	52	42	33	124	194	111	114	115	112	120	157	120	116	98	25	21	27	30	28	27	32	24	37	38	31	47	39	17	9
6:36:57	37.0	118	163	305	143	109	91	74	58	49	32	53	32	133	161	148	130	96	81	58	46	72	57	50	44	154	293	134	115	74	51	48	40	32	33	46	34	137	173	186	182	138	112	71	60	58	50	37	43	122	190	121	114	123	128	122	153	126	118	94	24	23	27	32	28	28	28	23	33	46	28	49	33	12	17
6:40:57	37.0	116	163	304	154	115	103	69	45	44	38	47	32	132	158	151	134	112	87	56	50	72	50	46	46	153	299	129	107	86	64	41	48	31	28	46	31	132	173	177	173	156	122	79	63	57	44	49	29	123	192	115	119	113	122	121	149	133	123	106	27	26	32	33	28	25	40	16	43	47	38	51	32	11	13
6:44:57	37.0	130	162	312	154	131	100	79	54	50	41	56	36	135	181	156	124	107	84	67	50	81	47	45	48	158	308	141	111	86	57	44	45	40	31	45	33	140	190	196	187	151	109	83	63	54	48	48	41	121	205	121	134	125	122	127	149	130	132	103	36	27	23	36	24	30	34	24	37	41	28	47	39	12	12
6:48:57	37.0	129	168	327	150	129	105	72	52	49	37	50	37	132	179	167	154	118	75	66	44	77	54	55	40	168	314	134	107	82	65	44	33	32	37	48	31	148	202	187	186	164	119	84	56	47	50	46	42	132	218	123	120	121	115	130	160	131	138	111	26	24	32	41	25	28	34	29	44	44	34	46	36	12	15
6:52:57	37.0	141	167	330	149	129	99	71	51	49	44	56	35	137	181	150	147	112	99	69	58	75	45	50	43	166	332	142	110	88	60	42	38	34	38	44	40	150	197	199	188	151	117	79	69	48	50	45	47	126	221	131	121	131	123	137	153	141	132	102	30	26	24	39	17	25	35	28	41	37	29	50	39	16	17
6:56:57	37.0	142	171	334	161	129	113	77	53	47	34	52	34	139	175	155	136	119	87	65	41	78	42	55	45	178	340	147	115	81	67	48	38	45	34	49	32	158	201	207	195	164	123	81	75	63	52	48	43	127	215	127	136	127	123	137	162	141	138	113	31	25	26	38	33	34	29	32	43	41	30	45	46	15	14
7:00:57	37.0	143	185	344	155	132	112	80	60	53	40	57	45	142	191	150	145	133	97	68	45	78	52	60	52	185	348	150	117	85	64	45	39	38	37	55	30	157	208	217	192	158	116	90	64	63	50	48	36	133	238	124	135	129	123	150	171	140	144	112	36	23	26	34	26	34	32	22	26	43	35	55	45	19	20
7:04:57	37.0	128	194	368	175	134	111	83	62	43	35	53	33	149	181	153	142	123	99	71	56	78	51	57	38	180	376	161	122	81	62	44	48	36	32	52	44	153	216	215	202	158	128	84	77	58	57	46	42	139	246	134	133	124	138	143	169	143	144	124	32	26	26	38	22	27	31	20	44	50	38	52	32	9	15
7:08:57	37.0	123	198	350	174	145	112	75	53	38	47	62	35	158	173	153	151	115	93	71	54	83	49	50	43	192	362	152	136	97	69	46	35	41	31	50	37	158	219	208	199	154	129	95	73	55	45	51	42	133	235	123	136	138	142	148	170	150	153	131	36	28	35	35	29	28	39	23	38	47	32	55	46	13	17
7:12:57	37.0	146	197	376	177	148	115	76	64	46	44	69	37	164	182	166	151	124	89	73	56	87	48	56	52	200	375	167	134	98	68	54	42	40	41	63	39	161	220	226	213	166	121	97	65	55	55	50	40	143	247	147	131	144	131	148	170	159	146	124	31	24	32	39	28	22	41	34	39	47	34	54	44	9	11
7:16:57	37.0	143	207	371	165	145	123	84	61	41	38	66	41	159	193	173	154	123	96	76	61	86	50	47	50	202	399	166	132	90	67	51	44	37	37	51	25	178	229	239	213	173	146	94	64	60	58	50	42	139	248	136	141	134	135	160	179	156	150	123	30	28	29	44	33	34	40	28	41	44	37	57	43	5	23
7:20:57	37.0	155	214	370	189	141	115	89	63	50	42	50	38	161	200	171	153	126	100	71	59	91	55	52	55	205	402	175	139	95	76	45	42	38	37	57	38	167	229	230	224	168	126	87	76	64	56	47	35	145	259	143	162	132	130	158	178	151	146	133	35	30	28	40	28	29	37	31	45	57	31	52	41	15	7
7:24:57	37.0	150	205	387	175	158	115	84	52	48	36	59	46	173	207	175	163	127	93	82	57	83	51	54	50	220	404	179	138	90	67	50	47	38	44	53	31	165	239	230	225	171	137	90	78	51	56	52	50	139	264	138	139	146	138	169	188	165	152	124	26	25	33	33	29	32	35	30	42	60	35	59	43	8	12
7:28:57	37.0	161	206	389	191	157	123	93	53	49	46	64	49	164	199	187	161	129	106	76	64	87	55	53	49	209	413	174	145	100	71	57	40	34	37	60	43	187	233	243	223	174	144	93	71	64	56	54	43	146	270	139	150	155	142	165	191	166	172	133	37	26	32	40	28	30	32	29	45	52	33	55	47	18	15
7:32:57	37.0	169	206	399	186	152	117	91	67	47	39	67	37	172	208	169	154	135	96	79	53	87	58	54	51	220	448	180	146	102	78	52	42	37	35	56	34	192	238	236	238	178	141	98	71	65	58	50	40	145	281	145	146	144	146	166	195	175	160	136	32	27	31	35	29	29	45	23	42	51	39	57	43	15	19
7:36:57	37.0	178	221	388	201	163	139	99	65	47	46	67	47	166	213	173	165	144	100	85	60	90	58	53	49	232	446	181	149	104	63	48	40	39	35	56	30	180	244	236	224	178	146	96	76	63	58	56	46	157	268	148	158	146	151	169	196	173	168	145	37	25	27	42	28	30	49	32	39	52	36	55	47	13	16
7:40:57	37.0	156	225	415	200	156	128	99	56	57	46	74	42	165	212	186	181	140	101	79	59	92	53	60	50	232	459	179	152	104	73	51	37	40	33	59	36	192	254	247	231	180	136	98	73	59	61	48	53	148	287	148	154	148	150	177	191	159	157	143	37	30	29	36	30	32	42	32	42	59	32	58	48	18	16
7:44:57	37.0	165	227	420	204	162	139	98	68	48	48	69	36	177	219	193	165	139	104	75	67	98	58	56	54	239	478	187	143	115	83	58	49	50	40	60	45	190	264	255	225	181	137	106	87	64	56	46	44	159	285	151	150	155	164	170	194	167	163	141	34	27	23	48	30	31	45	34	49	65	28	63	47	5	12
7:48:57	37.0	192	227	416	199	164	137	93	60	48	47	65	48	179	223	192	177	136	94	79	69	95	57	54	55	246	458	187	138	108	75	57	43	41	33	67	37	199	260	252	243	183	141	99	85	63	56	55	48	152	299	148	156	156	160	187	205	166	166	142	39	29	29	43	29	31	46	22	43	59	40	61	55	8	13
7:52:57	37.0	190	244	432	202	169	125	93	66	49	44	75	38	186	228	183	180	145	111	78	56	98	45	59	57	261	470	185	146	108	75	60	43	44	26	65	44	191	270	260	234	189	151	95	81	60	53	52	45	150	287	156	159	154	166	184	205	165	161	155	37	33	29	40	34	37	39	31	56	65	36	62	46	9	19
7:56:57	37.0	183	239	427	206	156	153	98	74	49	46	65	43	187	233	181	174	141	104	81	68	96	57	53	55	260	507	192	158	107	83	61	48	43	40	70	35	206	266	257	237	184	136	110	81	59	56	57	49	161	307	155	170	163	165	184	208	178	163	152	34	26	33	44	29	29	45	34	46	65	36	67	48	10	7
8:00:57	37.0	187	238	435	212	158	139	93	61	53	43	74	45	195	231	201	185	142	111	76	64	101	50	55	57	248	497	194	153	107	73	56	51	37	44	63	40	215	289	260	241	200	149	113	87	73	63	58	49	160	314	159	165	164	174	186	208	173	180	151	43	26	31	33	31	28	44	39	49	66	33	58	51	12	14
8:04:57	37.0	195	253	438	211	171	132	101	63	50	54	80	51	188	229	194	180	141	107	83	59	111	51	60	52	256	508	203	147	112	87	58	37	42	33	66	29	216	295	276	249	187	149	103	83	59	55	52	57	164	333	156	184	157	181	191	205	163	174	155	32	32	32	41	33	29	46	30	43	62	35	60	48	18	14
8:08:57	37.0	184	245	435	210	169	135	103	65	53	38	78	41	199	233	203	174	144	108	84	61	108	53	56	56	271	515	199	157	108	81	53	40	45	38	65	43	209	283	264	232	194	144	104	85	71	61	51	56	160	311	167	168	157	165	191	210	175	183	153	38	32	30	49	37	38	55	31	55	61	37	63	50	18	14
8:12:57	37.0	182	246	448	215	172	138	93	59	49	51	84	55	189	227	203	190	147	106	78	63	114	55	53	65	270	520	199	148	100	78	61	47	42	35	77	39	214	289	286	245	198	149	103	82	66	65	60	49	158	333	153	166	160	186	182	213	181	173	148	47	27	24	45	36	33	49	33	57	65	28	66	49	19	14
8:16:57	37.0	193	257	452	206	175	143	96	57	59	51	84	52	192	250	197	167	151	107	88	63	106	62	55	53	281	507	200	155	113	80	73	38	48	44	79	36	225	294	267	239	205	141	104	85	64	65	56	56	164	341	171	170	170	182	183	213	182	186	160	36	24	37	42	45	33	46	33	52	71	37	62	46	11	13
8:20:57	37.0	199	260	454	226	176	144	100	54	53	39	85	43	211	246	205	180	149	100	70	73	112	57	53	53	283	528	203	158	113	76	58	53	51	50	64	41	223	293	277	248	196	147	100	81	61	53	58	56	176	339	169	171	173	179	200	223	181	182	149	39	28	33	47	37	37	57	34	53	72	48	70	52	15	16
8:24:57	37.0	206	271	472	225	187	133	100	68	56	55	86	62	204	242	200	182	148	111	81	64	103	56	60	58	289	522	213	161	109	79	54	53	35	39	77	44	237	306	281	249	198	151	105	82	65	64	57	63	164	341	166	176	172	177	202	205	177	169	149	45	33	33	36	34	31	48	34	57	60	47	73	54	12	18
8:28:57	37.0	211	271	463	231	183	142	97	75	50	49	82	46	205	263	197	183	135	115	85	68	110	60	66	54	286	542	209	152	111	77	65	50	44	43	73	36	223	302	291	254	189	139	109	88	63	66	59	59	173	350	177	180	161	201	200	212	191	179	157	43	32	30	47	38	36	53	37	63	76	32	72	51	9	18
8:32:57	37.0	213	273	480	225	173	147	109	69	53	46	92	48	200	263	209	195	142	107	92	66	119	60	51	57	292	550	217	168	105	81	58	57	39	48	70	41	224	310	287	253	208	149	112	88	71	54	60	48	167	356	179	194	173	185	207	220	189	181	149	47	30	26	41	38	29	57	30	56	75	42	69	53	9	18
8:36:57	37.0	210	289	479	229	186	139	102	69	60	53	87	48	201	245	212	180	151	109	77	58	118	64	66	59	298	551	223	162	105	77	59	53	34	41	77	45	243	307	291	245	198	146	107	84	74	58	61	50	172	351	182	169	178	204	208	215	189	188	163	40	33	33	44	37	37	51	34	57	75	44	74	54	17	19
8:40:57	37.1	217	298	496	234	180	142	109	70	54	48	86	48	214	263	214	193	159	112	89	71	122	55	63	57	310	551	215	164	119	82	59	53	52	48	83	48	237	315	292	269	209	151	108	85	74	55	66	53	173	354	171	185	185	193	199	233	184	192	152	39	28	28	46	33	34	47	34	52	71	47	72	61	18	13
8:44:57	37.0	230	290	489	235	179	144	100	63	55	47	89	53	222	252	207	190	142	115	83	72	122	60	58	59	295	567	216	160	111	92	60	47	45	43	81	42	246	329	295	264	202	160	109	91	76	64	68	53	177	382	175	188	192	193	212	218	193	190	156	39	33	33	46	34	37	49	33	53	81	34	73	46	12	19
8:48:57	37.0	232	311	489	227	184	145	106	70	59	46	96	55	216	264	207	189	163	110	93	64	129	62	58	64	314	563	222	161	115	83	60	57	46	44	85	46	248	331	303	263	209	162	104	96	71	68	62	59	179	376	184	182	174	207	203	225	200	183	161	35	31	32	40	30	39	57	30	62	84	42	76	55	15	14
8:52:57	37.0	234	308	504	240	183	150	106	71	53	51	86	43	221	261	222	190	159	116	78	68	127	62	61	56	327	560	215	170	120	86	59	41	43	46	85	46	254	342	303	277	207	171	125	91	74	54	60	57	174	379	184	195	183	205	198	216	180	194	174	45	36	31	40	32	31	58	35	63	79	34	72	55	14	26
8:56:57	37.0	238	294	516	245	191	151	103	68	55	51	97	47	224	257	226	191	161	126	91	53	135	65	65	64	323	573	218	169	118	81	62	54	51	36	89	48	256	335	307	259	217	159	120	107	64	70	58	55	180	399	177	182	185	202	215	215	193	183	165	35	29	34	38	37	37	58	34	64	74	43	72	60	18	16
9:00:57	37.0	237	311	529	239	189	150	102	68	50	54	100	49	223	282	227	189	156	113	90	66	132	69	58	60	339	578	237	175	123	87	60	57	50	40	88	51	256	343	304	281	215	160	112	95	78	65	60	57	174	401	176	197	179	219	207	217	186	196	168	42	26	30	48	37	36	54	31	55	76	48	74	53	14	13
9:04:57	37.0	241	313	509	237	188	156	117	72	67	48	100	45	229	268	232	188	167	115	91	66	130	54	58	56	332	586	228	178	122	88	64	53	47	39	80	49	263	338	302	267	222	170	114	98	74	64	60	63	187	397	189	197	181	216	211	229	198	188	174	38	29	33	38	27	35	59	37	59	86	35	76	58	18	16
9:08:57	37.0	243	315	529	239	198	155	110	79	56	55	94	58	226	272	228	196	157	111	97	72	140	64	49	67	342	583	223	175	111	94	69	51	45	45	91	52	279	356	314	274	212	177	114	84	71	74	60	63	184	412	191	180	187	227	219	227	192	208	169	39	31	27	46	31	36	57	38	57	82	43	80	51	17	13
9:12:57	37.0	249	307	540	233	194	158	112	66	59	52	103	50	234	275	237	196	163	115	86	77	147	61	65	60	345	587	230	174	118	92	65	55	48	43	93	53	268	349	323	277	210	170	121	86	68	67	65	52	189	419	185	204	190	224	223	220	201	188	184	43	33	38	40	33	35	59	34	65	88	44	75	58	16	15
9:16:57	37.0	256	310	542	238	206	148	110	80	61	53	106	62	239	270	217	191	152	125	92	64	136	64	67	61	351	585	225	180	122	91	59	53	46	49	89	43	282	368	329	277	217	173	111	99	76	68	64	53	187	419	205	189	193	219	224	239	190	186	175	42	29	34	40	35	38	65	28	64	94	48	83	53	17	18
9:20:57	37.0	254	330	553	254	195	157	113	73	59	46	109	52	243	273	232	199	158	121	95	68	136	71	67	60	360	609	243	179	127	93	69	64	52	38	100	45	273	376	315	270	236	172	127	86	79	72	62	53	200	442	193	200	202	218	220	231	193	189	171	52	31	37	43	40	37	60	37	67	89	39	82	59	15	13
9:24:57	37.0	264	341	550	242	210	160	124	72	54	46	108	51	226	278	225	204	170	124	94	76	148	62	67	78	361	600	248	185	121	94	67	60	51	41	89	46	294	372	327	293	221	176	120	100	70	68	64	54	195	438	200	190	195	226	228	233	203	196	178	49	37	29	46	27	33	60	33	70	86	45	93	60	7	21
9:28:57	37.0	261	332	562	268	200	159	115	70	65	50	107	52	246	285	236	193	158	123	95	75	147	67	74	63	366	616	244	184	125	88	64	56	53	49	99	39	294	371	337	287	226	171	127	92	82	61	66	63	198	453	197	214	187	228	224	230	199	203	179	48	34	36	39	40	35	61	34	56	89	42	76	57	9	14
9:32:57	37.0	266	338	566	259	195	142	111	73	55	52	108	58	240	294	233	208	167	132	107	75	138	68	64	63	365	612	247	182	133	92	62	60	49	42	93	52	306	386	335	288	228	175	124	82	79	61	62	62	191	463	207	197	207	220	226	237	201	208	171	45	29	30	42	37	33	72	32	63	92	45	91	59	0	19
9:36:57	37.0	267	354	574	257	201	162	119	78	68	57	112	55	234	287	245	212	175	124	91	75	152	70	73	61	371	625	249	186	140	86	72	61	51	53	96	52	297	381	339	291	227	167	131	90	77	64	70	57	196	473	202	193	201	245	222	249	205	202	185	46	39	37	45	36	39	60	41	77	110	39	87	56	12	16
9:40:57	37.0	285	363	579	265	210	162	111	87	61	49	114	55	250	273	243	229	183	123	89	76	162	61	68	73	381	631	246	189	122	92	73	60	50	52	105	48	303	400	332	298	237	178	129	93	73	78	62	64	208	478	206	202	215	242	224	241	207	207	188	52	39	37	51	42	40	68	37	79	102	36	84	68	15	20
9:44:57	37.0	252	355	588	268	204	155	113	75	63	53	112	54	252	299	238	217	172	121	98	76	165	72	67	83	372	655	242	182	142	99	73	52	52	55	101	57	321	396	329	294	227	170	124	97	76	71	64	62	203	479	210	213	208	237	232	238	215	201	179	59	37	34	43	39	29	73	40	71	103	45	90	57	10	13
9:48:57	37.0	268	361	602	264	224	162	125	78	57	53	121	58	259	297	245	212	174	135	87	82	161	75	71	71	393	652	258	193	137	98	64	53	44	52	102	55	297	397	342	294	237	180	130	94	83	65	61	61	201	493	209	215	209	247	222	242	212	212	193	37	31	33	44	30	35	62	41	69	98	33	99	59	16	12
9:52:57	37.0	288	373	598	275	196	165	117	84	58	52	112	57	259	302	237	216	185	131	101	81	165	74	75	65	383	665	251	202	127	97	69	69	52	52	111	57	312	395	359	309	242	172	127	98	85	70	65	62	198	503	209	213	214	234	233	242	220	216	185	41	32	35	48	32	34	71	46	68	118	48	99	59	17	10
9:56:57	37.0	282	375	602	274	220	177	113	79	62	58	132	56	266	312	244	224	174	110	96	76	165	72	67	64	390	667	263	203	129	115	74	66	49	48	102	43	317	407	372	307	238	183	133	95	77	79	64	63	217	493	216	224	206	249	244	249	221	210	192	51	35	29	47	34	49	74	46	76	109	43	93	64	10	14
0:00:00																																																																											
0:00:00																																																																											
0:00:00																																																																											
0:00:00																																																																											
0:00:00																																																																											
0:00:00																																																																											
0:00:00																																																																											
0:00:00																																																																											
0:00:00																																																																											
0:00:00																																																																											
0:00:00																																																																											
0:00:00																																																																											
0:00:00																																																																											
0:00:00																																																																											
0:00:00																																																																											
0:00:00																																																																											
0:00:00																																																																											
0:00:00																																																																											
0:00:00																																																																											
0:00:00																																																																											
0:00:00																																																																											
0:00:00																																																																											
0:00:00																																																																											
0:00:00																																																																											
0:00:00																																																																											
0:00:00																																																																											
0:00:00																																																																											
0:00:00																																																																											
0:00:00																																																																											
0:00:00																																																																											
0:00:00																																																																											

BFP and GFP:370,445

Time	T° BFP and GFP:370,445	B1	B2	B3	B4	B5	B6	B7	B8	B9	B10	B11	B12	C1	C2	C3	C4	C5	C6	C7	C8	C9	C10	C11	C12	D1	D2	D3	D4	D5	D6	D7	D8	D9	D10	D11	D12	E1	E2	E3	E4	E5	E6	E7	E8	E9	E10	E11	E12	F1	F2	F3	F4	F5	F6	F7	F8	F9	F10	F11	F12	G1	G2	G3	G4	G5	G6	G7	G8	G9	G10	G11	G12	H11	H12
0:01:40	37.0	33222	32896	33218	33282	33316	33764	32536	33492	33618	33367	32789	32474	33282	33813	34505	33582	34211	34144	34015	34321	34152	35181	33383	33814	33119	33419	33783	34108	34071	34070	33747	34044	33880	33547	33220	34131	33961	34058	34272	33989	34710	33674	34486	34139	33898	33956	33468	33833	33233	33647	33360	33293	33990	33676	33554	33581	33464	33159	33071	33516	33644	33900	34082	34179	33856	34203	34153	33942	33850	33669	33148	33778	33637	34060
0:05:40	37.0	32643	32208	32594	32782	32708	32965	32052	32984	33070	32887	32353	31550	32783	33188	33619	33085	33494	33417	33232	33473	33531	34491	32909	32823	32656	32699	33162	33279	33475	33026	33004	33226	33200	32658	32465	33253	33158	33494	33466	33177	33730	33168	33477	33279	33519	32903	32833	33364	32643	33094	32912	32832	33286	32653	33112	32744	32832	32626	32398	32903	33105	33278	33571	33667	33203	33636	33483	33333	33148	33131	32674	32976	32949	33281
0:09:40	37.0	32143	31766	32031	32429	32343	32455	31235	32533	32526	32135	31626	31226	32489	32357	32870	32523	32677	32998	32770	32875	32883	33800	32602	32445	31760	32068	32495	32551	32658	32524	32431	32780	32715	32454	32215	32419	32726	32777	32982	32569	33246	32355	33092	32707	32903	32462	32182	32773	32269	32648	32503	32494	32896	32292	32540	32298	32385	31877	31756	32201	32618	32783	33093	32792	32643	32883	32703	32820	32435	32563	32004	32215	32305	32843
0:13:40	37.0	31777	31275	31730	31974	31543	32200	30729	32013	32110	31996	31201	30771	31881	31934	32579	32022	32435	32515	32338	32362	32155	33370	31698	31805	31340	31725	32134	32251	32398	32326	32105	32412	32367	32025	31709	32367	32313	32193	32522	32054	32743	31988	32717	32545	32318	31996	31639	32421	31621	31854	31992	32153	32347	32174	32016	31865	32064	31517	31322	31798	32121	32176	32467	32132	32238	32332	32331	32157	32105	32399	31355	31764	32250	32251
0:17:40	37.0	31489	31201	31477	31714	31519	31965	30847	31646	31650	31623	30742	30608	31524	31510	32080	31460	32030	32103	32094	32222	31937	32927	31132	31489	31285	31436	31478	32070	32260	32024	31896	31955	32085	31668	31333	31767	31996	31641	32071	31812	32236	32398	32103	32317	31801	31606	31146	31872	31561	31824	31739	31531	31975	31609	31725	31380	31760	31256	30959	31303	31765	31819	32223	31850	31937	31923	32088	31743	31861	31583	31055	31334	32000	32095
0:21:40	37.0	31177	30735	31010	31357	31115	31455	30502	31511	31200	31242	30731	30233	31132	31140	31638	31114	31690	31782	31502	31316	31268	32626	31107	31293	30929	31331	31201	32029	31797	31874	31369	31632	31648	31170	31153	31611	31833	31283	31713	31372	31961	31881	31730	31620	31576	31369	31061	31299	31058	31748	31641	31376	31469	31218	31917	31140	31305	30996	30802	31120	31181	31591	31756	31917	31704	31510	31559	31220	31208	31104	30717	31041	31504	31953
0:25:40	37.0	30900	30623	30931	31313	30826	31301	30163	31370	31270	31014	30348	29969	30820	30725	31024	30627	31326	31363	31254	31013	31072	32140	30641	30881	30631	30724	31007	31297	31700	31422	30942	31261	31500	31233	30784	31399	31366	31056	31362	30892	31691	31421	31735	31319	31414	30957	30597	31159	31097	31279	31236	31003	31480	30752	31272	31026	31147	30451	30311	31040	31093	31168	31708	31335	31135	31358	31286	30775	30961	31176	30276	30708	31337	31909
0:29:40	37.0	30616	30331	30480	30820	30635	31250	30195	31164	30837	30808	29958	29803	30508	30185	30929	30414	31003	31377	30801	30845	31078	31834	30294	30424	30314	30855	30876	31186	31320	31112	30824	30983	31058	30898	30350	31108	31388	30925	30901	30712	31449	31141	30751	31098	31154	30852	30427	30815	30859	31043	30951	31085	31256	30790	31278	30553	30701	30572	30462	30600	30494	30941	31150	31104	30972	30989	31254	30718	30800	30987	30029	30346	31264	31674
0:33:40	37.0	30571	30080	30348	30870	30504	30841	30010	30815	30667	30741	29956	29420	30153	30346	30647	30049	30763	30729	30263	30732	30572	31329	29986	29821	30268	30397	30618	30792	31182	30922	30408	30735	30880	30426	30180	30786	30910	30437	30596	30578	30936	30809	30969	30673	30280	30366	30065	30274	30454	30947	30842	30850	31341	30393	31201	30472	30457	30543	29906	30249	30474	30362	31224	30760	30650	30555	30705	30354	30104	30661	29802	29859	31239	31450
0:37:40	37.0	30297	29879	30295	30547	30303	30662	29696	30749	30486	30706	29607	29102	29876	29799	30180	29763	30349	30614	29887	30185	30355	31188	29739	29841	30193	30383	30384	30847	30979	30835	30443	30455	30610	30347	29727	30313	30706	30004	30320	30255	30667	30158	30626	30156	30040	30179	29683	30117	30441	30888	30674	30364	30763	30244	30581	30142	30352	30350	29475	30179	30108	30436	30608	30380	30160	30052	30447	29932	29896	29937	29313	29627	31329	31317
0:41:40	37.0	30060	29827	29897	30259	30174	30403	29703	30292	30328	30252	29251	28832	29415	29485	29850	29210	29904	30092	29612	30092	29940	30961	29582	29531	29880	29963	30017	30675	30497	30482	29957	30220	30657	30085	29713	30473	30746	29846	30148	29690	30304	30170	30246	30213	29773	29883	29608	29757	30219	30737	30378	30343	30456	29883	30672	30031	30245	29903	29463	29965	30024	29893	30409	30220	30003	29884	30074	29516	29822	29914	29126	29578	30876	31183
0:45:40	37.0	29997	29639	29605	29914	29676	30198	29430	30080	29943	30101	29118	28790	29124	29228	29490	29264	29643	30080	29414	29869	29659	30719	29111	29236	29479	29648	29764	30284	30522	30249	30198	30078	30213	29717	29193	29991	30295	29476	29792	29334	30086	29880	29850	29977	29524	29417	29245	29319	30043	30322	30017	30037	30241	29584	30307	29658	29955	29707	29070	29702	29450	29375	30044	29794	29435	29453	30063	29295	29260	29349	28762	28885	30729	31180
0:49:40	37.0	29709	29507	29477	29738	29660	30108	29393	29851	29648	29651	28601	28628	28871	28796	29091	28805	29455	29509	28936	29266	29462	30240	28841	28963	29588	29663	29843	30232	30133	30072	29679	29571	30145	29691	29162	29728	29783	29260	29515	29172	29672	29439	29447	29302	29250	29260	28904	28963	29968	30118	29936	29724	30027	29615	30057	29332	29693	29602	29000	29354	29221	29139	29422	29186	29202	29349	29387	28901	28968	29041	28469	28805	30739	30788
0:53:40	37.0	29221	29238	29215	29535	29504	29837	29141	29670	29566	29609	28623	28131	28385	28560	29062	28347	29061	29027	28661	28686	28954	30029	28398	28593	28876	29231	29682	29833	30130	29991	29468	29698	29720	29486	28924	29711	29670	28861	28971	28816	29263	29237	29140	29362	28863	28879	28718	28948	29552	30062	29499	29646	29925	29309	29956	29213	29556	29456	28888	29168	29012	28916	29304	29118	28632	28927	29044	28429	28492	28649	28013	28333	30641	30823
0:57:40	37.0	29131	28800	28862	28965	28897	29418	28812	29286	29130	29210	28296	27873	28156	28219	28563	28291	28826	28753	28746	28366	28534	29676	28183	28329	28855	28919	29361	29624	29695	29481	29182	29368	29391	28832	28724	29342	29389	28540	28888	28672	29221	28470	28884	28800	28514	28608	28330	28451	29365	29541	29542	29269	29702	29138	29742	29029	29560	29095	28549	29121	28772	28727	29040	28616	28351	28593	28894	28369	28399	28684	27584	27945	30389	30828
1:01:40	37.0	28677	28627	28561	28865	28991	29401	28704	29197	28893	29145	28007	27765	28117	27809	28233	27818	28258	28552	28072	28289	28443	29154	27990	27966	28668	28893	28931	29487	29283	29207	28746	28960	29001	28782	28573	29082	29063	28006	28501	28165	28577	28245	28465	28462	28420	28212	27894	28068	29150	29187	28994	29079	29317	28722	29242	28751	29033	28755	28518	28650	28326	28155	28747	28457	27880	28143	28500	27774	28006	28138	27381	27761	30602	30430
1:05:40	37.0	28701	28398	28280	28602	28598	28888	28401	28551	28699	28556	27933	27443	27819	27321	27875	27391	27919	28225	27762	27815	28068	28918	27486	27584	28610	28726	28786	28976	28836	29102	28536	28534	28866	28447	28019	28708	28762	27883	28158	27985	28184	27811	28039	28119	27844	28102	27652	27619	28797	29148	28901	28823	28968	28592	29053	28378	28957	28347	27977	28257	27826	27895	28298	27869	27647	27777	27877	27337	27599	27639	27035	27217	30410	30430
1:09:40	37.0	28063	28042	28035	28249	28230	28678	28153	28475	28139	28609	27450	27081	27380	27050	27472	26986	27675	27847	27321	27816	27753	28421	27475	27354	28177	28304	28542	28599	28856	28634	28417	28631	28598	28153	27946	28648	28251	27662	27652	27403	27943	27707	27855	27867	27691	27707	27320	27397	28642	28621	28643	28605	28979	28271	28659	28130	28474	28287	27825	27973	27493	27569	27869	27710	27174	27552	27630	27017	27326	27209	26741	26988	30260	30518
1:13:40	37.0	28045	27764	27821	27985	27965	28434	27909	28248	27972	27980	27328	26936	26922	26918	27118	26643	27196	27457	26798	27113	27501	28388	26994	27069	27807	28078	28171	28367	28564	28322	27838	28074	28282	27815	27506	28195	27866	27174	27365	27001	27557	27193	27245	27543	27145	27375	26915	26979	28566	28432	28349	28188	28817	28009	28351	27762	28303	28046	27274	27692	27092	27403	27450	27178	26891	27092	27126	26464	26952	26823	26257	26547	30046	30232
1:17:40	37.0	27507	27530	27344	27580	27776	28018	27451	27702	27676	27756	26942	26452	26665	26363	26678	26594	26723	27029	26661	26942	27168	28078	26703	26835	27311	27565	27715	28253	28096	28256	27623	27954	27974	27496	27067	28031	27659	26723	26833	26667	27191	26907	27087	26890	26793	26999	26682	26359	28305	28165	28139	27858	28245	27893	28066	27633	28011	27547	27165	27488	26936	26830	27052	26794	26371	26652	26967	26235	26462	26425	25685	26247	29966	30146
1:21:40	37.0	27522	27111	27108	27463	27456	27635	27113	27541	27414	27516	26636	25925	26416	25992	26494	25964	26416	26614	26263	26564	26881	27459	26357	26537	27193	27444	27645	27902	27875	27597	27247	27517	27552	27100	26632	27582	27508	26338	26514	26377	26551	26434	26700	26587	26737	26518	26090	26339	27995	28011	27602	27706	28063	27524	27857	27295	27581	27362	26717	27130	26615	26232	26631	26330	26255	26214	26283	25827	26276	26077	25326	25801	29833	30159
1:25:40	37.0	27222	26758	26887	27192	27093	27622	26856	27288	27154	27063	26325	25831	26001	25729	25910	25925	26140	26338	25964	26370	26473	27231	25994	26320	26858	27181	26891	27609	27661	27500	27107	27251	27484	27174	26661	27598	26892	26064	26237	25923	26391	26135	26152	26236	26252	26093	25769	25866	27809	27707	27560	27362	27811	26925	27681	26925	27543	27289	26369	26947	26317	25945	26315	26294	25745	25812	26088	25465	25762	25483	25287	25541	29621	30055
1:29:40	37.0	27100	26487	26589	26758	26709	27171	26530	26835	27085	26791	26088	25523	25742	25326	25736	25567	25872	25976	25625	26164	26121	27035	25655	25881	26406	26776	26871	27329	27270	27168	26764	27001	26948	26892	26149	27315	26471	25625	25782	25677	26068	25821	26233	26108	25760	25913	25629	25729	27295	27520	27267	27212	27541	26807	27179	26718	27202	26887	26133	26760	26027	25755	25974	25586	25492	25315	25673	25263	25162	25303	24911	25146	29586	30002
1:33:40	37.0	26478	26364	26174	26554	26394	26901	26383	26759	26694	26644	25873	25309	25556	25392	25350	25196	25645	25801	25597	25760	26056	26683	25687	25670	26386	26440	26861	26904	27063	26745	26621	26699	26827	26636	26177	27097	26365	25347	25658	25420	25746	25606	25730	25661	25539	25516	25362	25456	27369	27078	26924	26872	27143	26833	26927	26217	26834	26431	26061	26423	25863	25392	25547	25558	25128	24917	25430	24969	24918	24868	24494	24892	29326	29875
1:37:40	37.0	25981	25941	26331	26451	26464	26625	26188	26528	26651	26336	25704	25150	25086	24957	25315	25153	25242	25574	24974	25584	25648	26501	25380	25464	26397	26304	26396	26867	26844	26842	26549	26450	26617	26490	26103	26931	25760	25194	25211	24808	25450	25184	25360	25249	25260	25224	25235	25137	27083	26666	26541	26612	26639	26183	26626	26385	26374	26070	25796	26057	25633	25369	25503	25159	24958	24828	25123	24797	24680	24552	24265	24726	29698	29576
1:41:40	37.0	26039	25806	26014	26139	26171	26543	26095	26222	26304	26218	25516	25147	24968	24593	25012	24838	25143	25359	25111	25194	25616	26197	25084	25453	25824	26157	26356	26594	26524	26628	26279	26051	26461	26131	25735	26719	25727	25059	25090	24975	25486	25226	25129	25259	25168	25164	25027	25078	27221	26553	26342	26346	26381	26040	26437	25999	26304	25917	25560	25935	25250	24926	24971	24747	24477	24501	24740	24403	24361	24273	24003	24459	29482	29458
1:45:40	37.0	25744	25695	25673	25984	25919	26298	25872	26127	26197	26222	25254	25094	25003	24624	24905	24778	24950	25121	24707	25158	25390	26162	24864	25182	25524	26144	26167	26396	26541	26211	25995	26151	26130	25906	25460	26476	25486	24812	24954	24662	25105	24724	25115	24967	24935	25107	24971	24868	26748	26302	26174	26041	26284	25812	26113	25679	26036	25714	25203	25772	25046	24712	24793	24418	24150	24376	24471	24052	24197	24149	23858	24187	29121	29384
1:49:40	37.0	25496	25414	25376	25810	25761	26052	25604	26005	26048	26117	25584	25042	24404	24431	24790	24578	25041	25163	24715	25014	25203	25974	24920	25214	25441	25710	25953	26200	26305	26271	26060	25952	26085	25968	25335	26710	25278	24546	24819	24366	24782	24530	24954	24672	24725	24791	24559	24722	26547	26288	25903	25908	26103	25475	25805	25543	25909	25422	25127	25522	24798	24458	24630	24404	24042	23923	24194	23802	23805	23783	23492	24409	29131	29436
1:53:40	37.0	25322	25209	25318	25713	25746	25880	25560	25800	25892	25752	25271	24593	24305	24134	24707	24546	24817	25057	24754	24971	25172	25932	24728	25171	25275	25571	25788	26056	26007	25868	25733	25930	25804	25518	25353	26659	24988	24552	24451	24348	24773	24420	24614	24987	24624	24679	24498	24879	26222	25905	25809	25800	25784	25517	25874	25210	25738	25377	25025	25514	24641	24189	24442	24169	23634	23878	24084	23597	23345	23576	23469	24207	29041	29077
1:57:40	37.0	24765	25041	25186	25599	25412	25727	25518	25902	25539	25694	25002	24775	24209	24048	24507	24506	24741	24856	24637	24692	25275	25682	24772	25095	25136	25422	25608	25939	25823	25833	25635	25737	25897	25832	25320	26293	25006	24328	24628	24242	24673	24382	24515	24665	24479	24608	24367	24705	26253	25822	25623	25544	25496	25171	25376	25354	25523	24908	24721	25509	24404	24098	24074	23817	23561	23459	23573	23399	23309	23368	23381	24034	28846	29056
2:01:40	37.0	25100	24745	24982	25312	25480	25628	25325	25698	25704	25674	25071	24532	24076	24067	24555	24666	24727	24694	24688	24867	25029	25712	24743	25063	24904	25435	25685	25987	25914	25721	25512	25625	25641	25530	25057	26161	24844	24291	24406	24173	24486	24500	24486	24575	24273	24622	24373	24714	25996	25733	25471	25094	25387	24782	25302	25021	25183	24735	24824	25304	24318	23801	23796	23440	23313	23287	23361	23152	23203	23428	23289	24159	28670	29029
2:05:40	37.0	24732	24852	24924	25267	25238	25722	25229	25691	25483	25468	25053	24584	23932	24010	24622	24445	24929	25017	24600	24807	25041	25744	24886	25066	24841	25090	25338	25748	25841	25772	25545	25512	25601	25535	25101	26113	24893	24252	24369	24184	24308	24441	24526	24303	24504	24213	24162	24780	25708	25422	25248	24975	25154	24952	24820	24733	25054	24584	24608	25487	23924	23549	23770	23393	23056	23017	23281	23040	23100	23060	23245	24099	28503	28965
2:09:40	37.0	24515	24692	24988	25215	25125	25429	25161	25529	25670	25554	24983	24718	23885	23901	24508	24514	24855	24923	24456	24766	24932	25744	24813	25146	24858	25132	25438	25553	25537	25585	25482	25566	25785	25520	25094	26367	24732	24290	24344	24074	24449	24312	24395	24553	24369	24195	24274	24816	25893	25199	25332	25023	24773	24669	24665	24389	24846	24585	24466	25453	23972	23586	23633	23388	22986	22807	23172	22885	22898	22992	23067	24183	28725	29070
2:13:40	37.0	24313	24485	24794	25264	25318	25687	25315	25534	25320	25492	24843	24332	23695	23936	24558	24621	24763	25002	24672	24875	25176	25717	24887	25203	24678	25187	25255	25762	25627	25706	25363	25500	25765	25443	25027	26142	24554	24104	24351	24078	24483	24168	24353	24430	24459	24465	24249	24911	25411	25146	24943	24546	24873	24573	24827	24444	24564	24386	24533	25347	23760	23252	23288	22987	22867	22813	22927	22765	22765	22861	23113	24397	28656	28941
2:17:40	37.0	24378	24524	24812	25400	25438	25597	25286	25647	25622	25555	25106	24519	23901	24068	24338	24466	24684	24925	24528	24993	25240	25586	24977	25195	24467	25138	25270	25620	25669	25604	25585	25476	25468	25367	25042	26211	24578	24079	24253	24233	24670	24207	24458	24614	24574	24483	24131	24737	25514	25069	24827	24396	24581	24508	24451	24196	24396	24339	24355	25473	23638	23290	23254	22812	22712	22701	22744	22643	22498	22713	23121	24330	28636	28924
2:21:40	37.0	24325	24651	24691	25152	25348	25659	25373	25897	25521	25669	25207	24592	23810	23931	24618	24358	25002	25113	24744	25043	25410	25837	24931	25317	24651	25181	25340	25541	25915	25571	25467	25693	25738	25700	25350	26187	24581	24267	24301	24111	24476	24285	24523	24573	24661	24498	24205	25027	25489	25056	24862	24607	24655	24245	24442	24148	24454	24226	24585	25507	23649	23012	23025	22687	22611	22505	22625	22621	22423	22908	22843	24142	28624	28754
2:25:40	37.0	23995	24450	24822	25231	25276	25826	25269	25847	25793	25584	25046	24592	23723	23699	24688	24658	24929	25135	24791	24876	25327	25843	24822	25307	24578	25249	25299	25734	26040	25591	25564	25683	25985	25484	25350	26225	24762	24118	24252	24075	24726	24391	24682	24698	24627	24526	24217	25026	25576	24949	24825	24389	24520	24051	24405	24004	24406	24406	24438	25564	23410	22885	23123	22706	22355	22414	22332	22220	22248	22830	23093	24220	28594	28712
2:29:40	37.0	23920	24396	24985	25406	25405	25835	25424	25915	25540	25679	25374	24766	23588	23917	24692	24672	25031	25236	24603	25063	25628	25862	25067	25510	24638	25210	25253	25797	25858	25781	25495	25834	25799	25601	25377	26011	24550	24122	24224	24173	24653	24426	24651	24543	24512	24384	24463	24884	25184	25041	24662	24307	24467	23983	24340	24129	24294	24033	24347	25592	23398	22623	22888	22526	22337	22221	22320	22060	22216	22567	22998	24623	28331	28490
2:33:40	37.0	23753	24534	24817	25127	25502	25639	25319	25860	25672	25586	25132	24640	23515	24074	24754	24676	25210	25406	24768	25191	25406	25974	24903	25536	24413	25343	25419	25855	25901	25692	25753	25955	25827	25703	25417	26175	24476	24284	24472	24319	24734	24352	24669	24765	24634	24550	24454	24911	25166	25111	24639	24106	24418	24051	24190	23873	24204	24253	24418	25621	23225	22862	22734	22181	22094	22129	22349	21990	22168	22684	23180	24470	28283	28377
2:37:40	37.0	23908	24256	24919	25315	25497	25795	25279	26079	25809	25874	25105	24751	23551	23823	24668	24773	25098	25166	25023	25279	25309	25956	25190	25465	24423	25186	25176	25939	25896	25571	25563	25776	25995	25267	25360	26367	24414	24309	24313	24274	24681	24475	24661	24680	24825	24753	24636	24984	25157	24761	24545	24080	24380	24067	24066	23921	24231	24149	24319	25839	23234	22453	22546	22445	22129	21905	22303	22050	22015	22446	23145	24403	28107	28157
2:41:40	37.0	23845	24346	24929	25191	25605	26037	25573	25835	25887	25689	25075	24707	23444	23763	24687	24817	25142	25523	25071	25322	25557	26284	25055	25511	24784	25147	25511	25850	25883	25933	25882	26049	26050	25562	25198	26205	24402	24335	24369	24260	24584	24306	24808	24934	24930	24558	24546	25460	25287	24822	24728	23810	23975	23811	23974	23769	24065	24132	24293	25579	23146	22538	22454	22114	21813	21790	21864	21822	22190	22575	22983	24454	28360	28500
2:45:40	37.0	23846	24275	24797	25444	25550	25961	25419	25845	25951	25815	25209	24788	23415	24072	24545	24883	25266	25538	25198	25582	25444	26471	24801	25467	24456	25260	25460	25738	26046	26133	25784	25903	26067	25462	25548	26160	24584	24372	24506	24421	24833	24574	24966	25143	25202	24958	24805	25620	25026	24694	24700	24067	24000	24032	23939	23741	24166	24124	24414	25646	22903	22426	22171	22089	21860	21816	21887	21792	21956	22348	22906	24599	28013	28267
2:49:40	37.0	23973	24312	24989	25326	25732	26198	25646	25910	26071	25663	25122	24864	23595	24251	24739	24866	25655	25660	25229	25629	25644	26335	24590	25421	24550	25391	25528	26056	26204	26019	25815	26109	26021	25640	25368	26234	24801	24375	24686	24460	24814	24756	24907	24922	24814	24719	24759	25619	24896	24914	24445	24042	24185	23874	23884	23783	24258	24116	24396	25913	22810	22333	22271	21844	21671	21505	21908	21650	21570	22174	22712	24578	28005	28238
2:53:40	37.0	24001	24206	25213	25628	25819	26192	25559	25783	26071	25741	25378	25121	23403	24088	24886	24839	25646	25647	25397	25489	25654	26331	24589	25327	24641	25450	25464	26125	26086	25981	25964	26168	25958	26065	25478	26367	25097	24406	24663	24565	25048	24616	24964	24743	24643	24511	24379	25213	25033	24697	24557	24009	24285	23761	23938	23836	23966	24097	24559	26143	22675	22163	22138	21727	21576	21536	21768	21431	21709	22268	22742	24654	27971	28109
2:57:40	37.0	23835	24232	24942	25536	25804	26329	25679	26049	26294	25993	25386	25168	23314	23819	24544	24752	25383	25575	25157	25504	25458	26581	24340	24856	24535	25453	25646	26057	26233	26317	26199	26139	26295	26024	25830	26376	25235	24398	24877	24585	25026	24828	24820	24822	24567	24490	24303	24980	25037	25044	24531	23862	24271	23652	23885	23700	23901	23928	24469	25985	22483	22048	21996	21805	21461	21472	21619	21407	21683	22258	22920	24353	27674	27910
3:01:40	37.0	23845	24330	25076	25755	26248	26523	25894	26374	26395	26316	25462	25073	23272	23778	24661	24752	25391	25320	24825	25266	25363	26430	24550	25060	24655	25611	25815	26268	26349	26448	26128	26233	26620	26101	25615	26604	25533	24309	24722	24297	24684	24485	24703	24383	24378	24459	24084	24964	24927	24979	24471	23767	24111	23857	23731	23665	24153	23871	24436	26128	22465	21850	21929	21648	21395	21439	21562	21494	21480	22407	22882	24191	27874	27767
3:05:40	37.0	23799	24506	25254	25755	26097	26641	25716	26100	26284	26007	25490	25178	23283	23858	24525	24665	25335	25323	25009	25276	25402	26467	24349	25051	24826	25688	26082	26133	26466	26366	26249	26357	26410	25998	25625	26340	25511	24369	24683	24417	24583	24395	24561	24376	24282	24598	24304	24790	25055	24878	24422	23680	24051	23870	23836	23692	23931	23954	24379	26089	22494	21853	21854	21452	21344	21247	21547	21262	21574	22182	23005	24155	27730	28062
3:09:40	37.0	23989	24483	25313	25928	26184	26669	25590	26040	26382	26106	25979	25221	23214	24113	24329	24656	25096	25143	24968	25427	24956	26472	24360	24810	24599	26174	26167	26408	26196	26113	26365	26092	26504	26100	25834	26445	25611	24437	24524	24327	24677	24390	24458	24522	24323	24485	23909	24848	25125	24922	24416	23675	23869	23637	23790	23486	23840	24033	24564	25718	22497	21811	21740	21391	21114	21264	21444	21219	21495	22262	22777	24182	27863	27703
3:13:40	37.0	23987	24778	25388	26065	26306	26570	25694	26281	26613	26207	25827	25137	23161	23856	24526	24788	25245	24934	24868	25071	24967	26296	24174	24593	24818	26104	26268	26410	26423	26467	26630	26527	26103	26122	25601	26091	25723	24333	24591	24210	24837	24214	24369	24534	24267	24536	24017	24873	25015	24915	24398	23717	23940	23722	23670	23615	23730	24149	24739	25793	22376	21771	21624	21401	21121	21029	21276	21180	21434	21976	22871	24119	27671	27934
3:17:40	37.0	23783	24837	25560	26404	26092	26458	25844	26407	26290	26304	25682	25063	23082	23817	24538	24694	25259	25145	24851	24936	24936	26085	24290	24853	24643	26185	26259	26364	26448	26261	26179	26250	26084	26209	25332	25891	25712	24413	24557	24098	24341	24226	24275	24408	24389	24565	23967	24546	24997	25004	24375	23759	23757	23609	23671	23608	23747	24153	24601	25560	22206	21625	21547	21183	21225	20913	21305	21104	21385	22262	22536	23977	27966	27821
3:21:40	37.0	24117	24345	25477	26336	26336	26292	25743	26383	26254	26329	25658	24886	23074	23924	24400	24569	25088	24842	24781	24821	24814	26187	24188	24538	24740	26047	26184	26448	26556	26323	26151	26068	26153	25957	25681	25715	26078	24362	24370	24230	24540	24178	24455	24162	24182	24197	23898	24249	24953	25031	24398	23824	23839	23603	23900	23674	23975	24292	24373	25628	22057	21656	21574	21354	20960	20913	21208	21142	21382	22041	22644	23727	27821	27962
3:25:40	37.0	23971	24521	25618	26083	26087	26363	25736	26338	26347	26175	25813	25218	22888	23950	24349	24671	24974	24951	24610	24827	24657	25842	23928	24638	24712	26371	26112	26516	26381	26227	26143	26143	26051	25853	25490	25613	26036	24391	24750	24052	24397	24250	24293	24215	24100	23935	23836	24237	25221	24797	24433	23645	23973	23727	23649	23870	24070	24329	24330	25516	22053	21444	21535	20994	20938	20975	20977	21017	21367	22003	22559	23916	27823	27354
3:29:40	37.0	23953	24311	25745	26056	26112	26551	25670	26189	26289	26119	25360	24791	22830	23612	24128	24643	24932	24795	24418	24652	24922	25831	24073	24256	24676	26426	26293	26364	26399	26121	26024	25994	26149	25866	25126	25633	25928	24522	24438	24008	24387	24139	24052	24086	23944	24079	23750	24171	25090	24844	24412	23623	23908	23747	23742	23390	24130	23786	24323	25303	21958	21272	21341	21141	20966	20972	21060	21078	21303	22067	22756	23714	27383	26856
3:33:40	37.0	23824	24444	25750	25986	25850	26173	25650	25962	26262	26073	25283	24613	22857	23684	24250	24554	24996	24666	24083	24398	24972	25656	24147	24249	24736	26327	26256	26224	26377	26090	25950	26166	26005	25709	25038	25617	26171	24427	24441	24002	24373	24055	24015	23942	23832	23988	23619	24293	24875	24862	24415	23352	23490	23581	23289	23272	23734	23846	24094	25432	21756	21285	21259	20927	20729	20821	20809	20774	21257	22154	22637	23689	26908	26972
3:37:40	37.0	23740	24266	25678	26036	25843	26241	25563	25961	26062	25873	25049	24694	22801	23776	24248	24557	24699	24788	24198	24251	24406	25738	23988	24257	24727	26339	26041	26125	26067	26089	25939	25890	25846	25569	25107	25176	26089	24477	24469	23962	24177	23807	23782	23914	23950	24052	23752	24108	24774	24531	24168	23319	23590	23556	23440	23408	23639	23999	24098	25024	21837	21317	21149	20743	20630	20589	20953	20842	21100	22086	22702	23389	26847	26723
3:41:40	36.9	23742	24384	25762	25998	25981	26196	25501	25768	25868	25599	25361	24624	22616	23414	23964	24194	24440	24420	24218	24479	24545	25445	23998	24161	24749	26256	26247	26218	26056	25902	25763	25810	25602	25251	25163	25361	26092	24357	24438	23744	24249	23735	23881	23913	23758	23895	23521	24042	24649	24304	24168	23476	23741	23389	23208	23474	23744	23732	23980	24989	21903	21249	21220	20631	20693	20710	20819	20709	21199	21920	22642	23380	26881	26607
3:45:40	37.0	23584	24142	25795	25987	25677	26193	25290	25600	25602	25442	25133	24706	22860	23426	23961	24225	24516	24396	24216	24103	24376	25368	24146	24191	24740	26174	25977	25888	26317	25857	25455	25690	25707	25507	25072	25167	25872	24438	24450	23987	24162	23942	23858	23744	23734	23991	23575	24027	24693	24470	24038	23213	23595	23403	23349	23256	23596	23834	23940	25066	21787	21201	21166	20816	20783	20625	20763	20791	21157	22029	22491	23267	26480	26431
3:49:40	37.0	23595	24193	25917	25722	25741	25808	25095	25672	25468	25487	24842	24566	22745	23325	23701	24210	24335	24186	24145	24254	24402	25362	23987	24435	24739	26167	25926	26063	26069	25530	25365	25366	25647	25271	24881	25441	25942	24466	24467	23819	23851	23585	23719	23798	23668	23907	23502	24000	24606	24290	23950	23162	23403	23297	23153	23058	23389	23707	23725	25050	21893	21142	21048	20521	20524	20510	20784	20753	21149	21959	22505	23402	26588	26244
3:53:40	37.0	23434	24188	25889	25711	25755	25786	25182	25572	25351	25410	25017	24441	22612	23254	23990	23950	24177	24228	24029	24107	24226	25163	23779	24349	24762	26338	25786	25940	25896	25514	25463	25616	25459	25299	24669	25063	25663	24605	24303	23669	23763	23514	23752	23734	23888	23776	23581	23906	24424	24125	23880	23212	23093	23196	23130	23012	23334	23469	23851	24897	21443	21090	21095	20597	20528	20578	20654	20620	20899	21812	22409	23401	26471	26116
3:57:40	37.0	23563	24092	25695	25789	25519	25628	24954	25328	25570	25338	24852	24410	22473	23399	23710	23753	24141	24246	23966	24148	24251	24998	23627	24008	24763	26322	25747	25911	25395	25549	25186	25248	25294	25282	24637	24930	25616	24434	24561	23680	23678	23619	23731	23517	23632	23717	23521	23644	24257	24125	23759	23212	23128	23039	22973	22964	23388	23487	23679	24811	21725	21058	20970	20527	20576	20602	20600	20574	20877	21672	22302	23285	26266	26115
4:01:40	37.0	23310	24088	25970	25734	25447	25471	25071	25418	25435	25118	24921	24252	22338	23131	23540	23890	24089	24110	23897	24043	24301	24979	23626	24121	24942	26102	25701	25629	25583	25100	25219	25288	25357	25022	24905	24878	25335	24381	24357	23419	23649	23607	23643	23559	23465	23632	23227	23440	24222	23859	23866	23169	23271	22918	22909	22857	23198	23563	23753	24709	21536	20938	20873	20477	20316	20338	20523	20393	20869	21622	22376	23043	25895	25788
4:05:40	37.0	23213	23882	25648	25777	25193	25395	24640	25102	25141	24998	24523	24265	22399	23035	23325	23673	23894	23838	23848	23993	24155	24949	23442	24004	24559	26101	25748	25565	25293	24990	25156	25271	25214	24823	24489	24690	25225	24384	24274	23128	23651	23543	23677	23433	23530	23462	23111	23435	24123	23831	23745	22990	23124	22985	22971	22942	23217	23353	23680	24632	21396	21009	20868	20375	20388	20092	20473	20627	20837	21625	22084	22856	25904	25825
4:09:40	37.0	23197	23909	25324	25325	25089	25310	24585	25133	25245	24889	24520	23953	22469	23079	23392	23544	23783	23861	23694	23951	23996	24896	23471	23920	24577	26055	25676	25481	25133	24838	24903	25150	24938	24784	24651	24735	25297	24333	24009	23233	23721	23481	23360	23515	23229	23407	23204	23391	24175	23809	23608	22996	23023	22811	22694	22661	23213	23262	23773	24621	21558	20926	20892	20360	20452	20221	20482	20594	20696	21668	22145	22930	25714	25468
4:13:40	37.0	23255	23921	25263	25141	25075	25140	24768	24825	24973	24971	24544	23820	22312	22952	23149	23436	23825	23962	23643	24039	23844	24707	23286	23598	24562	25796	25543	25287	25199	24831	24696	24963	25129	24744	24371	24398	24896	24423	23984	23138	23751	23291	23357	23153	23337	23174	23027	23310	24080	23625	23431	22931	22820	22677	22619	22619	23041	23099	23651	24360	21247	20925	20747	20291	20510	20192	20540	20520	20869	21411	21980	22706	25497	25472
4:17:40	37.0	22959	23981	24986	25080	24990	25079	24350	24895	24869	24607	24505	23659	22293	22754	23078	23438	23920	23760	23818	23583	23632	24568	23334	23663	24184	25886	25218	25139	25013	24781	24784	24877	24827	24442	24379	24378	24993	24407	23842	22833	23287	23095	23443	23193	23304	23220	23006	23208	24038	23337	23543	22762	22905	22820	22798	22870	22996	23056	23477	24696	21311	20696	20854	20345	20027	20143	20423	20464	20808	21405	21953	22707	25457	25441
4:21:40	37.0	22893	23664	24915	24735	24633	25249	24480	24830	24871	24552	24214	23813	22059	22616	23109	23549	23870	23718	23611	23611	23483	24558	23089	23846	24469	25810	24987	25078	24910	24719	24611	24811	24703	24663	24182	24323	24753	24192	23547	23046	23305	23236	23189	23237	23157	23161	22979	23064	24043	23464	23416	22792	22890	22538	22795	22640	22849	22916	23403	24323	21200	20703	20820	20143	20175	20075	20358	20452	20576	21417	21980	22441	25462	25186
4:25:40	37.0	22902	23680	24802	24668	24626	24702	24255	24724	24478	24485	23969	23831	22139	22448	22927	23285	23652	23744	23513	23419	23436	24435	23097	23502	24284	25642	24787	24723	24838	24716	24658	24874	24445	24630	24037	24185	24803	24111	23429	22897	23302	23140	23150	23198	23233	23093	22862	23161	23920	23563	23405	22714	22701	22622	22609	22313	22828	22902	23277	24288	21284	20748	20715	20390	20046	19883	20145	20107	20630	21361	21702	22576	25212	25033
4:29:40	37.0	22882	23526	24519	24571	24529	25007	24215	24624	24589	24494	23762	23647	22009	22521	22936	22887	23695	23599	23196	23440	23177	24360	23055	23570	24461	25484	24501	24600	24720	24569	24533	24589	24249	24222	23847	24110	24605	24114	23355	22556	22922	23009	22953	22942	22829	22840	22863	22798	23879	23329	23202	22685	22585	22763	22447	22391	22805	22603	23193	24107	21155	20640	20676	20034	19986	20032	20368	20214	20470	21218	21936	22396	25107	24850
4:33:40	37.0	22879	23542	24581	24506	24423	24635	24186	24608	24450	24165	23687	23499	21903	22384	22867	22926	23499	23542	23386	23500	23054	24314	22883	23663	24321	25179	24379	24487	24443	24552	24361	24566	24492	24362	23873	23969	24491	24080	23249	22680	22956	22789	22931	22870	23006	22958	22683	22653	23819	23360	23188	22613	22579	22527	22626	22371	22806	22841	23347	24093	21198	20612	20482	20191	19907	19771	20308	20270	20382	21289	21719	22354	25069	24688
4:37:40	37.0	22689	23313	24317	24287	24521	24545	23993	24547	24369	24104	23535	23175	21999	22191	22687	23015	23432	23283	23050	23336	22795	24217	22839	23349	24168	25357	24382	24407	24288	24350	24281	24466	24346	23927	23474	23960	24503	24173	23099	22398	22998	22905	22717	22713	22705	22848	22479	22835	23510	23133	23010	22768	22551	22457	22368	22177	22753	22882	23088	23957	21145	20727	20408	20114	20133	19958	20080	20038	20619	21252	21607	22208	24919	24605
4:41:40	37.0	22732	23221	24171	24251	24419	24570	23986	24314	24302	23892	23349	23145	21904	22192	22681	22894	23381	23370	23195	23266	22947	24124	22841	23303	24127	24917	24164	24281	24259	24373	24286	24407	24277	23913	23496	24036	24237	24031	23025	22482	22858	22836	22725	22783	22682	22850	22593	22671	23636	23375	22905	22447	22526	22407	22545	22183	22593	22652	23191	23981	21021	20722	20530	20073	20035	19790	20016	20085	20502	21147	21821	22358	24719	24527
4:45:40	37.0	22731	23321	23986	24175	24073	24487	23837	24038	24126	23742	23270	23276	21833	21983	22608	22625	23456	23314	23154	23137	22701	23897	22796	23308	24128	24670	24057	24221	24124	24117	24029	24181	23946	23715	23182	23911	24196	23782	22778	22366	22756	22684	22759	22714	22697	22541	22506	22476	23655	23035	22710	22564	22536	22442	22488	22212	22686	22629	23180	23733	21051	20570	20527	19916	19978	19884	20108	19942	20528	21231	21470	22205	24797	24375
4:49:40	37.0	22807	23185	23886	24081	24085	24244	23747	24063	24037	23698	23159	22971	21669	21976	22665	22725	23061	23205	22885	23052	22354	23780	22744	23226	24031	24615	23926	24172	23995	24035	23722	24084	23959	23624	23206	23838	24124	23773	22712	22291	22726	22550	22784	22509	22574	22619	22432	22647	23548	22973	22881	22416	22521	22475	22486	22184	22431	22632	23223	23657	20997	20444	20483	20034	20002	19849	19870	19935	20403	21239	21398	22177	24641	24485
4:53:40	37.0	22511	23208	23837	24047	24104	24506	23534	23878	23867	23673	22706	22861	21702	22056	22445	22638	23119	23021	22914	22989	22421	23764	22704	23018	23856	24375	24032	23876	24031	23961	23796	23869	23833	23518	22987	23828	24031	23728	22583	22203	22656	22671	22433	22449	22591	22430	22340	22531	23408	22961	23024	22321	22573	22393	22319	22134	22608	22710	23235	23939	21061	20569	20474	19995	19808	19865	20175	20013	20443	21096	21368	22190	24587	24301
4:57:40	37.0	22561	23008	23687	23865	23827	24165	23486	23762	23705	23351	22904	22667	21564	21685	22322	22548	22994	22992	22794	22862	22326	23758	22457	23021	23911	24248	23863	23952	23815	23843	23619	23711	23695	23351	22648	23753	23873	23457	22688	22227	22455	22627	22398	22432	22555	22471	22179	22353	23428	23033	22847	22475	22463	22410	22331	22144	22467	22546	22867	23756	21014	20646	20471	19951	19949	19799	19965	20028	20392	21181	21464	22257	24380	24418
5:01:40	37.0	22612	22865	23630	23724	23881	24038	23459	23751	23576	23236	22569	22694	21482	21751	22195	22571	23075	22854	22757	22718	22258	23771	22367	23035	23777	24003	23780	23824	23800	23755	23646	23632	23330	23386	22623	23627	23794	23296	22449	22135	22527	22206	22192	22345	22444	22311	22124	22398	23393	22811	22890	22480	22345	22380	22307	22145	22422	22453	22763	23756	20964	20512	20421	19856	19888	19777	19835	20874	20304	21083	21384	21932	24501	23897
5:05:40	37.0	22308	22650	23699	23680	23828	23954	23221	23596	23482	23195	22656	22364	21407	21706	22152	22418	23045	22842	22372	22666	21887	23790	22395	23089	23419	23848	23420	23657	23761	23620	23473	23549	23554	23060	22649	23634	23618	23361	22371	22193	22328	22346	22185	22384	22287	22227	22122	22429	23395	22699	22937	22476	22330	22463	22223	22070	22326	22360	22924	23508	21052	20563	20252	19921	19951	19743	19868	20543	20374	21111	21264	21969	24337	23906
5:09:40	37.0	22334	22494	23307	23533	23754	23975	23006	23370	23328	23016	22187	22221	21438	21815	22259	22306	22869	22806	22580	22660	21729	23462	22225	22921	23238	23938	23561	23673	23523	23418	23064	23361	23121	22918	22415	23704	23596	23393	22523	22027	22350	22166	22123	22070	22279	22136	21836	22415	23343	22805	22934	22493	22236	22134	22200	21732	22358	22353	22709	23435	20899	20478	20293	20022	19653	19771	19845	20727	20292	20900	21257	21926	24247	23941
5:13:40	37.0	22379	22442	23187	23356	23636	23641	22890	23259	23098	22989	22323	22253	21364	21399	21989	22077	22846	22545	22397	22394	21801	23354	22094	22965	23314	23802	23375	23430	23421	23409	23229	23264	23086	22735	22096	23605	23428	23101	22177	21776	22308	22052	22071	21896	22253	21963	21883	22285	23333	22752	22743	22449	22181	22322	22132	21881	22360	22255	22636	23295	20939	20428	20281	19939	19846	19628	19873	20667	20136	21082	21335	21818	24139	23912
5:17:40	37.0	22296	22400	23087	23433	23477	23447	22841	23169	23119	22781	21985	22252	21306	21497	22149	22109	22501	22539	22307	22460	21528	23354	21881	22777	23084	23524	23325	23373	23305	23160	22970	23110	22902	22647	21957	23443	23345	22989	22511	21896	22075	22015	22038	21985	22030	21896	21798	22283	23248	22556	22612	22203	22288	22379	22241	21848	22178	22040	22798	23461	20802	20281	20108	19967	19760	19552	19756	20583	20401	21036	21055	22042	24306	23798
5:21:40	37.0	22182	22295	23010	23204	23401	23409	22847	22898	22853	22577	22005	22265	21280	21447	21789	22160	22453	22348	22227	22133	21388	23038	21877	22749	22896	23623	23286	23249	23276	23157	22869	22969	23020	22673	22003	23438	23408	22797	22241	21614	21908	21971	22067	21812	22022	21690	21763	22266	23265	22658	22582	22192	22158	22170	22063	21839	22128	22101	22432	23372	20872	20393	20208	19886	19679	19657	19805	20721	20182	21100	21061	21923	23979	23588
5:25:40	37.0	22220	22183	22982	23044	23290	23301	22531	22855	22804	22587	21844	22153	21106	21347	21941	22045	22484	22189	22047	22261	21396	23116	21701	22725	22718	23491	22941	23181	23024	22852	22806	22802	22720	22454	21810	23387	23300	22705	22081	21611	22040	21835	21833	21679	21895	21803	21487	22139	23335	22473	22638	22221	22146	22185	21850	21729	22219	21924	22412	23377	20707	20319	20236	19765	19757	19566	19637	20564	20120	20880	20907	21959	24036	23419
5:29:40	37.0	22099	22010	22924	23036	23125	23182	22516	22775	22724	22285	21777	21869	21190	21251	21872	21946	22253	22147	21938	22154	21061	22904	21642	22798	22618	23172	22908	23102	22844	22817	22645	22698	22605	22252	21596	23186	23173	22575	22115	21715	21737	21729	21575	21527	21786	21472	21640	22251	23178	22311	22607	22095	22164	22057	22134	21567	22041	21955	22252	23279	20693	20178	20147	19760	19751	19536	19687	20502	20314	20941	20890	21963	24014	23490
5:33:40	37.0	22167	21947	22692	22611	23062	23042	22375	22742	22651	22265	21770	21786	21090	21118	21781	21815	22441	21934	21754	21895	20988	22943	21668	22397	22388	23145	22847	22915	22914	22657	22681	22492	22501	22173	21320	23014	22938	22416	21889	21464	21636	21628	21605	21604	21562	21665	21346	22125	23191	22402	22493	22085	22216	22242	22087	21534	21798	21759	22324	23062	20857	20285	20032	19682	19716	19557	19623	20538	20115	20731	20840	21591	24043	23470
5:37:40	37.0	22008	22028	22844	22788	22665	22768	22373	22540	22350	22215	21456	21525	20927	21159	21887	21872	22105	21938	21844	21863	20999	22842	21536	22570	22318	22794	22797	22767	22515	22643	22223	22379	22247	21999	21389	23049	22692	22390	21707	21449	21880	21617	21309	21477	21597	21501	21276	22078	23110	22272	22447	22126	22273	22178	21928	21395	21851	21933	22275	22936	20713	20195	20161	19765	19648	19580	19710	20609	20183	20724	20837	21631	23966	23213
5:41:40	37.0	21883	21877	22392	22730	22565	22686	22257	22301	22126	21966	21390	21718	20833	21052	21569	21797	22111	21833	21737	21829	20883	22578	21437	22544	22166	22897	22564	22635	22427	22274	22439	22192	22244	21888	21291	23003	22811	22163	21696	21280	21508	21575	21456	21393	21356	21213	21294	21907	23163	22113	22413	22090	22165	22144	21895	21345	21713	21633	22217	22755	20589	20172	20066	19546	19740	19465	19654	20636	20127	20613	20851	21810	23747	23486
5:45:40	37.0	21770	21814	22379	22605	22580	22622	21849	22391	22083	21865	21291	21397	20664	21115	21563	21451	22110	21630	21702	21671	20922	22456	21355	22600	22174	22778	22378	22632	22338	22190	22252	22173	22003	21895	21082	22976	22650	22075	21743	21257	21577	21593	21206	21275	21347	21297	21128	21930	22933	22216	22673	22096	21960	22108	21777	21481	21838	21618	22161	22825	20548	20212	20125	19648	19604	19364	19596	20517	20024	20895	20808	21635	23760	23445
5:49:40	37.0	21681	21677	22375	22414	22556	22348	22088	22149	21964	21839	21143	21480	20761	21007	21416	21540	21900	21621	21387	21649	20714	22613	21211	22528	21916	22560	22385	22289	22232	22007	22095	21958	21951	21692	21108	22979	22639	22037	21537	21132	21382	21225	21137	21120	21259	21028	21154	21870	22964	22005	22376	22225	21947	21992	21947	21242	21573	21777	21967	22815	20603	20059	19985	19680	19532	19168	19603	20583	19999	20766	20676	21783	23829	23269
5:53:40	37.0	21741	21729	22297	22482	22385	22356	21941	22001	22116	21710	21152	21177	20703	20813	21467	21516	21825	21573	21369	21569	20790	22456	20956	22419	21880	22598	22121	22415	21988	21827	21873	21887	22008	21740	20875	22812	22308	21762	21631	21107	21282	21278	21225	21127	21098	21166	20752	21950	23038	22091	22468	22161	21802	22047	21689	21198	21561	21492	21783	22885	20661	20102	19989	19611	19430	19374	19695	20370	20047	20701	20644	21825	23853	23332
5:57:40	37.0	21691	21528	22111	22444	22282	22384	21764	22026	21706	21805	20937	21326	20675	21077	21460	21449	21800	21577	21486	21429	20792	22344	21052	22291	21825	22167	22045	22185	21914	21589	21869	21850	21786	21504	20791	22709	22330	21623	21483	20942	21050	21112	21032	20937	21319	20960	21026	22013	22970	21990	22363	22109	22001	21984	21383	21257	21373	21544	21849	22564	20530	19991	19947	19535	19395	19409	19468	20557	20077	20560	20617	21659	23702	23430
6:01:40	37.0	21742	21657	22074	22296	22257	22244	21667	21852	21786	21309	20934	21191	20718	20874	21427	21278	21611	21435	21264	21313	20641	22253	21108	22448	21497	22139	21987	22041	21562	21660	21526	21751	21407	21400	20807	22773	22315	21500	21318	20966	20994	20822	20975	20861	20987	20783	20870	21957	22926	21922	22587	22044	21895	22035	21547	21138	21631	21454	21678	22668	20430	20022	20050	19715	19423	19254	19417	20597	20021	20669	20659	21628	23880	23352
6:05:40	37.0	21550	21461	21857	22132	22167	22062	21559	21841	21626	21367	20974	20926	20615	20935	21165	21263	21418	21223	21053	21286	20493	22149	20782	22400	21553	22010	21828	21926	21648	21509	21582	21476	21454	21193	20809	22552	22129	21524	21277	20787	21250	20837	20826	20751	20986	20866	20891	21904	22942	21787	22155	22039	21835	21879	21426	21106	21353	21404	21785	22387	20652	20068	20105	19610	19571	19322	19384	20580	20043	20634	20547	21674	23770	23321
6:09:40	37.0	21578	21397	21745	21970	21855	21722	21526	21758	21451	21459	20740	20857	20595	20693	21176	21163	21307	21167	21068	21323	20642	22250	20834	22216	21370	22054	21827	21727	21536	21424	21544	21489	21145	21217	20681	22667	22160	21450	21325	20730	20972	20823	20846	20720	20850	20740	20805	21973	23029	21658	22310	22066	21889	21820	21446	20953	21315	21223	21493	22518	20352	19901	19983	19530	19574	19083	19437	20445	20067	20699	20498	21449	23781	23293
6:13:40	37.0	21433	21211	21736	22052	21784	21747	21299	21423	21305	21094	20534	20780	20456	20792	21285	21185	21449	21162	21067	21105	20349	21991	20533	22007	21382	21823	21510	21702	21553	21333	21377	21225	21228	20994	20615	22654	22118	21210	21223	20603	20875	20825	20631	20603	20823	20646	20656	21921	22789	21714	22276	21857	21735	21937	21378	20876	21097	21209	21457	22452	20396	19944	19903	19368	19410	19284	19396	20359	20074	20642	20419	21428	23840	23185
6:17:40	37.0	21508	21371	21534	21846	21662	21541	21226	21326	21204	21074	20635	20568	20455	20750	21144	21031	21403	21103	20966	20960	20463	21902	20562	22240	21367	21856	21667	21536	21267	20956	20991	21275	21163	21055	20594	22415	21981	20945	21238	20615	20941	20756	20518	20534	20789	20749	20568	21590	22768	21534	22278	21877	21851	21737	21326	20970	21141	21199	21449	22458	20442	19908	19903	19383	19440	19143	19333	20422	19899	20633	20419	21510	23892	23167
6:21:40	37.0	21562	21237	21262	21747	21557	21528	21126	21311	21106	20999	20322	20576	20219	20697	21047	21104	21343	20922	20751	20946	20330	21803	20539	21977	21300	21501	21497	21432	21155	21084	21172	21000	21106	20939	20404	22417	21885	20928	21078	20641	20596	20573	20641	20612	20466	20417	20438	21937	22784	21454	22377	21842	21825	21706	21382	20754	21015	20876	21224	22172	20345	19793	19871	19568	19239	18991	19325	20291	19865	20577	20309	21460	23661	23193
6:25:40	37.0	21450	21139	21259	21628	21315	21375	21020	21089	21130	21001	20347	20744	20404	20628	21226	21088	21162	20813	20735	20822	20457	21789	20498	21982	21278	21585	21521	21363	21204	21181	20935	20889	20865	20782	20355	22350	21823	20875	21068	20548	20697	20660	20517	20451	20497	20580	20251	21891	22734	21355	22206	21846	21550	21738	21199	20735	20925	20826	21183	22154	20372	19854	19900	19288	19271	19134	19343	20416	19969	20591	20383	21337	23756	23164
6:29:40	37.0	21166	21088	21145	21632	21150	21354	21039	21140	21010	20938	20298	20685	20453	20552	21011	20913	21186	20693	20645	20688	20128	21703	20515	22058	21298	21372	21239	21222	20919	20984	20815	20908	20857	20740	20463	22286	21808	20686	20961	20532	20638	20413	20338	20402	20520	20417	20202	21880	22742	21466	22031	21834	21974	21695	21227	20597	21053	20808	21132	22353	20354	19921	19802	19376	19228	19031	19459	20326	20041	20594	20450	21317	24012	23064
6:33:40	37.0	21273	21105	21102	21185	21138	21213	20755	21193	20842	20819	20240	20394	20386	20621	21056	20776	21113	20728	20675	20685	20123	21710	20272	22049	21240	21310	21042	21024	20881	20745	20611	20797	20825	20767	20417	22255	21788	20926	20944	20484	20403	20503	20474	20096	20455	20307	20387	21768	22641	21319	22125	21766	21724	21889	21214	20608	20959	20585	21130	22175	20279	19851	19794	19343	19260	19114	19506	20500	20026	20397	20370	21401	23766	23041
6:37:40	37.0	21210	20919	21042	21399	21091	21131	20834	20949	20747	20813	20118	20384	20266	20527	20884	20754	21065	20678	20666	20769	20252	21713	20283	21988	21129	21074	21116	20878	20783	20723	20577	20707	20717	20591	20171	22042	21694	20707	20866	20314	20482	20516	20421	20193	20538	20151	20276	21786	22669	21322	22107	21691	21579	21827	20984	20561	20735	20884	21108	22145	20214	19681	19707	19413	19206	19001	19278	20301	19945	20400	20179	21419	23891	23120
6:41:40	37.0	21160	20911	21032	21191	21140	21044	20802	20895	20833	20627	20241	20183	20162	20449	20935	20692	20876	20697	20494	20797	20155	21599	20298	21963	21145	21217	21156	20945	20804	20674	20638	20644	20752	20515	20311	22033	21449	20733	20865	20336	20495	20349	20355	20100	20296	20277	20193	21840	22625	21216	22213	21782	21585	21634	20882	20516	20760	20733	20983	22260	20233	19643	19526	19255	19062	18993	19318	20397	19952	20398	20319	21314	23829	22837
6:45:40	37.1	20997	20941	20884	21298	20996	21052	20634	20784	20645	20583	20184	20351	20204	20561	20950	20642	20856	20692	20440	20493	19972	21508	20132	21818	20962	21029	20902	20825	20553	20443	20614	20634	20702	20458	20105	22064	21503	20618	20755	20274	20367	20435	20381	20067	20135	20135	20272	21690	22334	21196	22161	21577	21661	21657	20835	20358	20570	20614	20864	22233	20067	19633	19634	19132	19112	18968	19295	20474	19937	20330	20444	21233	23978	23048
6:49:40	37.0	21122	20799	20800	21184	20918	20931	20272	20977	20664	20562	20053	20263	20550	20378	20748	20719	20750	20585	20598	20567	20156	21544	20301	21763	20939	20869	20924	20677	20668	20491	20496	20511	20601	20557	20121	21944	21358	20454	20635	19992	20376	20109	20326	20222	20200	20313	20192	21699	22459	21154	21925	21603	21722	21566	20924	20493	20781	20592	20742	22067	20031	19740	19617	19302	19147	18917	19508	20226	19843	20318	20187	21016	23831	22829
6:53:40	37.0	20872	20699	20753	20988	20798	20827	20456	20795	20593	20515	20041	20227	20168	20565	20931	20622	20633	20452	20498	20594	20160	21387	20166	21722	20849	20723	20944	20622	20412	20293	20223	20425	20369	20398	19956	21948	21199	20594	20732	20128	20202	20193	20330	19962	20241	20100	20101	21675	22395	21034	21825	21570	21608	21593	20655	20197	20616	20465	21011	21919	20034	19509	19632	19172	18988	18796	19418	20267	19868	20291	20204	21092	23937	22996
6:57:40	37.0	20760	20650	20798	21036	20556	20655	20249	20626	20657	20428	20137	20106	20169	20337	20808	20552	20932	20227	20339	20481	19873	21513	20137	21613	21049	20742	20638	20434	20294	20375	20401	20495	20447	20263	20033	21701	21279	20465	20721	20115	20177	20350	20142	20078	20148	20122	19948	21764	22342	21089	22165	21578	21463	21714	20791	20306	20565	20445	20787	21932	20224	19574	19488	19113	19152	18896	19484	20211	19804	20504	20232	21192	23979	22941
7:01:40	37.0	20692	20724	20676	20956	20567	20705	20268	20668	20446	20512	20097	20141	20229	20378	20690	20482	20633	20310	20402	20352	19962	21490	20318	21581	20851	20706	20613	20446	20369	20163	20322	20385	20321	20251	19943	21931	21266	20321	20797	20005	20150	20146	20069	20084	20029	19950	20041	21470	22351	21116	21915	21652	21442	21606	20564	20183	20492	20304	20482	21895	20076	19672	19678	19145	18935	18869	19281	20395	19704	20269	20219	20961	23890	23073
7:05:40	37.0	20762	20505	20668	20709	20426	20578	20252	20496	20447	20306	20145	20056	20094	20348	20773	20588	20742	20372	20340	20308	20070	21587	19927	21574	20947	20405	20538	20439	20332	20292	20413	20270	20210	20350	20070	21730	21158	20595	20596	20017	20127	20150	20208	20153	20270	20147	20175	21522	22201	20825	21877	21346	21493	21556	20472	20286	20330	20151	20489	22027	20004	19435	19413	19107	19085	18582	19176	20215	19816	20213	20215	21043	23959	22981
7:09:40	37.0	20633	20574	20768	20729	20510	20555	20274	20557	20326	20580	20007	20047	20090	20350	20764	20443	20583	20316	20377	20238	19960	21441	20101	21441	20593	20503	20497	20294	20380	20197	20177	20407	20252	20217	19953	21565	21081	20349	20685	19976	20166	20129	20027	19955	20019	20052	19988	21442	22185	20670	22042	21546	21454	21533	20526	20142	20421	20285	20395	21792	20016	19411	19513	19010	18986	18691	19224	20337	19664	20400	20195	20913	23961	23048
7:13:40	37.0	20705	20543	20594	20754	20313	20240	20155	20467	20287	20304	19995	19861	19947	20219	20930	20471	20554	20354	20389	20228	19967	21360	20027	21376	20716	20300	20465	20301	20233	20244	20422	20239	20173	20170	19951	21612	21090	20397	20642	19858	19910	20074	20088	20010	19979	20055	19918	21335	22274	20863	21689	21453	21328	21593	20481	20049	20336	20182	20308	21899	20171	19456	19415	19050	18917	18617	19139	20136	19841	20347	20211	20992	23822	23153
7:17:40	37.0	20577	20536	20535	20666	20375	20306	20110	20432	20402	20385	19994	19948	20085	20343	20776	20410	20491	20257	20299	20473	19914	21432	20049	21584	20570	20348	20310	20404	20104	20038	20090	20197	20183	20108	19951	21549	21121	20233	20544	19910	20206	19863	20117	19946	19996	20073	20040	21287	22362	20768	21774	21494	21553	21432	20359	20106	20166	20238	20304	21747	19947	19479	19491	18997	19035	18586	19459	20218	19833	20247	20298	20878	23904	23254
7:21:40	37.0	20663	20367	20467	20728	20333	20255	20360	20339	20278	20166	19942	20022	20038	20191	20685	20430	20527	20288	20290	20201	19962	21483	19895	21532	20753	20200	20354	20270	20100	19858	20110	20137	20156	20213	19861	21554	21080	20272	20374	19808	19979	20107	19998	19888	19905	19982	19977	21262	22331	20713	21769	21531	21381	21191	20367	20033	20184	20121	20217	21781	19872	19331	19626	18975	18803	18779	19362	20135	19661	20226	20115	20810	23864	23004
7:25:40	37.0	20518	20428	20494	20602	20335	20188	20253	20483	20377	20340	20023	20016	19927	20223	20617	20367	20478	20182	20120	20239	19959	21378	20031	21592	20457	20304	20194	20214	20176	19964	20282	20125	20180	20075	19964	21428	20982	20196	20372	19927	20021	19941	20144	20003	20123	20011	19998	21246	22278	20743	21725	21416	21178	21186	20421	20032	20012	19993	20265	21840	19948	19429	19326	19011	18837	18475	19249	20190	19781	20211	20231	20780	23935	22973
7:29:40	37.1	20477	20316	20395	20592	20217	20348	20178	20302	20416	20141	20039	19969	19990	20149	20839	20323	20360	20178	20101	20176	19902	21593	20000	21326	20552	20264	20316	20308	20140	19915	20133	20165	20096	20051	19921	21529	20951	20236	20357	19866	20076	19987	20040	19795	20083	20010	20026	21525	22071	20607	21637	21287	21166	21097	20485	19896	20230	20019	20317	21784	19749	19451	19424	19170	18787	18614	19260	20070	19795	20078	20192	20851	24045	22911
7:33:40	37.0	20339	20177	20324	20520	20302	20261	20112	20344	20247	20175	20150	20046	19975	20037	20822	20375	20448	20265	20268	20321	20021	21459	19930	21407	20561	20087	20376	20098	20108	19867	20126	20158	20156	20174	19806	21465	20986	20287	20606	19807	19982	20016	20053	19866	20015	19941	19944	21198	22069	20718	21655	21057	21220	21215	20262	20139	20123	19948	20138	21735	19895	19399	19358	18907	18953	18575	19180	20193	19984	20282	20375	20759	23894	22816
7:37:40	37.0	20393	20358	20320	20418	20329	20256	19935	20285	20149	20206	19846	19966	19960	19967	20619	20198	20343	20225	20116	20230	19929	21356	19858	21342	20524	20102	20248	20133	20183	20142	20107	20128	20034	20028	19817	21477	20972	20251	20278	19924	19951	19961	20003	19971	20129	19925	20020	21126	21996	20534	21586	21105	21224	21215	20176	19865	19968	19907	20086	21602	19874	19496	19303	18936	18780	18486	19130	20022	19903	20147	20106	20733	24040	23039
7:41:40	37.0	20484	20301	20188	20320	20293	20267	20046	20358	20085	20359	19980	20035	20018	20299	20713	20313	20459	20232	20019	20164	19845	21457	20004	21082	20388	20112	20039	20014	20185	20011	20205	20082	20143	20115	19966	21297	20775	20127	20353	19818	20136	19909	19969	19901	19957	19940	19919	21285	22023	20608	21490	21223	21278	21218	20290	19849	20138	19956	20150	21636	19726	19327	19373	18840	18735	18543	19285	20191	19765	19957	20353	20804	23845	23126
7:45:40	37.0	20454	20173	20342	20385	20145	20279	20098	20314	20273	20281	19777	19877	19910	19967	20494	20251	20460	20210	20213	20274	19873	21397	19894	21221	20337	19936	20198	20040	20050	20010	20008	20286	20156	20212	19861	21360	20753	20045	20248	19762	19865	19956	20074	19866	19950	19961	19954	21308	21898	20288	21676	20991	21236	20895	20228	19891	20055	19943	20040	21699	19700	19312	19488	18869	18873	18454	19005	19905	19823	20154	20126	20848	23818	22987
7:49:40	37.0	20244	20157	20168	20312	20217	20171	19904	20386	20268	20312	19922	19844	20079	20131	20663	20255	20309	20186	20280	20283	20063	21670	19908	21312	20393	20019	19954	20042	19981	19915	20115	20097	20123	20186	19912	21381	20779	20098	20288	19788	19961	19872	20205	20086	20037	19964	20049	21269	21865	20474	21416	21057	21150	21079	20218	19839	19992	19858	20039	21644	19832	19325	19358	18792	18946	18408	19178	20040	19779	20083	20096	20743	23943	22843
7:53:40	37.0	20233	20271	20350	20372	20164	20175	19991	20183	20205	20309	19818	19906	19755	20124	20659	20325	20604	20173	20176	20304	19956	21596	19980	21206	20382	19869	20118	19975	19953	19859	20189	20094	19993	20126	19739	21290	20743	20109	20325	19654	19795	19928	19953	20052	20048	20090	19996	21127	21962	20482	21443	21007	21174	21152	20190	19811	19919	19774	19912	21674	19583	19260	19325	18827	18712	18398	19241	20125	19712	20129	20218	20728	23949	22930
7:57:40	37.0	20444	20096	20308	20220	20214	20046	19971	20239	20232	20152	19709	19973	19730	19992	20636	20383	20380	20173	20193	20138	20018	21374	20043	21182	20428	19856	20056	19936	19887	19973	20093	20262	19929	20098	19813	21091	20755	20016	20242	19777	20016	20010	20007	19950	20087	20011	20075	21160	21806	20364	21575	21046	21264	20908	20162	19933	20136	19981	19994	21510	19588	19190	19375	18788	18692	18301	19137	20129	19720	20224	20139	20580	24008	22790
8:01:40	37.0	20316	20087	20374	20376	20121	20266	20008	20225	20216	20283	19827	19855	19838	20305	20600	20277	20446	20132	20147	20008	19735	21414	19920	21074	20144	19949	20194	19958	19921	19930	20064	20226	19993	20163	19842	21171	20683	20056	20154	19508	20017	19945	20049	19936	20023	19881	20114	21130	21750	20410	21290	21051	20922	20991	20020	20030	20078	19734	20006	21367	19792	19124	19173	18854	18809	18232	19259	20140	19739	20140	20096	20869	23949	22894
8:05:40	37.0	20185	20091	20299	20431	20075	20243	20011	20298	20243	20143	19780	20045	19878	20226	20559	20148	20264	20246	20304	20080	19947	21505	19933	20991	20271	20102	20063	19785	20008	20040	20029	20072	20331	20132	19870	21116	20536	19977	20305	19893	20139	19899	19875	19924	19955	20005	20008	21039	21867	20280	21300	21127	21204	20940	20005	20051	20197	19838	20054	21474	19602	19377	19211	18796	18711	18199	19033	20133	19719	20018	20183	20541	23937	22888
8:09:40	37.0	20143	20027	20260	20409	20055	20032	19835	20291	20317	20141	19843	19976	19944	19987	20419	20304	20309	20102	20276	20202	19816	21463	20038	21071	20210	20229	20182	20097	20138	19981	20207	20008	19985	20172	19690	21312	20571	19924	20134	19810	19922	20040	20080	19751	19956	19966	20150	21180	21903	20417	21373	20890	20927	20923	20016	19998	19955	19945	20090	21272	19638	19123	19337	18840	18742	18196	19137	20013	19796	20120	20243	20753	24007	22880
8:13:40	37.0	20255	19904	20302	20378	20192	20270	19922	20077	20294	20220	19959	19813	19720	19980	20604	20239	20390	20297	20054	20149	19894	21293	19993	20944	20249	20056	19965	20050	19857	19916	19992	20115	20088	19980	19787	21223	20605	20136	20314	19734	20003	19989	20120	19885	20144	20038	19925	21147	21793	20254	21248	20990	20931	20721	20134	20003	19994	19854	20006	21636	19542	19196	19314	18788	18667	18342	19080	20140	19881	20015	20161	20553	24031	22915
8:17:40	37.0	20209	19919	20178	20349	20272	20034	20097	20277	20199	20159	19707	19918	19898	20079	20505	20152	20220	20067	20205	20291	19769	21513	20142	21063	20164	19833	20137	19957	20046	20093	20081	20153	19967	20068	19862	21116	20594	20046	20126	19767	19918	20120	19872	19837	20147	19944	20020	21102	21740	20235	21352	20823	20913	20747	19923	19814	20016	19894	19932	21358	19704	19121	19193	18683	18685	18293	19132	20204	19846	20160	20122	20530	24007	22769
8:21:40	37.0	20021	19847	20226	20264	20015	20215	19981	20385	20180	20299	19770	19850	19857	20219	20685	20169	20354	20171	20266	20322	19703	21496	19956	20906	20152	19999	20100	19989	20067	20004	19988	19947	20029	20170	19835	21101	20431	19859	20291	19775	19879	19948	20068	19964	20010	19975	20054	20991	21727	20107	21310	20865	20938	20807	20012	19937	20068	20034	20034	21515	19394	19216	19101	18696	18738	18368	19077	20123	19779	20030	20105	20676	24094	22828
8:25:40	37.0	19995	19938	20242	20310	20186	20175	20058	20250	20272	20179	19851	19968	19925	20147	20500	20162	20405	19964	20068	20267	19759	21415	20040	21075	20096	19925	19904	20076	20005	19969	20017	20054	20169	20028	19627	21492	20532	20245	20229	19864	20035	19886	19933	19928	20018	20038	20169	21078	21671	20329	21262	20654	20936	20852	19966	19959	20005	19942	20030	21264	19647	18952	19118	18654	18574	18374	19107	20198	19749	20296	20241	20478	24146	22817
8:29:40	37.0	20124	19841	20212	20391	20197	20031	20051	20229	20218	20011	19697	20042	19818	19971	20563	20224	20396	20230	20202	20233	19903	21401	20011	21076	20084	20055	19976	20088	19901	20020	20142	20174	20003	20210	20038	21152	20528	20070	20283	19790	20006	20019	19883	19837	20220	20214	20074	21111	21636	20080	21140	20981	20851	20727	19849	19985	20074	19995	19902	21374	19433	19020	19109	18724	18620	18238	18924	20112	19935	20227	20260	20584	23872	22591
8:33:40	37.0	19982	20042	20122	20374	20154	20168	19964	20183	20138	20018	19872	19943	19848	20013	20466	20276	20411	20227	20046	20130	19939	21491	19885	20869	20078	20032	20043	19909	19873	19893	20124	20142	20137	20061	19863	21097	20438	19892	20233	19719	19991	20089	19930	19944	19945	19971	19980	21043	21752	20212	21190	20913	20821	20726	20035	19933	20060	19807	20097	21338	19667	18879	19086	18611	18456	18430	19182	20047	19966	20158	20163	20496	24080	22466
8:37:40	37.0	20025	20038	20247	20267	20219	20162	19904	20225	20033	20184	19718	19880	19711	19964	20580	20283	20407	20263	20292	20164	19833	21374	19976	21065	20054	20052	20084	20090	20020	19880	20113	20188	20078	20058	19724	21013	20424	19908	20296	19696	20065	19904	20153	19847	20036	20050	19904	21093	21747	20394	20865	20891	20864	20642	19887	19921	20085	19857	19957	21534	19623	18957	18976	18709	18708	18414	19030	20207	19737	19959	20184	20432	23986	22487
8:41:40	37.0	20042	19938	20212	20230	20108	19988	19957	20138	20133	20191	19859	19886	19753	20152	20476	20260	20435	19921	20316	20068	19907	21356	19921	20952	19961	19988	20097	19976	19837	19941	20174	20086	19941	19909	19624	21249	20472	19913	20076	19754	19883	19840	19940	20021	19991	19909	19888	20985	21674	20171	21024	20796	20757	20781	20028	19899	20060	19863	20094	21625	19402	19201	19136	18706	18695	18591	19149	20137	19798	20269	20240	20630	23988	22462
8:45:40	37.0	19961	19753	20130	20307	20057	20002	19925	20270	20213	20119	19654	19949	19759	19959	20467	20232	20559	20293	20209	20194	19782	21523	19987	21060	20009	20012	20093	19901	20153	19892	19997	20071	20086	19912	19802	21230	20591	19972	20372	19783	20106	19961	20068	19936	20078	20025	20045	21124	21407	20153	21115	20710	20685	20668	19816	19933	19986	19771	20066	21419	19473	19065	19104	18678	18484	18836	19080	20083	19791	20241	20260	20664	24082	22505
8:49:40	37.0	19965	19860	20147	20289	20165	19993	19954	20209	20193	20175	19721	19891	19731	20158	20481	20308	20529	20100	20156	20264	19678	21418	19938	21159	20037	20086	19946	19976	20008	19972	20117	19857	20053	19847	19647	21126	20632	19948	20240	19772	20111	19828	20140	19970	20104	20076	20061	21017	21524	20148	21024	20703	20703	20419	19955	19892	20033	19860	19936	21301	19420	19128	19127	18510	18544	18893	19050	20119	19861	20180	20430	20762	24169	22416
8:53:40	37.0	19896	19832	20131	20267	20208	20109	20120	20185	20087	20204	19815	19863	19843	20010	20665	20174	20264	20262	20335	20098	19907	21415	19996	21131	19940	20002	20115	20091	20076	19867	20107	20010	19940	19836	19776	21312	20521	19854	20184	19851	20075	19814	19774	19709	19917	20250	20041	21120	21428	20169	20820	20829	20740	20584	20033	19955	19984	19908	20091	21336	19679	18934	18962	18627	18519	18894	19134	20451	19840	20085	20254	20559	24311	22281
8:57:40	37.0	19979	19769	20172	20399	20210	20111	20070	20199	20210	20047	19771	19765	19764	20071	20400	20168	20259	20228	20187	20214	19746	21478	19864	21044	19788	19813	20111	20031	19853	20079	19804	19949	19837	20168	19551	21052	20481	19843	20124	19815	19917	19944	19977	19875	20020	20007	19900	21106	21426	20015	20877	20573	20610	20693	19966	19836	19932	19658	20166	21160	19473	18775	18942	18604	18459	19082	19048	20192	19719	20108	20159	20670	24229	22182
9:01:40	37.0	19916	19889	20008	20296	20022	20199	19922	20283	20178	20042	19783	19899	19880	20135	20597	20201	20386	20200	20210	20124	19847	21454	20031	20958	20071	20112	20010	20036	20114	20049	20007	20142	20073	20037	19820	21112	20419	19817	20301	19679	20104	20038	20011	19943	20022	20037	20082	21113	21331	20037	20911	20671	20613	20540	19861	20068	20108	20041	20047	21242	19642	18955	18903	18534	18560	19012	19100	20294	20015	20144	20284	20570	24402	22287
9:05:40	37.1	19971	19848	20136	20158	20230	20187	19993	20172	20042	19980	19726	19890	19820	20008	20493	20288	20405	20127	20332	20209	19681	21451	19986	21095	19917	19946	19993	19762	19926	19952	19997	20038	20018	20070	19647	21382	20360	19873	20157	19764	19953	19934	19913	19953	20025	19986	20031	21063	21467	19942	20989	20718	20608	20528	19858	19990	20058	19996	20061	21197	19292	18920	18926	18454	18510	19263	19119	20278	19769	19957	20318	20633	24272	22425
9:09:40	37.0	19852	19813	20131	20377	20067	20164	19834	20229	20093	20007	19734	19923	20147	20133	20557	20273	20476	20286	20168	20252	19693	21314	20013	21056	19916	19953	19984	20051	19994	19944	19945	19970	20024	20014	19737	21267	20455	19774	20199	19693	19903	19978	20087	19825	20037	19853	19830	21202	21390	19896	20706	20507	20606	20642	19901	20047	20136	19940	19922	21380	19493	18876	18821	18451	18421	19225	19143	20157	19858	20081	20189	20716	24069	22337
9:13:40	37.0	19835	19825	20108	20235	20217	20074	20115	20192	20199	19972	19694	19834	19925	20131	20387	20207	20386	20178	20112	20308	19777	21356	19832	20925	19812	19938	19981	20045	19899	20000	19857	19976	20125	19948	19681	21261	20434	19779	20089	19800	20020	19934	20103	19807	20134	19852	19930	21025	21362	20007	20784	20668	20531	20496	19928	19975	19855	19918	20058	21163	19358	18960	18954	18471	18365	19358	19109	20085	19860	20121	20230	20926	24344	22241
9:17:40	37.0	19830	19724	20164	20310	20004	20092	19962	20213	19965	20116	19830	19915	19837	19981	20518	20160	20315	20118	19997	20076	19738	21331	19995	21127	19902	20030	19927	20029	20091	19991	20117	20039	19918	19894	19873	20953	20492	19897	20115	19719	20151	19831	19911	19901	19876	20008	19961	21162	21537	19907	20833	20751	20495	20344	19844	20000	19937	19970	20066	21225	19469	18900	18984	18454	18415	19006	18952	20324	19780	20261	20245	20527	24191	22090
9:21:40	37.0	19940	19694	20077	20298	20274	20227	19900	20103	20126	20041	19702	19709	19765	20071	20555	20228	20310	20131	20223	20161	19839	21428	19834	21168	19993	20005	20102	19986	19957	19798	20075	20038	19921	19863	19786	21074	20411	19908	20335	19694	20198	19874	20057	19714	20025	19918	20034	21075	21363	19939	20837	20452	20379	20607	19855	20000	19992	19936	20061	21409	19112	18772	18929	18512	18370	19281	19188	20390	20111	20000	20227	20693	24144	22359
9:25:40	37.0	19806	19860	20153	20453	20055	20130	19966	20084	20084	20162	19768	19863	19744	20049	20592	20238	20415	20189	19988	20224	19747	21319	19954	21191	19823	20048	20000	19944	19897	19944	20016	19900	20119	19902	19722	21007	20260	19968	20296	19766	19942	19921	20039	19692	20138	20049	19957	21024	21212	19848	20676	20518	20534	20542	20054	20011	19958	19964	19991	21283	19395	19082	19055	18488	18496	19256	19084	20167	19832	20094	20229	20856	24097	22248
9:29:40	37.0	19793	19765	20107	20371	20183	20261	19805	20188	20094	20084	19675	19823	19715	19985	20574	20300	20494	20119	20198	20022	19766	21374	20088	21026	19678	20114	19979	19964	19988	19849	19936	20187	20163	19965	19735	21241	20453	20058	20034	19612	20124	19973	19958	19830	19992	20040	20061	21075	21292	19783	20787	20448	20382	20298	19863	19914	20094	20058	20059	21191	19179	18745	18943	18418	18364	19348	19119	20196	19953	20304	20104	20713	24072	21990
9:33:40	37.1	19655	19681	20261	20251	20049	20071	19973	20150	20074	20111	19889	19805	19794	19909	20537	20431	20464	20220	20088	20207	19633	21254	20007	21070	19917	20061	20133	20015	19933	19956	19970	19954	19926	19914	19677	21085	20265	19941	20057	19802	20291	20013	20062	19866	20089	19961	19982	21179	21232	19742	20779	20620	20487	20291	19946	19917	19986	20048	19982	21192	19379	18828	18807	18457	18341	19445	19044	20293	19976	19981	20290	20792	24130	21893
9:37:40	37.0	19777	19782	20112	20531	20069	20046	19980	20161	20040	20119	19729	19945	19845	20145	20719	20281	20379	20242	20202	20043	19821	21378	20131	21008	19833	20014	19926	20102	19921	20027	20096	19958	19966	19798	19828	21190	20267	19834	20226	19852	19984	20128	20027	19937	19917	19980	20045	21135	21114	19855	20740	20438	20376	20521	19875	20104	20081	19929	20079	21377	19201	18785	18871	18400	18391	19316	19164	20295	20000	20132	20233	20621	24089	22055
9:41:40	37.0	19881	19840	20314	20333	20123	20177	19967	20250	20001	20143	19791	19879	19842	20046	20617	20195	20360	20242	20230	20091	19655	21393	19937	21025	19827	20019	20114	19948	19959	19782	20005	19950	20000	19966	19777	20961	20200	19788	20089	19784	19954	20025	19988	19974	19817	20029	20124	21046	21158	19786	20705	20554	20368	20395	19980	20128	19967	19999	20053	21120	19298	18794	18920	18444	18280	19290	19125	20313	20144	20099	20188	20569	24035	21983
9:45:40	37.0	19835	19899	20267	20270	20195	20163	19946	20073	20111	19952	19952	19928	19898	20266	20546	20225	20413	20046	20221	20136	19743	21395	19974	21010	19820	20086	20053	20054	20029	19965	20049	19956	19974	20069	19698	21142	20409	19788	20282	19951	19921	20025	20033	19861	19929	19990	19948	21148	21235	19745	20617	20575	20334	20472	20170	20173	20065	19835	20104	21256	19313	18759	18943	18316	18327	19164	19105	20428	19930	20191	20317	20771	23908	21856
9:49:40	37.0	19951	19835	20303	20382	20165	20265	19869	20069	19951	19962	19801	19954	19891	20160	20597	20282	20331	20158	20213	20061	19797	21407	19818	20862	19867	19940	20091	20143	19908	19772	19848	19923	20006	19931	19706	21150	20187	19799	20212	19856	19881	19858	19976	19911	20036	19968	19853	21182	21032	19736	20589	20388	20348	20357	20044	20163	20159	19933	20021	21331	19300	18799	18739	18329	18293	19322	19062	20481	19952	20102	20256	20688	24052	21815
9:53:40	37.0	19752	19822	20037	20300	19982	20013	19915	20189	20047	20030	19712	19787	19890	20104	20527	20426	20196	20129	20131	20095	19680	21255	19973	20826	19902	20047	20138	19982	19922	19925	20085	19989	19859	19811	19845	21143	20137	19717	20162	19731	19982	20017	19956	19909	19923	19936	20041	21307	21114	19750	20412	20359	20457	20335	19829	20012	20018	19943	20103	21142	19249	18716	18861	18343	18276	19394	19195	20312	19985	20135	20208	20620	23812	21710
9:57:40	37.0	19731	19845	20117	20269	20083	20027	19984	19991	20055	19927	19706	19946	19751	20074	20574	20287	20359	20209	20322	20178	19860	21383	19976	20993	19740	20077	19955	20067	20016	19776	20023	20039	19941	19946	19772	21001	20272	19855	20068	19911	19944	19920	19816	19878	19950	19934	20146	21050	21196	19834	20545	20495	20407	20365	20061	20105	19905	19962	20192	21274	19132	18690	18830	18380	18242	19369	19101	20372	20122	20115	20203	20657	23771	21771
0:00:00																																																																											
0:00:00																																																																											
0:00:00																																																																											
0:00:00																																																																											
0:00:00																																																																											
0:00:00																																																																											
0:00:00																																																																											
0:00:00																																																																											
0:00:00																																																																											
0:00:00																																																																											
0:00:00																																																																											
0:00:00																																																																											
0:00:00																																																																											
0:00:00																																																																											
0:00:00																																																																											
0:00:00																																																																											
0:00:00																																																																											
0:00:00																																																																											
0:00:00																																																																											
0:00:00																																																																											
0:00:00																																																																											
0:00:00																																																																											
0:00:00																																																																											
0:00:00																																																																											
0:00:00																																																																											
0:00:00																																																																											
0:00:00																																																																											
0:00:00																																																																											
0:00:00																																																																											
0:00:00																																																																											
0:00:00																																																																											

BFP and GFP:485,510

Time	T° BFP and GFP:485,510	B1	B2	B3	B4	B5	B6	B7	B8	B9	B10	B11	B12	C1	C2	C3	C4	C5	C6	C7	C8	C9	C10	C11	C12	D1	D2	D3	D4	D5	D6	D7	D8	D9	D10	D11	D12	E1	E2	E3	E4	E5	E6	E7	E8	E9	E10	E11	E12	F1	F2	F3	F4	F5	F6	F7	F8	F9	F10	F11	F12	G1	G2	G3	G4	G5	G6	G7	G8	G9	G10	G11	G12	H11	H12
0:02:26	37.0	1369	1431	1343	1396	1376	1420	1317	1333	1336	1340	1335	1342	1350	1326	1350	1234	1328	1337	1322	1320	1208	1313	1321	1368	1319	1428	1266	1359	1354	1377	1353	1325	1386	1361	1316	1433	1363	1374	1335	1314	1342	1280	1278	1330	1311	1317	1314	1401	1275	1359	1401	1428	1407	1390	1350	1250	1350	1359	1248	1383	1234	1164	1350	1334	1341	1239	1315	1185	1180	1308	1187	1378	1286	1346
0:06:26	37.0	1355	1440	1281	1384	1392	1391	1334	1360	1324	1317	1196	1360	1322	1298	1341	1205	1324	1339	1311	1314	1192	1317	1311	1367	1309	1326	1282	1366	1337	1388	1394	1349	1402	1376	1319	1428	1374	1323	1310	1335	1336	1268	1284	1313	1329	1295	1294	1388	1313	1397	1370	1428	1386	1432	1317	1215	1376	1361	1227	1393	1295	1189	1322	1299	1322	1211	1320	1201	1169	1302	1155	1356	1232	1390
0:10:26	37.0	1402	1440	1278	1388	1410	1416	1363	1349	1349	1344	1210	1425	1334	1319	1238	1197	1310	1355	1341	1310	1200	1306	1347	1361	1328	1278	1301	1398	1361	1365	1375	1346	1384	1377	1347	1442	1359	1337	1333	1358	1331	1275	1299	1358	1349	1348	1295	1428	1290	1421	1411	1431	1422	1402	1352	1215	1361	1401	1225	1440	1283	1260	1363	1338	1356	1190	1351	1165	1143	1299	1134	1392	1249	1419
0:14:26	37.0	1393	1430	1254	1425	1414	1413	1359	1415	1362	1377	1200	1405	1239	1303	1251	1168	1329	1348	1339	1333	1164	1318	1341	1366	1331	1261	1276	1416	1351	1390	1378	1346	1399	1379	1364	1459	1369	1341	1324	1345	1306	1295	1293	1375	1335	1344	1299	1418	1269	1400	1406	1438	1403	1437	1324	1185	1377	1384	1204	1445	1269	1305	1329	1366	1350	1167	1324	1157	1148	1325	1137	1364	1227	1414
0:18:26	37.0	1443	1461	1230	1434	1424	1447	1383	1402	1342	1408	1183	1432	1255	1293	1229	1188	1335	1345	1332	1301	1146	1338	1334	1367	1345	1251	1268	1373	1377	1380	1254	1322	1396	1385	1354	1432	1379	1356	1299	1364	1335	1297	1284	1394	1336	1319	1312	1407	1313	1409	1403	1468	1409	1369	1394	1183	1387	1373	1195	1454	1221	1163	1354	1336	1342	1160	1335	1111	1114	1340	1140	1359	1205	1439
0:22:26	37.0	1404	1452	1227	1482	1433	1474	1374	1406	1399	1427	1161	1439	1223	1292	1218	1155	1371	1340	1338	1341	1135	1344	1361	1337	1328	1227	1271	1380	1357	1382	1262	1308	1413	1464	1155	1466	1397	1339	1310	1396	1343	1316	1303	1389	1322	1338	1326	1391	1336	1416	1424	1451	1446	1301	1389	1160	1408	1431	1162	1445	1189	1173	1346	1367	1359	1149	1369	1131	1121	1302	1126	1374	1228	1455
0:26:26	37.0	1447	1459	1228	1441	1420	1471	1403	1438	1400	1444	1185	1459	1216	1325	1234	1135	1353	1343	1339	1323	1127	1332	1394	1368	1288	1210	1254	1379	1375	1432	1264	1294	1439	1434	1137	1434	1370	1359	1296	1383	1368	1307	1321	1413	1356	1354	1315	1390	1320	1409	1429	1485	1453	1252	1398	1162	1427	1417	1192	1439	1182	1196	1385	1344	1379	1149	1338	1137	1128	1350	1131	1372	1205	1441
0:30:26	37.0	1440	1487	1206	1430	1455	1500	1388	1438	1349	1411	1133	1447	1152	1288	1170	1147	1351	1338	1123	1355	1128	1323	1358	1319	1338	1191	1251	1427	1419	1424	1262	1275	1453	1432	1159	1464	1408	1338	1308	1345	1314	1289	1286	1383	1177	1337	1288	1375	1324	1440	1418	1527	1490	1249	1398	1151	1400	1424	1149	1419	1247	1233	1317	1314	1356	1156	1346	1086	1109	1321	1098	1323	1222	1463
0:34:26	37.0	1427	1465	1191	1464	1432	1485	1387	1432	1395	1457	1162	1442	1139	1260	1135	1107	1359	1346	1108	1326	1106	1309	1351	1333	1323	1219	1262	1382	1395	1398	1262	1275	1439	1436	1128	1432	1397	1295	1269	1376	1307	1273	1304	1423	1133	1346	1295	1349	1336	1418	1463	1464	1439	1218	1395	1171	1444	1409	1149	1427	1205	1216	1322	1349	1368	1136	1308	1093	1072	1318	1074	1303	1169	1471
0:38:26	37.0	1422	1436	1168	1427	1431	1489	1388	1409	1365	1439	1157	1454	1103	1286	1120	1100	1334	1318	1074	1333	1097	1296	1323	1310	1289	1185	1236	1385	1370	1392	1219	1206	1456	1420	1100	1446	1386	1311	1279	1342	1294	1272	1315	1388	1098	1301	1286	1359	1307	1425	1425	1472	1442	1182	1391	1148	1412	1382	1124	1423	1207	1216	1303	1303	1366	1099	1306	1081	1074	1310	1077	1301	1162	1444
0:42:26	37.0	1394	1421	1191	1444	1411	1465	1376	1409	1363	1440	1137	1409	1102	1230	1113	1116	1322	1300	1091	1302	1084	1274	1305	1294	1275	1163	1189	1387	1374	1385	1223	1205	1424	1397	1099	1442	1352	1275	1216	1337	1276	1284	1285	1368	1082	1311	1279	1372	1302	1412	1422	1457	1451	1204	1384	1128	1410	1402	1114	1390	1193	1144	1269	1288	1321	1068	1301	1036	1088	1289	1074	1284	1199	1443
0:46:26	37.0	1403	1410	1149	1406	1432	1420	1330	1395	1344	1413	1127	1385	1081	1205	1084	1075	1277	1288	1080	1277	1065	1274	1288	1274	1296	1137	1161	1368	1356	1370	1204	1200	1400	1354	1107	1391	1331	1262	1253	1305	1271	1234	1267	1341	1092	1273	1284	1311	1270	1371	1361	1487	1429	1160	1396	1131	1392	1362	1121	1372	1159	1145	1262	1285	1334	1070	1270	1071	1068	1290	1049	1257	1156	1429
0:50:26	37.0	1383	1366	1128	1390	1378	1406	1351	1390	1345	1392	1090	1365	1070	1083	1071	1055	1283	1274	1066	1075	1047	1277	1278	1242	1270	1132	1171	1344	1338	1347	1197	1168	1391	1351	1105	1403	1312	1235	1197	1290	1262	1241	1244	1348	1052	1289	1250	1271	1247	1338	1388	1432	1394	1159	1374	1114	1379	1386	1076	1386	1129	1143	1241	1267	1285	1040	1253	1031	1044	1260	1052	1239	1169	1420
0:54:26	37.0	1333	1338	1107	1378	1336	1370	1337	1364	1298	1378	1066	1308	1064	1069	1055	1047	1249	1235	1018	1011	1045	1197	1256	1207	1228	1142	1158	1328	1300	1347	1178	1167	1364	1349	1074	1359	1295	1187	1191	1266	1226	1214	1202	1297	1042	1233	1217	1241	1247	1351	1361	1429	1399	1123	1346	1079	1371	1318	1074	1325	1125	1095	1218	1231	1253	1010	1211	1029	1041	1216	1014	1225	1148	1377
0:58:26	37.0	1310	1346	1103	1371	1317	1366	1311	1367	1296	1377	1074	1319	1038	1078	1053	1034	1254	1194	1032	1000	1031	1197	1210	1213	1228	1104	1158	1287	1300	1314	1164	1127	1365	1336	1057	1311	1263	1165	1171	1219	1207	1195	1175	1289	1025	1230	1194	1221	1231	1068	1326	1397	1383	1102	1341	1067	1358	1281	1074	1315	1089	1092	1206	1186	1245	1011	1217	1027	1036	1193	1026	1175	1155	1390
1:02:26	37.0	1336	1322	1077	1343	1335	1334	1294	1358	1242	1343	1053	1293	1018	1017	1017	1008	1209	1205	1015	1017	1012	1172	1200	1169	1210	1091	1130	1253	1264	1297	1140	1115	1317	1304	1057	1293	1219	1151	1141	1203	1175	1143	1183	1224	1026	1193	1166	1190	1230	1058	1308	1394	1383	1092	1299	1054	1310	1316	1056	1284	1050	1085	1190	1199	1211	1017	1181	991	1005	1195	1007	1174	1149	1395
1:06:26	37.0	1271	1284	1055	1303	1299	1314	1257	1278	1275	1291	1067	1264	980	1015	989	1001	1174	1174	976	964	984	1138	1174	1142	1180	1061	1098	1241	1241	1281	1100	1112	1281	1288	1021	1268	1185	1131	1100	1166	1150	1152	1134	1235	1002	1184	1142	1198	1183	1046	1299	1342	1363	1079	1280	1043	1292	1274	1029	1264	1072	1044	1149	1157	1203	1001	1161	968	1010	1153	1004	1133	1153	1345
1:10:26	37.0	1276	1297	1060	1268	1254	1270	1252	1252	1230	1280	1038	1256	970	975	999	991	1126	1127	973	976	969	1123	1150	1157	1135	1030	1084	1229	1215	1238	1065	1055	1300	1247	1004	1267	1169	1097	1064	1139	1114	1117	1097	1163	978	1151	1130	1121	1159	1022	1270	1332	1314	1085	1255	1039	1285	1256	1029	1255	1032	1029	1116	1105	1160	981	1129	967	989	1120	978	1129	1140	1339
1:14:26	37.0	1237	1254	1052	1262	1253	1252	1227	1258	1209	1251	1016	1213	957	986	946	962	1117	1116	957	964	979	1113	1132	1113	1115	1052	1088	1193	1205	1235	1074	1046	1235	1258	1002	1234	1143	1091	1046	1135	1110	1104	1092	1178	973	1145	1123	1118	1160	1043	1244	1322	1285	1045	1258	1042	1277	1241	1020	1236	1025	1010	1112	1094	1154	962	1100	961	974	1135	982	1104	1105	1350
1:18:26	37.0	1195	1177	1022	1210	1196	1246	1193	1209	1180	1214	986	1169	931	937	941	916	1072	1085	939	944	950	1083	1107	1085	1093	992	1034	1182	1168	1182	1043	1030	1227	1234	993	1184	1111	1050	1036	1084	1104	1062	1043	1127	953	1101	1080	1081	1143	1008	1193	1277	1259	1018	1216	980	1212	1223	1005	1166	977	969	1072	1075	1074	928	1049	941	968	1078	958	1073	1086	1315
1:22:26	37.0	1154	1196	1013	1182	1138	1185	1151	1177	1142	1177	991	1150	953	931	925	929	1061	1062	934	933	932	1044	1091	1080	1079	975	1030	1147	1133	1160	1008	1005	1204	1152	993	1209	1100	1026	1005	1078	1066	1037	1047	1116	961	1111	1086	1095	1111	998	1188	1253	1242	1039	1175	977	1205	1190	993	1153	995	947	1073	1061	1108	935	1077	941	951	1062	949	1055	1068	1312
1:26:26	37.0	1158	1150	969	1164	1131	1156	1122	1174	1141	1180	995	1149	931	947	920	905	1038	1053	907	926	946	1044	1057	1038	1050	968	1001	1115	1130	1125	1015	987	1159	1147	978	1167	1052	1033	1001	1041	1045	1019	1024	1065	937	1058	1036	1068	1077	990	1156	1225	1227	1013	1167	981	1175	1153	970	1150	959	946	1024	1047	1074	923	1023	911	958	1052	925	1036	1050	1280
1:30:26	37.0	1115	1122	973	1149	1088	1134	1099	1146	1129	1151	964	1113	923	921	904	904	1022	1001	930	916	907	1013	1039	1036	1034	957	979	1082	1137	1090	991	993	1151	1126	955	1148	1051	1025	995	1026	1039	999	1008	1066	916	1028	1026	1038	1054	994	1130	1198	1159	991	1147	978	1154	1122	973	1121	951	947	1000	1019	1035	907	1023	876	926	1028	925	1000	1072	1243
1:34:26	37.0	1094	1107	939	1114	1091	1144	1100	1128	1098	1132	964	1106	903	898	887	900	995	990	901	889	909	1000	1031	1026	1034	953	991	1068	1085	1109	976	953	1100	1084	938	1124	1046	986	956	1013	1006	982	1013	1021	915	1040	1036	1054	1046	965	1129	1142	1146	967	1121	968	1122	1087	967	1089	934	923	1001	998	1030	889	999	909	921	1010	929	994	1053	1239
1:38:26	37.0	1083	1069	947	1101	1077	1091	1102	1119	1070	1137	960	1080	908	882	887	894	988	1004	878	904	885	991	1022	1013	987	936	962	1061	1058	1059	941	945	1101	1068	933	1102	1003	956	948	986	981	962	1001	1037	909	1012	1013	1017	1047	924	1080	1131	1132	931	1083	956	1121	1075	941	1112	932	924	991	988	1005	888	989	895	916	997	884	984	1067	1207
1:42:26	37.0	1058	1040	906	1068	1046	1100	1055	1107	1069	1087	949	1084	884	869	864	867	975	972	864	880	886	976	989	1001	986	927	945	1053	1040	1045	932	939	1071	1076	951	1072	992	959	966	966	963	984	967	992	893	992	979	1002	1014	921	1052	1088	1120	925	1069	915	1106	1073	947	1061	903	895	976	973	988	891	942	862	888	976	888	975	1050	1198
1:46:26	37.0	1037	1061	907	1045	1030	1066	1054	1077	1061	1078	954	1075	878	859	866	877	955	952	876	874	883	940	991	986	979	923	934	1041	1046	1044	921	923	1082	1053	925	1074	973	950	923	953	972	935	952	1007	888	1007	989	1013	1002	935	1043	1091	1086	906	1044	923	1093	1033	934	1058	905	891	951	959	970	863	941	878	914	951	883	974	1044	1215
1:50:26	37.0	1008	1057	901	1031	1018	1040	994	1072	1036	1069	934	1041	876	878	857	847	967	943	861	851	870	957	1004	987	963	913	934	1011	1020	1022	906	918	1044	1032	928	1052	980	946	922	962	932	949	949	971	848	957	985	995	976	894	1028	1062	1066	891	1026	907	1059	1023	908	1045	885	878	937	922	942	842	943	859	882	938	880	960	1026	1177
1:54:26	37.0	1001	1024	881	1022	1000	1024	993	1055	1000	1052	919	1032	855	859	863	869	942	929	862	851	865	946	990	970	934	899	906	993	998	995	915	900	1032	1025	910	1046	968	943	921	954	936	923	931	996	880	962	946	982	962	902	1003	1041	1039	900	990	901	1040	1002	903	1028	878	880	919	931	934	853	931	853	879	933	882	958	1005	1148
1:58:26	37.0	987	1006	888	1003	986	998	996	1022	1001	1039	916	1021	855	858	846	847	920	941	861	868	877	928	965	962	927	891	935	1009	972	983	883	886	1027	1008	905	1044	970	915	925	941	928	914	927	933	873	962	959	972	961	880	1001	1016	1019	884	991	894	1023	1002	890	1028	863	866	914	922	935	843	934	832	844	935	879	950	1011	1136
2:02:26	37.0	967	979	892	997	966	993	976	1007	971	1022	914	1003	861	844	870	841	927	921	873	854	871	930	975	970	922	888	899	959	954	982	912	898	1013	991	906	1042	964	924	910	951	913	922	917	951	867	947	934	959	946	870	969	998	994	861	974	882	993	991	892	1007	869	860	891	895	922	845	902	847	859	936	876	961	1013	1126
2:06:26	37.0	948	969	862	963	977	1003	970	976	986	1009	906	981	864	845	850	860	938	908	833	869	885	921	963	970	908	867	891	951	957	972	906	880	992	1005	888	1034	949	921	917	931	922	897	911	971	856	942	929	973	933	878	967	954	993	856	955	877	994	967	900	998	865	857	880	885	905	826	862	839	848	899	859	930	978	1082
2:10:26	37.0	915	961	873	970	965	979	942	991	965	1008	898	989	860	847	846	841	923	917	856	881	869	948	953	970	908	866	889	937	969	951	883	889	987	990	885	1024	942	930	921	936	908	894	904	930	862	939	936	967	926	873	962	979	966	869	949	880	998	953	882	1011	843	839	882	883	882	837	886	823	851	902	856	938	985	1084
2:14:26	37.0	945	950	881	951	952	974	962	970	984	1015	910	988	865	857	848	857	921	933	862	861	873	909	970	995	900	882	874	958	956	951	877	887	979	973	904	1036	936	934	915	931	937	930	912	950	877	943	935	967	926	863	943	975	957	837	932	871	973	935	865	998	864	854	874	878	904	839	885	819	842	902	860	958	990	1084
2:18:26	37.0	931	948	857	957	963	957	929	980	965	994	892	976	847	843	853	847	912	948	867	861	867	925	966	967	896	860	895	943	922	947	886	886	972	987	902	1025	932	933	916	939	939	901	912	948	849	955	948	974	892	850	916	944	958	859	925	863	969	934	882	980	844	849	852	879	887	819	884	829	841	891	855	970	994	1073
2:22:26	37.0	896	938	869	965	980	955	945	975	962	980	916	967	861	852	869	877	943	964	869	871	876	940	959	971	877	875	876	923	933	929	875	883	979	988	875	1011	947	920	902	919	923	906	919	954	846	950	934	976	909	838	927	940	934	849	904	826	943	933	896	993	845	835	866	865	856	818	878	818	841	897	852	941	961	1064
2:26:26	37.0	883	919	850	947	945	942	955	967	952	963	907	956	872	853	866	856	925	928	861	873	861	928	961	988	875	875	872	931	943	929	883	875	978	961	890	1007	941	935	896	915	924	909	934	939	870	938	935	974	907	835	898	925	913	844	890	853	937	923	860	1001	842	824	853	844	857	820	873	822	824	882	857	962	964	1047
2:30:26	37.0	892	908	840	929	943	951	942	961	945	975	899	945	860	846	848	864	934	931	879	865	862	928	979	963	870	875	871	944	933	947	871	886	955	969	894	991	949	925	900	931	936	896	933	933	881	942	924	974	890	833	885	919	923	815	915	820	935	927	875	999	833	837	855	853	848	819	852	822	837	874	865	948	973	1051
2:34:26	37.0	898	922	864	955	933	979	949	975	965	987	920	957	872	863	867	864	928	942	882	876	884	951	959	982	886	888	874	953	946	954	880	901	962	966	901	1023	949	928	911	931	940	931	921	934	872	959	946	969	899	841	901	927	910	838	888	835	940	908	878	1035	835	828	847	844	856	820	862	818	821	903	857	966	968	1043
2:38:26	37.0	894	941	873	955	916	986	941	997	957	970	905	976	873	876	884	869	951	940	864	884	896	943	971	1006	874	889	881	947	937	938	901	881	962	966	896	997	969	911	936	947	936	918	937	960	877	925	926	982	883	850	913	904	913	822	901	849	924	919	885	1002	840	832	861	854	861	825	846	829	832	869	858	963	962	1050
2:42:26	37.0	864	891	847	958	931	974	947	972	942	981	898	959	881	865	887	879	926	933	893	866	875	943	984	965	881	866	874	942	936	940	886	881	950	949	876	1001	962	942	925	927	939	928	935	960	895	957	946	989	877	836	901	883	904	827	889	857	914	905	875	991	826	835	854	843	844	790	851	792	848	894	855	941	953	1021
2:46:26	37.0	878	932	870	957	935	973	940	955	967	959	885	978	894	864	876	899	949	935	881	872	894	946	964	973	895	873	889	958	953	949	877	891	962	962	894	996	968	939	926	935	939	923	944	933	886	958	956	984	869	843	887	904	904	846	864	839	903	917	877	1005	805	809	842	857	841	802	843	810	845	881	866	962	947	1014
2:50:26	37.0	877	903	850	954	953	985	931	959	967	983	909	978	875	888	901	882	948	945	885	865	903	916	954	979	903	868	899	928	942	952	887	871	953	959	917	1001	975	944	947	941	924	917	929	933	907	948	927	967	889	832	889	907	902	816	893	842	917	902	875	1017	834	828	833	834	842	814	840	832	844	865	859	962	959	1051
2:54:26	37.0	897	920	872	971	967	992	943	998	958	972	916	975	878	875	904	884	941	953	880	902	914	934	949	985	904	913	904	961	946	944	906	879	958	956	892	997	967	957	934	971	957	926	938	948	882	958	928	977	884	826	890	891	894	848	872	850	910	903	882	1009	829	814	828	843	838	824	831	835	827	867	872	949	940	1052
2:58:26	37.0	883	905	869	956	950	986	964	983	974	981	921	978	865	891	904	913	953	939	871	882	897	929	946	967	902	903	917	959	953	968	899	896	1002	966	933	1000	972	958	949	957	947	928	928	943	897	928	927	960	889	827	891	892	903	828	900	827	920	896	874	1004	827	818	834	849	844	810	846	813	843	859	885	955	944	1026
3:02:26	37.0	882	916	857	955	967	973	938	979	976	976	931	984	856	875	894	902	942	947	891	880	886	904	918	946	890	908	909	944	932	958	898	879	970	967	915	1021	958	941	930	969	972	900	922	934	891	919	901	963	877	841	877	879	877	817	861	827	920	908	898	1010	803	791	813	828	831	801	811	811	814	856	855	936	925	1009
3:06:26	37.0	888	921	887	971	965	991	944	998	968	977	920	983	893	887	918	910	949	947	893	897	903	941	951	960	908	917	933	938	979	977	906	901	976	962	930	1015	991	954	946	964	955	896	924	939	891	920	927	981	863	836	880	905	889	864	861	849	927	912	878	1012	808	806	832	835	841	803	836	815	832	880	877	981	954	1015
3:10:26	37.0	877	914	892	967	954	979	925	963	965	965	905	964	868	895	887	900	923	934	881	886	913	907	929	955	915	910	918	944	961	937	900	880	961	947	895	989	987	948	960	951	945	903	913	906	892	917	919	938	872	851	878	883	879	823	866	824	907	907	896	992	821	799	806	784	820	801	827	827	819	864	866	949	920	1003
3:14:26	37.0	888	931	895	964	977	989	934	960	968	993	938	976	876	895	888	894	943	922	908	884	903	943	942	952	924	925	920	955	966	946	907	887	968	962	904	962	1000	963	940	963	940	935	935	928	867	932	924	952	865	845	881	878	868	821	868	834	891	906	881	980	791	810	816	810	836	803	814	805	838	881	881	959	923	994
3:18:26	37.0	882	915	886	953	941	946	930	961	942	959	916	946	861	915	918	916	926	919	894	894	889	914	919	955	913	912	903	952	940	940	904	893	946	939	905	983	975	956	957	953	942	918	905	936	886	940	921	954	887	847	872	850	861	815	844	828	869	912	870	963	825	788	814	818	818	801	810	796	814	862	861	942	919	984
3:22:26	37.0	875	908	905	966	971	947	926	945	945	961	922	948	859	898	894	897	940	910	888	882	908	914	929	938	905	891	911	946	931	937	900	894	945	933	904	964	960	954	952	955	933	917	912	938	872	903	900	928	866	846	857	861	865	819	845	837	892	900	868	958	813	823	796	790	796	780	831	795	815	844	866	944	931	995
3:26:26	37.0	881	932	923	970	970	970	936	949	944	958	933	956	870	894	897	934	941	950	878	890	892	912	928	957	907	929	910	955	942	945	887	907	937	942	918	955	989	962	933	951	932	923	915	913	881	912	907	957	874	849	863	871	869	825	845	825	908	894	863	977	790	787	817	807	820	792	805	787	830	867	882	939	941	982
3:30:26	37.0	878	905	911	960	937	965	927	946	948	965	922	946	859	902	901	899	921	930	892	884	889	899	931	939	927	950	931	939	931	945	915	887	946	931	910	961	977	953	959	951	927	927	914	918	910	913	902	918	889	841	854	869	862	823	851	819	907	883	882	973	806	806	806	788	811	794	811	808	817	836	876	947	906	950
3:34:26	37.0	880	919	918	943	953	952	926	945	941	948	936	946	887	901	911	905	934	924	902	886	899	914	920	953	915	941	934	984	937	923	902	881	939	963	908	966	978	957	952	946	939	932	911	910	886	915	904	932	871	843	853	863	853	836	846	831	868	875	874	950	799	778	804	802	805	785	818	802	820	849	866	930	882	918
3:38:26	37.0	887	929	899	953	937	948	907	960	930	954	919	940	889	890	905	920	930	947	886	891	875	908	901	950	925	947	924	946	937	909	896	900	918	936	896	942	975	969	967	952	946	925	909	910	890	909	904	927	864	846	856	856	842	806	833	831	876	880	869	956	817	786	798	799	788	794	796	798	829	834	837	931	865	910
3:42:26	36.9	862	919	930	960	935	949	918	934	933	942	917	930	880	903	928	910	942	928	896	876	889	912	921	931	913	940	935	950	922	914	891	884	936	913	912	965	1001	962	954	964	939	909	924	912	888	905	909	938	863	835	850	835	858	831	842	831	865	884	857	977	795	780	800	797	798	784	788	799	814	833	849	915	900	921
3:46:26	37.0	884	921	914	958	936	934	919	930	906	931	929	949	875	899	924	916	933	927	899	880	880	897	921	953	923	947	935	962	927	925	895	897	921	911	897	954	998	953	959	969	942	930	919	910	873	911	899	926	869	834	855	834	840	821	828	811	884	870	861	941	792	780	780	801	796	776	812	806	831	847	862	935	873	898
3:50:26	37.0	864	904	924	941	935	925	907	927	916	928	906	925	873	909	902	901	932	905	890	877	889	897	890	919	913	937	914	934	916	911	887	888	903	922	896	940	971	983	960	951	924	928	890	922	865	891	896	926	870	824	827	842	833	816	818	809	846	863	875	942	780	778	794	787	797	787	796	785	802	836	845	904	864	901
3:54:26	37.0	854	902	942	935	941	945	913	941	924	931	921	951	872	904	910	929	936	919	877	877	889	889	910	948	912	968	937	946	934	918	909	898	905	911	881	939	990	981	963	947	943	922	909	898	880	907	899	919	873	837	843	824	849	811	838	825	860	854	846	944	764	772	779	810	785	773	796	794	818	842	852	910	846	884
3:58:26	37.0	859	915	922	932	921	933	912	910	896	924	902	925	866	901	916	924	929	914	867	879	887	867	885	920	910	947	925	926	921	910	892	877	900	892	889	927	971	956	966	966	930	922	903	892	863	881	880	901	855	830	827	823	834	796	834	819	868	870	850	936	779	765	777	787	791	762	779	795	798	839	843	911	852	886
4:02:26	37.0	864	904	915	928	928	922	902	916	914	919	894	923	878	907	917	909	943	895	872	852	892	881	889	902	918	925	956	929	927	892	870	878	883	896	870	918	984	998	950	954	935	927	907	886	854	880	874	903	839	819	824	833	821	813	829	803	844	862	853	914	773	765	791	784	769	757	779	780	811	822	857	910	843	860
4:06:26	37.0	856	877	927	924	928	932	899	908	910	888	895	902	876	905	943	930	928	908	876	868	875	862	876	896	916	945	934	925	912	875	865	861	886	870	882	909	946	974	970	940	938	919	900	889	859	893	885	903	839	830	836	826	827	808	805	821	851	852	848	926	793	757	756	753	764	762	777	776	797	801	860	900	837	858
4:10:26	37.0	859	886	931	912	912	923	900	918	909	898	884	904	886	896	924	932	925	898	875	878	875	863	873	904	921	959	926	930	908	922	861	865	871	882	861	913	964	974	969	957	972	939	889	882	863	884	864	902	846	819	829	827	820	814	825	821	823	847	871	929	782	765	762	767	777	769	769	792	807	807	857	910	838	872
4:14:26	37.0	859	896	922	940	930	933	897	897	894	891	878	885	858	915	927	932	922	911	887	855	851	850	891	916	924	954	928	925	901	885	880	870	883	862	869	904	972	974	982	961	936	924	875	874	866	874	870	882	838	817	823	812	824	805	811	813	848	839	859	908	788	761	751	764	777	753	781	787	802	826	850	897	830	856
4:18:26	37.0	846	890	934	912	910	926	888	884	887	863	885	881	881	921	931	922	932	899	880	858	852	876	879	908	918	961	927	938	893	888	854	857	854	879	863	908	952	974	985	987	941	932	895	868	869	870	871	915	824	821	827	812	805	807	814	816	823	836	846	902	785	761	770	760	759	758	751	790	806	819	832	896	820	863
4:22:26	37.0	850	890	928	917	916	929	902	895	882	883	901	895	902	916	907	920	925	919	879	877	895	879	905	911	923	945	940	924	917	901	867	857	866	868	865	900	972	988	984	964	955	917	905	893	878	856	878	933	845	821	828	813	808	789	809	819	834	853	863	890	787	770	749	754	770	766	778	777	785	814	861	896	838	846
4:26:26	37.0	856	884	934	928	914	897	881	874	876	875	877	865	871	918	929	924	909	902	884	846	874	860	868	907	928	954	923	938	891	880	859	857	852	863	857	884	957	962	989	959	937	906	896	867	873	877	873	886	843	819	805	789	790	813	795	800	832	827	838	895	783	783	748	767	756	767	777	792	789	814	841	899	818	828
4:30:26	37.0	837	865	935	927	913	896	859	862	849	860	857	878	879	927	914	923	912	893	856	864	874	854	886	899	921	951	917	908	899	859	848	828	846	861	850	871	958	971	993	961	941	922	872	865	877	864	859	891	823	801	820	809	795	781	806	791	814	835	838	905	769	739	776	761	742	762	788	781	796	810	834	892	818	837
4:34:26	37.0	839	890	918	918	927	908	877	867	879	869	873	886	885	918	934	933	907	906	862	842	868	870	873	894	940	976	918	904	885	889	844	821	845	842	842	879	942	975	985	953	956	923	879	866	871	856	856	896	831	812	806	780	795	788	800	787	827	844	843	874	771	762	761	748	753	762	761	784	794	808	837	893	823	833
4:38:26	37.0	852	887	938	936	901	895	879	863	869	865	854	872	877	935	939	930	928	884	887	843	862	870	884	909	942	964	939	927	890	865	857	840	845	838	842	881	968	968	974	970	962	912	883	882	860	859	866	891	821	811	789	794	783	794	787	789	815	812	839	891	771	762	771	747	752	753	765	786	804	828	834	891	825	813
4:42:26	37.0	835	888	934	925	900	891	886	857	855	849	894	856	881	935	939	903	911	911	883	865	861	847	885	897	935	967	922	902	880	847	844	840	851	859	837	873	957	971	1005	962	960	909	881	866	859	871	856	886	812	797	785	786	783	780	774	782	807	806	835	883	772	749	755	752	749	763	761	791	797	798	837	893	804	806
4:46:26	37.0	840	883	915	923	918	889	876	850	862	867	859	864	891	941	929	935	933	878	870	871	850	858	873	894	938	982	922	918	889	845	827	837	831	830	845	878	966	978	1007	972	966	933	893	877	870	883	864	883	817	790	781	781	761	781	765	777	799	784	828	868	780	742	748	758	739	758	762	770	814	796	834	909	825	819
4:50:26	37.0	849	881	937	938	903	893	872	862	858	843	865	867	900	961	929	945	909	888	889	855	861	842	878	899	918	950	928	922	900	850	845	827	835	851	830	874	979	1004	998	989	949	941	884	889	875	871	865	884	811	798	774	779	777	778	789	796	791	808	836	882	768	762	754	766	744	753	769	784	803	799	851	879	803	832
4:54:26	37.0	854	890	955	917	907	891	871	852	851	841	877	845	912	947	939	944	926	897	893	860	860	851	889	912	928	993	943	911	879	859	839	835	843	846	847	851	979	985	1007	965	977	919	897	888	873	876	865	897	804	791	782	787	786	780	789	775	812	815	815	871	764	766	759	759	754	792	757	768	802	810	858	893	809	813
4:58:26	37.0	849	882	965	929	912	898	856	863	863	841	840	840	892	950	938	924	929	906	875	863	855	865	865	907	940	963	927	921	879	846	834	828	840	829	843	876	975	990	1001	969	964	933	896	884	870	879	876	894	811	790	783	764	794	780	785	800	790	798	822	866	774	765	752	764	744	775	757	774	815	818	831	896	820	822
5:02:26	37.0	837	870	929	881	905	889	841	863	864	831	852	826	897	953	937	945	922	911	888	856	857	854	865	890	921	969	933	900	873	856	835	831	845	844	824	848	972	986	1023	973	975	917	902	869	847	875	864	896	791	790	792	771	788	769	783	769	799	812	832	876	762	752	761	767	754	748	762	781	792	806	834	877	818	820
5:06:26	37.0	842	877	946	914	905	891	873	858	838	854	856	853	906	958	949	934	944	913	843	875	853	872	870	911	927	967	941	910	877	862	835	831	832	827	838	862	960	997	1032	987	968	936	907	867	871	868	869	893	817	808	798	781	776	780	775	792	810	825	837	869	770	758	771	764	752	773	745	771	812	818	845	914	797	826
5:10:26	37.0	841	889	941	901	891	891	860	852	849	863	842	850	923	955	952	956	933	913	861	841	866	866	876	897	940	963	912	893	873	835	835	822	814	814	813	841	970	978	1026	981	971	933	923	881	859	871	856	917	804	781	797	778	777	772	781	778	795	812	822	864	782	772	765	769	770	764	763	772	797	806	844	895	816	826
5:14:26	37.0	842	889	946	930	871	882	852	849	839	834	820	850	916	987	955	923	928	903	869	865	848	829	864	888	940	959	943	906	867	837	832	826	836	823	836	851	969	972	1025	982	973	942	905	880	870	854	872	887	819	792	764	766	787	763	775	760	805	796	798	844	756	757	770	754	778	783	766	773	806	823	832	900	784	811
5:18:26	37.0	845	870	944	906	911	876	851	849	837	822	840	834	908	974	948	932	943	906	868	845	872	845	870	878	955	966	935	917	869	847	837	802	818	813	810	868	969	971	1034	992	964	939	907	880	861	857	850	897	807	780	771	783	766	764	763	782	779	796	823	860	768	755	761	742	748	755	766	772	791	834	840	907	800	784
5:22:26	37.0	845	882	943	915	904	895	851	831	830	809	832	836	902	983	955	939	926	901	871	851	874	839	869	901	964	967	920	888	883	845	818	800	814	825	816	857	969	994	1035	988	985	940	909	888	866	875	866	883	819	787	773	770	781	779	777	773	786	810	810	864	788	752	745	746	767	775	763	777	787	821	849	886	790	800
5:26:26	37.0	851	878	945	907	895	891	865	851	843	850	831	837	919	979	960	942	942	905	878	864	861	862	887	896	943	982	926	910	882	843	827	816	824	825	816	866	974	1004	1035	1002	993	945	896	884	865	862	871	895	819	780	792	771	768	770	769	754	794	805	806	841	770	774	759	764	748	765	775	779	796	832	839	899	805	815
5:30:26	37.0	853	880	938	916	929	877	846	846	835	821	828	831	905	957	955	959	933	897	893	868	870	858	877	902	940	965	911	885	860	840	827	817	814	838	809	864	961	997	1036	998	970	941	910	885	871	858	864	892	803	777	785	778	763	780	770	767	794	795	838	843	770	768	747	756	751	769	764	779	797	797	847	897	784	797
5:34:26	37.0	849	882	939	919	891	891	842	831	837	825	827	832	920	973	977	957	941	917	874	866	856	863	886	905	962	978	938	907	866	843	815	816	815	805	825	857	977	993	1038	991	975	954	908	891	873	868	857	900	785	787	783	779	763	770	774	764	789	781	810	837	773	761	765	768	757	767	757	787	801	811	839	886	778	797
5:38:26	37.0	849	888	939	925	902	862	836	833	830	822	807	812	944	988	960	946	935	917	890	850	861	853	860	916	967	997	915	923	856	850	830	800	807	810	799	858	966	1012	1021	1012	987	929	898	891	868	868	870	896	798	777	770	781	749	761	771	766	787	803	814	847	783	755	764	749	757	772	764	796	803	813	842	883	770	778
5:42:26	37.0	844	891	941	908	868	883	844	834	820	814	817	833	933	986	981	965	949	920	892	852	873	846	869	887	963	984	910	895	877	835	809	803	799	821	814	864	973	1026	1063	1034	975	948	915	903	865	888	861	877	794	764	782	766	783	772	777	773	785	783	798	871	788	752	747	743	759	770	762	790	816	812	841	910	775	786
5:46:26	37.0	851	900	941	914	888	863	833	831	837	819	824	818	938	994	962	949	945	903	884	846	858	850	877	898	966	980	928	923	859	835	807	791	802	811	816	856	966	1008	1051	1010	976	945	908	881	872	858	848	900	779	783	792	801	756	776	772	758	781	798	792	835	776	765	756	758	760	754	755	775	810	822	842	886	792	776
5:50:26	37.0	863	894	924	901	884	866	825	818	811	817	821	820	944	993	968	973	927	925	889	849	886	867	870	901	983	987	937	890	859	848	805	795	798	798	805	855	966	1022	1044	1025	995	956	916	901	889	875	869	882	800	760	795	761	779	778	771	766	772	794	798	860	776	770	758	758	767	772	774	785	809	814	835	889	780	790
5:54:26	37.0	864	891	940	930	875	873	846	841	806	798	819	812	933	977	978	960	959	914	890	865	865	847	877	913	988	978	927	903	864	834	823	801	817	813	791	848	977	1016	1059	1013	1015	954	920	908	862	870	854	880	783	778	783	776	772	771	771	762	790	785	822	852	771	773	761	753	767	773	771	791	809	822	854	897	792	784
5:58:26	37.0	867	898	956	924	901	861	824	809	817	809	814	801	947	996	984	968	943	931	879	881	872	831	855	898	960	1003	924	903	860	828	816	795	799	802	796	851	971	1034	1050	1001	1012	947	933	888	874	860	878	882	800	783	775	782	785	756	758	764	777	794	812	848	774	756	771	770	757	754	773	790	808	819	860	878	804	809
6:02:26	37.0	852	879	943	930	880	852	842	817	810	810	831	811	947	989	983	972	950	928	897	866	879	836	856	901	992	989	934	897	851	849	795	792	789	783	788	856	1012	1059	1057	1014	1005	972	926	904	883	864	864	880	799	780	780	789	759	782	757	762	787	780	812	841	767	761	771	756	774	773	768	798	823	822	858	895	773	785
6:06:26	37.0	853	897	942	911	904	870	839	816	819	799	804	825	935	992	976	961	951	924	888	860	896	848	866	898	981	974	951	894	865	840	795	798	783	788	783	838	1011	1031	1071	1023	1011	951	927	899	864	868	877	878	787	764	762	777	767	757	760	752	788	770	792	847	777	754	757	755	748	762	782	780	808	816	839	893	783	802
6:10:26	37.0	858	898	967	920	908	886	841	818	818	806	818	827	955	1005	992	992	979	929	879	862	888	866	881	903	1018	1002	937	905	861	848	808	798	800	798	807	851	983	1061	1051	1053	1009	961	924	883	880	865	875	880	798	768	782	769	756	770	761	763	766	791	793	832	776	757	763	759	774	768	771	791	806	821	867	902	785	793
6:14:26	37.0	868	891	947	931	882	839	825	819	817	819	814	830	956	994	984	978	964	920	903	879	877	858	853	906	985	983	927	909	846	829	794	780	782	785	793	837	998	1067	1065	1055	1034	971	925	883	878	869	860	909	794	760	769	763	747	764	764	761	748	790	796	836	769	755	760	757	782	767	775	788	797	814	840	883	764	783
6:18:26	37.0	877	905	965	905	898	876	841	821	824	793	806	788	966	1008	989	995	970	915	898	881	871	848	885	893	976	999	932	893	841	833	800	792	782	795	769	834	1007	1057	1070	1030	1042	985	932	897	882	875	855	895	781	744	778	774	754	768	760	755	772	771	784	829	765	762	751	739	763	775	768	791	802	816	850	893	790	780
6:22:26	37.0	847	915	937	919	889	856	828	814	795	784	813	804	978	1009	986	992	965	931	914	858	879	847	873	902	996	996	928	904	864	829	780	796	780	794	788	844	990	1088	1088	1037	1026	972	919	899	879	880	863	897	779	748	759	752	754	764	761	766	775	783	777	820	751	742	739	758	763	765	767	804	801	814	845	885	776	766
6:26:26	37.0	862	898	963	929	883	862	816	806	791	793	813	790	955	1005	1003	998	975	921	913	847	873	843	881	885	995	990	929	908	867	830	793	789	772	796	774	826	992	1085	1080	1052	1045	970	926	908	891	876	872	891	788	756	763	771	748	743	746	754	751	781	783	822	763	772	754	761	758	769	764	784	812	827	845	898	797	767
6:30:26	37.0	864	917	951	917	899	864	823	818	790	781	810	832	969	1011	1002	1002	968	917	902	874	893	858	882	889	998	1004	946	911	865	815	809	782	784	793	800	840	1018	1081	1074	1066	1030	999	942	904	887	883	873	893	803	769	774	757	752	767	735	748	751	761	779	846	758	755	757	752	765	770	757	820	818	789	862	887	796	781
6:34:26	37.0	871	899	963	929	895	873	825	798	806	808	817	805	986	1010	997	995	968	927	906	871	887	847	890	905	1017	1004	933	903	882	841	806	785	793	782	806	832	1008	1091	1099	1081	1043	990	956	930	879	883	867	891	804	763	771	760	757	756	758	727	765	779	796	831	777	767	763	751	763	776	762	783	809	808	858	908	796	781
6:38:26	37.0	858	918	963	909	900	858	833	806	810	796	794	796	977	1022	1000	1013	974	947	908	860	879	850	872	895	1003	1000	939	914	883	822	810	797	775	789	796	840	1014	1097	1113	1070	1041	999	935	918	896	879	886	894	792	766	756	773	744	761	745	737	767	764	781	817	752	753	758	751	773	775	769	796	825	826	861	887	776	787
6:42:26	37.0	868	903	978	923	912	892	835	816	806	787	807	804	989	1024	991	982	974	949	904	889	888	853	868	882	1006	1019	945	935	867	820	790	779	762	776	799	817	1006	1108	1105	1074	1037	1014	938	902	881	881	868	889	781	746	749	746	754	748	738	737	754	766	779	823	783	753	775	741	769	788	773	781	812	803	841	900	793	779
6:46:26	37.1	883	904	985	941	892	866	844	819	802	803	811	787	990	1031	1016	1004	984	940	917	874	904	864	892	913	1010	1031	961	915	865	838	818	788	776	785	796	827	1018	1111	1101	1090	1060	1009	955	927	881	902	857	891	777	763	779	779	750	757	748	742	758	781	793	825	764	771	758	751	764	779	751	794	823	802	853	910	799	772
6:50:26	37.0	882	931	956	926	899	866	834	828	817	788	807	785	980	1027	1014	1005	979	933	911	875	888	868	878	910	1000	1036	967	909	848	825	807	798	781	783	806	815	1029	1110	1109	1099	1065	1009	963	915	888	862	873	915	797	758	757	752	763	748	751	761	746	768	787	826	767	764	760	750	764	792	765	794	816	831	853	915	796	782
6:54:26	37.0	863	913	983	937	924	880	822	822	797	772	802	807	990	1027	1037	1023	979	951	931	887	877	864	897	908	1031	1024	952	932	881	828	795	794	797	786	788	828	1006	1121	1117	1086	1072	1012	953	899	900	892	873	892	783	766	761	746	762	762	754	760	754	767	782	821	768	750	769	741	754	768	776	783	817	821	852	905	778	775
6:58:26	37.0	884	911	962	925	888	862	824	810	804	779	789	785	1007	1032	1000	1004	979	938	906	871	911	876	872	905	1019	1024	949	940	844	821	780	789	760	769	799	823	1018	1130	1106	1097	1075	1007	958	927	887	869	868	897	774	746	762	751	753	739	733	739	759	766	788	814	745	766	771	745	753	794	764	791	816	812	849	913	788	764
7:02:26	37.0	871	921	981	926	920	879	846	810	809	794	816	807	1013	1046	1029	1023	1001	955	920	875	910	873	897	919	1029	1032	970	934	898	837	810	783	775	796	813	837	1018	1145	1116	1102	1093	1017	945	918	892	889	886	895	787	755	763	755	759	751	745	731	751	769	783	815	781	765	771	758	776	785	758	800	831	801	857	922	800	772
7:06:26	37.0	873	915	975	943	906	887	835	812	809	796	810	804	1001	1038	1036	1030	1027	949	928	896	900	875	883	928	1034	1039	951	931	863	831	810	786	779	783	792	827	1025	1150	1138	1109	1087	1020	974	934	894	886	884	899	775	752	776	773	765	757	743	741	754	771	765	820	785	773	762	755	770	776	796	805	821	812	868	912	782	776
7:10:26	37.0	882	915	978	925	915	868	828	805	786	790	806	789	990	1041	1018	1024	1003	937	925	878	904	881	871	899	1032	1039	948	931	874	833	800	772	763	760	785	837	1033	1150	1117	1112	1089	1023	953	931	908	888	870	900	779	743	755	744	763	762	735	733	751	756	758	819	772	738	767	761	755	775	763	799	820	807	852	908	780	769
7:14:26	37.0	876	944	994	940	915	848	827	807	797	785	816	808	1009	1051	1051	1044	1013	957	909	882	889	886	881	909	1031	1049	972	952	861	839	816	790	777	785	791	819	1007	1144	1105	1136	1100	1022	949	928	898	875	895	912	778	739	756	754	763	755	738	740	742	758	760	823	778	779	760	747	761	769	771	798	842	827	867	922	778	773
7:18:26	37.0	887	939	984	945	911	880	829	806	802	786	813	789	1020	1068	1031	1020	1013	977	914	878	901	880	886	926	1020	1041	956	927	875	825	815	777	774	791	793	828	1027	1164	1154	1127	1102	1024	948	921	904	894	881	900	784	751	766	743	766	770	728	734	764	773	778	826	768	769	764	755	764	791	758	789	813	796	875	920	778	774
7:22:26	37.0	887	938	980	929	905	894	826	817	805	785	806	789	1001	1053	1031	1026	1022	966	919	900	927	860	871	909	1035	1056	959	938	889	817	798	771	778	775	780	828	1045	1156	1135	1112	1083	1050	968	924	898	899	882	900	781	737	760	765	751	750	725	731	759	744	768	813	761	761	758	768	760	784	779	811	835	805	869	920	785	772
7:26:26	37.0	880	932	980	940	915	852	830	819	808	785	812	780	1004	1055	1036	1038	1010	969	916	875	915	868	883	918	1036	1049	947	927	876	826	811	773	772	768	783	829	1040	1142	1129	1120	1093	1044	955	929	908	892	890	904	767	750	751	765	744	756	728	734	748	751	759	824	770	755	758	765	759	778	792	809	822	812	862	926	780	767
7:30:26	37.1	875	934	985	948	902	879	816	802	796	783	795	790	1035	1058	1028	1041	1021	962	921	881	914	872	870	910	1056	1059	967	932	884	815	798	797	780	773	798	819	1033	1169	1144	1139	1101	1035	963	933	897	885	885	909	775	748	760	745	746	741	728	732	747	758	756	814	768	750	768	754	773	788	776	789	832	812	877	926	778	778
7:34:26	37.0	886	944	994	942	921	877	833	813	786	778	796	786	1009	1062	1049	1054	1009	952	923	869	909	861	881	906	1068	1064	985	931	889	830	799	795	778	772	802	814	1035	1178	1163	1125	1096	1029	963	927	899	877	887	905	760	745	761	735	756	735	721	734	732	747	770	819	791	758	754	763	747	789	784	816	846	811	860	925	781	784
7:38:26	37.0	897	923	999	928	913	863	844	825	791	787	816	783	1023	1085	1053	1030	1013	978	917	884	902	873	889	907	1054	1078	980	953	884	837	811	789	780	803	805	843	1043	1193	1171	1154	1096	1047	983	937	916	900	890	927	782	761	764	754	754	760	719	753	751	763	770	842	769	757	771	751	786	789	781	792	831	833	859	928	786	791
7:42:26	37.0	914	944	1005	956	905	886	842	806	811	797	816	799	1022	1065	1043	1044	1015	975	940	878	932	881	889	899	1072	1081	974	953	880	835	814	784	784	758	790	830	1040	1206	1177	1126	1093	1029	977	951	897	892	886	914	787	768	767	742	738	747	742	728	747	767	781	822	787	765	782	766	766	799	770	808	844	838	861	945	780	784
7:46:26	37.0	897	930	985	954	909	894	825	808	797	795	816	807	1032	1097	1057	1051	1009	979	933	876	918	882	891	921	1065	1078	967	946	890	829	811	790	779	773	798	808	1051	1177	1162	1132	1104	1038	984	949	915	873	894	924	783	757	766	754	745	758	731	729	757	747	777	828	779	770	777	764	766	800	769	821	839	816	871	925	785	764
7:50:26	37.0	901	938	1010	947	922	882	809	808	815	800	804	800	1018	1093	1076	1041	1011	967	938	910	913	893	897	922	1059	1079	978	942	887	833	814	787	772	771	795	833	1057	1172	1163	1161	1108	1056	978	934	900	905	903	916	790	762	757	755	740	752	742	728	742	746	776	818	772	762	767	776	779	797	789	813	841	814	884	942	780	777
7:54:26	37.0	915	941	1006	963	905	886	850	822	798	786	823	803	1041	1083	1071	1032	1011	981	943	902	950	882	901	922	1075	1099	985	944	895	839	799	775	786	793	813	795	1044	1185	1187	1149	1127	1057	980	934	931	902	882	915	771	763	760	764	749	751	743	738	764	752	774	833	791	773	767	764	755	802	775	799	834	840	886	939	774	788
7:58:26	37.0	924	950	1023	949	919	872	847	818	795	778	810	793	1048	1073	1068	1066	1031	955	941	900	930	863	898	916	1071	1089	982	936	885	837	818	780	772	770	789	815	1077	1186	1169	1164	1102	1066	974	946	912	878	893	938	795	762	773	750	756	757	736	738	764	741	760	828	794	773	783	768	790	809	776	814	851	814	865	962	783	777
8:02:26	37.0	916	965	1007	924	928	890	834	804	819	784	810	804	1046	1087	1067	1052	1033	960	941	918	936	883	907	919	1077	1105	986	930	894	839	800	810	779	769	802	837	1057	1197	1172	1172	1115	1039	980	952	910	910	894	930	784	772	762	747	741	750	748	740	730	758	776	833	790	760	778	786	773	813	789	805	846	820	876	952	777	777
8:06:26	37.0	927	966	1009	956	916	879	846	812	810	790	810	809	1048	1078	1056	1059	1034	977	944	902	939	893	898	929	1077	1098	993	946	881	840	801	792	800	771	798	825	1050	1197	1186	1159	1123	1065	979	954	915	903	918	926	778	764	765	749	752	752	733	742	772	773	768	822	781	771	779	762	774	808	784	816	844	844	868	926	801	784
8:10:26	37.0	916	969	1020	939	913	898	824	827	807	782	812	799	1039	1093	1058	1043	1044	976	954	899	911	895	895	916	1076	1077	996	952	905	852	819	795	779	782	806	814	1063	1204	1166	1175	1121	1060	986	931	916	919	915	922	773	752	766	755	734	755	731	727	752	749	773	838	763	774	761	774	777	795	791	809	851	815	881	938	783	776
8:14:26	37.0	932	957	1007	946	924	898	846	828	798	796	833	803	1064	1075	1086	1063	1021	980	948	905	942	873	906	932	1076	1116	988	925	887	842	815	782	775	774	788	820	1070	1200	1189	1158	1123	1053	983	956	928	907	911	933	767	751	767	747	748	743	729	737	763	755	784	814	790	780	765	768	768	803	761	811	851	816	886	940	794	780
8:18:26	37.0	923	980	1010	947	933	881	842	832	813	768	820	817	1040	1101	1065	1059	1035	996	945	905	936	891	886	916	1078	1107	1005	939	877	844	827	776	766	774	799	834	1070	1235	1172	1150	1117	1066	963	950	920	928	900	926	772	775	758	753	750	731	734	743	752	755	785	838	765	781	769	778	765	803	779	826	861	832	866	936	796	784
8:22:26	37.0	925	973	1003	960	918	891	862	826	803	786	811	808	1052	1092	1071	1066	1041	991	976	899	935	882	885	923	1082	1115	977	939	887	844	824	789	774	779	808	827	1053	1218	1184	1167	1133	1067	995	944	939	914	903	921	772	764	764	741	757	750	727	753	746	756	765	831	777	779	763	773	779	802	791	817	863	841	892	954	777	800
8:26:26	37.0	933	965	1032	958	925	902	850	825	809	804	808	805	1058	1099	1086	1079	1047	983	935	909	944	879	901	945	1091	1137	982	964	894	833	817	777	778	764	793	833	1082	1219	1224	1175	1131	1054	989	956	921	912	922	927	778	737	756	749	750	741	735	740	753	748	781	810	783	783	776	777	780	810	784	808	874	817	867	952	793	776
8:30:26	37.0	934	968	1028	941	925	904	844	826	797	787	829	810	1050	1101	1087	1068	1008	991	946	899	951	884	901	939	1096	1119	981	972	901	842	805	791	777	775	809	823	1076	1226	1205	1161	1118	1066	985	948	926	909	914	931	773	738	759	767	744	738	742	744	764	743	778	843	783	772	761	764	780	801	794	832	866	844	870	951	795	787
8:34:26	37.0	903	958	1005	953	907	886	836	805	805	797	822	811	1045	1072	1083	1072	1035	998	937	895	961	880	908	910	1070	1128	985	952	895	843	814	791	777	759	809	836	1074	1231	1200	1176	1111	1059	985	965	918	910	909	927	768	750	758	734	735	736	727	755	738	743	770	817	767	772	766	752	778	804	774	815	848	838	870	942	778	751
8:38:26	37.0	923	958	1027	968	943	897	854	808	822	778	819	802	1058	1100	1063	1093	1021	1003	949	914	959	896	896	944	1086	1109	1010	946	899	837	819	782	774	803	794	810	1082	1226	1193	1170	1135	1067	994	959	931	905	914	945	768	766	751	742	733	737	728	744	757	760	781	829	788	772	778	778	790	805	784	824	833	829	892	969	780	767
8:42:26	37.0	929	956	1020	957	915	882	841	808	792	790	817	798	1067	1106	1075	1059	1032	976	941	910	952	888	916	920	1107	1122	976	942	897	839	815	793	793	773	790	834	1090	1219	1199	1181	1135	1073	994	974	913	929	914	944	753	763	751	753	741	735	716	733	729	758	770	839	771	772	766	761	771	802	786	816	875	819	886	964	789	772
8:46:26	37.0	920	961	1029	960	937	889	840	826	798	788	824	791	1068	1113	1070	1083	1052	1004	957	912	957	904	920	922	1082	1135	980	965	887	849	817	782	786	799	820	821	1073	1236	1211	1187	1143	1077	1009	965	927	917	901	931	786	740	761	750	733	744	718	765	754	771	787	824	768	783	794	783	775	813	777	811	852	832	896	947	780	772
8:50:26	37.0	919	978	1033	957	932	891	838	813	797	803	813	811	1071	1132	1096	1083	1033	1023	935	897	960	884	936	918	1088	1132	998	952	899	834	829	802	784	764	818	820	1075	1252	1204	1187	1160	1065	1004	966	917	917	900	946	771	759	750	742	742	723	735	756	754	770	782	834	781	771	777	762	783	800	796	812	866	839	893	944	787	772
8:54:26	37.0	926	962	1020	965	910	871	836	809	802	788	830	806	1090	1101	1079	1086	1038	971	950	905	948	911	893	939	1101	1138	999	943	894	840	814	781	755	778	798	839	1087	1253	1210	1183	1131	1081	996	950	920	912	910	944	761	733	735	730	738	747	730	739	756	744	772	806	777	772	760	765	788	806	783	829	851	842	893	947	777	770
8:58:26	37.0	939	954	1018	957	912	870	841	828	805	791	818	813	1080	1107	1090	1078	1035	1001	962	917	949	881	926	934	1125	1118	1007	956	889	836	809	789	792	768	813	821	1081	1248	1213	1197	1135	1091	1010	953	938	911	893	943	769	750	736	735	728	739	726	737	758	753	781	814	774	767	802	768	774	807	783	809	878	836	887	957	789	771
9:02:26	37.0	939	980	1045	965	927	889	848	830	807	781	821	810	1086	1124	1097	1074	1052	1027	967	937	964	909	919	950	1123	1149	1001	953	893	843	833	775	786	775	813	840	1081	1261	1208	1188	1142	1086	1003	968	936	932	910	951	774	743	745	721	737	730	736	747	741	756	763	831	781	775	780	772	783	816	784	823	867	830	894	965	802	776
9:06:26	37.1	923	963	1021	958	943	895	844	832	797	787	815	803	1072	1116	1098	1091	1039	993	968	930	968	905	914	936	1102	1114	1022	968	900	861	814	816	779	775	796	840	1083	1265	1206	1199	1147	1079	1024	962	930	922	914	936	762	754	753	733	737	729	731	744	737	749	782	839	804	781	781	788	782	811	779	839	863	825	882	946	786	770
9:10:26	37.0	934	972	1039	958	935	906	854	833	809	803	810	821	1098	1126	1092	1080	1053	1007	961	927	951	906	920	940	1131	1114	996	969	930	861	822	800	790	775	802	833	1109	1250	1238	1199	1156	1084	1028	960	957	932	922	949	770	771	755	738	758	743	741	749	756	752	773	839	786	780	775	781	775	807	772	827	850	825	897	952	786	769
9:14:26	37.0	928	989	1026	966	924	900	841	843	822	792	827	814	1103	1130	1102	1100	1029	1010	976	919	983	918	923	955	1108	1122	990	960	887	848	822	787	774	772	812	829	1094	1263	1210	1197	1176	1103	1011	970	930	933	918	941	775	735	749	741	755	740	743	740	763	753	773	837	796	780	782	783	778	821	783	847	873	828	907	957	808	763
9:18:26	37.0	942	993	1056	958	926	909	856	826	796	796	816	810	1098	1140	1097	1096	1055	1002	968	915	980	898	914	927	1126	1126	993	991	908	846	818	775	782	788	811	826	1089	1268	1221	1199	1178	1087	1014	965	953	945	903	951	778	748	757	744	734	720	749	737	718	749	779	808	793	784	793	784	791	811	797	831	883	855	880	968	782	751
9:22:26	37.0	951	965	1026	972	933	899	859	822	812	776	824	816	1109	1141	1129	1078	1060	1007	956	915	978	908	920	953	1145	1139	1005	956	895	861	811	796	776	780	796	813	1100	1278	1227	1202	1170	1075	1016	970	930	939	936	958	770	753	740	755	744	736	712	741	749	733	771	818	806	776	780	793	790	819	783	827	868	843	885	962	809	762
9:26:26	37.0	961	966	1053	993	923	916	851	836	796	796	815	826	1109	1146	1126	1103	1071	1002	972	925	989	917	919	951	1134	1155	1010	981	889	852	821	790	792	790	805	826	1088	1284	1253	1222	1164	1099	1020	980	949	928	931	964	766	751	742	744	742	755	745	738	751	765	770	835	813	795	789	801	788	839	814	836	869	842	901	976	797	766
9:30:26	37.0	939	1001	1049	967	938	891	845	822	817	783	835	806	1096	1147	1129	1105	1071	1012	966	939	993	919	927	945	1134	1132	1015	991	931	838	824	793	776	768	785	824	1110	1275	1239	1226	1170	1099	1036	998	951	940	926	948	770	761	735	737	734	740	729	735	749	766	774	821	790	771	790	788	771	813	806	828	873	818	911	953	796	767
9:34:26	37.1	954	988	1035	970	934	907	847	819	826	774	821	815	1111	1168	1105	1104	1056	1026	967	919	973	904	930	948	1134	1151	1022	993	923	846	831	784	788	784	813	813	1133	1278	1252	1203	1164	1100	1033	967	968	930	938	950	753	741	733	751	744	741	728	748	746	752	767	822	792	774	792	773	793	818	803	829	872	843	891	957	791	754
9:38:26	37.0	959	1014	1064	986	936	903	863	818	820	795	802	814	1135	1141	1127	1122	1080	1039	982	931	991	911	944	966	1150	1146	1027	976	914	849	826	789	792	780	830	829	1118	1310	1278	1227	1182	1100	1039	984	962	930	932	948	770	755	754	752	763	742	719	735	768	761	795	843	793	802	798	785	804	833	791	830	888	824	911	961	789	763
9:42:26	37.0	950	988	1036	996	948	917	860	818	801	787	829	795	1113	1149	1124	1105	1056	1022	984	947	982	917	915	983	1148	1143	1017	974	905	857	810	795	776	792	810	818	1112	1301	1247	1232	1176	1098	1028	987	948	935	929	949	764	765	736	742	747	737	718	742	735	753	776	832	810	794	792	784	800	830	783	838	901	838	897	959	798	766
9:46:26	37.0	945	992	1062	993	957	901	853	833	814	809	828	811	1127	1167	1122	1097	1081	1018	982	934	983	916	940	953	1142	1173	1028	979	922	853	830	803	785	789	813	827	1137	1314	1285	1226	1200	1107	1038	1004	953	927	930	967	773	755	762	738	747	741	723	734	759	758	773	843	804	797	786	789	793	836	813	839	920	852	914	986	778	764
9:50:26	37.0	957	1015	1047	982	953	899	863	819	812	791	843	810	1110	1147	1114	1122	1094	1022	986	940	989	906	944	957	1152	1142	988	978	911	863	833	810	797	788	807	821	1124	1321	1270	1233	1192	1109	1036	1015	955	935	941	953	763	746	746	734	742	722	725	733	775	745	776	845	797	796	801	801	791	821	808	835	885	850	909	979	779	755
9:54:26	37.0	980	993	1056	982	951	906	858	809	800	795	818	811	1115	1170	1129	1114	1081	1037	975	942	1004	913	932	951	1123	1154	998	975	921	868	825	789	786	779	815	825	1127	1331	1283	1247	1184	1106	1045	985	962	933	941	944	756	742	737	751	734	739	729	741	744	766	772	818	787	786	805	789	786	811	798	846	901	838	905	981	788	754
9:58:26	37.0	958	997	1083	987	948	906	872	824	806	793	818	804	1126	1160	1122	1134	1090	1039	1011	939	991	926	933	957	1153	1152	1030	973	901	859	815	804	786	786	809	831	1126	1339	1279	1229	1200	1131	1034	996	958	958	924	944	760	748	741	739	737	732	729	740	743	750	773	850	810	783	798	795	806	821	797	840	871	852	927	978	776	750
0:00:00																																																																											
0:00:00																																																																											
0:00:00																																																																											
0:00:00																																																																											
0:00:00																																																																											
0:00:00																																																																											
0:00:00																																																																											
0:00:00																																																																											
0:00:00																																																																											
0:00:00																																																																											
0:00:00																																																																											
0:00:00																																																																											
0:00:00																																																																											
0:00:00																																																																											
0:00:00																																																																											
0:00:00																																																																											
0:00:00																																																																											
0:00:00																																																																											
0:00:00																																																																											
0:00:00																																																																											
0:00:00																																																																											
0:00:00																																																																											
0:00:00																																																																											
0:00:00																																																																											
0:00:00																																																																											
0:00:00																																																																											
0:00:00																																																																											
0:00:00																																																																											
0:00:00																																																																											
0:00:00																																																																											
0:00:00																																																																											

od600:600

Time	T° od600:600	B1	B2	B3	B4	B5	B6	B7	B8	B9	B10	B11	B12	C1	C2	C3	C4	C5	C6	C7	C8	C9	C10	C11	C12	D1	D2	D3	D4	D5	D6	D7	D8	D9	D10	D11	D12	E1	E2	E3	E4	E5	E6	E7	E8	E9	E10	E11	E12	F1	F2	F3	F4	F5	F6	F7	F8	F9	F10	F11	F12	G1	G2	G3	G4	G5	G6	G7	G8	G9	G10	G11	G12	H11	H12
0:03:12	37.0	0.145	0.153	0.155	0.151	0.153	0.153	0.168	0.148	0.147	0.150	0.159	0.161	0.178	0.176	0.163	0.168	0.161	0.162	0.160	0.162	0.162	0.164	0.172	0.175	0.157	0.154	0.153	0.156	0.154	0.148	0.145	0.148	0.148	0.146	0.158	0.159	0.163	0.162	0.163	0.176	0.164	0.171	0.166	0.160	0.160	0.165	0.169	0.183	0.157	0.150	0.154	0.152	0.148	0.154	0.152	0.157	0.152	0.147	0.152	0.164	0.155	0.160	0.171	0.161	0.162	0.162	0.160	0.166	0.155	0.160	0.165	0.180	0.145	0.164
0:07:12	37.0	0.146	0.153	0.156	0.151	0.154	0.153	0.167	0.149	0.148	0.151	0.159	0.162	0.179	0.181	0.165	0.172	0.164	0.166	0.163	0.166	0.166	0.167	0.176	0.178	0.158	0.156	0.154	0.156	0.156	0.150	0.147	0.150	0.149	0.147	0.159	0.161	0.164	0.165	0.166	0.179	0.167	0.175	0.170	0.165	0.164	0.170	0.173	0.187	0.158	0.150	0.156	0.153	0.150	0.155	0.153	0.158	0.153	0.148	0.153	0.167	0.157	0.162	0.174	0.164	0.166	0.165	0.163	0.170	0.159	0.164	0.168	0.184	0.146	0.165
0:11:12	37.0	0.147	0.154	0.157	0.152	0.156	0.155	0.169	0.151	0.150	0.152	0.160	0.164	0.182	0.186	0.169	0.178	0.168	0.170	0.167	0.171	0.170	0.172	0.180	0.182	0.160	0.158	0.156	0.158	0.158	0.152	0.149	0.151	0.151	0.148	0.161	0.163	0.167	0.170	0.171	0.183	0.171	0.180	0.175	0.170	0.169	0.175	0.178	0.192	0.159	0.151	0.158	0.155	0.152	0.157	0.155	0.160	0.155	0.150	0.155	0.171	0.160	0.166	0.178	0.168	0.171	0.169	0.167	0.174	0.162	0.169	0.173	0.191	0.149	0.166
0:15:12	37.0	0.149	0.157	0.160	0.155	0.159	0.157	0.170	0.154	0.153	0.154	0.163	0.167	0.186	0.195	0.175	0.185	0.173	0.176	0.173	0.178	0.176	0.178	0.188	0.189	0.163	0.161	0.159	0.161	0.160	0.154	0.152	0.154	0.154	0.151	0.164	0.167	0.170	0.175	0.177	0.189	0.177	0.191	0.181	0.177	0.176	0.182	0.186	0.199	0.161	0.153	0.162	0.158	0.154	0.160	0.158	0.164	0.158	0.153	0.158	0.176	0.165	0.172	0.184	0.174	0.177	0.175	0.172	0.181	0.168	0.173	0.179	0.199	0.151	0.167
0:19:12	37.0	0.152	0.160	0.163	0.158	0.163	0.160	0.172	0.157	0.156	0.156	0.165	0.171	0.191	0.204	0.184	0.194	0.179	0.183	0.181	0.187	0.184	0.186	0.196	0.198	0.166	0.165	0.162	0.165	0.163	0.157	0.155	0.158	0.158	0.155	0.167	0.172	0.174	0.183	0.184	0.195	0.184	0.194	0.189	0.185	0.185	0.191	0.196	0.208	0.162	0.156	0.166	0.161	0.157	0.163	0.162	0.167	0.162	0.156	0.162	0.184	0.170	0.179	0.191	0.181	0.186	0.182	0.179	0.189	0.175	0.177	0.188	0.209	0.151	0.168
0:23:12	37.0	0.156	0.163	0.167	0.161	0.167	0.163	0.175	0.161	0.160	0.160	0.170	0.176	0.197	0.214	0.194	0.204	0.187	0.193	0.190	0.197	0.193	0.195	0.207	0.207	0.171	0.169	0.167	0.169	0.168	0.161	0.160	0.162	0.163	0.160	0.173	0.177	0.179	0.193	0.193	0.204	0.193	0.203	0.199	0.195	0.194	0.200	0.207	0.218	0.165	0.160	0.172	0.166	0.161	0.168	0.166	0.172	0.166	0.161	0.167	0.192	0.177	0.188	0.200	0.190	0.197	0.191	0.188	0.198	0.183	0.189	0.199	0.220	0.151	0.169
0:27:12	37.0	0.160	0.168	0.171	0.166	0.172	0.167	0.178	0.166	0.164	0.163	0.174	0.182	0.205	0.226	0.206	0.214	0.197	0.203	0.201	0.209	0.202	0.205	0.218	0.219	0.176	0.174	0.171	0.173	0.172	0.166	0.166	0.167	0.169	0.166	0.178	0.184	0.185	0.203	0.203	0.214	0.204	0.213	0.210	0.206	0.204	0.211	0.218	0.230	0.168	0.163	0.177	0.170	0.166	0.172	0.171	0.177	0.172	0.166	0.173	0.201	0.185	0.198	0.210	0.200	0.209	0.201	0.198	0.209	0.193	0.199	0.210	0.232	0.152	0.169
0:31:12	37.0	0.166	0.173	0.176	0.171	0.178	0.172	0.181	0.171	0.170	0.168	0.180	0.191	0.214	0.238	0.218	0.227	0.209	0.215	0.212	0.222	0.213	0.216	0.231	0.234	0.182	0.180	0.177	0.180	0.177	0.171	0.172	0.172	0.176	0.173	0.186	0.193	0.192	0.214	0.214	0.225	0.216	0.222	0.222	0.217	0.216	0.221	0.230	0.244	0.172	0.168	0.183	0.176	0.171	0.178	0.176	0.182	0.178	0.171	0.181	0.210	0.196	0.210	0.222	0.212	0.221	0.213	0.210	0.221	0.204	0.212	0.223	0.246	0.153	0.171
0:35:12	37.0	0.172	0.179	0.183	0.177	0.185	0.178	0.185	0.178	0.176	0.174	0.188	0.200	0.224	0.251	0.232	0.239	0.221	0.228	0.225	0.235	0.224	0.229	0.246	0.249	0.189	0.187	0.184	0.186	0.184	0.178	0.179	0.179	0.184	0.181	0.194	0.201	0.201	0.227	0.227	0.237	0.228	0.234	0.235	0.230	0.228	0.233	0.244	0.258	0.177	0.173	0.190	0.182	0.177	0.185	0.183	0.189	0.184	0.178	0.189	0.221	0.207	0.223	0.235	0.225	0.235	0.226	0.222	0.234	0.217	0.226	0.238	0.262	0.155	0.173
0:39:12	37.0	0.180	0.187	0.190	0.185	0.193	0.185	0.190	0.186	0.185	0.181	0.196	0.210	0.237	0.266	0.248	0.254	0.236	0.242	0.239	0.250	0.237	0.244	0.261	0.266	0.198	0.195	0.192	0.194	0.192	0.185	0.187	0.188	0.192	0.190	0.204	0.211	0.211	0.241	0.240	0.251	0.242	0.249	0.249	0.243	0.242	0.247	0.258	0.275	0.182	0.180	0.199	0.190	0.184	0.193	0.191	0.197	0.192	0.186	0.199	0.232	0.220	0.236	0.249	0.239	0.252	0.240	0.235	0.249	0.230	0.238	0.253	0.280	0.158	0.176
0:43:12	37.0	0.189	0.196	0.199	0.193	0.202	0.194	0.196	0.196	0.194	0.189	0.206	0.222	0.251	0.282	0.266	0.270	0.252	0.258	0.255	0.265	0.252	0.261	0.280	0.283	0.208	0.204	0.201	0.204	0.201	0.195	0.197	0.197	0.202	0.201	0.215	0.221	0.224	0.257	0.256	0.267	0.258	0.265	0.264	0.258	0.256	0.261	0.273	0.292	0.189	0.188	0.208	0.199	0.193	0.202	0.199	0.206	0.199	0.195	0.209	0.244	0.235	0.251	0.265	0.255	0.268	0.256	0.251	0.264	0.245	0.253	0.270	0.298	0.160	0.178
0:47:12	37.0	0.199	0.205	0.208	0.203	0.212	0.203	0.203	0.206	0.204	0.198	0.218	0.234	0.266	0.298	0.285	0.287	0.269	0.275	0.271	0.281	0.266	0.277	0.298	0.301	0.219	0.214	0.210	0.214	0.211	0.205	0.207	0.207	0.214	0.213	0.227	0.231	0.238	0.274	0.272	0.283	0.275	0.284	0.280	0.273	0.271	0.276	0.289	0.310	0.197	0.197	0.217	0.208	0.202	0.212	0.208	0.215	0.206	0.205	0.221	0.257	0.252	0.267	0.281	0.271	0.284	0.272	0.266	0.281	0.261	0.270	0.288	0.318	0.164	0.181
0:51:12	37.0	0.210	0.215	0.219	0.214	0.224	0.213	0.212	0.218	0.216	0.208	0.231	0.247	0.282	0.315	0.303	0.304	0.287	0.292	0.288	0.299	0.283	0.295	0.316	0.322	0.231	0.225	0.221	0.225	0.221	0.216	0.219	0.218	0.226	0.225	0.241	0.244	0.252	0.290	0.288	0.300	0.291	0.301	0.298	0.290	0.287	0.293	0.306	0.331	0.206	0.205	0.227	0.218	0.211	0.222	0.218	0.226	0.212	0.215	0.233	0.271	0.269	0.284	0.299	0.289	0.303	0.289	0.284	0.299	0.278	0.290	0.308	0.340	0.167	0.185
0:55:12	37.0	0.223	0.227	0.231	0.227	0.236	0.225	0.222	0.231	0.229	0.220	0.245	0.261	0.301	0.334	0.324	0.323	0.307	0.311	0.307	0.318	0.300	0.314	0.337	0.343	0.246	0.237	0.233	0.237	0.234	0.228	0.231	0.231	0.239	0.239	0.255	0.256	0.269	0.310	0.307	0.318	0.310	0.320	0.316	0.307	0.305	0.310	0.325	0.354	0.215	0.216	0.238	0.228	0.222	0.233	0.228	0.237	0.221	0.226	0.246	0.285	0.289	0.303	0.318	0.308	0.323	0.307	0.302	0.319	0.297	0.310	0.328	0.362	0.172	0.190
0:59:12	37.0	0.236	0.238	0.244	0.240	0.250	0.238	0.234	0.246	0.243	0.234	0.261	0.277	0.319	0.353	0.345	0.342	0.327	0.330	0.327	0.336	0.318	0.333	0.356	0.367	0.260	0.249	0.245	0.250	0.248	0.242	0.245	0.244	0.254	0.254	0.271	0.271	0.286	0.329	0.326	0.337	0.329	0.341	0.335	0.326	0.324	0.329	0.344	0.379	0.225	0.229	0.249	0.240	0.232	0.245	0.240	0.249	0.231	0.238	0.260	0.303	0.308	0.323	0.337	0.329	0.344	0.327	0.323	0.342	0.317	0.332	0.350	0.387	0.175	0.194
1:03:12	37.0	0.251	0.253	0.259	0.255	0.266	0.252	0.250	0.261	0.259	0.248	0.278	0.295	0.340	0.374	0.368	0.362	0.349	0.351	0.349	0.357	0.338	0.354	0.378	0.391	0.277	0.264	0.260	0.264	0.262	0.256	0.260	0.259	0.270	0.271	0.288	0.287	0.305	0.350	0.347	0.358	0.349	0.363	0.356	0.347	0.345	0.348	0.364	0.405	0.238	0.241	0.262	0.252	0.245	0.258	0.253	0.262	0.242	0.252	0.274	0.322	0.330	0.344	0.359	0.351	0.366	0.348	0.346	0.365	0.339	0.356	0.374	0.411	0.181	0.200
1:07:12	37.0	0.267	0.268	0.275	0.271	0.283	0.269	0.269	0.279	0.276	0.264	0.297	0.315	0.361	0.397	0.392	0.385	0.374	0.375	0.373	0.379	0.359	0.377	0.401	0.417	0.295	0.279	0.277	0.281	0.278	0.273	0.278	0.277	0.287	0.289	0.307	0.305	0.326	0.373	0.370	0.381	0.372	0.386	0.379	0.370	0.367	0.371	0.387	0.433	0.251	0.254	0.275	0.265	0.259	0.272	0.266	0.276	0.257	0.266	0.291	0.343	0.353	0.367	0.383	0.375	0.390	0.372	0.369	0.392	0.363	0.380	0.399	0.438	0.187	0.205
1:11:12	37.0	0.284	0.282	0.292	0.288	0.301	0.286	0.290	0.297	0.296	0.284	0.318	0.336	0.385	0.420	0.416	0.407	0.398	0.397	0.396	0.403	0.383	0.401	0.425	0.444	0.313	0.296	0.293	0.298	0.296	0.289	0.296	0.295	0.307	0.309	0.328	0.321	0.349	0.397	0.394	0.405	0.395	0.409	0.403	0.393	0.392	0.395	0.412	0.462	0.266	0.268	0.291	0.280	0.274	0.288	0.280	0.291	0.270	0.282	0.310	0.364	0.377	0.390	0.406	0.401	0.415	0.397	0.394	0.418	0.389	0.407	0.425	0.465	0.194	0.212
1:15:12	37.0	0.303	0.300	0.311	0.308	0.321	0.306	0.313	0.318	0.317	0.305	0.340	0.359	0.411	0.445	0.442	0.433	0.426	0.424	0.425	0.429	0.409	0.426	0.451	0.469	0.334	0.315	0.310	0.316	0.315	0.309	0.317	0.316	0.327	0.331	0.349	0.340	0.369	0.423	0.421	0.432	0.423	0.437	0.430	0.421	0.419	0.422	0.440	0.489	0.283	0.284	0.307	0.296	0.289	0.304	0.296	0.309	0.286	0.301	0.330	0.389	0.402	0.413	0.431	0.425	0.441	0.422	0.419	0.445	0.415	0.434	0.453	0.493	0.202	0.220
1:19:12	37.0	0.323	0.318	0.331	0.329	0.341	0.326	0.336	0.340	0.338	0.328	0.363	0.383	0.435	0.468	0.467	0.458	0.451	0.450	0.452	0.453	0.434	0.450	0.475	0.495	0.354	0.334	0.330	0.335	0.335	0.331	0.337	0.338	0.348	0.352	0.371	0.360	0.392	0.446	0.446	0.457	0.449	0.462	0.455	0.446	0.445	0.448	0.466	0.516	0.299	0.300	0.325	0.314	0.306	0.321	0.313	0.327	0.304	0.319	0.351	0.414	0.424	0.437	0.456	0.451	0.467	0.448	0.446	0.473	0.442	0.463	0.480	0.520	0.210	0.227
1:23:12	37.0	0.344	0.338	0.350	0.349	0.360	0.345	0.356	0.359	0.358	0.350	0.382	0.404	0.458	0.490	0.490	0.479	0.476	0.474	0.476	0.476	0.459	0.475	0.497	0.520	0.377	0.353	0.348	0.354	0.354	0.350	0.356	0.358	0.367	0.372	0.392	0.380	0.414	0.470	0.469	0.482	0.474	0.485	0.479	0.471	0.469	0.473	0.491	0.540	0.316	0.318	0.342	0.334	0.324	0.341	0.333	0.348	0.323	0.341	0.374	0.438	0.446	0.458	0.478	0.474	0.489	0.473	0.471	0.498	0.468	0.487	0.505	0.543	0.218	0.236
1:27:12	37.0	0.367	0.360	0.373	0.371	0.382	0.368	0.381	0.381	0.380	0.372	0.406	0.430	0.480	0.511	0.510	0.499	0.497	0.495	0.498	0.497	0.479	0.496	0.518	0.541	0.400	0.378	0.371	0.376	0.376	0.371	0.378	0.379	0.387	0.394	0.414	0.399	0.439	0.491	0.491	0.503	0.495	0.506	0.500	0.494	0.492	0.495	0.512	0.563	0.335	0.336	0.361	0.353	0.344	0.360	0.351	0.369	0.341	0.361	0.395	0.460	0.465	0.478	0.499	0.495	0.510	0.495	0.492	0.519	0.492	0.510	0.528	0.569	0.227	0.244
1:31:12	37.0	0.391	0.382	0.395	0.392	0.403	0.389	0.402	0.402	0.400	0.394	0.425	0.451	0.503	0.528	0.527	0.516	0.514	0.513	0.516	0.515	0.499	0.515	0.534	0.555	0.421	0.396	0.390	0.396	0.396	0.393	0.398	0.401	0.408	0.414	0.434	0.413	0.462	0.509	0.508	0.523	0.514	0.524	0.519	0.513	0.511	0.514	0.530	0.582	0.354	0.358	0.381	0.375	0.366	0.380	0.372	0.389	0.365	0.385	0.421	0.474	0.483	0.495	0.518	0.514	0.529	0.516	0.514	0.539	0.515	0.532	0.548	0.586	0.232	0.249
1:35:12	37.1	0.412	0.400	0.412	0.409	0.416	0.404	0.418	0.416	0.414	0.410	0.440	0.466	0.522	0.543	0.540	0.529	0.529	0.528	0.531	0.529	0.515	0.530	0.549	0.571	0.441	0.410	0.405	0.410	0.410	0.408	0.412	0.416	0.422	0.428	0.449	0.432	0.482	0.526	0.524	0.537	0.530	0.541	0.535	0.529	0.527	0.531	0.546	0.598	0.372	0.378	0.404	0.398	0.391	0.405	0.396	0.414	0.392	0.408	0.441	0.492	0.499	0.510	0.536	0.531	0.546	0.536	0.533	0.558	0.537	0.552	0.567	0.604	0.236	0.256
1:39:12	37.0	0.431	0.417	0.427	0.422	0.430	0.417	0.430	0.427	0.427	0.424	0.454	0.480	0.540	0.557	0.551	0.541	0.541	0.540	0.543	0.542	0.529	0.542	0.561	0.582	0.458	0.425	0.419	0.423	0.422	0.420	0.424	0.428	0.434	0.439	0.461	0.449	0.500	0.542	0.538	0.552	0.543	0.554	0.548	0.543	0.540	0.544	0.559	0.610	0.388	0.395	0.420	0.415	0.409	0.424	0.416	0.433	0.411	0.427	0.458	0.507	0.514	0.525	0.551	0.547	0.563	0.554	0.551	0.576	0.558	0.571	0.582	0.615	0.247	0.266
1:43:12	37.0	0.448	0.430	0.439	0.434	0.442	0.430	0.442	0.438	0.439	0.435	0.466	0.490	0.555	0.568	0.560	0.549	0.550	0.549	0.552	0.551	0.539	0.550	0.568	0.589	0.475	0.438	0.432	0.437	0.434	0.433	0.436	0.442	0.445	0.450	0.471	0.456	0.516	0.553	0.550	0.563	0.554	0.565	0.558	0.553	0.551	0.555	0.570	0.614	0.404	0.410	0.435	0.431	0.425	0.440	0.433	0.449	0.426	0.443	0.471	0.518	0.526	0.538	0.566	0.562	0.576	0.570	0.566	0.591	0.576	0.586	0.594	0.624	0.255	0.275
1:47:12	37.0	0.464	0.445	0.454	0.448	0.456	0.444	0.454	0.450	0.449	0.446	0.476	0.501	0.570	0.577	0.568	0.558	0.559	0.559	0.562	0.560	0.549	0.559	0.575	0.593	0.490	0.449	0.443	0.449	0.447	0.446	0.449	0.454	0.457	0.461	0.482	0.467	0.530	0.565	0.560	0.574	0.564	0.575	0.568	0.563	0.562	0.565	0.578	0.621	0.417	0.422	0.447	0.445	0.439	0.455	0.447	0.463	0.439	0.457	0.483	0.529	0.536	0.552	0.580	0.576	0.590	0.585	0.581	0.605	0.592	0.601	0.605	0.630	0.265	0.283
1:51:12	37.0	0.480	0.459	0.467	0.461	0.469	0.457	0.467	0.461	0.462	0.459	0.487	0.510	0.582	0.587	0.575	0.565	0.567	0.566	0.570	0.568	0.559	0.567	0.582	0.596	0.502	0.462	0.456	0.461	0.459	0.458	0.460	0.464	0.469	0.473	0.492	0.470	0.543	0.575	0.570	0.584	0.573	0.584	0.577	0.572	0.572	0.573	0.587	0.625	0.432	0.436	0.458	0.459	0.454	0.469	0.460	0.476	0.452	0.471	0.495	0.535	0.548	0.564	0.594	0.589	0.603	0.600	0.595	0.618	0.607	0.613	0.614	0.635	0.276	0.292
1:55:12	37.0	0.494	0.473	0.478	0.473	0.480	0.469	0.481	0.471	0.472	0.468	0.495	0.519	0.593	0.594	0.581	0.571	0.573	0.573	0.576	0.575	0.568	0.574	0.589	0.597	0.510	0.472	0.466	0.472	0.470	0.468	0.469	0.473	0.477	0.480	0.499	0.477	0.553	0.583	0.578	0.591	0.581	0.590	0.584	0.580	0.579	0.581	0.595	0.628	0.446	0.449	0.469	0.472	0.467	0.482	0.474	0.490	0.466	0.484	0.507	0.541	0.558	0.576	0.606	0.601	0.615	0.614	0.608	0.631	0.621	0.624	0.622	0.636	0.286	0.302
1:59:12	37.1	0.508	0.485	0.490	0.484	0.489	0.479	0.491	0.483	0.482	0.479	0.502	0.528	0.603	0.604	0.588	0.579	0.581	0.580	0.583	0.582	0.577	0.581	0.595	0.605	0.518	0.483	0.475	0.482	0.480	0.478	0.479	0.481	0.486	0.488	0.507	0.486	0.563	0.592	0.586	0.600	0.590	0.597	0.592	0.589	0.588	0.589	0.603	0.631	0.458	0.459	0.480	0.485	0.480	0.494	0.488	0.503	0.480	0.497	0.515	0.548	0.570	0.588	0.619	0.615	0.628	0.628	0.622	0.644	0.635	0.635	0.631	0.642	0.297	0.311
2:03:12	37.0	0.519	0.497	0.500	0.493	0.494	0.486	0.499	0.490	0.489	0.487	0.510	0.536	0.612	0.611	0.595	0.585	0.586	0.587	0.589	0.587	0.586	0.587	0.601	0.607	0.525	0.493	0.483	0.491	0.488	0.487	0.486	0.489	0.494	0.496	0.515	0.490	0.571	0.598	0.593	0.606	0.595	0.602	0.598	0.594	0.592	0.595	0.608	0.632	0.468	0.471	0.491	0.498	0.495	0.505	0.501	0.515	0.495	0.508	0.523	0.554	0.579	0.598	0.630	0.626	0.638	0.640	0.634	0.654	0.647	0.644	0.639	0.646	0.313	0.324
2:07:12	37.0	0.526	0.506	0.509	0.501	0.499	0.491	0.505	0.496	0.495	0.494	0.516	0.541	0.622	0.618	0.599	0.589	0.589	0.588	0.592	0.590	0.588	0.590	0.604	0.605	0.533	0.500	0.489	0.497	0.494	0.492	0.492	0.494	0.499	0.502	0.522	0.491	0.580	0.605	0.599	0.612	0.601	0.609	0.604	0.600	0.598	0.601	0.613	0.632	0.476	0.483	0.502	0.510	0.507	0.517	0.513	0.527	0.508	0.518	0.532	0.556	0.591	0.609	0.641	0.638	0.648	0.653	0.645	0.665	0.658	0.652	0.646	0.646	0.316	0.327
2:11:12	37.0	0.536	0.515	0.518	0.507	0.504	0.497	0.512	0.504	0.502	0.502	0.526	0.550	0.630	0.622	0.604	0.593	0.590	0.592	0.595	0.593	0.594	0.594	0.606	0.609	0.542	0.507	0.496	0.505	0.502	0.500	0.499	0.502	0.507	0.510	0.528	0.496	0.588	0.611	0.605	0.616	0.604	0.613	0.606	0.603	0.601	0.606	0.618	0.637	0.485	0.494	0.512	0.523	0.520	0.529	0.525	0.538	0.523	0.529	0.540	0.560	0.602	0.620	0.651	0.649	0.658	0.663	0.656	0.674	0.669	0.660	0.653	0.647	0.314	0.331
2:15:12	37.0	0.545	0.522	0.524	0.511	0.506	0.500	0.514	0.507	0.507	0.506	0.534	0.557	0.637	0.627	0.606	0.594	0.592	0.592	0.596	0.593	0.594	0.594	0.601	0.609	0.549	0.514	0.501	0.509	0.507	0.503	0.502	0.508	0.513	0.516	0.536	0.497	0.594	0.614	0.609	0.618	0.604	0.616	0.607	0.603	0.601	0.605	0.618	0.632	0.492	0.504	0.520	0.532	0.529	0.539	0.535	0.548	0.536	0.539	0.547	0.560	0.612	0.629	0.659	0.657	0.667	0.673	0.664	0.684	0.678	0.666	0.658	0.645	0.308	0.334
2:19:12	37.0	0.554	0.527	0.531	0.516	0.508	0.502	0.517	0.510	0.510	0.511	0.536	0.561	0.646	0.633	0.607	0.596	0.594	0.593	0.597	0.596	0.581	0.595	0.601	0.611	0.557	0.519	0.504	0.514	0.511	0.507	0.504	0.511	0.516	0.518	0.538	0.498	0.601	0.620	0.612	0.620	0.606	0.617	0.609	0.604	0.603	0.607	0.620	0.633	0.498	0.512	0.529	0.542	0.537	0.549	0.546	0.558	0.547	0.546	0.554	0.561	0.622	0.639	0.670	0.669	0.677	0.685	0.674	0.696	0.688	0.673	0.664	0.644	0.310	0.330
2:23:12	37.0	0.563	0.534	0.532	0.518	0.510	0.509	0.519	0.511	0.515	0.511	0.546	0.565	0.653	0.636	0.608	0.594	0.596	0.596	0.601	0.602	0.589	0.602	0.605	0.611	0.565	0.523	0.509	0.517	0.516	0.513	0.511	0.515	0.522	0.521	0.543	0.501	0.600	0.624	0.615	0.622	0.610	0.619	0.610	0.607	0.606	0.610	0.623	0.631	0.504	0.522	0.540	0.552	0.547	0.560	0.557	0.569	0.560	0.557	0.560	0.562	0.633	0.648	0.679	0.677	0.686	0.695	0.683	0.704	0.699	0.680	0.670	0.643	0.317	0.334
2:27:12	37.0	0.572	0.540	0.537	0.521	0.515	0.515	0.523	0.512	0.523	0.515	0.548	0.562	0.660	0.640	0.613	0.596	0.596	0.598	0.602	0.605	0.586	0.607	0.604	0.609	0.573	0.530	0.514	0.520	0.519	0.511	0.515	0.520	0.525	0.529	0.545	0.505	0.615	0.626	0.616	0.623	0.610	0.621	0.615	0.615	0.611	0.614	0.629	0.630	0.511	0.527	0.547	0.561	0.559	0.569	0.567	0.580	0.572	0.566	0.569	0.564	0.640	0.656	0.687	0.686	0.695	0.704	0.692	0.713	0.707	0.687	0.672	0.643	0.323	0.339
2:31:12	37.0	0.580	0.543	0.534	0.524	0.518	0.516	0.523	0.518	0.522	0.517	0.546	0.566	0.668	0.642	0.614	0.595	0.585	0.583	0.604	0.594	0.584	0.589	0.597	0.611	0.580	0.532	0.520	0.521	0.518	0.520	0.515	0.515	0.523	0.526	0.543	0.507	0.612	0.627	0.620	0.622	0.609	0.619	0.621	0.618	0.613	0.613	0.628	0.630	0.518	0.531	0.553	0.567	0.569	0.579	0.574	0.588	0.582	0.575	0.576	0.559	0.648	0.663	0.694	0.693	0.702	0.712	0.699	0.720	0.715	0.690	0.675	0.641	0.329	0.343
2:35:12	37.0	0.589	0.549	0.545	0.530	0.522	0.517	0.529	0.521	0.518	0.520	0.545	0.576	0.668	0.642	0.620	0.589	0.587	0.586	0.586	0.591	0.589	0.599	0.610	0.606	0.589	0.538	0.522	0.516	0.517	0.511	0.512	0.520	0.522	0.528	0.547	0.510	0.616	0.630	0.623	0.621	0.611	0.626	0.608	0.608	0.609	0.610	0.625	0.625	0.528	0.539	0.558	0.573	0.576	0.586	0.583	0.596	0.591	0.578	0.572	0.554	0.653	0.668	0.699	0.698	0.707	0.717	0.703	0.724	0.719	0.693	0.672	0.639	0.335	0.351
2:39:12	37.0	0.596	0.553	0.556	0.537	0.524	0.511	0.527	0.526	0.518	0.517	0.542	0.579	0.673	0.637	0.627	0.587	0.591	0.575	0.585	0.585	0.581	0.592	0.618	0.606	0.594	0.533	0.525	0.516	0.513	0.515	0.516	0.520	0.523	0.531	0.549	0.509	0.628	0.633	0.623	0.618	0.603	0.628	0.608	0.598	0.596	0.612	0.611	0.625	0.536	0.546	0.566	0.584	0.587	0.591	0.591	0.602	0.594	0.582	0.574	0.553	0.662	0.676	0.708	0.705	0.714	0.724	0.710	0.732	0.725	0.699	0.682	0.640	0.340	0.356
2:43:12	37.0	0.601	0.554	0.562	0.538	0.523	0.507	0.529	0.529	0.520	0.522	0.550	0.576	0.674	0.638	0.621	0.581	0.598	0.581	0.588	0.588	0.590	0.587	0.621	0.611	0.592	0.537	0.524	0.515	0.509	0.509	0.516	0.520	0.527	0.536	0.552	0.506	0.653	0.646	0.620	0.625	0.609	0.626	0.601	0.593	0.593	0.621	0.600	0.625	0.542	0.549	0.570	0.589	0.594	0.602	0.598	0.611	0.602	0.587	0.578	0.552	0.672	0.683	0.716	0.713	0.722	0.735	0.717	0.743	0.730	0.709	0.685	0.644	0.344	0.363
2:47:12	37.0	0.605	0.561	0.565	0.536	0.521	0.505	0.525	0.524	0.515	0.521	0.550	0.573	0.678	0.636	0.619	0.590	0.586	0.592	0.596	0.586	0.591	0.584	0.628	0.606	0.596	0.535	0.529	0.512	0.507	0.508	0.519	0.516	0.525	0.533	0.536	0.505	0.643	0.641	0.623	0.629	0.607	0.617	0.599	0.597	0.590	0.614	0.602	0.621	0.547	0.555	0.579	0.597	0.600	0.601	0.604	0.613	0.606	0.591	0.586	0.550	0.683	0.691	0.725	0.721	0.732	0.744	0.725	0.748	0.737	0.714	0.688	0.644	0.351	0.369
2:51:12	37.0	0.615	0.566	0.568	0.532	0.519	0.500	0.524	0.521	0.512	0.518	0.551	0.561	0.677	0.646	0.602	0.604	0.598	0.602	0.608	0.607	0.603	0.592	0.655	0.609	0.599	0.537	0.526	0.510	0.507	0.504	0.511	0.510	0.522	0.527	0.540	0.509	0.650	0.625	0.614	0.629	0.624	0.629	0.607	0.617	0.623	0.634	0.631	0.617	0.553	0.554	0.583	0.598	0.610	0.602	0.612	0.617	0.604	0.596	0.584	0.545	0.690	0.699	0.732	0.730	0.740	0.751	0.733	0.756	0.745	0.715	0.698	0.646	0.355	0.373
2:55:12	37.0	0.617	0.573	0.571	0.526	0.517	0.497	0.511	0.515	0.496	0.516	0.536	0.538	0.694	0.660	0.621	0.604	0.607	0.605	0.614	0.615	0.615	0.603	0.650	0.625	0.606	0.531	0.520	0.509	0.502	0.490	0.494	0.493	0.504	0.504	0.523	0.507	0.638	0.642	0.610	0.632	0.625	0.648	0.633	0.638	0.636	0.647	0.647	0.628	0.553	0.554	0.588	0.604	0.610	0.615	0.623	0.629	0.619	0.601	0.583	0.541	0.697	0.708	0.740	0.738	0.747	0.759	0.741	0.764	0.754	0.719	0.702	0.652	0.362	0.382
2:59:12	37.0	0.621	0.577	0.576	0.523	0.498	0.482	0.503	0.501	0.463	0.496	0.532	0.522	0.704	0.664	0.630	0.614	0.612	0.608	0.621	0.614	0.620	0.600	0.648	0.630	0.607	0.527	0.514	0.505	0.497	0.475	0.476	0.476	0.483	0.493	0.522	0.503	0.638	0.647	0.617	0.640	0.634	0.650	0.646	0.645	0.650	0.647	0.661	0.645	0.558	0.563	0.591	0.610	0.613	0.626	0.627	0.631	0.626	0.604	0.597	0.537	0.702	0.714	0.745	0.745	0.753	0.765	0.747	0.769	0.757	0.722	0.704	0.657	0.381	0.400
3:03:12	37.0	0.615	0.580	0.579	0.522	0.478	0.459	0.495	0.499	0.495	0.496	0.549	0.546	0.709	0.667	0.641	0.621	0.616	0.615	0.627	0.617	0.626	0.613	0.652	0.636	0.600	0.521	0.495	0.499	0.485	0.464	0.476	0.494	0.498	0.496	0.535	0.498	0.624	0.654	0.635	0.642	0.647	0.663	0.657	0.654	0.654	0.648	0.662	0.646	0.566	0.563	0.590	0.615	0.621	0.630	0.631	0.628	0.620	0.602	0.590	0.529	0.708	0.720	0.751	0.751	0.757	0.771	0.753	0.774	0.762	0.727	0.712	0.659	0.381	0.404
3:07:12	37.0	0.623	0.582	0.562	0.508	0.476	0.464	0.496	0.506	0.493	0.510	0.533	0.546	0.712	0.669	0.647	0.626	0.622	0.620	0.626	0.622	0.627	0.604	0.655	0.638	0.605	0.516	0.495	0.502	0.496	0.488	0.497	0.495	0.499	0.500	0.540	0.500	0.620	0.664	0.639	0.648	0.651	0.669	0.648	0.651	0.651	0.652	0.660	0.651	0.575	0.558	0.594	0.620	0.626	0.628	0.632	0.629	0.623	0.602	0.595	0.539	0.712	0.726	0.756	0.757	0.762	0.777	0.759	0.779	0.767	0.729	0.707	0.661	0.380	0.405
3:11:12	37.0	0.612	0.581	0.560	0.494	0.479	0.473	0.522	0.509	0.483	0.507	0.541	0.550	0.716	0.666	0.652	0.632	0.620	0.621	0.633	0.628	0.633	0.613	0.658	0.644	0.602	0.523	0.503	0.503	0.502	0.506	0.488	0.503	0.507	0.505	0.545	0.510	0.616	0.656	0.648	0.650	0.655	0.668	0.667	0.655	0.655	0.655	0.668	0.656	0.576	0.555	0.601	0.626	0.636	0.635	0.642	0.639	0.633	0.609	0.586	0.554	0.717	0.731	0.762	0.762	0.766	0.783	0.765	0.784	0.772	0.730	0.715	0.667	0.385	0.413
3:15:12	37.0	0.609	0.574	0.548	0.503	0.492	0.479	0.516	0.515	0.488	0.503	0.541	0.563	0.722	0.677	0.658	0.637	0.629	0.632	0.638	0.633	0.637	0.615	0.662	0.646	0.601	0.520	0.491	0.505	0.495	0.503	0.496	0.514	0.517	0.518	0.559	0.521	0.609	0.664	0.647	0.668	0.658	0.679	0.660	0.662	0.658	0.656	0.667	0.657	0.577	0.548	0.605	0.628	0.640	0.639	0.648	0.649	0.644	0.612	0.587	0.560	0.722	0.735	0.767	0.766	0.771	0.788	0.769	0.789	0.777	0.734	0.717	0.671	0.386	0.414
3:19:12	37.0	0.607	0.580	0.560	0.506	0.495	0.493	0.535	0.511	0.498	0.507	0.537	0.570	0.726	0.679	0.659	0.640	0.626	0.629	0.638	0.636	0.640	0.620	0.663	0.649	0.619	0.507	0.498	0.507	0.509	0.506	0.494	0.514	0.518	0.517	0.569	0.532	0.606	0.666	0.655	0.663	0.661	0.674	0.663	0.660	0.658	0.657	0.669	0.665	0.574	0.552	0.605	0.629	0.637	0.640	0.655	0.650	0.646	0.621	0.606	0.567	0.725	0.740	0.771	0.770	0.775	0.794	0.774	0.796	0.779	0.735	0.717	0.677	0.386	0.414
3:23:12	37.0	0.612	0.593	0.552	0.505	0.497	0.496	0.536	0.519	0.507	0.510	0.541	0.576	0.732	0.682	0.664	0.642	0.631	0.635	0.641	0.641	0.641	0.626	0.666	0.651	0.616	0.501	0.493	0.498	0.507	0.505	0.500	0.520	0.523	0.528	0.571	0.542	0.601	0.667	0.660	0.669	0.664	0.686	0.666	0.666	0.661	0.661	0.672	0.674	0.575	0.577	0.599	0.637	0.634	0.644	0.657	0.656	0.647	0.623	0.625	0.570	0.730	0.745	0.776	0.776	0.783	0.800	0.779	0.802	0.784	0.740	0.717	0.680	0.384	0.411
3:27:12	37.0	0.615	0.596	0.550	0.506	0.496	0.497	0.538	0.524	0.512	0.514	0.550	0.583	0.739	0.682	0.669	0.647	0.636	0.641	0.647	0.649	0.645	0.636	0.669	0.657	0.624	0.504	0.495	0.499	0.505	0.504	0.513	0.530	0.530	0.538	0.581	0.549	0.606	0.671	0.659	0.681	0.669	0.684	0.670	0.672	0.667	0.663	0.675	0.673	0.564	0.574	0.615	0.658	0.654	0.663	0.664	0.671	0.652	0.626	0.627	0.569	0.734	0.749	0.780	0.779	0.788	0.803	0.782	0.804	0.788	0.742	0.718	0.679	0.384	0.417
3:31:12	37.0	0.630	0.597	0.556	0.512	0.501	0.504	0.539	0.527	0.518	0.519	0.568	0.591	0.746	0.687	0.673	0.652	0.639	0.644	0.653	0.652	0.651	0.645	0.668	0.663	0.619	0.494	0.494	0.508	0.514	0.513	0.519	0.536	0.536	0.543	0.586	0.553	0.602	0.657	0.664	0.677	0.670	0.686	0.675	0.674	0.668	0.664	0.676	0.677	0.579	0.576	0.627	0.654	0.666	0.664	0.683	0.680	0.666	0.637	0.630	0.571	0.737	0.755	0.785	0.784	0.794	0.808	0.787	0.808	0.792	0.744	0.719	0.686	0.414	0.439
3:35:12	37.0	0.636	0.602	0.550	0.516	0.504	0.505	0.541	0.527	0.521	0.523	0.571	0.596	0.753	0.692	0.677	0.653	0.641	0.651	0.654	0.653	0.652	0.652	0.665	0.662	0.617	0.497	0.496	0.508	0.514	0.517	0.525	0.539	0.539	0.550	0.589	0.554	0.605	0.662	0.663	0.685	0.675	0.690	0.679	0.674	0.670	0.665	0.677	0.682	0.592	0.583	0.622	0.662	0.669	0.665	0.676	0.669	0.667	0.637	0.634	0.580	0.741	0.759	0.790	0.791	0.800	0.813	0.792	0.813	0.797	0.746	0.723	0.692	0.431	0.451
3:39:12	37.0	0.642	0.606	0.559	0.522	0.513	0.513	0.543	0.532	0.528	0.535	0.578	0.600	0.759	0.700	0.682	0.659	0.648	0.657	0.656	0.653	0.658	0.654	0.666	0.665	0.618	0.506	0.501	0.522	0.523	0.524	0.529	0.544	0.547	0.558	0.592	0.576	0.603	0.666	0.673	0.693	0.678	0.693	0.680	0.674	0.670	0.665	0.679	0.688	0.592	0.596	0.623	0.659	0.671	0.665	0.686	0.682	0.673	0.644	0.637	0.591	0.744	0.761	0.793	0.795	0.804	0.817	0.795	0.816	0.800	0.747	0.728	0.699	0.446	0.466
3:43:12	37.0	0.651	0.610	0.552	0.529	0.517	0.517	0.558	0.548	0.547	0.545	0.585	0.604	0.764	0.702	0.688	0.664	0.656	0.661	0.659	0.655	0.664	0.655	0.668	0.671	0.623	0.500	0.502	0.523	0.532	0.528	0.543	0.557	0.560	0.567	0.598	0.581	0.608	0.662	0.675	0.688	0.683	0.696	0.682	0.677	0.671	0.668	0.682	0.694	0.592	0.606	0.622	0.665	0.672	0.670	0.682	0.684	0.683	0.650	0.641	0.591	0.747	0.765	0.797	0.800	0.809	0.821	0.799	0.820	0.803	0.748	0.732	0.699	0.454	0.475
3:47:12	37.0	0.660	0.617	0.554	0.534	0.528	0.524	0.569	0.561	0.557	0.553	0.595	0.611	0.769	0.708	0.694	0.670	0.663	0.666	0.662	0.661	0.671	0.659	0.671	0.678	0.624	0.515	0.508	0.530	0.538	0.540	0.556	0.564	0.567	0.571	0.606	0.583	0.615	0.664	0.677	0.695	0.690	0.699	0.684	0.679	0.673	0.670	0.684	0.694	0.598	0.612	0.628	0.672	0.677	0.680	0.692	0.699	0.679	0.658	0.646	0.594	0.751	0.769	0.802	0.805	0.814	0.827	0.803	0.824	0.807	0.751	0.737	0.702	0.465	0.485
3:51:12	37.0	0.672	0.624	0.545	0.539	0.533	0.533	0.575	0.565	0.561	0.561	0.602	0.615	0.773	0.713	0.697	0.673	0.664	0.664	0.661	0.661	0.671	0.661	0.671	0.676	0.631	0.520	0.515	0.533	0.544	0.552	0.560	0.567	0.569	0.575	0.610	0.592	0.620	0.667	0.682	0.701	0.694	0.700	0.684	0.681	0.674	0.671	0.687	0.698	0.599	0.621	0.634	0.676	0.678	0.682	0.693	0.695	0.680	0.658	0.644	0.590	0.755	0.772	0.805	0.811	0.819	0.831	0.808	0.828	0.810	0.754	0.741	0.707	0.468	0.496
3:55:12	37.0	0.683	0.630	0.556	0.551	0.546	0.551	0.582	0.573	0.569	0.570	0.609	0.623	0.779	0.719	0.702	0.679	0.669	0.669	0.667	0.665	0.677	0.666	0.674	0.679	0.635	0.519	0.525	0.543	0.560	0.564	0.571	0.575	0.577	0.584	0.617	0.597	0.633	0.666	0.679	0.702	0.698	0.702	0.687	0.684	0.677	0.673	0.688	0.702	0.595	0.629	0.639	0.680	0.678	0.684	0.691	0.704	0.681	0.659	0.644	0.592	0.756	0.774	0.807	0.813	0.821	0.832	0.809	0.830	0.812	0.755	0.744	0.708	0.479	0.504
3:59:12	37.0	0.691	0.636	0.558	0.554	0.557	0.562	0.589	0.578	0.573	0.576	0.615	0.627	0.783	0.725	0.708	0.681	0.668	0.668	0.667	0.666	0.675	0.667	0.673	0.680	0.638	0.519	0.528	0.547	0.572	0.571	0.578	0.581	0.582	0.589	0.621	0.600	0.645	0.662	0.685	0.708	0.700	0.701	0.689	0.685	0.680	0.674	0.692	0.706	0.598	0.638	0.643	0.682	0.685	0.692	0.700	0.710	0.684	0.662	0.646	0.601	0.758	0.776	0.808	0.816	0.824	0.836	0.812	0.833	0.815	0.758	0.749	0.716	0.491	0.509
4:03:12	37.0	0.697	0.640	0.566	0.559	0.571	0.572	0.597	0.586	0.580	0.585	0.624	0.634	0.789	0.732	0.714	0.685	0.672	0.672	0.671	0.670	0.681	0.672	0.678	0.685	0.643	0.536	0.533	0.559	0.584	0.579	0.586	0.587	0.588	0.595	0.627	0.606	0.660	0.668	0.688	0.714	0.702	0.703	0.690	0.688	0.682	0.679	0.694	0.713	0.604	0.644	0.650	0.685	0.688	0.693	0.699	0.712	0.687	0.664	0.648	0.603	0.761	0.777	0.811	0.818	0.824	0.838	0.813	0.834	0.817	0.760	0.751	0.719	0.503	0.520
4:07:12	37.0	0.705	0.646	0.576	0.565	0.582	0.581	0.603	0.592	0.586	0.592	0.631	0.638	0.794	0.736	0.722	0.689	0.676	0.676	0.675	0.674	0.686	0.677	0.682	0.697	0.650	0.534	0.538	0.573	0.594	0.588	0.593	0.592	0.594	0.600	0.633	0.615	0.669	0.670	0.696	0.721	0.705	0.707	0.696	0.694	0.688	0.686	0.701	0.726	0.607	0.651	0.657	0.690	0.692	0.699	0.706	0.720	0.696	0.671	0.654	0.606	0.764	0.781	0.814	0.821	0.829	0.843	0.818	0.840	0.822	0.764	0.757	0.730	0.507	0.524
4:11:12	37.0	0.711	0.653	0.592	0.573	0.593	0.589	0.609	0.597	0.589	0.597	0.634	0.641	0.799	0.743	0.727	0.690	0.677	0.676	0.677	0.675	0.688	0.680	0.685	0.699	0.657	0.544	0.545	0.589	0.602	0.593	0.595	0.593	0.597	0.602	0.635	0.618	0.678	0.676	0.702	0.727	0.707	0.709	0.697	0.696	0.689	0.686	0.702	0.730	0.616	0.658	0.663	0.693	0.695	0.702	0.706	0.722	0.699	0.674	0.657	0.613	0.767	0.782	0.816	0.822	0.830	0.846	0.820	0.842	0.825	0.767	0.759	0.734	0.517	0.535
4:15:12	37.0	0.719	0.661	0.611	0.585	0.602	0.598	0.617	0.603	0.597	0.605	0.641	0.650	0.804	0.752	0.734	0.695	0.682	0.682	0.683	0.681	0.696	0.687	0.691	0.709	0.663	0.545	0.552	0.604	0.611	0.600	0.601	0.597	0.602	0.607	0.640	0.630	0.684	0.681	0.709	0.732	0.712	0.713	0.701	0.703	0.696	0.691	0.708	0.739	0.622	0.667	0.671	0.697	0.699	0.708	0.713	0.726	0.705	0.682	0.662	0.626	0.769	0.785	0.820	0.825	0.834	0.851	0.824	0.846	0.830	0.773	0.766	0.744	0.529	0.546
4:19:12	37.0	0.727	0.667	0.625	0.599	0.609	0.605	0.620	0.607	0.601	0.610	0.647	0.655	0.810	0.760	0.738	0.699	0.686	0.688	0.688	0.686	0.704	0.692	0.695	0.713	0.670	0.554	0.564	0.615	0.618	0.605	0.605	0.601	0.606	0.613	0.648	0.637	0.694	0.684	0.722	0.735	0.716	0.717	0.709	0.711	0.704	0.697	0.714	0.749	0.628	0.670	0.676	0.701	0.705	0.713	0.717	0.730	0.711	0.688	0.667	0.631	0.771	0.788	0.823	0.828	0.837	0.855	0.828	0.851	0.835	0.776	0.770	0.749	0.539	0.555
4:23:12	37.0	0.732	0.674	0.639	0.612	0.615	0.611	0.625	0.612	0.607	0.616	0.655	0.660	0.815	0.769	0.742	0.703	0.690	0.693	0.693	0.691	0.714	0.696	0.699	0.715	0.676	0.564	0.583	0.625	0.624	0.609	0.609	0.603	0.611	0.618	0.654	0.643	0.701	0.689	0.730	0.737	0.719	0.718	0.711	0.712	0.704	0.698	0.715	0.751	0.632	0.676	0.681	0.704	0.704	0.713	0.715	0.733	0.715	0.693	0.671	0.635	0.774	0.790	0.826	0.830	0.840	0.859	0.831	0.854	0.839	0.780	0.775	0.755	0.543	0.560
4:27:12	37.0	0.738	0.680	0.650	0.625	0.622	0.616	0.629	0.617	0.612	0.621	0.662	0.663	0.820	0.775	0.747	0.705	0.692	0.697	0.696	0.692	0.722	0.699	0.702	0.719	0.682	0.575	0.601	0.633	0.629	0.612	0.613	0.608	0.614	0.623	0.660	0.649	0.707	0.695	0.738	0.739	0.721	0.720	0.714	0.714	0.706	0.701	0.718	0.753	0.637	0.681	0.684	0.706	0.709	0.717	0.716	0.736	0.717	0.696	0.673	0.636	0.777	0.791	0.827	0.831	0.841	0.861	0.833	0.856	0.840	0.781	0.777	0.754	0.560	0.577
4:31:12	37.1	0.745	0.687	0.661	0.634	0.629	0.619	0.635	0.621	0.616	0.626	0.670	0.668	0.826	0.783	0.752	0.710	0.696	0.700	0.698	0.693	0.728	0.703	0.706	0.722	0.689	0.592	0.615	0.641	0.632	0.614	0.617	0.612	0.618	0.626	0.667	0.654	0.716	0.703	0.747	0.744	0.726	0.723	0.716	0.716	0.710	0.706	0.723	0.758	0.642	0.684	0.689	0.708	0.711	0.718	0.718	0.741	0.721	0.700	0.677	0.648	0.777	0.794	0.832	0.835	0.844	0.867	0.838	0.860	0.844	0.783	0.782	0.763	0.567	0.594
4:35:12	37.0	0.752	0.695	0.670	0.646	0.636	0.625	0.638	0.626	0.619	0.632	0.679	0.676	0.831	0.792	0.758	0.717	0.703	0.707	0.707	0.700	0.739	0.710	0.715	0.732	0.693	0.611	0.628	0.650	0.639	0.620	0.622	0.617	0.623	0.631	0.676	0.659	0.722	0.709	0.754	0.749	0.731	0.729	0.721	0.722	0.716	0.711	0.728	0.763	0.642	0.690	0.696	0.714	0.715	0.722	0.723	0.744	0.727	0.707	0.682	0.651	0.780	0.797	0.833	0.838	0.846	0.871	0.840	0.864	0.847	0.787	0.788	0.767	0.574	0.601
4:39:12	37.0	0.759	0.703	0.678	0.655	0.642	0.630	0.640	0.629	0.621	0.636	0.686	0.680	0.835	0.798	0.762	0.720	0.707	0.709	0.709	0.701	0.746	0.713	0.716	0.736	0.700	0.624	0.637	0.656	0.642	0.622	0.625	0.621	0.624	0.636	0.682	0.660	0.729	0.716	0.762	0.752	0.734	0.732	0.725	0.724	0.718	0.714	0.729	0.767	0.647	0.694	0.697	0.714	0.717	0.724	0.724	0.747	0.730	0.710	0.685	0.656	0.783	0.798	0.836	0.840	0.848	0.874	0.842	0.866	0.850	0.790	0.792	0.771	0.587	0.615
4:43:12	37.0	0.763	0.710	0.686	0.664	0.647	0.634	0.644	0.633	0.626	0.645	0.694	0.687	0.842	0.803	0.766	0.723	0.709	0.711	0.711	0.705	0.755	0.717	0.722	0.737	0.707	0.637	0.646	0.662	0.647	0.624	0.629	0.624	0.627	0.642	0.693	0.667	0.737	0.721	0.768	0.756	0.738	0.738	0.728	0.728	0.723	0.718	0.734	0.776	0.654	0.702	0.700	0.719	0.720	0.725	0.724	0.750	0.732	0.714	0.688	0.661	0.786	0.800	0.838	0.843	0.849	0.877	0.845	0.867	0.853	0.792	0.797	0.775	0.595	0.629
4:47:12	37.0	0.769	0.720	0.695	0.671	0.651	0.637	0.648	0.636	0.632	0.653	0.705	0.697	0.848	0.808	0.772	0.730	0.714	0.716	0.717	0.711	0.765	0.724	0.730	0.743	0.716	0.651	0.656	0.669	0.651	0.627	0.633	0.631	0.636	0.649	0.700	0.667	0.744	0.732	0.777	0.763	0.745	0.744	0.735	0.734	0.730	0.724	0.741	0.780	0.655	0.708	0.704	0.721	0.725	0.729	0.730	0.754	0.738	0.719	0.695	0.666	0.789	0.804	0.842	0.847	0.853	0.882	0.849	0.873	0.858	0.796	0.804	0.779	0.604	0.638
4:51:12	37.0	0.774	0.728	0.706	0.680	0.655	0.640	0.653	0.641	0.638	0.662	0.713	0.706	0.854	0.814	0.776	0.734	0.718	0.720	0.723	0.714	0.774	0.730	0.736	0.747	0.724	0.661	0.665	0.674	0.654	0.630	0.638	0.635	0.641	0.655	0.708	0.672	0.754	0.737	0.780	0.764	0.748	0.748	0.739	0.737	0.732	0.730	0.745	0.783	0.659	0.713	0.707	0.723	0.727	0.732	0.731	0.757	0.743	0.723	0.697	0.672	0.790	0.806	0.844	0.849	0.854	0.885	0.851	0.873	0.860	0.798	0.809	0.781	0.611	0.654
4:55:12	37.0	0.780	0.738	0.715	0.689	0.660	0.645	0.659	0.649	0.646	0.670	0.720	0.713	0.859	0.820	0.781	0.740	0.724	0.725	0.727	0.720	0.781	0.736	0.743	0.752	0.730	0.672	0.673	0.679	0.659	0.634	0.643	0.644	0.650	0.663	0.718	0.680	0.759	0.745	0.787	0.770	0.754	0.752	0.745	0.743	0.737	0.736	0.752	0.787	0.666	0.720	0.711	0.730	0.730	0.737	0.737	0.764	0.748	0.727	0.700	0.687	0.793	0.807	0.847	0.851	0.857	0.889	0.855	0.876	0.864	0.801	0.815	0.792	0.617	0.663
4:59:12	37.0	0.786	0.748	0.722	0.696	0.664	0.648	0.666	0.654	0.654	0.678	0.731	0.720	0.865	0.826	0.785	0.746	0.728	0.729	0.731	0.725	0.791	0.742	0.749	0.756	0.738	0.684	0.681	0.685	0.664	0.639	0.649	0.651	0.657	0.671	0.727	0.684	0.766	0.755	0.791	0.774	0.760	0.757	0.749	0.747	0.739	0.741	0.757	0.793	0.668	0.723	0.714	0.732	0.735	0.741	0.741	0.768	0.752	0.730	0.705	0.687	0.796	0.809	0.850	0.853	0.859	0.892	0.857	0.878	0.868	0.805	0.820	0.794	0.626	0.671
5:03:12	37.0	0.792	0.758	0.730	0.706	0.666	0.652	0.676	0.663	0.662	0.687	0.741	0.729	0.871	0.830	0.789	0.751	0.731	0.736	0.738	0.733	0.801	0.747	0.757	0.763	0.745	0.697	0.689	0.692	0.668	0.646	0.655	0.660	0.665	0.679	0.734	0.685	0.773	0.764	0.796	0.779	0.766	0.762	0.755	0.754	0.745	0.746	0.762	0.794	0.670	0.726	0.716	0.735	0.740	0.745	0.744	0.771	0.753	0.732	0.706	0.698	0.800	0.811	0.851	0.855	0.860	0.894	0.859	0.878	0.870	0.805	0.823	0.796	0.632	0.683
5:07:12	37.0	0.798	0.768	0.738	0.713	0.669	0.655	0.683	0.668	0.669	0.694	0.750	0.735	0.877	0.836	0.793	0.757	0.737	0.741	0.744	0.739	0.810	0.753	0.762	0.763	0.755	0.706	0.698	0.697	0.673	0.653	0.663	0.669	0.673	0.688	0.745	0.692	0.782	0.777	0.802	0.784	0.772	0.767	0.761	0.762	0.752	0.753	0.769	0.801	0.673	0.735	0.720	0.738	0.744	0.745	0.749	0.776	0.757	0.739	0.711	0.698	0.802	0.815	0.854	0.857	0.863	0.898	0.862	0.881	0.874	0.808	0.829	0.798	0.643	0.697
5:11:12	37.0	0.801	0.779	0.745	0.719	0.674	0.662	0.690	0.677	0.678	0.702	0.762	0.743	0.883	0.841	0.797	0.761	0.744	0.748	0.751	0.746	0.820	0.760	0.771	0.770	0.769	0.718	0.707	0.702	0.677	0.661	0.670	0.678	0.681	0.696	0.754	0.699	0.791	0.787	0.808	0.788	0.777	0.773	0.768	0.768	0.758	0.761	0.774	0.805	0.676	0.736	0.725	0.741	0.747	0.750	0.752	0.782	0.763	0.743	0.717	0.713	0.805	0.817	0.858	0.862	0.867	0.902	0.866	0.885	0.877	0.811	0.836	0.808	0.651	0.702
5:15:12	37.0	0.807	0.789	0.753	0.727	0.681	0.671	0.700	0.688	0.688	0.711	0.773	0.753	0.890	0.846	0.801	0.768	0.751	0.756	0.758	0.753	0.829	0.767	0.779	0.777	0.785	0.728	0.714	0.708	0.683	0.670	0.677	0.688	0.690	0.705	0.763	0.703	0.797	0.797	0.813	0.793	0.783	0.781	0.774	0.777	0.765	0.767	0.782	0.808	0.678	0.740	0.726	0.743	0.750	0.752	0.756	0.786	0.767	0.746	0.722	0.718	0.808	0.819	0.860	0.863	0.869	0.905	0.868	0.887	0.880	0.814	0.839	0.810	0.651	0.714
5:19:12	37.0	0.813	0.800	0.760	0.734	0.686	0.679	0.706	0.694	0.694	0.716	0.780	0.756	0.895	0.850	0.804	0.772	0.756	0.762	0.765	0.760	0.838	0.771	0.783	0.774	0.798	0.737	0.722	0.712	0.690	0.678	0.685	0.695	0.696	0.713	0.770	0.708	0.808	0.801	0.817	0.796	0.787	0.785	0.780	0.782	0.769	0.773	0.789	0.811	0.682	0.746	0.728	0.742	0.752	0.753	0.756	0.789	0.769	0.748	0.727	0.721	0.809	0.822	0.861	0.865	0.871	0.907	0.869	0.888	0.882	0.815	0.844	0.809	0.661	0.723
5:23:12	37.0	0.817	0.810	0.769	0.741	0.694	0.689	0.716	0.705	0.703	0.727	0.793	0.768	0.902	0.853	0.808	0.778	0.763	0.770	0.773	0.769	0.848	0.779	0.791	0.782	0.811	0.748	0.730	0.718	0.698	0.689	0.693	0.705	0.704	0.722	0.780	0.712	0.817	0.811	0.822	0.802	0.793	0.792	0.789	0.791	0.776	0.780	0.795	0.815	0.687	0.750	0.732	0.743	0.754	0.755	0.758	0.794	0.773	0.753	0.733	0.729	0.814	0.824	0.864	0.869	0.873	0.911	0.871	0.890	0.886	0.818	0.850	0.812	0.668	0.728
5:27:12	37.1	0.822	0.816	0.774	0.746	0.701	0.697	0.723	0.712	0.710	0.735	0.801	0.772	0.908	0.856	0.811	0.781	0.768	0.776	0.778	0.774	0.856	0.785	0.798	0.778	0.824	0.758	0.736	0.724	0.706	0.697	0.701	0.714	0.711	0.731	0.790	0.714	0.823	0.821	0.824	0.806	0.798	0.798	0.795	0.797	0.782	0.786	0.800	0.813	0.687	0.754	0.733	0.745	0.755	0.754	0.760	0.798	0.776	0.759	0.739	0.732	0.816	0.827	0.866	0.871	0.876	0.914	0.874	0.893	0.888	0.820	0.854	0.814	0.678	0.741
5:31:12	37.1	0.827	0.822	0.784	0.751	0.711	0.708	0.733	0.722	0.721	0.743	0.812	0.782	0.916	0.860	0.816	0.787	0.776	0.785	0.787	0.783	0.868	0.795	0.806	0.782	0.836	0.769	0.744	0.731	0.716	0.708	0.710	0.724	0.720	0.740	0.800	0.722	0.833	0.828	0.830	0.811	0.805	0.804	0.803	0.806	0.790	0.794	0.808	0.819	0.690	0.758	0.735	0.748	0.757	0.756	0.762	0.804	0.782	0.766	0.748	0.748	0.820	0.829	0.870	0.873	0.878	0.917	0.877	0.897	0.892	0.823	0.861	0.817	0.684	0.753
5:35:12	37.0	0.833	0.829	0.789	0.758	0.720	0.719	0.742	0.730	0.729	0.752	0.825	0.791	0.921	0.863	0.820	0.793	0.782	0.792	0.793	0.791	0.875	0.799	0.812	0.785	0.847	0.778	0.752	0.737	0.725	0.718	0.717	0.732	0.729	0.750	0.812	0.726	0.839	0.839	0.835	0.819	0.813	0.814	0.811	0.816	0.798	0.802	0.815	0.823	0.692	0.764	0.736	0.750	0.760	0.757	0.764	0.809	0.785	0.771	0.753	0.752	0.822	0.832	0.874	0.876	0.881	0.920	0.880	0.898	0.895	0.826	0.866	0.817	0.689	0.760
5:39:12	37.1	0.839	0.836	0.799	0.763	0.730	0.729	0.749	0.738	0.737	0.759	0.833	0.798	0.927	0.865	0.823	0.798	0.788	0.799	0.799	0.798	0.881	0.806	0.820	0.787	0.857	0.788	0.757	0.745	0.736	0.728	0.727	0.741	0.736	0.757	0.821	0.736	0.847	0.847	0.838	0.822	0.819	0.819	0.817	0.822	0.804	0.808	0.820	0.824	0.696	0.770	0.738	0.751	0.758	0.757	0.768	0.815	0.790	0.776	0.759	0.760	0.825	0.834	0.875	0.879	0.884	0.923	0.882	0.901	0.898	0.829	0.871	0.820	0.697	0.765
5:43:12	37.0	0.844	0.842	0.806	0.768	0.741	0.739	0.760	0.748	0.747	0.769	0.845	0.810	0.933	0.869	0.829	0.805	0.796	0.810	0.808	0.808	0.891	0.816	0.829	0.792	0.868	0.798	0.764	0.754	0.746	0.739	0.734	0.750	0.744	0.765	0.833	0.734	0.857	0.858	0.841	0.828	0.825	0.825	0.824	0.829	0.811	0.814	0.827	0.822	0.696	0.773	0.738	0.750	0.759	0.755	0.772	0.821	0.795	0.782	0.767	0.761	0.828	0.836	0.876	0.880	0.885	0.924	0.884	0.903	0.900	0.830	0.875	0.815	0.700	0.761
5:47:12	37.0	0.854	0.849	0.814	0.774	0.751	0.749	0.770	0.757	0.756	0.777	0.854	0.818	0.937	0.872	0.832	0.811	0.803	0.816	0.815	0.815	0.897	0.821	0.838	0.795	0.877	0.807	0.770	0.762	0.756	0.748	0.745	0.757	0.752	0.773	0.841	0.738	0.867	0.868	0.845	0.835	0.833	0.832	0.832	0.836	0.818	0.821	0.832	0.824	0.700	0.779	0.740	0.752	0.761	0.758	0.776	0.827	0.802	0.792	0.776	0.776	0.832	0.841	0.880	0.884	0.890	0.930	0.887	0.907	0.905	0.835	0.882	0.824	0.704	0.774
5:51:12	37.0	0.860	0.855	0.822	0.779	0.760	0.758	0.777	0.764	0.761	0.783	0.860	0.823	0.940	0.874	0.835	0.814	0.808	0.821	0.819	0.819	0.900	0.825	0.841	0.793	0.885	0.815	0.776	0.772	0.766	0.759	0.755	0.767	0.763	0.784	0.852	0.746	0.875	0.879	0.848	0.841	0.841	0.839	0.838	0.844	0.824	0.826	0.839	0.825	0.703	0.784	0.742	0.755	0.762	0.760	0.778	0.832	0.806	0.796	0.781	0.775	0.835	0.842	0.882	0.886	0.891	0.931	0.888	0.908	0.908	0.835	0.885	0.817	0.711	0.773
5:55:12	37.0	0.869	0.860	0.832	0.786	0.771	0.769	0.789	0.776	0.773	0.793	0.872	0.836	0.945	0.878	0.840	0.821	0.815	0.830	0.828	0.827	0.908	0.834	0.850	0.800	0.894	0.824	0.781	0.783	0.777	0.770	0.766	0.777	0.772	0.794	0.865	0.754	0.887	0.887	0.852	0.849	0.849	0.848	0.848	0.853	0.833	0.838	0.849	0.830	0.707	0.792	0.744	0.759	0.764	0.763	0.778	0.837	0.812	0.803	0.788	0.784	0.839	0.845	0.885	0.889	0.894	0.935	0.891	0.912	0.912	0.839	0.892	0.827	0.713	0.783
5:59:12	37.0	0.874	0.864	0.841	0.792	0.781	0.778	0.796	0.783	0.780	0.799	0.878	0.841	0.947	0.880	0.843	0.824	0.820	0.835	0.832	0.832	0.911	0.836	0.853	0.799	0.900	0.831	0.787	0.790	0.787	0.779	0.774	0.785	0.780	0.800	0.871	0.756	0.897	0.897	0.854	0.854	0.855	0.853	0.853	0.858	0.837	0.842	0.852	0.827	0.710	0.797	0.747	0.760	0.767	0.763	0.783	0.844	0.819	0.810	0.796	0.787	0.841	0.847	0.886	0.890	0.896	0.937	0.892	0.914	0.914	0.840	0.895	0.826	0.721	0.779
6:03:12	37.0	0.883	0.870	0.851	0.800	0.793	0.790	0.809	0.795	0.791	0.809	0.888	0.853	0.951	0.884	0.847	0.832	0.829	0.844	0.841	0.840	0.918	0.844	0.863	0.805	0.906	0.840	0.795	0.801	0.798	0.789	0.786	0.795	0.790	0.810	0.880	0.758	0.901	0.906	0.858	0.861	0.862	0.861	0.859	0.865	0.845	0.849	0.859	0.833	0.713	0.803	0.749	0.763	0.770	0.767	0.792	0.851	0.825	0.816	0.803	0.788	0.844	0.851	0.890	0.893	0.900	0.941	0.894	0.917	0.918	0.844	0.900	0.832	0.720	0.780
6:07:12	37.0	0.888	0.875	0.862	0.806	0.804	0.802	0.818	0.803	0.800	0.818	0.895	0.861	0.954	0.886	0.851	0.837	0.835	0.850	0.847	0.845	0.922	0.851	0.869	0.808	0.912	0.848	0.802	0.813	0.808	0.798	0.794	0.804	0.799	0.818	0.888	0.763	0.909	0.915	0.860	0.866	0.869	0.867	0.865	0.870	0.850	0.854	0.864	0.833	0.715	0.809	0.752	0.765	0.770	0.768	0.799	0.857	0.830	0.822	0.808	0.797	0.846	0.852	0.892	0.895	0.901	0.943	0.895	0.920	0.920	0.844	0.903	0.831	0.724	0.784
6:11:12	37.0	0.896	0.878	0.869	0.815	0.814	0.811	0.827	0.811	0.807	0.825	0.901	0.869	0.957	0.889	0.854	0.841	0.840	0.856	0.851	0.850	0.925	0.855	0.874	0.807	0.916	0.854	0.807	0.822	0.818	0.808	0.804	0.813	0.808	0.826	0.896	0.767	0.912	0.924	0.864	0.873	0.875	0.873	0.871	0.875	0.856	0.859	0.870	0.834	0.716	0.813	0.752	0.768	0.773	0.773	0.803	0.863	0.838	0.831	0.818	0.810	0.851	0.857	0.896	0.899	0.905	0.948	0.899	0.923	0.924	0.849	0.909	0.841	0.728	0.787
6:15:12	37.0	0.904	0.880	0.879	0.822	0.825	0.821	0.836	0.819	0.814	0.832	0.906	0.876	0.959	0.893	0.859	0.846	0.846	0.862	0.858	0.855	0.927	0.859	0.881	0.812	0.918	0.860	0.816	0.832	0.828	0.817	0.813	0.823	0.819	0.835	0.904	0.776	0.923	0.933	0.867	0.881	0.883	0.881	0.879	0.882	0.863	0.866	0.877	0.842	0.724	0.819	0.756	0.771	0.775	0.776	0.808	0.870	0.842	0.836	0.822	0.809	0.853	0.860	0.899	0.902	0.908	0.951	0.900	0.926	0.928	0.851	0.911	0.840	0.732	0.792
6:19:12	37.1	0.909	0.884	0.887	0.829	0.835	0.831	0.845	0.827	0.822	0.839	0.911	0.883	0.960	0.894	0.861	0.850	0.851	0.867	0.862	0.860	0.931	0.864	0.885	0.814	0.920	0.867	0.822	0.841	0.837	0.825	0.820	0.829	0.826	0.843	0.909	0.781	0.929	0.941	0.872	0.887	0.889	0.887	0.883	0.886	0.868	0.870	0.881	0.839	0.725	0.825	0.754	0.773	0.777	0.775	0.816	0.877	0.849	0.845	0.829	0.815	0.855	0.863	0.901	0.904	0.910	0.953	0.901	0.928	0.931	0.853	0.915	0.845	0.728	0.797
6:23:12	37.1	0.916	0.889	0.897	0.839	0.846	0.842	0.855	0.836	0.832	0.846	0.917	0.892	0.963	0.898	0.866	0.859	0.857	0.874	0.870	0.867	0.935	0.870	0.893	0.820	0.922	0.876	0.831	0.852	0.848	0.835	0.831	0.840	0.835	0.851	0.913	0.787	0.936	0.950	0.877	0.895	0.898	0.895	0.891	0.893	0.874	0.877	0.887	0.844	0.726	0.831	0.755	0.775	0.781	0.777	0.823	0.883	0.855	0.853	0.838	0.827	0.859	0.868	0.906	0.909	0.915	0.959	0.904	0.933	0.935	0.857	0.919	0.853	0.737	0.809
6:27:12	37.0	0.921	0.893	0.906	0.845	0.856	0.852	0.863	0.844	0.838	0.853	0.921	0.901	0.966	0.902	0.869	0.862	0.862	0.879	0.874	0.871	0.938	0.874	0.897	0.827	0.926	0.884	0.840	0.862	0.857	0.842	0.839	0.845	0.842	0.857	0.919	0.798	0.944	0.956	0.880	0.900	0.903	0.898	0.895	0.897	0.878	0.880	0.891	0.852	0.730	0.839	0.757	0.779	0.783	0.780	0.830	0.891	0.862	0.861	0.846	0.836	0.863	0.871	0.908	0.912	0.918	0.962	0.904	0.936	0.939	0.860	0.922	0.860	0.736	0.813
6:31:12	37.0	0.928	0.897	0.915	0.853	0.865	0.860	0.871	0.850	0.845	0.857	0.925	0.906	0.968	0.905	0.872	0.866	0.866	0.883	0.877	0.874	0.939	0.877	0.899	0.827	0.929	0.893	0.846	0.871	0.864	0.850	0.846	0.852	0.849	0.863	0.924	0.802	0.950	0.964	0.885	0.906	0.908	0.903	0.899	0.901	0.881	0.885	0.894	0.852	0.733	0.843	0.758	0.779	0.784	0.781	0.835	0.896	0.866	0.867	0.850	0.832	0.864	0.872	0.910	0.913	0.920	0.964	0.904	0.937	0.941	0.861	0.923	0.858	0.737	0.819
6:35:12	37.1	0.934	0.901	0.924	0.861	0.874	0.870	0.879	0.857	0.854	0.865	0.934	0.919	0.971	0.909	0.877	0.872	0.873	0.890	0.884	0.881	0.945	0.883	0.906	0.839	0.932	0.903	0.856	0.882	0.873	0.860	0.857	0.861	0.858	0.872	0.932	0.816	0.957	0.969	0.890	0.913	0.915	0.909	0.905	0.906	0.886	0.889	0.899	0.862	0.736	0.848	0.760	0.782	0.788	0.784	0.839	0.902	0.874	0.876	0.859	0.842	0.869	0.876	0.913	0.917	0.923	0.969	0.906	0.942	0.947	0.865	0.927	0.868	0.735	0.821
6:39:12	37.0	0.938	0.906	0.932	0.867	0.883	0.878	0.887	0.864	0.860	0.870	0.939	0.924	0.972	0.912	0.879	0.876	0.877	0.893	0.886	0.883	0.947	0.886	0.909	0.840	0.935	0.910	0.863	0.889	0.881	0.865	0.864	0.867	0.865	0.876	0.937	0.820	0.964	0.973	0.894	0.918	0.919	0.913	0.907	0.909	0.889	0.892	0.901	0.863	0.740	0.852	0.761	0.784	0.788	0.786	0.845	0.907	0.880	0.882	0.866	0.840	0.871	0.879	0.916	0.919	0.926	0.971	0.908	0.945	0.951	0.867	0.929	0.869	0.729	0.823
6:43:12	37.0	0.944	0.910	0.938	0.874	0.891	0.885	0.894	0.871	0.865	0.876	0.944	0.933	0.975	0.915	0.882	0.880	0.882	0.898	0.891	0.887	0.951	0.889	0.914	0.847	0.939	0.920	0.870	0.897	0.889	0.873	0.872	0.874	0.872	0.883	0.942	0.826	0.970	0.979	0.899	0.924	0.925	0.918	0.912	0.914	0.895	0.896	0.906	0.869	0.744	0.856	0.762	0.787	0.790	0.788	0.852	0.912	0.886	0.889	0.874	0.842	0.874	0.882	0.919	0.924	0.930	0.975	0.910	0.949	0.955	0.871	0.931	0.875	0.735	0.822
6:47:12	37.0	0.948	0.913	0.946	0.880	0.898	0.892	0.900	0.875	0.872	0.880	0.948	0.939	0.978	0.918	0.885	0.885	0.885	0.902	0.895	0.891	0.953	0.892	0.917	0.852	0.943	0.928	0.878	0.906	0.896	0.880	0.880	0.879	0.879	0.888	0.948	0.837	0.977	0.982	0.903	0.929	0.929	0.923	0.916	0.918	0.899	0.901	0.909	0.875	0.745	0.861	0.766	0.790	0.791	0.790	0.859	0.918	0.892	0.896	0.880	0.850	0.877	0.887	0.923	0.927	0.933	0.979	0.911	0.952	0.959	0.873	0.933	0.883	0.726	0.827
6:51:12	37.0	0.953	0.918	0.952	0.888	0.906	0.899	0.906	0.881	0.878	0.884	0.951	0.944	0.981	0.921	0.889	0.888	0.888	0.905	0.898	0.894	0.956	0.894	0.921	0.857	0.947	0.937	0.885	0.911	0.902	0.886	0.884	0.884	0.883	0.894	0.951	0.837	0.982	0.986	0.907	0.933	0.933	0.926	0.918	0.921	0.901	0.902	0.911	0.878	0.749	0.863	0.770	0.794	0.794	0.794	0.866	0.923	0.896	0.902	0.886	0.854	0.881	0.889	0.926	0.929	0.935	0.982	0.914	0.955	0.963	0.876	0.936	0.892	0.734	0.828
6:55:12	37.0	0.957	0.922	0.960	0.893	0.915	0.907	0.913	0.887	0.884	0.890	0.957	0.951	0.984	0.924	0.892	0.892	0.894	0.910	0.903	0.898	0.959	0.898	0.926	0.868	0.952	0.946	0.894	0.920	0.910	0.894	0.892	0.892	0.890	0.900	0.958	0.847	0.988	0.991	0.913	0.940	0.939	0.932	0.923	0.926	0.906	0.908	0.916	0.889	0.754	0.870	0.773	0.798	0.796	0.799	0.875	0.930	0.903	0.909	0.894	0.871	0.885	0.894	0.931	0.934	0.942	0.989	0.918	0.961	0.968	0.881	0.939	0.903	0.734	0.834
6:59:12	37.0	0.961	0.924	0.964	0.896	0.919	0.912	0.917	0.891	0.888	0.895	0.962	0.958	0.987	0.927	0.895	0.895	0.897	0.914	0.906	0.901	0.963	0.902	0.930	0.875	0.956	0.955	0.898	0.925	0.915	0.898	0.896	0.897	0.896	0.904	0.962	0.862	0.993	0.994	0.917	0.943	0.942	0.935	0.925	0.929	0.908	0.910	0.918	0.889	0.756	0.873	0.775	0.798	0.796	0.799	0.880	0.934	0.907	0.914	0.899	0.872	0.888	0.895	0.933	0.935	0.943	0.991	0.919	0.964	0.971	0.882	0.941	0.899	0.742	0.840
7:03:12	37.0	0.965	0.928	0.971	0.903	0.926	0.918	0.922	0.895	0.893	0.898	0.963	0.960	0.988	0.929	0.897	0.896	0.899	0.915	0.906	0.901	0.963	0.901	0.930	0.870	0.959	0.961	0.904	0.930	0.920	0.903	0.901	0.899	0.899	0.908	0.966	0.865	0.999	0.995	0.919	0.946	0.944	0.937	0.927	0.930	0.909	0.911	0.919	0.891	0.757	0.876	0.778	0.801	0.798	0.802	0.886	0.938	0.911	0.918	0.904	0.872	0.891	0.898	0.934	0.938	0.945	0.994	0.920	0.967	0.973	0.883	0.941	0.901	0.742	0.844
7:07:12	37.1	0.969	0.934	0.977	0.911	0.934	0.927	0.930	0.902	0.900	0.905	0.971	0.971	0.992	0.934	0.901	0.902	0.906	0.921	0.913	0.908	0.969	0.908	0.938	0.885	0.965	0.972	0.913	0.939	0.928	0.910	0.909	0.908	0.906	0.915	0.972	0.878	1.004	0.999	0.924	0.952	0.949	0.942	0.931	0.935	0.914	0.917	0.924	0.904	0.761	0.881	0.782	0.807	0.804	0.806	0.894	0.944	0.917	0.924	0.911	0.887	0.895	0.903	0.940	0.943	0.950	0.999	0.925	0.971	0.978	0.888	0.945	0.918	0.744	0.837
7:11:12	37.0	0.973	0.939	0.982	0.915	0.940	0.932	0.933	0.905	0.903	0.908	0.973	0.974	0.995	0.936	0.904	0.905	0.908	0.923	0.914	0.910	0.970	0.908	0.939	0.888	0.969	0.979	0.918	0.943	0.931	0.913	0.911	0.911	0.909	0.917	0.974	0.883	1.009	1.002	0.927	0.955	0.951	0.945	0.933	0.937	0.915	0.918	0.925	0.906	0.764	0.886	0.785	0.809	0.806	0.808	0.902	0.949	0.923	0.930	0.916	0.888	0.898	0.906	0.943	0.945	0.953	1.003	0.927	0.975	0.982	0.890	0.947	0.919	0.745	0.837
7:15:12	37.0	0.975	0.942	0.987	0.919	0.945	0.937	0.938	0.909	0.907	0.911	0.976	0.979	0.997	0.938	0.907	0.906	0.910	0.925	0.917	0.911	0.972	0.910	0.941	0.891	0.974	0.986	0.923	0.947	0.935	0.919	0.916	0.916	0.915	0.923	0.980	0.888	1.016	1.006	0.931	0.959	0.954	0.947	0.936	0.940	0.918	0.921	0.927	0.911	0.767	0.890	0.786	0.811	0.808	0.812	0.908	0.954	0.928	0.935	0.921	0.891	0.900	0.909	0.946	0.948	0.956	1.007	0.931	0.979	0.986	0.893	0.949	0.924	0.750	0.837
7:19:12	37.0	0.979	0.945	0.991	0.923	0.949	0.940	0.940	0.911	0.910	0.913	0.978	0.981	1.000	0.942	0.909	0.908	0.912	0.927	0.918	0.912	0.973	0.910	0.942	0.889	0.978	0.992	0.930	0.953	0.940	0.923	0.920	0.920	0.919	0.926	0.982	0.895	1.020	1.007	0.934	0.962	0.956	0.948	0.936	0.940	0.917	0.921	0.927	0.917	0.770	0.894	0.790	0.814	0.809	0.818	0.913	0.957	0.932	0.939	0.926	0.897	0.904	0.912	0.948	0.950	0.959	1.010	0.932	0.981	0.989	0.895	0.949	0.930	0.751	0.835
7:23:12	37.1	0.982	0.948	0.996	0.926	0.953	0.944	0.944	0.914	0.912	0.916	0.981	0.984	1.003	0.945	0.910	0.910	0.914	0.928	0.919	0.913	0.974	0.911	0.944	0.899	0.982	0.999	0.933	0.957	0.944	0.925	0.924	0.922	0.921	0.928	0.985	0.900	1.024	1.009	0.937	0.963	0.957	0.950	0.937	0.942	0.919	0.922	0.928	0.924	0.773	0.899	0.793	0.816	0.812	0.820	0.920	0.960	0.936	0.944	0.929	0.908	0.908	0.915	0.953	0.953	0.961	1.015	0.935	0.984	0.992	0.896	0.951	0.937	0.754	0.864
7:27:12	37.0	0.987	0.952	0.999	0.930	0.956	0.948	0.946	0.917	0.917	0.919	0.984	0.989	1.006	0.947	0.912	0.912	0.916	0.930	0.921	0.914	0.977	0.913	0.946	0.911	0.987	1.005	0.937	0.959	0.946	0.928	0.925	0.925	0.924	0.932	0.987	0.906	1.028	1.011	0.938	0.964	0.958	0.951	0.937	0.942	0.919	0.922	0.927	0.927	0.775	0.903	0.796	0.818	0.815	0.821	0.922	0.963	0.939	0.949	0.933	0.901	0.911	0.918	0.955	0.956	0.964	1.018	0.937	0.988	0.996	0.899	0.952	0.941	0.751	0.854
7:31:12	37.1	0.990	0.955	1.003	0.934	0.959	0.951	0.949	0.919	0.918	0.920	0.985	0.990	1.008	0.949	0.915	0.914	0.917	0.930	0.921	0.915	0.978	0.912	0.947	0.907	0.991	1.011	0.942	0.964	0.949	0.931	0.928	0.929	0.927	0.934	0.988	0.908	1.032	1.013	0.941	0.967	0.960	0.952	0.938	0.943	0.919	0.923	0.927	0.926	0.778	0.907	0.800	0.822	0.818	0.832	0.931	0.964	0.942	0.950	0.935	0.909	0.913	0.920	0.956	0.958	0.966	1.021	0.938	0.989	0.998	0.899	0.952	0.943	0.756	0.855
7:35:12	37.0	0.993	0.959	1.006	0.936	0.963	0.953	0.952	0.921	0.920	0.921	0.987	0.991	1.009	0.951	0.916	0.915	0.918	0.931	0.921	0.915	0.979	0.913	0.946	0.904	0.995	1.015	0.942	0.964	0.950	0.932	0.930	0.930	0.929	0.935	0.992	0.917	1.038	1.014	0.944	0.968	0.960	0.952	0.937	0.942	0.918	0.923	0.928	0.930	0.781	0.911	0.802	0.824	0.821	0.839	0.933	0.968	0.946	0.954	0.937	0.926	0.916	0.922	0.959	0.960	0.968	1.024	0.939	0.992	1.001	0.902	0.955	0.948	0.758	0.855
7:39:12	37.0	0.998	0.963	1.010	0.940	0.966	0.958	0.955	0.924	0.925	0.925	0.992	0.997	1.013	0.955	0.919	0.918	0.921	0.934	0.925	0.918	0.982	0.917	0.950	0.915	0.999	1.022	0.948	0.970	0.955	0.937	0.934	0.934	0.933	0.940	0.996	0.927	1.041	1.018	0.947	0.971	0.962	0.955	0.941	0.945	0.922	0.926	0.931	0.942	0.784	0.918	0.808	0.829	0.824	0.845	0.941	0.969	0.949	0.957	0.941	0.933	0.921	0.927	0.963	0.965	0.973	1.030	0.943	0.996	1.005	0.904	0.956	0.954	0.756	0.873
7:43:12	37.0	1.001	0.967	1.014	0.943	0.969	0.960	0.958	0.926	0.927	0.927	0.994	1.001	1.015	0.957	0.922	0.919	0.923	0.935	0.926	0.920	0.984	0.917	0.952	0.918	1.003	1.027	0.950	0.970	0.957	0.939	0.937	0.937	0.936	0.941	0.998	0.930	1.044	1.020	0.949	0.972	0.963	0.956	0.942	0.946	0.923	0.927	0.933	0.944	0.787	0.922	0.813	0.833	0.827	0.849	0.945	0.971	0.951	0.959	0.944	0.932	0.924	0.930	0.966	0.968	0.976	1.034	0.946	1.000	1.009	0.907	0.959	0.959	0.774	0.876
7:47:12	37.0	1.005	0.970	1.018	0.945	0.972	0.962	0.961	0.929	0.930	0.929	0.996	1.004	1.018	0.960	0.924	0.922	0.925	0.937	0.928	0.921	0.986	0.920	0.953	0.924	1.008	1.032	0.953	0.974	0.959	0.942	0.939	0.940	0.939	0.944	1.001	0.939	1.048	1.022	0.953	0.974	0.964	0.958	0.943	0.947	0.925	0.929	0.935	0.952	0.791	0.926	0.817	0.837	0.831	0.855	0.949	0.971	0.952	0.961	0.945	0.937	0.928	0.933	0.969	0.970	0.979	1.037	0.948	1.002	1.013	0.909	0.961	0.967	0.760	0.872
7:51:12	37.0	1.009	0.973	1.020	0.947	0.975	0.966	0.964	0.931	0.932	0.933	1.000	1.008	1.020	0.962	0.926	0.923	0.925	0.938	0.929	0.921	0.988	0.921	0.955	0.926	1.011	1.036	0.955	0.975	0.960	0.943	0.941	0.941	0.940	0.946	1.004	0.951	1.052	1.026	0.956	0.975	0.966	0.959	0.944	0.949	0.926	0.930	0.936	0.956	0.794	0.929	0.821	0.840	0.833	0.858	0.954	0.972	0.955	0.963	0.947	0.943	0.931	0.936	0.972	0.973	0.983	1.042	0.951	1.006	1.017	0.911	0.964	0.971	0.769	0.882
7:55:12	37.0	1.012	0.976	1.024	0.949	0.976	0.968	0.966	0.933	0.934	0.935	1.002	1.012	1.023	0.965	0.929	0.926	0.928	0.940	0.931	0.924	0.991	0.925	0.958	0.933	1.015	1.041	0.959	0.978	0.963	0.945	0.943	0.943	0.942	0.949	1.006	0.956	1.057	1.027	0.958	0.976	0.966	0.959	0.945	0.950	0.927	0.932	0.938	0.961	0.796	0.933	0.825	0.844	0.836	0.865	0.959	0.972	0.955	0.964	0.949	0.945	0.934	0.939	0.974	0.975	0.986	1.045	0.953	1.008	1.020	0.913	0.966	0.976	0.762	0.887
7:59:12	37.0	1.015	0.979	1.025	0.950	0.977	0.968	0.966	0.933	0.933	0.936	1.004	1.014	1.025	0.967	0.929	0.926	0.928	0.939	0.929	0.922	0.991	0.924	0.958	0.931	1.018	1.043	0.959	0.978	0.964	0.946	0.942	0.943	0.943	0.950	1.008	0.956	1.060	1.029	0.959	0.978	0.967	0.960	0.945	0.949	0.927	0.933	0.939	0.960	0.798	0.936	0.828	0.847	0.839	0.868	0.960	0.970	0.954	0.962	0.949	0.958	0.938	0.940	0.976	0.977	0.987	1.047	0.954	1.010	1.022	0.913	0.968	0.982	0.760	0.886
8:03:12	37.0	1.019	0.982	1.029	0.952	0.978	0.969	0.968	0.934	0.936	0.937	1.006	1.016	1.027	0.968	0.931	0.927	0.929	0.940	0.930	0.923	0.993	0.927	0.959	0.934	1.022	1.046	0.961	0.978	0.965	0.946	0.944	0.946	0.945	0.954	1.012	0.963	1.064	1.030	0.963	0.980	0.968	0.961	0.948	0.951	0.930	0.936	0.942	0.964	0.802	0.941	0.833	0.851	0.843	0.875	0.965	0.970	0.955	0.964	0.950	0.957	0.942	0.944	0.979	0.980	0.989	1.052	0.956	1.012	1.026	0.915	0.969	0.987	0.773	0.882
8:07:12	37.0	1.023	0.985	1.032	0.954	0.980	0.971	0.970	0.936	0.938	0.940	1.010	1.019	1.030	0.970	0.934	0.929	0.930	0.942	0.932	0.926	0.996	0.929	0.962	0.940	1.027	1.050	0.963	0.982	0.967	0.949	0.947	0.949	0.948	0.957	1.016	0.978	1.068	1.033	0.966	0.981	0.970	0.963	0.950	0.955	0.933	0.938	0.945	0.975	0.806	0.945	0.836	0.854	0.847	0.878	0.967	0.970	0.955	0.964	0.951	0.966	0.945	0.946	0.982	0.983	0.993	1.056	0.959	1.016	1.030	0.918	0.973	0.998	0.763	0.886
8:11:12	37.0	1.024	0.988	1.032	0.955	0.981	0.971	0.970	0.936	0.939	0.942	1.013	1.021	1.030	0.970	0.934	0.929	0.930	0.942	0.932	0.926	0.998	0.931	0.962	0.939	1.028	1.052	0.963	0.980	0.966	0.947	0.946	0.948	0.948	0.957	1.016	0.971	1.071	1.034	0.965	0.979	0.969	0.961	0.948	0.953	0.931	0.937	0.943	0.968	0.808	0.948	0.837	0.856	0.848	0.883	0.966	0.967	0.953	0.962	0.948	0.972	0.946	0.948	0.982	0.984	0.993	1.057	0.958	1.017	1.031	0.917	0.973	0.995	0.770	0.890
8:15:12	37.0	1.028	0.992	1.034	0.956	0.980	0.971	0.970	0.936	0.939	0.944	1.014	1.024	1.033	0.972	0.935	0.930	0.930	0.942	0.932	0.927	0.998	0.932	0.963	0.939	1.032	1.054	0.964	0.981	0.967	0.948	0.948	0.951	0.950	0.960	1.019	0.967	1.074	1.036	0.967	0.981	0.969	0.962	0.949	0.954	0.932	0.939	0.945	0.969	0.811	0.952	0.841	0.859	0.851	0.887	0.970	0.968	0.955	0.964	0.949	0.969	0.950	0.950	0.986	0.986	0.995	1.059	0.960	1.019	1.034	0.918	0.975	0.999	0.771	0.886
8:19:12	37.0	1.031	0.995	1.037	0.959	0.984	0.975	0.974	0.940	0.944	0.949	1.020	1.029	1.036	0.975	0.938	0.933	0.932	0.945	0.935	0.930	1.001	0.937	0.969	0.952	1.037	1.059	0.967	0.984	0.969	0.952	0.951	0.955	0.955	0.966	1.023	0.985	1.078	1.039	0.970	0.983	0.972	0.965	0.952	0.958	0.935	0.943	0.950	0.978	0.815	0.957	0.846	0.864	0.857	0.893	0.974	0.969	0.957	0.965	0.952	0.986	0.954	0.955	0.989	0.990	1.000	1.063	0.965	1.024	1.039	0.922	0.980	1.009	0.777	0.909
8:23:12	37.0	1.034	0.997	1.039	0.960	0.982	0.974	0.972	0.940	0.944	0.950	1.022	1.028	1.037	0.976	0.939	0.934	0.932	0.945	0.935	0.931	1.003	0.938	0.971	0.947	1.040	1.059	0.968	0.982	0.969	0.952	0.951	0.955	0.955	0.967	1.026	0.982	1.080	1.042	0.971	0.983	0.972	0.966	0.952	0.958	0.936	0.943	0.951	0.979	0.816	0.961	0.848	0.864	0.860	0.896	0.974	0.967	0.956	0.965	0.950	0.971	0.955	0.956	0.990	0.991	1.001	1.064	0.964	1.024	1.040	0.922	0.979	1.004	0.783	0.915
8:27:12	37.0	1.036	1.000	1.040	0.960	0.983	0.973	0.973	0.941	0.946	0.952	1.024	1.031	1.039	0.978	0.940	0.934	0.933	0.946	0.935	0.932	1.004	0.940	0.972	0.948	1.043	1.062	0.969	0.983	0.969	0.952	0.953	0.957	0.957	0.969	1.026	0.981	1.084	1.044	0.973	0.983	0.972	0.965	0.953	0.959	0.936	0.945	0.951	0.981	0.819	0.964	0.850	0.867	0.862	0.900	0.977	0.967	0.956	0.964	0.950	0.986	0.957	0.958	0.992	0.992	1.002	1.063	0.965	1.026	1.043	0.922	0.982	1.005	0.768	0.923
8:31:12	37.0	1.040	1.003	1.043	0.961	0.984	0.975	0.975	0.944	0.950	0.956	1.028	1.034	1.042	0.979	0.941	0.936	0.933	0.947	0.937	0.934	1.007	0.942	0.975	0.950	1.046	1.064	0.971	0.985	0.971	0.954	0.956	0.961	0.961	0.972	1.030	0.999	1.087	1.046	0.975	0.985	0.974	0.967	0.955	0.961	0.939	0.948	0.955	0.982	0.823	0.969	0.853	0.869	0.865	0.904	0.979	0.969	0.958	0.965	0.952	0.973	0.961	0.961	0.994	0.995	1.005	1.065	0.968	1.029	1.047	0.924	0.985	1.011	0.774	0.933
8:35:12	37.0	1.043	1.006	1.045	0.963	0.985	0.976	0.977	0.945	0.952	0.958	1.031	1.037	1.045	0.982	0.943	0.937	0.934	0.948	0.938	0.936	1.009	0.945	0.978	0.953	1.049	1.067	0.973	0.987	0.973	0.956	0.959	0.963	0.963	0.975	1.033	1.008	1.091	1.048	0.978	0.987	0.975	0.969	0.957	0.964	0.941	0.951	0.958	0.983	0.826	0.973	0.857	0.872	0.871	0.909	0.982	0.971	0.959	0.967	0.953	0.981	0.964	0.964	0.998	0.998	1.008	1.067	0.971	1.031	1.050	0.926	0.986	1.015	0.770	0.947
8:39:12	37.0	1.046	1.010	1.048	0.964	0.987	0.978	0.979	0.948	0.954	0.961	1.035	1.039	1.047	0.983	0.945	0.940	0.936	0.951	0.941	0.939	1.012	0.948	0.980	0.954	1.053	1.068	0.976	0.988	0.975	0.958	0.963	0.967	0.968	0.979	1.038	1.016	1.094	1.053	0.980	0.989	0.977	0.970	0.959	0.967	0.944	0.953	0.960	0.985	0.827	0.979	0.861	0.876	0.876	0.914	0.983	0.972	0.960	0.968	0.954	0.989	0.966	0.967	1.000	1.000	1.010	1.067	0.972	1.034	1.054	0.928	0.990	1.017	0.772	0.944
8:43:12	37.0	1.050	1.012	1.051	0.967	0.988	0.978	0.981	0.950	0.958	0.965	1.039	1.042	1.048	0.985	0.947	0.940	0.936	0.952	0.941	0.941	1.014	0.950	0.983	0.953	1.056	1.070	0.976	0.989	0.977	0.960	0.964	0.969	0.969	0.980	1.040	1.011	1.097	1.053	0.981	0.989	0.978	0.971	0.960	0.967	0.944	0.954	0.962	0.980	0.830	0.981	0.863	0.876	0.876	0.916	0.984	0.972	0.961	0.968	0.954	0.984	0.968	0.969	1.002	1.002	1.012	1.065	0.972	1.035	1.056	0.928	0.991	1.014	0.784	0.954
8:47:12	37.0	1.052	1.015	1.053	0.967	0.990	0.979	0.983	0.953	0.962	0.967	1.043	1.045	1.051	0.986	0.949	0.942	0.938	0.954	0.943	0.944	1.018	0.954	0.985	0.959	1.059	1.072	0.979	0.991	0.979	0.962	0.968	0.973	0.972	0.982	1.044	1.016	1.099	1.057	0.984	0.991	0.980	0.973	0.963	0.970	0.947	0.957	0.965	0.982	0.834	0.987	0.867	0.880	0.882	0.919	0.987	0.974	0.963	0.970	0.956	1.001	0.971	0.972	1.004	1.004	1.015	1.066	0.974	1.038	1.060	0.930	0.994	1.016	0.782	0.966
8:51:12	37.1	1.055	1.018	1.056	0.969	0.991	0.981	0.985	0.955	0.964	0.970	1.046	1.046	1.053	0.988	0.950	0.944	0.939	0.955	0.945	0.946	1.021	0.956	0.987	0.954	1.063	1.072	0.980	0.992	0.980	0.963	0.970	0.974	0.974	0.985	1.048	1.025	1.102	1.061	0.986	0.993	0.982	0.975	0.965	0.972	0.950	0.960	0.968	0.983	0.836	0.991	0.871	0.883	0.885	0.924	0.987	0.975	0.964	0.971	0.958	1.012	0.974	0.975	1.007	1.008	1.017	1.067	0.977	1.041	1.063	0.932	0.996	1.022	0.781	0.969
8:55:12	37.0	1.058	1.021	1.058	0.971	0.992	0.981	0.987	0.958	0.967	0.972	1.050	1.050	1.055	0.991	0.952	0.946	0.942	0.957	0.948	0.949	1.023	0.958	0.988	0.957	1.066	1.074	0.982	0.994	0.983	0.966	0.974	0.978	0.977	0.987	1.051	1.019	1.105	1.063	0.987	0.995	0.984	0.978	0.967	0.974	0.952	0.962	0.969	0.981	0.838	0.996	0.874	0.884	0.889	0.928	0.990	0.977	0.965	0.972	0.959	1.021	0.977	0.976	1.009	1.008	1.019	1.068	0.978	1.043	1.066	0.932	0.998	1.022	0.775	0.980
8:59:12	37.1	1.061	1.025	1.061	0.973	0.994	0.983	0.990	0.960	0.969	0.973	1.053	1.051	1.056	0.992	0.953	0.949	0.942	0.958	0.949	0.951	1.026	0.959	0.990	0.952	1.069	1.075	0.983	0.995	0.984	0.968	0.976	0.980	0.979	0.990	1.054	1.024	1.108	1.066	0.989	0.997	0.986	0.978	0.969	0.976	0.953	0.964	0.971	0.984	0.840	0.999	0.877	0.888	0.893	0.931	0.993	0.978	0.967	0.973	0.959	1.015	0.980	0.979	1.011	1.011	1.021	1.069	0.979	1.044	1.069	0.933	0.999	1.020	0.774	0.979
9:03:12	37.0	1.064	1.027	1.063	0.974	0.996	0.985	0.992	0.963	0.971	0.976	1.057	1.054	1.058	0.993	0.955	0.950	0.944	0.960	0.950	0.953	1.030	0.961	0.991	0.955	1.072	1.077	0.985	0.997	0.986	0.970	0.978	0.980	0.980	0.991	1.058	1.028	1.111	1.068	0.991	0.998	0.986	0.980	0.971	0.977	0.955	0.965	0.971	0.979	0.841	1.003	0.879	0.889	0.895	0.934	0.993	0.978	0.966	0.973	0.960	1.025	0.982	0.980	1.013	1.012	1.023	1.069	0.979	1.046	1.071	0.935	1.001	1.018	0.784	0.985
9:07:12	37.0	1.065	1.029	1.066	0.974	0.997	0.986	0.993	0.965	0.973	0.977	1.061	1.057	1.060	0.994	0.956	0.951	0.945	0.961	0.952	0.955	1.033	0.963	0.994	0.957	1.074	1.077	0.985	0.999	0.988	0.973	0.980	0.983	0.983	0.993	1.062	1.028	1.114	1.071	0.992	0.999	0.988	0.981	0.973	0.980	0.957	0.967	0.974	0.981	0.844	1.008	0.882	0.892	0.898	0.936	0.995	0.980	0.968	0.975	0.962	1.032	0.985	0.983	1.014	1.014	1.024	1.071	0.981	1.048	1.074	0.936	1.003	1.018	0.783	0.984
9:11:12	37.1	1.069	1.033	1.069	0.976	0.999	0.989	0.996	0.968	0.975	0.979	1.065	1.059	1.063	0.996	0.959	0.954	0.947	0.964	0.954	0.958	1.037	0.964	0.996	0.961	1.077	1.080	0.986	1.000	0.990	0.975	0.983	0.985	0.985	0.995	1.065	1.025	1.116	1.073	0.994	1.000	0.989	0.983	0.975	0.982	0.959	0.969	0.975	0.982	0.848	1.012	0.885	0.894	0.902	0.939	0.997	0.980	0.969	0.975	0.962	1.030	0.987	0.985	1.017	1.016	1.027	1.072	0.981	1.049	1.077	0.936	1.005	1.015	0.771	0.991
9:15:12	37.0	1.071	1.036	1.071	0.979	1.001	0.991	0.999	0.970	0.977	0.982	1.069	1.063	1.065	0.998	0.960	0.955	0.949	0.966	0.956	0.961	1.041	0.967	0.999	0.960	1.081	1.081	0.991	1.003	0.993	0.978	0.987	0.988	0.987	0.998	1.070	1.026	1.120	1.076	0.997	1.004	0.992	0.985	0.978	0.984	0.962	0.971	0.978	0.987	0.852	1.016	0.888	0.898	0.906	0.942	0.999	0.983	0.971	0.978	0.966	1.038	0.991	0.989	1.021	1.019	1.031	1.075	0.985	1.054	1.081	0.939	1.008	1.026	0.787	1.002
9:19:12	37.0	1.075	1.040	1.075	0.982	1.004	0.993	1.002	0.974	0.981	0.984	1.073	1.066	1.067	1.000	0.962	0.958	0.952	0.969	0.960	0.964	1.044	0.970	1.001	0.962	1.085	1.083	0.991	1.005	0.996	0.981	0.990	0.991	0.990	1.001	1.074	1.035	1.123	1.079	1.000	1.006	0.995	0.987	0.982	0.987	0.965	0.974	0.980	0.986	0.854	1.021	0.892	0.901	0.908	0.948	1.001	0.985	0.973	0.980	0.967	1.042	0.993	0.992	1.024	1.021	1.033	1.077	0.987	1.055	1.085	0.941	1.012	1.028	0.793	1.006
9:23:12	37.0	1.078	1.042	1.079	0.984	1.006	0.995	1.004	0.976	0.983	0.987	1.077	1.068	1.069	1.002	0.964	0.961	0.954	0.973	0.963	0.966	1.048	0.972	1.003	0.970	1.087	1.083	0.993	1.007	0.998	0.983	0.992	0.994	0.992	1.004	1.078	1.040	1.125	1.082	1.002	1.008	0.998	0.990	0.985	0.990	0.968	0.976	0.983	0.990	0.855	1.024	0.895	0.904	0.913	0.950	1.003	0.987	0.975	0.981	0.968	1.038	0.996	0.993	1.025	1.023	1.035	1.078	0.987	1.057	1.086	0.942	1.014	1.027	0.790	1.005
9:27:12	37.0	1.080	1.045	1.082	0.985	1.009	0.998	1.006	0.979	0.984	0.989	1.081	1.071	1.072	1.004	0.966	0.962	0.956	0.974	0.964	0.968	1.051	0.974	1.005	0.971	1.090	1.085	0.995	1.010	1.000	0.985	0.995	0.997	0.995	1.007	1.082	1.051	1.128	1.085	1.004	1.011	0.999	0.993	0.987	0.992	0.971	0.978	0.985	0.991	0.859	1.029	0.898	0.908	0.916	0.955	1.005	0.989	0.976	0.982	0.971	1.051	0.999	0.996	1.028	1.026	1.038	1.081	0.989	1.060	1.090	0.945	1.018	1.031	0.809	1.016
9:31:12	37.1	1.082	1.048	1.083	0.987	1.010	1.000	1.008	0.982	0.987	0.992	1.086	1.074	1.074	1.006	0.968	0.964	0.959	0.977	0.967	0.971	1.056	0.977	1.008	0.980	1.093	1.087	0.996	1.012	1.002	0.987	0.997	0.998	0.996	1.008	1.086	1.046	1.132	1.087	1.006	1.013	1.002	0.995	0.988	0.993	0.972	0.979	0.986	0.991	0.861	1.034	0.901	0.909	0.920	0.957	1.005	0.990	0.977	0.985	0.972	1.052	1.002	0.998	1.030	1.027	1.040	1.083	0.991	1.062	1.093	0.946	1.020	1.033	0.799	1.022
9:35:12	37.1	1.086	1.051	1.089	0.990	1.014	1.004	1.012	0.984	0.990	0.996	1.091	1.078	1.076	1.008	0.970	0.966	0.962	0.979	0.970	0.974	1.059	0.979	1.010	0.985	1.097	1.086	0.999	1.015	1.006	0.990	1.000	1.001	1.000	1.013	1.090	1.051	1.135	1.090	1.008	1.016	1.004	0.998	0.991	0.996	0.975	0.982	0.990	0.995	0.864	1.038	0.905	0.912	0.924	0.961	1.008	0.992	0.979	0.986	0.974	1.056	1.006	1.001	1.032	1.030	1.042	1.085	0.993	1.064	1.097	0.947	1.023	1.034	0.799	1.030
9:39:12	37.0	1.088	1.053	1.091	0.992	1.016	1.006	1.014	0.987	0.993	0.998	1.094	1.081	1.077	1.009	0.972	0.968	0.963	0.981	0.972	0.975	1.062	0.981	1.012	0.987	1.099	1.087	1.001	1.016	1.007	0.992	1.002	1.004	1.002	1.014	1.094	1.048	1.139	1.093	1.010	1.018	1.006	0.999	0.994	0.998	0.977	0.984	0.990	0.994	0.866	1.042	0.907	0.914	0.926	0.964	1.006	0.993	0.979	0.987	0.975	1.044	1.007	1.002	1.034	1.031	1.044	1.086	0.994	1.065	1.099	0.948	1.024	1.030	0.809	1.035
9:43:12	37.0	1.091	1.056	1.096	0.993	1.018	1.009	1.017	0.990	0.996	1.002	1.099	1.085	1.079	1.012	0.974	0.971	0.967	0.984	0.975	0.979	1.067	0.984	1.016	0.993	1.102	1.092	1.003	1.019	1.010	0.996	1.005	1.006	1.004	1.017	1.098	1.049	1.142	1.095	1.012	1.019	1.008	1.002	0.995	1.000	0.979	0.986	0.993	0.998	0.868	1.046	0.910	0.916	0.929	0.967	1.007	0.995	0.981	0.988	0.977	1.050	1.010	1.005	1.036	1.033	1.046	1.089	0.994	1.068	1.101	0.949	1.026	1.032	0.819	1.041
9:47:12	37.0	1.094	1.058	1.099	0.995	1.020	1.010	1.018	0.992	0.998	1.004	1.101	1.088	1.081	1.013	0.975	0.972	0.968	0.985	0.977	0.981	1.070	0.985	1.017	0.996	1.105	1.093	1.005	1.021	1.012	0.998	1.007	1.008	1.006	1.019	1.102	1.060	1.146	1.097	1.014	1.022	1.010	1.003	0.998	1.002	0.980	0.987	0.995	1.001	0.868	1.051	0.913	0.920	0.933	0.970	1.008	0.996	0.982	0.989	0.978	1.057	1.013	1.008	1.039	1.036	1.049	1.092	0.997	1.070	1.105	0.951	1.029	1.035	0.820	1.050
9:51:12	37.0	1.098	1.061	1.103	0.998	1.023	1.013	1.021	0.994	1.002	1.006	1.105	1.091	1.083	1.015	0.978	0.976	0.972	0.989	0.979	0.984	1.075	0.989	1.021	0.997	1.109	1.099	1.008	1.025	1.015	1.000	1.010	1.011	1.010	1.023	1.107	1.056	1.149	1.102	1.017	1.025	1.013	1.006	1.001	1.004	0.983	0.990	0.998	1.008	0.873	1.056	0.917	0.923	0.938	0.975	1.010	0.998	0.985	0.992	0.981	1.064	1.018	1.012	1.043	1.040	1.054	1.096	1.000	1.075	1.110	0.954	1.032	1.042	0.818	1.060
9:55:12	37.1	1.099	1.064	1.107	1.002	1.028	1.016	1.025	0.998	1.004	1.009	1.111	1.095	1.084	1.017	0.980	0.979	0.974	0.991	0.983	0.986	1.078	0.992	1.023	1.000	1.111	1.100	1.012	1.028	1.019	1.004	1.013	1.014	1.014	1.027	1.112	1.064	1.153	1.105	1.020	1.028	1.016	1.010	1.004	1.008	0.986	0.993	1.001	1.010	0.876	1.059	0.919	0.926	0.940	0.978	1.011	1.000	0.988	0.994	0.984	1.064	1.020	1.014	1.045	1.041	1.055	1.099	1.001	1.077	1.112	0.955	1.035	1.041	0.838	1.060
9:59:12	37.0	1.102	1.066	1.109	1.003	1.029	1.018	1.026	1.000	1.006	1.011	1.114	1.097	1.085	1.018	0.981	0.980	0.975	0.993	0.984	0.988	1.081	0.993	1.024	0.998	1.114	1.100	1.012	1.030	1.019	1.005	1.015	1.016	1.015	1.028	1.115	1.067	1.157	1.107	1.021	1.029	1.017	1.011	1.005	1.009	0.988	0.994	1.002	1.007	0.877	1.064	0.922	0.927	0.942	0.980	1.012	1.000	0.988	0.995	0.985	1.074	1.024	1.017	1.048	1.043	1.058	1.101	1.002	1.079	1.115	0.956	1.038	1.047	0.832	1.060
0:00:00																																																																											
0:00:00																																																																											
0:00:00																																																																											
0:00:00																																																																											
0:00:00																																																																											
0:00:00																																																																											
0:00:00																																																																											
0:00:00																																																																											
0:00:00																																																																											
0:00:00																																																																											
0:00:00																																																																											
0:00:00																																																																											
0:00:00																																																																											
0:00:00																																																																											
0:00:00																																																																											
0:00:00																																																																											
0:00:00																																																																											
0:00:00																																																																											
0:00:00																																																																											
0:00:00																																																																											
0:00:00																																																																											
0:00:00																																																																											
0:00:00																																																																											
0:00:00																																																																											
0:00:00																																																																											
0:00:00																																																																											
0:00:00																																																																											
0:00:00																																																																											
0:00:00																																																																											
0:00:00																																																																											
0:00:00																																																																											

Results
	1	2	3	4	5	6	7	8	9	10	11	12
A													Max V [mcherry:580,610]
													R-Squared [mcherry:580,610]
													t at Max V [mcherry:580,610]
													Lagtime [mcherry:580,610]
													Max V [BFP and GFP:370,445]
													R-Squared [BFP and GFP:370,445]
													t at Max V [BFP and GFP:370,445]
													Lagtime [BFP and GFP:370,445]
													Max V [BFP and GFP:485,510]
													R-Squared [BFP and GFP:485,510]
													t at Max V [BFP and GFP:485,510]
													Lagtime [BFP and GFP:485,510]
													Max V [od600:600]
													R-Squared [od600:600]
													t at Max V [od600:600]
													Lagtime [od600:600]
B	1975.000	2125.000	2675.000	1850.000	1600.000	1475.000	1325.000	1225.000	800.000	950.000	1250.000	875.000	Max V [mcherry:580,610]
	0.615	0.963	0.947	0.691	0.844	0.674	0.892	0.684	0.898	0.755	0.643	0.771	R-Squared [mcherry:580,610]
	7:48:57	7:00:57	8:52:57	9:20:57	6:12:57	6:08:57	0:20:57	0:16:57	6:20:57	5:08:57	6:24:57	0:56:57	t at Max V [mcherry:580,610]
	6:30:22	5:46:08	5:54:29	7:20:25	5:26:57	5:25:01	0:19:35	0:21:41	5:50:57	5:02:00	6:05:07	0:56:43	Lagtime [mcherry:580,610]
	-108300.000	-108075.000	-108650.000	-98600.000	-118975.000	-109075.000	-117525.000	-116575.000	-122400.000	-109475.000	-131150.000	-112775.000	Max V [BFP and GFP:370,445]
	0.981	0.944	0.962	0.991	0.951	0.929	0.896	0.997	0.997	0.954	0.991	0.924	R-Squared [BFP and GFP:370,445]
	0:09:40	0:09:40	0:09:40	0:09:40	0:09:40	0:09:40	0:09:40	0:09:40	0:09:40	0:09:40	0:09:40	0:09:40	t at Max V [BFP and GFP:370,445]
	?????	?????	?????	?????	?????	?????	?????	?????	?????	?????	0:01:41	?????	Lagtime [BFP and GFP:370,445]
	-7975.000	-8800.000	-6325.000	-7675.000	-9875.000	-8150.000	-8400.000	-8100.000	-7900.000	-7875.000	-7500.000	-8400.000	Max V [BFP and GFP:485,510]
	0.928	0.868	0.900	0.959	0.949	0.950	0.994	0.849	0.988	0.963	0.579	0.968	R-Squared [BFP and GFP:485,510]
	1:18:26	1:18:26	0:10:26	1:10:26	1:22:26	1:22:26	1:18:26	1:06:26	1:14:26	1:06:26	0:10:26	0:46:26	t at Max V [BFP and GFP:485,510]
	0:57:45	0:53:52	?????	0:54:57	1:00:41	0:54:47	1:03:12	1:02:41	0:58:08	1:02:25	?????	0:51:27	Lagtime [BFP and GFP:485,510]
	5.653	5.195	5.235	5.257	5.095	5.230	5.615	5.265	5.218	5.560	5.433	5.857	Max V [od600:600]
	1.000	0.999	0.999	1.000	1.000	0.999	1.000	1.000	1.000	1.000	0.999	0.999	R-Squared [od600:600]
	1:27:12	1:27:12	1:23:12	1:23:12	1:23:12	1:23:12	1:19:12	1:19:12	1:19:12	1:23:12	1:19:12	1:19:12	t at Max V [od600:600]
	0:47:50	0:47:23	0:45:32	0:45:22	0:42:11	0:46:04	0:49:22	0:43:01	0:42:42	0:47:14	0:41:57	0:41:25	Lagtime [od600:600]
C	1650.000	2200.000	1725.000	1725.000	1650.000	1150.000	1200.000	1350.000	1500.000	1225.000	-1025.000	1250.000	Max V [mcherry:580,610]
	0.978	0.845	0.834	0.689	0.899	0.728	0.580	0.903	0.740	0.825	0.940	0.720	R-Squared [mcherry:580,610]
	7:04:57	6:40:57	6:12:57	9:32:57	6:20:57	6:16:57	1:08:57	9:04:57	9:36:57	6:24:57	2:16:57	9:36:57	t at Max V [mcherry:580,610]
	5:51:22	5:38:46	5:08:15	7:43:51	5:41:26	5:41:28	1:06:57	8:44:21	8:19:05	6:08:57	2:21:03	9:05:16	Lagtime [mcherry:580,610]
	-110450.000	-146500.000	-147250.000	-132675.000	-135525.000	-124600.000	-118400.000	-132725.000	-145150.000	-140725.000	-142825.000	-141700.000	Max V [BFP and GFP:370,445]
	0.991	0.981	0.963	1.000	0.957	0.987	0.960	0.945	0.979	0.986	0.974	0.963	R-Squared [BFP and GFP:370,445]
	0:09:40	0:09:40	0:09:40	0:09:40	0:09:40	0:09:40	0:09:40	0:09:40	0:09:40	0:09:40	0:09:40	0:09:40	t at Max V [BFP and GFP:370,445]
	?????	?????	?????	0:01:46	?????	?????	?????	?????	?????	?????	0:02:24	?????	Lagtime [BFP and GFP:370,445]
	-7925.000	-14525.000	-8300.000	-5575.000	-8925.000	-7450.000	-18975.000	-21775.000	-4975.000	-7575.000	-6600.000	-6775.000	Max V [BFP and GFP:485,510]
	0.944	0.939	0.798	0.877	0.969	0.971	0.840	0.889	0.987	0.874	0.966	0.949	R-Squared [BFP and GFP:485,510]
	0:30:26	0:46:26	0:10:26	1:10:26	1:06:26	1:10:26	0:30:26	0:46:26	1:02:26	0:58:26	0:58:26	1:18:26	t at Max V [BFP and GFP:485,510]
	0:07:17	0:36:01	?????	0:24:05	0:49:24	0:44:11	0:23:49	0:40:54	0:22:16	0:43:01	0:43:41	0:38:05	Lagtime [BFP and GFP:485,510]
	6.107	5.867	6.225	5.982	6.460	6.258	6.522	6.090	6.235	6.145	6.085	6.518	Max V [od600:600]
	1.000	0.999	1.000	0.999	1.000	0.999	0.999	1.000	1.000	1.000	1.000	1.000	R-Squared [od600:600]
	1:15:12	1:11:12	1:11:12	1:15:12	1:15:12	1:15:12	1:15:12	1:15:12	1:15:12	1:15:12	1:11:12	1:11:12	t at Max V [od600:600]
	0:37:10	0:29:28	0:30:22	0:31:01	0:34:22	0:33:21	0:34:39	0:31:28	0:35:35	0:32:28	0:29:29	0:30:01	Lagtime [od600:600]
D	2425.000	3575.000	1975.000	1475.000	1250.000	1100.000	925.000	1150.000	875.000	-1050.000	1075.000	975.000	Max V [mcherry:580,610]
	0.872	0.887	0.832	0.884	0.650	0.639	0.573	0.733	0.839	0.633	0.840	0.530	R-Squared [mcherry:580,610]
	8:52:57	7:32:57	5:56:57	7:00:57	5:20:57	9:48:57	8:08:57	1:00:57	7:36:57	1:16:57	8:08:57	3:44:57	t at Max V [mcherry:580,610]
	6:48:10	5:38:49	5:19:29	5:55:11	4:58:23	8:40:35	7:25:29	0:53:18	7:22:06	1:12:57	7:15:56	3:40:39	Lagtime [mcherry:580,610]
	-124600.000	-123500.000	-140950.000	-127600.000	-117475.000	-119800.000	-115025.000	-124800.000	-110575.000	-109775.000	-113250.000	-140350.000	Max V [BFP and GFP:370,445]
	0.926	0.962	0.993	0.923	0.922	0.895	0.944	0.974	0.968	0.947	0.976	0.934	R-Squared [BFP and GFP:370,445]
	0:09:40	0:09:40	0:09:40	0:09:40	0:09:40	0:09:40	0:09:40	0:09:40	0:09:40	0:09:40	0:09:40	0:09:40	t at Max V [BFP and GFP:370,445]
	?????	?????	?????	?????	?????	?????	?????	?????	?????	?????	?????	?????	Lagtime [BFP and GFP:370,445]
	-7525.000	-10475.000	-6425.000	-7325.000	-6575.000	-8675.000	-9625.000	-6175.000	-7825.000	-8775.000	-15725.000	-8400.000	Max V [BFP and GFP:485,510]
	0.980	0.833	0.875	0.982	0.967	0.985	0.789	0.854	0.931	0.897	0.750	0.966	R-Squared [BFP and GFP:485,510]
	1:06:26	0:10:26	0:42:26	1:26:26	1:14:26	1:22:26	0:14:26	0:34:26	1:18:26	1:22:26	0:18:26	0:58:26	t at Max V [BFP and GFP:485,510]
	0:47:07	?????	0:32:45	0:53:38	0:49:51	0:57:14	0:12:19	0:22:27	0:57:51	1:02:12	0:15:36	0:45:47	Lagtime [BFP and GFP:485,510]
	5.523	5.167	5.000	5.030	5.042	5.203	5.067	5.280	5.045	5.260	5.395	4.925	Max V [od600:600]
	1.000	0.998	0.999	0.999	1.000	0.999	1.000	1.000	1.000	1.000	1.000	1.000	R-Squared [od600:600]
	1:23:12	1:23:12	1:23:12	1:23:12	1:23:12	1:23:12	1:23:12	1:23:12	1:23:12	1:19:12	1:19:12	1:19:12	t at Max V [od600:600]
	0:43:19	0:44:20	0:43:49	0:43:32	0:43:23	0:44:16	0:41:22	0:43:21	0:39:42	0:40:06	0:39:47	0:38:18	Lagtime [od600:600]
E	1725.000	2425.000	2750.000	1750.000	1475.000	1525.000	1625.000	1400.000	1000.000	925.000	750.000	850.000	Max V [mcherry:580,610]
	0.743	0.998	0.901	0.955	0.943	0.974	0.981	0.931	0.594	0.862	0.450	0.631	R-Squared [mcherry:580,610]
	9:24:57	6:00:57	9:48:57	6:20:57	6:00:57	8:44:57	1:08:57	6:24:57	3:00:57	0:48:57	3:16:57	6:48:57	t at Max V [mcherry:580,610]
	6:48:33	5:16:30	7:52:40	5:13:45	5:04:24	7:17:44	1:03:54	6:05:31	2:59:33	0:39:00	3:19:37	6:35:32	Lagtime [mcherry:580,610]
	-119375.000	-153375.000	-133650.000	-136925.000	-148375.000	-106200.000	-138150.000	-109450.000	-134875.000	-140175.000	-145950.000	-125775.000	Max V [BFP and GFP:370,445]
	0.966	0.998	0.983	0.965	0.975	0.967	0.962	0.898	0.995	0.952	0.997	0.994	R-Squared [BFP and GFP:370,445]
	0:09:40	0:09:40	0:09:40	0:09:40	0:09:40	0:57:40	0:09:40	0:09:40	0:09:40	0:09:40	0:09:40	0:13:40	t at Max V [BFP and GFP:370,445]
	?????	0:01:41	?????	?????	?????	0:10:16	?????	?????	0:02:11	?????	?????	0:01:51	Lagtime [BFP and GFP:370,445]
	-8250.000	-7375.000	-8175.000	-7775.000	-7025.000	-7125.000	-8050.000	-8050.000	-16775.000	-6925.000	-7300.000	-9300.000	Max V [BFP and GFP:485,510]
	0.980	0.966	0.987	0.983	0.991	0.983	0.952	0.875	0.847	0.909	0.995	0.957	R-Squared [BFP and GFP:485,510]
	0:58:26	0:50:26	1:06:26	0:58:26	1:02:26	1:14:26	1:10:26	1:02:26	0:30:26	1:22:26	0:54:26	0:50:26	t at Max V [BFP and GFP:485,510]
	0:45:19	0:30:12	0:38:14	0:47:29	0:38:35	0:48:23	0:49:32	0:51:27	0:24:51	0:49:27	0:41:51	0:37:46	Lagtime [BFP and GFP:485,510]
	5.787	6.090	6.260	6.370	6.450	6.270	6.327	6.410	6.417	6.460	6.517	6.987	Max V [od600:600]
	1.000	1.000	0.999	1.000	0.999	0.999	0.999	0.999	1.000	1.000	1.000	1.000	R-Squared [od600:600]
	1:23:12	1:15:12	1:15:12	1:15:12	1:15:12	1:15:12	1:15:12	1:15:12	1:15:12	1:15:12	1:15:12	1:11:12	t at Max V [od600:600]
	0:39:37	0:32:34	0:34:12	0:35:11	0:35:11	0:33:02	0:33:41	0:34:37	0:34:52	0:35:24	0:33:46	0:31:30	Lagtime [od600:600]
F	1050.000	2500.000	1350.000	1575.000	1850.000	1450.000	1375.000	1600.000	1350.000	1450.000	1725.000	1000.000	Max V [mcherry:580,610]
	0.853	0.971	0.656	0.631	0.980	0.535	0.758	0.892	0.866	0.958	0.935	0.915	R-Squared [mcherry:580,610]
	3:28:57	9:32:57	9:08:57	7:12:57	8:36:57	8:28:57	8:20:57	6:08:57	6:32:57	6:40:57	7:00:57	3:48:57	t at Max V [mcherry:580,610]
	3:05:20	6:38:57	7:06:35	5:58:55	7:14:54	6:29:30	6:18:29	5:03:35	5:25:41	5:34:28	6:06:48	3:59:45	Lagtime [mcherry:580,610]
	-109150.000	-122150.000	-104050.000	-105075.000	-124225.000	-115325.000	-118850.000	-132025.000	-104400.000	-122875.000	-132500.000	-138275.000	Max V [BFP and GFP:370,445]
	0.958	0.955	0.992	0.986	0.988	0.906	0.990	0.980	0.974	0.967	0.982	0.991	R-Squared [BFP and GFP:370,445]
	0:09:40	0:09:40	0:09:40	0:09:40	0:09:40	0:09:40	0:09:40	0:09:40	0:09:40	0:09:40	0:09:40	0:09:40	t at Max V [BFP and GFP:370,445]
	?????	?????	?????	0:01:45	?????	?????	?????	?????	?????	?????	?????	?????	Lagtime [BFP and GFP:370,445]
	-6950.000	-22400.000	-7475.000	-8525.000	-8150.000	-12325.000	-6775.000	-5025.000	-7300.000	-8500.000	-4525.000	-7775.000	Max V [BFP and GFP:485,510]
	0.990	0.789	0.961	0.972	0.984	0.931	0.933	0.962	0.926	0.999	0.900	0.905	R-Squared [BFP and GFP:485,510]
	1:22:26	0:54:26	1:14:26	1:34:26	1:10:26	0:22:26	1:22:26	0:54:26	1:18:26	1:26:26	0:34:26	1:14:26	t at Max V [BFP and GFP:485,510]
	0:58:33	0:49:00	0:52:44	1:02:37	0:59:51	0:16:53	0:59:12	0:22:24	1:02:06	1:02:26	0:11:48	0:52:48	Lagtime [BFP and GFP:485,510]
	4.617	4.925	4.968	5.222	5.417	5.257	5.265	5.393	5.698	5.525	5.693	5.993	Max V [od600:600]
	1.000	0.998	0.998	0.998	0.998	0.998	0.998	0.999	0.997	0.999	0.999	0.999	R-Squared [od600:600]
	1:27:12	1:27:12	1:31:12	1:27:12	1:31:12	1:31:12	1:31:12	1:31:12	1:31:12	1:27:12	1:27:12	1:15:12	t at Max V [od600:600]
	0:48:34	0:48:56	0:45:25	0:48:22	0:50:54	0:47:48	0:49:09	0:47:51	0:53:30	0:48:03	0:44:13	0:37:36	Lagtime [od600:600]
G	1200.000	1000.000	1000.000	1200.000	1025.000	1050.000	-900.000	1150.000	1325.000	1275.000	975.000	-950.000	Max V [mcherry:580,610]
	0.971	0.813	0.591	0.904	0.499	0.868	0.665	0.568	0.708	0.993	0.797	0.887	R-Squared [mcherry:580,610]
	1:00:57	0:16:57	0:36:57	1:04:57	0:44:57	0:28:57	2:24:57	9:36:57	9:32:57	0:40:57	9:44:57	1:00:57	t at Max V [mcherry:580,610]
	1:04:47	0:22:09	0:44:45	1:06:27	0:37:44	0:21:43	2:19:10	8:55:02	8:41:02	0:33:06	8:26:11	1:10:13	Lagtime [mcherry:580,610]
	-118550.000	-131600.000	-120550.000	-154825.000	-120075.000	-146600.000	-132050.000	-139350.000	-125525.000	-125850.000	-137625.000	-152500.000	Max V [BFP and GFP:370,445]
	0.995	0.993	0.987	0.977	0.978	0.991	0.956	0.996	0.952	0.971	0.987	0.978	R-Squared [BFP and GFP:370,445]
	0:09:40	0:09:40	0:09:40	0:09:40	0:09:40	0:09:40	0:09:40	0:09:40	0:09:40	0:13:40	0:09:40	0:09:40	t at Max V [BFP and GFP:370,445]
	?????	?????	?????	?????	?????	?????	?????	?????	?????	?????	0:01:40	?????	Lagtime [BFP and GFP:370,445]
	-7050.000	-6650.000	-6825.000	-7775.000	-8075.000	-6000.000	-8125.000	-5175.000	-3825.000	-6650.000	-4000.000	-6575.000	Max V [BFP and GFP:485,510]
	0.948	0.968	0.953	0.934	0.878	0.931	0.974	0.828	0.898	0.928	0.863	0.941	R-Squared [BFP and GFP:485,510]
	0:18:26	1:10:26	1:10:26	1:10:26	1:10:26	0:38:26	1:10:26	0:34:26	0:10:26	0:50:26	0:26:26	0:58:26	t at Max V [BFP and GFP:485,510]
	0:17:42	0:49:54	0:37:53	0:43:41	0:48:04	0:16:14	0:46:56	0:15:25	0:02:48	0:41:39	0:08:08	0:29:43	Lagtime [BFP and GFP:485,510]
	5.928	5.827	6.050	6.205	6.315	6.305	6.395	6.700	6.563	6.735	6.670	6.802	Max V [od600:600]
	1.000	1.000	1.000	1.000	1.000	1.000	1.000	1.000	1.000	0.999	1.000	1.000	R-Squared [od600:600]
	1:11:12	1:11:12	1:11:12	1:15:12	1:11:12	1:15:12	1:15:12	1:11:12	1:15:12	1:15:12	1:11:12	1:11:12	t at Max V [od600:600]
	0:33:39	0:31:36	0:32:10	0:32:34	0:31:03	0:33:58	0:34:34	0:33:31	0:35:35	0:34:30	0:32:06	0:29:16	Lagtime [od600:600]
H											-1125.000	1025.000	Max V [mcherry:580,610]
											0.946	0.598	R-Squared [mcherry:580,610]
											1:48:57	1:12:57	t at Max V [mcherry:580,610]
											1:53:24	1:07:29	Lagtime [mcherry:580,610]
											-99325.000	-124000.000	Max V [BFP and GFP:370,445]
											0.895	0.960	R-Squared [BFP and GFP:370,445]
											0:09:40	0:09:40	t at Max V [BFP and GFP:370,445]
											?????	?????	Lagtime [BFP and GFP:370,445]
											-5600.000	-6275.000	Max V [BFP and GFP:485,510]
											0.981	0.959	R-Squared [BFP and GFP:485,510]
											1:14:26	1:30:26	t at Max V [BFP and GFP:485,510]
											0:43:05	1:16:07	Lagtime [BFP and GFP:485,510]
											4.307	3.577	Max V [od600:600]
											0.950	0.980	R-Squared [od600:600]
											3:35:12	3:31:12	t at Max V [od600:600]
											2:30:01	2:15:03	Lagtime [od600:600]

