

Software Version	3.09.07



Experiment File Path:	C:\Users\Public\Documents\Experiments\Kevin\KC Experiment 5 5DStock.xpt
Protocol File Path:	C:\Users\Public\Documents\Protocols\KC - GFP  RFP BFP.prt



Plate Number	Plate 1
Date	1/25/2025
Time	4:16:13 PM
Reader Type:	Synergy H1
Reader Serial Number:	20012722
Reading Type	Reader

Procedure Details

Plate Type	96 WELL PLATE
Well Selection	Runtime
Eject plate on completion	
Set Temperature	Setpoint 37°C
	Preheat before moving to next step
Start Kinetic	Runtime 24:00:00 (HH:MM:SS), Interval 0:04:00, 361 Reads
    Shake	Double Orbital: Continuous
	Frequency: 237 cpm (4 mm)
    Read	mcherry
	Fluorescence Endpoint
	Full Plate
	Filter Set 1
	    Excitation: 580,  Emission: 610
	    Optics: Bottom,  Gain: 80
	Light Source: Xenon Flash,  Lamp Energy: High
	Read Speed: Normal,  Delay: 100 msec,  Measurements/Data Point: 10
	Read Height: 7 mm
    Read	BFP and GFP
	Fluorescence Endpoint
	Full Plate
	Filter Set 1
	    Excitation: 370,  Emission: 445
	    Optics: Bottom,  Gain: 80
	Filter Set 2
	    Excitation: 485,  Emission: 510
	    Optics: Bottom,  Gain: 60
	Light Source: Xenon Flash,  Lamp Energy: High
	Read Speed: Normal,  Delay: 100 msec,  Measurements/Data Point: 10
	Read Height: 7 mm
    Read	od600
	Absorbance Endpoint
	Full Plate
	Wavelengths:  600
	Read Speed: Normal,  Delay: 100 msec,  Measurements/Data Point: 8
End Kinetic	
Set Temperature	Incubator off

Layout
	1	2	3	4	5	6	7	8	9	10	11	12
A													Well ID
B	SPL1	SPL7	SPL13	SPL19	SPL25	SPL31	SPL37	SPL43	SPL49	SPL55	SPL61	SPL67	Well ID
C	SPL2	SPL8	SPL14	SPL20	SPL26	SPL32	SPL38	SPL44	SPL50	SPL56	SPL62	SPL68	Well ID
D	SPL3	SPL9	SPL15	SPL21	SPL27	SPL33	SPL39	SPL45	SPL51	SPL57	SPL63	SPL69	Well ID
E	SPL4	SPL10	SPL16	SPL22	SPL28	SPL34	SPL40	SPL46	SPL52	SPL58	SPL64	SPL70	Well ID
F	SPL5	SPL11	SPL17	SPL23	SPL29	SPL35	SPL41	SPL47	SPL53	SPL59	SPL65	SPL71	Well ID
G	SPL6	SPL12	SPL18	SPL24	SPL30	SPL36	SPL42	SPL48	SPL54	SPL60	SPL66	SPL72	Well ID
H											SPL73	SPL74	Well ID

mcherry:580,610

Time	T° mcherry:580,610	B1	B2	B3	B4	B5	B6	B7	B8	B9	B10	B11	B12	C1	C2	C3	C4	C5	C6	C7	C8	C9	C10	C11	C12	D1	D2	D3	D4	D5	D6	D7	D8	D9	D10	D11	D12	E1	E2	E3	E4	E5	E6	E7	E8	E9	E10	E11	E12	F1	F2	F3	F4	F5	F6	F7	F8	F9	F10	F11	F12	G1	G2	G3	G4	G5	G6	G7	G8	G9	G10	G11	G12	H11	H12
0:00:57	37.0	23	16	19	26	22	28	22	22	16	24	21	18	13	18	18	25	26	15	14	16	20	19	13	15	20	17	19	20	21	10	12	22	20	15	24	23	19	15	17	18	14	19	22	19	22	28	25	18	24	19	31	18	14	17	13	16	17	14	15	18	21	17	12	8	11	13	28	14	29	24	31	22	22	24
0:04:57	37.0	14	21	23	16	13	18	16	24	12	13	20	17	20	12	18	20	10	20	18	16	27	19	14	20	17	21	20	19	20	20	25	26	21	25	20	28	13	19	21	9	11	20	19	5	25	26	19	17	18	19	17	28	17	11	28	28	8	26	20	22	15	25	11	11	10	12	18	14	13	28	15	23	37	26
0:08:57	37.0	10	26	18	22	17	24	24	15	16	20	24	24	21	24	16	17	13	18	18	26	18	10	22	22	16	16	13	25	16	16	19	15	13	28	16	18	18	14	23	26	22	22	11	20	22	29	22	21	23	19	25	26	24	15	10	13	20	17	14	27	25	22	15	26	17	23	36	19	17	15	7	20	37	35
0:12:57	37.0	14	20	20	21	21	26	16	19	21	17	24	23	22	32	23	16	17	13	19	19	30	18	19	25	19	23	15	26	28	19	26	19	28	12	24	27	21	22	28	23	22	21	24	32	18	31	28	23	24	29	10	28	27	14	16	21	11	26	19	22	23	21	20	17	23	28	22	16	13	22	18	25	25	15
0:16:57	37.0	27	22	13	19	23	19	26	25	15	20	22	20	20	16	18	31	17	19	27	20	17	35	20	15	18	23	25	22	18	22	28	27	9	21	16	21	26	18	26	6	19	13	17	15	23	17	23	26	27	22	15	14	16	16	27	16	22	18	22	22	17	3	22	26	19	17	20	16	19	18	23	13	22	32
0:20:57	37.0	15	23	18	22	21	17	20	19	34	22	23	22	21	24	28	15	26	20	17	26	27	28	23	30	18	21	21	14	29	19	16	27	16	25	14	25	22	18	16	30	18	20	22	29	23	19	20	31	16	23	17	14	23	22	30	18	31	22	11	24	14	10	12	19	33	30	24	22	21	40	24	22	22	23
0:24:57	37.0	20	14	22	12	24	25	13	20	19	17	24	23	15	26	9	35	35	26	20	10	18	25	20	26	16	27	23	19	21	18	17	29	18	16	22	29	21	16	30	23	20	17	21	25	15	16	17	20	20	21	25	24	21	19	13	16	10	17	22	31	24	26	16	16	19	29	26	18	23	23	18	22	29	17
0:28:57	37.0	27	17	24	21	14	24	21	27	18	22	28	18	20	17	25	24	32	20	20	18	22	35	18	26	23	19	29	13	21	24	23	25	3	25	14	28	20	20	22	19	19	19	20	19	20	21	22	25	17	27	23	7	24	19	28	19	20	20	28	18	26	19	18	21	22	12	29	29	28	39	22	17	20	19
0:32:57	37.0	24	18	16	8	24	22	22	28	16	24	17	26	18	27	30	18	27	25	26	30	31	22	25	24	22	29	25	17	18	16	21	23	26	25	28	26	20	22	27	25	25	35	23	23	26	14	16	24	18	30	18	25	24	22	21	28	23	18	17	11	35	24	17	25	22	26	28	11	38	31	21	29	18	20
0:36:57	37.0	13	15	19	28	23	19	21	34	14	15	16	24	19	29	17	27	26	29	27	14	25	22	18	29	27	19	14	26	21	17	24	26	17	19	13	16	15	20	17	20	22	20	16	14	32	24	32	23	26	25	16	14	18	16	20	17	20	25	14	14	39	25	13	21	20	17	15	8	26	20	15	19	18	7
0:40:57	37.0	23	23	17	22	31	21	21	20	17	19	27	23	24	32	19	13	27	23	14	11	27	25	21	21	21	21	21	13	22	26	33	26	21	31	20	27	25	21	19	23	30	22	23	20	20	29	16	24	22	17	19	31	18	29	26	22	26	16	19	12	11	24	24	33	26	19	31	15	22	22	25	15	15	15
0:44:57	37.0	24	23	25	25	20	19	29	24	29	17	14	17	16	19	28	23	23	24	23	23	33	21	25	24	22	19	23	19	19	19	24	23	18	18	23	24	29	18	22	17	25	22	12	29	14	24	30	31	22	25	24	11	22	13	15	24	26	16	22	16	23	12	17	26	21	24	23	34	25	31	23	16	24	26
0:48:57	36.9	18	23	19	21	22	23	21	26	20	23	24	21	18	16	26	16	23	22	22	26	28	19	23	28	23	30	25	25	28	12	16	18	23	16	18	15	23	21	17	29	25	23	26	21	25	23	20	26	22	27	29	26	27	19	23	31	27	29	24	14	28	26	18	28	22	19	34	39	35	29	26	17	22	18
0:52:57	37.0	35	25	22	19	22	19	31	30	23	18	24	26	15	5	22	19	21	29	28	16	29	29	20	17	25	19	21	17	22	32	13	32	23	23	23	23	17	22	23	22	18	25	20	26	25	24	21	29	30	20	21	36	28	25	21	12	23	20	19	19	23	31	25	20	21	25	25	27	27	30	21	16	21	23
0:56:57	37.0	25	19	23	22	26	19	22	33	20	16	23	26	22	16	22	23	21	17	32	23	23	24	26	19	18	13	19	16	19	19	18	25	22	28	18	13	26	21	21	22	25	18	27	23	15	11	22	23	32	25	20	28	24	23	29	19	19	33	25	12	18	27	31	18	26	21	31	30	31	31	27	18	23	24
1:00:57	37.0	30	21	18	24	20	26	27	18	26	23	24	17	14	18	20	15	24	24	20	6	21	33	22	27	21	18	25	15	21	20	19	20	17	17	22	22	12	21	23	14	23	21	23	21	16	13	20	19	27	30	29	23	26	30	19	29	24	22	24	20	33	21	26	33	14	34	31	32	32	32	21	21	20	15
1:04:57	37.0	20	22	17	18	29	27	15	17	11	22	13	23	18	24	20	22	20	15	17	21	18	17	21	24	24	20	16	18	27	16	23	22	24	23	19	7	21	18	16	20	16	20	19	16	15	28	25	21	23	23	33	32	26	17	29	25	26	23	28	13	34	22	19	13	33	19	20	20	26	36	28	12	22	16
1:08:57	37.0	17	15	20	20	17	14	17	16	15	30	17	24	17	17	28	21	14	12	23	17	37	11	21	20	26	18	22	20	18	24	27	24	22	24	19	30	14	16	18	29	20	21	28	12	28	18	11	20	29	25	24	29	30	21	23	34	24	21	31	24	20	28	20	25	23	27	32	33	30	34	28	27	15	24
1:12:57	37.0	11	19	10	18	20	25	28	19	24	27	20	14	23	29	19	27	18	11	22	23	18	22	24	26	22	21	22	13	17	14	19	19	23	10	22	21	31	25	14	15	27	27	19	19	23	26	16	20	28	26	31	31	21	26	29	29	24	23	32	5	26	29	38	30	32	30	24	25	27	21	35	23	13	24
1:16:57	37.0	15	21	30	23	16	21	25	20	18	18	23	15	17	23	22	24	23	26	28	18	10	24	29	26	22	23	17	17	23	19	15	20	21	27	18	19	19	23	23	27	17	28	22	2	7	19	19	21	30	26	31	20	23	25	23	30	24	37	22	15	34	32	33	31	28	30	31	33	30	29	35	17	19	18
1:20:57	37.0	24	15	20	22	25	19	19	15	16	19	18	21	16	27	19	22	19	19	16	10	20	24	28	19	23	22	24	21	29	26	22	18	32	21	12	11	23	13	15	26	24	24	17	25	16	19	25	18	34	26	26	24	19	26	29	25	22	21	23	9	29	32	31	35	32	23	34	40	33	45	31	16	15	6
1:24:57	37.0	10	13	28	26	24	20	24	24	16	21	18	21	17	17	28	21	22	30	13	28	26	26	25	28	23	23	21	18	19	19	17	18	21	23	17	16	17	13	26	5	18	17	26	8	20	21	23	22	30	31	24	21	31	28	36	30	27	22	28	17	31	38	27	31	36	29	31	24	28	32	33	21	17	16
1:28:57	37.0	14	23	26	18	14	25	21	27	28	26	24	21	25	24	21	17	26	21	25	24	20	22	19	19	20	17	23	20	19	24	18	18	15	25	16	17	14	18	20	16	26	23	19	26	21	14	21	16	20	24	33	31	25	31	35	29	28	27	25	12	34	33	31	34	34	32	28	39	33	32	36	14	13	14
1:32:57	37.0	20	21	25	28	21	25	25	29	14	17	18	20	24	18	20	17	15	19	29	15	15	23	23	29	25	16	16	23	19	23	15	23	27	21	17	14	18	21	14	16	24	17	22	23	19	20	25	9	33	34	31	31	35	30	24	18	29	31	28	13	41	30	35	31	34	33	38	54	37	34	31	16	25	23
1:36:57	37.0	16	16	20	23	26	28	23	22	18	23	24	21	19	16	20	21	13	19	17	26	10	18	23	30	17	25	21	23	15	17	28	26	14	25	22	14	20	19	15	18	15	17	14	20	12	13	20	18	35	39	30	33	26	31	30	27	28	33	24	17	40	31	34	29	21	37	33	41	34	37	42	22	14	17
1:40:57	37.0	13	19	24	23	21	11	22	19	27	21	24	23	24	21	19	22	12	22	17	16	16	23	19	21	19	17	21	15	28	28	19	19	17	17	19	21	17	21	21	21	27	19	21	19	16	20	24	19	37	30	28	31	31	27	27	31	37	27	21	17	25	41	25	30	37	38	38	34	36	47	40	19	19	17
1:44:57	37.0	17	22	20	16	25	19	23	21	22	20	16	20	22	23	17	23	23	14	15	19	23	12	31	32	19	26	23	25	25	22	15	15	24	20	23	22	17	28	20	20	21	22	21	17	19	15	25	23	35	25	30	21	28	37	37	26	24	24	30	12	36	41	33	32	41	36	38	48	42	48	38	13	16	19
1:48:57	37.0	25	16	23	27	21	20	16	20	20	23	19	22	19	26	27	20	19	9	21	21	17	17	25	19	17	29	23	23	31	24	26	21	18	24	13	16	16	16	24	14	17	24	19	23	17	15	22	19	42	30	40	34	39	33	27	31	28	26	36	15	39	35	29	34	34	40	34	32	43	44	37	13	15	23
1:52:57	37.0	23	23	15	32	26	19	20	16	20	21	14	22	19	25	26	14	13	9	24	20	10	20	28	22	25	20	26	19	17	18	25	19	24	21	18	9	21	15	17	21	19	19	21	17	17	20	23	21	41	31	35	33	33	36	33	26	29	31	30	17	41	35	37	39	43	38	40	38	42	46	38	18	18	22
1:56:57	37.0	24	12	26	19	27	15	20	22	26	18	18	21	30	25	16	22	18	20	21	20	18	20	21	15	19	26	15	26	16	23	17	15	23	27	22	14	17	22	17	17	17	12	25	23	25	19	15	21	44	37	35	30	38	31	33	27	33	29	39	16	40	44	41	40	38	46	45	30	40	45	43	17	17	20
2:00:57	37.0	25	11	29	12	20	10	20	27	22	16	28	20	22	17	23	21	25	18	11	17	17	24	14	21	22	26	16	18	20	26	15	18	19	26	20	18	16	23	20	24	19	24	21	19	21	20	24	21	40	37	35	36	34	37	32	29	42	34	36	10	40	35	26	38	37	40	48	41	50	44	43	15	20	19
2:04:57	37.0	18	16	24	23	25	25	23	14	25	33	19	21	30	13	22	19	20	17	21	20	15	25	15	32	21	28	19	26	18	22	29	24	28	30	24	22	23	18	32	18	28	30	27	8	16	14	29	23	42	37	37	31	29	27	29	35	42	31	29	13	47	38	33	49	48	41	35	53	41	43	47	21	20	17
2:08:57	37.0	19	20	11	23	14	20	18	17	21	25	21	14	21	26	24	31	23	21	23	22	24	21	14	20	18	22	14	16	21	20	26	24	29	13	9	22	20	22	20	15	18	19	25	18	28	22	19	17	38	31	32	36	35	35	39	38	42	40	41	15	43	42	39	46	37	34	40	38	42	44	45	20	11	5
2:12:57	37.0	26	23	20	9	20	20	17	19	26	20	9	14	20	12	21	20	26	20	15	15	27	22	22	22	28	20	25	17	24	20	23	26	20	28	18	12	16	23	18	23	28	15	24	23	24	23	17	25	44	27	36	34	41	36	33	41	40	33	28	12	38	41	42	34	37	46	42	46	46	40	44	25	19	13
2:16:57	37.0	29	22	22	20	20	25	26	20	25	30	8	22	21	25	17	22	20	16	21	22	7	17	23	31	20	23	18	21	16	14	22	24	25	22	24	21	18	21	24	25	24	26	20	22	10	25	29	18	48	50	37	35	36	37	44	39	36	40	44	11	39	45	40	41	45	43	43	45	42	53	48	21	13	10
2:20:57	37.0	23	18	23	19	17	20	14	19	20	19	17	12	31	17	33	19	14	11	18	26	15	25	22	17	25	20	24	29	20	15	20	23	22	28	13	18	27	18	18	15	25	19	19	15	21	29	26	17	56	39	33	34	40	44	40	38	38	34	35	10	43	47	43	41	46	44	44	44	47	46	52	21	12	13
2:24:57	37.0	21	17	19	22	26	16	16	30	21	24	22	27	23	22	24	25	19	14	23	20	19	24	22	18	25	23	22	24	25	25	23	19	28	28	20	18	24	21	17	21	23	29	25	24	14	26	23	23	44	42	40	39	41	47	41	40	41	50	34	7	50	43	38	45	46	51	41	49	48	47	52	22	13	12
2:28:57	37.0	29	26	26	23	21	24	27	25	15	20	18	17	23	23	18	23	14	19	24	13	22	33	18	31	22	20	31	13	21	26	13	21	31	14	24	24	26	18	21	29	24	23	19	24	29	18	22	20	50	47	39	44	40	42	37	34	40	51	34	11	47	45	44	44	53	38	41	42	46	50	50	13	12	18
2:32:57	37.0	31	14	22	24	22	16	17	15	20	21	16	22	21	22	26	20	22	18	20	19	26	22	22	19	27	26	19	16	22	26	27	28	15	19	19	15	14	22	21	27	24	27	20	14	26	20	29	19	52	40	38	37	34	45	39	41	46	42	35	18	42	57	36	37	47	50	54	43	46	48	45	17	13	19
2:36:57	37.0	32	28	20	21	27	24	18	11	19	25	25	17	17	19	19	19	12	19	22	20	19	33	13	25	31	31	24	26	22	21	23	27	23	24	23	15	19	18	17	23	32	23	23	25	20	34	29	13	48	49	48	36	50	40	37	30	48	42	38	13	50	47	42	40	52	40	47	52	48	51	58	14	17	13
2:40:57	37.0	33	19	24	27	15	15	18	18	27	23	16	11	21	25	27	23	19	20	13	15	16	19	18	21	27	25	23	34	23	17	16	20	25	23	22	20	25	20	26	21	26	22	26	20	33	11	28	27	52	38	48	42	44	47	36	41	42	47	51	3	47	49	45	43	51	44	50	45	47	50	54	16	18	17
2:44:57	37.0	29	26	26	21	20	23	20	19	24	17	17	18	22	33	24	24	20	25	16	27	13	23	22	18	31	15	27	23	29	28	18	22	29	28	24	12	19	17	19	29	23	32	27	23	30	33	34	21	55	45	42	40	47	34	43	39	46	47	48	11	41	51	46	55	47	43	38	50	49	58	52	25	18	15
2:48:57	37.0	25	22	20	26	24	19	20	14	20	16	27	20	22	25	22	18	23	22	24	13	27	24	18	20	29	23	29	21	30	20	21	31	31	19	18	8	27	30	25	17	25	30	29	23	26	21	25	20	54	51	37	38	54	42	48	40	45	43	39	0	50	41	55	48	52	48	54	49	46	59	55	17	13	21
2:52:57	37.0	32	25	18	27	22	26	22	9	13	19	10	26	19	25	26	25	18	28	23	15	20	23	20	20	26	25	20	21	24	33	22	23	26	23	23	15	23	28	25	22	21	24	18	25	25	20	19	18	52	50	47	41	45	45	51	43	34	46	46	15	54	52	42	39	47	42	48	44	52	61	60	11	11	9
2:56:57	37.0	23	34	20	14	21	24	16	24	19	12	16	18	26	23	26	19	13	16	16	19	23	8	20	21	26	20	28	17	21	28	23	26	24	18	29	16	26	24	17	16	9	21	20	22	28	30	27	26	59	48	52	46	43	42	47	39	49	44	47	6	53	45	50	49	44	61	52	51	46	57	58	28	9	11
3:00:57	37.0	27	25	27	24	16	21	16	27	22	16	19	26	26	14	25	25	28	19	20	15	20	26	23	19	27	26	24	23	26	32	25	21	28	24	21	3	28	25	29	29	34	25	27	23	21	26	27	14	57	51	43	45	38	43	52	52	45	53	43	11	54	41	50	41	52	47	54	47	51	61	50	16	11	11
3:04:57	37.0	37	24	21	14	17	19	23	12	19	18	18	14	27	19	25	21	29	21	14	15	16	21	12	24	30	21	29	24	29	31	31	24	34	19	26	22	27	28	21	22	23	32	27	28	30	26	32	17	58	54	49	44	48	45	46	41	43	45	44	13	49	47	44	47	55	50	57	51	54	59	49	16	12	21
3:08:57	37.0	32	22	29	21	21	18	23	17	8	16	15	22	28	25	23	18	21	23	14	20	25	23	13	18	32	23	30	23	30	34	32	29	29	23	15	23	32	24	24	29	32	34	26	25	24	20	28	18	60	52	45	49	45	41	51	45	52	43	46	15	51	54	43	49	52	56	44	59	52	59	65	11	14	10
3:12:57	37.0	32	25	27	27	23	20	21	29	21	17	14	12	22	27	22	25	24	18	23	22	18	15	23	16	29	31	21	11	23	27	26	26	26	29	24	9	30	26	24	26	24	25	24	27	26	22	30	16	54	44	44	41	49	51	45	48	43	53	49	11	53	48	56	44	44	57	56	43	46	51	48	16	17	10
3:16:57	37.0	32	31	37	15	27	25	19	18	21	15	22	22	28	27	25	18	20	28	19	12	18	19	9	24	22	26	33	27	27	24	27	28	28	25	30	7	14	30	25	24	30	22	20	20	22	25	29	12	66	56	52	46	44	50	56	52	44	54	47	8	54	53	50	55	56	62	51	57	53	49	56	14	16	10
3:20:57	37.0	37	23	21	28	24	27	26	12	28	19	12	13	24	23	32	32	26	23	24	19	21	23	14	23	25	25	26	26	24	23	25	30	23	19	24	22	18	25	22	24	23	23	23	20	29	26	34	12	61	54	51	49	52	55	50	51	57	57	40	12	55	49	54	49	53	58	54	49	58	53	65	19	14	17
3:24:57	37.0	27	33	31	20	27	19	18	18	12	12	21	17	24	31	25	23	17	18	22	18	17	25	17	20	35	36	25	25	30	20	21	23	31	22	26	18	27	27	27	19	28	29	31	24	23	31	37	15	60	49	59	47	45	50	46	44	61	53	50	5	50	54	49	49	56	52	48	57	58	55	57	14	10	11
3:28:57	37.0	32	29	27	26	22	17	22	21	17	20	21	22	29	28	22	27	25	22	18	18	20	23	14	19	32	26	30	28	29	29	33	32	22	29	36	17	32	21	21	29	27	21	24	14	29	27	40	16	64	55	42	44	46	47	53	48	49	65	54	18	48	50	45	55	56	55	54	51	66	63	62	13	12	9
3:32:57	37.0	40	26	31	32	22	24	22	23	15	23	17	21	29	31	29	19	27	16	19	23	24	22	14	25	27	27	30	32	37	24	30	34	27	27	32	18	26	28	22	18	32	25	19	22	22	28	37	18	59	59	62	43	41	55	42	58	63	53	66	11	57	57	58	41	51	57	48	58	59	69	64	13	16	15
3:36:57	37.0	35	28	19	31	19	20	25	23	22	15	21	11	25	29	25	25	26	28	19	20	16	15	21	21	28	34	17	36	31	24	27	25	30	37	23	18	33	26	30	24	26	25	30	28	35	28	43	20	67	53	53	57	49	46	51	51	59	62	56	27	54	57	51	59	50	54	64	57	64	65	60	10	16	11
3:40:57	37.0	31	32	37	18	20	16	19	25	17	22	23	19	30	27	27	34	21	19	21	21	9	18	19	18	36	21	28	37	31	31	27	37	29	22	23	14	29	27	22	32	30	27	35	28	40	29	48	16	58	57	44	56	55	51	52	57	62	57	57	20	45	58	52	57	53	59	61	60	63	53	55	10	14	13
3:44:57	37.0	36	30	29	32	27	23	28	26	18	20	20	17	31	31	29	33	28	20	24	23	26	17	13	23	25	30	28	32	30	30	37	34	34	31	25	12	39	29	32	26	29	31	32	37	31	29	46	17	55	60	42	54	57	55	63	58	65	62	60	12	54	59	53	55	50	54	56	57	60	59	58	18	6	6
3:48:57	37.0	31	30	39	25	19	18	25	21	16	29	20	22	30	29	24	28	23	20	14	23	18	13	17	14	34	32	25	27	31	32	30	29	37	28	24	18	28	26	25	32	31	33	35	32	34	26	39	17	59	56	49	56	53	55	55	52	58	61	61	10	54	54	55	49	60	74	55	52	56	64	49	11	8	11
3:52:57	37.0	29	30	26	29	27	26	21	19	18	26	24	19	27	29	34	27	20	22	23	28	31	19	21	15	30	26	27	31	33	41	30	32	29	30	33	13	30	33	22	28	30	31	35	29	25	38	43	20	48	54	52	56	59	58	52	53	56	69	73	14	54	61	60	53	60	59	55	46	57	64	64	7	12	3
3:56:57	37.0	36	38	39	27	26	25	19	18	25	25	25	20	30	32	34	24	29	31	16	20	19	19	25	24	30	39	41	33	26	28	42	27	31	28	35	19	40	26	32	32	27	19	31	30	32	35	41	22	59	58	52	50	57	64	55	54	61	79	62	17	58	56	47	56	63	55	63	47	65	68	62	19	5	9
4:00:57	37.0	39	33	37	30	30	27	27	16	23	24	22	19	37	34	28	32	31	25	23	31	19	20	17	10	18	40	36	32	38	34	33	29	42	32	30	16	27	32	32	26	25	35	28	24	32	33	48	19	59	46	52	56	51	53	66	55	66	75	66	12	55	50	62	54	59	61	57	60	64	56	65	19	10	9
4:04:57	37.0	42	38	29	32	27	27	30	22	22	19	18	26	26	29	31	23	31	24	21	26	16	21	30	21	41	47	30	38	32	35	34	35	29	34	29	14	38	30	34	36	29	36	35	31	31	27	60	20	65	54	52	59	67	68	59	62	85	82	72	18	56	62	58	61	64	59	49	64	59	72	69	11	10	12
4:08:57	37.0	43	40	29	36	31	26	24	25	19	15	18	16	33	30	27	29	24	22	31	22	20	18	24	24	36	34	29	28	35	36	34	36	31	38	35	15	40	40	39	39	25	30	28	30	31	34	53	27	58	66	56	54	57	69	65	60	76	84	62	16	57	63	60	63	56	60	66	60	69	67	68	12	19	17
4:12:57	37.0	40	36	38	36	19	26	28	30	20	22	27	27	41	26	36	23	29	18	32	25	24	20	24	18	36	34	42	35	37	44	35	40	33	37	38	14	24	38	28	37	30	32	39	34	34	45	54	25	68	52	50	57	58	65	60	69	73	77	70	15	51	61	59	60	66	57	60	64	68	68	62	15	6	11
4:16:57	37.0	37	38	31	30	30	26	21	27	23	21	16	16	30	34	27	38	26	30	20	21	24	25	23	24	38	32	31	36	42	33	34	28	41	36	28	23	32	32	36	26	38	31	29	30	44	48	56	17	72	51	61	63	69	67	67	60	70	80	86	15	64	63	59	70	64	59	59	66	71	52	56	18	13	12
4:20:57	37.0	41	36	38	38	32	31	25	28	18	18	31	27	38	31	31	37	32	23	27	27	23	27	28	22	39	33	37	26	30	41	37	42	38	35	27	21	36	28	35	38	30	27	38	29	39	42	56	19	69	58	59	64	61	74	78	69	79	87	85	14	58	66	56	65	62	71	62	69	72	77	68	18	11	14
4:24:57	37.0	35	42	38	29	31	20	32	16	25	25	25	24	45	37	34	32	29	28	23	28	25	27	20	26	34	34	37	35	35	44	41	40	45	32	33	18	38	32	32	35	35	35	42	35	47	40	58	19	60	55	66	59	68	71	76	70	93	95	77	13	63	67	55	64	68	59	61	72	57	63	65	21	5	14
4:28:57	37.0	44	37	29	35	26	27	32	24	25	22	14	24	29	31	37	38	32	19	26	26	22	18	23	16	39	32	36	28	40	34	40	36	38	51	40	17	40	38	35	29	37	33	36	35	41	36	66	17	70	60	63	61	69	65	75	78	97	95	80	16	62	59	62	76	61	63	62	67	71	67	67	19	13	15
4:32:57	37.0	43	39	36	34	35	17	31	28	29	27	26	23	39	37	39	34	23	24	26	30	23	26	26	28	43	41	39	34	44	33	42	43	43	36	33	13	29	38	29	37	42	36	38	28	36	34	66	28	66	50	61	67	73	72	74	71	101	94	87	22	67	68	64	62	62	64	60	67	66	64	66	19	9	11
4:36:57	37.0	46	29	37	39	34	31	24	22	18	24	16	24	41	37	39	35	26	31	25	27	15	20	24	21	39	50	38	44	37	42	33	37	39	49	33	25	39	39	33	34	37	30	38	41	36	38	65	24	69	59	63	68	65	74	76	76	98	104	86	18	67	62	63	62	68	71	57	71	68	64	70	12	0	19
4:40:57	37.0	40	32	37	41	41	30	24	23	16	28	14	21	46	32	29	43	36	30	27	29	21	15	23	18	50	42	31	43	47	36	44	47	43	44	32	17	47	41	42	40	38	34	44	44	37	35	70	24	67	66	66	59	70	74	82	80	99	115	74	17	62	65	70	75	73	70	65	73	63	67	74	17	9	12
4:44:57	37.0	45	47	34	41	35	36	30	25	16	24	18	26	38	37	42	29	35	32	18	34	24	27	23	22	42	40	33	34	40	34	37	37	48	41	46	25	41	35	23	42	50	42	37	44	38	32	67	33	69	65	63	63	68	79	86	70	105	109	82	16	61	64	58	71	56	76	72	74	69	71	60	24	3	7
4:48:57	37.0	53	46	53	49	43	34	31	28	22	21	17	16	37	43	36	38	30	31	20	34	27	15	21	25	46	42	47	38	41	35	44	46	34	35	41	13	42	35	41	44	43	37	43	32	37	38	72	19	72	62	69	62	71	88	82	78	102	117	84	12	66	76	55	66	63	61	51	72	71	73	66	18	13	14
4:52:57	37.0	46	41	42	46	39	24	29	28	15	18	21	16	44	49	38	35	33	30	22	24	16	18	23	28	48	44	39	39	42	45	38	42	41	45	50	21	47	42	35	50	50	43	49	37	41	35	72	24	80	63	60	73	69	73	74	79	119	115	87	9	71	68	49	62	63	69	62	65	73	69	71	12	5	13
4:56:57	37.0	51	43	45	44	40	32	29	25	21	21	21	22	43	45	37	42	28	27	21	33	25	27	26	24	47	38	44	37	37	42	40	40	49	51	49	23	43	46	32	45	38	24	43	50	40	45	72	25	66	67	67	72	86	83	81	86	100	115	96	18	63	79	61	62	66	64	66	71	71	67	68	20	19	21
5:00:57	37.0	44	50	47	41	37	35	30	23	23	27	26	26	47	43	43	39	31	31	22	31	15	17	16	25	44	46	51	39	49	39	35	42	46	41	43	21	40	38	38	43	39	47	35	47	33	46	80	35	78	62	73	78	69	86	88	87	106	109	92	19	72	76	66	69	67	70	68	70	83	73	73	23	12	15
5:04:57	37.0	51	46	43	48	37	33	27	28	26	30	23	16	46	45	36	40	39	33	19	38	29	24	25	31	43	46	41	36	47	46	46	49	44	43	42	25	36	44	47	34	43	35	38	47	43	46	82	40	75	70	74	75	73	81	80	91	121	130	90	10	66	68	57	67	66	75	71	71	74	77	81	13	9	11
5:08:57	37.0	59	42	50	42	39	31	21	21	18	17	23	22	46	44	41	38	40	28	22	32	25	20	20	18	52	47	48	42	52	57	43	51	46	49	45	18	54	40	42	43	42	49	44	51	39	47	86	27	82	59	68	70	79	76	87	89	129	120	93	14	79	69	65	68	61	64	70	80	77	75	68	22	11	4
5:12:57	37.0	58	57	49	44	45	23	25	28	31	28	22	25	45	48	45	41	49	34	30	32	20	27	25	25	43	39	49	45	49	42	47	33	42	49	47	17	48	46	35	48	50	44	47	43	62	38	91	32	84	62	79	69	89	95	87	94	121	124	97	24	67	78	71	71	75	54	66	74	84	69	75	16	25	6
5:16:57	37.0	59	48	57	45	41	28	31	28	26	31	24	26	49	44	43	45	35	34	26	43	24	29	22	23	54	41	43	50	51	46	44	48	56	48	44	14	46	42	46	48	37	39	48	46	57	51	90	36	81	67	78	66	83	74	83	88	130	126	86	18	69	71	66	75	61	72	74	85	79	69	77	24	9	12
5:20:57	37.0	61	38	52	51	41	32	28	18	22	25	20	37	56	44	48	42	39	31	20	38	23	22	25	25	45	55	44	49	44	42	44	53	55	48	59	18	50	44	46	40	55	39	49	48	48	48	87	36	74	65	72	72	88	98	85	89	147	144	103	20	64	70	74	71	74	77	69	78	78	68	74	18	5	11
5:24:57	37.0	68	38	47	42	41	37	36	25	24	18	31	22	57	50	54	48	46	34	31	26	29	24	25	28	52	50	55	42	52	50	50	43	50	58	48	25	54	43	50	43	47	57	51	58	52	51	94	37	87	64	75	76	84	91	91	108	146	140	114	15	74	72	74	76	71	78	73	70	75	72	66	15	16	18
5:28:57	37.0	61	45	53	57	50	34	38	22	23	24	23	30	55	41	52	44	37	34	31	37	26	19	31	26	43	50	47	54	46	45	54	51	53	46	51	26	43	43	55	53	58	53	60	50	44	38	89	38	88	68	74	76	89	94	96	109	142	136	119	16	79	76	72	74	68	68	70	71	82	77	77	22	17	12
5:32:57	37.0	64	62	58	59	44	36	27	34	28	30	25	26	56	56	54	49	46	33	24	38	24	26	23	27	51	57	48	54	61	51	48	56	45	50	56	24	49	52	61	52	51	51	55	40	51	46	101	30	79	65	77	74	91	93	94	102	151	149	121	20	70	76	67	72	71	67	73	78	75	75	70	14	16	14
5:36:57	37.0	64	50	50	62	44	40	38	21	32	36	18	25	54	54	47	53	49	35	32	45	19	20	34	30	50	45	51	57	49	52	49	44	61	60	52	22	53	51	57	56	43	65	50	57	56	57	107	31	81	69	72	80	88	89	89	95	149	153	125	24	67	71	72	72	59	68	80	80	67	78	84	17	16	4
5:40:57	37.0	65	52	59	53	42	35	38	29	26	16	20	21	56	62	48	51	42	35	30	33	21	21	27	29	60	41	54	51	53	49	54	47	53	61	61	17	51	48	50	58	55	55	56	57	51	54	118	36	82	71	79	82	81	89	97	109	145	159	119	21	73	76	71	80	76	66	72	82	82	81	73	19	8	7
5:44:57	37.0	68	57	61	52	39	26	30	24	32	31	20	26	65	67	56	53	43	41	28	47	31	27	29	18	62	56	55	50	53	55	56	62	57	63	60	24	53	59	55	59	59	59	59	51	57	55	111	38	80	81	77	77	94	95	85	104	151	166	116	21	75	76	75	79	72	81	70	80	75	79	80	25	14	15
5:48:57	37.0	57	73	63	55	38	30	29	36	31	19	23	27	57	53	59	48	46	35	30	44	31	23	21	19	55	46	59	62	58	58	61	60	59	57	52	17	58	55	56	50	55	58	55	57	53	49	114	37	79	64	78	85	96	96	90	109	156	164	118	20	70	74	78	77	75	74	75	71	77	72	78	23	6	7
5:52:57	37.0	68	56	66	62	52	39	27	33	29	27	26	25	63	57	57	46	48	29	28	49	26	30	24	25	55	50	54	68	68	62	48	65	60	48	62	21	55	59	52	55	58	57	60	60	72	50	112	47	93	75	76	82	100	100	101	117	156	172	110	17	83	89	80	78	73	81	73	72	82	74	80	25	4	9
5:56:57	37.0	72	62	66	69	49	39	31	33	21	27	26	26	68	58	53	52	34	43	31	37	26	21	25	24	60	51	61	51	64	54	48	62	62	73	67	24	60	50	59	62	54	62	55	61	66	51	131	43	90	75	76	78	96	97	106	115	184	172	122	19	70	75	71	78	80	76	80	79	77	84	74	29	11	10
6:00:57	37.0	78	71	64	69	48	45	35	25	21	26	23	31	64	62	65	56	50	36	41	40	27	28	24	26	61	57	61	59	55	59	75	61	59	61	62	24	55	55	56	63	64	68	60	62	60	57	137	41	86	84	85	93	90	101	104	110	167	165	131	21	76	69	74	76	86	73	84	87	83	78	80	26	14	13
6:04:57	37.0	69	70	70	59	55	38	44	26	28	31	16	28	72	68	66	60	54	33	33	47	23	26	27	28	51	59	63	66	71	66	63	65	67	63	59	24	64	57	63	56	60	68	63	60	70	63	132	46	99	84	82	84	97	95	104	106	182	178	131	23	82	75	86	72	84	74	79	88	85	81	77	19	6	9
6:08:57	37.0	90	77	66	64	53	37	31	34	33	21	21	21	72	65	62	62	51	39	38	42	27	37	26	26	73	64	64	59	63	59	71	68	69	63	71	16	63	61	60	65	57	69	61	66	55	49	142	36	104	73	81	89	106	105	101	110	179	181	129	11	83	77	84	68	86	74	91	80	83	81	80	24	15	12
6:12:57	37.0	81	63	75	63	60	44	33	31	32	29	15	31	69	74	69	58	42	43	33	54	41	25	24	30	67	51	75	73	63	52	62	72	74	68	70	22	60	60	62	58	61	62	74	62	65	62	146	46	97	81	82	93	90	106	100	108	189	189	131	21	90	82	82	63	80	78	91	84	78	83	77	21	8	9
6:16:57	37.0	73	59	79	70	51	32	33	42	32	28	24	22	79	70	75	69	53	35	45	42	20	28	27	27	67	65	64	59	66	69	73	71	67	78	65	35	56	70	60	67	68	62	68	69	66	65	164	42	96	76	96	86	101	100	102	110	186	193	122	20	81	90	85	81	85	85	85	82	78	80	81	25	14	11
6:20:57	37.0	82	78	81	63	52	37	38	32	28	30	25	25	81	67	68	64	49	38	34	54	28	29	32	30	75	61	68	58	63	73	66	75	70	66	70	16	58	64	66	74	63	68	62	67	64	63	164	49	86	81	71	94	108	108	112	130	194	190	138	21	91	73	86	78	81	82	79	89	86	88	86	28	21	20
6:24:57	37.0	87	81	83	65	55	48	29	26	32	30	20	29	80	73	83	66	44	45	38	50	23	28	31	30	70	65	65	64	66	69	68	70	75	72	76	17	79	76	60	77	71	73	57	61	69	76	156	47	102	86	86	91	110	99	103	118	200	207	129	21	77	82	85	81	77	97	92	85	83	88	91	30	7	16
6:28:57	37.0	84	82	79	80	49	43	40	32	29	29	22	35	90	84	81	65	54	46	38	48	29	29	21	33	72	65	64	74	76	69	78	78	78	71	72	29	76	66	72	68	75	80	72	64	70	68	171	46	100	89	89	87	105	110	107	124	203	205	136	24	81	77	85	78	86	78	78	75	82	77	80	21	16	9
6:32:57	37.0	91	89	94	77	59	37	40	28	24	30	18	33	80	73	77	72	56	41	28	53	26	34	27	29	71	70	67	72	81	76	70	77	83	74	75	28	63	73	67	65	75	74	72	71	74	70	178	49	93	90	90	93	113	110	106	120	197	213	138	31	85	89	75	80	82	81	80	91	84	94	91	23	8	4
6:36:57	37.0	85	82	74	75	57	47	38	39	29	29	27	33	86	88	83	64	54	48	34	48	28	31	17	36	83	67	78	67	80	76	77	78	89	84	78	22	79	73	76	77	70	73	84	73	69	76	189	54	99	94	86	102	110	100	114	138	215	207	140	25	84	91	91	75	86	77	77	88	87	86	81	22	12	14
6:40:57	37.0	86	88	81	86	58	50	42	26	35	35	31	30	85	86	80	74	65	49	38	46	31	25	31	31	74	84	78	68	72	78	72	80	76	74	71	30	70	74	73	74	68	74	68	81	76	78	192	50	107	91	103	87	100	117	110	131	218	211	135	23	87	85	88	74	84	92	87	93	85	85	96	23	16	19
6:44:57	37.0	97	85	79	81	60	42	47	31	36	32	22	23	97	87	82	73	58	39	33	54	28	37	28	29	82	82	69	69	81	75	73	75	85	81	79	27	76	80	74	79	65	84	76	77	73	79	209	58	98	91	100	97	93	116	125	133	219	228	147	29	91	80	86	89	90	88	86	97	92	80	85	27	8	10
6:48:57	37.0	98	86	91	85	57	39	38	27	31	33	24	32	106	88	86	75	51	42	42	61	27	31	30	25	86	76	77	78	91	77	77	83	90	68	81	23	85	81	69	72	78	82	83	67	81	84	216	60	102	90	90	94	101	110	124	136	224	215	142	24	90	84	90	79	84	84	89	89	89	93	83	23	13	20
6:52:57	37.0	106	92	94	80	65	46	42	39	35	24	29	32	103	92	99	85	57	58	30	57	29	34	25	26	81	80	91	69	75	83	86	91	81	92	83	27	83	86	77	83	77	90	77	83	75	83	220	61	107	90	92	103	108	125	125	129	237	236	161	24	79	93	85	91	91	90	91	96	87	95	85	32	16	17
6:56:57	37.1	104	79	85	76	60	49	43	36	33	35	23	28	91	87	92	70	57	40	35	66	30	34	32	32	85	86	81	65	77	80	78	90	91	90	85	30	80	72	79	80	83	91	86	78	81	81	245	58	108	90	87	89	113	122	120	133	237	238	136	22	92	89	78	81	88	90	88	93	89	91	91	30	9	12
7:00:57	37.0	108	96	96	90	65	51	42	34	36	30	28	24	112	80	92	78	61	56	36	59	32	29	33	25	86	79	88	87	82	83	85	84	89	104	87	27	83	87	82	76	85	84	81	93	75	83	245	66	106	103	84	97	112	117	121	135	238	240	145	25	83	94	88	89	92	79	100	91	89	96	92	27	12	9
7:04:57	37.0	102	93	98	77	64	47	40	28	37	31	34	38	105	105	90	76	63	46	39	64	30	34	31	36	86	87	87	83	94	86	81	95	97	89	88	38	87	90	79	85	84	96	77	88	87	81	264	71	110	86	90	96	109	120	111	135	231	245	153	19	80	84	95	85	89	86	95	88	101	86	92	21	9	4
7:08:57	37.0	108	104	95	94	66	47	46	35	28	34	34	37	96	96	92	83	67	58	37	63	29	39	30	29	94	94	93	86	90	97	96	103	96	88	88	26	88	83	86	82	76	92	92	86	94	94	263	63	106	88	91	100	112	117	121	147	246	242	154	28	86	103	88	88	95	85	100	102	94	89	88	33	9	5
7:12:57	37.0	88	105	99	98	60	38	41	33	27	33	36	28	114	101	104	75	64	56	46	59	36	29	34	27	94	97	97	76	92	97	97	102	99	88	86	21	99	97	81	85	86	87	91	88	84	87	276	63	103	93	90	104	108	121	129	142	247	254	153	25	89	98	84	80	98	84	92	94	91	89	93	26	7	5
7:16:57	37.0	106	98	109	89	61	62	42	43	35	37	33	28	113	107	106	75	69	40	38	60	31	40	22	41	105	93	89	95	90	92	94	96	102	89	88	24	98	97	92	86	95	98	91	91	95	89	277	65	111	100	106	96	105	122	128	137	253	262	162	26	90	86	82	92	89	93	88	101	95	105	80	31	8	11
7:20:57	37.0	111	100	103	94	63	46	47	26	33	34	33	28	114	108	94	78	62	60	43	69	34	36	38	39	96	89	100	91	101	98	95	98	104	102	97	28	94	96	89	88	97	108	95	95	84	84	295	65	113	91	90	103	115	127	122	145	259	265	159	24	90	86	89	91	99	89	95	88	95	94	95	27	13	4
7:24:57	37.0	110	114	102	96	66	53	47	29	34	43	34	41	119	112	112	86	67	55	43	69	41	27	27	40	93	90	95	88	93	96	94	99	96	105	104	31	94	96	87	88	97	94	93	102	100	93	314	64	113	92	98	105	119	126	128	141	279	268	170	29	91	88	91	84	93	88	92	108	96	89	100	21	8	14
7:28:57	37.0	118	112	106	88	69	53	47	37	41	37	29	29	113	113	94	88	67	53	41	62	36	30	26	36	91	88	97	96	95	94	116	105	102	108	113	22	103	90	87	92	98	102	93	110	100	99	316	80	109	102	93	105	117	123	125	155	253	277	160	31	95	90	96	85	89	89	96	92	97	95	92	30	11	8
7:32:57	37.0	122	117	111	90	60	52	40	34	47	34	30	41	116	110	112	86	61	47	43	67	30	36	30	36	109	98	97	96	100	94	95	118	109	108	112	33	107	96	100	99	111	107	102	104	88	98	322	76	117	99	106	109	114	119	136	145	273	275	156	31	89	97	85	92	92	93	100	101	97	91	97	27	10	9
7:36:57	37.0	123	110	112	93	65	41	51	39	30	37	27	29	123	116	113	77	81	51	44	74	32	36	34	42	105	109	100	106	102	97	96	110	106	112	114	29	108	104	101	95	105	102	101	101	105	99	338	73	110	104	101	106	126	120	125	142	273	286	173	27	91	95	87	104	98	98	90	107	98	102	93	31	16	2
7:40:57	37.0	117	113	107	106	64	48	42	35	38	36	32	46	123	121	120	87	68	54	48	64	32	35	34	37	110	100	111	107	97	111	109	114	107	112	112	28	107	104	110	99	100	112	104	104	101	114	355	67	127	103	91	110	127	122	131	148	294	293	164	32	90	91	90	91	95	89	104	99	95	109	93	27	11	11
7:44:57	37.0	124	110	108	107	72	52	52	36	35	39	31	32	127	132	128	95	65	57	42	68	32	40	36	47	113	111	110	106	100	119	108	117	121	112	120	32	113	112	103	101	100	120	121	109	101	99	368	72	118	105	102	109	116	121	136	129	294	294	166	24	102	95	88	89	103	100	96	88	101	96	101	40	13	13
7:48:57	37.0	129	119	115	95	65	50	44	35	35	41	31	35	145	117	122	90	75	61	42	72	30	31	32	51	110	112	111	107	105	109	109	118	121	120	114	30	117	105	111	102	107	116	106	108	105	110	391	79	131	101	105	104	131	127	150	148	278	294	178	28	92	95	92	99	89	89	105	101	93	96	91	39	0	18
7:52:57	37.0	128	119	108	104	64	60	44	39	42	31	33	34	139	119	113	95	74	62	49	83	37	38	33	38	105	110	108	103	106	115	111	123	120	134	122	33	107	112	107	107	110	116	117	105	106	101	396	82	120	105	95	100	122	124	132	147	309	298	178	23	99	97	90	103	97	91	98	96	94	92	102	34	3	3
7:56:57	37.0	131	125	111	104	65	53	45	41	33	32	36	35	140	137	134	95	74	59	49	72	41	33	32	38	118	120	110	110	104	124	122	124	129	120	126	43	108	103	118	111	122	120	107	110	118	113	407	81	120	111	109	111	115	130	133	163	314	302	169	35	101	103	98	93	98	98	105	102	87	102	97	34	0	8
8:00:57	37.1	120	117	113	101	65	51	47	48	41	35	27	37	138	131	120	100	68	60	51	75	42	35	34	42	117	118	116	115	105	119	117	136	119	128	127	43	123	124	121	109	114	119	112	121	108	124	441	84	124	98	103	105	122	134	130	158	316	308	174	34	111	97	90	89	100	96	99	94	97	101	101	34	13	10
8:04:57	37.0	134	116	121	107	73	57	44	41	41	44	44	38	148	132	120	91	66	53	56	71	43	41	36	32	122	115	119	117	122	123	131	133	133	127	135	35	116	122	118	118	116	120	120	114	109	113	451	77	120	107	104	114	123	123	139	151	313	320	180	26	101	91	101	94	90	105	107	98	101	93	98	43	9	12
8:08:57	37.1	140	134	115	105	76	55	51	42	43	35	40	35	138	130	127	102	69	57	52	89	37	41	27	36	117	134	123	118	127	123	122	132	134	137	125	32	118	119	117	124	113	132	132	132	109	111	469	84	129	113	103	113	119	131	140	144	308	317	182	37	89	85	97	111	103	101	99	99	101	88	99	35	13	4
8:12:57	37.1	137	122	116	117	71	62	55	33	40	34	39	32	155	136	115	101	79	63	46	80	40	36	43	38	130	121	114	114	122	118	129	138	133	139	140	43	118	128	119	115	125	134	128	126	117	132	473	88	118	110	108	114	124	127	143	160	321	325	189	28	102	108	100	109	106	100	110	106	95	99	108	39	2	14
8:16:57	37.0	140	135	129	101	77	45	56	38	50	40	33	34	148	137	116	86	81	58	53	92	39	46	39	41	128	117	135	118	134	128	127	147	129	134	131	33	128	128	123	122	128	135	130	136	126	113	484	92	119	115	98	108	121	137	131	152	325	342	177	42	100	98	99	102	109	103	113	104	90	96	95	40	12	17
8:20:57	37.0	146	134	136	114	68	61	36	36	33	35	32	41	153	133	125	101	68	63	50	81	37	39	41	42	127	131	125	130	133	129	126	152	143	133	133	36	151	125	120	123	123	129	145	135	119	128	513	88	135	115	107	117	136	136	149	159	324	331	192	31	104	102	98	107	116	96	112	107	96	108	108	37	0	10
8:24:57	37.0	134	131	122	113	75	48	42	46	43	35	38	32	157	134	126	102	88	57	45	83	40	43	39	40	130	130	125	124	127	137	134	148	144	144	143	38	133	140	127	130	120	138	131	134	129	142	511	97	125	115	110	113	134	132	146	159	343	331	183	37	107	109	101	102	106	104	112	110	114	112	102	32	6	16
8:28:57	37.0	141	139	129	108	77	56	52	39	41	40	43	38	152	150	136	91	76	76	48	84	40	47	37	45	135	139	126	128	127	131	146	164	151	135	158	32	141	134	138	137	130	132	125	136	129	135	525	95	128	117	117	115	123	133	148	164	342	356	185	50	101	115	95	106	113	90	106	106	99	108	107	30	8	16
8:32:57	37.0	139	140	124	114	84	58	53	45	29	34	45	35	159	152	129	95	77	63	47	87	32	40	51	44	140	139	139	127	128	136	126	152	138	130	141	27	134	145	143	137	126	131	132	134	129	135	555	92	124	117	112	121	116	144	146	155	338	359	199	24	100	116	101	104	103	108	109	102	106	106	106	30	8	5
8:36:57	37.0	149	121	122	120	84	58	50	37	31	49	38	32	155	148	140	96	81	64	49	85	43	42	38	52	134	144	144	122	127	146	145	159	153	151	154	43	138	147	140	133	128	155	129	146	134	139	564	95	135	109	115	113	120	135	149	169	352	361	197	29	101	114	102	101	103	113	109	113	108	112	92	37	8	8
8:40:57	37.0	141	151	124	112	75	60	50	46	41	34	38	44	162	161	138	101	73	69	55	88	41	43	41	35	142	141	142	136	137	135	143	161	153	145	149	39	144	146	139	127	136	144	140	140	132	139	583	96	136	126	113	108	123	144	146	164	368	367	193	36	112	103	104	102	108	110	111	93	97	109	109	37	6	12
8:44:57	37.0	143	139	132	110	80	56	52	40	36	38	42	40	169	152	143	103	76	59	52	93	41	41	40	43	153	147	137	144	138	141	149	162	156	154	158	39	147	159	149	142	137	149	137	143	146	143	587	104	137	123	116	106	130	136	149	174	369	366	191	36	112	113	100	100	109	102	107	109	104	109	105	38	6	6
8:48:57	37.0	145	138	132	114	77	62	52	46	39	41	37	40	164	153	143	105	86	71	50	97	40	33	43	39	143	138	146	142	131	142	152	156	165	161	146	35	153	158	141	148	148	152	152	150	132	144	598	108	138	120	116	115	132	133	151	178	364	369	203	39	109	114	101	104	103	103	98	119	111	109	106	37	4	15
8:52:57	37.0	143	144	135	126	79	62	57	39	44	45	34	34	168	148	142	112	82	66	56	96	41	40	45	48	139	156	141	137	139	147	150	164	162	154	165	43	148	153	143	149	137	162	155	140	139	139	610	109	143	112	116	113	122	135	148	169	361	370	199	43	106	108	109	113	111	99	114	107	108	120	106	36	11	6
8:56:57	37.0	154	148	134	112	74	63	54	50	42	46	29	29	166	147	148	106	78	60	48	109	47	48	44	53	149	158	147	145	136	139	165	174	171	153	166	33	151	156	163	150	137	144	142	151	137	147	633	97	142	116	114	119	122	146	160	172	380	386	201	43	111	108	105	101	112	108	103	122	113	106	111	39	1	11
9:00:57	37.1	153	153	137	119	81	65	55	38	41	44	38	38	173	161	145	109	79	72	68	97	43	35	44	42	161	153	157	143	149	158	158	170	176	172	161	38	159	161	164	150	146	164	151	149	143	154	649	108	142	119	113	112	134	132	150	171	378	391	210	30	116	117	97	102	108	106	105	107	116	108	112	37	11	17
9:04:57	37.1	157	149	131	125	82	59	57	49	43	46	36	37	178	159	146	113	87	68	59	101	52	48	35	49	157	152	151	141	147	154	161	177	165	173	162	39	149	159	162	149	149	159	139	151	144	154	645	110	142	120	121	115	132	152	145	180	388	380	205	33	116	108	109	119	117	113	105	103	111	107	102	35	7	9
9:08:57	37.0	159	150	138	122	81	66	50	49	49	42	37	41	170	168	139	117	97	63	50	103	48	50	42	48	163	166	156	145	143	146	160	187	179	168	177	40	150	160	160	153	147	167	158	157	152	147	664	109	145	115	115	118	132	132	147	183	378	407	210	30	115	110	113	114	114	120	119	126	124	111	108	44	6	6
9:12:57	37.1	150	149	142	119	69	62	54	54	43	39	45	42	176	163	155	105	87	67	51	104	47	39	51	43	152	160	144	156	141	161	156	193	168	166	164	49	161	159	159	155	159	169	161	150	151	158	663	111	143	113	123	121	129	143	147	181	381	400	220	41	120	115	100	114	116	103	100	109	105	111	106	44	14	7
9:16:57	37.0	150	141	142	129	81	54	50	52	38	37	38	53	190	177	154	111	89	63	52	112	47	53	37	51	151	162	157	152	148	162	164	182	178	179	175	43	161	162	157	151	157	165	158	166	156	163	683	115	140	125	117	116	135	144	169	178	386	402	214	35	110	113	109	119	115	116	118	122	109	108	107	45	3	2
9:20:57	37.1	147	161	137	133	85	71	57	42	33	44	42	49	188	169	148	115	87	71	47	105	43	48	38	54	155	163	158	162	156	153	151	180	168	159	181	40	163	164	169	152	169	168	160	166	157	162	690	120	142	125	131	121	134	149	160	174	394	414	215	39	116	110	106	109	112	124	110	129	114	112	113	40	5	8
9:24:57	37.1	161	154	132	126	86	67	53	45	47	39	44	44	190	181	155	115	90	65	54	100	47	49	44	47	159	170	182	166	154	162	165	182	181	170	175	50	148	178	166	165	172	170	161	170	140	157	711	123	146	134	123	119	135	154	153	185	405	408	228	29	117	116	111	117	104	112	114	120	118	118	112	43	11	10
9:28:57	37.0	155	164	142	115	84	66	57	52	38	36	41	42	175	175	149	120	90	72	55	106	39	53	38	51	165	166	168	145	154	168	169	184	178	182	176	45	168	167	167	155	161	171	164	157	160	156	718	115	142	122	111	121	128	145	148	186	401	416	221	39	117	113	109	108	122	115	114	123	109	107	113	46	4	10
9:32:57	37.0	159	160	150	120	89	65	55	46	43	45	42	41	182	175	155	110	87	76	58	112	45	37	40	48	158	172	171	166	161	175	174	204	187	175	195	41	174	179	186	160	153	171	173	175	149	168	741	128	144	113	115	120	136	143	160	182	412	421	228	43	123	108	110	112	121	112	111	115	117	113	118	36	3	3
9:36:57	37.0	167	153	140	124	84	71	51	57	42	49	37	44	174	176	166	115	86	76	64	108	50	51	35	63	162	175	161	165	161	170	171	201	178	180	198	37	173	180	184	164	171	179	167	171	158	170	748	130	152	123	115	118	126	150	159	189	422	439	232	35	109	107	103	111	110	110	116	125	112	118	115	42	2	7
9:40:57	37.0	172	161	139	129	83	61	47	48	45	44	49	43	184	178	168	115	90	68	57	114	39	41	47	53	170	180	170	164	171	183	169	194	190	177	187	45	181	179	169	177	157	184	177	168	158	159	739	126	150	133	124	121	138	156	163	198	423	436	220	38	113	123	117	116	106	120	114	114	115	124	119	40	7	4
9:44:57	37.0	154	160	141	121	84	67	52	57	53	40	40	41	198	181	163	121	100	65	65	118	46	53	49	56	163	190	172	153	170	177	177	193	204	182	195	38	175	181	179	168	168	176	177	173	163	166	770	147	142	124	121	127	140	160	160	195	439	432	229	43	128	118	115	113	111	119	120	127	113	121	111	44	15	7
9:48:57	37.0	180	155	153	125	96	78	60	59	54	38	32	42	185	184	150	121	96	83	55	122	45	48	42	53	171	178	173	166	160	174	174	209	196	179	193	46	180	180	182	170	164	190	165	175	170	169	787	136	154	123	117	127	141	167	160	197	434	430	231	46	114	116	120	113	105	117	119	111	113	118	126	44	10	13
9:52:57	37.0	178	167	152	127	84	69	58	52	47	43	42	50	199	181	164	122	97	64	58	116	47	52	42	52	177	175	160	165	173	175	184	219	193	202	199	50	181	190	182	178	177	188	174	185	162	174	795	127	152	131	127	122	143	147	161	185	449	451	236	39	118	124	111	121	117	107	118	116	115	124	114	39	4	4
9:56:57	37.1	177	172	150	124	80	69	58	46	37	35	31	46	190	193	173	117	91	67	67	114	39	47	42	53	175	181	173	174	175	181	193	220	207	187	209	46	176	190	176	170	164	177	182	192	178	179	819	143	156	129	122	134	138	150	170	199	445	468	245	26	123	125	115	123	115	120	119	119	118	123	117	46	15	16
10:00:57	37.1	153	166	153	133	101	76	53	54	50	47	45	47	186	185	163	127	93	76	59	124	46	43	49	55	179	190	187	170	174	187	193	214	210	199	214	53	188	183	192	174	169	185	175	200	181	189	835	147	147	137	118	126	135	153	164	199	454	478	244	45	119	125	110	118	127	126	117	130	116	112	112	44	7	20
10:04:57	37.1	177	167	156	125	90	72	53	51	42	45	46	51	193	180	162	121	101	78	64	121	44	48	47	53	182	187	176	183	177	173	188	219	210	198	193	45	179	198	193	174	184	193	174	181	172	170	853	146	157	131	123	124	145	152	164	197	470	475	232	36	113	121	109	123	122	119	124	114	121	122	119	52	10	3
10:08:57	37.1	179	169	144	122	96	69	64	38	49	40	43	45	211	188	169	120	93	73	57	134	50	57	47	57	185	186	178	177	176	186	188	222	211	192	210	50	194	192	196	195	169	186	176	187	179	190	868	156	158	129	124	125	138	152	167	198	439	458	229	40	126	126	118	116	114	125	123	131	129	122	122	50	11	10
10:12:57	37.0	178	171	145	130	98	76	50	59	52	49	47	44	202	186	164	117	93	78	63	137	45	53	50	54	191	169	185	170	179	182	187	229	208	208	221	47	183	199	187	182	186	199	185	186	173	174	885	148	151	126	134	125	132	158	163	210	468	480	246	50	125	133	119	121	128	121	115	125	118	118	120	55	10	5
10:16:57	37.1	183	171	150	137	93	75	63	53	47	47	45	51	205	182	173	132	86	83	60	133	41	48	47	66	183	198	194	159	190	185	193	242	211	195	220	46	188	206	184	184	186	192	182	185	168	176	909	159	154	122	127	126	148	157	163	195	466	478	243	36	131	126	111	124	123	119	119	134	124	129	124	43	5	4
10:20:57	37.0	182	178	161	128	94	67	62	46	52	41	47	52	201	195	167	139	103	86	62	134	59	46	51	52	180	204	189	182	185	197	198	254	222	199	211	47	193	202	194	189	186	197	179	199	179	186	921	162	150	127	116	129	137	147	171	216	484	490	249	38	122	121	115	125	129	121	122	126	128	128	121	40	13	10
10:24:57	37.0	178	182	160	125	99	70	68	53	53	45	36	49	209	192	180	132	104	89	70	143	44	50	42	62	192	189	196	179	192	197	200	223	213	209	218	42	196	198	206	194	180	200	185	187	179	189	967	160	150	131	109	119	148	151	177	217	450	508	247	56	135	124	120	119	122	123	130	134	125	116	139	49	6	1
10:28:57	37.1	183	176	149	140	93	68	56	57	37	44	43	47	202	197	168	114	108	80	60	130	49	58	45	57	199	205	193	177	175	199	196	227	218	214	237	41	188	197	196	196	190	206	192	185	187	185	965	168	154	127	124	119	137	156	169	211	478	488	247	44	121	128	116	129	119	120	123	131	123	120	120	47	8	9
10:32:57	37.0	180	179	156	139	99	81	57	60	46	55	47	57	212	194	179	136	98	85	63	141	52	48	50	58	187	195	206	187	187	189	200	232	208	204	223	46	203	200	196	196	197	201	198	194	183	189	994	163	159	138	122	127	145	160	180	207	492	492	238	42	122	131	124	134	123	120	135	129	113	123	126	46	14	4
10:36:57	37.0	182	174	165	130	96	80	66	53	49	46	41	54	204	188	179	127	110	79	67	146	42	56	49	66	191	199	198	178	194	189	202	234	232	213	233	49	203	206	205	200	199	207	190	203	187	202	1004	168	158	131	126	144	140	146	181	212	484	500	240	37	128	128	120	132	129	118	121	136	127	121	136	47	19	4
10:40:57	37.0	177	182	154	139	98	76	64	56	49	39	44	51	210	200	175	127	106	72	68	140	50	58	46	55	183	207	193	184	190	201	214	241	215	209	229	47	212	217	201	199	198	212	184	200	187	183	1036	177	170	134	117	129	141	161	164	212	501	498	245	45	138	128	122	129	126	137	132	143	124	125	137	52	10	14
10:44:57	37.0	186	181	165	134	97	66	62	55	54	52	45	40	203	197	167	137	105	81	65	142	48	41	49	57	195	211	198	192	180	206	211	255	227	204	227	57	208	223	207	207	194	212	198	195	183	209	1024	170	152	126	128	124	149	161	180	214	495	508	244	52	133	134	122	128	115	126	131	140	123	120	129	50	9	6
10:48:57	37.0	193	181	166	129	97	72	64	60	52	50	44	47	211	203	179	129	97	72	64	154	52	60	51	57	206	211	206	190	198	217	200	253	240	224	243	47	201	214	207	191	200	211	201	209	191	196	1045	178	162	129	125	141	132	157	178	222	492	528	252	50	125	125	122	127	126	132	142	136	124	135	127	47	4	1
10:52:57	37.0	194	187	179	142	90	76	69	54	50	46	51	47	209	203	174	120	106	75	73	153	56	52	48	66	204	223	211	195	196	200	219	247	231	213	247	47	190	209	215	199	207	218	198	208	197	199	1089	174	145	136	135	134	138	161	168	216	497	512	262	39	148	129	113	127	121	122	134	134	130	133	123	42	0	5
10:56:57	37.0	187	170	170	142	105	67	61	58	53	50	57	51	217	188	180	145	104	76	61	146	45	55	59	66	207	215	202	198	196	207	212	256	223	233	249	48	205	225	206	206	202	221	202	216	200	197	1088	185	156	130	113	132	149	162	165	211	513	530	263	52	151	122	122	120	138	128	125	132	127	135	125	45	4	7
11:00:57	37.1	180	189	172	144	100	72	60	52	53	45	54	50	216	211	187	127	105	74	58	165	49	54	52	57	206	220	200	199	190	199	226	246	241	226	247	62	212	216	214	211	208	234	192	229	192	186	1123	184	160	132	137	130	148	164	181	209	512	522	247	51	139	135	116	140	134	125	123	135	132	127	135	51	7	14
11:04:57	37.0	167	188	172	150	107	75	61	52	53	51	49	53	216	199	179	136	109	88	65	170	49	60	56	61	215	211	205	202	203	215	224	253	240	238	247	60	222	228	219	209	209	235	211	220	195	203	1152	194	156	139	131	131	149	157	182	219	505	547	250	47	135	137	131	129	125	124	136	143	132	133	130	44	7	15
11:08:57	37.1	199	191	165	138	98	84	63	58	60	43	46	50	225	212	187	133	124	79	75	163	53	59	54	64	207	227	215	193	212	220	224	254	233	230	252	50	211	218	223	209	214	240	207	212	202	211	1160	186	156	138	132	132	143	159	181	218	517	531	247	42	136	131	123	136	133	123	137	123	129	128	138	53	8	11
11:12:57	37.0	190	195	173	150	103	80	65	59	53	57	51	54	224	209	191	135	100	99	67	156	52	52	44	71	218	225	221	211	220	208	219	260	238	240	248	55	219	236	212	220	211	232	206	216	202	197	1174	200	161	130	131	136	145	169	179	226	516	553	255	33	125	132	129	132	132	122	136	147	128	133	138	46	13	14
11:16:57	37.1	194	210	165	141	107	69	67	56	50	51	49	56	236	200	195	133	110	75	71	162	54	57	53	55	211	218	218	207	210	224	221	262	230	233	256	55	228	225	209	217	216	248	223	224	205	206	1171	200	162	137	124	130	147	162	167	209	520	527	240	44	140	129	132	128	134	132	144	141	127	126	142	57	5	12
11:20:57	37.1	206	206	168	151	110	83	66	62	55	49	56	42	226	212	182	140	110	77	76	177	53	60	48	59	228	218	213	205	208	226	220	263	249	233	266	54	223	245	223	218	207	232	215	235	200	215	1206	204	158	132	135	134	147	166	183	219	527	562	261	55	145	137	135	139	132	130	142	135	135	120	132	51	12	6
11:24:57	37.0	192	195	171	159	102	78	60	59	46	51	51	45	217	214	187	139	113	81	74	164	56	55	52	70	210	218	224	206	209	214	233	268	235	239	269	55	216	231	222	225	221	228	220	224	206	220	1200	198	154	116	127	135	152	162	166	234	523	547	259	52	131	137	133	131	126	117	138	141	142	143	128	55	7	21
11:28:57	37.1	192	203	156	146	101	81	70	56	52	54	46	41	220	207	183	139	119	83	65	182	46	61	46	61	227	231	214	205	202	230	247	267	240	234	271	60	230	243	236	226	228	246	212	228	206	232	1249	205	160	134	122	139	145	164	181	224	548	557	256	48	142	144	128	142	149	122	138	145	143	136	137	52	16	8
11:32:57	37.0	203	192	164	158	106	77	64	57	58	48	47	47	227	220	202	140	116	73	67	180	57	66	60	63	216	226	228	213	200	222	224	272	245	243	262	56	233	248	225	221	231	242	224	238	219	215	1247	215	161	133	133	136	147	160	189	223	562	575	262	57	149	144	136	141	123	135	129	150	134	138	137	56	17	9
11:36:57	37.0	201	202	179	153	100	76	65	68	60	51	47	55	238	211	183	129	109	95	64	171	45	53	52	67	231	228	224	213	222	236	238	288	245	247	287	42	228	245	234	236	228	254	222	238	209	225	1259	212	161	137	124	130	139	169	182	226	556	579	245	57	148	141	131	133	147	137	134	151	136	142	135	48	12	5
11:40:57	37.0	207	211	184	165	115	75	66	63	61	60	63	46	244	222	204	142	118	84	65	187	53	52	46	61	211	234	224	207	230	236	243	284	261	249	291	60	234	261	231	241	247	250	224	233	217	224	1284	220	160	126	123	122	141	166	185	229	564	581	258	51	155	150	134	139	145	135	146	143	130	143	137	48	8	6
11:44:57	37.0	200	218	189	157	117	86	76	64	52	57	43	50	233	219	191	138	111	79	72	182	58	55	55	71	221	239	227	222	226	242	233	278	262	259	291	64	244	259	237	234	246	261	225	239	221	224	1292	219	164	144	131	136	156	174	189	230	553	577	260	49	145	141	136	151	138	136	141	147	140	129	140	46	5	10
11:48:57	37.0	202	206	178	160	99	82	69	63	55	45	45	49	240	218	197	135	116	90	83	191	56	62	58	61	229	245	232	214	220	239	250	273	262	260	289	59	239	259	244	238	252	248	234	247	216	250	1316	234	157	138	136	131	152	159	192	229	566	584	267	44	155	142	145	139	132	144	163	140	134	139	144	60	3	9
11:52:57	37.0	209	200	183	150	104	93	62	55	53	44	48	52	246	217	196	142	121	95	79	183	52	69	53	71	235	240	232	223	235	238	255	285	262	258	303	67	254	253	241	252	246	268	241	266	225	231	1326	234	162	133	127	149	147	161	176	231	565	598	268	53	147	128	136	139	153	141	143	142	127	144	138	48	3	8
11:56:57	37.0	201	211	179	163	102	87	74	61	60	46	55	52	237	234	195	145	114	95	70	199	57	52	61	71	240	242	242	230	232	255	254	305	276	264	302	59	258	264	239	241	249	268	241	254	243	243	1326	243	163	143	139	137	152	157	189	216	576	602	265	50	149	150	141	146	135	142	155	152	155	153	134	55	6	14
12:00:57	37.0	209	205	186	168	111	91	77	67	56	57	60	54	258	222	215	141	122	84	76	183	66	63	52	59	241	258	235	223	242	245	270	297	286	263	304	55	265	267	258	250	250	272	249	256	225	248	1385	232	166	148	132	128	156	171	182	241	591	597	266	53	149	154	142	147	154	136	160	141	145	131	139	58	10	9
12:04:57	37.1	203	211	198	169	107	85	73	57	66	59	56	52	246	229	215	140	121	98	78	196	55	58	60	68	241	258	239	239	225	251	258	302	278	281	315	51	250	276	247	248	253	273	250	241	230	243	1352	247	171	147	146	129	154	170	184	240	602	608	266	49	148	148	138	145	145	145	152	148	140	148	153	65	13	10
12:08:57	37.0	203	218	181	169	112	81	78	59	61	52	51	55	242	235	202	152	126	88	72	202	48	58	56	68	246	256	239	233	246	255	248	307	278	275	306	48	258	286	251	253	255	286	253	262	246	261	1390	241	163	149	142	142	154	173	191	238	578	611	256	51	154	159	138	149	150	152	156	153	150	139	141	58	5	16
12:12:57	37.1	201	218	182	168	117	83	72	65	60	61	51	53	258	224	208	141	116	103	80	204	55	59	62	67	246	255	256	243	248	255	261	309	277	273	296	58	263	281	264	257	252	289	259	261	246	247	1393	252	164	128	129	145	152	179	196	233	612	617	262	60	155	143	145	146	154	138	154	156	143	140	147	50	11	5
12:16:57	37.1	219	211	181	164	111	89	71	54	62	50	55	48	260	240	208	149	119	92	78	204	65	61	61	72	252	249	249	249	249	256	261	311	290	285	313	61	272	274	271	255	266	268	257	267	234	244	1419	250	155	147	131	138	162	174	196	226	590	626	264	54	148	152	154	149	147	149	149	153	143	146	154	58	21	8
12:20:57	37.0	217	228	187	161	116	88	74	64	65	62	44	61	246	228	214	153	128	90	80	208	74	67	61	69	240	269	251	244	256	274	272	317	294	280	316	54	278	286	261	248	268	273	255	278	248	254	1435	249	167	142	135	141	150	180	201	239	605	621	268	58	157	158	145	159	148	141	150	154	145	155	151	48	10	13
12:24:57	37.1	222	223	182	165	102	94	77	64	63	57	51	52	256	237	205	148	119	89	89	215	66	66	59	70	267	263	258	247	260	268	272	309	296	268	322	56	276	288	268	271	277	287	268	277	260	257	1445	257	163	141	133	138	158	168	195	228	605	628	265	62	149	152	150	144	151	144	156	151	139	146	145	56	5	8
12:28:57	37.1	209	209	190	172	112	82	67	68	65	58	63	52	249	229	213	151	123	82	79	203	58	64	55	72	263	266	253	250	256	276	273	328	288	284	327	56	288	285	254	278	271	303	274	276	234	258	1463	258	154	138	131	131	157	175	195	226	614	634	269	59	163	155	146	150	149	156	163	168	151	146	148	62	14	18
12:32:57	37.1	226	212	186	166	119	89	71	63	64	59	62	52	254	226	204	149	121	92	76	215	62	60	59	65	268	286	282	263	270	267	281	338	306	284	335	70	288	303	285	290	272	287	267	291	270	260	1476	281	164	136	131	131	157	175	205	234	613	638	255	60	164	158	155	154	148	139	158	152	142	155	149	62	7	12
12:36:57	37.0	233	230	192	164	112	81	67	65	53	61	58	64	269	238	213	149	127	91	80	218	62	67	55	77	281	264	275	254	266	274	285	325	304	296	342	66	296	294	272	297	286	309	265	275	257	272	1496	280	167	136	135	150	151	175	203	234	622	631	260	57	165	154	138	152	155	161	144	153	149	140	156	59	10	16
12:40:57	37.1	225	244	195	158	116	82	74	62	56	53	53	55	254	251	209	153	123	101	80	210	58	61	60	69	264	272	279	253	262	279	284	330	326	305	338	55	293	315	265	292	285	305	281	292	269	267	1499	275	163	145	139	128	161	172	196	225	635	672	260	61	162	158	148	159	161	162	161	153	152	154	155	57	14	18
12:44:57	37.0	234	223	194	172	115	87	74	72	49	53	58	54	265	241	224	158	118	98	91	222	62	55	62	74	268	288	277	257	257	286	272	350	310	312	347	61	304	298	275	292	287	309	271	296	255	274	1568	278	168	136	130	142	154	171	199	229	638	648	272	61	158	151	156	149	170	158	158	156	161	143	156	68	15	9
12:48:57	37.1	225	224	186	177	114	79	67	69	53	62	62	48	266	245	214	162	129	96	80	216	72	69	65	69	275	284	270	261	264	288	295	345	315	303	344	59	299	321	296	290	302	309	294	295	263	286	1566	287	167	139	136	146	158	172	200	226	649	680	271	58	161	154	154	148	150	161	142	162	161	144	154	56	11	12
12:52:57	37.0	232	242	197	170	121	84	75	62	69	67	55	54	251	252	227	166	126	101	75	234	54	52	49	63	276	303	284	276	287	294	301	361	312	317	353	57	323	308	278	297	296	320	295	291	265	288	1566	298	177	139	132	145	158	181	190	236	645	687	262	59	175	158	159	153	167	155	169	164	167	157	157	54	4	8
12:56:57	37.1	219	224	203	172	113	87	82	69	65	65	56	56	256	248	215	161	130	97	73	231	55	63	54	76	281	301	284	267	272	296	297	350	313	313	352	67	321	307	298	296	300	317	303	314	254	285	1582	292	174	146	132	142	160	183	207	226	659	675	270	53	170	164	160	148	166	160	156	166	154	156	157	59	8	14
13:00:57	37.0	226	232	206	178	120	83	71	68	60	66	70	54	271	249	216	153	125	92	78	227	65	64	57	73	291	295	284	269	285	306	303	356	327	315	362	61	306	325	304	293	309	333	297	303	270	280	1592	291	168	145	139	144	141	177	198	250	670	683	266	52	158	166	156	165	163	154	166	171	146	148	159	66	3	3
13:04:57	37.1	224	221	199	175	120	101	83	72	58	65	62	59	265	251	217	156	119	99	81	232	56	61	68	75	287	297	292	275	286	303	307	365	347	322	359	59	321	336	306	308	302	343	294	303	264	283	1645	304	173	145	137	150	152	179	213	229	673	672	254	57	170	160	147	161	158	169	176	178	156	157	156	66	15	7
13:08:57	37.1	223	217	190	183	113	91	79	67	63	67	52	58	266	255	224	150	129	103	87	230	61	58	64	75	305	302	299	267	276	310	317	369	331	297	353	62	316	343	310	309	308	337	306	315	290	302	1630	305	171	142	145	143	166	180	205	242	683	668	253	57	162	151	152	158	167	157	172	160	158	157	161	61	14	12
13:12:57	37.0	232	234	205	167	114	83	75	65	61	63	67	60	276	258	225	165	133	91	89	232	62	86	61	71	310	305	300	288	294	300	312	372	318	332	377	59	325	333	309	322	295	336	319	329	288	294	1640	308	175	143	136	134	163	185	205	233	679	693	262	62	167	160	158	165	167	167	165	174	171	164	157	63	10	12
13:16:57	37.1	214	235	203	172	120	92	76	62	56	63	58	52	272	253	221	160	127	103	89	250	58	67	60	78	302	317	290	295	296	309	329	376	345	332	373	71	327	332	296	311	320	359	316	320	277	309	1661	324	171	136	133	155	144	188	212	233	679	698	264	59	178	168	162	169	167	168	160	175	158	155	152	59	6	11
13:20:57	37.0	222	239	196	165	125	96	75	70	65	71	67	56	293	239	234	154	123	99	89	235	65	64	62	77	302	321	291	294	310	314	318	379	356	332	386	77	344	349	317	307	320	350	322	328	287	303	1727	319	175	138	142	147	166	190	206	242	702	706	261	60	174	161	164	178	149	177	168	176	157	158	157	65	11	4
13:24:57	37.1	231	242	200	173	122	90	72	79	70	67	65	57	277	263	227	160	129	103	81	242	66	59	66	77	308	325	312	293	300	323	329	378	346	340	395	74	335	341	328	314	327	353	336	335	295	299	1713	313	163	140	137	148	165	193	204	227	692	703	269	66	173	170	151	173	164	161	183	164	166	160	168	67	1	10
13:28:57	37.1	220	243	199	174	111	99	72	68	65	68	53	58	278	255	234	154	136	99	80	236	57	69	68	75	301	334	310	296	303	340	321	390	358	336	400	74	351	352	329	336	344	349	337	347	309	330	1739	332	175	145	148	160	161	179	217	230	712	724	265	63	174	170	167	177	189	154	179	168	179	161	162	61	11	14
13:32:57	37.0	240	241	202	174	117	92	79	68	59	68	66	55	267	246	233	161	134	102	89	241	70	64	58	76	328	328	315	308	304	317	328	388	359	344	404	63	347	359	329	335	324	351	331	337	299	314	1751	332	171	151	135	145	159	183	192	234	679	720	280	63	172	164	163	168	170	173	182	179	167	167	159	73	11	6
13:36:57	37.1	241	245	197	172	129	90	86	69	67	57	56	53	275	256	231	167	135	101	85	256	54	74	70	81	311	336	308	306	314	347	353	398	360	352	392	64	355	341	338	339	338	368	352	359	308	310	1803	332	180	146	146	142	170	188	205	237	715	726	263	67	183	170	164	179	178	173	189	184	177	171	173	68	9	8
13:40:57	37.0	222	243	205	184	124	99	77	72	62	64	65	59	274	260	238	168	128	99	82	262	57	66	67	75	319	346	323	308	325	339	349	406	362	344	407	72	370	380	344	346	351	390	342	349	312	314	1780	349	170	138	137	162	161	182	216	234	709	728	258	56	181	182	168	173	186	182	184	160	179	169	158	68	3	10
13:44:57	37.0	240	233	208	192	112	89	94	73	70	65	57	58	280	270	239	164	131	107	83	266	69	67	64	78	329	348	324	321	321	360	363	384	372	367	394	66	366	363	345	347	335	400	352	361	319	335	1818	340	179	147	148	148	166	179	194	230	726	761	273	58	188	188	167	179	184	168	174	187	169	171	165	59	9	11
13:48:57	37.0	237	255	213	178	124	96	84	73	68	68	68	53	279	267	231	157	130	106	84	270	64	73	64	80	323	367	331	313	342	344	345	407	373	362	399	64	360	386	342	359	372	399	359	362	316	332	1840	345	169	150	137	146	173	177	201	240	715	750	264	71	187	186	151	180	178	178	187	189	172	170	173	77	10	7
13:52:57	37.1	244	252	203	171	124	90	78	75	69	61	57	61	278	272	245	150	130	110	95	267	59	73	65	80	331	353	346	325	323	353	357	423	379	374	408	75	370	389	359	352	367	400	356	380	310	338	1879	347	168	137	139	152	173	186	210	252	722	752	273	54	171	181	172	182	170	173	197	192	167	168	169	60	9	11
13:56:57	37.1	240	243	212	181	124	95	76	74	60	72	65	48	276	263	223	167	133	105	87	262	70	74	63	88	339	341	346	321	335	357	367	408	391	375	419	61	375	376	345	353	356	401	368	372	318	341	1850	347	173	145	149	153	165	185	214	233	724	752	259	68	169	182	162	197	185	181	187	193	173	181	181	57	8	22
14:00:57	37.0	233	247	214	183	126	97	83	74	71	55	66	62	278	274	227	156	126	100	87	274	73	71	67	72	345	361	331	321	331	380	374	416	403	375	426	66	381	401	360	360	367	390	359	385	338	357	1896	357	165	143	141	148	171	185	220	239	738	749	271	64	185	168	169	184	195	182	183	188	172	172	170	68	5	9
14:04:57	37.1	242	249	210	176	121	91	87	67	64	74	71	51	284	269	235	167	142	102	84	276	58	66	53	76	345	366	343	333	339	373	390	419	405	387	409	63	377	397	363	365	372	429	361	383	327	350	1923	344	193	145	139	142	162	184	215	229	748	743	271	55	194	179	166	183	186	181	182	178	170	186	172	63	7	10
14:08:57	37.1	241	239	206	168	124	89	88	78	65	59	67	59	291	259	230	168	136	101	82	268	66	61	76	76	335	367	344	339	355	378	375	434	408	398	427	73	394	406	367	376	372	403	379	381	341	352	1959	356	166	145	138	149	160	181	218	233	740	764	282	66	182	177	160	183	188	184	188	199	183	166	180	75	18	8
14:12:57	37.0	239	256	215	183	138	99	90	71	71	66	64	73	291	255	243	160	133	105	89	277	69	66	63	79	356	369	349	348	364	392	391	447	407	386	422	66	382	390	356	388	378	420	381	392	355	352	1951	349	181	151	143	157	164	189	218	229	744	785	273	70	185	173	175	182	190	189	196	178	194	181	176	80	13	9
14:16:57	37.1	236	250	211	179	125	90	80	69	68	79	63	53	281	265	257	171	155	109	87	289	65	74	72	78	365	384	361	346	362	395	399	446	413	402	425	65	408	421	383	383	383	418	391	399	339	369	2009	363	185	142	141	165	162	200	221	233	772	786	276	61	197	184	180	183	198	185	199	188	193	194	174	62	8	11
14:20:57	37.0	227	250	208	178	118	96	93	70	56	64	61	58	299	279	231	172	141	107	94	277	59	74	74	81	347	399	362	373	365	390	414	465	411	404	446	57	418	425	382	403	396	418	390	391	357	363	1974	373	175	140	135	148	171	189	214	251	771	782	271	67	190	195	174	186	195	193	194	181	181	188	183	68	15	9
14:24:57	37.1	233	255	213	185	132	96	83	74	75	71	64	55	303	277	236	172	132	107	78	279	69	70	68	73	367	380	372	358	370	387	388	461	418	412	450	71	397	435	393	388	397	428	387	422	349	377	2039	382	172	142	137	147	168	189	216	239	755	800	269	59	191	177	173	200	193	174	200	193	190	190	186	72	5	12
14:28:57	37.0	244	260	216	178	134	90	85	66	74	65	67	63	285	272	245	170	141	107	90	281	66	84	73	84	381	399	377	370	370	408	402	476	435	403	459	75	425	422	396	406	411	453	414	412	358	376	2046	384	175	143	144	158	173	191	225	242	773	781	280	60	186	179	178	195	199	195	203	199	178	180	184	70	11	5
14:32:57	37.1	239	261	223	174	128	101	89	72	67	64	60	63	303	269	239	166	134	105	87	302	65	77	64	77	370	412	381	367	379	403	403	464	450	409	458	80	418	445	398	406	405	441	415	421	348	377	2100	396	178	147	137	159	169	190	222	233	787	764	273	71	195	185	178	179	214	187	197	194	191	182	185	76	8	11
14:36:57	37.1	247	253	224	185	132	91	85	76	70	60	61	68	305	270	242	171	141	109	87	282	69	81	74	83	389	409	381	392	376	413	413	479	441	426	454	70	425	435	398	412	410	453	406	426	357	381	2114	396	167	151	145	148	176	192	228	231	798	793	273	64	202	184	182	198	202	203	191	206	193	188	188	81	12	14
14:40:57	37.0	245	267	213	176	132	98	87	69	69	64	67	63	299	271	240	154	153	124	93	288	70	62	72	77	374	410	367	377	397	413	429	462	458	418	467	72	452	465	393	402	412	471	426	433	368	387	2113	395	170	148	144	152	176	197	222	242	793	800	287	62	208	196	189	196	204	184	205	191	188	186	183	70	3	3
14:44:57	37.1	239	252	215	176	120	89	83	81	66	63	68	71	295	282	247	172	133	105	94	288	70	73	69	84	401	405	394	387	401	410	426	489	449	425	464	81	431	445	421	427	425	455	432	430	378	404	2124	388	165	143	135	157	174	192	225	240	797	805	293	73	195	187	181	187	190	204	209	203	191	182	190	74	10	7
14:48:57	37.1	240	255	221	182	128	96	83	74	73	66	67	63	302	266	249	178	136	103	94	299	64	71	73	79	401	425	402	390	392	426	432	494	468	442	476	67	443	473	419	440	439	493	440	447	389	392	2164	393	169	139	142	147	178	191	226	241	813	813	289	76	197	193	192	201	200	204	205	195	192	193	190	74	10	18
14:52:57	37.0	246	253	216	184	132	101	91	75	70	67	68	70	294	279	250	165	138	110	94	305	71	72	76	88	406	436	401	388	412	433	441	509	459	432	472	86	449	466	412	429	428	458	420	441	388	403	2142	414	166	155	134	163	177	186	229	225	804	828	280	77	202	200	171	194	201	216	207	205	197	180	188	75	11	8
14:56:57	37.1	246	267	212	181	143	91	93	76	77	67	63	58	308	274	253	168	141	117	81	293	68	76	68	83	410	425	400	403	419	446	448	529	453	455	481	76	451	485	427	417	439	464	434	444	401	423	2219	425	170	149	129	153	175	189	228	232	822	827	281	72	212	185	182	192	209	195	213	199	197	189	192	70	10	10
15:00:57	37.0	239	264	227	186	139	95	89	72	88	77	73	65	299	278	238	175	145	110	92	291	65	69	72	84	414	435	399	406	435	431	453	496	478	452	479	76	461	492	440	441	428	469	438	455	406	433	2213	410	178	149	143	148	173	201	225	254	828	825	285	69	207	196	188	199	209	195	218	209	191	189	184	63	6	15
15:04:57	37.0	242	255	225	191	137	91	87	70	68	78	75	50	311	275	240	181	143	105	91	306	71	76	65	84	410	456	424	409	405	454	476	512	483	457	488	77	462	473	435	453	446	486	436	464	414	418	2269	406	179	148	151	145	173	198	217	240	852	838	280	72	203	194	191	200	215	205	210	211	190	191	210	71	10	6
15:08:57	37.1	253	277	222	188	126	99	87	76	73	73	73	67	310	284	256	169	139	115	92	315	80	72	73	86	422	447	417	418	417	447	466	518	478	468	483	74	472	483	435	436	433	511	454	477	399	446	2258	428	186	140	149	152	167	189	231	241	844	850	283	61	213	194	180	209	205	186	223	207	201	199	204	75	18	16
15:12:57	37.1	248	259	217	181	127	97	81	81	77	79	72	62	308	278	241	178	148	92	96	309	66	76	71	86	428	465	447	419	430	450	470	536	505	474	501	76	451	481	460	451	448	488	458	467	409	445	2242	416	178	142	149	156	172	190	235	254	838	835	293	71	215	190	198	210	219	210	220	200	200	193	204	72	10	11
15:16:57	37.1	252	267	221	195	134	100	90	71	81	73	68	69	313	285	250	179	133	115	88	314	66	75	67	82	426	446	442	412	434	471	485	523	486	472	487	83	477	476	445	463	452	498	476	485	425	434	2305	412	177	145	146	160	164	191	227	249	835	839	282	71	216	203	198	219	212	208	225	210	208	201	202	73	6	11
15:20:57	37.1	255	275	236	195	132	100	92	78	83	68	69	63	300	278	248	179	139	96	94	315	66	71	70	87	444	457	445	420	422	483	480	549	494	479	491	82	482	503	467	465	450	505	472	482	433	438	2282	434	183	150	133	160	178	187	239	254	869	829	290	77	222	205	201	196	220	205	223	214	207	207	207	71	16	9
15:24:57	37.0	250	276	223	186	138	92	85	80	78	61	64	56	302	279	253	178	152	110	100	325	64	77	65	82	435	465	455	406	445	474	488	549	497	501	489	73	512	504	480	472	468	511	463	484	420	448	2294	434	180	166	151	161	173	202	229	256	868	855	290	73	208	203	189	222	220	214	228	209	196	200	206	78	16	9
15:28:57	37.0	249	272	226	192	126	106	91	79	77	68	69	56	313	305	260	160	145	117	89	326	67	77	76	89	456	462	451	443	447	504	487	559	524	499	497	70	495	517	478	465	480	525	478	494	442	459	2344	432	174	144	148	161	183	188	212	249	868	878	298	77	218	193	199	216	223	226	207	222	210	210	209	78	14	10
15:32:57	37.0	246	271	230	199	134	94	96	81	70	69	65	66	311	276	244	185	139	103	98	318	77	80	69	86	476	493	452	422	459	488	494	567	528	509	502	84	492	508	487	477	463	532	504	509	438	479	2335	444	189	148	142	164	188	203	234	257	889	891	310	78	212	195	197	216	227	218	229	224	204	213	203	76	7	3
15:36:57	37.0	258	253	223	202	123	102	89	81	80	69	73	69	304	287	248	163	140	111	99	325	68	82	80	84	456	496	481	461	469	504	508	600	530	523	531	67	491	532	493	480	479	528	496	498	442	467	2375	458	189	154	149	170	189	205	237	257	902	914	302	66	223	215	210	218	243	215	219	220	206	207	214	80	17	6
15:40:57	37.1	250	277	233	199	131	88	86	76	79	70	68	66	308	290	256	169	137	115	98	333	69	69	75	82	456	488	473	457	465	492	515	577	526	508	505	76	519	520	497	486	480	535	495	509	465	463	2350	453	174	146	148	159	177	212	238	251	877	907	311	66	213	208	202	221	230	217	227	232	216	201	211	68	17	12
15:44:57	37.0	258	285	232	183	126	103	87	76	67	72	65	62	295	282	256	166	148	110	100	343	66	79	85	85	467	507	489	467	477	498	527	561	536	510	503	78	528	526	500	495	486	548	496	534	447	486	2366	466	180	150	144	152	168	190	244	266	897	907	306	73	222	213	190	236	226	212	240	217	214	206	213	77	4	0
15:48:57	37.1	258	269	230	195	134	94	90	78	74	76	81	56	322	286	255	177	141	114	99	326	63	79	79	86	476	528	470	458	474	512	502	606	541	519	520	75	527	552	486	495	495	548	507	523	464	471	2374	447	183	150	141	167	176	206	239	265	906	908	284	76	225	206	194	225	227	220	235	229	205	203	203	75	6	16
15:52:57	37.0	250	271	234	190	145	100	90	78	71	66	69	62	312	305	266	176	131	116	99	328	72	73	78	97	478	511	493	466	498	514	526	605	543	533	531	79	508	534	516	492	495	564	520	545	479	492	2380	478	176	145	139	151	185	193	234	261	954	922	301	78	232	227	204	221	221	226	240	229	216	214	218	70	4	7
15:56:57	37.1	239	276	229	199	141	99	91	85	75	76	73	69	301	297	264	180	152	118	90	341	76	86	75	93	487	529	487	485	486	528	540	604	554	549	533	78	547	555	523	507	506	539	518	543	484	486	2413	481	187	158	151	152	178	190	237	257	934	937	308	65	229	228	215	227	236	215	234	222	220	213	218	74	3	5
16:00:57	37.1	264	267	236	180	133	93	88	72	76	72	70	67	319	293	251	187	150	115	90	343	70	85	79	83	500	526	498	474	500	534	542	621	578	537	535	70	531	555	508	515	513	569	519	542	497	518	2376	480	185	154	140	157	194	207	256	261	950	943	316	64	235	218	212	235	228	229	237	239	226	225	206	80	12	8
16:04:57	37.0	260	270	224	192	142	99	102	78	77	77	75	61	307	299	245	170	152	112	97	348	77	76	77	92	500	538	522	485	486	534	548	637	570	533	542	73	539	566	544	534	501	573	529	547	496	514	2474	477	178	146	141	155	187	205	235	262	934	944	295	73	229	233	199	228	236	240	241	236	235	216	224	81	14	11
16:08:57	37.1	255	268	246	176	138	102	97	82	77	67	71	62	304	303	251	173	149	114	101	341	67	76	73	77	501	549	509	491	494	540	558	631	577	558	560	80	533	562	532	504	503	575	536	545	518	519	2451	476	184	158	154	156	195	210	229	263	949	914	305	71	223	223	208	232	241	234	255	238	227	221	226	76	6	4
16:12:57	37.1	245	275	234	193	125	102	88	83	74	69	69	68	302	301	253	178	160	107	99	344	80	81	75	84	526	552	507	482	500	542	559	643	589	570	533	79	547	587	544	532	517	557	532	548	505	521	2448	476	179	141	144	159	186	202	243	256	936	923	320	74	229	217	222	242	244	216	238	237	221	229	218	75	10	23
16:16:57	37.1	257	280	239	192	142	104	88	79	69	88	74	63	325	286	241	182	144	119	103	350	73	80	71	88	526	531	521	509	518	544	566	633	594	582	537	82	576	589	539	531	521	584	534	551	521	523	2472	509	177	156	140	164	189	206	229	264	941	956	325	76	242	216	225	245	235	234	255	236	229	232	223	67	10	6
16:20:57	37.0	269	286	246	197	143	108	89	76	77	75	76	61	322	297	264	181	130	103	99	362	65	77	88	88	526	558	548	508	498	580	561	650	590	595	530	67	567	602	549	524	527	576	536	567	506	535	2461	490	187	143	148	161	182	203	232	256	963	968	326	76	230	229	217	249	240	231	247	246	233	223	237	87	17	5
16:24:57	37.0	262	280	244	195	139	98	91	80	80	80	66	71	317	304	263	176	151	113	104	354	80	79	79	89	527	558	535	516	523	575	579	643	603	582	540	78	562	593	565	530	533	596	536	564	527	535	2431	505	178	159	151	170	183	193	241	272	976	940	309	68	226	225	209	245	257	229	253	245	225	237	237	73	8	14
16:28:57	37.0	265	277	230	199	139	106	88	83	76	86	71	66	325	301	248	170	150	118	96	364	69	84	88	94	534	578	523	521	513	558	579	655	607	564	553	80	603	588	564	551	512	605	564	583	520	538	2459	516	172	146	150	171	194	193	247	270	965	967	321	70	239	230	223	241	245	243	252	235	243	226	230	85	15	16
16:32:57	37.1	264	268	238	196	146	110	85	76	81	75	71	71	328	286	262	177	151	114	95	358	69	76	82	89	552	581	544	510	524	575	593	683	618	595	546	85	582	601	558	537	552	602	567	574	533	533	2582	516	180	156	146	161	188	195	234	269	979	963	322	70	231	234	223	246	250	244	258	250	231	229	235	81	11	6
16:36:57	37.0	264	285	218	198	140	109	101	84	76	74	68	62	312	306	272	187	153	111	97	371	76	89	78	91	542	575	555	528	524	587	596	677	602	618	554	74	597	605	581	541	545	609	559	577	530	536	2514	521	178	141	140	166	191	201	254	264	970	986	326	71	245	238	224	245	250	231	259	252	240	245	233	69	6	11
16:40:57	37.0	270	283	223	193	143	111	84	85	77	84	73	74	318	308	261	195	143	111	101	360	69	87	81	89	536	594	552	530	533	594	594	676	631	618	549	77	600	586	566	558	549	627	559	578	520	557	2524	528	181	155	147	167	198	217	252	264	999	972	334	72	254	238	227	247	262	250	262	264	227	229	240	76	11	2
16:44:57	37.0	263	286	235	201	140	106	92	82	75	79	77	75	316	298	248	187	152	119	95	365	70	83	82	85	548	587	536	560	537	608	587	684	617	619	553	75	600	614	563	567	553	623	585	598	523	553	2500	542	188	156	148	169	199	208	242	264	1015	1007	326	79	250	232	242	254	260	236	254	255	240	231	237	86	9	4
16:48:57	37.1	257	278	240	199	143	102	95	85	84	78	67	72	326	298	245	180	146	116	96	361	70	78	82	101	549	595	555	530	555	608	581	701	635	615	565	83	595	613	580	561	569	645	582	590	528	573	2576	559	190	152	157	160	198	207	243	270	1014	1022	339	80	249	239	232	256	261	245	266	265	246	246	236	73	5	11
16:52:57	37.1	253	302	226	192	142	118	92	87	79	76	75	71	330	290	253	185	141	130	101	379	73	86	78	96	559	591	552	530	552	608	587	703	645	640	560	89	593	624	591	595	556	628	567	601	546	567	2562	543	180	159	143	166	192	206	245	267	1024	1010	315	73	247	241	235	250	258	248	269	245	247	244	246	84	4	9
16:56:57	37.1	269	276	233	215	143	109	103	81	86	75	81	67	318	300	253	178	141	122	90	363	76	79	83	90	558	614	556	544	560	616	611	693	640	634	562	83	611	639	594	564	566	637	576	595	561	572	2526	532	194	146	155	160	193	201	238	274	1024	1004	312	76	257	246	225	254	264	248	285	259	251	239	247	78	11	0
17:00:57	37.1	268	286	250	206	145	103	93	94	83	85	77	66	313	312	259	176	149	122	104	388	70	87	70	93	570	616	575	541	561	601	629	708	661	632	571	89	609	638	595	570	572	637	589	606	560	554	2539	549	177	151	152	155	187	211	227	276	1031	1045	331	75	251	242	241	260	273	249	269	256	245	237	243	82	10	11
17:04:57	37.0	264	277	233	201	142	114	104	83	80	80	75	75	319	303	277	172	139	121	105	379	77	83	80	93	572	628	576	576	556	604	622	712	654	649	577	77	622	625	613	599	594	646	588	617	550	575	2541	562	188	151	160	162	189	212	250	279	1023	1037	326	74	263	248	227	257	279	260	267	263	237	240	246	86	8	0
17:08:57	37.1	278	279	242	205	147	103	100	84	75	85	77	73	322	297	252	173	150	114	104	375	76	85	82	97	575	631	571	554	561	619	632	738	660	666	571	89	638	642	604	586	588	644	623	624	575	580	2544	551	182	149	150	174	189	210	249	255	1043	1025	334	80	264	246	234	276	271	260	264	263	246	248	245	80	11	18
17:12:57	37.0	272	284	241	199	151	102	88	80	80	83	77	69	322	298	251	182	153	118	111	381	75	80	86	97	575	654	587	576	569	611	637	712	678	653	580	86	618	644	604	585	598	647	608	634	578	567	2528	573	184	151	157	173	195	196	257	261	1018	1048	328	90	263	241	245	261	274	248	274	271	249	246	260	80	5	5
17:16:57	37.0	269	278	254	186	141	107	102	77	73	82	76	65	323	302	258	178	145	115	104	387	77	91	78	105	592	646	588	565	564	632	640	742	681	677	576	70	650	653	635	589	584	674	620	643	563	595	2581	569	189	150	159	169	195	210	248	278	1058	1054	328	64	269	265	236	264	264	260	281	260	252	245	247	86	8	11
17:20:57	37.0	273	271	240	193	153	109	94	76	96	71	76	68	322	298	257	184	146	116	99	366	78	88	83	94	599	650	593	580	593	647	632	726	683	670	574	90	647	650	621	589	597	674	605	628	588	585	2591	571	183	149	154	163	188	211	247	288	1066	1044	334	87	260	252	244	263	280	266	269	272	253	254	239	76	6	3
17:24:57	37.1	254	291	242	188	143	113	99	89	80	77	72	71	325	304	263	174	154	128	108	389	69	80	72	98	595	659	608	583	594	647	650	734	682	679	586	88	644	679	630	603	598	670	599	647	599	605	2579	581	179	150	156	175	197	215	242	288	1038	1059	349	88	266	254	241	275	284	263	293	272	260	254	251	75	16	9
17:28:57	37.1	275	275	231	204	155	118	101	84	79	80	76	78	328	311	263	184	150	116	94	391	87	83	80	90	604	651	616	578	579	658	651	762	685	691	591	75	649	670	654	594	595	685	632	638	597	605	2630	589	193	152	149	166	190	223	250	280	1084	1075	345	72	262	250	236	283	280	260	279	267	244	258	259	91	8	15
17:32:57	37.0	272	292	253	203	150	111	102	86	77	78	71	70	333	314	269	183	156	120	105	397	75	88	75	97	595	669	607	601	602	655	657	748	693	696	583	78	665	676	649	611	622	681	636	649	593	609	2595	602	191	147	153	162	197	216	252	278	1087	1079	327	75	271	264	240	281	276	268	291	284	262	250	271	84	9	3
17:36:57	37.0	276	296	239	202	146	117	103	85	77	87	65	77	322	319	269	194	147	122	99	402	86	88	80	97	607	673	607	609	604	656	663	722	699	722	596	81	689	669	650	620	607	699	626	647	599	612	2592	594	177	145	164	178	184	211	253	289	1086	1097	329	73	272	266	255	275	285	269	288	271	251	257	262	79	7	0
17:40:57	37.0	266	280	245	204	153	110	103	88	85	83	83	71	339	306	268	181	144	119	97	405	80	81	76	83	624	675	618	613	605	671	663	773	711	709	601	80	666	693	654	607	633	687	643	667	599	621	2612	613	181	152	153	171	203	221	242	292	1079	1064	347	85	259	263	252	277	290	278	292	281	263	255	275	88	6	8
17:44:57	37.1	280	297	234	207	138	106	99	92	79	88	77	73	325	312	265	184	152	116	104	404	73	90	88	95	605	664	621	615	604	658	666	772	712	698	597	84	681	687	668	630	636	696	635	678	620	631	2577	607	194	139	149	162	198	220	251	282	1090	1099	337	81	275	263	255	274	302	285	291	286	267	270	263	83	10	10
17:48:57	37.1	276	286	241	195	146	112	99	95	86	72	76	70	317	300	264	185	149	124	97	403	80	80	79	101	619	688	628	611	611	673	695	786	712	710	585	81	688	694	644	618	625	691	641	663	625	646	2637	621	183	149	151	163	201	214	255	291	1130	1125	349	75	276	271	250	299	281	276	288	287	255	256	250	82	11	8
17:52:57	37.1	284	295	253	200	147	116	101	83	75	73	72	80	329	300	267	178	155	129	102	423	77	91	68	96	633	702	650	617	626	674	693	770	721	717	612	82	699	690	661	646	613	721	649	688	627	627	2641	617	194	159	148	162	210	207	250	291	1131	1126	346	78	266	279	251	277	287	281	290	284	259	274	276	79	4	8
17:56:57	37.1	283	277	242	198	155	108	93	92	87	77	70	70	336	301	271	196	157	122	109	411	76	92	82	96	627	681	636	610	624	668	698	779	726	707	589	89	698	717	677	645	647	721	665	685	633	652	2677	624	182	156	147	162	181	222	258	287	1139	1120	344	83	271	280	266	276	300	275	284	277	277	264	268	74	7	3
18:00:57	37.1	280	293	246	199	146	112	93	80	83	83	73	77	328	311	262	173	154	124	105	416	80	92	89	108	646	695	633	622	636	688	696	803	720	739	609	88	708	713	679	636	640	717	662	707	641	650	2666	642	178	158	151	172	204	209	258	278	1130	1136	349	80	290	274	264	283	284	278	291	280	258	281	265	79	16	4
18:04:57	37.0	261	300	255	211	157	111	99	78	83	79	76	72	341	317	254	192	156	114	109	420	82	84	87	99	605	691	649	626	637	673	693	794	721	724	607	88	717	714	670	650	628	731	657	713	639	663	2707	643	194	159	149	178	209	219	258	296	1162	1144	363	80	294	274	252	293	284	290	308	299	280	280	277	84	10	6
18:08:57	37.0	273	285	244	211	152	114	114	76	83	78	85	59	333	306	260	182	156	123	100	414	68	87	78	93	638	696	664	640	644	703	705	791	755	762	612	79	723	687	682	632	640	733	677	680	633	678	2695	646	190	156	143	155	193	218	263	305	1159	1147	337	77	269	277	260	286	301	298	307	304	285	273	271	85	8	13
18:12:57	37.1	273	303	244	195	156	115	89	94	84	80	84	78	338	311	270	191	155	119	104	419	76	80	70	103	654	712	641	650	654	708	719	801	747	752	623	92	733	715	679	656	640	736	677	702	641	663	2699	642	191	145	145	168	199	233	268	312	1147	1149	371	77	284	260	275	303	305	300	306	292	281	291	295	86	8	11
18:16:57	37.1	272	290	249	216	156	108	94	85	81	87	72	74	326	312	273	185	151	121	100	432	71	91	87	105	647	719	666	639	662	713	711	814	756	743	620	86	734	728	683	651	650	753	683	735	657	668	2703	666	183	152	161	163	193	234	266	296	1206	1159	346	85	294	280	266	307	290	298	306	286	271	300	277	86	13	3
18:20:57	37.1	278	304	259	206	141	119	93	86	94	89	82	72	345	306	266	185	162	116	102	398	80	83	82	92	668	725	664	640	636	707	710	820	775	777	619	77	737	742	696	655	656	753	690	713	662	704	2660	655	196	150	140	169	203	220	263	301	1196	1181	358	76	288	278	267	295	309	289	307	300	277	293	276	92	11	7
18:24:57	37.1	279	300	251	207	154	111	100	91	81	78	78	70	343	310	282	186	159	124	100	428	89	95	94	104	657	730	666	651	665	732	726	813	775	753	618	89	757	748	682	665	670	755	672	727	670	686	2722	673	187	160	146	167	204	212	249	306	1184	1165	351	72	277	276	272	303	316	322	312	306	268	289	274	94	12	6
18:28:57	37.1	283	301	248	208	154	109	95	94	94	91	70	74	334	322	273	195	152	117	106	441	79	90	76	104	655	715	649	655	655	727	725	820	775	738	617	87	743	758	695	672	675	767	697	726	671	702	2773	695	189	156	145	175	210	223	267	303	1217	1185	349	91	298	286	280	310	307	287	318	311	278	301	291	82	17	11
18:32:57	37.1	284	296	260	216	164	107	105	95	72	85	86	75	337	309	271	196	151	124	110	441	77	83	87	103	683	747	679	652	664	732	740	848	775	774	609	91	756	757	687	692	676	776	696	745	672	699	2744	690	175	169	154	182	204	218	259	299	1232	1193	378	72	286	304	274	316	313	310	310	302	274	299	287	87	5	11
18:36:57	37.0	287	294	257	217	157	110	105	81	89	77	76	76	341	306	282	188	166	119	96	425	80	91	82	95	660	727	677	666	669	726	740	829	778	784	624	89	760	757	687	681	670	769	685	758	669	705	2731	684	183	158	154	175	201	224	265	302	1227	1210	349	78	305	299	284	316	316	324	320	294	281	285	288	82	8	4
18:40:57	37.0	276	306	250	213	159	108	109	88	78	76	76	71	338	327	263	181	150	132	87	422	80	95	79	101	682	753	695	657	675	748	752	844	782	780	595	84	753	735	708	690	681	777	695	731	678	721	2779	707	186	149	156	168	200	233	261	314	1243	1216	358	86	314	288	267	317	324	295	323	316	294	296	292	81	9	5
18:44:57	37.1	271	307	262	220	167	108	108	94	93	82	79	76	360	318	273	184	168	136	103	456	81	94	94	97	691	736	679	665	671	734	754	848	763	791	626	92	760	765	692	692	675	768	698	749	674	723	2771	701	189	164	165	173	195	215	269	328	1221	1223	366	80	300	283	279	309	321	302	325	312	286	295	295	91	7	11
18:48:57	37.1	290	290	253	208	154	120	106	94	87	78	78	75	350	313	269	192	158	127	105	446	88	93	88	103	675	755	686	676	686	761	766	871	789	820	636	85	771	749	712	705	704	789	711	761	682	708	2748	697	188	148	154	171	194	229	262	307	1256	1225	349	86	293	302	280	315	316	318	324	310	286	306	286	88	12	7
18:52:57	37.1	279	297	255	214	158	107	102	88	90	80	71	84	331	323	277	189	160	136	104	441	74	86	81	99	690	751	711	688	692	745	755	847	752	811	624	90	790	763	702	694	703	763	711	766	702	728	2771	715	191	156	157	167	206	234	265	303	1262	1268	367	78	302	299	292	319	323	331	340	317	286	294	289	89	6	3
18:56:57	37.1	284	306	265	202	164	120	112	93	87	86	83	77	355	320	271	201	165	130	109	447	81	90	86	98	687	768	694	682	691	759	772	876	769	813	627	93	798	786	732	706	684	805	716	733	692	718	2743	728	192	157	155	170	211	225	269	310	1293	1245	360	78	312	305	297	319	309	321	328	326	283	299	290	88	15	12
19:00:57	37.0	286	291	250	210	152	122	104	86	87	85	81	69	350	320	270	190	149	119	120	450	85	85	85	102	693	757	700	703	685	768	767	875	804	807	623	83	785	778	711	712	690	804	704	760	700	744	2815	719	189	156	150	177	203	227	281	308	1305	1258	335	91	313	316	287	316	326	319	340	318	293	311	285	83	10	10
19:04:57	37.1	285	291	251	215	161	119	103	83	90	89	84	78	351	321	279	197	161	129	100	441	86	89	77	102	715	770	700	675	708	783	777	900	796	815	630	88	803	785	708	707	698	814	728	803	727	756	2813	746	188	164	160	169	209	230	270	311	1294	1288	358	90	311	309	283	332	316	320	334	326	293	323	303	97	4	7
19:08:57	37.0	289	304	271	214	166	120	103	94	90	88	72	78	341	322	283	180	158	122	118	463	88	91	86	105	719	773	699	700	697	783	785	884	818	832	651	83	796	830	728	713	721	817	760	791	714	753	2822	736	185	155	147	168	195	227	277	308	1321	1291	368	85	307	321	302	315	334	338	351	316	294	321	293	88	16	8
19:12:57	37.1	282	315	259	220	160	116	104	96	91	85	75	76	346	307	280	193	173	134	100	459	84	96	81	107	738	771	692	704	705	780	795	902	820	829	630	93	812	799	733	713	694	823	756	769	720	763	2856	748	201	145	149	178	202	222	284	311	1330	1302	362	74	308	316	300	324	336	335	340	326	285	315	303	80	13	11
19:16:57	37.0	289	309	255	204	154	119	118	93	86	83	85	69	359	317	290	187	162	128	115	444	77	94	77	103	722	769	725	703	703	793	790	894	817	826	644	88	809	799	715	718	701	809	752	784	723	774	2835	772	191	163	148	181	202	230	267	307	1321	1339	371	76	307	314	290	321	346	315	351	325	292	318	309	99	15	10
19:20:57	37.1	296	303	259	216	155	125	98	98	89	84	79	78	335	325	272	203	169	133	113	479	84	92	83	104	716	815	697	693	688	802	801	919	823	842	651	92	832	800	754	718	742	819	750	780	716	780	2864	775	188	161	164	187	203	218	260	309	1333	1312	371	79	322	317	297	344	337	325	335	333	292	311	309	92	13	9
19:24:57	37.0	277	307	251	219	157	117	112	86	81	82	79	77	351	329	277	196	170	132	106	460	87	98	95	106	735	769	713	704	729	800	802	888	818	857	659	84	831	810	746	747	711	852	763	792	753	781	2856	775	190	155	147	179	200	219	285	323	1349	1310	372	85	322	312	298	341	340	343	346	339	287	317	313	89	16	11
19:28:57	37.0	291	304	269	212	169	126	97	96	90	82	82	75	360	325	267	200	163	134	113	476	76	98	88	103	729	789	726	694	725	811	818	936	857	868	619	84	849	804	756	749	734	826	752	794	741	768	2890	768	187	152	172	181	211	229	281	327	1343	1338	368	79	316	306	304	330	337	343	362	330	288	320	318	91	13	9
19:32:57	37.1	293	297	268	225	161	125	106	88	95	81	81	73	363	321	293	206	163	127	103	484	84	94	86	104	747	798	727	743	727	811	821	912	834	862	631	95	855	807	748	747	754	852	769	803	732	804	2889	792	189	153	158	183	215	225	276	319	1367	1349	367	79	326	337	304	335	350	347	359	346	287	325	313	93	0	11
19:36:57	37.0	299	308	262	220	167	123	113	90	88	90	90	80	356	330	269	199	152	129	115	496	91	92	82	106	743	820	756	720	719	820	826	921	842	876	667	89	853	805	750	755	751	841	763	806	746	775	2881	789	194	158	160	181	199	228	272	308	1357	1326	367	82	316	319	306	345	344	352	347	343	300	317	303	84	12	11
19:40:57	37.1	295	299	276	228	166	119	102	88	77	80	83	80	336	328	280	207	156	117	101	480	86	96	93	113	737	812	736	728	723	821	843	924	831	875	649	95	866	813	764	749	733	862	784	840	763	785	2919	792	192	158	153	181	207	238	264	320	1357	1378	378	82	328	331	302	342	337	331	349	328	294	323	324	88	15	3
19:44:57	37.0	313	306	255	211	168	115	101	95	89	88	88	75	355	314	275	207	173	142	122	481	82	98	95	102	744	807	748	734	743	818	827	930	887	864	652	91	866	843	771	753	729	837	773	832	767	806	2916	804	191	169	165	187	202	236	279	324	1367	1365	363	89	328	327	295	338	350	344	351	354	310	321	312	89	8	6
19:48:57	37.1	295	303	257	208	154	127	114	99	89	92	87	73	350	318	272	208	159	141	120	491	78	98	90	113	748	813	734	726	734	830	837	945	877	878	658	92	855	837	771	759	747	869	777	837	744	809	2928	786	193	153	151	177	191	234	280	330	1388	1382	369	88	324	328	322	328	350	358	373	362	304	336	312	85	5	15
19:52:57	37.0	300	318	256	215	159	127	105	87	99	90	89	81	361	320	272	190	164	135	104	494	78	93	81	104	759	793	766	742	744	825	857	952	862	873	653	84	872	847	779	764	759	885	791	852	778	825	2934	811	189	163	152	192	222	254	271	335	1384	1396	385	81	312	340	312	341	351	360	363	360	308	321	332	90	6	7
19:56:57	37.1	300	299	265	218	162	121	102	95	87	85	80	76	354	316	282	194	168	131	108	494	97	98	86	106	764	809	757	727	728	827	848	962	893	904	638	92	876	839	799	760	756	861	772	844	770	820	2941	812	191	151	158	166	217	227	278	319	1411	1383	381	83	331	330	310	346	348	353	369	359	310	332	319	95	19	12
20:00:57	37.1	297	305	247	222	165	115	112	108	98	85	86	81	358	338	277	196	156	128	114	488	84	94	94	107	775	815	751	746	736	837	865	971	933	891	665	88	877	839	773	769	775	876	819	849	770	805	2983	825	192	152	158	180	208	236	265	317	1424	1386	380	83	335	325	319	353	344	364	361	364	317	337	333	98	11	10
20:04:57	37.0	297	324	278	224	169	125	121	89	86	89	79	84	372	322	283	200	168	124	122	495	92	92	88	110	772	836	764	749	727	866	868	979	935	901	663	91	887	871	792	769	777	891	803	870	773	830	2946	838	195	163	161	178	208	231	283	330	1424	1404	379	84	332	338	310	368	359	368	355	360	317	346	332	86	11	12
20:08:57	37.1	302	308	277	215	169	127	105	94	82	87	84	84	357	328	277	192	172	127	108	512	88	92	81	108	784	836	767	753	743	844	863	984	929	890	664	90	909	875	789	776	773	901	799	847	792	841	2990	815	195	150	147	175	204	233	287	323	1419	1404	363	76	339	327	325	341	373	352	362	360	322	349	316	101	11	9
20:12:57	37.0	295	319	270	235	165	127	106	93	88	82	86	87	367	329	301	204	173	136	109	496	85	101	98	113	782	829	790	762	754	858	892	973	930	909	679	88	913	873	804	794	763	892	808	877	784	833	2966	874	196	166	155	172	216	247	288	330	1425	1411	393	90	349	333	312	361	364	380	376	374	328	334	329	91	7	13
20:16:57	37.1	300	325	274	221	167	126	116	89	89	86	79	83	366	332	288	202	158	136	119	507	78	97	93	111	800	845	767	754	763	846	881	995	925	916	662	94	897	867	813	789	787	897	811	876	793	852	3004	861	193	161	152	180	220	233	279	333	1442	1425	388	93	349	343	330	350	351	367	370	379	316	341	339	95	14	9
20:20:57	37.0	308	328	257	241	168	125	114	95	90	85	85	81	358	322	291	196	170	130	122	532	92	108	89	103	789	856	762	784	766	866	877	985	913	936	690	93	908	878	829	809	781	884	799	879	795	843	3008	869	192	157	159	186	208	228	260	335	1437	1431	402	82	339	350	326	353	367	368	375	386	325	355	339	96	13	6
20:24:57	37.0	301	317	267	223	167	136	111	95	101	95	89	76	372	332	285	204	172	133	110	526	86	98	90	86	781	842	806	776	767	854	891	1015	884	927	669	89	908	868	794	804	788	888	818	849	790	846	3024	855	202	152	156	185	211	225	287	322	1454	1402	378	87	358	348	317	345	357	365	368	397	333	334	349	87	0	6
20:28:57	37.1	293	317	269	228	168	120	120	101	93	93	93	86	370	322	279	200	160	135	126	512	86	101	99	112	795	840	798	777	761	856	886	1010	871	934	679	85	937	875	802	794	790	895	818	862	819	852	3063	879	192	155	161	181	224	227	284	337	1462	1452	398	79	348	349	322	358	369	373	371	391	330	346	341	90	4	5
20:32:57	37.0	291	312	263	229	163	119	102	99	86	96	81	83	368	325	285	199	165	136	115	530	88	97	84	112	781	856	778	793	789	879	894	989	847	939	680	88	933	888	816	810	801	907	827	889	800	868	3037	885	192	154	154	178	211	244	290	330	1484	1474	408	92	348	345	334	382	364	363	376	387	327	359	336	94	8	3
20:36:57	37.0	300	322	259	219	175	125	109	101	84	92	91	82	355	329	288	200	161	130	108	520	94	109	85	106	827	873	798	788	799	881	877	1013	880	956	702	87	947	860	824	800	807	899	851	894	806	870	3031	873	200	155	152	181	217	249	271	333	1472	1457	395	87	349	360	333	357	370	379	381	366	335	362	337	93	12	19
20:40:57	37.1	298	310	267	217	171	122	109	102	86	91	85	75	364	329	290	193	171	131	119	530	84	99	85	106	822	860	778	773	783	883	901	1014	865	957	697	88	967	881	830	806	798	912	841	907	806	872	3067	880	192	159	160	176	214	242	277	321	1493	1434	395	83	356	361	312	376	362	376	382	396	356	356	333	90	8	13
20:44:57	37.1	302	315	260	221	172	131	115	98	100	90	89	83	368	334	296	199	172	136	121	523	86	102	96	109	818	852	801	784	804	885	913	1026	857	961	707	100	949	894	820	819	814	915	875	902	827	876	3086	906	194	154	160	189	221	233	295	326	1509	1466	410	94	356	356	343	363	368	395	392	399	335	354	342	98	14	4
20:48:57	37.1	308	317	264	240	170	130	115	89	92	95	85	71	373	324	286	197	168	130	123	524	86	94	95	119	838	874	804	794	797	895	919	1041	864	963	717	92	952	884	841	839	812	913	843	906	842	872	3074	927	207	157	154	183	217	234	287	342	1526	1471	394	91	363	361	342	370	370	372	404	380	351	353	347	96	12	8
20:52:57	37.1	303	321	269	233	161	124	119	105	95	90	88	82	367	320	292	208	181	145	125	547	82	106	100	106	818	891	808	798	807	908	910	1036	874	960	695	93	992	893	853	819	812	916	856	923	846	887	3085	895	194	155	168	197	212	244	284	340	1520	1510	418	85	362	357	337	367	378	389	381	397	351	368	349	84	14	16
20:56:57	37.1	310	327	266	227	174	123	111	94	102	100	80	84	362	342	287	206	168	131	114	526	93	99	84	108	835	873	803	804	813	937	925	1065	879	991	681	85	998	911	800	833	829	932	845	912	851	892	3098	900	198	147	159	172	210	236	296	339	1524	1482	415	83	369	367	351	380	375	389	396	400	348	379	358	94	5	10
21:00:57	37.0	303	323	273	242	171	126	121	93	98	99	91	76	380	333	290	190	180	135	113	533	77	103	95	104	826	898	813	819	807	900	949	1043	896	990	701	101	989	910	830	838	824	955	842	938	857	892	3129	928	186	153	166	180	211	240	289	326	1524	1489	401	88	369	362	335	372	381	402	384	412	352	353	367	93	13	4
21:04:57	37.0	315	315	266	239	177	123	119	105	93	98	93	81	371	330	290	201	180	126	122	550	83	104	88	104	840	897	834	828	817	916	948	1058	887	970	714	94	1005	892	867	844	829	932	872	927	868	906	3092	926	185	156	171	178	209	242	283	329	1566	1504	397	85	380	382	342	372	385	393	400	401	367	362	363	95	15	13
21:08:57	37.0	312	328	284	233	166	131	113	95	98	100	88	78	361	329	280	214	169	141	114	547	96	99	96	113	853	915	828	831	824	934	960	1070	912	997	701	94	1019	913	838	832	826	935	876	936	862	908	3174	953	192	157	162	196	227	246	291	337	1559	1528	413	82	362	355	353	385	387	389	404	399	358	360	346	99	13	7
21:12:57	37.0	308	333	281	234	172	123	119	90	101	94	91	76	376	338	307	214	179	129	109	536	89	98	91	107	861	909	828	852	827	927	942	1075	908	993	727	92	999	924	853	846	849	979	883	961	861	917	3167	965	190	166	161	182	207	248	305	333	1582	1542	414	82	372	367	359	394	396	392	395	402	361	365	345	102	9	10
21:16:57	37.1	304	327	272	232	173	128	113	109	98	88	88	73	376	320	290	202	176	144	125	555	88	99	94	105	852	905	849	836	822	933	958	1086	910	1003	725	97	1014	922	870	863	840	959	885	940	856	911	3156	976	201	159	163	189	226	247	299	331	1586	1545	409	87	371	373	365	380	387	408	393	399	355	369	358	99	11	10
21:20:57	37.0	318	332	278	223	175	127	114	104	92	91	87	81	378	328	299	209	174	151	127	558	93	102	94	110	870	911	833	845	837	932	979	1071	916	1009	698	93	1003	922	872	860	831	988	885	938	865	940	3166	969	194	159	152	183	221	251	288	328	1595	1513	421	90	373	367	360	392	402	410	404	399	361	367	360	91	6	8
21:24:57	37.1	315	333	270	233	182	123	120	103	98	95	90	85	372	325	301	196	177	145	120	574	77	121	93	116	864	921	866	857	836	953	961	1082	927	987	731	88	1026	916	880	853	837	990	890	948	880	940	3155	1000	207	169	149	185	219	247	293	337	1588	1503	409	91	380	385	362	399	409	412	390	416	367	360	365	102	12	4
21:28:57	37.1	305	340	283	231	165	124	108	97	102	94	95	80	383	342	289	207	171	144	109	557	84	111	96	119	891	925	862	872	820	942	964	1084	932	1017	737	96	1022	953	854	852	861	998	903	977	872	937	3190	1000	189	160	162	179	221	240	295	338	1593	1561	412	80	380	380	358	386	399	410	410	413	350	375	354	104	10	5
21:32:57	37.1	321	341	289	231	170	126	119	100	95	106	88	94	371	348	296	216	178	136	122	557	97	105	100	107	864	943	871	859	853	959	985	1104	937	1020	729	98	1037	929	861	880	851	973	917	971	879	949	3196	999	198	159	164	198	220	249	280	330	1610	1553	422	86	398	387	363	401	392	407	410	398	377	378	348	89	15	15
21:36:57	37.1	320	325	281	233	170	123	109	102	95	98	83	88	385	347	300	205	174	143	125	570	92	104	93	117	880	943	853	835	858	969	991	1123	936	1045	715	101	1019	917	855	867	840	986	899	988	879	944	3226	1009	201	165	160	179	209	241	296	352	1611	1561	403	87	373	367	361	398	420	399	413	414	364	392	365	91	3	4
21:40:57	37.1	308	332	279	235	175	133	113	96	93	90	85	81	384	339	301	207	190	135	121	577	83	101	103	123	877	934	869	880	848	961	998	1126	946	1033	724	102	1029	947	871	894	880	1004	887	997	873	955	3230	1044	194	169	168	190	205	251	300	339	1649	1585	423	95	383	376	369	390	404	415	415	424	365	369	364	97	11	5
21:44:57	37.1	323	344	288	238	182	132	116	101	99	95	91	79	388	346	289	209	179	141	114	588	105	96	87	107	880	940	894	851	863	977	993	1132	952	1045	725	92	1054	962	861	877	859	1005	897	997	899	959	3297	1055	204	159	158	190	227	248	306	341	1645	1608	413	92	382	401	375	395	414	403	422	439	365	380	366	100	15	7
21:48:57	37.1	319	321	296	244	179	143	125	95	91	101	90	86	384	334	299	204	180	135	121	585	92	105	97	118	892	944	874	890	854	989	1001	1141	965	1034	751	97	1081	936	877	886	868	1018	920	1001	915	952	3265	1056	207	167	160	190	221	246	309	346	1647	1578	416	86	396	382	377	408	408	421	420	416	389	366	364	103	14	6
21:52:57	37.0	316	337	286	233	166	127	119	106	100	98	88	90	391	345	306	209	174	134	119	577	90	97	103	121	885	951	892	870	882	978	1007	1145	968	1042	737	89	1046	953	873	877	866	1013	917	1021	902	962	3261	1026	201	165	151	193	208	241	301	332	1664	1580	412	87	388	397	375	399	419	408	417	441	379	378	361	96	9	4
21:56:57	37.1	315	325	273	234	176	124	113	94	97	98	85	87	402	340	291	201	171	141	121	570	89	101	98	115	893	945	885	857	876	958	1011	1151	974	1058	733	113	1068	969	894	886	886	1042	945	986	886	981	3254	1059	199	164	162	192	211	250	315	335	1677	1587	407	95	386	384	384	386	415	409	411	441	366	384	369	102	18	11
22:00:57	37.1	322	334	281	242	180	124	124	101	96	98	94	81	384	351	296	210	184	149	120	598	85	106	99	113	905	981	897	883	876	982	1023	1185	981	1069	742	103	1085	961	881	898	871	1039	931	993	902	987	3277	1070	207	167	169	187	227	257	313	347	1702	1611	426	88	403	398	386	386	434	412	426	442	376	398	344	105	13	7
22:04:57	37.1	323	347	290	228	177	136	113	104	96	88	97	84	388	351	303	203	172	145	124	584	94	103	88	109	915	935	899	871	869	996	1025	1165	994	1051	727	98	1072	955	899	896	878	1022	933	1023	928	983	3300	1088	204	161	160	181	222	237	300	348	1703	1634	412	83	395	411	398	393	415	424	422	440	378	388	376	102	18	8
22:08:57	37.1	322	332	268	238	187	125	115	103	97	101	101	87	398	343	313	198	180	143	131	599	93	98	101	113	905	966	918	903	890	1004	1039	1180	998	1089	776	96	1085	965	906	893	901	1037	953	1005	906	993	3364	1074	194	160	172	194	211	256	314	340	1695	1630	411	96	385	404	402	402	429	428	430	452	380	382	371	91	11	11
22:12:57	37.1	327	337	294	229	170	136	121	99	93	109	94	90	409	349	312	215	193	147	130	594	95	107	108	125	908	967	913	894	886	1026	1039	1184	1008	1082	751	102	1074	965	938	903	877	1045	931	1033	903	988	3340	1108	211	168	164	188	223	247	307	356	1683	1636	420	93	405	401	394	418	423	419	417	456	361	389	383	97	17	7
22:16:57	37.1	306	343	288	240	175	127	125	94	99	95	98	90	392	345	306	213	186	144	131	583	96	110	108	112	905	963	922	922	886	990	1047	1178	1014	1119	756	113	1076	995	891	929	904	1058	949	1033	919	1013	3340	1120	209	156	165	189	227	268	301	362	1729	1637	438	99	403	414	404	403	414	445	424	456	368	393	367	97	0	7
22:20:57	37.0	324	340	260	241	187	134	112	101	110	95	97	88	392	342	287	204	179	137	116	593	95	97	94	115	926	973	915	920	899	1040	1063	1171	1024	1095	768	101	1080	984	909	915	911	1062	937	1037	936	1037	3403	1113	204	158	174	191	221	242	293	361	1735	1650	438	91	411	411	397	420	414	416	436	457	382	398	391	99	14	5
22:24:57	37.0	319	334	279	249	180	137	113	100	98	92	90	94	382	358	302	210	182	135	129	603	93	103	95	111	940	967	950	932	880	1018	1060	1205	1034	1114	764	104	1094	982	919	906	892	1066	967	1047	931	1025	3354	1119	203	164	166	187	224	255	310	343	1753	1649	424	95	406	398	401	404	425	443	437	455	373	411	382	102	12	6
22:28:57	37.1	321	335	295	246	186	143	113	111	102	96	90	91	393	345	298	219	175	145	126	601	89	98	93	114	924	982	942	955	902	1025	1058	1190	1042	1117	749	96	1103	992	913	914	924	1062	978	1059	920	1012	3357	1141	206	172	168	185	212	247	319	344	1762	1670	427	92	404	421	408	433	456	423	430	435	379	403	374	102	9	14
22:32:57	37.0	334	351	298	235	189	132	120	101	99	100	94	95	403	359	308	216	179	144	118	605	100	111	101	114	936	994	956	927	915	1056	1065	1211	1041	1146	773	87	1119	1001	906	914	880	1059	972	1060	940	1043	3384	1155	213	166	166	195	219	264	310	352	1756	1683	436	94	418	412	418	422	434	434	419	462	370	402	387	106	12	7
22:36:57	37.1	323	344	301	242	169	132	111	102	104	97	87	89	407	356	301	205	199	149	121	613	82	104	95	115	960	980	956	946	915	1061	1062	1168	1052	1124	778	95	1145	1021	945	912	918	1071	968	1069	948	1046	3423	1170	205	174	177	197	229	254	310	356	1761	1696	430	99	415	417	420	411	427	434	415	449	390	420	383	95	14	11
22:40:57	37.0	308	345	294	243	172	132	113	101	100	104	92	93	391	372	308	206	177	146	130	615	89	112	100	115	969	977	959	937	930	1049	1050	1198	1057	1129	769	104	1149	1001	961	937	897	1073	991	1077	946	1032	3441	1147	203	161	167	199	231	261	310	358	1792	1722	427	93	412	424	427	422	429	433	442	442	383	408	380	108	10	15
22:44:57	37.1	323	344	285	259	175	133	116	101	103	96	89	86	423	352	295	228	187	157	122	616	103	108	93	120	970	1001	971	942	932	1065	1089	1200	1058	1127	786	90	1149	1004	951	950	909	1062	1000	1081	958	1035	3456	1150	195	156	166	193	219	268	321	367	1808	1729	441	98	415	407	426	429	434	439	441	454	384	399	389	105	13	11
22:48:57	37.0	340	351	292	234	176	126	115	108	96	105	88	79	408	349	302	222	187	151	137	629	95	104	99	119	965	1006	981	969	943	1080	1078	1232	1090	1180	780	97	1164	1031	935	948	901	1097	991	1097	959	1056	3444	1194	204	168	167	195	232	256	325	368	1807	1728	457	84	425	426	425	434	425	435	443	467	372	417	392	106	7	14
22:52:57	37.1	324	343	299	257	190	129	119	100	110	100	98	86	401	349	315	210	181	152	135	631	94	117	102	114	988	1010	989	970	928	1074	1103	1227	1070	1153	775	108	1151	1023	960	953	920	1075	982	1102	967	1062	3469	1218	210	162	165	197	241	259	313	381	1792	1726	446	96	427	433	430	438	444	451	442	443	393	405	395	103	17	12
22:56:57	37.0	338	350	296	248	183	128	127	107	110	102	96	79	396	361	308	212	188	152	141	648	95	106	98	125	969	1001	980	963	941	1099	1080	1205	1106	1161	776	103	1153	1049	978	955	948	1096	991	1107	967	1058	3494	1215	206	176	166	196	225	270	317	365	1820	1758	438	106	439	416	426	418	443	441	441	459	378	429	405	102	13	9
23:00:57	37.1	338	343	296	254	192	130	115	113	103	103	87	84	417	355	314	209	193	147	139	636	89	115	103	121	951	1037	987	977	922	1073	1136	1235	1117	1185	782	108	1177	1037	976	963	914	1079	1015	1095	982	1086	3504	1207	209	182	170	186	213	262	339	372	1811	1756	449	93	427	422	441	433	456	441	443	451	387	417	404	103	9	6
23:04:57	37.1	342	356	302	247	187	139	121	104	98	102	91	83	412	355	299	214	184	151	121	633	97	117	101	118	976	1036	1001	971	945	1092	1116	1210	1099	1147	780	104	1183	1039	974	968	936	1092	1010	1127	1002	1079	3537	1217	197	177	163	195	234	271	321	378	1849	1776	441	93	433	426	428	425	423	430	464	445	380	421	404	98	14	7
23:08:57	37.1	344	351	297	257	193	138	127	109	111	108	99	91	409	361	313	218	191	158	138	636	103	103	113	120	970	1036	1007	993	976	1103	1125	1221	1127	1193	792	104	1181	1030	967	969	932	1084	1016	1097	977	1093	3482	1225	209	174	174	198	242	269	330	382	1879	1784	461	89	439	447	437	423	436	434	447	455	386	428	411	103	12	15
23:12:57	37.1	332	346	297	242	194	133	125	106	110	104	102	86	398	359	323	221	189	143	141	638	91	107	99	120	1000	1036	1015	980	956	1120	1126	1227	1136	1186	788	104	1176	1052	1008	982	935	1117	1023	1107	1024	1053	3516	1242	217	167	178	198	235	259	325	364	1854	1770	435	91	448	429	452	445	440	444	448	470	385	414	409	120	0	12
23:16:57	37.0	335	358	290	245	192	138	124	112	101	107	96	94	404	376	314	225	183	149	128	635	90	111	102	115	1000	1039	1010	981	970	1125	1083	1247	1126	1222	800	119	1190	1057	986	987	960	1104	1024	1117	1016	1099	3580	1218	214	169	158	192	226	248	309	380	1893	1762	436	87	461	433	426	434	446	439	434	456	402	435	411	98	10	20
23:20:57	37.1	343	347	293	255	185	136	124	109	114	97	89	88	424	368	319	219	191	152	141	651	95	101	109	127	1019	1041	1009	985	973	1100	1128	1252	1144	1204	811	106	1221	1057	1009	981	952	1070	1020	1119	1001	1109	3580	1270	204	174	165	206	236	265	332	377	1900	1751	445	95	438	448	458	440	446	453	457	459	394	421	412	103	12	8
23:24:57	37.1	335	356	308	272	186	135	135	106	102	96	97	93	405	366	334	205	191	157	137	664	92	109	108	124	1015	1050	1017	983	977	1134	1151	1258	1147	1216	786	98	1197	1026	1002	1002	940	1087	1032	1134	1024	1111	3560	1256	208	168	167	197	234	274	324	383	1914	1810	448	94	450	437	447	441	449	458	441	457	405	429	404	105	20	5
23:28:57	37.1	325	363	290	254	196	132	125	105	102	102	90	83	419	373	314	226	190	149	130	652	94	107	104	117	1021	1051	993	1014	968	1138	1170	1242	1128	1206	822	104	1204	1047	999	960	938	1109	1033	1145	1033	1103	3602	1275	211	170	171	200	223	269	331	381	1932	1777	438	97	442	434	457	455	447	445	454	444	419	428	391	108	14	7
23:32:57	37.1	324	349	309	242	174	153	122	104	108	98	98	99	414	359	317	206	174	152	127	657	104	110	109	119	1024	1061	1028	996	996	1132	1168	1271	1152	1213	814	102	1211	1063	1007	985	935	1118	1041	1137	1038	1103	3573	1298	213	165	178	204	222	285	315	383	1865	1790	441	87	455	439	448	431	461	465	458	462	409	420	424	99	14	8
23:36:57	37.0	337	366	304	248	188	136	135	113	105	90	97	89	427	379	306	213	198	160	128	670	94	121	103	104	1027	1043	1030	1015	959	1121	1172	1260	1163	1205	795	94	1211	1075	1025	979	957	1122	1060	1134	1020	1116	3616	1330	213	174	172	190	246	270	324	396	1930	1811	429	90	455	436	456	457	459	445	441	466	403	419	415	103	8	15
23:40:57	37.0	340	364	298	264	184	148	138	107	105	114	96	87	439	389	315	224	192	161	124	690	106	109	99	126	1033	1062	1051	1011	989	1156	1187	1275	1165	1243	801	116	1201	1067	1025	987	931	1114	1043	1174	1046	1102	3646	1296	197	166	181	208	223	265	320	397	1960	1859	443	100	459	441	460	449	462	452	460	473	417	399	416	106	9	18
23:44:57	37.0	342	370	311	266	189	132	120	107	108	101	97	92	418	369	322	221	185	154	132	671	96	118	114	129	1015	1092	1052	1017	992	1153	1169	1280	1199	1243	806	101	1216	1046	1043	1020	941	1144	1062	1151	1051	1112	3664	1319	209	173	180	192	237	261	337	406	1969	1849	454	94	450	447	482	452	460	454	451	477	398	411	397	111	13	17
23:48:57	37.1	352	367	302	266	192	148	124	105	105	107	97	91	429	378	309	222	197	155	142	693	97	118	111	121	1044	1089	1052	1026	998	1154	1162	1303	1196	1250	839	100	1232	1077	1058	1027	939	1168	1055	1159	1061	1148	3665	1339	213	173	177	204	245	269	352	397	1954	1870	461	91	462	450	477	451	468	452	453	465	415	438	409	113	9	4
23:52:57	37.0	346	362	296	257	201	136	137	110	111	107	101	91	418	370	332	218	191	155	143	671	106	111	103	118	1043	1078	1050	1043	1029	1138	1178	1306	1216	1262	836	102	1246	1067	1054	1035	959	1152	1067	1163	1053	1147	3663	1336	219	169	172	211	223	269	334	408	1981	1863	453	90	459	451	474	460	466	441	458	468	403	427	430	111	10	10
23:56:57	37.1	342	341	308	266	196	138	122	110	105	99	106	89	425	364	323	221	191	155	132	675	89	107	101	121	1050	1064	1051	1055	1008	1162	1178	1326	1188	1272	820	101	1236	1064	1056	1014	975	1157	1084	1152	1058	1134	3662	1339	213	171	179	202	234	272	336	405	1996	1905	446	95	471	457	464	449	451	446	462	476	426	425	404	106	4	7
24:00:57	37.1	341	386	305	265	189	148	129	121	106	101	98	96	424	371	327	223	184	144	136	676	110	119	105	128	1043	1093	1051	1068	1018	1157	1198	1313	1224	1241	820	110	1206	1069	1057	1015	964	1153	1061	1144	1088	1135	3698	1334	214	166	177	200	242	269	342	402	1981	1865	431	92	460	453	480	465	463	469	463	459	421	442	414	109	17	16

BFP and GFP:370,445

Time	T° BFP and GFP:370,445	B1	B2	B3	B4	B5	B6	B7	B8	B9	B10	B11	B12	C1	C2	C3	C4	C5	C6	C7	C8	C9	C10	C11	C12	D1	D2	D3	D4	D5	D6	D7	D8	D9	D10	D11	D12	E1	E2	E3	E4	E5	E6	E7	E8	E9	E10	E11	E12	F1	F2	F3	F4	F5	F6	F7	F8	F9	F10	F11	F12	G1	G2	G3	G4	G5	G6	G7	G8	G9	G10	G11	G12	H11	H12
0:01:40	37.0	28200	28877	28464	28170	28405	28466	28339	28310	28254	28112	27939	28703	27517	27882	27791	28110	27801	27597	27769	27744	28258	27156	28075	29141	27412	27571	27995	27628	28207	27905	27640	27913	27961	27721	27665	28764	27241	27285	27693	28056	28093	28276	27941	28233	27842	28040	27931	29178	27503	27797	28021	27851	28132	28397	28036	28048	27862	27694	28095	28809	27690	27731	27992	27863	27767	28071	27934	27845	27941	28023	27982	28845	25258	25222
0:05:40	37.0	27799	28140	28136	27920	27843	28209	28035	28338	27980	27901	27797	28398	26866	27743	27663	27660	27476	27850	27637	27504	28120	27030	27553	28918	27049	27709	27760	27413	28152	27942	27695	27325	27556	27719	27582	28749	26861	27147	27612	27814	27780	28149	27861	28207	27396	27807	27703	28788	27025	27663	27810	27796	27664	27736	27674	27681	27779	27395	27535	28577	27491	27529	27538	27711	27631	27526	27854	27579	27746	28016	27741	28664	24898	24961
0:09:40	37.0	27511	27883	28050	27391	27600	28059	27848	27545	27767	27424	27391	27981	26511	27503	27494	27730	27310	27119	27173	27050	27973	26693	27338	28481	26799	27392	27168	27184	27853	27581	27360	27285	27511	27339	27208	28560	26602	26888	27624	27710	27594	27799	27476	27606	27373	27636	27715	28533	27098	27424	27587	27552	27618	27740	27379	27450	27401	27186	27076	28536	27097	27273	27456	27588	27319	27570	27562	27548	27772	27476	27525	28572	24695	24583
0:13:40	37.0	27102	27845	27866	26986	27669	27801	27564	27597	27500	27317	27277	27691	26813	27494	27134	27379	27058	27082	27343	27078	27597	26528	27366	28145	26769	27277	27455	27283	27428	27101	26926	27117	27171	27119	26896	28260	26484	26799	27049	27445	27413	27579	27522	27518	27183	27335	27364	28220	26809	27361	27468	27228	27307	27518	27252	27210	27426	27083	27040	28364	26695	27194	27383	27409	27182	27329	27293	27110	27095	27400	27570	28339	24664	24315
0:17:40	37.0	27162	27525	27619	26907	27256	27716	27464	27418	27215	27171	27188	27218	26305	27261	26773	27034	26559	27102	27291	26871	27753	26375	26821	28186	26507	26878	27157	26933	27168	27229	27118	27193	27242	27075	26691	28464	26178	26683	27161	27233	27261	27426	27304	27270	27014	27541	27123	28190	26451	26972	27110	27084	26889	27241	27065	27050	27088	26861	26723	28053	26875	27007	27230	27064	27187	26980	27097	27005	27207	27355	27272	27953	24367	24289
0:21:40	37.1	27019	27437	27292	26843	27442	27521	27248	27111	27078	26978	26878	27228	26056	26805	26895	27042	26754	26980	26873	26524	27358	26220	26693	27870	26596	26783	26992	27030	27446	27063	27145	26822	26822	27096	26863	27772	26006	26592	26933	27505	27143	27364	27026	27273	26990	27084	26990	28044	26582	26868	27404	27281	26975	27065	27054	26814	26756	26704	26783	28078	26831	26956	26929	27068	27187	26972	26973	27002	27109	27133	26844	27817	24181	24201
0:25:40	37.0	26931	27199	27319	26627	26792	27547	26880	27141	26985	26519	26942	27109	26068	26730	26548	26900	26391	26806	26617	26472	27360	26029	26761	28000	26370	26670	26906	26948	27299	26959	26899	26283	26515	26903	26528	27986	26065	26373	26580	27019	27017	27170	26852	27126	26743	26952	26767	27751	26433	26884	26715	26797	26744	27041	26889	26682	26592	26741	26536	27584	26365	26769	26904	26964	26712	26836	26744	27006	26730	26927	26870	27750	24378	24152
0:29:40	37.0	26544	27014	27125	26601	26997	27534	27082	26947	26727	26459	26707	27006	25893	26651	26569	27030	26186	26225	26479	26254	26965	25649	26740	27603	26229	26485	26543	26563	26797	26773	26663	26368	26614	26522	26306	27687	25882	26164	26515	27036	26941	26997	26880	26661	26528	26741	26701	27918	26399	26736	26857	26823	26979	27068	26556	26575	26597	26456	26739	27815	26332	26606	26537	26838	26631	26715	26769	26891	26592	27166	26582	27701	24192	23971
0:33:40	37.0	26439	27104	26826	26300	26829	26773	26490	26804	26544	26432	26668	27059	26022	26440	26338	26611	26148	26553	26522	26367	27042	25713	26353	27606	26001	26380	26683	26314	26633	26551	26517	26566	26319	26531	26174	27780	25561	26024	26191	26857	26654	26713	26752	26558	26651	26599	26236	27418	26373	26662	26843	26664	26738	26747	26663	26219	26389	26204	26236	27629	26295	26545	26790	26734	26729	26591	26831	26564	26768	26769	26690	27524	24212	23857
0:37:40	37.0	26465	26676	26739	26240	26593	27089	26634	26711	26563	26082	26459	26776	25697	26454	26387	26428	26172	26185	26573	25892	26715	25639	26325	27273	25797	26189	26597	26453	26829	26602	26365	26104	26306	26189	26072	27680	25623	26021	26392	26857	26665	26491	26654	26825	26508	26463	26326	27779	26044	26393	26600	26591	26407	26730	26424	26263	26254	26019	26257	27415	26207	26313	26580	26568	26566	26668	26426	26438	26689	26733	26501	27455	23578	23975
0:41:40	37.0	26314	26847	26768	26228	26475	26817	26768	26371	26321	26103	26266	26833	25585	26144	26257	26426	25978	26196	26150	26107	26665	25548	26249	27478	25828	26244	26349	26441	26548	26215	26172	25875	26268	26080	25872	27506	25377	25777	25985	26560	26339	26557	26384	26405	26139	26281	26133	27428	26030	26336	26536	26318	26205	26544	26411	26149	26098	26112	25929	27353	26080	26367	26521	26504	26328	26313	26414	26509	26270	26178	26656	27379	23942	23673
0:45:40	37.0	26224	26586	26439	26285	26440	26950	26565	26519	26341	25914	26069	26536	25667	26140	26161	26499	25967	26100	26180	25947	26372	25317	26073	27599	25599	25921	26300	25921	26591	25926	26009	25563	26033	26115	25735	27635	25302	25629	26058	26233	26195	26622	26038	26352	26083	26045	26012	27225	25839	26122	26401	26297	26152	26541	26348	25998	25897	25812	26038	27326	25831	26133	26014	26185	26084	26596	26331	26052	26367	26439	26459	27313	23657	23653
0:49:40	37.0	25935	26408	26552	26037	26457	26637	26427	26580	26178	26048	25993	26433	25378	26110	25915	26268	25797	26184	26009	25827	26536	25517	26191	27489	25564	25876	26053	25962	26181	26024	25865	25497	25804	25987	25717	27261	25352	25409	25766	26191	26340	26055	26037	26017	25920	26307	25824	27283	25658	26069	26256	26145	26284	26395	26102	25998	25766	25881	25634	27340	25804	25811	26053	26059	26034	26147	26040	25788	26028	26344	26128	27122	23379	23535
0:53:40	37.0	25913	26183	26354	26128	26272	26322	26122	26283	26143	25927	26176	26314	25190	26092	25724	26335	25935	25805	26040	25807	26364	25426	25778	27443	25331	25633	25945	25776	26037	25763	25589	25532	25850	25840	25530	27229	25178	25196	25776	26014	25742	26018	25817	26032	25833	25868	25789	27018	25758	25907	26036	26282	25791	26344	26065	25731	25887	25558	25593	26913	25670	25728	25888	26137	25759	25883	25988	26152	25838	25999	26119	27099	23387	23510
0:57:40	37.0	25819	26275	26213	26071	26294	26434	26269	26239	26177	25919	25883	26215	25092	25702	25848	26086	25710	26044	26026	25766	26408	25339	25949	27308	25173	25646	25910	25636	25686	25561	25619	25221	25425	25496	25254	27180	25046	25079	25417	25864	25844	25869	25693	25468	25585	25624	25369	27218	25352	25835	25821	25908	25710	26097	25481	25708	25637	25488	25494	26855	25674	25783	25807	25742	25988	25881	25832	25869	25677	25722	25891	27017	23263	23260
1:01:40	37.0	25647	26199	26244	25765	26294	26577	26162	26386	26289	25764	25992	26130	25004	25555	25759	26138	25927	25959	25903	25686	26401	25187	25907	27015	25178	25510	25462	25510	25680	25465	25279	25007	25275	25572	24822	27239	24825	24819	25309	25593	25656	25592	25714	25389	25493	25597	25177	26667	25499	25676	25850	25947	25910	25920	25706	25497	25476	25524	25307	26994	25353	25687	25706	25854	25620	25486	25716	25630	25260	25808	25652	26901	23106	22948
1:05:40	37.0	26007	26085	26256	25785	26379	26305	26039	26275	25998	25928	25742	26008	24917	25397	25681	25776	25685	25866	25959	25693	26078	25316	25954	27057	24842	25367	25303	25412	25600	25431	24986	24793	24989	25001	24893	26941	24726	24928	25403	25664	25495	25455	25183	25182	25349	25372	24962	26707	25154	25500	25716	25927	25580	25823	25396	25195	25424	25230	25272	26916	25195	25359	25419	25263	25686	25606	25475	25589	25127	25367	25616	26973	23404	23013
1:09:40	37.0	25585	26017	25936	25808	26299	26016	25986	26086	25723	25764	25919	26065	24967	25263	25573	25983	25678	25799	25735	25670	26318	25398	26027	26993	24999	24988	25376	25219	25266	25196	24836	24679	25019	25160	24807	27000	24675	24682	24749	25207	25246	25362	25238	25168	25052	25087	24989	26823	25013	25019	25650	25697	25380	25627	25481	25309	25331	25057	25269	26949	25125	25258	25209	25414	25401	25431	25311	25334	25248	25572	25268	27040	23051	23107
1:13:40	37.0	25760	26015	26039	25622	26203	26089	25891	26003	25765	25675	25822	26006	24815	25516	25801	26089	25658	25704	26090	25950	26660	25485	25919	26961	24944	24855	25005	24947	25321	24903	24694	24603	24594	24941	24586	27114	24480	24610	25028	25134	25027	25194	25162	25217	24837	24928	24773	26833	25144	25207	25382	25754	25177	25461	25263	25233	24974	25001	25093	26903	25015	24772	24986	25245	25260	25198	25107	24886	25051	25268	24865	26969	22945	22679
1:17:40	37.0	25758	25861	26272	25604	26273	25862	25909	25883	25678	25752	25814	26024	24930	25533	25601	25970	25824	25773	25687	25744	26395	25495	25908	27164	24613	24713	24890	24726	25236	24828	24685	24371	24608	24620	24344	27105	24560	24337	24873	24825	24859	25131	24822	24795	24599	24702	24635	26846	24750	24808	25451	25456	25141	25333	25196	25084	24869	24875	24900	26763	24818	24788	24922	24897	25197	25047	25056	24860	24779	25084	25001	26888	22983	22593
1:21:40	37.0	25434	26006	26011	25398	25903	25948	25845	25974	25673	25785	25644	26100	24673	25181	25644	26072	25669	25714	25907	25470	26124	25263	25747	27233	24748	24748	24841	24467	24921	24579	24581	24361	24544	24353	24361	26946	24393	24448	24687	24867	24752	24836	24931	24696	24591	24639	24301	26630	24491	24970	25288	25509	25140	25121	25129	25013	25017	24923	25027	26599	24455	24821	24826	24817	24692	25110	24667	24705	24687	24776	24626	26850	22656	22323
1:25:40	37.0	25334	25832	25830	25639	25820	25796	25976	25714	25591	25780	25460	26124	24757	25035	25429	26015	25588	25765	26049	25631	26175	25265	25806	27217	24757	24595	24784	24614	24824	24529	24294	24270	24274	24525	24141	27002	24512	24181	24484	24838	24657	24667	24753	24393	24350	24659	24377	26580	24643	24797	25055	25334	25111	25204	25343	24985	24740	24907	24665	26924	24594	24514	24818	24635	24648	24576	24410	24345	24301	24696	24580	26768	22707	22459
1:29:40	37.0	25323	25556	25959	25361	25959	25637	25642	25762	25503	25785	25537	25856	24808	25282	25298	25728	25520	25848	25686	25480	25737	25249	25861	26877	24796	24517	24493	24567	24780	24336	24132	24157	24094	24251	24083	26927	24364	24035	24264	24442	24615	24401	24727	24528	24351	24338	24046	26843	24191	24862	24959	25380	25003	25234	25024	24955	24844	24726	24750	26864	24569	24385	24261	24514	24552	24569	24176	24092	24169	24495	24317	26877	22690	22056
1:33:40	37.0	25525	25702	25764	25243	25766	25881	25565	25768	25594	25626	25331	25967	24937	25219	25304	25743	25718	25416	25577	25373	25974	24985	25594	26866	24694	24238	24324	24324	24594	24188	24079	23858	24140	24244	23952	26886	24326	24056	24373	24408	24638	24387	24346	24481	24209	24515	24165	26765	24329	24597	24958	25260	25026	25305	25046	24962	24835	24970	24988	26874	24248	24143	24384	24268	24333	24399	23943	24030	23901	24291	24339	26971	22402	21913
1:37:40	37.0	25218	25500	25867	25248	25865	25643	25547	25760	25760	25579	25293	25718	24802	25328	25308	25377	25432	25500	25518	25256	25910	25006	25314	26765	24627	24251	24433	24164	24625	24070	23990	24106	23988	24080	24057	26846	24438	24067	24148	24495	24491	24569	24184	24363	24185	24093	24091	26348	24352	24558	24990	25260	24893	25228	25025	24903	24618	24603	24797	26576	24325	23878	24174	24232	24213	23960	23939	23789	23678	24081	23964	26754	22516	21923
1:41:40	37.0	25252	25355	25347	25246	25585	25489	25724	25733	25752	25543	25341	26071	24746	25124	25259	25465	25188	25221	25313	24999	25828	24957	25257	26852	24559	24449	24300	24319	24536	24053	23830	23659	23942	24040	23966	26808	24166	24107	24285	24258	24270	24259	24059	24449	24041	24156	23802	26464	24286	24462	24899	25159	25091	24971	24940	24948	24896	24731	24646	26526	24036	23965	23829	23756	24271	24017	23796	23837	23732	23874	23629	26625	22364	21817
1:45:40	37.0	25100	25558	25354	25347	25365	25704	25694	25621	25516	25673	25166	25803	24765	24875	25221	25510	25207	25415	25403	25239	25659	25168	25353	26977	24422	24168	24415	23988	24532	24123	23791	23692	23760	23806	23733	26663	24124	23913	24274	24401	24458	24195	24046	24145	23948	24137	23942	26336	24327	24354	24781	25083	24742	25054	24678	24819	24604	24558	24780	26507	23966	23795	23747	23601	23637	23598	23585	23408	23559	23791	23542	26621	22370	22008
1:49:40	37.0	25105	25309	25478	25051	25343	25482	25608	25443	25260	25740	25110	25747	24608	24945	25079	25506	25252	25106	25383	25130	25713	25007	25339	26769	24399	24147	24326	24092	24418	24069	23886	23762	23591	23920	23607	26871	24187	23769	23902	24252	24218	24063	24208	24150	23787	24227	23750	26117	23882	24161	24447	25162	24573	24782	24672	24805	24472	24568	24631	26344	23715	23622	23701	23732	23669	23467	23315	23273	23430	23388	23548	26426	22271	21976
1:53:40	37.0	25046	25374	25326	25144	25391	25597	25548	25511	25502	25565	25453	25621	24334	24910	24981	25553	25320	25389	25188	24941	25541	25069	25173	26641	24222	24266	24229	24131	23995	23913	23629	23583	23536	23780	23463	26650	24070	23817	24034	24046	24080	24086	23935	23828	23810	23883	23581	26239	23981	24200	24614	24839	24575	24765	24629	24915	24450	24379	24693	26477	23662	23392	23536	23565	23412	23620	23146	23319	23191	23225	23393	26177	22499	21964
1:57:40	37.0	24974	25220	25166	24986	25399	25483	25360	25466	25324	25333	25092	25746	24429	24823	25150	25330	24946	25235	25227	25101	25608	25023	25118	26593	24342	24004	24108	24122	24318	23979	23820	23826	23682	23623	23818	26539	24007	23806	24026	24117	24151	23871	23974	23801	23869	23962	23567	26179	23990	24045	24538	24786	24447	24636	24659	24491	24223	24266	24349	26471	23492	23229	23476	23350	23402	23309	23233	23225	23042	23253	23164	26473	22269	22105
2:01:40	37.0	24940	25230	25231	25172	25421	25707	25338	25522	25316	25299	25289	25582	24340	24665	25002	25190	25053	25069	25361	24889	25423	24795	25471	26316	24255	23937	24001	23715	23878	23701	23619	23580	23507	23418	23549	26784	24000	23819	23846	23804	23865	23828	23788	23862	23782	23715	23536	26021	23810	23981	24589	25016	24348	24500	24473	24722	24056	24133	24163	26362	23772	23365	23183	23251	23359	23345	22997	23043	22959	23072	22971	26404	22526	22001
2:05:40	37.0	24909	25134	25287	24865	25266	25381	25434	25512	25388	25405	25045	25530	24291	24719	24911	25102	24878	25097	25155	25078	25428	24810	25120	26577	24157	23931	24025	23678	24009	23713	23640	23451	23463	23581	23371	26479	23993	23634	23705	23890	23743	23932	23761	23819	23592	23512	23443	26106	23757	23851	24273	24619	24226	24441	24446	24304	23937	23966	24076	26459	23567	23238	23123	23016	23048	23168	22880	22831	22898	23055	23270	26235	22210	21921
2:09:40	37.0	24955	25157	25287	24992	25338	25242	25506	25176	25180	25372	24965	25463	24269	24606	24860	25130	24763	25260	25034	24826	25312	24836	25028	26302	23883	24026	23856	23554	23758	23766	23389	23377	23506	23539	23385	26424	23963	23756	23791	23919	23958	23639	23624	23846	23564	23654	23488	25731	23575	24019	24238	24512	24071	24419	24131	24094	23839	23978	23837	26221	23390	23059	23022	23089	23052	22943	22700	22881	22912	23044	22932	25990	22100	22020
2:13:40	37.0	24809	25117	25151	24750	25143	25317	25224	24971	25019	25256	24973	25518	24138	24557	24829	25074	24641	24838	25060	24834	25290	24900	25026	26528	24145	23896	23710	23400	24020	23537	23401	23366	23344	23443	23453	26344	24042	23605	23720	23874	23759	23924	23805	23739	23615	23636	23300	25848	23606	23571	23929	24448	23931	24285	24053	24095	23855	23902	23940	26144	23137	22964	22841	22927	22925	22931	22681	22620	22759	22833	22751	26010	22168	21810
2:17:40	37.0	24766	24932	25243	24746	25241	25239	25146	25190	24968	25126	24711	25396	24243	24461	24680	25074	24935	24967	25092	24994	25334	24647	24838	26393	24201	23998	23772	23709	23730	23595	23445	23288	23342	23381	23444	26449	23903	23570	23673	23850	23667	23591	23574	23734	23458	23642	23142	25543	23504	23541	23885	24250	23834	24236	24196	24188	23969	23895	23925	26055	23016	23047	22851	22828	22893	22795	22540	22481	22470	22559	22649	26081	22169	22024
2:21:40	37.0	24661	25065	25207	24717	24913	25147	24980	24908	24938	25032	24716	25216	24276	24613	24759	25146	24779	24621	25016	24697	25156	24772	24968	26553	23916	24235	23735	23518	23909	23328	23315	23469	23345	23332	23321	26160	23736	23497	23617	23784	23768	23626	23433	23648	23439	23553	23160	25713	23372	23471	23689	23986	24001	24209	24148	24074	23835	23839	23793	26049	23098	22679	22679	22724	22715	22530	22584	22346	22381	22550	22560	25878	22081	21892
2:25:40	37.0	24522	25005	25043	24912	24998	25064	25107	24897	24728	25026	24718	25195	24041	24563	24738	25065	24765	24840	24894	24592	25107	24629	24808	26140	23937	23766	23815	23376	23861	23571	23241	23255	23203	23180	23498	26168	23715	23517	23675	23928	23649	23465	23588	23541	23453	23528	23177	25493	23275	23420	23804	24180	23869	24166	24048	24194	23822	23927	23795	25738	22700	22698	22588	22538	22656	22376	22374	22349	22324	22298	22535	25752	21852	21705
2:29:40	37.0	24467	24787	24939	24600	24930	25135	24842	24932	24709	24993	24685	25147	23944	24247	24587	24914	24422	24809	25034	24745	25211	24488	24869	26190	23945	23829	23768	23549	23886	23276	23319	23293	23238	23386	23414	26062	23835	23572	23609	23858	23485	23650	23570	23701	23422	23570	23093	25485	23187	23324	24021	24117	23682	24016	23901	23898	23469	23519	23773	25732	22692	22587	22457	22286	22442	22336	22234	22362	22115	22299	22447	25579	21905	21774
2:33:40	37.0	24406	25068	24882	24581	24707	25044	24867	24978	24573	24866	24522	25080	23990	24357	24737	25015	24645	24743	24831	24613	25005	24357	24680	26031	23903	23952	23803	23571	23941	23449	23276	23166	23120	23075	23206	26099	23651	23491	23650	23965	23379	23474	23418	23528	23298	23308	23208	25270	23206	23116	23604	24053	23507	23935	23745	24130	23539	23629	23600	25672	22726	22524	22363	22394	22272	22216	22211	22000	22003	22177	22231	25674	22081	21864
2:37:40	37.0	24279	24818	24703	24713	24869	24897	24762	24747	24787	24854	24843	24996	23920	24395	24742	24568	24414	24608	24663	24459	25113	24367	24559	25786	24037	23828	23564	23542	23822	23226	23159	23220	23197	22907	23335	25941	23722	23703	23416	23878	23640	23336	23552	23537	23274	23336	23166	25035	23150	23043	23734	24105	23401	23968	23721	23899	23478	23548	23430	25556	22735	22271	22362	22234	22339	22175	22014	22065	21877	21974	22107	25720	22109	21717
2:41:40	37.0	24554	25017	24736	24455	24693	24909	24732	24919	24883	24805	24542	24836	24087	24253	24787	24875	24550	24631	24655	24481	24844	24640	24471	25978	23823	23805	23731	23513	23813	23354	23199	23105	23373	23396	23221	25790	23619	23581	23478	23775	23555	23435	23542	23678	23176	23385	23376	25213	22950	22881	23441	23692	23477	23851	23657	24086	23532	23469	23431	25613	22678	22248	22404	22264	22031	22098	22059	21965	21857	22117	22124	25472	21797	21724
2:45:40	37.0	24189	24840	24671	24597	24582	24669	24860	24756	24703	24955	24646	24391	23603	24148	24371	24665	24200	24606	24686	24316	24952	24387	24840	25713	23895	23751	23600	23349	23710	23295	23342	23235	23124	23192	23177	25752	23650	23365	23513	23750	23465	23443	23432	23443	23303	23395	23136	25022	22871	22957	23460	23498	23473	23649	23471	23732	23492	23304	23308	25472	22420	22170	22207	22209	22111	21997	21865	21836	21915	22018	22058	25622	21419	21501
2:49:40	37.0	24150	24674	24898	24804	24624	25012	24672	24729	24394	24857	24326	24402	23820	24062	24462	24545	24365	24461	24920	24507	24865	24227	24612	25831	23623	23911	23549	23321	23791	23314	23347	23175	23259	23377	23291	25836	23520	23609	23723	23776	23563	23415	23576	23557	23431	23371	23322	24996	22829	22863	23365	23426	23410	23804	23692	23863	23303	23280	23369	25310	22456	22175	22249	22133	21947	22003	21780	21773	21826	21918	21978	25492	21715	21600
2:53:40	37.0	24210	24720	24607	24277	24694	24670	24416	24335	24254	24088	23759	24406	23883	24079	24456	24704	24373	24439	24812	24250	24874	24529	24391	25779	23753	23700	23657	23381	23691	23318	23197	23265	22975	23450	23470	25805	23444	23329	23583	23721	23729	23452	23610	23522	23288	23206	23096	25204	22705	22803	23286	23630	23271	23621	23414	23657	23312	23367	23451	25461	22349	22172	21994	22148	21940	21692	21647	21622	21609	21687	21706	25637	21517	21312
2:57:40	37.0	24100	24840	24910	24329	24457	24203	24250	24198	23888	24047	23702	24363	23823	24030	24569	24603	24256	24399	24712	24146	24825	24357	24608	25816	23744	23728	23572	23537	23511	23502	23098	23018	23164	23325	23303	25805	23357	23368	23714	23553	23526	23382	23522	23476	23337	23541	23402	24741	22628	22825	23281	23477	23329	23643	23264	23572	23241	23165	23332	25268	22259	22038	21896	21620	21732	21770	21608	21651	21564	21570	21756	26080	21603	21245
3:01:40	37.0	23957	24619	24678	24587	24344	24223	24224	23945	23754	24161	23705	24468	23641	24141	24342	24518	24149	24334	24766	23745	24550	23923	24151	25596	23713	23836	23688	23491	23450	23395	23406	23230	23181	23412	23546	25089	23194	23271	23491	23515	23654	23775	23763	23479	23337	23657	23381	24582	22542	22845	23366	23414	23382	23514	23451	23679	23193	23374	23252	24967	22318	21860	21907	21747	21686	21702	21585	21492	21587	21656	21633	25834	21480	20902
3:05:40	37.0	24139	24690	24637	24075	24249	24146	24242	24160	23922	24225	24141	24527	23921	24206	24315	24668	24214	24534	24567	23324	24269	23619	23820	25274	23747	23723	23604	23758	23633	23269	23090	23020	22845	23513	23604	25345	23325	23282	23636	23782	23564	23652	23527	23412	23466	23587	23404	24400	22367	22767	23138	23482	23099	23636	23394	23772	23126	23243	23378	24758	22384	21741	21808	21626	21601	21564	21537	21218	21511	21647	21669	25548	21275	20684
3:09:40	37.0	23947	24405	24553	23805	23864	24162	24328	24417	24149	24318	24052	24669	23851	23997	24155	24472	24120	24120	23889	23907	23934	23747	23489	25161	23667	23725	23518	23488	23478	23262	23394	23029	23041	23354	23405	25080	23370	23326	23687	23792	23375	23658	23461	23823	23515	23394	23430	24572	22382	22863	23309	23532	23122	23837	23527	23728	23297	23303	23284	24758	22274	21697	21817	21426	21528	21501	21497	21410	21412	21465	21669	25350	21213	20523
3:13:40	37.0	24002	24298	23971	23644	24011	24274	24212	24322	24268	24519	23762	24599	23798	24120	24101	24526	23699	23673	23715	23810	24348	23622	23807	25035	23605	23715	23550	23691	23497	23291	23114	23085	23063	23396	23559	25038	23391	23329	23580	23589	23303	23814	23743	23631	23536	23560	23363	24325	22558	22821	22928	23430	23270	23507	23457	23610	23153	23262	23296	25014	22184	21822	21585	21600	21427	21474	21299	21175	21203	21558	21396	25353	21145	20213
3:17:40	37.0	23635	23938	24119	24027	24172	24414	24247	24311	24302	24236	23934	24657	23874	24011	24439	24133	23662	23754	23782	23437	24345	23907	24214	24977	23662	23733	23445	23762	23621	23232	23105	23187	23116	23307	23477	25008	23370	23323	23539	23577	23321	23631	23391	23678	23144	23551	23309	24471	22474	22761	23234	23488	23160	23736	23350	23696	23179	23277	23180	24919	22210	21586	21611	21429	21350	21341	21209	21266	21119	21492	21335	25347	21052	20141
3:21:40	37.0	23846	24136	24121	24132	24197	24302	24486	24185	24165	24030	23828	24579	23679	24018	24037	23961	23612	24076	24105	23733	24357	23820	24203	25235	23665	23614	23492	23776	23691	23473	23321	23336	23088	23404	23624	25011	23259	23274	23375	23568	23390	23660	23523	23467	23550	23574	23242	24257	22466	22708	23094	23499	23193	23546	23427	23550	23097	23187	23180	24715	22281	21508	21573	21376	21105	21380	21278	20991	21244	21091	21260	25298	20736	20051
3:25:40	37.0	23854	24067	24074	23978	24092	24522	24534	24351	24012	24099	23891	24405	23673	23797	23947	23822	23821	24028	24041	23709	24343	23936	24070	24980	23917	23607	23594	24103	23459	23554	23345	23356	23121	23614	23585	25121	23498	23315	23397	23455	23375	23738	23674	23469	23335	23399	23464	24322	22256	22455	22866	23548	23148	23287	23214	23413	22909	23183	23317	24802	22230	21575	21308	21413	21280	21202	21050	21079	21015	21041	21178	25055	20741	19814
3:29:40	37.0	24058	24554	24276	24280	24071	24367	24220	24160	24048	24274	23783	24363	23472	23783	23453	23770	23567	24016	24268	23401	24175	23928	23888	24927	23669	23696	23787	23780	23508	23518	23485	23308	23283	23763	23713	24750	23404	23191	23449	23745	23360	23715	23475	23449	23684	23535	23376	24045	22435	22647	23114	23336	23286	23547	23363	23660	22973	23010	22863	24650	22291	21606	21310	21272	21287	21238	20965	20986	21003	21142	21185	25259	20324	19667
3:33:40	37.0	23857	24181	24300	24319	24324	24191	24150	24145	23860	23854	23733	24429	23509	23526	23730	24256	23645	24086	23968	23504	24171	23561	23819	24964	23628	23755	23471	23732	23803	23569	23306	23291	23157	23690	23510	24929	23275	23083	23656	23622	23632	23453	23596	23630	23493	23529	23534	24207	22519	22708	23105	23434	23203	23389	23237	23601	22858	22801	23234	24718	21921	21620	21376	21267	21366	21006	20932	20793	20945	20997	21142	24920	20726	19480
3:37:40	37.0	24003	24438	24225	23918	24169	24373	24208	23925	23824	24123	23844	24144	23243	23607	23921	24196	23925	24229	23994	23399	24167	23857	23909	24927	23709	23787	23625	23833	23396	23597	23441	23432	23196	23599	23631	24630	23272	23024	23299	23701	23328	23891	23604	23494	23474	23470	23508	23978	22428	22393	22950	23208	23309	23493	23006	23603	22591	22764	22810	24490	22194	21313	21419	21393	21158	21004	20979	20910	20706	20841	21045	25085	20587	19321
3:41:40	37.0	24010	24288	24524	24157	24117	24050	24259	24074	23694	23841	23528	24071	23365	23829	24014	24043	23820	24022	23933	23377	24072	23770	23759	25034	23618	23507	23408	23690	23414	23552	23553	23266	23331	23591	23880	25080	22914	23084	23726	23589	23343	23962	23401	23620	23369	23529	23426	24124	22323	22607	23142	23253	23344	23488	23155	23341	22663	22703	22821	24648	22055	21349	21044	21130	20992	20863	20915	20749	20680	20857	20871	24900	20389	19284
3:45:40	37.0	24056	24328	24379	23985	24215	24177	23935	24062	23702	23998	23401	24186	23448	23748	24160	24007	24083	24056	24001	23278	24154	23684	23941	24804	23468	23813	23470	23739	23674	23373	23386	23351	23269	23709	24019	24910	23096	23342	23934	23636	23570	23584	23498	23387	23503	23275	23748	23933	22427	22410	23097	23298	23103	23271	23102	23165	22426	22687	22681	24481	21997	21340	21257	21192	20876	20951	20645	20537	20954	20965	20896	24743	20481	19288
3:49:40	37.0	24169	24433	24395	24086	24112	24075	24049	23926	23602	23846	23156	23820	23373	23681	23988	24041	23901	24077	23972	23358	24139	23678	23615	24802	23511	23787	23786	23500	23757	23734	23421	23381	23434	23620	23958	24742	23284	23274	23666	23726	23484	23784	23484	23564	23356	23395	23635	23864	22233	22553	23016	23410	22995	23031	23054	23172	22446	22628	22642	24403	21795	21172	20951	20984	21109	20852	20698	20692	20587	20833	20883	24998	20413	19233
3:53:40	37.0	24001	24284	24500	24062	24133	24021	23832	23654	23393	23656	23124	23846	23661	24108	24075	23859	23948	23939	23785	23102	23962	23652	23638	24846	23562	23755	23715	23849	23615	23680	23225	23605	23458	23742	23922	24740	23117	23619	23625	23631	23560	23986	23543	23626	23367	23561	23543	23557	22285	22626	23039	23000	22957	23003	22748	23142	22601	22466	22549	24350	21797	21030	21052	20864	20735	20830	20650	20606	20544	20770	20863	24982	20314	19074
3:57:40	37.0	24318	24555	24295	24198	24031	23972	23982	23628	23502	23531	22899	23904	23835	23864	24247	24172	23822	23815	23786	23136	23710	23402	23476	24513	23907	23929	23801	23788	23943	23796	23208	23593	23698	23625	23906	24560	23286	23365	23759	23723	23557	23836	23636	23877	23274	23568	23640	23656	22138	22331	22938	23064	22728	22771	22769	23244	22541	22282	22643	24151	21965	21146	21164	20759	20904	20751	20532	20390	20459	20907	20811	24643	20216	19041
4:01:40	37.0	24135	24288	24330	24148	24099	23900	23791	23789	23379	23652	22927	23742	23547	23839	24122	23839	23692	23744	23790	23117	23729	23533	23305	24589	23428	24104	23668	23490	23680	23743	23366	23413	23586	23833	24065	24519	23188	23399	23705	23746	23508	23797	23657	23672	23462	23578	23588	23627	22175	22493	23041	22870	22850	22862	22924	22812	22494	22360	22712	24379	21864	21064	21015	20707	20691	20530	20431	20408	20480	20737	20633	24700	20395	18917
4:05:40	37.0	24161	24396	24367	23860	23702	23684	23458	23539	23105	23458	22693	23681	23688	23882	24290	23981	23831	23592	23679	22793	23501	23165	23328	24647	23437	23896	23733	23810	23769	23591	23507	23681	23527	23884	23879	24488	23329	23378	23746	23747	23608	23902	23473	23873	23524	23577	23620	23639	22312	22317	23186	23047	22862	22849	23072	23180	22415	22538	22598	24233	21759	21134	20925	20838	20623	20449	20661	20349	20373	20694	20619	24805	20345	18922
4:09:40	37.0	24082	24538	24232	23872	23863	23773	23663	23346	22917	23314	22731	23529	23490	23903	24070	23855	23736	23485	23508	22596	23381	23120	23277	24418	23797	23868	23826	23454	23775	23911	23516	23664	23618	23948	23955	24403	23231	23539	24039	23933	23555	24052	23591	23800	23678	23544	23727	23382	22066	22377	22795	22841	22662	22918	22979	23258	22074	22246	22436	24140	21489	20831	20924	20745	20471	20565	20509	20135	20358	20574	20401	24458	20179	18819
4:13:40	37.0	24301	24347	24379	23716	23821	23640	23572	23382	22887	23352	22598	23632	23671	23832	24132	24033	23623	23680	23578	22332	23414	23065	23177	24136	23622	23967	23707	23922	23787	23992	23472	23755	23683	23972	23842	24342	23228	23833	23808	23926	23894	23948	23723	23869	23587	23555	23695	23448	22207	22390	22931	22670	22595	22627	22720	22934	21996	22119	22457	23906	21626	20828	20925	20627	20450	20506	20424	20020	20067	20582	20646	24421	20037	18888
4:17:40	37.0	24197	24448	24298	23788	23446	23403	23213	23153	22912	23101	22402	23453	23636	23853	24031	23953	23747	23495	23177	22452	23425	23105	22849	24434	23766	23962	23855	23814	23965	24019	23586	23543	23646	23969	23792	24491	23480	23710	23981	23776	23717	24050	23557	23897	23720	23663	23692	23052	22150	22396	22778	22572	22569	22607	22493	22645	21936	22037	22112	24100	21510	20755	20773	20568	20310	20327	20236	20316	20174	20543	20615	24632	19996	18749
4:21:40	37.0	24311	24510	24259	23774	23428	23396	23381	23099	23005	23040	22183	23331	23873	23858	24201	24239	23613	23421	23150	22105	23290	22945	22712	24100	23874	23858	23697	23809	23878	23894	23354	23572	23532	23921	24032	24345	23432	23688	24016	24071	23892	23895	23942	24089	23645	23504	23659	23173	21981	22096	22556	22528	22458	22518	22398	22452	21863	21914	22215	23905	21396	20610	20659	20607	20272	20546	20289	20228	20091	20369	20725	24353	20006	18871
4:25:40	37.0	24240	24380	24415	23525	23457	23303	23070	22747	22859	22893	22111	23466	23995	24054	24302	24060	23342	23131	23258	22063	23174	22926	22893	24234	23863	23955	24035	23857	23903	24062	23591	23747	23666	23857	23831	24314	23169	23716	24094	23792	23855	23945	23790	24081	23793	23622	23816	23026	21922	21901	22392	22555	22195	22463	22217	22539	21824	21772	22050	23799	21374	20682	20594	20405	20103	20308	20089	20316	20096	20292	20438	24260	19946	18581
4:29:40	37.0	24050	24292	24124	23705	23159	23261	22881	22860	22610	22744	22020	23134	23740	23911	24270	23987	23321	23141	22952	21938	23033	22713	22517	24235	23839	23796	23929	23940	24049	23996	23630	23708	23621	23985	24188	24059	23505	23739	23975	23946	23868	23946	23719	23940	23691	23613	23945	22873	21847	22105	22314	22249	22107	22263	22120	22332	21843	21813	22170	23748	21284	20609	20882	20211	20277	20171	20162	20016	20111	20422	20490	24192	19828	18589
4:33:40	37.0	24269	24517	24274	23330	23209	22959	22778	22802	22466	22663	21932	23165	23900	24066	24115	23856	23507	23082	23134	21756	22748	22379	22319	24016	23827	24014	23755	23956	23916	24247	23744	23724	23733	23938	24002	23949	23621	23487	23956	24054	23851	23957	23801	24116	23628	23551	23535	22701	21880	21915	22324	22243	22199	22361	22073	22416	21811	21718	22021	23710	21229	20660	20553	20161	20158	20141	20247	20092	20048	20303	20408	24172	19679	18626
4:37:40	37.0	24189	24421	24062	23246	23020	23028	22796	22554	22358	22644	21699	23203	23819	23999	24061	23748	23102	22894	22932	21656	22728	22597	22562	23803	23771	24000	24079	23841	24178	23968	23641	23803	23808	23906	23876	23937	23588	23608	23887	24033	23792	23952	23629	23980	23407	23561	23705	22520	21836	21831	22347	22193	22090	22055	22004	22192	21757	21907	22034	23637	21364	20512	20339	20208	20290	20058	20066	19885	19981	20298	20291	24190	19493	18489
4:41:40	37.0	24013	24333	23875	23269	23013	22860	22674	22467	22076	22486	21636	22785	23591	24072	24086	23702	23035	22823	22699	21411	22725	22256	22270	23857	23925	24032	24019	23916	23884	24107	23660	23729	23518	23828	23984	23849	23503	23627	23889	23967	23926	23967	23666	23972	23811	23832	24096	22423	21730	21970	22177	22261	21775	22337	22325	22162	21715	21569	21953	23500	21102	20355	20279	20204	20159	20133	20054	19934	20010	20166	20220	24072	19369	18561
4:45:40	37.0	23932	24464	24096	23135	22789	22664	22694	22388	22082	22386	21604	22876	23593	23907	24138	23653	22864	22767	22586	21570	22668	22168	22188	23792	24010	24280	23855	24025	23890	23875	23656	23691	23817	23975	24128	23730	23668	23763	24028	24151	23925	24073	23618	23827	23653	23647	23982	22285	21677	21748	21985	22246	22058	21935	21924	22188	21509	21652	21857	23291	21160	20346	20286	20049	20073	20013	20199	19739	19982	19966	20098	24203	19439	18448
4:49:40	37.0	23841	24236	23939	23140	22512	22638	22489	22404	21896	22345	21401	22515	23453	23784	24079	23414	22945	22722	22581	21267	22370	22153	21942	23499	23887	24090	24024	23955	23970	24034	23549	23699	23586	24171	24039	23603	23704	23826	24079	24083	23853	23987	23650	23958	23419	23638	24146	22229	21588	21611	21905	21967	21772	22089	21881	21993	21385	21481	21891	23217	20934	20209	20348	20169	20014	20080	20067	19804	19815	20121	20254	23894	19476	18377
4:53:40	37.0	23804	24296	23875	22802	22547	22222	22201	22185	21665	22089	21280	22539	23503	23976	24008	23653	22705	22313	22188	21130	22192	21803	21861	23596	23780	24094	23992	23932	23969	23943	23597	23711	23748	24102	23819	23637	23527	23659	23971	24062	23822	23874	23628	23876	23613	23599	23871	22164	21526	21744	22088	21996	21652	21926	21834	22052	21425	21516	21767	23400	20927	20040	20184	19988	19950	19936	19889	19718	19894	20198	20196	23824	19717	18518
4:57:40	37.0	24095	24231	23983	22868	22232	22186	22213	21930	21663	22143	21196	22460	23722	23906	23912	23236	22515	22305	22210	21069	22097	21830	21940	23415	23716	24224	23940	23833	23995	24141	23703	23842	23552	23848	23763	23370	23490	23896	23908	24051	23893	23918	23627	23960	23450	23752	24074	22012	21451	21526	21945	21754	21598	21934	21737	21958	21442	21398	21769	23011	20862	20169	20077	19931	19787	19972	19909	19780	19634	19929	20133	23838	19606	18442
5:01:40	37.0	23531	24383	23539	22691	22134	22155	22027	22008	21491	21969	21170	22587	23558	23790	23956	23194	22552	22299	22215	20798	21972	21627	21562	23388	24217	23962	23794	23800	23977	23967	23368	23743	23622	23788	23735	23401	23585	23728	23932	24047	23712	23824	23604	23737	23373	23596	23985	21805	21488	21419	21841	21559	21696	21881	21815	21981	21189	21367	21856	22907	20896	20185	20149	20022	19755	19770	19794	19626	19582	19889	19931	23701	19428	18394
5:05:40	37.0	23900	24210	23692	22550	22067	22089	21907	21914	21435	21642	21013	22352	23518	23648	23722	22985	22235	22146	21696	20619	21903	21645	21733	23251	23764	24173	23937	24017	23963	23841	23654	23829	23554	23917	23640	23390	23602	23574	23832	23964	23799	23930	23570	23790	23493	23669	24047	21726	21365	21339	21826	21838	21393	21776	21677	22040	21197	21112	21646	23041	20774	20156	20026	19813	19794	19816	19811	19620	19580	19902	20145	23665	19601	18421
5:09:40	37.0	23548	23945	23411	22315	22060	21889	21962	21616	21454	21549	20873	22261	23486	23774	24106	22862	22205	22099	21896	20595	21595	21392	21399	23009	23857	23993	24122	23968	24056	23976	23490	23507	23366	23985	23502	23314	23433	23783	23869	24319	23543	23757	23665	23603	23564	23579	23942	21551	21247	21390	21563	21627	21535	21840	21682	21728	21285	21262	21632	22974	20754	20050	19914	19853	19766	19823	19970	19383	19710	19911	20108	23681	19448	18526
5:13:40	37.0	23513	24109	23319	22350	22064	21917	21628	21569	21296	21526	20955	22137	23325	23779	23780	22808	22033	21953	21816	20545	21727	21381	21310	23119	23780	24251	24080	24028	23838	24015	23738	23647	23081	23757	23500	23316	23512	23688	23716	24046	23586	23774	23860	23719	23520	23528	23986	21583	21096	21372	21661	21572	21237	21445	21662	21584	20997	21031	21620	22723	20687	19914	20035	19802	19869	19617	19787	19566	19588	19992	20106	23719	19453	18287
5:17:40	37.0	23442	24232	23039	22207	21561	21694	21655	21327	21029	21429	20551	21944	23071	23693	23708	22704	21899	21917	21862	20356	21567	21424	21144	23047	23708	24144	23843	23792	23948	23789	23648	23523	23144	23915	23382	23029	23588	23537	23997	23933	23639	23477	23563	23478	23281	23563	23932	21267	21035	21318	21575	21409	21102	21577	21512	21695	20920	20947	21380	22543	20616	19860	19925	19611	19673	19641	19703	19523	19719	19925	19902	23597	19459	18075
5:21:40	37.0	23348	24071	23016	21879	21495	21577	21375	21332	21130	21349	20446	21950	23109	23551	23482	22485	21889	21828	21571	20197	21255	21230	21259	23089	23943	24099	23807	23588	23570	23737	23525	23493	23415	23618	23196	22995	23553	23504	23925	23928	23580	23650	23337	23540	23438	23170	24058	21273	21187	21112	21359	21569	21026	21406	21489	21470	20815	21112	21273	22587	20719	19897	19911	19731	19724	19795	19787	19602	19663	19990	19970	23466	19365	18237
5:25:40	37.0	23259	24126	22907	21920	21364	21706	21313	21145	20715	21265	20461	21813	22977	23496	23460	22365	21676	21563	21286	20159	21230	21130	20853	22834	23891	24095	23769	23732	23682	23741	23420	23233	23074	23673	23260	22926	23399	23623	23785	23745	23526	23445	23278	23486	23489	23337	23897	21198	21082	21250	21595	21518	21075	21514	21614	21538	20908	20763	21317	22576	20559	19790	19792	19703	19852	19600	19721	19541	19476	19938	19941	23264	19626	18219
5:29:40	37.0	23040	23953	22819	21768	21259	21362	21115	21016	20831	21165	20335	21581	23011	23316	23311	22185	21380	21563	21065	19909	21187	21150	20955	22947	23791	24251	23698	23530	23540	23625	23420	23321	22996	23611	23292	22889	23503	23430	23699	23730	23504	23496	23337	23315	23245	23130	24017	21167	20997	21069	21508	21348	20941	21251	21258	21493	20777	20651	21440	22275	20395	19811	19947	19560	19624	19693	19652	19380	19464	19812	19936	23405	19335	17953
5:33:40	37.0	22884	23891	22642	21573	21227	21056	21199	20874	20740	20967	20292	21456	23156	23184	23205	22087	21399	21209	21167	19740	20953	20884	20698	22728	23880	23978	23721	23399	23691	23499	23277	23242	22842	23345	23153	22956	23064	23386	23641	23881	23470	23189	23493	23365	23357	23239	24017	20921	20995	20831	21155	21325	20769	21275	21377	21480	20578	20751	21186	22147	20423	19795	19774	19691	19641	19691	19628	19193	19454	19948	19871	23128	19470	18197
5:37:40	37.0	22943	23741	22526	21381	21094	20865	20796	20870	20492	20919	20253	21354	22958	23145	23067	21832	21354	21183	20936	19930	20958	20635	20822	22726	23419	24096	23483	23308	23425	23360	23197	23365	23020	23247	22896	22768	23264	23461	23625	23516	23373	23233	23344	23372	22946	22865	24106	20690	20789	20883	21253	20995	20769	21253	21145	21454	20673	20708	21174	22158	20307	19736	19679	19676	19552	19566	19555	19334	19659	20163	19847	23173	19554	18097
5:41:40	37.0	22474	23489	22369	21495	20971	21117	20870	20692	20321	20758	20029	21263	22968	23116	22641	21832	21073	21166	20871	19882	20700	20559	20584	22548	23575	24037	23626	23272	23489	23278	23052	22926	22738	23130	23025	22688	23104	23348	23453	23532	23255	23124	23193	23159	22971	23095	23942	20631	20815	20908	21179	21146	20673	20992	21119	21356	20495	20507	21140	21926	20411	19688	19818	19517	19543	19655	19582	19336	19341	19922	19836	23023	19561	17963
5:45:40	37.0	22403	23386	22108	21159	20684	20779	20483	20454	20288	20512	19887	20987	22947	22929	22639	21548	20907	21021	20859	19563	20803	20526	20492	22362	23482	24045	23304	23243	23353	23161	22915	22958	22669	23115	23044	22736	23103	23149	23392	23391	23019	23087	22997	23151	22919	22752	23957	20681	20685	20852	21180	20943	20728	21212	21107	21513	20402	20367	20868	21879	20222	19733	19803	19568	19553	19534	19547	19378	19337	19908	19673	22887	19452	17970
5:49:40	37.0	22094	23296	22035	20936	20679	20525	20496	20434	20214	20690	19907	20910	22673	23013	22440	21384	20579	20773	20841	19550	20480	20506	20347	22280	23331	23936	23053	23172	23261	22985	22851	22722	22738	23150	22705	22602	22802	23316	23339	23349	22814	22952	22935	22832	22940	22768	24309	20394	20742	20772	21106	21062	20471	21031	21108	21525	20339	20299	21157	21802	20073	19659	19591	19497	19507	19663	19474	19117	19366	19880	19509	22953	19330	18068
5:53:40	37.0	21854	22992	21871	20876	20534	20468	20395	20352	20189	20474	19862	21213	22414	22804	22426	21440	20706	20677	20483	19277	20531	20194	20228	22319	23271	23833	23242	22915	23246	23072	22847	22741	22543	22935	22672	22544	22841	23009	23357	23157	22830	22756	22961	22793	22839	22642	23866	20246	20648	20705	20860	20893	20742	20949	20849	21206	20037	20267	20917	21731	20126	19481	19564	19570	19512	19385	19391	19240	19434	19988	19832	22979	19209	18250
5:57:40	37.0	21871	22772	21582	20727	20241	20487	20180	20289	20110	20271	19871	20957	22491	22758	22336	21113	20831	20702	20402	19209	20415	20288	20177	22118	23281	23518	23130	22867	23050	22761	22641	22818	22539	22874	22595	22262	22782	22983	23193	23120	22960	22784	22641	22907	22538	22610	24092	20220	20592	20670	20911	20912	20744	20792	20988	21115	20109	20142	20926	21616	20142	19781	19686	19582	19612	19562	19439	19210	19360	20091	19644	22673	19389	18519
6:01:40	37.0	21686	22732	21571	20512	20328	20349	20274	20251	19890	20262	19593	20717	22380	22511	22045	21042	20385	20348	20175	19142	20339	20298	19986	22037	23134	23692	23028	22813	22923	22907	22463	22498	22464	22777	22558	22319	22708	22967	23019	23041	22718	22556	22666	22682	22525	22474	23882	20100	20293	20475	20792	20822	20398	21004	20928	20948	20185	20120	21049	21492	20050	19580	19755	19489	19442	19527	19379	19422	19328	20100	19721	22552	19369	18856
6:05:40	37.0	21535	22303	21529	20221	20058	20091	19919	20191	19938	20230	19565	20719	21999	22243	22131	20943	20398	20386	20161	18965	20193	20208	20003	21983	23000	23525	22981	22710	22978	22783	22343	22494	22266	22764	22184	21984	22663	22908	22946	22873	22596	22443	22585	22573	22295	22305	24185	20073	20111	20506	20852	20770	20279	20786	20756	20975	19934	19959	20997	21490	20125	19546	19806	19383	19423	19483	19319	19204	19266	19898	19576	22780	19444	18778
6:09:40	37.0	21309	22154	21174	20065	20001	20057	19973	20120	19815	20083	19584	20555	21832	22370	21639	20657	20210	20246	19987	18947	20133	20183	19856	21970	22870	23413	22603	22490	22725	22552	22177	22465	22308	22604	22334	22027	22551	22761	22902	22740	22521	22517	22405	22562	22592	22267	24139	19738	20230	20394	20643	20715	20537	20848	20845	20928	19962	19947	20969	21261	19999	19681	19739	19383	19359	19565	19392	19168	19286	19931	19590	22512	19367	18732
6:13:40	37.0	21257	21966	21138	19989	19951	19914	19990	19986	19726	20053	19458	20390	21748	21957	21472	20592	20050	20258	20113	18882	19919	19829	19743	21871	22967	23065	22662	22435	22758	22479	22310	22314	22140	22554	22300	21637	22359	22734	22779	22721	22400	22415	22310	22521	22282	22525	23987	19619	20186	20427	20774	20624	20587	20780	20760	20912	19932	19915	20804	21283	20017	19585	19623	19303	19572	19664	19329	19206	19366	19898	19493	22354	19147	18422
6:17:40	37.0	21016	21943	20979	19913	19731	19823	19777	19943	19601	19996	19523	20265	21687	21939	21409	20625	19864	20030	19971	18825	19885	19860	19755	21775	22500	23139	22574	22289	22509	22354	22137	22187	22157	22465	22146	21684	22599	22500	22860	22819	22279	22185	22274	22219	22244	22130	23915	19526	20194	20268	20621	20563	20300	20610	20704	20860	19679	19709	20829	21071	19909	19361	19533	19460	19434	19409	19256	19108	19268	19778	19551	22170	19193	18781
6:21:40	37.0	21024	21708	20813	19794	19548	19751	19767	19750	19464	19819	19293	20222	21411	21641	21352	20333	19720	19923	19706	18896	19820	19727	19711	21748	22395	23109	22578	22339	22482	22484	22073	22138	21989	22342	22054	21577	22222	22314	22562	22573	22098	22174	22074	22081	22108	22142	23818	19709	20299	20159	20497	20701	20334	20698	20551	20939	19790	19892	20827	20958	19907	19481	19523	19442	19265	19487	19282	19173	19283	20016	19524	22155	19281	18416
6:25:40	37.0	20876	21623	20570	19654	19680	19697	19735	19804	19485	19843	19455	20126	21400	21612	21112	20283	19542	19694	19640	18658	19798	19525	19611	21752	22520	23037	22347	22215	22302	22312	22005	21883	21840	22310	21953	21460	22217	22323	22352	22366	22293	21967	22237	22083	21927	21761	23791	19654	20159	20249	20561	20648	20133	20528	20645	20911	19589	19584	20953	20811	19751	19475	19698	19356	19327	19389	19272	19332	19232	19719	19585	22002	19074	18517
6:29:40	37.0	20745	21553	20437	19610	19430	19736	19546	19573	19220	19631	19204	19977	21168	21171	21110	20131	19723	19791	19540	18644	19632	19524	19326	21712	22336	23052	22277	22066	22358	22182	21780	21920	21808	22106	21825	21458	22058	22177	22462	22384	21867	22245	21838	22097	22071	21900	23859	19438	20107	20135	20420	20494	20274	20504	20438	20623	19462	19686	20720	20932	19808	19571	19569	19451	19201	19583	19390	19220	19279	19749	19574	21755	19171	18330
6:33:40	37.0	20484	21207	20482	19657	19518	19464	19422	19529	19239	19486	19312	20047	21138	20894	20827	19990	19428	19450	19615	18695	19513	19379	19426	21520	22183	22875	22289	22134	22016	21983	21814	21855	21608	22175	21964	21239	22165	22052	22413	22140	21868	21911	21906	21910	21947	21844	23420	19399	20009	19930	20443	20466	20098	20511	20496	20659	19466	19561	20765	20610	19735	19482	19771	19301	19162	19443	19294	19352	19200	19973	19565	21950	19116	17728
6:37:40	37.0	20293	21147	20405	19385	19453	19255	19335	19508	19369	19531	19079	20011	21000	20892	20679	19919	19438	19519	19686	18587	19440	19545	19214	21193	22193	22838	22184	22007	21909	21795	21667	21829	21735	21943	21734	21377	22025	22173	22192	22169	21757	21917	21787	21932	21680	21944	23487	19212	20068	19963	20425	20381	19953	20548	20576	20533	19331	19463	20581	20654	19808	19383	19570	19244	19138	19370	19360	19193	19120	19952	19609	21739	19112	17756
6:41:40	37.0	20228	20949	20067	19249	19347	19561	19361	19371	19254	19438	18991	19958	20822	20783	20477	19656	19387	19290	19390	18420	19509	19370	19345	21174	22104	22718	22044	21860	22027	21872	21620	21859	21513	22027	21740	21021	21899	22000	22138	22185	21697	21713	21670	21892	21709	21741	23354	19154	20036	20018	20180	20289	20023	20508	20457	20668	19372	19437	20883	20673	19630	19409	19490	19286	19186	19525	19429	19251	19082	19769	19522	21847	18992	18158
6:45:40	37.1	20096	20601	20116	19265	19271	19320	19522	19239	19114	19497	18938	19856	20660	20643	20328	19735	19184	19224	19215	18348	19391	19183	19020	21247	22202	22426	21872	21637	21826	21535	21537	21676	21370	21929	21493	20963	21594	21964	21788	21937	21600	21500	21475	21638	21621	21582	23083	19137	19858	19970	20276	20356	19998	20477	20356	20503	19415	19511	20636	20356	19822	19429	19518	19293	19217	19491	19262	19059	19232	19766	19378	21737	18974	17979
6:49:40	37.0	20213	20674	19891	19117	19121	19451	19322	19193	19074	19271	18972	19768	20418	20429	20277	19687	19129	19396	19398	18361	19381	19131	19021	21110	22031	22356	21788	21681	21756	21675	21400	21671	21317	21643	21716	20893	21612	21837	21951	21874	21534	21586	21536	21596	21634	21199	23219	18955	19964	19926	20174	20116	19844	20321	20186	20410	19188	19309	20422	20241	19711	19460	19451	19225	19051	19476	19175	19186	19108	19730	19473	21572	19000	18248
6:53:40	37.0	19844	20758	19852	18933	19134	19351	19133	19184	18875	19333	18816	19683	20428	20418	20238	19562	18976	19157	19023	18372	19425	19089	19051	20977	22000	22247	21622	21739	21846	21443	21461	21326	21514	21707	21497	20819	21517	22016	21786	21743	21422	21636	21157	21413	21482	21350	22955	19066	19876	19861	20255	20188	19929	20356	20322	20347	19149	19236	20612	20314	19551	19534	19454	19264	18991	19417	19144	19178	19104	19702	19489	21483	18984	18126
6:57:40	37.0	19810	20387	19666	18975	19020	19029	19103	19220	18891	19078	18879	19622	20311	20290	19900	19317	18811	18973	19021	18213	19138	19037	18986	20896	21875	22222	21840	21466	21724	21487	21259	21489	21193	21529	21554	20693	21493	21769	21625	21694	21286	21283	21359	21427	21380	21419	22763	18863	19955	19724	20033	19945	19917	20257	20233	20572	19079	19317	20555	20118	19408	19483	19398	19085	19090	19667	19171	18924	18947	19720	19471	21329	18848	18173
7:01:40	37.0	19734	20314	19652	18965	18988	18980	19005	19051	18926	18975	18841	19528	20115	20095	20070	19358	18883	19062	18894	18431	19139	18797	18927	20879	21695	22102	21613	21490	21604	21254	21162	21282	21202	21507	21468	20539	21241	21669	21598	21514	21289	21295	21247	21231	21216	21236	22638	18871	19707	19822	19965	20080	19836	20352	20229	20437	19171	19238	20458	20049	19471	19348	19498	19206	18967	19419	19247	19171	19099	19721	19328	21215	18787	18286
7:05:40	37.1	19548	20521	19510	18789	18944	19118	19052	19017	18853	18921	18921	19601	19892	19908	19774	19242	18815	19047	19013	18180	19126	19025	18728	20893	21695	22027	21521	21347	21483	21267	21172	21157	21008	21551	21363	20534	21265	21685	21496	21585	21175	21018	21226	21129	21249	21202	22604	18830	19612	19709	19967	20023	19729	20209	20226	20128	19023	19220	20467	19794	19569	19314	19486	19174	18894	19403	19258	18904	19005	19710	19574	21044	18858	18305
7:09:40	37.0	19536	20148	19478	18764	18789	18968	19156	19184	18850	19131	18841	19639	19861	19828	19671	19081	18781	18844	18786	18295	19139	18786	18906	20852	21530	22087	21403	21264	21460	21122	20905	21337	21095	21319	21224	20737	21340	21342	21423	21445	21161	21107	21126	21171	21087	21142	22148	18779	19728	19660	20067	19999	19795	20149	20251	20322	19083	19202	20400	20020	19328	19174	19301	19159	19090	19402	19058	18997	18929	19685	19369	20915	18729	18382
7:13:40	37.0	19332	20009	19383	18785	18898	19031	18956	18887	18766	19061	18686	19282	19761	19722	19546	19027	18790	18888	18835	18220	19129	18833	18740	20552	21387	21764	21351	21319	21221	21093	21117	21085	21079	21301	20998	20482	20996	21417	21420	21344	20931	21096	21141	20976	21192	20999	22219	18763	19579	19598	19937	20023	19684	20352	20021	20123	18891	18960	20492	19861	19501	19161	19369	19129	19127	19460	19085	19046	19048	19425	19383	21067	18673	18362
7:17:40	37.0	19313	19818	19396	18645	18797	18798	18833	19030	18757	18798	18746	19344	19635	19641	19414	19044	18676	18815	18815	18066	19019	18675	18708	20408	21283	21696	21200	21177	21096	21087	20880	21136	20848	21265	21044	20443	21069	21291	21212	21313	20805	20814	21022	20894	21009	20920	22249	18801	19730	19644	19996	20088	19793	20223	20082	20069	18933	19029	20299	19978	19663	19178	19334	19184	19106	19378	19281	19068	19076	19724	19251	20872	18586	18265
7:21:40	37.0	19105	19869	19315	18813	18827	18973	18730	18821	18650	18898	18744	19403	19514	19398	19398	18940	18563	18913	18808	18080	19017	18743	18659	20449	21169	21880	21265	20957	21206	21020	20862	20982	20894	20981	20910	20155	20882	21286	21123	21285	20880	21034	20839	20815	21029	20862	22175	18729	19621	19589	19959	19870	19589	20007	19903	20026	18951	19021	20398	19892	19363	19176	19316	18967	19073	19517	19105	19055	19002	19681	19137	20582	18579	17994
7:25:40	37.0	19265	19714	19247	18535	18759	18859	18836	18802	18776	18701	18612	19130	19366	19317	19262	19022	18428	18642	18862	18048	19012	18587	18742	20425	20937	21594	21055	20881	20973	20870	20692	20919	20721	20985	20755	20206	20705	21069	21140	21025	20758	20725	20613	20964	20780	20852	21892	18904	19534	19284	19659	19945	19699	20032	19936	20042	18901	18896	20258	19472	19404	19084	19250	18929	18822	19121	19124	18942	18968	19666	19349	20564	18382	17801
7:29:40	37.0	19111	19633	19163	18510	18786	18818	18670	18935	18653	18941	18679	19198	19379	19034	19096	18926	18420	18431	18749	17970	19012	18629	18815	20382	21163	21464	21094	20831	20945	20902	20464	20828	20744	20993	20760	20143	20808	21056	20909	20997	20653	20746	20694	20855	20945	20794	21842	18634	19657	19365	19676	19779	19708	20121	20042	20142	18897	18800	20316	19464	19374	19156	19201	18995	18980	19337	19024	19065	19095	19398	19418	20723	18272	17794
7:33:40	37.0	18927	19496	19132	18433	18694	18709	18626	18688	18682	18696	18619	19267	19261	19157	19189	18776	18356	18690	18650	18099	18810	18638	18574	20305	20969	21305	21061	20891	20901	20667	20467	20910	20638	20907	20986	20150	20630	20846	20749	20941	20765	20661	20562	20832	20668	20692	21604	18550	19590	19473	19805	19887	19618	20007	20129	19959	18747	18707	20177	19642	19366	19191	19277	18989	19007	19314	19038	19120	18947	19445	19311	20451	18387	17832
7:37:40	37.0	18875	19542	18887	18634	18714	18684	18468	18821	18662	18838	18592	19160	19176	18988	19113	18739	18260	18701	18658	17982	18840	18452	18626	20211	20753	21186	20898	20754	20662	20747	20566	20714	20625	20762	20632	20186	20600	20942	20944	20908	20612	20531	20595	20523	20661	20697	21726	18602	19506	19445	19653	19939	19597	20091	20009	20051	18697	18978	20144	19510	19320	19120	19396	18985	18870	19405	19033	19073	18986	19499	19282	20368	18198	17787
7:41:40	37.0	18935	19425	18954	18463	18469	18708	18803	18584	18482	18723	18586	19199	19120	18973	19054	18835	18522	18450	18434	17978	18989	18561	18461	20059	20862	21281	20727	20622	20759	20560	20547	20688	20627	20610	20415	20081	20413	20749	20844	20678	20566	20510	20394	20333	20481	20503	21379	18601	19462	19257	19799	19813	19509	20136	19749	19943	18715	18905	20143	19483	19215	19151	19309	19058	18866	19211	19177	19006	18763	19631	19084	20241	18248	17697
7:45:40	37.0	18791	19452	19004	18517	18594	18850	18530	18756	18494	18637	18767	19178	19007	18861	19032	18648	18422	18653	18576	17947	18859	18561	18407	20015	20708	21343	20764	20514	20505	20470	20266	20628	20463	20639	20364	20048	20250	20707	20547	20699	20383	20391	20503	20331	20506	20583	21134	18497	19483	19213	19773	19803	19470	19786	19844	19896	18528	18778	20012	19511	19105	19040	19161	18903	19020	19136	18891	18945	18964	19359	19243	20125	18161	17838
7:49:40	37.0	18786	19401	18864	18386	18749	18653	18481	18826	18517	18734	18666	19159	18752	18847	18761	18717	18336	18552	18546	18031	18987	18503	18537	20101	20459	21212	20662	20469	20699	20618	20475	20318	20304	20626	20492	19847	20118	20664	20483	20681	20260	20316	20268	20502	20390	20428	21059	18496	19280	19364	19738	19704	19649	20076	19923	19900	18638	18772	19920	19290	19126	18937	19212	18918	18871	19274	19017	19017	19040	19449	19184	20194	17928	17667
7:53:40	37.0	18875	19438	18845	18404	18536	18582	18606	18663	18640	18629	18609	19164	18817	18676	18874	18570	18320	18494	18517	18020	18850	18388	18453	19988	20674	20883	20513	20319	20487	20398	20177	20453	20227	20549	20229	19675	20113	20577	20568	20378	20312	20444	20424	20315	20338	20320	20988	18350	19162	19249	19563	19793	19364	19868	19865	19897	18543	18685	19938	19272	19242	18955	19021	18858	18849	19077	19070	18846	18758	19374	19305	20068	18039	18004
7:57:40	37.0	18718	19034	18970	18417	18537	18474	18612	18567	18602	18593	18555	19061	18708	18761	18807	18528	18287	18383	18552	18006	18795	18395	18437	19960	20452	20864	20406	20419	20435	20303	20005	20354	20396	20574	20137	19841	20007	20464	20358	20464	20124	20241	20300	20311	20273	20205	20991	18685	19317	19010	19522	19652	19354	19705	19919	19770	18551	18814	19822	19396	19222	19065	19218	18796	18869	19115	18895	18883	18916	19423	19035	19735	18104	17756
8:01:40	37.1	18919	19124	18796	18327	18422	18626	18659	18664	18471	18638	18597	19162	18790	18445	18724	18500	18112	18521	18391	18019	18782	18394	18443	20035	20141	20756	20590	20133	20245	20151	20130	20339	20219	20502	19964	19749	19913	20446	20218	20523	20124	20127	20103	20069	20193	20107	20699	18591	19232	19099	19516	19710	19350	19951	19805	19767	18512	18637	19988	19129	19165	19055	19027	18756	18893	18967	18964	18934	18804	19441	19187	20038	17840	17980
8:05:40	37.0	18564	19109	18770	18372	18623	18694	18601	18619	18506	18560	18710	19091	18715	18528	18836	18485	18308	18260	18564	17877	18723	18371	18308	19709	20235	20671	20243	20143	20374	20181	19940	20387	20234	20300	20057	19663	19824	20267	20321	20266	20048	20144	20039	20026	20099	20124	20738	18606	19212	18952	19537	19629	19352	19853	19736	19663	18578	18722	19821	19207	18974	18864	19126	18713	18714	18975	18995	19040	18878	19435	19112	19952	17867	18018
8:09:40	37.1	18603	18963	18734	18295	18368	18509	18551	18563	18550	18583	18689	19020	18641	18419	18585	18305	18220	18416	18455	17783	18657	18369	18312	19692	20108	20531	20237	20154	20321	20009	19927	19959	20198	20250	20002	19712	19712	20170	20263	20259	19917	20218	19903	20111	20106	19989	20673	18471	19216	19038	19368	19635	19219	19852	19661	19775	18529	18648	19593	19090	19201	18821	19138	18962	18665	19032	18854	18808	18843	19387	19066	19831	17985	17975
8:13:40	37.0	18690	18977	18619	18115	18379	18517	18479	18496	18557	18536	18416	19019	18436	18372	18581	18364	18295	18535	18439	18014	18770	18397	18357	19635	20183	20576	20247	20182	20056	19936	19924	20120	20037	20173	19831	19641	19522	20117	20026	20081	19952	19960	19927	20095	20104	20026	20721	18412	19192	19030	19349	19413	19229	19820	19776	19691	18377	18678	19617	19139	19042	18956	19002	18800	18651	19030	18848	18865	18777	19395	19032	19759	17785	17878
8:17:40	37.0	18546	18918	18659	18357	18372	18609	18539	18502	18430	18706	18548	18993	18476	18251	18610	18278	18086	18269	18359	18048	18684	18459	18226	19582	20131	20294	20147	19975	20029	19781	19806	20051	20069	20157	19846	19695	19529	19987	20061	20061	19649	19948	19951	19999	19912	19934	20478	18471	18987	19000	19451	19373	19232	19724	19594	19545	18309	18644	19603	19176	19031	18826	19035	18680	18729	19051	18825	18759	18894	19359	19144	19685	17862	17926
8:21:40	37.0	18497	18927	18689	18309	18470	18493	18559	18721	18452	18636	18345	18858	18550	18483	18536	18373	18100	18251	18395	18083	18690	18338	18330	19542	19961	20430	19995	19875	20069	19990	19800	19891	19802	20162	20002	19662	19436	19924	20131	20067	19641	19684	19842	20016	19982	19867	20351	18722	19100	18990	19314	19679	19261	19619	19530	19522	18459	18631	19527	18987	18866	18946	18971	18698	18645	18992	18907	18848	18756	19426	19085	19644	17708	18078
8:25:40	37.0	18587	18666	18566	18174	18479	18475	18524	18499	18503	18526	18451	18969	18400	18257	18437	18392	18199	18286	18560	18034	18675	18347	18226	19563	19948	20372	19895	19743	20038	19667	19771	19906	19955	19922	19788	19557	19486	19855	19836	19858	19597	19878	19814	20024	19987	20035	20267	18435	19016	18942	19408	19336	19351	19570	19521	19486	18252	18431	19546	19059	19082	18627	19055	18824	18643	19051	18776	18951	18805	19398	19048	19519	17807	18278
8:29:40	37.0	18454	18818	18581	18242	18450	18626	18617	18558	18470	18502	18573	18892	18398	18173	18493	18326	18257	18246	18416	17837	18669	18405	18462	19620	19822	20260	19756	19789	19982	19833	19568	19844	19784	19991	19643	19554	19355	19775	19638	20021	19697	19948	19623	19822	19813	19752	20169	18424	19061	18824	19424	19609	19149	19593	19459	19657	18359	18538	19443	19183	18933	18828	19006	18777	18664	18797	18774	18809	18755	19219	19037	19605	17547	18075
8:33:40	37.0	18427	18798	18739	18208	18392	18430	18553	18369	18540	18721	18559	18944	18518	18128	18494	18192	18024	18303	18427	17901	18816	18343	18276	19615	19634	20235	19965	19798	19860	19558	19705	19822	19765	20014	19630	19598	19380	19708	19736	19888	19512	19600	19781	19621	19796	19751	20172	18464	18889	18799	19224	19297	19212	19562	19490	19614	18321	18455	19489	19095	18884	18787	19032	18658	18511	19102	18750	18758	18844	19272	19103	19596	17694	18182
8:37:40	37.0	18574	18846	18504	18240	18397	18439	18410	18584	18499	18544	18532	18906	18344	18279	18414	18261	18050	18282	18403	17922	18610	18404	18258	19595	19571	20243	19811	19687	19899	19814	19498	19821	19672	20005	19667	19499	19261	19637	19618	19773	19493	19771	19713	19631	19769	19833	20146	18422	19023	18743	19364	19319	19159	19704	19477	19528	18404	18377	19461	19026	19065	18760	18975	18685	18761	18766	18913	18843	18781	19242	18972	19510	17534	18079
8:41:40	37.0	18337	18633	18493	18076	18410	18563	18404	18592	18480	18413	18510	18852	18339	18159	18414	18353	18114	18258	18231	17785	18622	18314	18230	19364	19466	19834	19575	19791	19862	19703	19668	19685	19604	19795	19728	19579	19154	19693	19478	19550	19515	19528	19541	19719	19561	19617	20063	18399	18968	18718	19240	19523	19092	19605	19359	19655	18021	18179	19410	18937	18952	18681	19062	18705	18636	18782	18877	18776	18852	19197	18859	19451	17583	18073
8:45:40	37.0	18405	18737	18554	18030	18436	18366	18541	18527	18348	18393	18587	18841	18227	18176	18449	18368	18145	18284	18517	17858	18677	18337	18226	19492	19672	19960	19808	19540	19755	19670	19551	19661	19528	19938	19445	19575	18985	19517	19634	19814	19344	19611	19576	19790	19607	19634	20165	18526	18953	18742	19198	19307	19124	19631	19556	19386	18239	18414	19443	18894	18737	18838	19068	18721	18625	18914	18955	18741	18643	19483	18849	19533	17607	18012
8:49:40	37.0	18283	18702	18522	18057	18256	18374	18557	18530	18450	18519	18458	18832	18149	18147	18370	18228	18097	18358	18260	17977	18816	18172	18153	19457	19596	19834	19493	19718	19657	19494	19538	19624	19698	19660	19321	19531	19136	19338	19629	19559	19221	19488	19397	19672	19498	19577	20045	18456	18834	18786	19178	19298	19144	19554	19384	19358	18236	18358	19192	18967	19055	18908	18943	18866	18618	18941	18671	18590	18755	19093	18899	19466	17571	18014
8:53:40	37.0	18332	18553	18357	18063	18326	18499	18431	18529	18352	18474	18432	18741	18144	17979	18183	18314	18124	18204	18283	17824	18670	18168	18252	19477	19532	19726	19601	19497	19458	19638	19461	19617	19610	19707	19461	19524	19106	19408	19422	19473	19300	19485	19307	19567	19638	19574	19921	18478	18781	18627	19152	19331	19036	19421	19421	19332	18062	18220	19318	19042	18688	18851	18868	18604	18505	18717	18952	18703	18681	19267	18870	19435	17442	17897
8:57:40	37.1	18453	18527	18507	18098	18346	18425	18613	18265	18451	18503	18419	18750	18020	18174	18259	18376	18136	18263	18438	17888	18544	18336	18276	19377	19317	19755	19631	19354	19652	19401	19214	19558	19527	19601	19233	19336	19034	19324	19345	19599	19326	19518	19356	19409	19393	19431	19843	18400	18960	18706	19158	19222	19002	19409	19511	19318	18218	18412	19238	18930	18938	18615	18934	18567	18417	18854	18835	18727	18695	19332	18888	19374	17436	17993
9:01:40	37.1	18234	18439	18588	18031	18316	18439	18450	18414	18098	18389	18473	18808	18045	17945	18207	18156	17963	18318	18186	17921	18667	18367	18301	19206	19369	19851	19438	19473	19550	19621	19393	19703	19371	19597	19331	19349	19051	19391	19423	19451	19334	19256	19303	19530	19364	19428	19583	18511	18810	18619	19052	19205	19083	19424	19411	19344	18227	18240	19183	18827	18599	18730	18970	18647	18526	18782	18687	18754	18675	19165	18773	19439	17374	17984
9:05:40	37.0	18344	18401	18390	18060	18423	18332	18449	18388	18307	18479	18376	18836	18036	17977	18394	18122	17998	18090	18226	18038	18599	18156	18221	19188	19436	19665	19270	19197	19587	19455	19307	19272	19232	19398	19207	19292	18931	19334	19324	19528	19090	19134	19313	19446	19411	19443	19918	18596	18916	18626	19002	19217	19069	19343	19333	19383	18182	18167	19332	18888	18701	18744	18913	18588	18504	18653	18663	18804	18617	19085	18866	19398	17311	17979
9:09:40	37.1	18272	18369	18439	18090	18257	18441	18410	18560	18339	18406	18417	18908	17882	17874	18224	18223	18085	18139	18375	17764	18473	18067	18182	19209	19437	19674	19395	19246	19379	19336	19317	19309	19481	19577	19034	19457	18925	19243	19314	19285	19159	19304	19350	19415	19324	19651	19813	18349	18738	18542	18896	19171	18640	19239	19082	19162	18172	18325	19070	18843	18666	18640	18865	18634	18503	18734	18487	18649	18645	19187	18763	19511	17344	17919
9:13:40	37.1	18109	18409	18394	18128	18303	18399	18585	18359	18364	18470	18419	18784	17985	17958	18269	18201	18178	18128	18312	17757	18723	18288	18224	19431	19349	19497	19329	19353	19391	19327	19215	19404	19300	19474	19082	19414	18916	19338	19229	19487	19004	19217	19164	19306	19401	19381	19644	18449	18859	18637	19000	19068	18971	19532	19410	19109	18054	18148	19181	18973	18726	18492	18855	18546	18351	18639	18813	18725	18570	18975	18851	19317	17313	17914
9:17:40	37.1	18115	18420	18451	17918	18401	18527	18424	18278	18231	18268	18473	18789	18161	17976	18077	18106	17995	18288	18184	17988	18620	18164	18184	19221	19265	19604	19286	19241	19487	19346	19202	19359	19398	19549	19050	19399	18889	19068	19248	19315	19058	19201	19225	19181	19290	19363	19683	18486	18763	18679	19030	19156	18938	19313	19303	19263	18049	18267	18932	18744	18699	18711	18954	18515	18363	18695	18694	18631	18612	19142	18851	19274	17260	17787
9:21:40	37.1	18255	18351	18477	18039	18331	18242	18429	18409	18434	18541	18382	18570	17989	17791	18272	18116	18104	18324	18342	17951	18592	18207	18202	19126	19134	19452	19299	19167	19405	19192	19213	19324	19198	19403	18936	19312	18644	19156	19150	19332	19183	19281	19377	19370	19381	19296	19655	18518	18594	18522	18897	19046	18880	19114	19085	19249	18161	18052	19067	18747	18552	18426	18769	18359	18404	18752	18631	18624	18745	18884	18710	19374	17159	17880
9:25:40	37.0	18178	18316	18301	18056	18257	18318	18293	18345	18505	18527	18335	18826	18024	17857	18130	18394	18036	18255	18326	17752	18614	18161	18174	19405	18950	19354	18982	19223	19438	19240	19162	19174	19192	19569	19065	19338	18804	19033	19053	19243	19166	19230	19085	19161	19266	19222	19764	18471	18596	18618	18962	19211	18877	19316	19238	19205	18149	17989	19132	18943	18538	18465	18819	18308	18538	18512	18520	18509	18573	19121	18657	19200	17351	17719
9:29:40	37.0	18244	18451	18455	18014	18322	18284	18360	18609	18262	18340	18275	18871	17976	17837	18149	18166	17844	18185	18253	17687	18412	18121	18085	19278	19000	19376	19189	19082	19353	19125	19025	19167	19328	19361	18958	19288	18691	18768	18932	19186	18860	19367	19151	19343	19096	19200	19549	18645	18474	18502	18852	18999	18897	19138	19138	19284	18140	17997	18854	18915	18734	18616	18879	18400	18381	18629	18682	18577	18569	19054	18658	19113	17273	17704
9:33:40	37.0	18120	18423	18452	18056	18306	18402	18167	18384	18486	18487	18420	18793	17892	17819	18135	18199	17852	18158	18385	17804	18431	18163	18138	19249	18900	19405	18976	18993	19259	19119	19191	19229	19187	19518	18978	19316	18741	19056	19045	19021	19064	19078	18914	19199	19200	19240	19377	18484	18619	18459	18733	18857	18930	19208	19126	19010	18042	18271	19083	18968	18658	18534	18775	18377	18390	18789	18611	18511	18533	18902	18687	19382	17190	17698
9:37:40	37.0	18170	18343	18437	18089	18291	18272	18363	18329	18339	18293	18331	18855	17936	17874	18080	18249	18035	18270	18279	17904	18382	18177	18220	19175	18986	19193	19115	19047	19119	19006	19037	19039	19326	19374	18882	19314	18504	19006	19057	19195	19003	19200	19005	19164	19113	19320	19578	18467	18449	18278	18653	18943	18582	19130	19168	19173	18028	17992	18834	18731	18509	18532	18812	18403	18168	18614	18396	18628	18507	18891	18691	19135	17304	17839
9:41:40	37.0	18253	18527	18376	18028	18273	18374	18261	18439	18389	18601	18406	18803	17926	17799	18067	18273	17967	18077	18220	17904	18549	18338	18225	19323	19004	19320	19250	18950	19043	19062	19051	19130	19138	19182	18738	19096	18677	18962	18936	19247	18919	19052	19129	19198	19027	19233	19595	18375	18435	18480	18797	18972	18670	19059	19182	18930	18044	18090	18828	18826	18505	18436	18830	18276	18309	18544	18585	18539	18453	18900	18589	19275	17238	17794
9:45:40	37.0	18176	18339	18299	18083	18288	18313	18444	18439	18181	18368	18425	18780	18010	17779	18172	18211	17886	18242	18138	17908	18527	18354	18106	19225	19108	19320	19161	18870	19092	19113	19005	19113	19197	19174	18855	19149	18723	18973	18975	19093	19082	19072	18935	19122	19070	19158	19356	18504	18461	18417	18771	18839	18661	19012	19083	19079	18033	18132	18730	18709	18567	18557	18711	18443	18313	18630	18624	18609	18406	19026	18753	19017	17092	17869
9:49:40	37.0	18099	18391	18413	17950	18153	18474	18484	18335	18357	18268	18308	18625	17789	17771	18201	18055	17881	18121	18366	17882	18422	18116	18319	19168	18996	19144	19182	19147	19193	19008	18948	19027	18940	19217	18630	19381	18544	18873	18910	19035	18905	18967	18940	19091	19160	19203	19485	18346	18527	18308	18830	18748	18595	19025	19117	18955	17976	18233	18771	18863	18518	18285	18666	18338	18157	18587	18577	18397	18652	18887	18695	19017	17126	17852
9:53:40	37.0	18119	18244	18421	18057	18311	18426	18509	18486	18388	18369	18364	18791	17717	17828	18112	18242	17845	18287	18207	17930	18462	18148	18070	19157	18926	19220	19017	18997	19117	18950	18983	19134	19123	19129	18616	19382	18573	18801	18885	19250	18853	19083	19094	19169	18943	19201	19378	18495	18432	18376	18814	18916	18762	19046	19190	19164	17918	18127	18791	18652	18462	18499	18631	18228	18381	18427	18580	18486	18457	18809	18655	19057	17211	17844
9:57:40	37.0	18230	18171	18334	18089	18183	18353	18420	18265	18361	18257	18313	18742	17938	17739	18163	18169	18068	18191	18268	17843	18543	18191	18242	19034	18756	19184	18933	18960	19181	19142	18777	19143	19098	19042	18772	19199	18412	18724	18903	18903	18818	18987	18941	19132	19131	19223	19443	18372	18423	18155	18826	18752	18652	18940	18984	19046	17906	17940	18573	18793	18417	18424	18575	18266	18223	18434	18580	18410	18541	18857	18530	19180	17147	17810
10:01:40	37.1	18085	18121	18264	17997	18148	18414	18441	18404	18269	18175	18328	18739	17844	17737	18038	18046	17868	18070	18210	17914	18550	18226	18115	18942	18818	19107	19016	18940	19096	18845	18915	18939	19134	19270	18728	19264	18479	18698	18830	18977	18925	18840	18980	19151	19005	19024	19118	18274	18409	18297	18824	18716	18646	18978	18961	18848	18036	18055	18652	18747	18435	18489	18732	18423	18217	18532	18580	18526	18482	19005	18699	19189	17273	17810
10:05:40	37.0	18119	18142	18151	18024	18160	18176	18457	18517	18389	18236	18420	18805	17930	17803	18005	18086	17872	18038	18227	17844	18452	18216	18076	19101	18843	19129	19099	19006	19043	19111	18826	19005	18951	19131	18780	19141	18435	18836	18688	18994	18670	18887	19128	19007	19036	19246	19113	18493	18467	18288	18817	18854	18425	19000	18917	18889	17911	17874	18759	18835	18381	18310	18613	18463	18375	18472	18483	18409	18465	18785	18561	18941	17045	17710
10:09:40	37.1	18093	18302	18294	18042	18165	18397	18517	18395	18331	18256	18380	18729	17817	17771	18061	18184	17835	18145	18353	17966	18469	18307	18191	19061	18817	18996	18807	18952	19087	18860	18910	19089	18960	19160	18792	19316	18364	18607	18855	18842	18759	18851	18909	18972	19007	19207	19162	18508	18415	18206	18814	18874	18537	19113	19019	18921	17902	18018	18673	18773	18403	18360	18714	18313	18291	18668	18380	18416	18545	18818	18396	19115	17040	17751
10:13:40	37.1	18134	18369	18121	18133	18110	18363	18461	18371	18304	18391	18370	18717	17813	17638	18062	18252	17890	18177	18126	17842	18433	17958	18020	19017	18746	19120	18910	18789	18957	18932	18858	19048	18925	19032	18428	19073	18405	18703	18619	19114	18689	18958	18997	19018	18948	19108	19190	18387	18465	18089	18667	18650	18539	19128	18931	18762	17973	18069	18556	18698	18335	18385	18623	18252	18174	18460	18613	18474	18426	18754	18697	19071	16940	17523
10:17:40	37.0	18022	18303	18302	18095	18250	18274	18354	18378	18273	18237	18338	18667	17782	17850	17994	18157	17909	18113	18165	17851	18484	18045	18039	18953	18794	19033	18930	18791	18949	18938	18882	18994	19004	19137	18591	19071	18405	18639	18768	18768	18689	18939	18919	18995	18897	18852	19087	18483	18363	18106	18670	18767	18532	18840	18956	18744	18005	18000	18738	18604	18524	18345	18580	18278	18196	18501	18457	18408	18458	18871	18492	19169	16983	17564
10:21:40	37.1	18100	18149	18364	17843	18133	18309	18447	18357	18181	18423	18355	18686	17811	17608	18104	18137	17913	18173	18200	17783	18642	18066	17942	19101	18629	18919	18834	18939	18944	18745	18913	18831	18879	19125	18552	19167	18332	18663	18546	19074	18524	18804	18825	18898	18964	19024	19110	18298	18481	18132	18639	18844	18720	19052	18923	18989	17946	17991	18733	18692	18522	18431	18663	18391	18187	18433	18404	18385	18525	18937	18540	18985	17050	17434
10:25:40	37.0	18242	18275	18324	18034	18106	18257	18356	18265	18261	18271	18188	18703	17798	17571	18113	18069	17917	18135	18169	17760	18481	18145	18106	19162	18723	19068	18824	18764	18959	18904	18716	19009	18972	19129	18561	19328	18250	18717	18616	19005	18541	18865	18715	18783	18968	18829	18833	18449	18222	18204	18658	18669	18442	19014	18925	18867	17897	18030	18654	18594	18410	18237	18434	18351	18113	18694	18408	18348	18447	18882	18446	19111	17018	17513
10:29:40	37.1	18124	18175	18422	17945	18279	18192	18366	18394	18333	18089	18419	18677	17894	17647	18006	17993	17835	18128	18264	17814	18398	18133	18078	19070	18771	18829	18737	18780	18811	18818	18820	18730	18871	18962	18486	19183	18277	18645	18569	18761	18450	18815	18829	18895	19011	19080	18963	18514	18194	18146	18733	18536	18484	18835	18894	18791	17766	17912	18516	18608	18308	18276	18547	18318	18234	18496	18578	18271	18314	18729	18586	19042	16920	17356
10:33:40	37.1	18023	18304	18244	17969	17993	18298	18326	18364	18275	18476	18366	18747	17956	17816	18128	18047	17746	18140	18394	17653	18362	18157	18031	19035	18635	19094	18822	18769	18899	18857	18743	18796	18853	18998	18580	19201	18472	18614	18534	18948	18673	18765	18818	18954	18891	19072	18935	18357	18260	18101	18604	18661	18577	18827	18796	18843	17807	17934	18599	18695	18357	18206	18638	18214	18178	18610	18430	18380	18274	18867	18552	18945	16898	17484
10:37:40	37.0	18089	18177	18343	17889	18136	18325	18285	18345	18321	18258	18280	18870	17855	17817	18038	17991	17853	18002	18111	17798	18355	17999	18122	18960	18620	18781	18681	18759	18890	18910	18820	18834	18928	19007	18619	19417	18430	18428	18554	18718	18528	18777	18808	18831	18947	18938	18907	18344	18223	18143	18475	18691	18466	19025	18992	18723	18038	17952	18585	18822	18400	18225	18751	18233	18321	18489	18411	18332	18374	18747	18496	18964	16928	17295
10:41:40	37.0	18258	18210	18378	17962	18083	18221	18282	18387	18270	18188	18262	18759	17920	17617	18166	18214	17734	18087	18225	17863	18359	18094	18054	18932	18548	18841	18808	18675	18780	18787	18775	18913	18849	18986	18594	19318	18183	18537	18707	18725	18516	18769	18747	18824	18829	18802	18890	18530	18339	18105	18458	18736	18488	19151	18843	18672	17920	17960	18597	18735	18411	18392	18730	18337	18442	18453	18391	18458	18310	18822	18565	19053	17214	17296
10:45:40	37.0	17928	18199	18286	17987	18121	18294	18202	18395	18210	18255	18348	18719	17818	17693	18129	18182	17873	18276	18306	17861	18350	18244	18071	18987	18661	18887	18764	18575	18795	18864	18715	18730	18965	19088	18429	19440	18186	18485	18548	18683	18556	18823	18682	18859	18807	18725	18830	18409	18354	17865	18497	18738	18384	18854	18899	18642	17940	17823	18547	18682	18324	18343	18678	18211	18298	18462	18647	18249	18285	18839	18533	19161	16995	17205
10:49:40	37.0	18149	18272	18177	17921	18157	18306	18454	18469	18410	18333	18388	18828	17874	17749	18047	17885	17841	18156	18131	17836	18351	18284	17956	19158	18497	18753	18730	18813	18787	18774	18706	18758	18925	18949	18500	19030	18245	18493	18541	18621	18461	18586	18894	18640	18819	18786	19047	18306	18202	18043	18689	18665	18452	18801	18956	18508	17770	17919	18601	18583	18248	18295	18439	18171	18291	18435	18501	18432	18265	18756	18392	18863	16922	17343
10:53:40	37.0	18198	18033	18247	17974	18100	18255	18341	18315	18386	18296	18455	19042	17795	17643	17970	18080	17846	18080	18136	17784	18224	18024	18043	18999	18830	18846	18761	18761	18674	18777	18679	18753	18798	18947	18307	19232	17928	18498	18686	18687	18396	18564	18664	18765	18795	18787	18862	18381	18066	17968	18524	18742	18445	18853	18848	18666	18029	18099	18661	18496	18332	18362	18480	18284	18256	18624	18547	18308	18290	18833	18602	19187	16987	17228
10:57:40	37.1	18314	18170	18121	17910	17925	18315	18434	18336	18398	18330	18366	18884	17836	17778	18102	18091	17852	17948	17979	17832	18382	18126	17946	19081	18534	18834	18769	18712	18901	18852	18718	18736	18864	18919	18373	19373	18076	18368	18440	18582	18467	18460	18553	18782	18861	18768	18865	18598	18200	17944	18597	18566	18392	18947	18827	18699	17987	18138	18696	18757	18239	18207	18672	18232	18118	18291	18465	18398	18390	18949	18529	18987	16917	17331
11:01:40	37.0	18271	18162	18142	18025	17985	18284	18235	18173	18281	18311	18232	18916	17881	17575	18085	18046	17701	17996	18339	17599	18370	18129	18056	19088	18491	18754	18743	18646	18822	18933	18684	18755	18913	18845	18428	19250	18330	18432	18534	18781	18375	18527	18570	18585	18749	18747	18868	18207	18146	18094	18472	18622	18386	18987	18942	18543	17922	17939	18464	18802	18194	18386	18696	18254	18272	18405	18313	18362	18581	18721	18563	19272	16876	17135
11:05:40	37.1	18087	18200	18339	18010	18101	18189	18173	18339	18210	18430	18341	18797	17776	17480	18122	18054	17844	17961	18326	17790	18565	18121	18197	19165	18507	18783	18744	18698	18894	18609	18745	18717	18793	19054	18344	19197	18122	18367	18327	18460	18357	18572	18451	18709	18737	18736	18793	18254	18126	17867	18525	18561	18369	18967	18734	18598	17905	17931	18601	18656	18393	18359	18429	18208	18377	18631	18425	18329	18508	18832	18610	19142	16870	17200
11:09:40	37.0	18138	18216	18191	17793	18043	18270	18321	18417	18170	18122	18270	18686	17872	17663	18053	17990	17854	18060	18204	17665	18542	18165	18125	19045	18513	18915	18526	18462	18578	18476	18694	18725	18736	18803	18599	19088	17979	18398	18462	18536	18460	18540	18520	18724	18661	18622	18772	18188	18200	18127	18252	18648	18360	18758	18748	18590	17866	17903	18593	18610	18143	18287	18576	18202	18409	18441	18395	18489	18384	18679	18578	18934	16882	17177
11:13:40	37.0	18051	18209	18144	17823	17865	18257	18290	18267	18338	18361	18156	18571	17773	17415	17997	17889	17956	17983	18146	17815	18357	17966	18026	19010	18462	18728	18635	18507	18582	18436	18734	18703	18744	18848	18479	19157	18053	18429	18333	18520	18400	18554	18404	18726	18783	18619	18855	18419	18239	17846	18538	18474	18491	18769	18715	18601	17745	17896	18433	18584	18117	18271	18471	18132	18227	18417	18480	18312	18338	18797	18459	19003	16584	17325
11:17:40	37.0	18071	18238	18021	18040	18013	18180	18288	18304	18225	18291	18393	18552	17845	17582	17971	18103	17849	18125	18041	17832	18409	18079	18150	18931	18494	18690	18658	18627	18675	18514	18612	18711	18679	18741	18344	19117	18085	18357	18298	18398	18317	18472	18442	18564	18570	18569	18950	18300	18249	18002	18500	18388	18370	18796	18757	18526	17896	17925	18576	18681	18401	18199	18590	18294	18247	18488	18443	18462	18487	18661	18535	18927	16818	17205
11:21:40	37.0	18075	18205	18072	17853	18136	18177	18350	18311	18330	18301	18287	18765	17734	17814	18110	18050	17908	18127	18177	17735	18358	18159	18078	19083	18651	18737	18500	18597	18542	18543	18567	18597	18724	18885	18240	19202	18005	18486	18509	18580	18334	18487	18511	18675	18536	18600	18739	18482	18211	17921	18599	18505	18301	18755	18761	18540	18045	17879	18520	18665	18180	18303	18538	18300	18214	18525	18401	18402	18349	18893	18406	19146	16765	17091
11:25:40	37.1	18067	18216	18184	17848	18071	18161	18188	18182	18181	18370	18323	18710	17788	17630	17862	17855	17853	18075	18144	17763	18363	18259	18123	19052	18471	18644	18584	18489	18553	18662	18409	18575	18577	18809	18511	19236	18101	18255	18424	18549	18350	18568	18481	18574	18598	18764	18732	18625	18198	17977	18262	18575	18388	18831	18739	18365	17878	17888	18609	18594	18130	18177	18507	18323	18185	18469	18513	18381	18529	18733	18525	19080	16805	17142
11:29:40	37.0	18116	18175	18092	17867	18068	18218	18531	18202	18274	18270	18273	19006	17810	17566	18123	18091	17839	17972	18170	17795	18576	18286	18052	19092	18468	18709	18640	18351	18688	18489	18522	18607	18780	18608	18312	19393	17895	18329	18407	18597	18404	18480	18437	18600	18669	18670	18608	18565	18106	17773	18493	18418	18193	18832	18822	18493	17808	17998	18495	18637	18243	18142	18525	18368	18314	18496	18380	18381	18500	18730	18496	18949	16774	17164
11:33:40	37.1	18067	18036	18240	17922	18090	18249	18246	18213	18221	18373	18247	18780	17908	17763	18052	17942	17975	17940	18168	17842	18413	18084	18043	18989	18298	18612	18519	18539	18330	18495	18457	18553	18680	18813	18333	19155	17928	18038	18397	18483	18436	18483	18416	18616	18549	18589	18751	18391	18005	17972	18575	18408	18418	18724	18842	18551	17830	17861	18487	18572	18116	18270	18508	18446	18257	18525	18514	18264	18410	18704	18545	18971	16766	17180
11:37:40	37.0	18060	18109	18183	18112	18032	18078	18266	18296	18112	18191	18319	18764	17961	17602	18095	17958	17885	17983	18198	17697	18446	18034	18006	19093	18376	18590	18473	18431	18479	18553	18331	18374	18816	18584	18326	18998	17826	18123	18249	18571	18289	18438	18396	18587	18469	18417	18690	18484	18012	17795	18362	18290	18267	18748	18570	18410	17983	17859	18441	18839	18225	18257	18500	18337	18168	18428	18445	18321	18360	18791	18513	18978	16592	16997
11:41:40	37.0	18127	18268	18232	18051	18155	18136	18006	18334	18185	18272	18249	18755	17814	17734	17950	18018	17928	18113	18111	17771	18334	18093	18201	19021	18361	18615	18462	18436	18403	18394	18369	18444	18698	18605	18436	19224	17834	18181	18255	18402	18333	18433	18457	18538	18531	18451	18753	18363	18027	17902	18446	18328	18314	18704	18772	18536	17878	17860	18396	18570	18221	18459	18605	18304	18268	18390	18398	18555	18458	18635	18577	18911	16752	17029
11:45:40	37.0	18114	18058	18115	18014	18030	18327	18263	18409	18309	18356	18303	18923	17752	17809	17972	18060	17997	18033	18190	17727	18545	18255	18147	19087	18394	18401	18448	18276	18467	18527	18428	18600	18625	18603	18334	19263	17851	18273	18338	18381	18178	18514	18467	18632	18350	18451	18540	18546	18139	17849	18429	18402	18205	18621	18658	18436	17799	17872	18347	18705	18219	18283	18564	18244	18287	18447	18466	18300	18301	18792	18512	19126	16620	17180
11:49:40	37.0	18068	17972	18119	17857	18023	18189	18349	18330	18278	18319	18261	18700	17952	17784	17878	17835	17726	18153	18322	17855	18282	18038	18161	19088	18262	18511	18354	18248	18391	18428	18321	18489	18646	18469	18258	19371	18015	18367	18302	18258	18159	18305	18432	18606	18581	18608	18649	18412	18014	17794	18383	18200	18240	18658	18641	18411	17841	17793	18461	18680	18122	18201	18494	18251	18360	18503	18436	18555	18383	18629	18550	18973	16775	17131
11:53:40	37.0	17958	18260	18220	17871	18052	18278	18277	18390	18104	18238	18274	18799	17916	17653	18016	18117	17812	18086	18309	17891	18368	18183	18180	19111	18391	18493	18466	18463	18417	18379	18368	18524	18721	18567	18366	19228	17859	18231	18246	18494	18210	18261	18477	18493	18528	18555	18669	18291	18072	17833	18353	18516	18188	18695	18562	18339	17860	17792	18278	18694	18156	18255	18631	18485	18203	18426	18539	18332	18491	18895	18406	18830	16633	17008
11:57:40	37.1	17998	18224	18132	17872	18221	18232	18291	18292	18339	18321	18421	18813	17825	17771	17975	18010	17741	17917	18075	17920	18439	18170	18142	18929	18249	18593	18502	18409	18419	18385	18367	18316	18492	18548	18353	19041	17870	18236	18219	18419	18203	18505	18341	18518	18339	18601	18624	18450	18030	17978	18338	18267	18334	18589	18534	18381	17763	17887	18407	18629	18155	18286	18436	18259	18097	18489	18403	18341	18230	18654	18405	18996	16782	17037
12:01:40	37.1	18004	18072	18227	17959	17946	18344	18221	18399	18283	18294	18240	18863	17833	17657	18044	18001	17837	18175	18210	17928	18474	18281	18111	18956	18274	18503	18384	18292	18163	18369	18375	18462	18494	18583	18256	19087	17794	18146	18323	18373	18056	18434	18200	18571	18405	18463	18659	18417	18065	17759	18120	18403	18176	18667	18642	18374	17779	17871	18222	18534	18186	18180	18592	18150	18312	18431	18461	18351	18476	18713	18479	18834	16689	17178
12:05:40	37.0	17928	18105	18189	17901	17964	18260	18251	18157	18272	18220	18234	18836	17920	17578	17996	17976	17882	18015	18089	17970	18456	18221	18164	19065	18269	18331	18537	18142	18464	18261	18372	18534	18493	18585	18198	19271	17902	18092	18084	18292	17978	18339	18324	18361	18354	18515	18536	18436	18098	17746	18257	18424	18216	18584	18527	18575	17833	17849	18289	18705	18045	18342	18528	18185	18322	18477	18419	18335	18303	18727	18514	18897	16795	16822
12:09:40	37.1	18030	18196	18271	17985	17998	18100	18189	18417	18306	18489	18443	18757	17807	17748	17917	18102	17699	18163	18338	17866	18516	18124	18272	18982	18077	18253	18454	18225	18416	18250	18309	18434	18420	18577	18144	19080	17788	18257	18168	18266	18054	18267	18320	18503	18438	18533	18624	18540	17960	17898	18404	18331	18293	18554	18476	18460	17810	17812	18340	18656	18099	18302	18348	18259	18331	18496	18448	18402	18482	18723	18544	18915	16697	17038
12:13:40	37.0	18203	18176	18102	17983	18132	18223	18287	18316	18256	18326	18286	18945	17977	17679	17856	18067	17879	17876	18271	17749	18523	18108	18076	18917	18165	18416	18336	18304	18213	18419	18119	18433	18386	18700	18077	19279	17694	18042	18151	18358	18047	18287	18303	18317	18313	18551	18588	18417	18090	17773	18293	18337	18169	18525	18507	18442	17735	17793	18312	18664	18104	18267	18470	18316	18245	18458	18430	18304	18349	18708	18570	18823	16669	16855
12:17:40	37.0	18108	18331	18111	17961	18050	18093	18394	18236	18252	18256	18381	18829	17854	17521	18070	18013	17732	18208	18113	17641	18349	18231	18011	19114	18154	18399	18210	18375	18260	18242	18403	18346	18364	18559	18265	19217	17773	18180	18252	18177	18131	18355	18164	18463	18273	18385	18501	18586	18071	17752	18127	18078	18179	18738	18549	18195	17829	17728	18264	18641	17971	18192	18276	18234	18301	18570	18421	18221	18357	18612	18434	18892	16712	16848
12:21:40	37.0	18088	18163	18010	17890	18114	18256	18219	18291	18229	18328	18417	18754	17826	17716	18009	18058	17760	18157	18116	17864	18337	18377	18130	19088	18177	18338	18263	18104	18306	18353	18176	18535	18447	18535	18164	19262	17784	17970	18147	18180	18133	18259	18135	18325	18390	18506	18484	18435	18090	17726	18269	18306	18194	18673	18575	18359	17784	17841	18332	18645	18221	18321	18405	18312	18328	18444	18406	18245	18422	18661	18485	18847	16599	16816
12:25:40	37.1	17996	18194	18089	17922	18039	18248	18250	18386	18209	18378	18223	18719	17809	17661	18105	17978	17803	18132	18225	17872	18448	18197	18150	19083	18141	18187	18062	18183	18189	18347	18203	18508	18422	18477	18251	19161	17869	18155	18058	18214	18048	18193	18275	18343	18291	18367	18515	18415	17951	17713	18271	18361	18193	18504	18642	18259	17788	17844	18423	18698	18025	18283	18457	18171	18252	18431	18418	18358	18328	18632	18440	18935	16776	16886
12:29:40	37.1	17989	18131	18113	17815	18134	18348	18349	18353	18257	18290	18224	18736	17994	17759	18039	17824	17896	18067	18135	17875	18332	18202	18208	19171	18127	18333	18241	18233	18435	18223	18193	18364	18361	18570	18111	19066	17889	17980	18219	18204	18097	18085	18200	18397	18350	18308	18540	18449	18083	17903	18236	18247	18113	18583	18468	18292	17718	17761	18200	18758	18005	18221	18553	18181	18224	18581	18374	18586	18364	18578	18443	19000	16707	16835
12:33:40	37.1	17995	18200	18148	17976	18019	18260	18387	18295	18414	18184	18265	18913	17813	17692	18091	18009	17974	17945	18082	17924	18496	18332	18254	19088	18096	18346	18214	18025	18377	18238	18276	18404	18245	18483	18183	19151	17819	17967	18156	18160	18066	18179	18231	18269	18285	18322	18544	18427	18049	17822	18261	18265	18179	18577	18438	18401	17855	17832	18387	18560	18178	18100	18374	18227	18211	18606	18422	18472	18379	18656	18523	18798	16650	16759
12:37:40	37.1	17887	18135	18184	17821	18148	18261	18194	18320	18287	18233	18556	18757	17832	17676	17968	18066	17916	18103	18252	17846	18500	18258	18223	19081	18092	18264	18184	18208	18302	18234	18160	18416	18450	18531	18129	19037	17783	18055	18153	18177	18222	18262	18124	18395	18427	18399	18705	18605	17888	17699	18221	18285	18137	18536	18544	18236	17825	17763	18326	18681	18354	18380	18733	18296	18291	18414	18509	18281	18339	18736	18536	18978	16615	16705
12:41:40	37.1	18031	18111	18035	17900	18135	18104	18241	18252	18213	18339	18407	18877	17894	17650	18051	17984	17947	18199	18261	17695	18390	18185	18079	19099	18081	18393	18268	18209	18273	18063	18215	18242	18398	18630	18360	18927	17761	18019	18113	18288	18108	18198	18289	18368	18254	18297	18485	18554	18002	17610	18327	18412	18031	18655	18471	18321	17890	17625	18300	18696	18081	18358	18487	18172	18343	18420	18436	18610	18385	18657	18463	18941	16602	16737
12:45:40	37.0	18192	18245	18327	17853	18195	18279	18332	18435	18354	18440	18256	18880	17851	17589	17986	18182	17907	18094	18138	17815	18572	18252	18140	19125	18165	18324	18293	18131	18159	18142	18300	18260	18390	18457	18072	18994	17733	17991	18172	18116	18130	18295	18112	18351	18254	18321	18650	18443	17935	17762	18144	18230	18135	18552	18561	18249	17742	17756	18280	18718	18144	18436	18488	18359	18435	18543	18438	18293	18391	18742	18439	19004	16645	16724
12:49:40	37.0	18093	18213	18069	18161	18032	18196	18200	18404	18190	18297	18392	18898	18039	17810	18105	18121	17928	18093	18346	17978	18348	18348	18144	19155	18043	18123	18218	18258	18238	18158	18172	18318	18401	18457	18180	19149	17798	18034	18082	18325	18014	18363	18164	18131	18366	18326	18410	18471	17944	17527	18200	18080	18090	18572	18442	18355	17866	17855	18293	18689	18100	18291	18536	18213	18337	18364	18640	18409	18548	18578	18535	19022	16708	16759
12:53:40	37.0	17937	18258	18286	17978	18050	18334	18262	18222	18261	18264	18313	18795	17957	17715	17979	17956	17970	17970	18156	17879	18591	18163	18262	19196	18087	18304	18234	18157	18282	18217	18129	18367	18275	18570	18086	18991	17643	17968	18162	18210	18060	18182	18093	18263	18240	18441	18563	18651	17983	17589	18209	18213	18192	18483	18418	18231	17769	17795	18318	18827	18107	18207	18487	18319	18291	18665	18547	18479	18400	18782	18376	18999	16655	16763
12:57:40	37.1	18056	18154	18012	17848	18169	18131	18329	18293	18305	18293	18456	18768	17979	17739	17989	18085	18085	18131	18227	18093	18469	18333	18078	19085	18038	18417	18257	18142	18167	18146	18048	18238	18442	18337	18190	18999	17632	17975	18063	18202	18068	18227	18131	18187	18164	18363	18511	18484	17988	17847	18197	18281	18074	18587	18370	18352	17826	17805	18264	18638	18130	18439	18658	18234	18290	18634	18458	18415	18327	18684	18541	18865	16665	16677
13:01:40	37.0	18011	18143	18118	18093	18331	18216	18422	18404	18259	18326	18545	18864	17863	17712	18018	18046	17916	18045	18350	18041	18524	18249	18256	19105	17920	18121	18260	17979	18089	18240	18211	18165	18325	18592	17892	19201	17667	17847	18016	18097	17964	18055	18057	18264	18122	18316	18528	18586	17918	17647	18105	18181	18068	18516	18364	18301	17633	17831	18343	18657	18086	18252	18638	18294	18301	18544	18529	18493	18541	18724	18542	18919	16687	16654
13:05:40	37.0	18059	18230	18186	18001	17994	18217	18342	18308	18315	18259	18341	18682	17982	17614	18050	17990	18136	18146	18180	17762	18312	18259	18170	19100	18125	18262	18090	18045	18170	18236	18162	18322	18534	18331	18189	18924	17640	17810	18014	18184	17844	18122	18199	18336	18202	18405	18525	18548	18179	17654	18274	18270	18059	18542	18440	18281	17809	17872	18355	18696	18072	18109	18471	18274	18197	18339	18387	18609	18348	18755	18629	19047	16610	16622
13:09:40	37.0	18070	18278	18010	17966	18002	18238	18257	18462	18219	18451	18485	18740	17887	17705	17970	17986	17940	18113	18170	17796	18507	18242	18275	19146	17945	18221	18065	18099	18302	18148	18054	18144	18403	18538	18006	18945	17529	17975	17934	18076	17964	18169	18142	18215	18293	18343	18605	18560	17858	17724	18321	18200	17940	18579	18321	18335	17645	17840	18355	18778	18087	18282	18538	18361	18283	18493	18525	18584	18431	18698	18630	19025	16716	16671
13:13:40	37.1	18073	18058	18190	18075	18157	18162	18331	18368	18391	18152	18390	18741	17988	17662	18177	17909	17935	18163	18330	17771	18370	18318	18309	19059	18012	17964	18237	18035	18140	18074	18028	18161	18265	18356	18184	19092	17545	18020	18020	18032	17972	18120	18060	18192	18218	18323	18376	18604	17909	17640	18238	18398	18038	18602	18374	18422	17772	17820	18329	18716	18021	18305	18525	18376	18152	18508	18558	18330	18461	18776	18441	18758	16772	16640
13:17:40	37.0	18042	18023	18353	17897	18187	18334	18354	18304	18394	18379	18499	18899	17879	17667	18078	18051	17989	18294	18111	17830	18650	18238	18199	19046	17999	18244	18071	18037	18221	18153	18111	18184	18287	18279	18220	19069	17593	17985	17930	18027	18014	18071	18028	17945	18143	18219	18697	18551	17859	17677	18154	18174	17888	18481	18414	18342	17789	17849	18346	18616	18150	18279	18632	18300	18331	18305	18482	18406	18354	18561	18521	19036	16686	16561
13:21:40	37.1	18006	18162	18125	18021	18217	18383	18383	18467	18200	18321	18497	18896	18030	17610	17952	18137	17806	18239	18287	17982	18435	18236	18213	19114	17858	18109	18052	18000	18206	18029	18216	18108	18210	18375	18114	18933	17684	17786	18117	18260	17861	18047	17976	18211	18247	18268	18538	18581	17956	17576	18108	18298	18027	18422	18269	18382	17841	17912	18434	18638	18120	18409	18463	18381	18135	18395	18559	18685	18402	18601	18560	19018	16584	16644
13:25:40	37.0	18093	18214	18085	18107	18019	18328	18361	18202	18403	18330	18584	18691	17916	17628	18221	18150	17978	18246	18191	17897	18501	18361	18191	19148	17932	18081	18191	18013	18059	18160	17953	18131	18217	18297	17987	19090	17636	17932	17928	18032	17975	18048	18089	18246	18043	18229	18571	18511	17940	17684	18053	18216	17987	18415	18349	18289	17718	17852	18408	18592	18141	18179	18585	18279	18266	18366	18587	18521	18344	18496	18581	18913	16665	16387
13:29:40	37.0	18154	18170	18163	18046	18053	18056	18434	18403	18367	18263	18554	18813	17982	17775	17900	18146	17943	18233	18140	17943	18592	18246	18350	19124	17922	18327	18066	18062	18198	18018	17987	18189	18328	18398	18056	18962	17636	17978	18013	18008	17995	17992	18051	18189	18166	18309	18627	18357	17901	17528	18136	18170	17937	18408	18300	18296	17841	17647	18278	18586	18129	18388	18543	18383	18232	18385	18452	18414	18381	18773	18419	18820	16729	16548
13:33:40	37.1	18037	18119	18063	18078	18237	18432	18180	18384	18293	18347	18445	18865	17781	17848	18028	18057	18000	18073	18274	17793	18499	18456	18186	19135	17998	18147	18028	17997	18113	18115	17853	18328	18227	18360	17930	19014	17548	17890	18017	18036	17788	18124	18087	18170	18021	18163	18625	18385	17761	17535	18180	18094	17951	18452	18406	18362	17767	17688	18324	18688	17984	18265	18463	18381	18354	18446	18524	18494	18451	18623	18564	18690	16590	16587
13:37:40	37.1	18044	18075	18028	18051	18028	18280	18317	18342	18248	18373	18314	18804	17878	17660	18086	18069	18088	18187	18255	17881	18475	18235	18247	19144	17914	18010	17926	18019	18057	18083	18109	18260	18247	18350	18052	18885	17515	17787	17993	18084	17918	18001	18001	18247	18184	18197	18650	18411	17862	17597	18093	18072	18095	18381	18273	18342	17777	17740	18343	18841	17932	18226	18500	18255	18125	18439	18417	18428	18451	18627	18673	18930	16611	16633
13:41:40	37.1	17987	18319	18066	17950	18068	18332	18245	18320	18370	18348	18356	18861	17947	17597	18183	18005	17845	18170	18352	18020	18462	18333	18217	19175	17834	17999	18167	17931	18073	17979	17921	18224	18057	18389	18095	19091	17562	17844	18109	18024	17934	18027	17975	18126	18282	18194	18706	18721	17973	17515	18204	17968	18010	18387	18279	18439	18028	17696	18486	18830	18109	18239	18533	18333	18371	18556	18433	18438	18348	18546	18474	18937	16638	16479
13:45:40	37.0	18008	18121	18033	18082	18104	18251	18270	18492	18441	18525	18386	18743	17966	17604	18061	18048	18006	18161	18337	17901	18608	18254	18250	19098	17982	18044	18076	17860	18041	18034	17993	18284	18461	18364	18210	19105	17471	17853	17926	18039	17837	18042	17959	18210	18114	18285	18692	18624	17901	17627	18197	18099	17795	18389	18380	18212	17751	17830	18367	18760	18098	18247	18338	18326	18234	18489	18416	18282	18295	18701	18386	18931	16513	16477
13:49:40	37.1	18109	18207	18053	18026	18107	18173	18237	18386	18267	18311	18377	18792	17995	17719	18071	18048	18014	18293	18383	17918	18344	18431	18171	19060	17876	18151	18040	18084	17952	18044	17971	18308	18257	18346	18089	19112	17521	17854	17864	17962	17817	18091	17895	18152	18078	18198	18789	18416	17796	17457	18031	17956	17947	18408	18181	18235	17830	17683	18202	18706	18159	18377	18412	18180	18198	18479	18381	18347	18417	18641	18439	18968	16672	16415
13:53:40	37.0	18217	18120	18166	17954	18091	18344	18382	18482	18265	18388	18567	18977	17909	17779	18005	17950	17928	18246	18307	18031	18473	18384	18158	19101	17975	17946	18020	17944	17979	17996	18033	18155	18361	18371	18226	19019	17542	17849	17896	18000	17975	18065	18077	18000	18093	18255	18860	18505	17939	17606	18139	18042	17849	18273	18308	18186	17655	17800	18310	18574	18135	18258	18515	18293	18253	18545	18612	18561	18225	18492	18449	19074	16631	16526
13:57:40	37.0	18163	18164	18220	18027	18146	18130	18456	18309	18422	18371	18444	18858	18083	17783	17989	18063	17951	18076	18254	17935	18537	18269	18279	19139	17927	17999	18093	17860	18009	17986	17868	18190	18247	18290	17937	19083	17488	17879	17954	18033	17990	18018	18063	18167	18149	18307	18744	18557	17769	17578	18076	18053	17926	18301	18310	18182	17844	17725	18258	18622	17985	18212	18579	18321	18271	18446	18407	18571	18319	18684	18610	18990	16734	16478
14:01:40	37.1	18183	18262	18129	18191	18233	18238	18403	18359	18366	18433	18273	18970	17901	17760	17913	18057	17974	18213	18443	17942	18538	18338	18198	19160	17872	18253	18002	17900	18107	18057	17839	18156	18326	18215	18047	19017	17385	17766	17869	18001	17949	18006	17851	18191	18100	18177	18699	18588	17823	17536	18071	17936	18077	18326	18210	18337	17571	17730	18215	18710	18038	18274	18566	18182	18368	18435	18498	18500	18351	18616	18563	18870	16568	16691
14:05:40	37.0	18009	18234	18319	18012	17976	18266	18414	18508	18360	18307	18521	19023	17887	17663	18190	18044	18101	18146	18220	17978	18489	18292	18278	18947	17863	18022	18052	17729	18266	18110	17952	18287	18264	18130	18127	19066	17441	17776	17772	17864	17825	17984	17965	18066	18048	18108	18818	18589	17750	17592	18079	17994	17963	18437	18283	18268	17875	17938	18293	18835	17991	18210	18541	18253	18222	18631	18528	18468	18365	18618	18541	18958	16493	16329
14:09:40	37.1	18058	18138	18177	18045	18314	18434	18331	18416	18372	18372	18453	18816	17993	17887	18154	18150	18059	18226	18300	17927	18463	18355	18294	19131	17876	18141	17812	17790	17850	18017	17969	18130	18198	18219	18122	18958	17572	17697	17910	17935	17952	18030	18009	18198	18089	18148	18750	18606	17792	17495	18198	18062	17931	18418	18231	18311	17592	17706	18314	18816	18225	18169	18626	18379	18165	18419	18408	18579	18415	18855	18410	18929	16581	16476
14:13:40	37.1	18091	18284	18215	18060	18028	18470	18326	18518	18309	18510	18462	18926	18126	17832	18083	18076	18019	18289	18476	18126	18578	18466	18272	19244	17979	17852	18145	17969	17875	17967	17928	18243	17964	18237	18165	18882	17552	17810	18011	17956	17789	18078	17904	18251	17949	18283	18973	18539	17893	17505	18076	18109	17960	18297	18265	18279	17622	17795	18316	18777	18018	18178	18549	18311	18421	18575	18553	18558	18397	18647	18618	18962	16557	16425
14:17:40	37.1	17984	18178	18088	18130	18242	18237	18334	18424	18554	18533	18561	18806	18113	17695	18138	18145	18172	18322	18361	17864	18581	18323	18260	19180	18029	17961	17919	17758	17933	17995	18027	18140	18277	18332	18179	19008	17504	17848	17811	17944	17981	17949	17887	18205	17993	18084	19007	18633	17663	17477	18079	18222	17902	18297	18216	18092	17712	17807	18352	18593	18111	18352	18692	18228	18240	18402	18533	18421	18499	18593	18415	19138	16577	16630
14:21:40	37.1	18163	18314	18245	18074	18189	18234	18343	18477	18462	18466	18509	19045	17991	17770	18071	18183	18053	18315	18267	17974	18450	18391	18352	19039	17877	18049	17799	17823	17940	18088	17867	18141	18253	18268	18155	19036	17533	17907	17849	17855	17901	18076	17953	18037	18053	18184	18993	18742	17878	17431	18055	18111	17815	18273	18131	18077	17657	17816	18320	18697	17946	18342	18509	18479	18368	18576	18454	18565	18239	18579	18676	19076	16559	16573
14:25:40	37.0	18036	18241	18158	17965	18245	18284	18345	18472	18328	18423	18578	18847	18017	17741	18131	18078	18064	18136	18550	17830	18346	18382	18274	19085	17848	17992	18011	17927	17912	17878	17979	18059	18064	18210	18154	19042	17446	17721	17810	17997	17878	17953	17980	18138	18003	18274	19020	18757	17679	17520	18078	17954	18027	18342	18330	18460	17653	17813	18243	18661	18013	18219	18511	18318	18365	18454	18430	18434	18340	18575	18502	18904	16524	16544
14:29:40	37.1	18101	18153	18216	18090	18102	18282	18155	18583	18409	18306	18561	18871	17952	17712	18103	18228	18031	18311	18313	18027	18629	18270	18443	19160	17821	18013	18103	17837	17883	18058	17981	18080	18130	18230	18072	18953	17645	17859	17767	17905	17811	17905	17841	18112	18136	18089	19071	18690	17817	17473	18040	17948	17841	18352	18237	18207	17790	17717	18253	18549	18137	18321	18679	18182	18264	18553	18422	18440	18475	18643	18499	18851	16655	16434
14:33:40	37.0	18110	18271	18165	18061	18190	18349	18617	18414	18288	18346	18507	18761	18116	17741	18058	18022	18157	18248	18327	18011	18571	18453	18440	19072	17938	17951	17986	17939	18112	18076	17751	18190	18259	18238	18174	19077	17556	18094	17780	18011	17874	17993	17869	18029	18171	18189	19100	18642	17655	17492	18109	17856	17821	18259	18129	18203	17650	17710	18319	18756	18036	18420	18317	18165	18323	18689	18588	18365	18419	18697	18550	19093	16486	16507
14:37:40	37.1	18160	18097	18331	18008	18098	18359	18372	18559	18395	18502	18453	18995	17907	17650	18054	18015	18242	18327	18441	17946	18704	18437	18294	19095	17883	18036	17929	17796	17851	17948	18097	18259	18198	18384	18239	18938	17558	18097	17775	18048	17819	18169	17937	17920	18023	18089	19241	18701	17712	17445	18089	17938	17851	18233	18152	18229	17783	17782	18238	18631	18088	18267	18495	18195	18207	18361	18483	18541	18303	18521	18514	19007	16735	16543
14:41:40	37.1	18147	18385	18210	18152	18135	18138	18396	18402	18430	18471	18359	18880	18089	17696	18207	18101	18134	18138	18375	18014	18565	18470	18368	19118	17719	17945	17924	17871	17994	18030	17937	18144	18167	18455	18262	18996	17710	17981	17860	18023	17751	18060	17956	17919	17906	18028	19309	18749	17854	17492	18074	17942	17717	18200	18225	18248	17840	17750	18321	18620	18049	18291	18537	18490	18220	18437	18462	18515	18507	18732	18438	18912	16621	16479
14:45:40	37.1	18181	18034	18048	18098	18255	18500	18415	18641	18390	18495	18407	18909	18071	17835	18039	18154	18146	18212	18422	18045	18560	18518	18261	19146	17961	17892	17900	17920	17982	17952	17973	18165	18164	18253	18178	19081	17467	18039	17920	17936	17787	18039	17925	18086	17979	18107	19220	18859	17920	17629	17926	18017	17870	18322	18196	18270	17856	17826	18136	18622	18012	18396	18689	18424	18248	18496	18576	18426	18412	18788	18485	18994	16644	16462
14:49:40	37.1	17984	18177	18110	18083	18164	18351	18502	18560	18406	18445	18428	18768	18106	17642	18089	18061	18075	18302	18525	18048	18421	18357	18263	19003	17862	18104	17829	17760	17992	17816	17942	18322	18068	18364	18061	19016	17641	18075	17832	18029	17895	17918	17969	17978	18070	17985	19320	18885	17839	17571	18013	17973	17809	18226	18103	18291	17677	17773	18245	18742	18002	18332	18501	18324	18204	18435	18398	18376	18310	18612	18604	19018	16712	16360
14:53:40	37.1	18050	18337	18272	18145	18348	18289	18368	18495	18463	18450	18532	18925	18069	17903	17953	18106	18144	18273	18410	17929	18519	18452	18234	19235	17911	17917	17992	17833	18048	17969	18038	18078	18236	18284	18128	19081	17550	17863	17841	17984	17859	17912	17994	18098	18067	18117	19297	18711	17657	17388	18074	17797	17996	18331	18026	18168	17736	17702	18147	18798	18069	18265	18588	18359	18150	18519	18607	18557	18382	18676	18438	18821	16571	16486
14:57:40	37.0	18107	18142	18172	18068	18259	18516	18531	18497	18312	18421	18375	18923	18052	17759	18044	18174	18068	18292	18334	18049	18535	18377	18244	19120	17789	17904	17807	17866	17974	18062	17850	18067	18213	18245	18499	19010	17418	17963	17748	17841	17856	18013	17814	18061	18082	18194	19601	18858	17716	17555	17967	17937	17814	18266	18095	18225	17664	17807	18272	18768	18090	18321	18540	18199	18306	18540	18423	18484	18402	18692	18526	19005	16614	16591
15:01:40	37.1	18182	18220	18077	18036	18209	18272	18429	18413	18580	18548	18347	18959	18152	17734	18224	18125	18133	18093	18332	18168	18714	18353	18376	19076	17767	18093	18016	17848	18172	18040	17958	18138	18150	18347	18427	19038	17437	18007	17695	17978	17812	18090	17956	17981	17955	18035	19399	18740	17673	17455	17797	17871	17822	18244	18033	18285	17643	17851	18197	18711	17922	18241	18427	18392	18304	18591	18487	18472	18344	18693	18467	18864	16545	16579
15:05:40	37.1	18319	18340	18218	18266	18176	18346	18465	18558	18382	18610	18524	18909	18044	17701	18109	18206	18127	18255	18352	17938	18333	18464	18247	19209	17904	17922	17907	17956	18151	17856	17862	18240	18334	18209	18320	19047	17456	17787	17931	17896	17771	17954	17908	18038	18000	18000	19483	18729	17823	17491	18100	17959	17873	18243	17994	18211	17720	17597	18182	18711	18202	18239	18803	18298	18337	18558	18535	18478	18395	18584	18603	18935	16604	16466
15:09:40	37.0	18135	18264	18164	18094	18230	18391	18509	18577	18417	18416	18380	18749	17988	17762	18252	18035	17961	18252	18491	17951	18700	18390	18386	19117	17862	18019	17941	17912	18106	17928	17943	18179	18124	18252	18281	19028	17560	17888	17882	17939	17870	17942	17909	17997	18070	17999	19554	18941	17710	17333	18029	17953	17712	18301	18037	18212	17712	17924	18229	18625	17886	18427	18702	18119	18344	18418	18392	18604	18365	18610	18677	19051	16470	16465
15:13:40	37.1	18128	18349	18339	18141	18280	18355	18364	18382	18412	18401	18662	18945	18163	17650	17989	18052	18069	18362	18509	18082	18478	18496	18253	19178	17682	18072	18078	17775	17983	18063	17947	18186	17997	18240	18269	19048	17299	17893	17759	17905	17850	18001	17839	18042	18133	18008	19617	18873	17641	17518	18063	18008	17568	18223	18159	18314	17748	17702	18258	18694	18009	18259	18674	18361	18266	18440	18441	18405	18416	18481	18584	18951	16492	16506
15:17:40	37.0	18190	18186	18065	18204	18090	18326	18568	18580	18447	18403	18451	18952	18064	17818	18089	18145	18214	18432	18414	18060	18676	18478	18111	19270	17829	17973	17925	17958	17844	17913	17889	18242	18110	18062	18476	19072	17397	17792	17704	17897	17772	18002	17953	18104	18014	17921	19647	18811	17728	17473	18030	17631	17660	18225	18005	18162	17725	17800	18120	18658	17975	18386	18547	18261	18271	18497	18275	18402	18245	18796	18503	18952	16650	16435
15:21:40	37.1	18271	18270	18236	18042	18285	18378	18597	18493	18433	18402	18513	18894	18052	17713	18169	18105	18073	18318	18358	18062	18562	18468	18577	19161	17847	17922	17923	17912	17995	18031	17703	18170	18004	18154	18519	19257	17531	18040	17821	17901	17680	18026	17930	18040	17863	18106	19724	18823	17655	17446	17939	17857	17783	18118	18098	18155	17706	17903	17891	18769	18069	18412	18715	18178	18181	18577	18455	18425	18345	18789	18633	18865	16465	16460
15:25:40	37.1	18199	18355	18132	18054	18376	18272	18387	18456	18535	18482	18563	18997	17978	17756	18071	18056	18087	18389	18280	17995	18504	18498	18375	19049	17810	18113	17921	17638	18028	17910	17927	18079	18126	18206	18406	19206	17388	18063	17983	18035	17799	17880	17861	18112	18021	18103	19926	18745	17627	17556	17918	17810	17634	18248	18137	18208	17748	17807	18294	18784	17906	18346	18550	18448	18288	18487	18453	18549	18327	18542	18344	18947	16598	16491
15:29:40	37.1	18181	18291	18211	18154	18262	18436	18423	18458	18362	18427	18590	18982	18068	17601	18113	18054	18142	18395	18382	18231	18605	18470	18465	19315	17880	17954	17954	17880	17885	17899	17912	18110	18174	18250	18418	19079	17404	17942	17850	17915	17832	18066	17818	18017	17901	18030	20051	18933	17726	17483	18020	17878	17679	18044	17992	18161	17646	17824	18273	18698	18250	18328	18630	18320	18234	18523	18403	18294	18378	18644	18582	19046	16557	16392
15:33:40	37.1	18266	18225	18206	18117	18238	18464	18399	18651	18448	18526	18691	19080	18135	17827	18047	18098	18340	18389	18383	18038	18550	18548	18429	19165	17682	17860	17783	17855	18003	17906	18012	18352	18227	18447	18534	19108	17451	17887	17919	17817	17921	17910	17896	18162	17942	18003	19976	18891	17745	17397	17920	17816	17689	18216	18100	18092	17599	17784	18212	18653	18056	18439	18496	18191	18312	18419	18332	18388	18388	18520	18446	19038	16505	16425
15:37:40	37.0	18275	18179	18403	18136	18195	18378	18586	18489	18338	18372	18593	18914	18039	17770	18248	18241	17973	18427	18562	18064	18662	18680	18484	19167	17691	18031	18024	17765	17858	18008	18003	18297	18303	18253	18507	19056	17440	17891	17680	18078	17794	17899	17855	17935	17917	18135	19987	18827	17727	17422	17881	17974	17716	18184	17958	18215	17615	17719	18294	18791	18047	18378	18522	18338	18305	18415	18365	18412	18447	18632	18483	18938	16614	16451
15:41:40	37.1	18309	18351	18282	17974	18305	18317	18556	18420	18352	18370	18659	19019	18066	17699	18238	17988	18169	18447	18546	18043	18444	18405	18319	19011	17786	17920	17910	17877	17948	17798	17895	18160	18298	18273	18420	19157	17417	17777	17856	17917	17832	17886	17894	18170	18122	18044	20025	18910	17756	17400	17845	17693	17735	18240	18031	18184	17508	17749	18015	18668	18070	18318	18475	18254	18266	18463	18400	18466	18289	18662	18491	18842	16491	16454
15:45:40	37.0	18228	18249	18250	18190	18259	18481	18555	18489	18441	18611	18542	18981	18192	17897	18087	18141	18186	18419	18345	18001	18531	18343	18485	19082	17774	17925	17814	17760	17976	17937	17943	18210	18108	18242	18624	19109	17397	17956	17895	17965	17739	17905	17817	18044	17929	18032	19911	18916	17618	17567	17988	17849	17783	17981	18079	18039	17753	17817	18115	18705	17952	18288	18539	18230	18324	18462	18502	18459	18425	18542	18449	18941	16635	16496
15:49:40	37.0	18129	18142	18350	18189	18206	18408	18492	18554	18490	18244	18459	18948	18255	17777	18071	18137	18076	18513	18479	17994	18643	18568	18149	19257	17770	17957	17862	17834	17885	17878	17813	18139	18313	18212	18625	19076	17387	17875	17806	17979	17787	17974	17988	18037	17964	17940	19947	18877	17621	17455	18001	17903	17609	18175	18047	18045	17693	17742	18112	18885	18155	18308	18628	18139	18103	18503	18367	18523	18334	18827	18652	18935	16618	16590
15:53:40	37.1	18091	18248	18283	18174	18029	18374	18475	18498	18580	18393	18608	18877	18285	17830	18150	18194	18276	18461	18559	18058	18514	18516	18412	19112	17750	17925	17922	17826	17841	17815	17774	18059	18017	18279	18558	18918	17435	17934	17854	18031	17795	17882	17940	18018	17985	17929	20247	18791	17630	17366	17936	17891	17511	18288	18036	18064	17648	17770	17952	18796	18083	18407	18659	18269	18269	18547	18338	18468	18405	18498	18495	18854	16714	16450
15:57:40	37.0	18153	18025	18207	18191	18210	18356	18504	18569	18504	18678	18362	18894	18041	17923	18056	18259	18074	18422	18601	18193	18685	18425	18318	19042	17748	17878	17946	17853	17911	17951	17928	18096	18291	18223	18715	19003	17595	17881	17736	17884	17878	18083	17788	17967	17895	18063	20190	18877	17747	17428	17865	17804	17747	18025	17911	18024	17564	17860	18044	18768	18064	18263	18416	18172	18188	18353	18481	18395	18340	18635	18450	18993	16524	16419
16:01:40	37.1	18091	18248	18295	18324	18235	18463	18590	18559	18443	18636	18550	18954	18056	17895	18011	18086	18201	18272	18606	17967	18532	18594	18399	19090	17826	17894	17890	17717	17983	18006	17837	18214	18300	18222	18606	19143	17450	17986	17720	17812	17911	17733	17850	17939	18009	17973	20358	18918	17641	17319	17954	17881	17645	18151	18018	18090	17698	17783	18136	18662	18058	18212	18492	18309	18216	18631	18429	18439	18447	18701	18341	18877	16509	16336
16:05:40	37.0	18239	18302	18295	18178	18356	18483	18350	18484	18507	18516	18628	18900	18125	17682	18191	18092	18131	18492	18540	18175	18521	18505	18549	19076	17629	17932	17931	17819	17844	17904	17955	18190	18053	18165	18555	19069	17506	17858	17771	17942	17880	17999	17947	18155	17859	17897	20296	19177	17661	17390	17963	17753	17739	18180	17932	17956	17748	17801	17938	18711	17993	18243	18622	18213	18303	18490	18465	18452	18340	18616	18488	19008	16586	16559
16:09:40	37.1	18200	18270	18146	18123	18415	18391	18539	18510	18519	18574	18573	18944	18011	17857	18168	18051	18117	18542	18462	18211	18544	18466	18470	19131	17836	17960	17991	17895	18032	18099	17917	18097	18206	18263	18596	18858	17381	17919	17875	18059	17783	17948	17870	18078	17947	17954	20493	18935	17603	17297	17856	17728	17609	18148	18021	17908	17560	17756	17953	18808	18194	18289	18559	18341	18283	18467	18486	18396	18288	18597	18424	18937	16578	16404
16:13:40	37.1	18274	18113	18079	18248	18278	18430	18534	18588	18355	18432	18579	18858	18016	17742	18100	18222	18084	18196	18581	18152	18670	18497	18408	19092	17801	17850	17906	17839	17892	17873	17887	18268	18137	18248	18722	19007	17515	17780	17805	18194	17609	17923	17917	18043	17950	18189	20380	18830	17699	17539	17855	17838	17802	18242	17935	18179	17805	17670	18104	18786	17809	18180	18614	18163	18216	18451	18326	18444	18237	18585	18317	18962	16678	16508
16:17:40	37.1	18261	18064	18215	18150	18281	18411	18360	18529	18476	18669	18673	18996	18257	17912	17954	18259	18277	18400	18505	18139	18585	18544	18460	19222	17705	17987	17900	17606	17904	17959	17931	18145	18224	18269	18785	19108	17513	17907	17852	17925	17764	17873	17781	18042	18024	17892	20425	19035	17612	17386	17994	17784	17700	18038	17955	18171	17853	17677	18121	18686	18037	18221	18628	18201	18051	18351	18406	18408	18311	18623	18553	18899	16469	16370
16:21:40	37.1	18140	18374	18291	18119	18329	18415	18431	18521	18536	18495	18635	18989	18175	17816	18116	18079	18148	18388	18562	18251	18583	18524	18565	19103	17737	17974	17883	17770	17850	18037	17766	18197	18123	18271	18842	19041	17339	17792	17794	17910	17868	17927	17814	17958	17811	18007	20373	18928	17594	17439	17994	17862	17832	18038	18033	17983	17753	17634	17981	18575	18117	18254	18543	18182	18083	18357	18388	18360	18374	18610	18388	18896	16711	16573
16:25:40	37.0	18380	18364	18199	18198	18227	18405	18348	18399	18466	18538	18530	19016	18113	17804	18007	18165	18111	18331	18495	18135	18553	18474	18371	19121	17575	18122	17870	17640	17873	17947	17796	18238	18314	18188	18815	19107	17337	17924	17799	17830	17882	17977	17906	18142	17995	17973	20415	19132	17802	17278	17934	17801	17722	18234	17958	18065	17734	17821	17959	18816	18111	18386	18596	18408	18118	18399	18494	18369	18442	18695	18662	18902	16579	16523
16:29:40	37.1	18162	18221	18123	18168	18201	18394	18414	18602	18425	18482	18620	19044	18060	17737	18207	18336	18091	18354	18512	18141	18534	18509	18476	19290	17789	18040	17941	17679	17900	17787	18003	17945	18301	18275	18852	19062	17487	17908	17724	17998	17863	18064	17808	18049	18023	18030	20291	18913	17575	17437	17866	17766	17679	18036	17887	18066	17790	17768	18068	18875	18092	18429	18659	18204	18158	18516	18373	18508	18289	18749	18487	18786	16577	16438
16:33:40	37.1	18203	18186	18320	18081	18332	18622	18494	18426	18538	18482	18685	18885	18004	17892	18047	18209	18167	18408	18483	18197	18614	18526	18214	19239	17702	17968	18030	17857	17801	17872	17934	18244	18145	18277	18931	19037	17409	17908	17860	17969	17834	18031	17915	18011	18034	17928	20438	19143	17677	17441	17946	18031	17802	18159	17911	18076	17866	17693	17851	18839	18007	18182	18572	18425	18263	18356	18439	18488	18291	18788	18578	18958	16671	16456
16:37:40	37.1	18150	18277	18298	18342	18214	18335	18580	18535	18518	18513	18585	18945	17794	17644	18152	18180	18238	18325	18400	18035	18835	18485	18358	19162	17852	17783	17835	17591	17966	17889	17765	18247	18130	18179	19027	19048	17389	17818	17671	17802	17815	18055	17906	18099	18066	18112	20580	19103	17716	17345	17794	17865	17533	18065	17981	18086	17679	17645	17906	18782	17925	18277	18538	18282	18109	18390	18345	18254	18263	18623	18439	19027	16710	16569
16:41:40	37.1	18208	18234	18250	18230	18190	18577	18614	18528	18623	18481	18614	18828	18105	17947	17962	18183	18219	18496	18579	18340	18525	18770	18541	19069	17863	17951	17913	17899	17893	17927	18024	18221	18153	18269	18874	19267	17569	17986	17839	17825	17891	17861	17839	17956	17896	17997	20511	18948	17484	17236	17922	17760	17631	18158	17924	18038	17789	17701	17977	18736	18089	18299	18682	18122	18268	18421	18596	18607	18367	18517	18509	18976	16534	16493
16:45:40	37.1	18164	18384	18286	18042	18368	18402	18473	18598	18620	18472	18547	18860	18132	17790	18150	18220	18278	18369	18383	18269	18752	18450	18342	19251	17702	17872	17930	17823	17952	17935	17904	18219	18189	18166	18979	19071	17495	17883	17830	17990	17788	17882	17864	17970	18000	18112	20566	19063	17701	17441	17693	17794	17632	18030	18014	18153	17806	17731	17999	18663	18147	18306	18371	18322	18184	18439	18518	18413	18421	18771	18414	18971	16631	16485
16:49:40	37.1	18329	18338	18357	18210	18340	18348	18631	18363	18454	18589	18624	18917	18233	17790	18190	18286	18319	18491	18462	18294	18737	18528	18656	19205	17803	18046	18061	17975	17925	17943	17821	18245	18154	18260	19078	19002	17440	17947	17889	18026	17938	17916	17973	18064	17854	17875	20553	18876	17628	17347	17968	17912	17584	17919	17962	18077	17704	17698	17978	18818	18064	18205	18457	18270	18320	18418	18444	18502	18290	18646	18574	19071	16728	16414
16:53:40	37.0	18290	18398	18240	18151	18367	18478	18550	18521	18582	18563	18769	19005	18013	17828	18234	18297	18123	18474	18489	18303	18623	18603	18385	19116	17742	17933	17880	17757	17897	17966	17877	18167	18179	18061	19186	18960	17575	17918	17751	17896	17824	18021	17956	17972	17990	18102	20591	19245	17549	17323	17853	17905	17620	17914	17711	18074	17770	17801	17928	18915	18055	18350	18498	18213	18260	18408	18534	18386	18301	18409	18401	19016	16673	16639
16:57:40	37.1	18325	18285	18287	18326	18188	18438	18538	18396	18622	18447	18767	18963	18308	17724	18072	18339	18216	18678	18392	18405	18630	18607	18540	19269	17598	17850	17903	17830	17925	18039	17951	18076	18254	18389	19141	19093	17569	17967	17814	17898	17944	18067	17967	18229	17872	17989	20498	18983	17664	17333	17798	17740	17569	18093	18090	17967	17746	17725	17761	18775	17892	18346	18630	18281	18301	18263	18475	18492	18217	18622	18495	19125	16707	16422
17:01:40	37.0	18266	18277	18306	18080	18226	18292	18290	18661	18544	18662	18604	18843	18181	17727	18088	18193	18292	18399	18654	18227	18712	18719	18357	19215	17751	17968	17797	17871	17855	18145	18031	18120	18321	18282	19154	19194	17404	18001	17932	18057	17877	17971	17958	18130	17913	18131	20799	19036	17677	17352	18004	17709	17485	18269	17967	17971	17744	17881	17857	18785	18153	18357	18625	18254	18352	18363	18521	18349	18542	18491	18734	18919	16704	16653
17:05:40	37.1	18308	18358	18406	18199	18309	18631	18551	18552	18503	18510	18595	18869	18083	17766	18222	18254	18129	18361	18572	18281	18681	18551	18448	19295	17616	17968	17979	17684	17929	17870	17908	18146	18423	18223	19133	19259	17467	17863	17853	17878	17920	18069	17947	18114	17746	18003	20691	19040	17714	17349	17915	17827	17671	18057	17989	17872	17759	17743	17887	18872	18034	18404	18662	18316	18230	18527	18398	18446	18280	18766	18549	18934	16700	16512
17:09:40	37.0	18227	18199	18247	18339	18347	18505	18553	18554	18595	18516	18606	18901	18118	18037	18057	18251	18201	18608	18625	18213	18634	18493	18433	19088	17740	18081	17813	17845	18059	17906	17939	18136	18503	18286	19290	19159	17442	17896	17876	17851	17906	18151	18023	17975	18042	18093	20614	19092	17686	17405	17807	17783	17553	18153	17793	17968	17769	17749	17563	18866	18125	18195	18527	18243	18292	18525	18639	18393	18475	18715	18465	18957	16587	16558
17:13:40	37.1	18375	18211	18353	18205	18163	18299	18517	18615	18723	18729	18607	18828	18127	17924	18174	18307	18271	18347	18537	18304	18760	18648	18378	19199	17779	18106	17886	17808	17865	18000	17940	18332	18163	18122	19339	19081	17499	17930	17906	17949	18025	18100	17876	18063	18012	18033	20829	19072	17638	17372	17776	17601	17423	17958	17867	18009	17851	17741	17831	18922	18189	18520	18625	18024	18247	18502	18453	18356	18344	18555	18368	18865	16771	16487
17:17:40	37.1	18270	18260	18402	18266	18166	18396	18551	18612	18567	18572	18722	18851	18203	17893	18153	18105	18224	18521	18703	18231	18766	18589	18381	19210	17752	17887	17925	17864	17839	17951	17889	18127	18179	18060	19138	19098	17421	17970	17792	17961	18124	17924	17903	17992	17740	18041	20885	19295	17620	17300	17827	17937	17442	18093	18202	18009	17800	17673	18027	18862	18243	18250	18792	18332	18150	18494	18359	18350	18312	18670	18390	18810	16684	16403
17:21:40	37.0	18516	18141	18305	18138	18297	18479	18543	18416	18624	18495	18601	18965	18262	17879	18096	18305	18224	18413	18536	18369	18782	18712	18581	19062	17823	17895	17982	17804	17909	18034	17874	18139	18237	18199	19308	19153	17581	18067	17747	17963	17929	18003	18011	18087	17780	18055	20847	19123	17618	17321	17913	17877	17575	17992	17849	17836	17686	17874	17719	18715	18114	18472	18592	18370	18312	18419	18469	18419	18329	18467	18441	19030	16586	16665
17:25:40	37.0	18289	18282	18342	18145	18399	18480	18733	18634	18494	18541	18746	18919	18231	17835	18316	18129	18377	18516	18568	18323	18755	18670	18311	19254	17799	17848	17842	17775	17922	17873	17974	18148	18291	18178	19321	19165	17588	17954	17702	17827	17995	17998	17801	17898	17950	18017	20865	19317	17585	17401	17918	17686	17580	18040	17785	17867	17737	17747	17701	18918	18105	18356	18593	18128	18162	18309	18530	18499	18436	18673	18447	19113	16580	16679
17:29:40	37.0	18127	18111	18271	18192	18293	18426	18591	18727	18508	18453	18673	19020	18139	17939	18162	18027	18099	18509	18502	18380	18692	18610	18377	19177	17705	17842	17698	17752	17899	17874	17931	18183	18269	18245	19369	19139	17624	18038	17773	17865	18079	18062	18109	18057	17965	18072	20841	19131	17579	17365	18016	17766	17448	18038	17848	17860	17796	17934	17891	18899	18177	18322	18618	18167	18194	18502	18334	18559	18396	18550	18632	19037	16760	16593
17:33:40	37.1	18317	18338	18371	18270	18271	18375	18577	18615	18523	18554	18658	19118	18106	17819	18168	18137	18329	18516	18652	18233	18765	18669	18523	19181	17732	17978	17950	17738	17999	18057	17943	18123	18238	18418	19336	19256	17412	18164	17893	17960	18071	18038	18042	18016	17986	18112	20751	19267	17606	17269	18040	17888	17492	18013	17853	18015	17826	17839	17697	18996	18015	18281	18494	18183	18136	18432	18508	18529	18465	18616	18591	19187	16683	16620
17:37:40	37.1	18265	18277	18186	18301	18349	18561	18596	18637	18481	18480	18660	19094	18201	17948	18145	18189	18244	18494	18552	18367	18884	18774	18482	19227	17672	17986	17961	17732	17822	17865	18030	18154	18182	18207	19340	19138	17502	17962	17785	18047	17988	18078	17933	18045	18033	18159	20934	19175	17709	17450	17778	17831	17553	18101	17832	18004	17733	17807	17796	18894	17996	18195	18533	18161	18076	18288	18370	18474	18425	18667	18522	18995	16544	16507
17:41:40	37.1	18126	18291	18392	18255	18305	18614	18561	18692	18563	18417	18853	19043	18352	17922	18356	18123	18263	18429	18634	18258	18638	18656	18407	19280	17824	18019	17882	17752	17995	18058	17908	18272	18230	18315	19314	19161	17611	17874	17818	18016	17869	18144	17980	18117	17848	18217	20786	19307	17782	17346	17837	17699	17637	17901	18028	18091	17709	17801	17792	18908	18059	18385	18709	18249	18253	18398	18437	18414	18359	18603	18507	19026	16782	16482
17:45:40	37.1	18148	18261	18301	18186	18419	18464	18666	18575	18610	18513	18749	18961	18288	17878	18202	18165	18276	18549	18609	18470	18818	18470	18434	19331	17924	17862	17918	17899	17943	17999	17942	18165	18265	18246	19406	19182	17429	17927	17974	18151	18077	18045	17988	18053	17922	18056	20905	19265	17647	17304	17822	17781	17496	17929	17822	17958	17805	17777	17949	18861	18162	18229	18623	18414	18138	18487	18473	18509	18419	18646	18623	18881	16787	16618
17:49:40	37.1	18257	18419	18272	18395	18444	18485	18543	18606	18761	18432	18704	19039	18403	17835	18278	18340	18237	18425	18567	18384	18588	18669	18554	19133	17631	18128	18096	17859	17932	17784	18016	18258	18200	18199	19255	19179	17495	18066	17741	17852	18091	18104	18112	18166	18051	18036	20872	19249	17730	17610	17871	17814	17537	18206	18073	18019	17842	17689	17956	18860	18108	18290	18639	18317	18179	18408	18348	18534	18526	18573	18515	19105	16671	16683
17:53:40	37.1	18330	18383	18393	18445	18424	18572	18608	18829	18584	18685	18923	19021	18220	17966	18193	18177	18261	18474	18682	18539	18632	18564	18295	19241	17832	17954	17947	17728	18007	17875	17971	18226	18196	18320	19265	19142	17598	17978	17863	18094	18009	18140	18069	18096	18074	18011	20876	19332	17627	17410	17900	17740	17642	17931	17903	17921	17738	17867	17862	18972	18099	18202	18534	18303	18161	18463	18420	18591	18394	18559	18370	19193	16665	16530
17:57:40	37.1	18257	18208	18324	18178	18362	18691	18583	18416	18541	18580	18785	18864	18156	17887	18281	17980	18268	18422	18583	18302	18816	18591	18569	19273	17670	17954	18069	17856	17898	17970	17946	18198	18246	18346	19403	19020	17600	18084	17877	18156	18276	17995	18010	18151	18059	17987	20895	19392	17535	17331	17997	17765	17511	18042	17839	17924	17863	17678	17815	18835	18194	18236	18587	18295	18255	18429	18489	18620	18259	18495	18462	18989	16732	16532
18:01:40	37.0	18359	18387	18236	18276	18245	18507	18582	18696	18469	18585	18737	19022	18283	17816	18121	18217	18108	18558	18687	18397	18599	18590	18522	19318	17783	17888	17996	17962	17836	17926	18104	18280	18278	18205	19466	19208	17514	17934	17894	18149	17996	18156	18046	18161	17979	18016	20877	19516	17731	17395	17858	17822	17510	18031	18001	17724	17674	17716	17920	19014	18002	18407	18427	18278	18113	18331	18473	18457	18343	18539	18630	19047	16618	16694
18:05:40	37.1	18350	18395	18367	18273	18236	18461	18549	18571	18619	18462	18745	19052	18311	17857	18326	18270	18194	18439	18605	18436	19015	18695	18473	19102	17782	17984	17961	17763	18139	18063	17945	18245	18266	18077	19342	19093	17558	17964	17872	18178	18281	18196	17902	18121	18083	18119	20911	19359	17654	17413	17975	17762	17528	18032	17815	17849	17642	17780	17944	18910	18041	18379	18515	18293	18134	18409	18248	18707	18556	18512	18490	19233	16737	16511
18:09:40	37.1	18220	18320	18345	18136	18386	18501	18491	18663	18668	18501	18762	19048	18256	17848	18308	18311	18193	18574	18528	18408	18815	18507	18654	19222	17740	18030	17899	17774	17841	17995	17891	18314	18287	18349	19354	19242	17643	18020	17860	18091	18222	18190	18088	18185	18000	18085	21175	19289	17635	17420	17837	17864	17502	17975	17971	17819	17580	17784	17978	18864	18084	18304	18548	18282	18190	18109	18583	18471	18497	18594	18606	19095	16779	16704
18:13:40	37.1	18271	18274	18297	18305	18412	18414	18562	18748	18590	18556	18929	19088	18218	18037	18282	18389	18362	18452	18558	18533	18650	18514	18570	19244	17885	18195	17979	18048	17998	17986	17880	18321	18295	18323	19483	19149	17549	18164	17881	17916	18179	18141	17993	18089	18074	18137	20924	19250	17643	17397	17778	17742	17584	18008	17832	17772	17862	17871	17894	18805	18048	18219	18755	18174	18188	18359	18456	18483	18280	18225	18586	19158	16632	16543
18:17:40	37.1	18246	18347	18501	18161	18412	18545	18621	18713	18657	18664	18896	18870	18267	18009	18129	18211	18135	18440	18578	18496	18848	18708	18547	19426	17806	17868	17849	17900	18216	18124	17983	18141	18282	18335	19409	19126	17515	18105	17930	18007	18260	18215	18058	18167	17861	18238	21024	19463	17514	17310	17950	17928	17653	18136	17832	17981	17725	17914	17816	18802	18200	18318	18679	18233	18143	18347	18514	18417	18369	18585	18519	18991	16700	16525
18:21:40	37.1	18227	18494	18456	18283	18245	18552	18628	18551	18608	18692	18793	19030	18238	17841	18160	18232	18318	18448	18804	18496	18567	18629	18486	19331	17888	18014	17922	17735	17997	18135	17861	18271	18363	18236	19442	19174	17644	17961	17920	17998	18192	18014	18000	18297	18049	18208	21044	19317	17620	17448	17858	17657	17479	18058	18015	17779	17550	17706	17751	18961	18240	18119	18710	18150	18074	18236	18276	18592	18396	18407	18588	19066	16719	16811
18:25:40	37.0	18171	18594	18365	18243	18407	18500	18695	18653	18617	18681	18623	19144	18311	17937	18089	18214	18357	18275	18577	18583	18686	18727	18583	19205	17761	18052	17998	17895	17898	18241	17966	18167	18422	18315	19371	19244	17554	18053	17787	18104	18179	18135	18107	18194	17906	18160	20941	19552	17596	17337	17895	17594	17483	18071	17947	17808	17676	17791	17796	18958	18109	18369	18666	18282	18161	18214	18284	18440	18261	18461	18388	19141	16767	16503
18:29:40	37.0	18254	18320	18382	18328	18447	18506	18470	18620	18414	18515	18874	19217	18175	17840	18241	18147	18363	18605	18743	18641	18806	18804	18550	19195	17825	18044	18046	17755	17973	18123	17940	18370	18266	18286	19398	19365	17710	18066	17941	18060	18213	18188	18073	18261	18080	18219	20813	19470	17711	17428	17794	17640	17620	18031	17893	17807	17688	17887	17773	18728	18113	18438	18621	18238	18242	18246	18446	18591	18427	18389	18571	19011	16826	16674
18:33:40	37.1	18428	18504	18436	18232	18379	18611	18509	18674	18591	18537	18766	19237	18302	17788	18136	18245	18358	18595	18765	18477	18840	18604	18469	19314	17779	17986	17906	17889	18096	18063	18015	18255	18372	18317	19484	19137	17591	18096	17835	18127	18197	18271	18134	18201	17951	18113	20916	19311	17602	17410	17899	17540	17558	17959	17923	17707	17775	17846	17743	18881	18056	18428	18640	18350	18272	18288	18448	18543	18603	18516	18436	19148	16889	16745
18:37:40	37.0	18224	18250	18357	18329	18381	18526	18599	18648	18580	18588	18651	19213	18194	17792	18135	18141	18178	18451	18752	18527	18774	18628	18573	19261	17815	18021	17967	17794	18158	18071	18100	18371	18143	18354	19585	19161	17519	18096	17968	18073	18098	18042	18100	18109	18083	18037	21142	19558	17693	17467	17779	17762	17581	17965	17844	17794	17885	17806	17669	18930	18223	18365	18692	18280	18157	18162	18404	18426	18464	18323	18491	19100	16788	16732
18:41:40	37.1	18462	18454	18263	18181	18300	18542	18645	18794	18633	18719	18878	19132	18237	17934	18191	18195	18388	18464	18579	18639	18717	18716	18595	19257	17897	17978	17990	17978	18061	18039	17943	18480	18431	18280	19611	19228	17539	17968	17888	18258	18228	18074	18058	18213	18031	18183	20974	19428	17611	17344	17883	17751	17595	17882	17933	17875	17755	17793	17630	19050	18098	18389	18681	18325	18244	18228	18391	18383	18522	18602	18569	19137	16758	16539
18:45:40	37.1	18440	18347	18253	18262	18422	18431	18618	18697	18628	18761	18874	19121	18336	17874	18317	18328	18378	18558	18713	18647	18844	18693	18554	19387	17811	18103	18100	17807	18142	18058	17950	18249	18331	18378	19484	19120	17563	18003	17948	18280	18258	18211	18093	18314	18068	18217	20974	19560	17809	17435	17904	17854	17576	18068	17829	17868	17919	17918	17762	19063	18151	18362	18641	18228	18374	18222	18468	18444	18402	18397	18465	18996	16855	16568
18:49:40	37.0	18372	18393	18334	18181	18488	18597	18717	18796	18708	18786	18824	19129	18420	18010	18385	18352	18402	18618	18642	18549	18817	18724	18583	19068	17869	18014	18128	17896	18164	18184	17923	18280	18401	18414	19553	19168	17708	18094	17948	18206	18422	18229	18113	18391	17955	18049	21109	19596	17685	17395	17842	17629	17569	17847	17785	17908	17765	17929	17784	19086	18137	18335	18756	18346	18217	18406	18376	18539	18437	18478	18513	19142	16719	16667
18:53:40	37.1	18545	18397	18538	18207	18414	18518	18540	18717	18772	18670	18852	19064	18218	17846	18235	18276	18482	18553	18667	18597	18766	18608	18715	19404	17810	18088	18096	18085	18042	18202	18116	18376	18450	18224	19538	19281	17672	18088	17966	18098	18408	18220	18286	18221	18025	18308	20976	19723	17703	17322	17935	17745	17647	18029	17872	17882	17805	17916	17846	18884	18066	18229	18517	18346	18189	18209	18377	18427	18405	18296	18466	19017	16788	16653
18:57:40	37.1	18461	18272	18122	18294	18345	18627	18703	18650	18713	18616	18815	19165	18226	18057	18093	18352	18387	18675	18828	18702	18760	18772	18728	19475	17911	18086	18045	17950	18147	18202	18003	18583	18499	18500	19573	19278	17627	18207	17819	18260	18597	18226	18155	18213	18055	18060	20998	19582	17703	17234	17802	17736	17621	18110	17804	17874	17729	17890	17778	18996	18146	18275	18652	18313	18253	18260	18338	18507	18496	18336	18540	19115	16995	16584
19:01:40	37.1	18288	18542	18548	18371	18478	18495	18552	18659	18647	18657	18926	19132	18326	17976	18325	18269	18428	18533	18733	18676	18865	18738	18629	19404	17882	18146	18113	17940	17972	18229	17961	18257	18386	18420	19649	19392	17601	18278	17929	18286	18409	18319	18062	18297	18104	18183	21026	19616	17806	17331	17990	17762	17747	18111	17772	17813	17708	17935	17663	19002	18142	18291	18585	18312	18191	18425	18379	18432	18646	18401	18552	19191	16820	16692
19:05:40	37.0	18308	18477	18356	18223	18381	18563	18660	18746	18546	18675	18919	19268	18404	17874	18333	18467	18438	18586	18767	18758	18868	18767	18606	19308	17744	17888	18039	17902	18158	18060	18048	18374	18493	18405	19544	19186	17530	18235	17990	18259	18508	18302	18099	18412	18127	18234	20881	19706	17786	17304	17863	17800	17600	17926	17967	17738	17743	17806	17794	19014	18244	18375	18628	18226	18221	18345	18498	18503	18628	18452	18525	19200	16912	16610
19:09:40	37.1	18415	18380	18448	18322	18401	18691	18563	18751	18667	18694	18798	19118	18357	18007	18398	18167	18417	18504	18617	18647	18666	18711	18523	19320	17844	18170	18252	18000	18071	18338	18020	18410	18280	18497	19590	19239	17752	18323	17893	18192	18496	18372	18267	18269	18196	18219	20851	19520	17738	17421	18032	17711	17572	17923	17801	17746	17727	17812	17735	19113	18159	18210	18736	18110	18253	18141	18382	18361	18456	18347	18533	19170	16770	16724
19:13:40	37.1	18369	18383	18529	18340	18405	18600	18581	18763	18725	18632	18838	19142	18224	18022	18305	18298	18445	18685	18684	18774	18892	18697	18513	19188	17921	17985	18222	18007	18098	18147	18093	18486	18322	18376	19573	19200	17705	18280	18063	18404	18589	18288	18331	18215	18109	18316	20973	19622	17835	17310	17776	17849	17651	18127	17806	17809	17803	17791	17738	18969	18161	18360	18564	18247	18265	18323	18303	18466	18625	18449	18538	19100	16801	16739
19:17:40	37.1	18367	18370	18477	18308	18413	18678	18649	18829	18809	18742	18768	19210	18361	18056	18193	18431	18431	18571	18941	18692	18853	18684	18629	19305	17875	18125	18146	17959	18276	18137	18173	18488	18286	18230	19645	19296	17586	18159	17903	18440	18524	18454	18427	18389	18055	18180	21026	19679	17664	17381	17944	17837	17487	18152	17931	17894	17778	17783	17899	18902	18228	18211	18751	18197	18145	18183	18262	18434	18439	18463	18522	19195	16697	16661
19:21:40	37.0	18380	18422	18259	18424	18439	18489	18725	18622	18700	18684	18844	19284	18287	17974	18469	18303	18488	18744	18713	18719	18852	18748	18664	19072	17955	18111	18170	17963	18223	18159	18205	18467	18385	18385	19723	19381	17617	18202	18014	18306	18758	18321	18364	18361	18194	18055	20880	19749	17632	17372	17808	17780	17666	18176	17808	17830	17899	17868	17903	19045	18182	18252	18673	18179	18274	18236	18447	18543	18354	18374	18647	19168	16887	16737
19:25:40	37.1	18575	18427	18360	18460	18523	18628	18584	18730	18690	18752	18809	19255	18357	17987	18329	18316	18358	18626	18932	18798	18975	18706	18616	19349	17861	18202	17898	17686	18147	18273	18239	18555	18345	18367	19644	19313	17653	18302	18081	18449	18511	18553	18360	18426	18213	18421	20944	19724	17628	17468	17972	17803	17580	18161	17877	17858	17769	17827	17824	18943	18274	18250	18755	18161	18203	18370	18329	18392	18512	18409	18463	19237	16915	16898
19:29:40	37.1	18385	18341	18499	18483	18399	18626	18723	18707	18688	18677	18889	19061	18373	18031	18368	18395	18417	18640	18748	18768	18855	18768	18763	19346	18013	18190	18039	17862	18149	18270	18074	18432	18356	18446	19554	19219	17548	18348	18041	18526	18425	18575	18323	18520	18318	18302	21068	19692	17779	17375	17812	17644	17660	18150	17824	17784	17749	17802	17826	19033	18056	18226	18572	18154	18287	18098	18357	18421	18490	18486	18656	19175	16741	16665
19:33:40	37.0	18442	18580	18443	18409	18403	18683	18634	18902	18677	18685	18809	19061	18199	18034	18295	18260	18268	18723	18656	18779	18873	18665	18656	19208	17880	18180	18112	17983	18142	18185	18145	18701	18465	18351	19718	19177	17748	18434	17956	18411	18667	18424	18432	18513	18001	18366	20958	19890	17724	17447	17852	17853	17584	17932	17794	17684	17805	17819	17634	19105	18119	18302	18736	18187	18274	18168	18251	18446	18446	18422	18432	19178	16787	16763
19:37:40	37.1	18349	18639	18397	18369	18481	18582	18655	18607	18787	18693	18982	19082	18215	18065	18262	18318	18386	18776	18935	18964	18866	18772	18634	19402	18008	18093	18124	18149	18137	18354	18245	18355	18422	18467	19686	19195	17715	18310	18027	18420	18718	18568	18276	18546	18171	18237	20894	19850	17799	17404	17971	17808	17531	17964	17876	17885	17880	17817	17743	18954	18242	18253	18865	18075	18304	18347	18401	18470	18365	18359	18570	19065	16896	16681
19:41:40	37.0	18268	18421	18523	18579	18649	18562	18857	18740	18790	18661	18918	19196	18114	17960	18329	18285	18259	18513	18750	18779	18941	18728	18717	19385	17830	18078	18021	18055	18216	18215	18174	18436	18440	18409	19654	19198	17848	18302	18144	18517	18626	18364	18375	18483	18188	18239	20797	19681	17686	17390	17998	17709	17483	18043	17782	17772	17877	17999	17614	19046	18125	18163	18733	18287	18034	18117	18276	18354	18377	18367	18463	19135	16834	16645
19:45:40	37.1	18361	18479	18366	18560	18526	18660	18694	18823	18731	18629	18920	19176	18372	17987	18230	18283	18299	18682	18844	18848	18956	18860	18681	19162	17992	18147	18217	18113	18271	18215	18143	18492	18407	18367	19653	19163	17675	18369	18177	18481	18597	18503	18534	18565	18168	18511	20853	19987	17758	17269	17852	17760	17588	18044	17818	17879	17871	17962	17656	19043	18146	18165	18720	18085	18107	18291	18379	18379	18472	18329	18528	19132	16839	16776
19:49:40	37.0	18259	18620	18403	18429	18608	18784	18597	18752	18734	18815	19040	19239	18328	17956	18285	18158	18403	18610	18788	18853	18897	18849	18554	19332	18030	18156	18234	17987	18266	18381	18123	18431	18495	18503	19764	19204	17683	18454	18128	18305	18674	18544	18522	18664	18293	18313	20859	19729	17837	17456	17932	17766	17456	17896	17834	17889	17930	17921	17661	19078	18141	18163	18714	18113	18318	18358	18327	18306	18409	18364	18631	19010	16933	16749
19:53:40	37.1	18273	18489	18617	18463	18613	18757	18668	18777	18688	18664	18963	19205	18356	18133	18419	18321	18398	18613	18863	18803	18809	18815	18846	19395	18008	18121	18094	17833	18318	18474	18184	18451	18574	18241	19668	19372	17760	18492	18122	18605	18725	18793	18420	18513	18291	18378	20830	19767	17812	17213	17893	17698	17541	17970	17825	17852	17933	17804	17824	19064	18248	18235	18608	18067	18082	18161	18272	18399	18609	18400	18564	19259	16902	16934
19:57:40	37.0	18316	18458	18473	18374	18317	18457	18702	18722	18768	18805	19014	19237	18377	17968	18332	18445	18301	18740	18755	18842	18849	18861	18901	19377	17888	18243	17964	18099	18281	18557	18133	18432	18303	18366	19712	19369	17961	18567	18324	18515	18919	18612	18501	18610	18247	18486	20902	20027	17717	17299	17693	17681	17690	17938	17824	17725	17953	17837	17748	19169	18270	18164	18641	18019	18179	18219	18201	18255	18457	18393	18519	19107	16891	16832
20:01:40	37.0	18389	18527	18297	18506	18444	18699	18726	18752	18825	18667	19037	19155	18511	17954	18293	18383	18450	18596	18923	18846	18790	18998	18758	19227	18013	18296	18065	17982	18136	18333	17973	18409	18322	18376	19727	19265	17853	18614	18040	18649	18887	18647	18501	18603	18182	18435	20771	19861	17782	17414	17988	17775	17492	17948	17965	17733	17795	17907	18003	19138	18132	18315	18873	18081	18206	18247	18344	18462	18573	18404	18591	19287	16923	16809
20:05:40	37.0	18470	18353	18557	18490	18472	18647	18814	18793	18763	18661	18763	19276	18256	18099	18176	18363	18497	18668	18836	19068	18802	18821	18650	19393	17983	18177	18042	18023	18162	18323	18310	18454	18580	18436	19739	19386	17877	18587	18023	18674	18924	18605	18643	18699	18251	18395	20952	19764	17720	17246	17813	17779	17482	18086	17854	17924	17769	17937	17749	19099	18163	18047	18671	18149	18065	18051	18347	18186	18580	18336	18669	19077	16905	16899
20:09:40	37.1	18352	18522	18571	18408	18496	18634	18631	18761	18746	18791	18921	19310	18238	18085	18384	18348	18425	18719	18845	18848	18806	18918	18664	19286	17834	18177	18163	18097	18233	18404	18244	18566	18608	18472	19631	19461	17737	18529	18368	18541	18815	18708	18499	18802	18141	18565	20983	19944	17928	17359	17744	17663	17606	18181	17910	17766	17864	17953	17970	19098	18151	18227	18657	18241	18264	18183	18280	18279	18483	18434	18477	19335	17135	16784
20:13:40	37.1	18418	18489	18422	18404	18586	18628	18787	18854	18801	18776	18913	19170	18315	17899	18408	18344	18349	18770	18765	19103	18967	18835	18639	19374	17800	18214	18239	18149	18373	18319	18311	18679	18588	18457	19625	19359	17900	18635	18289	18545	18932	18796	18680	18589	18157	18401	20990	19877	17659	17413	18054	17799	17498	17993	17853	17929	17920	17953	17858	19019	18123	18474	18764	18183	18012	18208	18281	18353	18482	18304	18504	18997	16792	16753
20:17:40	37.0	18368	18374	18546	18451	18605	18757	18715	18726	18749	18915	18906	19442	18277	18001	18398	18344	18473	18825	18834	18876	18915	18805	18881	19366	18044	18267	18085	18071	18339	18576	18331	18631	18516	18575	19840	19445	17937	18634	17995	18794	18944	18816	18492	18812	18227	18401	21030	19971	17657	17569	18008	17748	17612	17959	17981	17881	17992	17972	17743	18981	18189	18375	18633	18237	18121	18116	18286	18308	18347	18422	18584	19151	16864	16729
20:21:40	37.1	18454	18483	18282	18336	18490	18660	18764	18782	18840	18694	18963	19165	18392	17992	18271	18288	18467	18690	18928	18997	18793	18822	18795	19271	18182	18304	18199	18162	18264	18385	18192	18493	18468	18510	19725	19292	17855	18544	18272	18729	19074	18782	18768	18645	18239	18422	20789	19833	17792	17415	18000	17713	17533	18018	17957	17845	17831	18107	17873	19039	18050	18229	18677	18112	18252	18065	18299	18271	18426	18325	18481	19228	16997	16802
20:25:40	37.1	18454	18578	18370	18388	18581	18764	18743	18818	18734	18834	19036	19243	18438	18061	18329	18429	18397	18629	18638	19005	18683	18783	18746	19493	18153	18458	18128	18055	18311	18526	18202	18455	18561	18380	19691	19432	18028	18707	18169	18759	18993	18856	18820	18630	18183	18496	20750	19993	17603	17372	17931	17621	17637	18149	17799	17761	17787	17932	17794	18997	18162	18178	18803	18222	18293	18181	18341	18355	18304	18526	18427	19295	16915	16820
20:29:40	37.1	18265	18519	18394	18345	18581	18650	18732	18809	18714	18831	18886	19258	18273	18029	18449	18294	18362	18690	18965	18873	19025	18850	18638	19251	18008	18320	18208	17958	18287	18494	18449	18542	18600	18545	19722	19437	17974	18739	18245	18789	18915	19068	18883	18708	18401	18431	20893	19836	17705	17410	18010	17801	17558	18008	17975	17839	17887	17934	17873	19065	18151	18440	18802	18145	18092	18129	18240	18233	18291	18352	18468	19317	16967	16783
20:33:40	37.1	18515	18513	18520	18498	18627	18772	18846	18786	18954	18868	18949	19148	18308	17845	18306	18471	18287	18831	18867	18878	19052	18931	18722	19341	18152	18396	18058	18104	18265	18417	18416	18568	18621	18581	19798	19434	17804	18764	18418	18666	18957	18944	18736	18725	18516	18535	20963	19784	17804	17617	17890	17767	17515	18096	17891	17770	17954	18110	17755	19107	18153	18248	18762	18107	18335	18021	18330	18474	18373	18391	18586	19315	16980	16884
20:37:40	37.1	18329	18469	18462	18472	18619	18711	18626	18906	18889	18918	18994	19336	18490	18083	18413	18328	18433	18709	18798	19167	18891	18953	18608	19515	17942	18468	18199	17976	18234	18449	18339	18641	18502	18535	19932	19456	18070	18799	18237	18659	19018	19075	18851	18709	18413	18461	20783	20007	17766	17429	17889	17792	17650	18027	17798	17715	18000	18076	17781	19070	18113	18251	18726	18362	18334	18121	18290	18235	18354	18388	18496	19323	16886	16903
20:41:40	37.1	18386	18470	18496	18485	18759	18765	18745	18973	18759	18759	19034	19410	18550	18045	18391	18382	18468	18856	18942	19309	18954	18912	18858	19207	18005	18268	18202	18084	18265	18437	18490	18644	18561	18614	19688	19467	18170	18885	18249	18933	19164	18929	18864	19007	18372	18669	20895	19916	17815	17585	17925	17878	17641	18034	17947	17826	17992	18015	17720	19242	18110	18171	18808	18265	18072	18159	18291	18267	18494	18466	18455	19274	16998	16825
20:45:40	37.1	18447	18464	18632	18418	18580	18675	18799	18733	18792	18900	19085	19206	18398	17938	18425	18507	18449	18827	18808	19056	19055	18902	18636	19285	17989	18238	18312	18197	18334	18566	18394	18691	18704	18694	19886	19367	18109	18758	18498	18716	19218	19086	18712	18868	18360	18577	20756	20094	17746	17462	18004	17828	17549	18018	17978	17831	17871	18010	17748	19115	18228	18197	18769	18158	18243	18166	18430	18231	18385	18215	18525	19239	16897	16807
20:49:40	37.1	18415	18446	18647	18371	18485	18593	18959	18864	18783	18962	18952	19217	18365	18106	18264	18522	18576	18791	18920	19054	19102	18746	18769	19352	18130	18272	18272	18123	18497	18602	18401	18674	18595	18781	19852	19336	18132	18902	18507	18880	19152	18993	18955	18999	18320	18699	20999	20154	17640	17389	17905	17798	17508	18104	17743	17717	18134	18106	17720	19086	18357	18254	18766	18074	18322	18131	18276	18179	18409	18383	18624	19239	17134	16815
20:53:40	37.0	18388	18401	18465	18483	18749	18762	18966	18804	18925	18805	18991	19289	18458	18199	18317	18307	18458	18887	19121	19146	19025	18918	18593	19190	17998	18341	18298	18278	18407	18648	18527	18793	18700	18572	19734	19444	18153	18865	18386	18819	19190	19111	19043	19128	18423	18749	20848	20132	17806	17415	17916	17881	17536	18113	17730	17771	17956	18059	17856	19126	18174	18310	18904	18228	18294	18163	18237	18429	18295	18358	18468	19486	16929	16870
20:57:40	37.0	18428	18422	18491	18493	18481	18696	18723	18746	18965	18763	19051	19271	18377	18021	18486	18453	18498	18719	18943	19129	18869	18835	18649	19349	18111	18319	18261	18270	18375	18523	18438	18569	18758	18567	19828	19339	18134	18923	18349	19080	19298	19267	18894	19259	18331	18629	20871	20067	17731	17395	17919	17788	17638	17999	17854	17805	17906	18031	17732	18931	18258	18290	18753	18184	18210	18073	18464	18294	18265	18333	18574	19114	16929	16948
21:01:40	37.1	18368	18462	18480	18600	18536	18571	18696	18807	18939	18853	19024	19397	18331	18069	18319	18419	18521	18837	18845	19101	18846	18780	18944	19459	18061	18531	18495	18132	18369	18676	18449	18907	18627	18684	19916	19421	18137	18862	18540	19034	19379	19100	18998	19062	18429	18823	20792	20163	17938	17402	17903	17739	17442	17952	17972	17834	17888	18096	17720	19057	18112	18319	18699	18199	18231	18188	18333	18462	18289	18426	18495	19197	16987	16877
21:05:40	37.0	18512	18578	18553	18443	18564	18766	18838	18900	18953	18846	18902	19354	18531	18044	18422	18505	18500	18688	18961	19208	19003	18855	18926	19402	18125	18365	18263	18220	18391	18759	18473	18800	18633	18684	20061	19505	18102	18779	18488	18919	19400	19194	19079	18988	18523	18742	20662	20186	17829	17580	18003	17701	17627	17989	17877	17950	17792	18053	17748	19116	18279	18321	18530	18181	18239	18149	18389	18289	18287	18354	18556	19246	17052	16844
21:09:40	37.1	18444	18574	18501	18606	18649	18583	18861	18874	19038	18926	19030	19422	18531	17977	18381	18412	18512	18782	18948	19267	18868	18942	18872	19314	18041	18480	18371	18423	18526	18807	18540	18679	18647	18700	19804	19354	18051	19030	18427	18943	19377	19297	19163	19171	18601	18716	20724	20334	17884	17589	18022	17704	17585	18088	17893	17967	17889	17951	17843	19057	18194	18344	18802	18240	18389	18144	18364	18242	18304	18441	18606	19375	16972	16855
21:13:40	37.1	18385	18551	18567	18532	18652	18688	18793	18916	18844	18865	19005	19343	18523	18108	18392	18364	18535	18722	18886	19216	19014	19015	18838	19448	18068	18336	18413	18286	18434	18877	18561	18916	18728	18737	19883	19597	18256	19092	18447	19024	19435	19345	19034	19020	18524	18888	20854	20439	17737	17456	18013	17692	17645	17929	18070	17856	17973	18243	17643	19119	18279	18247	18582	18060	18095	18103	18102	18208	18211	18471	18576	19229	16987	16842
21:17:40	37.1	18441	18518	18472	18505	18629	18678	18800	18821	18819	18779	18943	19410	18434	18164	18241	18378	18496	18769	18914	19160	19090	18993	18971	19537	18059	18539	18472	18283	18496	18801	18600	18946	18835	18520	19809	19409	18162	19073	18451	19124	19431	19134	19202	19186	18461	18765	21002	20210	17872	17438	18034	17699	17627	18061	17734	17835	18027	18155	17794	19135	18103	18083	18813	18240	18228	18221	18352	18436	18361	18427	18580	19313	17048	16979
21:21:40	37.0	18537	18654	18703	18598	18631	18782	18895	18886	18978	18943	19151	19226	18345	17992	18409	18436	18483	18723	19025	19111	19074	18886	18800	19467	18044	18518	18427	18210	18532	18895	18537	18659	18723	18539	19953	19451	18248	19070	18452	19083	19461	19251	19205	19258	18457	18854	20709	20122	17749	17371	17834	17785	17598	18194	17909	17676	18078	17963	17783	19294	18146	18281	18639	18119	18198	18151	18220	18239	18507	18453	18604	19163	17085	16856
21:25:40	37.1	18387	18504	18563	18505	18654	18807	18887	18828	18784	18838	19022	19299	18524	18028	18479	18522	18738	18877	18986	19303	18753	19102	18733	19338	18052	18529	18333	18387	18472	18870	18501	18904	18699	18727	19892	19403	18255	19010	18551	19191	19455	19331	19088	19219	18569	18860	20781	20375	17733	17454	17938	17779	17619	17996	17879	17774	18056	18134	17777	19159	18189	18175	18688	18171	18161	18352	18262	18283	18385	18288	18614	19300	17057	16862
21:29:40	37.1	18620	18503	18622	18531	18626	18702	18906	18888	18982	18943	19172	19321	18436	18137	18402	18637	18569	18905	19017	19176	18983	18941	18890	19372	18191	18448	18436	18304	18585	18889	18586	18952	18722	18750	19823	19210	18456	19099	18460	19154	19547	19357	19206	19225	18675	18984	20894	20323	17621	17460	17987	17725	17655	18090	17958	17862	17966	18123	17819	19149	18193	18247	18675	18207	18203	18225	18324	18290	18394	18310	18495	19240	17118	16823
21:33:40	37.1	18504	18586	18625	18528	18607	18751	18799	18991	18770	18729	19136	19289	18377	18026	18362	18384	18421	18836	18869	19236	18912	19024	18826	19497	18183	18636	18405	18450	18519	18943	18470	18899	18738	18865	19752	19367	18447	19118	18607	19193	19405	19393	19262	19139	18503	18901	20799	20293	17678	17415	18083	17707	17564	18071	18018	17870	18260	18161	17790	19116	18315	18289	18642	18345	17988	18047	18515	18246	18370	18490	18525	19355	16954	16942
21:37:40	37.0	18378	18525	18662	18708	18631	18695	18904	19037	18880	18912	19052	19365	18459	18043	18339	18539	18510	18683	18977	19235	19069	18957	18664	19308	18285	18547	18311	18341	18692	18881	18671	18989	18748	18713	20020	19503	18444	19223	18760	19169	19605	19289	19310	19441	18585	18970	20829	20394	17772	17401	18042	17755	17591	18039	17828	17811	18130	18126	17985	19185	18294	18422	18546	18186	18133	18171	18268	18357	18310	18352	18368	19445	17025	16849
21:41:40	37.0	18375	18555	18635	18546	18710	18720	18770	19021	18835	19001	18924	19460	18571	18149	18520	18399	18558	18939	19033	19341	19066	19006	18759	19458	18197	18421	18532	18304	18651	19050	18790	19092	18772	18701	19711	19473	18213	18971	18645	19302	19472	19528	19383	19189	18730	18821	20981	20279	17834	17598	18036	17752	17810	18047	17837	17721	18003	18041	17847	19301	18185	18271	18632	18276	18199	18022	18287	18284	18392	18438	18535	19102	17072	17052
21:45:40	37.1	18398	18655	18414	18540	18634	18699	18751	18961	19130	18766	19253	19372	18572	18134	18677	18414	18483	18848	19127	19247	19110	18933	18870	19372	18193	18524	18611	18488	18726	18987	18708	19033	18624	18913	19963	19479	18328	19124	18565	19345	19534	19594	19373	19553	18682	19095	20818	20326	17807	17493	18046	17808	17796	18042	17898	17747	18015	18155	17895	19131	18336	18237	18625	18156	18258	17978	18224	18149	18197	18363	18548	19376	16938	16973
21:49:40	37.0	18582	18643	18678	18519	18776	18869	19004	19263	18894	18933	19065	19359	18533	18125	18564	18572	18645	18786	18963	19437	18897	18881	18836	19575	18351	18559	18532	18498	18640	18919	18707	19073	18727	19022	19871	19451	18559	19333	18624	19221	19587	19586	19287	19484	18792	19129	21035	20440	17996	17608	18033	17826	17667	18162	17830	17812	17971	18167	17996	19340	18437	18289	18578	18100	18218	18130	18324	18464	18433	18335	18623	19302	17092	16939
21:53:40	37.1	18616	18459	18517	18450	18710	18737	18780	18950	18964	18918	19036	19291	18488	18224	18608	18381	18633	18851	18993	19252	19114	19086	18860	19411	18398	18579	18415	18455	18661	19230	18680	19047	18806	18829	19898	19317	18628	19464	18809	19270	19661	19585	19312	19336	18772	19022	20893	20451	17795	17536	17989	17885	17602	18188	17864	17908	18178	18157	17744	19222	18246	18133	18670	18192	18094	18005	18327	18339	18374	18384	18615	19258	17101	17012
21:57:40	37.1	18579	18586	18565	18525	18595	18926	18834	19132	18872	18938	19076	19288	18487	18001	18506	18371	18561	18804	19088	19396	19076	19091	18856	19596	18370	18849	18357	18564	18755	19106	18718	19120	18766	18897	19983	19625	18579	19333	18594	19225	19673	19423	19205	19462	18618	19092	20818	20510	17698	17487	17947	17836	17688	18221	17870	17862	18181	18193	17891	19365	18069	18189	18696	18017	18089	18210	18387	18253	18215	18271	18665	19276	17005	16933
22:01:40	37.1	18549	18622	18704	18686	18607	18678	18804	19004	19117	19079	19259	19348	18466	18156	18496	18499	18532	18844	18990	19404	19168	19036	18863	19610	18239	18673	18630	18623	18699	19436	18712	19119	18796	18750	20004	19256	18817	19272	18738	19516	19689	19727	19302	19593	18925	19233	21000	20359	17645	17485	18015	17739	17491	18131	17892	17779	18168	18181	17820	19279	18199	18160	18494	18144	18086	18200	18335	18458	18406	18262	18508	19175	17065	17079
22:05:40	37.0	18415	18648	18627	18616	18636	18848	18857	19077	19064	18991	18927	19462	18591	18158	18301	18430	18556	18839	18996	19463	19003	19071	18770	19552	18283	18555	18556	18535	18823	19168	18751	19099	18791	18822	19885	19322	18786	19394	18856	19267	19668	19641	19369	19601	18585	19224	21127	20383	17754	17555	18004	17857	17722	17937	18003	17863	18220	18193	17786	19222	18300	18171	18526	18227	18217	18242	18217	18223	18295	18395	18469	19093	17127	16997
22:09:40	37.0	18546	18611	18752	18664	18735	18889	18907	18929	18880	18926	19108	19413	18306	18238	18490	18441	18709	18926	18895	19472	19127	19204	18973	19637	18391	18586	18488	18654	18779	19247	18813	19058	18875	19084	19964	19478	18905	19600	18716	19468	19724	19593	19503	19636	18941	19183	20960	20507	17713	17300	18083	17826	17904	17982	17923	17958	18236	18194	17852	19262	18258	18255	18452	18084	18152	18001	18312	18237	18411	18175	18492	19500	17052	17094
22:13:40	37.1	18723	18492	18701	18729	18602	18757	18937	19129	18984	18796	19272	19508	18531	18155	18394	18503	18713	18754	19182	19374	19145	19116	18964	19594	18130	18760	18541	18482	18846	19194	18912	19434	18857	18918	20003	19298	18631	19372	18816	19639	19704	19903	19662	19613	18696	19237	20971	20479	17826	17510	18107	17967	17462	18176	17937	17852	18036	18281	17708	19242	18296	18145	18479	18148	18070	18029	18409	18247	18509	18255	18510	19141	17131	16944
22:17:40	37.1	18609	18509	18744	18553	18826	18882	18911	18927	18993	18918	19055	19367	18385	18107	18613	18499	18611	18953	19028	19534	18965	18995	18786	19553	18217	18666	18623	18814	18841	19386	18955	19239	18890	18867	20049	19394	18754	19436	18963	19443	19747	19697	19246	19764	18772	19290	21058	20432	17917	17508	18063	17910	17654	17986	18016	17875	18101	18378	17815	19067	18163	18226	18375	18125	18147	18062	18338	18155	18338	18264	18442	19313	17139	17004
22:21:40	37.0	18456	18616	18673	18725	18499	18782	18945	19051	19035	18892	19333	19506	18560	18260	18443	18553	18623	18910	19093	19573	19048	19127	18890	19509	18345	18954	18531	18734	18965	19292	18884	19186	18867	19014	20026	19550	18812	19462	18860	19579	19942	19730	19621	19632	18920	19287	21127	20572	17856	17565	17991	17776	17587	18160	17746	17741	18211	18231	17800	19167	18221	18171	18502	17994	18084	18143	18468	18268	18349	18312	18509	19397	17023	17097
22:25:40	37.1	18470	18642	18632	18654	18805	18928	19101	19060	18952	18911	19089	19295	18498	18141	18276	18405	18574	18861	19008	19564	19324	18964	18895	19545	18298	18818	18684	18646	18928	19331	19059	19203	18930	18914	19982	19386	18701	19494	18881	19587	19926	19699	19591	19734	18850	19315	20974	20686	17730	17605	18050	17774	17704	18212	17984	17751	18075	18255	17835	19224	18160	18179	18434	18224	18121	18049	18260	18340	18489	18335	18344	19428	17167	17160
22:29:40	37.0	18445	18721	18800	18575	18632	19028	18865	18959	18910	18968	19264	19490	18571	18117	18546	18577	18451	18841	19098	19525	19167	19080	18831	19531	18338	18840	18734	18752	18972	19562	19080	19334	18799	18927	20028	19380	18956	19463	19068	19627	19707	19746	19530	19622	18900	19479	20991	20596	17764	17337	18065	17872	17715	18163	18023	17861	18211	18241	17725	19095	18353	18133	18525	18085	18213	18351	18245	18196	18414	18486	18651	19367	17057	17030
22:33:40	37.0	18597	18520	18657	18699	18604	18860	18958	18936	19061	18791	19366	19415	18409	18186	18591	18504	18782	19026	19012	19565	19186	19199	19016	19582	18329	18846	18709	18668	18959	19356	19003	19379	18937	18978	19843	19517	18916	19627	18859	19520	19912	19851	19630	19720	19033	19443	20928	20566	17918	17542	17939	17833	17565	17993	17771	17882	18282	18156	17794	19135	18247	18371	18517	18243	18130	18194	18330	18235	18391	18264	18693	19384	17261	16972
22:37:40	37.0	18609	18683	18621	18614	18733	18848	18913	18971	18840	18997	19324	19383	18489	18120	18385	18613	18667	18978	19225	19451	18981	19079	18947	19469	18303	18770	18628	18591	19028	19499	19144	19536	19027	19092	19826	19611	18880	19853	19070	19572	19993	19927	19606	19814	19090	19573	21145	20592	17873	17657	18035	17782	17644	18205	17767	17832	18104	18296	17814	19166	18318	18150	18613	18206	18191	18155	18286	18327	18451	18332	18570	19401	17111	17058
22:41:40	37.1	18610	18588	18708	18559	18577	18655	18963	19034	19102	18879	19247	19427	18437	18292	18655	18586	18549	18839	19015	19608	19036	18941	18913	19658	18291	18875	18668	18780	19118	19578	19159	19602	18943	19213	19924	19531	18823	19614	19070	19644	19940	19956	19520	19912	19125	19536	21153	20606	17776	17502	18240	17886	17687	18090	17951	17851	18262	18281	17911	19147	18276	18386	18535	18133	18094	18177	18141	18327	18509	18349	18760	19363	17232	17056
22:45:40	37.1	18347	18760	18704	18748	18766	18825	18947	19033	18990	18993	19291	19610	18613	18200	18523	18553	18682	19035	18996	19596	19068	19114	19019	19640	18414	18903	18805	18740	19064	19626	19187	19592	19146	19136	20023	19471	18894	19597	19231	19752	20024	20064	19894	19880	19051	19592	21095	20668	17790	17490	18039	18025	17714	18050	17964	17798	18228	18290	17675	19431	18063	18241	18381	18175	18064	17940	18351	18371	18418	18234	18606	19444	17200	17153
22:49:40	37.1	18559	18689	18732	18748	18590	18868	18810	19119	19199	18992	19262	19374	18637	18262	18682	18465	18603	18982	19109	19720	19029	19014	18825	19533	18473	19036	18826	18947	19258	19563	19265	19513	19036	19225	20066	19571	18951	19768	19287	19688	20068	19936	19708	20027	19271	19692	21255	20654	17936	17433	18159	17894	17612	18091	17920	17882	18284	18463	17875	19325	18195	18086	18300	18107	18192	18077	18338	18383	18440	18332	18500	19417	17227	17060
22:53:40	37.1	18611	18600	18765	18802	18901	19012	19111	19146	19073	19084	19119	19398	18740	18295	18621	18586	18710	18975	19142	19608	18986	19194	18993	19582	18404	19032	18784	18822	19088	19738	19295	19441	18951	19354	20012	19578	19002	19889	19202	19766	20074	20089	19714	19920	19165	19668	21154	20677	17804	17582	18094	17860	17673	18258	17970	17707	18163	18409	17778	19402	18132	18262	18598	18416	18176	18044	18380	18337	18477	18387	18455	19488	17231	17238
22:57:40	37.0	18560	18704	18689	18748	18632	18802	18968	19100	19181	18712	19171	19439	18617	18344	18653	18489	18704	18927	19033	19555	19066	19051	18967	19471	18372	19000	18800	18959	19199	19788	19235	19643	18959	19184	19988	19347	19171	19809	19227	19867	20119	20062	19843	20147	19168	19485	21184	20811	17912	17502	17997	17775	17613	18080	18066	17850	18276	18411	17891	19472	18221	18458	18567	18086	18267	18234	18283	18302	18410	18451	18456	19487	17197	17067
23:01:40	37.1	18667	18591	18650	18605	18844	18889	18808	19045	19069	18868	19296	19500	18626	18188	18544	18574	18781	19057	19006	19690	19145	19068	18879	19720	18535	19115	18853	19103	19359	19617	19274	19603	19172	19429	20054	19493	19135	19854	19228	19715	19942	20206	19989	19900	19311	19746	21448	20658	17834	17523	18057	17782	17632	18180	17998	17796	18343	18376	17879	19348	18300	18289	18533	18286	18298	18248	18316	18408	18442	18435	18528	19434	17285	17249
23:05:40	37.1	18694	18563	18616	18734	18776	18866	19003	19075	19154	19040	19318	19474	18367	18276	18558	18434	18773	18980	19190	19628	19145	19228	18929	19541	18576	19119	18940	18854	19485	19791	19326	19669	19111	19346	20161	19611	19255	19887	19280	20086	20111	20087	19939	20128	19182	19770	21322	20991	17905	17606	17985	17938	17785	18156	18001	17935	18421	18313	18130	19357	18214	18104	18456	18150	18267	18235	18325	18411	18457	18261	18534	19471	17213	17050
23:09:40	37.0	18663	18693	18838	18708	18807	18947	19026	19114	19048	18964	19210	19571	18746	18282	18563	18559	18675	18988	19225	19681	19049	19021	18960	19589	18404	19089	19057	19180	19374	19751	19273	19720	19218	19382	19968	19556	19147	19782	19300	20076	20051	20186	19993	20027	19285	19669	21437	20870	17911	17464	18011	17893	17565	18149	17964	17761	18329	18189	17895	19301	18257	18300	18656	18185	18241	18238	18380	18314	18410	18340	18608	19421	17235	17180
23:13:40	37.1	18645	18782	18728	18770	18827	18936	18989	19123	19035	19016	19378	19354	18727	18385	18677	18706	18788	19160	19213	19769	19089	19104	19090	19585	18546	19156	18969	19084	19397	19837	19423	19795	19093	19415	20166	19620	19217	19955	19335	19977	19919	20097	20094	20092	19317	19928	21516	20806	17856	17562	18004	17847	17597	18109	17941	17697	18210	18378	17835	19439	18113	18288	18395	18201	18097	18071	18281	18407	18429	18293	18548	19520	17327	17269
23:17:40	37.1	18673	18686	18788	18762	18800	18884	19122	18993	19133	19057	19364	19556	18677	18274	18568	18650	18635	18971	19228	19680	19101	19241	18963	19617	18516	19179	19017	19030	19305	19778	19441	19893	19159	19656	20057	19368	19309	20010	19282	19939	20148	20318	19895	20141	19458	19701	21388	20993	18025	17517	18090	17848	17731	18117	17767	17800	18081	18412	17810	19361	18320	18236	18669	18272	18210	18151	18367	18472	18464	18295	18489	19585	17196	17120
23:21:40	37.1	18602	18809	18840	18952	18804	18860	19003	19146	19212	19064	19358	19572	18688	18258	18638	18610	18698	18911	19028	19779	19229	19289	19091	19683	18640	19345	18987	19087	19498	19944	19581	19897	19164	19472	20179	19559	19375	19956	19370	20079	19966	20268	20064	20261	19380	19796	21502	20785	17908	17592	18063	17955	17682	18128	18004	17732	18331	18415	18040	19382	18271	18135	18650	18085	18240	18051	18401	18417	18272	18410	18466	19460	17161	17028
23:25:40	37.0	18666	18749	18843	18627	18789	18904	19135	19290	18945	18939	19267	19521	18525	18287	18719	18604	18845	19068	19271	19756	19207	19139	18895	19648	18514	19263	18997	19090	19403	19905	19508	19771	19295	19587	20235	19568	19389	20203	19358	19886	19991	20335	20170	20279	19365	19911	21555	21050	17919	17763	18150	17878	17578	18002	18011	17742	18349	18476	17879	19383	18315	18079	18494	18021	18146	18065	18329	18413	18310	18350	18679	19611	17237	17093
23:29:40	37.1	18631	18621	18888	18878	18905	19024	19042	19143	19071	19088	19375	19568	18670	18376	18667	18519	18727	19038	19156	19765	19152	19334	19127	19652	18680	19245	19061	19111	19520	19868	19463	19882	19348	19656	20241	19636	19298	20087	19363	20209	20032	20402	20129	20182	19540	19854	21716	20880	17796	17627	18031	17961	17624	18199	18007	17912	18229	18305	17878	19231	18198	18174	18403	18057	18155	18373	18418	18333	18238	18294	18759	19468	17294	17106
23:33:40	37.0	18598	18792	18835	18723	18763	18996	19026	19010	19170	18877	19375	19588	18661	18215	18514	18741	18678	19057	19066	19750	19260	19164	18974	19711	18645	19382	19070	19164	19392	20011	19736	19894	19253	19717	20074	19659	19192	20028	19363	20024	20068	20271	20050	20324	19420	19979	21657	20886	17828	17612	18086	17953	17668	18109	18029	17744	18314	18480	17976	19420	18268	18342	18452	18088	17986	18190	18398	18478	18374	18264	18755	19571	17356	17244
23:37:40	37.1	18732	18775	18832	18759	18748	18875	19023	19078	19039	19077	19355	19570	18685	18270	18639	18619	18902	19161	19187	19828	19189	19200	18997	19709	18708	19459	19191	19144	19383	20003	19680	19911	19278	19529	20202	19511	19357	19999	19393	20092	19996	20326	20106	20338	19555	20015	21512	21112	17919	17612	18029	17935	17835	18151	18028	17610	18150	18495	18030	19369	18287	18242	18480	18200	18076	18085	18390	18608	18328	18427	18734	19506	17274	17183
23:41:40	37.1	18548	18618	18707	18659	18830	18846	18953	19139	19143	19020	19128	19604	18725	18303	18612	18635	18630	19005	19138	19894	19266	19189	18926	19655	18573	19247	19133	19204	19404	19995	19608	19950	19260	19475	20132	19481	19467	20217	19336	20276	20310	20321	20246	20357	19685	19941	21696	21051	17900	17621	18038	18074	17642	17998	17937	17798	18311	18399	17921	19453	18242	18195	18437	18184	18203	18065	18141	18475	18360	18425	18763	19467	17253	17417
23:45:40	37.1	18718	18875	18733	18756	18851	18983	19092	19248	19157	19061	19371	19640	18725	18369	18587	18722	18817	19104	19153	19980	19260	19107	19133	19780	18735	19612	19244	19121	19645	20090	19792	20067	19351	19584	20191	19721	19504	20084	19509	20295	20082	20300	20121	20324	19637	20108	21783	21037	17903	17540	18189	18049	17715	18086	17918	17791	18263	18399	17939	19346	18264	18184	18611	18248	18112	18400	18569	18422	18401	18438	18666	19626	17401	17070
23:49:40	37.0	18826	18674	18775	18756	18772	19111	19340	19109	19204	19070	19330	19550	18784	18370	18648	18750	18739	19008	19056	19891	19322	19287	19169	19718	18805	19469	19412	19063	19612	20031	19652	20133	19696	19868	20136	19597	19461	20111	19551	20207	20099	20242	20091	20281	19771	20209	21608	21226	18022	17815	18115	17939	17662	18100	17934	17789	18181	18561	18022	19475	18242	18182	18509	18217	18285	18149	18299	18514	18351	18525	18528	19523	17411	17153
23:53:40	37.1	18619	18697	18860	18871	18785	18967	18974	19219	19215	19196	19491	19827	18619	18212	18560	18524	18760	19133	19269	19955	19033	19422	19054	19755	18587	19464	19397	19271	19651	20171	19839	20142	19476	19968	20064	19643	19545	20425	19420	20295	20190	20438	20216	20317	19364	20161	21680	21087	17943	17599	18066	18050	17735	18230	17983	17827	18305	18546	18019	19445	18110	18252	18426	18198	18287	18240	18238	18347	18504	18388	18669	19543	17312	17197
23:57:40	37.1	18578	18766	18802	18904	18842	18949	19073	19203	19161	19197	19361	19799	18690	18175	18784	18529	18801	19203	19111	20052	19221	19216	19182	19789	18689	19446	19204	19354	19628	20188	19788	20073	19575	19775	20274	19614	19342	20370	19674	20332	20368	20442	20337	20549	19719	20174	21823	21092	18023	17687	17971	17889	17696	18059	17999	17797	18062	18371	18041	19273	18110	18185	18546	18354	18009	18304	18317	18373	18230	18322	18542	19542	17330	17244
24:01:40	37.1	18750	18960	18814	18766	18761	19017	19050	19126	19083	19247	19259	19614	18743	18362	18727	18635	18933	19250	19282	20001	19302	19340	19119	19810	18853	19436	19322	19342	19772	20220	19830	20260	19583	19750	20145	19532	19471	20303	19626	20334	20396	20574	20291	20366	19654	19958	21888	21237	17946	17630	18128	18019	17758	18221	17858	17729	18473	18510	17930	19477	18279	18364	18359	18205	18221	18241	18384	18332	18466	18352	18714	19658	17364	17329

BFP and GFP:485,510

Time	T° BFP and GFP:485,510	B1	B2	B3	B4	B5	B6	B7	B8	B9	B10	B11	B12	C1	C2	C3	C4	C5	C6	C7	C8	C9	C10	C11	C12	D1	D2	D3	D4	D5	D6	D7	D8	D9	D10	D11	D12	E1	E2	E3	E4	E5	E6	E7	E8	E9	E10	E11	E12	F1	F2	F3	F4	F5	F6	F7	F8	F9	F10	F11	F12	G1	G2	G3	G4	G5	G6	G7	G8	G9	G10	G11	G12	H11	H12
0:02:26	37.0	1158	1187	1136	1182	1116	1115	1106	1059	1095	1076	984	1071	1177	1185	1170	1154	1143	1141	1140	1014	1168	1098	1211	1171	1156	1211	1200	1202	1124	1192	1159	1199	1239	1186	1162	1143	1232	1205	1182	1205	1149	1276	1157	1153	1101	1144	950	1093	1249	1247	1126	1150	1191	1132	1086	1098	949	1054	1161	1168	1199	1202	1187	1212	1189	1168	1166	1192	1135	1254	1159	1105	1205	1201
0:06:26	37.0	1151	1199	1095	1149	1108	1112	1098	1086	1135	1049	994	1075	1203	1221	1173	1136	1122	1152	1133	985	1161	1079	1222	1152	1182	1183	1211	1170	1121	1167	1159	1226	1231	1202	1184	1106	1231	1179	1207	1218	1153	1279	1173	1127	1112	1138	921	1045	1218	1235	1128	1145	1154	1120	1087	1102	937	1045	1154	1184	1195	1209	1207	1201	1173	1152	1173	1174	1125	1221	1153	1090	1170	1200
0:10:26	37.0	1165	1198	1111	1120	1116	1110	1107	1063	1097	1065	998	1055	1175	1200	1150	1145	1118	1165	1155	981	1154	1062	1201	1137	1183	1155	1189	1183	1102	1182	1153	1213	1194	1199	1158	1117	1233	1182	1172	1203	1156	1266	1118	1149	1100	1113	892	1046	1213	1207	1126	1117	1164	1114	1090	1093	938	1021	1175	1125	1184	1189	1194	1191	1201	1165	1161	1167	1128	1229	1112	1102	1187	1218
0:14:26	37.0	1181	1166	1092	1144	1081	1105	1100	1055	1107	1056	1000	1058	1164	1184	1147	1153	1101	1145	1145	967	1159	1046	1211	1132	1202	1173	1197	1178	1129	1178	1152	1212	1207	1199	1120	1087	1242	1169	1167	1193	1135	1261	1137	1147	1113	1121	882	1021	1214	1218	1132	1106	1154	1087	1095	1091	936	1027	1140	1118	1222	1222	1197	1207	1192	1167	1180	1180	1119	1216	1140	1096	1190	1189
0:18:26	37.0	1151	1169	1074	1129	1091	1107	1085	1039	1081	1047	1008	1034	1170	1201	1151	1121	1114	1130	1125	976	1149	1095	1177	1146	1169	1167	1181	1185	1133	1155	1132	1215	1201	1171	1136	1090	1225	1168	1167	1182	1135	1283	1104	1127	1077	1120	892	1009	1201	1217	1127	1138	1175	1124	1111	1079	909	1049	1145	1110	1172	1222	1189	1194	1197	1156	1155	1167	1098	1224	1146	1094	1189	1193
0:22:26	37.1	1107	1155	1081	1116	1071	1090	1066	1037	1089	1010	991	1034	1152	1151	1153	1109	1107	1156	1134	970	1141	1081	1185	1123	1155	1160	1170	1157	1129	1192	1132	1188	1188	1180	1176	1063	1231	1170	1169	1177	1123	1253	1137	1105	1066	1131	888	1019	1225	1239	1096	1088	1163	1131	1108	1083	927	1006	1118	1117	1189	1214	1171	1177	1172	1150	1128	1206	1126	1233	1114	1062	1167	1174
0:26:26	37.0	1118	1134	1062	1123	1071	1076	1074	1036	1055	1031	985	1009	1151	1173	1145	1120	1075	1109	1132	947	1135	1050	1161	1102	1148	1151	1179	1157	1099	1149	1118	1192	1168	1169	1137	1079	1184	1149	1154	1198	1120	1273	1124	1104	1063	1087	891	1012	1223	1173	1095	1094	1166	1098	1089	1077	901	1023	1157	1148	1173	1190	1184	1206	1178	1122	1131	1161	1092	1213	1126	1070	1162	1188
0:30:26	37.0	1117	1123	1046	1107	1081	1062	1050	1033	1069	1003	980	1005	1133	1176	1138	1095	1092	1137	1122	937	1139	1036	1165	1127	1144	1155	1158	1161	1099	1162	1150	1181	1193	1156	1137	1072	1173	1159	1122	1166	1094	1251	1137	1099	1093	1097	870	1016	1215	1198	1116	1093	1181	1102	1094	1088	892	1016	1151	1102	1150	1187	1191	1169	1166	1125	1148	1154	1098	1242	1129	1055	1158	1173
0:34:26	37.0	1124	1134	1061	1103	1060	1085	1059	1018	1060	1026	972	1004	1149	1156	1103	1074	1074	1113	1112	944	1124	1048	1158	1087	1110	1161	1175	1128	1101	1127	1135	1200	1175	1149	1141	1071	1203	1149	1127	1158	1107	1281	1125	1068	1072	1087	894	1007	1230	1180	1121	1097	1154	1113	1084	1091	895	1002	1112	1078	1162	1188	1130	1171	1184	1106	1158	1137	1102	1225	1131	1056	1178	1164
0:38:26	37.0	1085	1144	1047	1062	1036	1060	1060	1033	1049	1007	954	992	1124	1148	1094	1097	1065	1143	1113	933	1109	1038	1139	1088	1135	1111	1134	1124	1065	1162	1133	1179	1170	1139	1097	1034	1196	1148	1133	1161	1064	1231	1081	1061	1065	1073	853	1011	1213	1176	1095	1093	1131	1093	1089	1074	882	1021	1121	1080	1149	1195	1155	1171	1152	1127	1141	1143	1084	1215	1126	1043	1158	1154
0:42:26	37.0	1079	1092	1025	1062	1037	1045	1036	993	1059	972	949	964	1109	1138	1097	1076	1043	1126	1075	951	1123	1028	1134	1073	1101	1127	1117	1132	1077	1132	1110	1158	1143	1118	1101	1029	1153	1091	1105	1148	1104	1235	1092	1074	1043	1066	879	994	1180	1191	1107	1084	1120	1071	1065	1081	877	983	1114	1059	1125	1142	1140	1126	1133	1106	1126	1130	1081	1202	1112	1017	1133	1162
0:46:26	37.0	1041	1093	991	1035	1016	1029	1015	994	1031	981	956	982	1118	1105	1084	1037	1035	1091	1067	912	1076	1023	1109	1068	1071	1099	1131	1108	1051	1087	1102	1117	1132	1106	1097	1049	1151	1083	1086	1145	1060	1201	1072	1032	1046	1065	850	972	1162	1151	1087	1089	1115	1081	1043	1034	884	980	1095	1048	1125	1141	1146	1134	1122	1080	1102	1101	1084	1160	1093	1029	1123	1136
0:50:26	37.0	1035	1096	994	1002	998	1018	994	980	1007	963	938	944	1091	1080	1046	1069	1022	1041	1057	920	1083	999	1112	1042	1072	1071	1114	1093	1029	1063	1082	1111	1119	1081	1051	1023	1104	1078	1058	1099	1053	1190	1034	1052	1006	1026	854	990	1133	1129	1079	1049	1097	1077	1021	1035	896	982	1094	1068	1106	1109	1095	1125	1132	1062	1111	1107	1052	1169	1070	1005	1122	1104
0:54:26	37.0	1009	1048	986	1014	993	995	981	949	995	959	927	927	1100	1056	1045	1027	1019	1040	1064	895	1070	996	1081	1042	1077	1058	1102	1070	1051	1062	1059	1125	1093	1065	1052	1003	1078	1079	1079	1084	1031	1166	1027	1025	993	1057	840	944	1180	1117	1049	1040	1081	1034	1022	1023	872	984	1061	1026	1096	1092	1108	1089	1095	1068	1061	1062	1057	1166	1049	1018	1092	1096
0:58:26	37.0	1017	1048	968	982	1003	988	970	947	999	945	921	938	1066	1046	1033	1016	1006	1058	1040	886	1045	974	1057	1029	1051	1055	1066	1050	1004	1051	1033	1057	1057	1066	1047	979	1088	1041	1012	1069	1022	1155	1027	1026	986	997	811	916	1133	1112	1070	1026	1079	1022	1008	1007	859	962	1065	1026	1080	1098	1077	1093	1092	1038	1072	1073	1005	1149	1064	971	1051	1091
1:02:26	37.0	1002	1034	948	988	942	974	985	911	977	940	920	906	1046	1048	1018	1006	992	1032	1023	894	1026	968	1058	1015	1042	1037	1038	1016	984	1021	1030	1055	1035	1031	1010	984	1049	1018	1030	1073	1004	1147	988	1001	949	1000	822	924	1129	1073	1037	1032	1041	1006	1002	977	857	949	1048	1017	1065	1079	1080	1059	1079	1039	1041	1088	976	1110	1044	980	1068	1038
1:06:26	37.0	983	1019	937	988	948	971	968	937	942	931	888	894	1023	1017	1035	996	963	1030	1025	881	1012	979	1027	989	1025	1006	1038	1025	972	1014	1006	1045	1037	1037	973	995	1042	996	980	1010	989	1098	996	981	972	990	830	931	1117	1070	1022	984	1032	998	1009	967	857	949	1016	1004	1053	1070	1039	1048	1047	1016	1043	1031	988	1112	1025	952	1050	1063
1:10:26	37.0	975	1017	950	965	920	964	945	909	937	932	881	896	1015	1008	992	982	971	1004	983	867	1004	961	1011	1008	987	990	1010	1014	945	978	992	1032	1032	1018	978	991	1027	996	987	987	937	1078	957	965	907	940	831	921	1086	1092	986	970	1024	982	953	959	846	939	1009	1018	1010	1036	1035	1033	1044	1013	1012	1022	993	1108	1002	964	1024	1038
1:14:26	37.0	967	990	919	949	936	949	922	917	917	915	875	901	974	1010	996	989	974	999	989	878	1002	967	1017	987	980	993	988	979	935	978	959	997	1000	1006	977	970	1014	968	963	1010	962	1063	959	954	934	945	816	900	1049	1051	982	979	995	973	957	938	831	910	987	991	1006	1049	1025	1023	1039	976	996	1017	940	1049	988	959	1004	995
1:18:26	37.0	959	981	913	929	907	902	939	900	924	909	873	885	971	1000	965	957	923	974	967	874	1008	949	1039	971	978	969	975	977	928	963	952	966	966	960	982	974	1002	955	974	973	940	1013	952	909	898	922	811	902	1039	1009	971	948	973	966	935	944	827	903	992	978	991	1012	1001	1009	1006	987	972	963	946	1051	968	938	998	997
1:22:26	37.0	958	969	938	921	894	922	910	880	918	916	878	888	971	1014	986	958	946	984	954	849	976	922	982	984	970	962	991	947	918	939	931	937	975	979	950	961	1005	965	938	974	926	1022	923	931	914	932	823	920	1026	1006	957	938	981	957	928	933	824	926	986	1007	982	992	1002	1011	998	959	966	965	926	1047	965	965	978	959
1:26:26	37.0	923	941	907	896	887	890	915	880	873	898	824	884	973	977	940	949	921	979	940	833	967	904	968	985	949	932	946	944	901	920	915	953	945	943	921	955	981	934	947	945	891	1003	912	888	880	924	803	896	997	974	940	960	957	928	899	910	809	892	953	966	978	979	969	964	980	949	940	955	896	1021	951	930	951	941
1:30:26	37.0	934	920	904	895	890	872	869	863	885	890	834	864	970	948	963	961	919	949	930	829	958	891	951	963	924	922	906	921	869	904	902	939	944	930	902	942	983	909	927	921	890	959	890	893	876	882	784	901	978	982	926	917	938	912	916	895	834	900	952	954	943	962	938	944	952	915	911	947	915	998	933	927	946	943
1:34:26	37.0	919	924	892	909	875	893	877	872	896	901	833	885	939	960	925	923	908	940	907	827	944	888	931	955	952	912	903	892	886	892	894	943	933	910	906	943	981	912	915	930	876	942	877	862	872	894	786	887	979	953	895	897	947	926	880	888	814	892	923	927	925	936	933	954	940	907	901	920	886	996	914	941	926	926
1:38:26	37.0	903	905	870	872	874	875	849	838	854	882	810	861	929	918	919	910	902	904	906	834	908	863	919	962	932	912	898	897	863	901	880	900	897	893	922	918	963	905	887	921	858	946	856	873	845	880	772	883	953	909	917	896	925	899	875	877	809	885	907	960	912	920	889	909	917	898	904	910	871	947	902	917	926	899
1:42:26	37.0	902	884	872	874	874	864	865	866	857	889	808	861	923	928	883	889	879	905	860	805	907	873	898	939	920	888	895	892	853	886	886	895	903	874	893	927	926	888	868	880	847	935	864	855	848	871	773	885	937	907	905	892	907	869	861	870	791	849	896	946	892	900	880	878	888	860	868	899	859	942	881	904	899	901
1:46:26	37.0	894	913	884	878	861	861	860	845	870	879	792	855	923	916	898	875	882	871	867	800	897	868	905	939	930	872	906	879	860	887	854	877	895	884	869	929	951	875	890	886	861	936	861	844	864	883	792	882	921	920	910	908	890	889	884	865	801	845	887	928	879	899	878	879	851	860	858	896	827	946	867	878	902	893
1:50:26	37.0	882	913	855	875	844	875	851	857	833	877	782	844	894	905	880	896	868	888	882	799	883	853	875	934	890	886	878	884	841	875	851	872	894	894	876	913	938	873	863	880	851	927	838	841	832	867	775	883	936	925	874	875	887	852	864	844	806	839	874	940	867	894	869	871	854	839	848	852	817	904	877	899	899	892
1:54:26	37.0	866	886	851	870	846	842	856	851	844	850	780	851	907	888	880	856	868	868	865	805	870	849	883	910	888	865	863	879	849	839	851	857	867	868	893	892	909	871	862	852	824	897	832	842	826	843	768	861	907	881	860	880	856	842	846	838	770	785	864	911	872	853	851	852	838	832	845	845	839	891	857	884	895	888
1:58:26	37.0	886	889	877	884	841	865	845	835	861	841	788	854	883	913	870	875	847	868	875	796	874	842	888	915	895	868	853	857	843	859	853	857	879	869	892	912	893	873	864	863	843	907	819	829	834	862	785	860	886	887	869	858	876	869	846	827	797	770	862	946	845	848	840	841	820	834	825	848	805	887	833	878	883	891
2:02:26	37.0	874	888	846	848	854	851	846	839	847	854	787	830	889	882	868	869	846	856	852	792	854	838	871	919	876	865	832	851	836	845	827	862	858	863	855	890	892	861	857	845	824	882	834	828	826	835	761	845	890	885	833	847	861	830	837	817	776	772	854	916	854	847	819	834	823	810	827	815	820	869	832	885	894	883
2:06:26	37.0	880	889	847	873	837	846	836	825	852	840	792	843	890	875	882	874	834	839	841	763	865	844	851	905	879	879	843	852	829	854	851	828	848	851	837	898	883	860	856	849	815	903	791	822	836	858	772	854	883	867	843	825	835	809	818	803	792	763	856	918	848	847	824	803	802	815	802	816	816	856	833	889	873	900
2:10:26	37.0	856	882	832	859	825	871	831	840	819	829	778	839	882	873	856	858	823	845	843	769	841	843	846	901	882	863	846	830	828	841	837	834	834	859	835	891	875	860	858	832	816	871	799	807	797	841	776	828	862	844	825	822	821	816	832	766	756	762	827	898	832	814	823	810	795	809	786	813	778	861	793	862	899	874
2:14:26	37.0	850	869	850	851	823	839	833	814	832	855	794	822	877	856	861	842	815	844	837	777	829	817	851	907	881	864	841	814	815	832	834	827	839	854	838	866	871	840	818	820	813	862	800	822	802	827	751	851	849	830	810	821	820	782	812	773	770	761	837	902	841	818	792	807	787	777	785	789	793	830	799	873	858	867
2:18:26	37.0	856	883	836	858	835	847	845	814	835	840	794	844	896	868	853	858	850	836	838	774	851	811	851	894	852	842	847	823	818	835	831	845	815	839	838	877	876	846	837	829	813	869	796	827	807	828	758	838	837	823	813	807	814	799	805	776	755	750	802	871	813	802	797	794	806	790	787	785	772	816	790	872	885	871
2:22:26	37.0	850	858	821	849	827	843	835	811	817	827	793	806	866	849	840	835	830	835	823	771	819	831	827	875	864	844	850	826	794	829	801	808	809	825	848	875	889	838	806	834	819	847	790	810	795	812	768	836	828	819	796	785	819	778	795	788	756	754	806	862	815	803	799	792	769	766	785	762	766	800	793	863	855	877
2:26:26	37.0	847	860	833	837	815	841	843	833	826	849	790	823	890	858	840	838	818	836	804	762	815	831	810	903	857	842	839	833	809	834	803	833	857	832	839	863	863	838	841	838	800	857	803	804	790	813	785	835	827	822	815	792	802	798	792	774	752	762	805	873	795	784	791	762	776	771	764	775	760	797	803	875	869	866
2:30:26	37.0	834	852	833	854	823	830	829	830	827	831	792	804	851	843	835	838	811	829	819	765	827	806	833	870	860	852	819	815	810	820	795	813	808	808	835	868	866	836	820	824	786	849	792	801	793	819	751	846	807	797	803	784	791	776	778	744	740	737	800	859	799	770	754	762	751	766	758	759	747	793	775	849	857	888
2:34:26	37.0	846	873	842	835	805	843	813	797	810	848	796	815	857	840	847	847	815	825	814	766	837	822	832	884	853	839	823	801	807	798	800	828	822	837	824	865	856	825	822	819	798	840	785	797	785	805	780	823	808	781	795	798	775	785	783	766	744	725	786	873	763	770	767	775	757	743	728	758	737	785	783	844	858	870
2:38:26	37.0	850	862	837	854	815	843	824	799	832	822	790	801	851	845	832	840	825	818	837	787	833	805	828	853	858	829	831	818	794	821	792	803	830	820	825	853	865	854	819	825	792	828	783	789	810	813	772	820	801	775	777	775	770	782	760	741	746	724	767	844	806	765	760	750	767	744	761	749	740	789	761	844	863	858
2:42:26	37.0	841	857	833	856	831	836	824	792	807	831	767	826	854	846	859	827	819	832	822	782	814	821	823	850	860	827	829	818	796	797	813	814	826	816	838	860	847	857	842	821	800	838	794	814	784	808	774	835	786	782	805	778	767	765	777	743	741	758	775	853	772	765	755	744	743	750	745	758	752	776	763	846	873	867
2:46:26	37.0	855	851	881	844	837	837	826	811	824	819	806	797	845	843	844	841	828	830	815	760	824	796	835	838	847	834	811	835	799	822	811	821	811	829	827	848	852	841	834	828	813	843	823	812	798	842	776	837	811	787	766	778	747	763	754	749	744	739	777	844	764	770	756	761	760	751	746	746	741	753	765	850	856	866
2:50:26	37.0	858	881	835	856	815	832	814	786	814	796	774	789	873	844	830	824	816	836	825	777	819	810	833	856	845	827	822	820	798	819	804	823	831	794	812	851	854	840	835	818	808	853	798	799	796	803	785	836	803	780	779	770	773	769	750	755	736	727	797	855	764	771	746	745	731	733	740	747	750	749	758	856	852	855
2:54:26	37.0	845	868	847	843	843	820	826	791	810	785	771	800	849	829	837	849	804	824	821	774	828	804	803	837	859	832	818	809	809	829	808	819	806	837	820	860	844	833	827	814	804	849	797	801	798	807	779	815	790	764	767	765	741	758	758	754	742	728	760	839	765	741	748	751	715	741	735	731	718	752	748	846	868	852
2:58:26	37.0	860	868	845	846	832	808	802	796	791	782	762	796	846	827	838	830	802	816	813	773	825	800	817	852	835	827	818	803	808	816	827	827	814	834	829	832	845	823	835	819	798	838	788	804	789	828	778	827	793	770	764	738	735	754	749	724	719	742	758	841	766	749	751	720	715	721	708	723	744	745	750	836	840	824
3:02:26	37.0	856	898	844	843	826	823	821	782	801	793	765	797	843	836	836	848	828	830	842	740	802	787	802	852	866	844	833	826	812	801	799	830	824	836	835	825	861	835	844	833	792	864	815	809	789	824	800	821	774	753	746	759	732	751	747	741	725	730	755	834	748	755	740	742	744	719	732	728	733	738	751	857	850	818
3:06:26	37.0	851	889	872	835	823	831	841	792	804	815	790	817	853	852	846	830	813	823	810	777	810	791	791	854	862	835	831	852	829	811	815	818	839	813	825	825	856	837	834	821	815	849	820	802	812	834	792	823	753	757	774	769	750	747	737	737	748	734	760	821	755	756	740	727	724	712	726	709	730	735	735	842	847	816
3:10:26	37.0	878	868	852	829	828	804	815	789	796	778	770	785	843	838	859	840	817	808	800	772	766	786	781	848	850	840	830	835	811	820	822	811	824	826	845	822	864	862	831	826	807	845	817	812	814	815	810	810	776	745	743	763	760	736	742	730	727	742	753	834	766	742	736	746	721	712	709	718	744	741	746	837	828	808
3:14:26	37.0	851	862	853	838	829	820	809	800	805	799	779	813	860	873	855	842	817	814	790	784	782	785	788	838	848	830	840	825	811	785	803	811	815	839	841	809	852	829	831	821	789	861	816	795	804	822	797	815	776	764	755	749	757	739	725	732	739	722	773	835	740	713	733	713	710	722	708	712	722	737	742	832	815	787
3:18:26	37.0	848	863	841	852	825	815	805	802	798	812	772	785	861	840	852	843	809	810	794	759	801	809	812	849	853	842	847	829	810	822	826	840	847	839	848	840	853	839	823	810	803	856	812	822	821	834	823	820	776	739	756	763	761	736	745	733	743	723	765	826	751	732	729	697	716	712	708	709	686	740	715	836	830	800
3:22:26	37.0	854	853	852	822	817	792	811	797	797	787	772	783	861	839	839	829	820	812	805	771	794	781	819	838	866	833	829	842	812	817	821	832	816	833	840	816	843	856	833	838	814	867	830	824	807	844	812	808	766	741	733	759	746	736	739	721	721	733	754	799	756	728	717	724	710	707	690	714	714	718	720	830	808	760
3:26:26	37.0	840	861	858	840	834	822	804	805	790	801	763	774	849	862	840	834	813	811	802	770	817	786	798	836	880	854	838	838	823	853	842	838	827	830	842	847	863	856	853	848	819	854	803	835	838	825	812	786	774	750	744	757	779	736	743	744	730	749	754	830	748	726	720	720	712	702	714	713	719	733	717	830	807	781
3:30:26	37.0	855	852	857	848	801	823	814	792	765	773	779	773	876	834	845	827	795	815	813	761	797	796	805	839	868	857	836	844	827	805	827	823	847	851	863	833	862	851	829	840	825	873	820	825	828	843	829	797	750	729	742	760	739	734	731	735	755	735	749	816	759	737	714	720	713	702	697	713	697	714	724	812	792	754
3:34:26	37.0	869	861	848	848	835	812	807	788	781	760	771	780	861	851	842	843	817	838	822	762	813	772	781	831	858	849	842	849	817	838	830	834	846	847	863	832	879	855	841	852	819	868	825	826	839	825	826	791	764	746	747	762	741	741	724	744	724	727	756	810	749	739	718	717	700	694	689	718	709	719	720	811	774	762
3:38:26	37.0	860	880	853	840	836	828	789	797	767	778	772	773	867	838	874	827	819	830	804	760	796	764	770	801	875	844	854	849	835	823	841	843	848	851	860	833	868	855	844	840	819	858	833	826	848	852	853	783	786	739	740	760	751	742	752	735	736	738	752	812	736	731	702	702	687	687	688	707	700	714	705	821	773	742
3:42:26	37.0	883	884	878	861	841	809	784	786	771	770	772	780	871	857	854	856	823	820	805	753	787	781	772	801	850	854	832	848	825	837	822	844	851	867	872	813	846	867	858	846	819	866	833	843	861	857	837	795	758	752	761	739	751	745	749	740	733	712	746	807	746	723	714	714	721	702	692	700	690	715	710	809	762	738
3:46:26	37.0	882	892	865	872	822	793	795	786	761	781	766	780	873	864	847	853	827	805	807	755	790	773	770	812	857	857	857	860	844	830	850	829	836	866	873	796	845	855	868	839	831	871	836	843	847	834	854	794	770	735	746	736	740	737	721	729	729	735	745	800	743	725	708	686	697	701	704	690	696	708	723	806	764	731
3:50:26	37.0	878	883	856	863	832	809	775	769	754	743	741	765	860	851	841	842	808	820	794	742	763	761	769	803	862	857	854	835	843	844	817	842	848	882	871	796	868	851	858	854	836	860	837	838	839	864	836	787	752	741	730	755	724	728	751	744	710	730	748	795	729	723	696	690	699	683	697	682	705	719	712	810	752	737
3:54:26	37.0	877	881	870	856	830	785	785	775	763	771	755	755	881	865	851	854	824	822	793	751	775	779	763	807	849	855	874	851	838	837	832	871	851	862	870	806	876	868	868	868	838	868	859	840	848	858	861	785	748	742	743	739	720	733	726	733	743	731	734	801	746	726	713	706	704	698	696	700	692	689	708	804	764	745
3:58:26	37.0	883	900	866	873	830	802	793	770	774	762	748	764	861	865	865	842	819	803	806	737	772	735	755	798	860	868	858	866	842	845	836	852	856	867	875	798	857	856	880	863	843	870	825	846	850	854	856	796	746	739	741	733	725	731	713	715	737	743	741	797	719	719	695	704	689	692	678	688	692	715	715	813	753	725
4:02:26	37.0	885	894	868	854	838	794	776	778	768	750	748	779	874	870	871	837	812	816	786	737	751	743	746	795	866	875	852	854	847	874	851	856	869	876	882	791	883	870	876	852	840	865	839	855	855	856	857	797	754	733	756	722	729	738	736	753	742	735	749	799	732	721	700	707	703	688	693	683	695	688	705	796	744	748
4:06:26	37.0	883	879	860	834	824	809	785	760	739	744	738	768	867	854	849	848	817	798	763	748	758	762	757	778	876	874	842	852	855	864	849	873	856	867	871	796	868	879	854	860	850	874	838	844	842	851	862	780	767	758	756	727	725	715	728	728	723	734	734	783	718	707	690	683	683	676	663	686	677	698	691	777	742	729
4:10:26	37.0	890	889	863	864	828	777	799	764	742	757	752	780	890	895	866	848	829	785	774	737	753	754	753	793	890	876	857	847	848	861	862	866	871	876	875	808	872	892	871	868	850	873	863	866	865	873	865	782	769	733	754	757	721	726	738	735	715	735	729	796	733	705	700	696	691	671	694	689	694	698	700	791	761	738
4:14:26	37.0	890	874	888	848	832	803	775	755	755	752	743	739	871	870	871	851	817	797	787	740	745	743	734	791	891	878	874	859	873	868	863	867	859	883	882	801	870	874	891	870	846	886	847	840	851	861	882	782	760	736	735	744	698	719	731	743	735	721	730	776	724	684	709	680	687	673	679	681	674	693	702	791	731	720
4:18:26	37.0	904	899	892	854	814	816	766	756	753	743	740	776	895	868	872	866	826	809	790	739	745	746	736	789	881	865	860	883	869	872	882	882	865	892	873	787	890	871	887	864	869	891	871	855	858	863	880	779	760	735	758	752	709	722	725	714	727	715	715	792	714	705	707	680	691	688	685	676	680	695	703	779	750	738
4:22:26	37.0	903	890	881	865	826	799	763	746	736	734	713	763	897	873	888	861	833	792	793	727	766	754	736	803	888	877	883	871	853	866	867	859	881	878	876	792	882	888	880	877	856	882	874	884	866	867	883	768	762	736	729	747	713	709	730	728	724	724	717	788	704	711	702	682	691	677	690	689	694	702	696	794	737	727
4:26:26	37.0	891	889	878	855	824	807	779	767	742	731	729	744	895	875	890	873	832	792	768	747	749	757	722	795	902	890	889	876	869	881	856	886	867	895	893	780	882	873	890	884	865	877	852	861	868	885	885	773	759	724	736	717	707	702	715	715	708	711	715	781	722	715	693	685	683	688	680	684	685	687	682	778	746	738
4:30:26	37.0	891	885	889	858	822	791	767	751	729	741	718	738	904	870	912	848	813	781	768	717	742	733	738	778	866	897	875	873	869	871	866	869	871	900	893	773	871	881	886	860	880	898	864	843	891	871	901	774	726	705	737	717	721	715	715	728	695	705	720	788	708	688	700	694	688	690	675	675	672	683	690	781	729	725
4:34:26	37.0	900	893	893	842	825	790	756	740	748	731	726	774	909	882	899	880	821	777	779	726	738	734	731	784	890	886	882	887	880	871	866	887	858	906	903	783	881	890	886	880	890	886	870	864	866	879	898	762	739	728	726	738	714	721	723	743	702	709	719	788	714	699	710	682	680	670	685	680	686	703	694	797	723	740
4:38:26	37.0	912	896	890	857	819	799	776	753	746	718	721	731	887	896	868	853	812	784	759	731	739	726	719	773	895	888	884	875	880	866	876	866	881	893	885	774	906	901	874	876	871	895	871	851	876	885	920	763	737	718	739	729	715	727	710	708	707	710	708	772	720	682	689	672	670	677	675	674	688	682	674	802	735	724
4:42:26	37.0	922	914	892	861	812	783	772	752	746	743	733	756	909	906	905	860	828	795	761	715	740	732	741	783	885	895	889	882	888	875	863	880	887	875	901	783	912	919	888	871	883	882	862	875	866	872	903	759	753	736	725	733	730	698	727	727	721	697	735	776	723	708	671	686	681	679	685	678	668	690	694	793	729	712
4:46:26	37.0	905	896	904	870	813	776	767	743	733	737	697	733	904	896	889	865	821	774	764	740	754	728	730	760	877	892	887	874	880	875	864	877	873	887	885	764	896	903	893	872	864	886	871	863	857	877	902	762	732	718	728	723	724	709	710	702	691	706	704	774	703	683	682	658	658	665	681	679	662	687	679	784	743	703
4:50:26	37.0	905	910	888	849	814	794	765	754	725	719	706	742	924	889	874	866	830	782	769	721	744	735	718	771	895	898	907	863	899	861	854	870	890	887	884	753	910	911	897	879	887	886	867	878	862	876	919	769	733	713	728	708	712	723	729	711	713	700	712	778	703	686	676	670	683	676	666	674	682	689	691	765	715	715
4:54:26	37.0	895	906	906	835	817	758	751	734	715	722	697	742	912	895	874	846	823	782	765	713	733	715	735	759	898	900	881	863	880	875	874	877	863	890	889	771	889	899	890	871	878	877	859	860	882	875	893	762	716	712	705	723	707	701	704	695	703	711	709	763	691	686	684	661	687	669	676	651	665	698	675	791	705	719
4:58:26	37.0	902	897	903	844	820	780	757	729	728	720	724	739	922	894	898	856	800	778	747	706	719	723	711	752	886	893	887	857	902	885	856	873	877	880	910	759	883	882	890	881	875	892	859	875	870	871	905	773	721	698	702	721	696	716	711	704	705	697	700	751	694	687	679	664	675	653	664	676	677	685	669	785	713	716
5:02:26	37.0	913	927	893	846	787	797	754	741	713	712	714	710	926	890	908	848	813	770	752	706	701	712	715	759	884	912	866	888	902	890	872	866	875	878	899	745	910	913	879	870	877	877	849	875	899	859	921	753	734	710	725	737	715	723	715	720	699	701	710	744	698	679	665	657	659	671	662	675	675	685	670	766	725	710
5:06:26	37.0	918	946	901	844	814	771	757	723	721	725	702	723	901	895	907	879	787	793	753	708	712	702	707	745	883	901	893	890	876	871	885	884	870	883	890	772	890	888	894	895	875	878	858	865	868	879	932	745	734	714	725	715	703	713	687	704	696	694	707	751	693	682	665	667	664	676	670	669	657	681	685	771	721	718
5:10:26	37.0	919	925	898	853	806	773	740	706	700	694	715	724	905	891	911	843	801	763	744	695	708	723	693	768	885	895	891	879	898	875	871	884	878	881	890	757	899	872	886	886	887	885	874	860	857	865	943	746	725	699	728	717	694	703	700	700	685	687	710	763	683	664	663	680	661	672	661	651	670	680	675	776	716	727
5:14:26	37.0	914	935	892	847	784	772	750	731	713	724	711	731	927	914	917	843	806	775	746	706	701	706	706	749	892	896	880	875	881	894	868	888	888	883	891	747	905	902	894	879	885	887	870	890	886	873	939	743	724	692	711	710	691	705	712	691	693	699	704	766	718	672	674	665	662	653	671	681	676	686	688	767	733	720
5:18:26	37.0	905	915	890	846	809	755	748	706	718	710	684	721	907	891	896	835	796	770	745	702	710	707	706	757	911	894	881	880	875	885	878	873	894	882	885	765	903	917	891	882	891	893	866	892	883	870	938	747	714	694	717	706	709	716	697	691	690	686	710	736	689	676	658	665	665	655	652	662	660	676	686	765	719	691
5:22:26	37.0	905	919	896	838	783	772	740	743	697	704	719	709	928	895	920	850	804	757	746	685	710	690	692	750	888	896	879	871	864	882	886	884	877	883	894	764	892	875	890	870	889	880	871	899	866	877	951	761	722	694	704	712	692	700	704	696	688	689	694	733	695	680	673	653	666	663	659	663	658	661	671	768	716	704
5:26:26	37.0	894	931	873	829	787	749	727	720	692	702	685	705	929	895	902	852	782	740	733	689	713	704	681	752	896	901	884	879	879	891	865	878	864	861	909	738	903	915	884	894	879	881	879	884	888	884	931	735	712	690	712	700	687	686	682	692	685	687	687	738	683	679	673	660	650	647	644	643	663	670	666	784	724	712
5:30:26	37.0	914	944	903	850	782	756	742	727	697	718	709	710	908	906	894	848	813	778	749	696	725	716	694	760	918	898	889	872	896	891	879	884	881	901	904	741	904	910	895	888	895	871	874	890	872	879	942	747	726	695	712	725	707	685	707	696	708	691	684	750	682	686	667	674	669	667	661	655	655	678	669	763	718	702
5:34:26	37.0	914	939	887	852	806	774	756	714	700	702	680	722	906	919	896	852	784	760	751	702	705	707	680	749	898	918	917	881	869	898	872	887	878	879	914	738	904	917	908	890	892	903	882	884	880	891	964	751	715	695	720	700	681	700	685	694	701	689	687	743	673	674	659	668	669	661	665	674	665	669	676	763	730	698
5:38:26	37.0	926	917	909	844	789	762	726	715	700	692	693	702	928	922	907	838	796	759	711	698	711	707	689	749	909	911	908	888	900	887	875	865	876	896	902	745	903	908	896	889	909	907	880	881	883	880	957	727	708	685	712	697	695	712	679	700	689	689	694	730	674	679	683	666	655	663	635	664	668	658	675	770	719	702
5:42:26	37.0	938	921	902	835	786	746	734	723	679	708	696	736	918	898	899	846	794	750	724	688	702	698	684	747	910	907	891	877	890	913	862	884	894	877	900	753	890	908	905	893	900	906	886	892	889	882	958	717	715	696	699	695	692	688	682	688	678	684	700	730	679	681	686	663	663	665	656	652	657	661	676	751	721	718
5:46:26	37.0	902	922	892	836	794	749	728	713	693	705	687	717	918	892	909	843	782	745	732	697	685	702	684	726	903	901	901	881	900	902	889	901	895	883	911	737	893	897	897	905	893	899	872	890	896	904	947	721	707	695	698	702	673	692	699	696	678	684	686	727	676	676	675	659	664	672	658	656	662	669	676	755	719	703
5:50:26	37.0	908	928	908	839	806	776	732	709	708	698	698	714	939	890	900	827	797	750	745	688	696	687	678	735	901	911	910	904	887	900	886	881	895	904	912	755	895	894	898	902	871	890	889	895	904	891	957	726	707	684	701	701	676	687	693	689	691	696	686	746	667	686	666	664	666	653	662	637	671	669	672	765	721	704
5:54:26	37.0	944	908	907	827	793	753	737	712	697	691	696	703	925	926	905	844	810	742	746	696	704	692	673	753	899	905	899	890	891	902	886	881	892	903	917	750	901	895	924	895	908	902	881	887	916	903	964	723	716	703	705	680	687	694	676	694	680	685	696	720	675	665	673	674	663	659	642	663	654	679	674	757	738	717
5:58:26	37.0	938	926	910	861	798	758	738	711	704	697	692	705	937	909	901	832	787	764	737	680	696	687	669	736	888	910	897	895	892	889	896	888	888	893	923	743	901	935	902	909	893	896	883	923	906	883	979	703	712	690	713	710	664	692	693	697	679	685	692	739	677	679	680	657	664	664	661	665	679	696	671	762	705	715
6:02:26	37.0	926	909	901	852	801	752	717	711	673	708	700	694	923	906	907	846	810	754	726	686	676	689	678	731	903	919	890	903	901	896	911	899	892	906	937	752	914	907	907	874	899	902	874	893	902	907	997	716	713	713	700	685	675	689	702	682	696	687	692	731	671	678	668	658	670	667	662	652	668	661	680	755	712	722
6:06:26	37.0	930	919	886	831	814	757	739	702	686	688	695	704	944	906	910	853	790	747	709	706	675	691	669	746	900	930	899	894	898	893	896	892	891	910	916	727	898	904	910	894	897	897	902	886	915	909	978	716	706	705	694	707	675	685	700	680	684	679	685	726	675	665	663	656	665	660	653	659	660	669	676	757	718	719
6:10:26	37.0	915	925	893	847	806	752	730	718	683	677	698	693	937	929	903	841	805	740	740	690	682	678	659	733	907	915	899	887	901	877	895	882	901	908	919	729	911	917	898	898	879	893	901	900	895	900	975	721	724	669	698	693	657	684	687	688	661	687	693	720	666	642	651	661	663	682	660	646	677	672	670	751	738	712
6:14:26	37.0	921	911	899	843	777	737	728	690	671	686	672	696	947	903	911	838	782	757	713	676	677	679	659	724	907	911	894	893	882	893	899	883	887	903	934	723	902	911	898	879	905	892	893	904	905	892	980	711	714	692	716	693	688	675	663	671	677	680	695	719	680	679	672	666	644	660	641	646	668	666	676	733	711	715
6:18:26	37.0	925	918	902	849	795	748	734	719	691	687	683	704	934	928	903	833	781	754	738	689	688	684	661	731	902	910	899	918	893	888	916	896	908	889	939	733	913	927	902	913	886	890	880	901	917	917	986	701	702	674	698	679	669	682	685	670	663	683	687	723	661	663	666	666	654	664	665	657	657	681	677	737	709	713
6:22:26	37.0	920	924	897	838	790	736	711	705	681	684	671	693	938	914	898	819	800	736	724	678	677	667	669	720	904	910	909	883	893	922	888	902	892	921	925	712	910	927	905	891	887	909	891	899	900	899	982	691	698	674	703	686	676	696	681	675	677	679	690	725	669	655	650	650	667	660	650	655	669	673	662	736	708	724
6:26:26	37.0	914	913	897	856	782	736	726	694	687	662	675	689	946	908	919	858	791	752	725	694	684	673	660	720	897	918	903	913	906	902	887	892	915	917	933	710	909	915	896	902	881	907	921	892	884	916	981	696	713	680	678	697	676	683	673	668	666	662	676	741	667	665	668	651	649	660	658	657	652	650	675	748	719	703
6:30:26	37.0	936	935	897	864	791	757	724	699	692	699	670	688	944	916	914	856	790	759	723	688	690	689	664	745	901	912	907	886	894	896	899	908	930	920	948	719	889	914	916	904	912	924	906	918	901	911	993	701	706	683	687	702	667	682	675	675	670	675	694	703	687	666	660	662	663	653	673	664	659	673	661	736	726	701
6:34:26	37.0	947	909	898	860	796	743	729	714	686	675	676	692	939	932	917	841	811	756	734	688	681	683	664	713	902	909	929	882	896	910	903	912	922	933	922	708	913	921	892	908	910	906	914	902	886	908	996	696	700	692	697	692	662	676	681	676	662	670	702	718	676	676	670	663	660	668	674	656	667	692	669	734	721	682
6:38:26	37.0	949	931	902	855	804	761	712	687	666	673	666	701	936	926	923	851	805	772	725	690	678	675	663	711	901	911	902	893	919	906	894	902	921	919	947	705	902	923	910	915	902	905	907	915	893	914	1001	702	688	688	691	686	665	681	667	678	668	656	679	721	667	665	676	667	651	673	648	665	673	677	665	740	730	701
6:42:26	37.0	936	919	897	861	810	752	728	696	692	675	683	697	962	935	935	858	798	764	732	686	695	667	671	723	895	909	914	887	909	894	886	915	887	925	940	711	916	920	900	919	896	914	913	901	916	923	1013	701	697	673	692	686	667	682	665	675	674	664	697	705	655	665	671	651	661	657	658	669	662	661	660	728	705	714
6:46:26	37.1	939	925	910	871	790	736	725	701	670	664	678	664	946	910	910	849	809	752	727	692	684	678	650	709	896	916	908	894	905	905	904	904	914	934	929	708	911	913	928	914	923	922	907	906	923	922	1017	688	712	685	690	679	676	696	675	694	669	673	682	695	678	665	652	649	667	677	660	663	656	674	688	732	709	714
6:50:26	37.0	942	944	916	866	792	746	741	698	690	684	694	683	958	905	927	855	812	753	737	688	672	678	672	713	932	915	920	905	913	907	912	916	912	916	937	718	907	928	908	935	904	919	910	905	903	914	1018	690	701	677	684	691	665	666	672	676	668	652	685	699	681	670	671	667	650	660	645	658	662	655	673	730	706	706
6:54:26	37.0	950	937	910	869	806	750	723	713	676	676	668	688	939	918	927	854	803	771	718	681	679	668	657	722	933	900	900	900	896	910	923	902	919	919	945	696	906	926	930	906	911	904	916	907	921	924	1020	685	716	684	689	680	650	662	673	666	671	681	672	722	664	658	670	658	666	666	655	664	672	673	682	732	714	702
6:58:26	37.0	947	934	918	872	795	739	731	697	685	666	681	680	964	942	930	850	810	768	735	679	692	669	664	718	904	916	907	914	917	935	903	922	918	929	946	707	903	928	919	916	917	926	906	940	900	932	1036	700	706	672	702	693	658	680	676	693	664	668	676	689	683	670	660	660	650	658	663	662	662	680	679	713	720	696
7:02:26	37.0	966	934	929	876	802	755	726	689	672	653	669	689	964	916	921	871	801	759	735	696	681	663	665	699	895	917	912	915	926	903	908	916	928	930	942	707	923	936	920	923	922	908	925	927	916	922	1041	691	730	679	690	680	674	672	691	665	667	671	685	716	674	683	669	669	655	657	649	668	664	676	684	728	708	715
7:06:26	37.1	952	947	915	866	813	756	717	693	676	685	681	684	979	929	919	846	801	740	723	686	675	670	660	693	902	928	901	899	892	925	901	916	929	952	938	694	890	940	927	901	908	916	925	914	915	916	1018	692	710	683	692	679	671	670	666	667	670	665	686	698	655	670	668	661	640	651	666	645	657	668	664	710	695	718
7:10:26	37.0	951	935	920	886	808	743	710	706	676	664	664	678	966	914	942	870	808	768	727	679	677	662	665	685	924	909	935	903	923	909	906	926	924	936	958	699	893	942	929	924	923	919	927	932	915	937	1023	689	713	677	686	685	653	675	672	674	665	677	685	683	662	668	659	662	644	669	664	649	656	672	664	718	691	706
7:14:26	37.0	957	941	912	865	796	779	728	693	691	681	676	697	962	943	940	872	809	763	738	689	676	664	652	702	925	946	916	916	919	911	900	932	934	943	941	698	916	939	907	921	913	936	933	913	938	925	1028	698	706	683	684	675	644	677	672	683	656	659	673	705	668	652	658	646	665	662	664	668	660	672	672	715	698	712
7:18:26	37.0	952	948	935	874	791	745	731	687	672	660	669	678	966	938	954	871	826	768	730	681	675	654	662	706	909	942	923	908	922	904	918	930	897	941	946	682	914	921	900	922	929	933	912	917	881	928	1038	692	706	674	680	688	679	680	680	662	669	657	672	692	666	665	654	660	643	660	646	643	669	658	657	721	712	697
7:22:26	37.0	956	932	934	884	810	738	739	696	678	658	670	686	978	951	939	865	812	758	719	687	684	658	657	695	922	920	909	904	906	917	932	911	926	933	950	691	917	939	915	911	918	927	919	923	912	923	1031	696	724	674	695	670	632	680	677	673	672	668	679	690	660	651	652	647	652	669	657	666	658	674	676	719	706	699
7:26:26	37.0	962	938	936	872	800	751	723	684	672	661	672	668	971	937	963	879	831	756	746	685	683	663	649	715	906	910	931	916	915	924	919	936	898	941	972	703	902	931	925	906	933	920	921	897	919	938	1050	701	711	681	682	688	668	661	681	649	673	649	681	695	666	666	647	648	657	659	662	668	661	670	665	713	682	709
7:30:26	37.0	968	951	968	876	814	778	723	685	687	664	667	691	987	919	947	871	821	769	732	686	678	669	658	703	922	922	924	931	917	931	902	954	936	949	948	694	923	931	930	918	936	921	915	921	928	945	1042	708	698	695	690	679	664	674	670	679	664	655	671	682	663	672	662	664	652	657	664	661	656	667	665	711	705	691
7:34:26	37.0	971	953	948	887	796	743	724	701	678	664	655	689	995	956	934	864	820	773	728	684	675	676	653	692	907	941	917	912	894	934	902	921	932	944	972	689	904	934	927	933	922	920	922	921	906	925	1055	680	711	658	692	686	639	662	667	668	661	656	677	691	642	644	645	645	644	654	655	666	660	666	664	684	694	693
7:38:26	37.0	961	965	940	878	800	739	709	692	680	661	673	680	994	960	951	873	817	756	718	673	684	671	661	693	904	919	912	900	928	937	925	918	935	958	972	694	912	948	944	921	923	924	925	926	930	929	1055	686	712	669	686	660	679	660	674	660	635	647	675	689	656	667	660	643	656	661	649	667	666	668	678	697	699	710
7:42:26	37.0	950	948	927	885	817	751	714	686	663	662	676	663	1007	951	943	879	819	748	718	663	671	638	655	688	915	921	909	909	915	935	907	935	940	946	958	689	903	929	911	918	919	914	928	937	933	932	1046	695	698	658	680	674	660	661	671	669	650	646	676	677	658	668	656	651	660	658	651	650	641	659	661	701	669	690
7:46:26	37.0	975	953	949	894	791	740	734	700	676	666	676	679	1017	962	949	879	829	753	732	696	673	670	647	712	920	923	917	913	928	935	909	948	936	931	963	693	910	933	922	927	937	924	935	931	935	949	1052	683	702	667	673	669	657	662	662	647	660	664	672	690	668	666	664	657	642	669	653	659	675	662	685	689	685	685
7:50:26	37.0	973	943	931	883	805	749	716	697	681	672	673	674	1005	974	956	864	816	755	725	691	699	651	651	683	905	931	926	909	905	920	909	936	943	931	965	691	902	947	934	917	913	929	927	930	926	929	1037	670	705	668	667	675	649	676	665	669	646	652	668	686	663	662	645	646	635	663	654	659	659	671	662	691	684	705
7:54:26	37.0	986	951	956	886	813	757	730	709	665	659	675	650	1029	961	977	878	816	750	725	688	689	667	666	697	913	935	931	915	905	917	927	930	924	947	962	684	904	943	921	919	940	925	909	925	936	942	1064	691	708	670	669	664	643	663	667	650	661	649	669	682	673	661	651	655	644	653	652	652	670	660	676	704	708	681
7:58:26	37.0	989	971	943	881	815	753	720	688	656	667	669	673	1023	980	987	884	822	763	721	686	670	658	651	692	928	938	933	914	925	928	905	938	925	946	966	691	907	936	939	922	932	905	915	942	928	915	1044	695	712	659	674	672	661	683	665	651	659	646	676	677	652	665	674	645	652	648	635	641	665	666	670	705	677	692
8:02:26	37.1	991	970	966	873	818	744	716	683	673	658	680	662	1010	957	969	886	817	753	728	685	672	665	643	682	909	905	917	919	927	919	921	941	950	944	938	681	912	942	929	937	923	937	924	937	919	943	1061	678	688	678	680	663	670	668	656	651	650	647	666	686	657	649	657	650	648	658	657	656	661	674	669	704	682	694
8:06:26	37.0	1003	965	958	886	806	772	724	714	682	672	675	679	1008	960	964	886	832	768	722	680	680	668	650	697	916	907	933	921	919	916	929	945	941	946	961	698	905	949	943	919	923	945	916	941	941	928	1078	686	705	671	670	692	641	668	667	652	656	638	668	673	653	651	665	645	648	655	652	661	665	671	675	704	673	708
8:10:26	37.1	996	992	953	918	814	748	734	698	668	678	681	675	1029	991	994	870	834	768	723	692	693	659	654	696	928	928	949	915	931	957	922	949	938	952	982	693	906	958	949	952	932	941	937	937	937	955	1070	689	707	665	676	663	645	670	673	686	671	657	670	693	644	668	673	674	649	655	660	668	665	661	683	708	680	693
8:14:26	37.0	997	980	968	874	827	747	735	704	678	676	686	687	1044	994	982	892	828	763	722	683	667	646	665	685	903	926	917	930	945	933	920	954	947	952	970	688	900	933	926	922	910	941	922	928	938	944	1073	691	718	655	656	664	661	674	677	649	664	658	644	672	669	652	654	651	658	643	644	647	663	664	661	698	684	692
8:18:26	37.0	1001	1008	962	893	801	761	715	691	675	670	676	679	1018	989	979	882	836	766	717	680	688	665	654	675	893	938	926	929	917	952	924	955	946	952	968	684	903	955	950	924	920	927	947	933	928	943	1073	682	705	670	665	677	659	675	657	656	648	650	661	691	658	661	645	652	640	663	653	649	647	648	663	698	694	687
8:22:26	37.0	989	996	974	893	832	757	733	697	673	658	668	685	1042	992	997	895	823	777	739	710	691	682	661	686	921	949	940	917	932	939	927	959	943	963	965	691	901	947	931	958	937	964	928	944	930	964	1085	691	713	680	666	686	668	668	656	658	661	647	669	672	649	654	654	649	649	651	653	654	655	670	673	696	685	701
8:26:26	37.0	1002	990	974	887	822	765	710	693	683	681	670	678	1038	1011	981	888	821	779	733	673	688	665	662	707	906	947	942	930	911	924	935	982	947	966	980	692	901	938	953	953	944	950	915	943	932	959	1082	684	703	659	690	667	670	657	659	659	671	662	684	684	663	660	636	648	647	655	653	652	669	665	664	710	687	704
8:30:26	37.0	999	988	957	892	826	764	725	691	665	669	678	682	1038	990	997	896	840	754	728	684	677	653	644	693	896	942	940	924	948	936	923	944	946	968	990	688	923	956	934	938	904	940	940	943	952	956	1094	702	699	644	680	649	656	669	672	654	672	653	670	673	646	661	648	667	638	656	652	681	659	657	659	697	668	708
8:34:26	37.0	1010	1003	967	893	810	748	730	691	675	667	673	672	1038	1004	989	896	841	774	727	704	674	671	646	699	919	927	932	923	939	928	916	973	936	949	982	686	901	940	931	912	924	945	904	940	930	936	1089	692	691	658	683	666	653	658	657	644	645	661	642	682	658	666	656	636	649	639	651	650	652	668	661	678	671	713
8:38:26	37.0	1011	989	972	903	810	750	724	682	683	659	650	676	1043	1008	988	900	844	763	735	709	671	656	643	689	912	926	939	936	932	942	935	952	945	974	991	675	909	940	932	941	934	973	931	937	931	957	1088	685	704	660	673	669	644	665	674	657	649	654	663	690	656	648	654	647	649	649	635	661	656	669	662	702	688	691
8:42:26	37.0	1028	991	973	896	818	782	734	690	672	664	678	689	1068	1001	1000	903	844	778	750	716	682	680	673	681	907	940	950	930	937	921	923	960	956	963	989	684	930	954	947	941	931	949	922	950	940	951	1100	674	699	672	684	675	653	677	662	661	660	663	676	676	669	659	659	656	651	667	641	675	673	663	671	703	687	706
8:46:26	37.0	1037	993	976	908	817	755	741	694	683	669	660	654	1071	1020	1025	898	838	777	735	704	659	658	656	679	909	942	936	935	927	947	934	937	943	953	992	691	929	942	940	952	935	931	939	927	928	954	1106	697	689	666	661	678	647	653	672	654	658	650	666	683	644	664	660	645	646	649	653	657	654	681	658	704	682	687
8:50:26	37.0	1038	1022	970	903	831	744	739	698	674	651	662	665	1070	1017	1012	904	823	788	735	694	684	675	658	687	920	940	929	929	942	932	946	958	931	943	1014	690	927	940	916	935	928	942	933	950	938	961	1096	685	684	671	675	678	658	664	667	656	663	663	670	673	667	663	658	643	655	651	653	660	672	664	654	705	671	705
8:54:26	37.0	1048	1016	994	926	804	782	728	705	688	665	685	682	1072	1035	1018	895	831	773	726	698	677	661	657	686	929	951	952	953	942	943	951	950	944	987	990	699	895	945	940	947	936	941	924	947	955	950	1107	699	686	667	686	689	650	658	652	663	663	658	669	693	656	664	665	654	655	662	638	674	659	660	680	709	687	694
8:58:26	37.1	1013	1002	975	917	804	755	723	676	666	657	677	661	1063	1023	1009	890	838	772	724	704	688	655	649	678	896	923	927	930	937	950	933	971	947	953	998	693	899	931	938	936	937	935	932	948	943	932	1073	680	707	657	670	662	644	682	648	648	642	663	648	682	652	645	659	651	645	654	656	652	666	654	659	686	668	692
9:02:26	37.1	1041	1015	977	909	815	762	724	690	668	668	662	679	1102	1017	1015	909	835	772	747	690	673	644	652	680	915	939	928	916	936	928	949	956	947	969	1021	676	915	961	950	924	948	943	920	957	932	960	1089	696	699	656	681	675	649	653	660	647	654	650	638	682	648	637	655	642	651	637	645	662	640	672	652	693	683	687
9:06:26	37.0	1049	1020	990	910	831	765	744	691	677	666	682	683	1089	1019	1020	899	832	777	745	708	697	657	661	683	905	942	943	921	927	925	951	939	954	968	1005	685	922	943	948	939	939	936	948	956	925	954	1104	690	700	672	689	672	661	665	665	673	655	665	651	678	648	650	659	632	639	660	656	655	668	666	683	695	678	687
9:10:26	37.1	1026	1026	980	907	827	753	721	710	676	669	670	694	1097	1028	1021	904	835	763	739	700	663	652	670	688	908	936	940	920	941	940	933	970	922	955	1020	674	915	949	931	944	913	947	924	941	948	939	1106	689	705	664	679	680	650	646	646	649	654	655	676	671	636	659	672	645	650	636	656	653	650	660	668	686	670	688
9:14:26	37.1	1048	1037	1002	916	814	745	726	698	667	674	674	680	1094	1010	1021	913	834	777	736	689	679	649	650	672	903	915	935	906	919	947	929	973	959	972	1012	684	922	954	930	941	920	938	937	941	944	960	1098	694	703	665	686	682	642	661	644	655	669	670	657	672	650	661	651	658	659	665	646	642	651	655	665	695	670	711
9:18:26	37.1	1069	1033	992	908	831	762	746	696	688	671	670	664	1074	1040	1042	920	845	768	735	698	673	654	641	705	913	944	938	931	948	941	932	957	962	963	1018	684	917	941	940	933	942	942	928	947	942	944	1146	702	703	678	664	677	641	658	657	657	653	666	658	685	643	659	651	649	653	649	654	647	660	666	670	687	679	697
9:22:26	37.1	1058	1023	1006	926	831	778	727	706	693	653	673	673	1091	1033	1025	909	856	781	738	688	674	669	654	682	910	950	925	942	909	952	940	960	961	975	1022	682	918	927	935	940	937	938	932	942	943	952	1099	704	702	666	666	678	642	660	659	656	651	660	655	671	646	639	654	647	655	652	647	665	640	672	652	695	661	689
9:26:26	37.0	1061	1039	1012	921	829	757	737	701	664	685	676	672	1115	1038	1026	924	863	781	755	689	677	678	657	692	918	940	952	939	938	954	941	951	984	992	1045	685	900	954	936	914	949	948	932	944	925	951	1113	702	694	653	667	662	661	670	667	647	653	655	668	688	664	655	656	667	650	653	654	658	662	663	662	704	682	680
9:30:26	37.0	1050	1038	1005	916	830	759	734	714	685	667	674	673	1085	1055	1046	910	840	785	743	709	679	667	652	681	919	924	950	940	926	939	938	968	952	960	1030	691	907	971	944	939	939	950	936	951	932	934	1132	695	696	662	683	662	653	653	642	650	668	645	661	679	634	663	657	647	646	656	654	662	673	657	667	684	668	696
9:34:26	37.0	1051	1055	996	928	833	773	720	695	674	675	681	679	1101	1033	1023	916	844	776	739	683	683	666	637	693	905	936	944	934	932	941	936	961	978	960	1039	685	904	949	943	938	940	952	945	947	937	955	1104	686	701	669	662	667	640	665	658	629	653	657	648	689	660	668	665	652	661	665	662	655	672	660	672	705	660	685
9:38:26	37.0	1072	1040	1017	920	833	784	738	704	677	663	679	692	1103	1035	1046	911	840	785	744	697	687	668	666	678	924	925	938	928	928	942	919	960	952	953	1061	684	928	948	950	938	940	937	932	947	932	962	1133	702	702	671	692	661	643	655	650	646	670	638	662	669	642	655	650	645	661	661	650	658	657	662	660	687	677	672
9:42:26	37.0	1065	1044	1019	924	847	770	749	690	682	670	682	685	1096	1035	1051	911	850	795	740	711	687	656	662	683	914	924	923	941	950	921	952	950	944	973	1043	678	907	950	947	940	922	941	938	956	937	953	1139	688	692	666	682	663	640	652	651	654	663	649	655	681	652	650	646	636	641	661	660	650	661	659	664	702	674	688
9:46:26	37.0	1081	1058	1021	921	848	756	752	699	671	682	674	683	1121	1055	1044	925	847	772	738	706	680	656	661	686	910	938	920	934	939	933	928	994	957	961	1051	702	919	961	936	927	946	925	925	951	932	964	1141	702	697	664	683	662	643	670	637	639	659	672	659	668	657	661	649	666	674	645	652	655	669	639	667	691	663	685
9:50:26	37.0	1082	1042	1009	939	830	766	732	697	684	676	674	672	1128	1051	1046	916	830	791	739	701	684	668	660	696	904	931	929	942	920	947	935	974	953	980	1058	680	919	936	937	925	932	942	928	939	942	972	1141	695	686	676	672	657	649	657	653	652	661	649	655	685	660	660	634	642	657	657	663	662	665	679	675	689	657	685
9:54:26	37.0	1087	1049	1022	928	833	760	740	716	663	672	686	689	1119	1040	1031	914	854	765	729	701	688	678	655	721	903	937	937	909	931	928	932	953	958	960	1068	696	909	931	950	928	943	936	949	936	934	957	1149	695	706	666	672	653	664	646	659	646	657	655	655	682	650	663	661	653	654	644	659	646	648	658	654	678	662	685
9:58:26	37.0	1074	1048	1019	922	845	770	731	693	668	664	680	686	1122	1064	1058	917	845	788	740	703	677	680	652	691	907	963	935	922	933	923	924	964	957	961	1063	684	924	946	938	926	938	929	929	935	935	943	1156	698	697	647	664	663	644	661	662	639	657	643	642	691	665	645	667	645	648	651	636	657	667	664	668	690	685	686
10:02:26	37.1	1088	1069	1006	937	849	783	720	710	676	655	681	681	1112	1058	1047	913	874	774	732	699	681	668	664	695	920	948	940	920	936	937	952	960	966	971	1067	684	908	950	930	922	947	930	946	954	934	950	1179	695	702	667	668	670	656	659	654	664	653	662	661	681	655	647	669	646	639	651	661	653	658	667	676	700	677	686
10:06:26	37.0	1106	1080	1022	938	832	772	721	708	677	672	685	679	1128	1072	1060	922	857	785	746	710	681	665	641	678	920	941	939	950	933	942	939	984	963	962	1079	691	926	945	956	925	939	933	914	954	941	967	1177	699	694	678	689	677	647	659	658	647	658	656	654	687	640	657	648	639	648	658	665	664	655	667	661	695	686	675
10:10:26	37.1	1079	1068	1036	954	837	769	737	689	678	680	673	674	1130	1066	1077	905	876	773	738	708	687	652	651	686	914	932	919	923	925	937	926	957	949	960	1073	691	900	944	925	934	935	938	928	937	907	951	1182	698	704	672	680	662	657	657	649	645	652	648	651	675	663	635	659	652	649	637	647	660	659	653	657	675	664	678
10:14:26	37.1	1074	1067	1007	925	835	757	744	699	684	679	683	693	1134	1088	1049	920	851	776	748	699	681	692	648	696	912	938	932	926	917	942	916	958	956	974	1081	673	914	944	926	924	929	943	925	936	946	944	1205	702	700	666	674	668	643	644	661	641	671	658	660	664	644	645	662	642	655	658	656	652	668	664	664	701	659	676
10:18:26	37.0	1082	1082	1041	933	837	765	736	700	677	677	679	679	1135	1080	1035	924	856	771	748	712	671	675	663	675	896	941	938	906	918	931	933	981	962	956	1087	704	897	949	947	925	941	940	928	943	936	949	1207	703	687	668	664	664	634	649	647	645	648	660	651	673	642	644	644	658	662	650	646	651	664	659	665	691	674	707
10:22:26	37.1	1095	1064	1067	941	854	772	751	711	690	666	667	686	1139	1072	1052	914	878	794	733	718	689	666	667	698	908	943	953	925	923	941	931	957	937	961	1099	675	922	955	945	947	947	933	936	937	935	964	1226	710	696	656	676	661	641	638	647	658	655	638	651	688	647	665	645	660	645	652	648	653	657	653	661	682	655	684
10:26:26	37.0	1095	1069	1025	942	854	772	726	693	682	669	672	681	1155	1066	1087	927	871	793	762	702	671	663	654	683	896	936	927	913	924	926	915	971	968	957	1089	683	916	942	932	943	949	941	939	932	918	952	1248	729	694	677	691	668	642	665	660	658	643	646	655	680	648	659	659	646	652	644	648	651	661	661	660	703	649	667
10:30:26	37.1	1076	1087	1032	924	855	766	744	730	692	672	682	673	1133	1083	1049	929	870	793	754	711	674	667	661	690	903	938	924	921	950	935	939	967	958	944	1101	684	911	943	937	929	938	939	914	953	919	957	1239	707	684	678	677	655	645	661	646	664	668	654	639	689	651	657	639	649	634	658	659	660	664	651	677	698	658	673
10:34:26	37.1	1106	1089	1050	963	854	777	741	712	691	675	675	685	1163	1090	1063	915	859	786	757	719	680	675	659	684	914	919	935	928	919	945	925	971	950	945	1106	684	920	954	929	946	943	939	945	946	921	954	1249	712	702	675	682	665	653	664	648	649	666	663	652	681	652	663	657	657	653	654	656	665	656	669	674	693	663	680
10:38:26	37.0	1103	1082	1057	952	855	764	736	702	684	659	691	676	1163	1081	1075	933	868	782	744	713	687	650	660	690	909	928	927	915	921	938	933	959	960	947	1103	688	911	951	942	942	964	964	936	937	940	939	1246	708	700	662	677	669	653	657	660	636	663	670	656	675	653	661	649	660	644	658	659	652	660	662	669	680	674	675
10:42:26	37.0	1127	1098	1029	950	862	768	742	709	671	678	686	680	1168	1095	1065	916	860	800	768	707	694	678	656	692	909	928	920	923	932	929	931	967	960	972	1113	688	893	963	926	952	946	971	944	961	931	966	1265	732	688	673	671	666	645	665	659	655	651	654	640	692	660	662	676	638	652	652	662	659	670	657	668	679	674	681
10:46:26	37.0	1126	1082	1033	955	852	773	736	730	676	683	689	688	1162	1102	1057	932	874	794	743	717	700	674	655	679	919	939	937	931	905	929	928	948	964	959	1122	696	926	971	939	933	951	965	942	967	939	945	1288	721	702	662	694	680	653	648	658	656	659	649	639	671	666	663	652	651	659	649	678	662	661	676	672	694	665	676
10:50:26	37.0	1101	1107	1057	947	847	787	726	717	670	674	676	672	1162	1118	1070	940	860	804	756	710	685	678	655	682	905	935	927	923	945	924	934	959	962	972	1133	691	929	960	939	972	959	943	943	949	927	953	1298	701	692	674	688	672	652	660	655	647	658	651	655	673	663	661	667	660	646	661	658	660	659	649	664	692	663	672
10:54:26	37.0	1120	1102	1050	963	873	783	758	702	676	676	691	686	1181	1107	1073	948	887	807	749	718	692	678	652	691	926	931	911	918	933	955	931	965	965	962	1133	704	912	955	943	955	977	954	937	950	941	968	1292	719	709	674	684	663	642	649	653	648	666	637	658	686	650	672	641	665	659	646	649	666	662	658	658	680	673	672
10:58:26	37.1	1128	1103	1054	940	842	794	759	723	679	676	676	673	1192	1107	1081	930	882	798	764	720	683	655	660	667	899	921	938	916	927	952	921	969	974	956	1131	683	909	962	934	967	974	950	960	961	939	945	1291	710	702	669	678	656	654	647	629	634	659	674	634	681	655	660	651	658	655	652	646	652	658	661	679	685	649	672
11:02:26	37.0	1137	1112	1055	962	855	789	727	705	698	673	697	679	1194	1114	1077	934	895	806	739	722	702	679	650	694	921	939	929	935	924	946	944	979	942	977	1141	708	931	977	945	961	990	987	955	960	931	960	1308	723	704	668	666	670	652	672	652	645	659	659	663	685	656	658	653	653	656	666	667	647	646	673	663	703	672	668
11:06:26	37.1	1125	1116	1078	969	852	794	752	733	680	668	683	677	1189	1130	1086	944	855	791	761	697	692	667	654	696	927	933	935	907	941	934	929	968	980	964	1155	687	923	985	942	971	988	967	953	949	947	965	1328	718	697	670	682	660	655	667	667	651	662	655	653	692	649	662	663	668	663	650	666	652	679	676	668	701	662	676
11:10:26	37.0	1133	1126	1052	982	879	788	750	708	683	654	683	686	1205	1114	1101	935	877	805	758	721	699	694	657	679	910	959	928	933	924	958	937	968	955	963	1131	690	927	972	948	952	1002	974	961	964	934	965	1316	738	708	682	678	666	642	661	667	651	666	650	650	699	662	658	663	660	654	659	655	663	646	657	663	710	648	675
11:14:26	37.0	1148	1135	1078	979	871	785	759	727	692	678	678	692	1186	1133	1108	936	889	802	758	727	687	695	654	692	909	932	925	918	949	942	932	979	963	956	1140	684	937	991	947	971	991	975	953	965	940	968	1333	725	704	655	695	679	661	640	670	652	656	648	646	687	649	671	647	658	638	665	651	676	672	660	658	681	654	668
11:18:26	37.0	1141	1108	1078	977	872	783	745	698	672	683	678	682	1194	1135	1112	956	890	786	766	720	697	675	658	683	904	939	928	929	929	974	940	965	934	965	1165	698	931	1005	954	964	991	976	968	971	937	978	1340	700	711	678	687	676	639	655	653	658	665	660	642	686	660	647	654	654	648	659	647	648	657	674	676	686	669	696
11:22:26	37.0	1141	1122	1073	966	871	787	752	722	691	676	678	688	1208	1125	1093	947	874	775	765	708	673	680	663	689	885	926	924	919	919	942	942	978	959	969	1149	670	943	967	957	977	985	979	963	984	933	977	1351	717	696	666	683	676	639	657	664	636	657	653	632	672	657	659	650	649	646	650	653	668	636	651	680	691	653	699
11:26:26	37.1	1152	1135	1075	976	866	784	746	708	687	674	700	680	1216	1133	1114	948	885	811	765	728	697	663	653	690	918	954	924	922	954	958	954	975	967	959	1164	687	949	976	948	980	989	991	978	970	954	985	1358	718	685	661	683	665	647	650	661	638	666	657	654	687	663	682	655	651	659	647	645	656	658	651	666	692	659	691
11:30:26	37.0	1160	1148	1078	986	875	787	749	701	695	673	686	681	1205	1123	1115	958	878	804	763	741	684	671	657	687	902	934	924	920	939	960	948	985	982	977	1171	687	941	1003	955	975	1002	982	973	986	956	997	1388	733	703	660	689	669	646	661	656	669	645	652	641	683	644	652	660	653	661	648	661	657	664	661	661	686	649	675
11:34:26	37.1	1177	1152	1089	965	875	786	751	715	703	674	686	688	1227	1144	1140	951	897	825	751	704	684	654	654	702	915	933	931	952	959	966	958	980	956	963	1154	682	953	995	964	980	1005	998	982	976	936	990	1342	721	702	671	681	670	636	646	651	653	653	660	640	688	669	661	662	659	656	656	663	677	658	663	673	698	657	694
11:38:26	37.0	1171	1151	1075	983	865	779	754	715	693	680	683	678	1228	1135	1113	938	898	790	767	723	684	676	665	691	912	944	921	946	938	956	952	1000	947	979	1174	690	949	1003	950	991	1007	1010	988	970	939	983	1356	719	708	675	690	677	645	654	653	642	660	671	637	691	642	663	644	669	660	653	648	654	671	665	672	692	659	677
11:42:26	37.0	1174	1151	1084	988	874	789	742	722	688	690	683	698	1224	1148	1131	946	909	824	765	723	687	676	671	681	922	934	960	934	958	961	947	994	973	976	1204	689	959	1011	968	989	1023	994	977	1007	956	990	1377	710	718	671	685	665	645	658	646	634	663	659	653	688	661	661	655	658	658	665	661	653	671	655	664	685	661	676
11:46:26	37.0	1180	1161	1082	983	877	794	750	716	687	681	685	686	1230	1177	1119	972	902	801	783	719	686	658	663	706	920	961	949	936	965	972	954	995	964	976	1179	696	950	1004	974	988	1021	995	976	998	966	996	1384	723	703	664	687	668	656	652	660	639	664	672	654	689	652	673	659	660	657	655	665	665	668	650	679	707	663	678
11:50:26	37.0	1153	1156	1099	965	871	788	746	699	686	688	680	677	1242	1155	1131	962	899	815	767	724	690	687	662	687	918	930	951	937	952	977	958	981	945	974	1179	690	960	1027	975	1002	1015	1011	985	1008	970	1001	1409	720	709	684	673	665	647	665	646	646	668	641	622	677	659	667	661	663	653	651	656	679	661	660	670	699	668	661
11:54:26	37.0	1175	1194	1107	986	882	802	758	715	695	680	694	677	1242	1166	1120	974	892	801	757	731	711	676	655	694	903	953	942	933	980	994	957	1004	958	982	1201	679	979	1021	990	1016	1038	1015	964	1013	969	992	1418	729	701	681	656	658	667	654	654	655	656	651	641	681	660	674	654	657	650	671	656	661	664	673	676	697	659	667
11:58:26	37.1	1197	1175	1100	994	885	802	762	722	687	681	684	674	1245	1174	1139	946	918	813	770	739	700	682	674	684	943	957	953	943	968	977	977	994	983	974	1211	691	963	1025	981	1009	1018	1007	984	993	966	1006	1439	709	709	668	694	674	647	664	655	650	665	673	651	684	656	664	657	656	646	666	651	661	659	672	664	707	665	677
12:02:26	37.1	1198	1188	1114	991	872	789	759	719	693	696	676	688	1266	1163	1140	956	897	803	769	717	688	672	658	696	941	963	969	957	951	965	963	1017	979	1000	1211	696	984	1033	976	986	1035	1011	995	1003	968	1007	1449	724	713	675	672	667	638	639	636	651	651	645	655	685	656	664	676	651	657	660	665	676	650	660	674	695	651	670
12:06:26	37.0	1186	1182	1103	990	876	788	762	721	682	677	686	700	1257	1178	1141	976	909	825	771	717	705	674	666	688	933	949	948	963	972	1005	963	1016	973	996	1210	681	995	1036	981	1012	1050	996	1007	1022	981	993	1446	727	724	671	683	665	658	650	656	628	661	655	644	683	655	665	646	654	654	666	677	669	659	666	659	685	670	683
12:10:26	37.1	1194	1180	1108	1010	887	796	753	718	702	680	690	676	1249	1184	1124	977	910	817	767	740	706	675	659	697	929	957	949	958	973	988	964	1010	979	984	1232	691	984	1031	980	1025	1043	1031	1025	1021	961	1019	1457	715	688	676	687	663	650	659	659	647	663	660	655	693	653	661	655	648	666	659	677	678	668	664	673	693	656	661
12:14:26	37.0	1200	1192	1113	992	901	817	763	723	708	673	688	685	1270	1190	1155	971	917	829	768	719	677	678	659	689	940	955	959	961	967	986	956	1014	995	995	1220	694	991	1041	993	1013	1047	1036	1007	1019	977	1014	1474	728	724	667	681	679	646	652	653	652	669	666	650	707	656	667	655	662	652	663	668	660	664	670	655	689	658	661
12:18:26	37.0	1192	1182	1096	1006	901	787	751	716	695	693	687	683	1295	1187	1143	985	914	823	767	742	705	687	660	685	929	970	968	956	978	988	978	1011	985	1009	1249	698	986	1050	1004	1027	1054	1045	1006	1033	979	1002	1490	731	702	662	698	674	644	647	649	656	674	657	659	691	655	639	659	673	668	670	655	659	668	674	670	690	648	670
12:22:26	37.0	1193	1189	1102	999	877	799	756	732	707	686	693	693	1273	1180	1142	968	893	820	778	733	690	689	657	677	950	975	954	964	993	1010	973	1017	1002	1019	1225	690	1022	1044	982	1048	1057	1038	1006	1017	994	1018	1477	713	716	679	670	657	633	654	655	647	666	654	646	687	661	650	664	666	670	656	666	666	665	670	674	695	647	665
12:26:26	37.1	1208	1182	1090	996	894	793	762	730	682	674	687	674	1297	1198	1164	957	927	810	778	739	699	668	659	697	940	963	964	969	983	992	988	1043	999	1010	1250	697	1005	1066	1004	1044	1055	1050	1008	1041	978	1017	1498	735	702	687	685	673	634	637	650	642	677	669	665	692	667	664	659	665	659	652	664	664	680	667	677	692	659	664
12:30:26	37.1	1196	1201	1123	1028	882	790	764	733	704	686	689	701	1265	1202	1171	997	930	830	784	721	690	701	671	684	926	985	955	975	988	1009	994	1035	993	1015	1256	701	1017	1067	1014	1057	1069	1067	997	1033	988	1014	1512	744	701	665	698	684	629	674	653	636	664	665	641	678	662	656	661	672	666	669	665	658	672	667	681	693	650	676
12:34:26	37.1	1213	1190	1120	998	886	779	758	730	700	688	705	701	1285	1195	1174	979	923	829	768	730	700	677	663	689	946	979	963	988	987	1018	974	1046	1011	1007	1275	704	1004	1069	1004	1035	1094	1060	1047	1040	992	1044	1536	725	706	673	700	659	644	665	657	631	667	663	654	701	663	674	663	665	663	676	675	651	668	666	664	697	666	666
12:38:26	37.1	1214	1206	1139	1011	890	808	776	714	696	693	690	673	1306	1194	1154	982	914	823	768	728	695	691	666	703	941	992	989	970	1004	1022	998	1049	997	1017	1272	697	1019	1067	1014	1044	1080	1065	1021	1045	985	1046	1554	746	718	678	673	655	659	658	630	649	673	659	663	701	674	667	644	663	658	658	666	651	662	676	665	698	666	649
12:42:26	37.1	1211	1209	1117	998	930	798	771	727	704	696	695	696	1303	1213	1172	985	918	814	793	750	695	698	677	701	964	991	998	991	1008	1029	1001	1052	1014	1023	1273	705	1019	1076	1008	1047	1117	1076	1047	1059	1003	1057	1547	733	722	678	694	684	645	655	658	649	670	658	637	687	667	668	656	670	658	654	666	671	671	674	682	695	655	672
12:46:26	37.0	1236	1206	1121	1014	907	805	764	730	686	693	699	692	1288	1205	1196	976	929	829	781	735	701	688	676	686	951	1002	995	994	997	1030	1022	1067	1014	1036	1285	692	1016	1109	1011	1049	1095	1068	1034	1052	995	1038	1580	716	716	670	686	677	649	668	645	662	684	668	665	724	673	663	669	656	659	646	672	663	669	683	678	699	672	671
12:50:26	37.0	1221	1209	1149	1009	906	804	776	730	701	698	709	675	1312	1211	1176	994	936	834	766	731	688	683	676	689	961	999	980	992	1016	1045	1022	1027	1010	1030	1310	700	1040	1076	1020	1065	1082	1085	1053	1060	1018	1050	1577	738	713	680	685	673	646	648	668	654	685	658	658	698	652	667	659	690	665	664	679	661	663	679	679	697	661	663
12:54:26	37.0	1225	1210	1149	1037	900	799	776	719	693	693	683	698	1315	1223	1176	996	936	833	781	740	697	678	678	692	971	997	992	973	1017	1052	1012	1079	1035	1020	1288	710	1048	1079	1022	1064	1083	1065	1068	1056	1007	1048	1587	733	702	675	686	666	646	673	658	639	659	668	657	682	665	670	654	666	648	660	675	665	662	668	684	692	654	661
12:58:26	37.1	1221	1201	1150	1032	914	806	772	744	688	690	702	699	1313	1212	1194	1005	933	844	768	740	689	714	663	689	959	997	1008	1017	1025	1037	1033	1084	1021	1035	1299	704	1051	1087	1038	1072	1118	1071	1063	1090	1040	1060	1612	735	720	687	697	679	652	663	658	642	662	648	638	686	661	685	651	669	659	672	670	673	685	678	689	694	674	662
13:02:26	37.0	1201	1216	1134	1026	903	781	766	733	687	685	696	707	1299	1239	1181	975	923	825	778	748	686	686	673	702	966	1001	1003	996	1026	1051	1029	1080	1021	1034	1305	697	1030	1092	1035	1068	1107	1089	1039	1072	1039	1066	1631	749	711	678	678	676	644	642	655	641	658	678	651	704	678	671	670	666	677	656	672	672	673	687	677	713	658	647
13:06:26	37.0	1237	1232	1135	1005	913	809	766	732	702	685	703	692	1303	1238	1182	1003	932	816	761	742	705	687	677	716	963	1019	1023	1008	1007	1064	1015	1093	1027	1048	1324	699	1050	1108	1036	1088	1122	1101	1073	1096	1032	1065	1624	746	733	672	699	681	659	667	650	647	662	676	656	686	672	657	654	663	642	668	660	661	662	674	689	706	658	651
13:10:26	37.0	1220	1227	1148	1024	905	806	789	715	695	706	699	702	1311	1241	1204	1004	929	843	764	733	705	691	670	691	971	1013	1014	1013	1025	1072	1034	1081	1039	1062	1309	698	1059	1119	1052	1085	1106	1119	1075	1089	1037	1093	1682	751	717	699	699	669	661	651	646	658	668	650	650	697	667	662	672	678	653	660	650	677	673	671	667	698	668	653
13:14:26	37.1	1239	1236	1171	1025	929	809	769	742	710	696	703	687	1319	1238	1188	1008	925	851	795	741	721	688	670	702	961	1032	1009	1021	1020	1075	1045	1084	1037	1055	1336	710	1061	1111	1057	1078	1136	1113	1103	1095	1017	1065	1646	751	720	685	689	660	652	658	643	645	677	654	658	705	654	666	658	672	661	656	674	663	678	668	671	693	651	660
13:18:26	37.0	1251	1224	1158	1030	908	812	765	722	705	683	718	698	1336	1219	1193	1006	915	841	786	733	711	698	680	692	985	1032	1022	1030	1036	1080	1036	1101	1045	1060	1347	703	1068	1131	1066	1104	1134	1144	1108	1111	1037	1092	1701	760	710	687	685	686	657	650	651	670	665	686	665	693	671	657	667	661	674	678	670	671	684	665	681	690	663	652
13:22:26	37.1	1257	1216	1146	1022	925	815	768	743	700	686	701	688	1336	1245	1195	1002	930	838	781	733	714	687	668	693	988	1043	1010	1033	1072	1091	1043	1096	1040	1084	1353	692	1071	1128	1069	1089	1132	1128	1110	1114	1056	1092	1713	749	705	680	694	672	647	647	653	655	662	666	653	691	654	658	667	668	662	671	669	671	663	669	684	699	658	671
13:26:26	37.0	1229	1236	1162	1023	910	823	756	732	704	681	693	695	1304	1233	1199	1010	928	832	791	743	701	691	665	701	990	1031	1025	1028	1051	1086	1057	1132	1063	1069	1334	693	1097	1129	1056	1099	1125	1120	1095	1117	1041	1099	1718	735	715	680	699	676	643	667	647	642	670	665	652	682	673	674	657	658	671	657	672	669	664	680	682	707	653	662
13:30:26	37.0	1251	1247	1153	1036	910	808	777	733	698	667	685	680	1345	1245	1211	1029	946	851	774	725	718	704	661	705	972	1043	1038	1031	1058	1092	1063	1107	1064	1099	1362	699	1091	1145	1076	1112	1149	1132	1114	1119	1053	1093	1770	757	725	670	700	677	647	664	642	647	671	663	657	710	650	678	664	675	666	667	680	670	675	681	682	705	650	655
13:34:26	37.1	1249	1257	1155	1022	927	802	768	735	675	695	704	697	1352	1252	1227	1017	935	836	782	755	705	690	655	704	999	1064	1023	1047	1064	1082	1069	1112	1062	1066	1360	693	1062	1120	1059	1109	1145	1143	1100	1115	1043	1105	1769	733	703	679	688	674	629	656	659	639	667	660	647	698	660	667	658	673	649	655	670	664	670	669	676	714	657	639
13:38:26	37.1	1241	1248	1140	1024	918	827	778	734	701	681	690	691	1329	1251	1213	1002	950	835	788	743	705	705	674	699	996	1061	1057	1038	1055	1121	1057	1117	1080	1066	1367	696	1087	1140	1077	1127	1154	1144	1121	1138	1077	1103	1806	764	723	674	708	685	646	669	656	661	672	685	661	675	655	690	676	689	669	667	674	676	679	674	674	706	650	669
13:42:26	37.1	1257	1256	1167	1035	909	819	789	722	683	694	696	684	1356	1242	1242	1014	925	846	792	736	711	696	663	708	999	1069	1054	1051	1069	1100	1078	1129	1079	1099	1375	704	1105	1152	1101	1141	1182	1157	1123	1139	1071	1114	1815	747	709	680	695	678	649	658	651	654	675	669	669	694	668	671	675	654	661	656	654	678	663	676	689	717	661	642
13:46:26	37.0	1268	1246	1170	1025	917	821	788	733	714	711	706	685	1345	1257	1215	999	930	861	806	744	711	702	673	709	1018	1068	1062	1057	1067	1093	1093	1152	1086	1109	1399	696	1112	1160	1081	1150	1164	1144	1146	1148	1076	1132	1822	759	718	688	685	691	666	654	655	648	649	674	658	688	657	670	676	674	664	681	678	656	684	671	674	699	657	665
13:50:26	37.1	1251	1244	1175	1027	950	818	776	732	708	689	707	690	1327	1266	1214	1017	944	828	776	731	710	674	667	696	1009	1069	1052	1055	1076	1111	1086	1140	1083	1091	1387	697	1095	1172	1096	1156	1166	1164	1122	1141	1077	1147	1831	753	709	677	682	665	656	648	669	657	672	664	650	689	666	674	669	670	675	669	667	675	684	666	685	696	647	676
13:54:26	37.0	1255	1264	1175	1047	918	833	779	727	706	699	703	688	1349	1250	1197	1021	941	855	792	754	709	693	653	709	1019	1057	1044	1065	1086	1118	1107	1138	1091	1092	1407	683	1106	1159	1095	1148	1184	1172	1130	1142	1064	1130	1858	752	703	670	689	666	640	662	654	651	675	673	643	694	674	665	649	673	663	659	664	662	671	672	686	696	661	648
13:58:26	37.0	1249	1236	1169	1039	937	822	768	719	699	689	695	677	1352	1267	1213	1012	961	852	790	740	702	701	684	701	1034	1072	1051	1074	1081	1115	1088	1132	1095	1104	1418	698	1092	1180	1118	1151	1170	1166	1155	1139	1075	1131	1853	767	716	687	691	685	637	659	657	650	665	667	645	678	660	679	664	653	674	672	688	677	657	667	677	695	654	653
14:02:26	37.1	1272	1266	1161	1033	926	808	775	745	702	686	708	680	1341	1271	1218	1008	943	848	795	742	695	686	683	701	1028	1084	1059	1068	1080	1125	1128	1152	1103	1129	1421	697	1137	1178	1101	1147	1192	1184	1144	1156	1088	1152	1910	749	714	688	681	672	655	653	647	654	665	674	644	698	653	665	667	667	666	669	665	676	681	681	682	710	653	662
14:06:26	37.0	1250	1277	1159	1039	929	818	773	739	685	688	688	686	1364	1256	1222	1010	945	855	781	741	717	690	665	702	1023	1085	1091	1058	1106	1142	1091	1171	1127	1136	1411	707	1123	1198	1128	1171	1200	1182	1155	1188	1104	1153	1945	761	720	675	702	675	655	663	669	644	669	654	652	688	657	680	680	659	673	686	661	670	661	672	666	703	650	661
14:10:26	37.1	1254	1259	1190	1032	941	822	787	727	695	690	715	695	1387	1302	1226	1018	969	844	794	747	706	701	674	702	1037	1093	1069	1085	1117	1151	1103	1177	1113	1116	1458	684	1132	1182	1126	1164	1197	1186	1169	1176	1106	1160	1944	764	721	680	694	683	641	664	655	648	677	669	654	695	663	686	676	660	680	654	676	695	675	687	674	712	664	639
14:14:26	37.1	1261	1286	1176	1029	916	831	783	753	702	688	710	690	1370	1278	1247	1025	962	822	811	747	709	707	677	702	1046	1086	1099	1098	1104	1141	1133	1169	1128	1149	1434	707	1143	1194	1122	1173	1192	1181	1164	1176	1107	1166	2007	756	734	689	690	678	654	670	673	642	673	674	666	697	650	693	677	678	665	686	683	677	681	682	686	705	664	659
14:18:26	37.1	1261	1278	1199	1044	942	838	773	746	721	699	706	684	1383	1283	1234	1028	952	847	795	769	707	721	674	702	1049	1106	1084	1087	1116	1152	1111	1179	1128	1148	1460	702	1146	1206	1146	1190	1211	1226	1172	1180	1096	1162	2017	773	729	685	671	665	643	656	667	659	685	670	667	709	681	684	678	674	673	672	667	681	683	686	682	712	653	670
14:22:26	37.1	1268	1294	1180	1042	936	834	772	732	711	694	713	695	1393	1277	1224	1022	958	841	808	741	716	694	680	689	1051	1106	1105	1098	1120	1158	1133	1178	1138	1140	1466	708	1144	1211	1161	1173	1219	1206	1177	1199	1136	1180	2012	764	723	704	688	668	642	654	651	653	682	658	649	711	661	684	664	679	675	679	680	664	676	677	677	708	639	657
14:26:26	37.0	1248	1289	1181	1048	945	821	779	721	717	699	699	686	1405	1267	1239	1046	951	851	821	740	700	704	685	713	1063	1113	1101	1101	1125	1171	1121	1178	1130	1145	1487	697	1135	1211	1162	1197	1227	1217	1191	1215	1128	1178	2058	760	724	701	708	671	644	663	665	653	674	665	655	718	680	689	672	674	672	686	689	674	674	682	677	705	649	654
14:30:26	37.1	1258	1285	1185	1022	947	827	785	736	710	689	700	693	1397	1289	1222	1017	978	840	812	760	701	694	677	688	1046	1137	1111	1092	1144	1166	1155	1174	1145	1158	1486	705	1154	1228	1150	1198	1212	1219	1206	1223	1135	1186	2069	748	721	699	691	663	644	681	652	643	686	668	659	704	654	664	673	667	669	679	700	657	685	680	695	708	646	667
14:34:26	37.0	1296	1272	1191	1045	956	818	794	731	716	696	704	701	1384	1291	1228	1022	966	852	818	751	688	687	678	706	1074	1135	1106	1113	1154	1174	1156	1199	1152	1162	1497	702	1164	1243	1144	1207	1224	1248	1209	1207	1136	1186	2096	755	726	688	690	667	651	668	657	647	679	659	644	692	659	686	673	676	676	666	658	663	673	671	672	697	644	648
14:38:26	37.1	1282	1288	1178	1052	953	840	791	750	718	695	699	707	1385	1278	1221	1015	975	861	794	765	708	704	676	706	1076	1133	1109	1121	1144	1181	1138	1183	1168	1189	1487	705	1163	1218	1146	1221	1243	1246	1185	1216	1140	1199	2140	778	719	697	693	675	647	688	651	652	678	673	659	699	664	678	679	673	677	658	690	685	678	690	699	720	646	655
14:42:26	37.1	1277	1287	1196	1037	966	807	784	734	708	693	707	684	1403	1281	1228	1036	966	860	795	756	724	690	662	706	1079	1139	1134	1119	1161	1202	1166	1221	1148	1195	1506	716	1171	1220	1160	1214	1247	1225	1196	1198	1154	1201	2137	741	733	695	698	677	671	671	667	651	694	663	662	704	668	688	660	676	691	689	692	677	682	692	692	718	650	645
14:46:26	37.1	1276	1287	1195	1030	952	819	783	734	701	688	707	711	1392	1282	1240	1022	957	840	805	764	722	685	679	706	1089	1160	1112	1126	1152	1204	1153	1232	1174	1198	1515	700	1167	1258	1187	1232	1230	1232	1203	1224	1149	1199	2175	752	721	693	701	671	659	672	667	657	690	668	669	716	668	666	670	691	663	668	679	672	687	672	686	683	646	678
14:50:26	37.1	1295	1297	1191	1039	941	822	783	739	716	706	701	694	1395	1280	1243	1033	959	846	785	766	719	698	684	702	1095	1146	1138	1131	1181	1203	1175	1227	1181	1166	1516	696	1187	1271	1158	1217	1262	1251	1227	1223	1157	1192	2192	768	725	680	709	681	655	659	658	629	673	671	652	717	669	676	664	670	674	689	666	674	671	673	686	709	638	655
14:54:26	37.1	1287	1302	1205	1050	964	833	787	738	719	693	711	705	1402	1307	1262	1035	951	870	805	755	716	710	682	704	1112	1168	1147	1134	1168	1210	1192	1251	1189	1213	1536	715	1175	1271	1187	1218	1252	1254	1231	1209	1174	1204	2218	773	730	680	712	670	658	656	661	649	685	665	644	719	673	664	680	679	667	680	686	680	688	693	695	707	651	632
14:58:26	37.0	1266	1306	1205	1058	985	826	796	740	701	708	712	720	1397	1295	1234	1034	964	857	802	783	713	702	674	708	1107	1175	1153	1145	1188	1225	1197	1244	1197	1190	1549	722	1190	1261	1184	1233	1272	1260	1239	1227	1159	1235	2274	749	741	685	698	674	664	676	664	643	678	676	662	697	661	659	664	671	686	674	687	674	688	680	694	704	656	654
15:02:26	37.1	1297	1328	1202	1059	956	832	784	735	732	710	711	701	1416	1320	1233	1036	971	867	801	741	717	714	687	728	1096	1180	1167	1155	1179	1221	1200	1242	1197	1205	1553	715	1207	1271	1197	1219	1275	1264	1249	1247	1183	1229	2241	774	730	680	705	686	648	655	649	642	688	674	664	700	680	667	683	678	674	676	689	674	679	680	673	714	647	647
15:06:26	37.1	1288	1320	1201	1054	959	838	790	749	723	706	714	685	1409	1308	1256	1046	956	856	807	742	712	677	684	705	1126	1176	1150	1151	1191	1227	1201	1246	1209	1218	1577	697	1197	1276	1205	1226	1278	1276	1228	1243	1186	1247	2280	766	727	685	694	674	658	668	659	651	671	672	662	703	665	665	676	673	705	682	685	673	683	685	672	716	653	674
15:10:26	37.0	1295	1309	1223	1063	970	841	802	757	715	698	721	704	1409	1306	1252	1045	985	868	811	768	714	700	695	719	1129	1185	1158	1188	1197	1260	1214	1265	1208	1229	1554	697	1204	1289	1197	1265	1291	1283	1242	1245	1194	1218	2281	755	724	678	686	689	651	650	653	657	681	673	668	701	682	691	675	695	676	673	694	694	687	690	710	711	666	658
15:14:26	37.1	1294	1296	1218	1066	977	840	792	743	724	704	706	687	1418	1307	1257	1051	950	838	791	764	708	687	686	690	1115	1190	1177	1167	1211	1251	1225	1259	1215	1226	1591	706	1212	1276	1202	1239	1275	1267	1263	1262	1187	1251	2272	773	723	693	690	686	663	674	656	656	664	683	660	700	666	685	679	670	685	681	686	690	683	664	672	713	647	656
15:18:26	37.0	1282	1296	1199	1057	971	832	810	748	735	707	712	691	1411	1300	1256	1043	972	869	812	786	727	714	693	709	1123	1184	1183	1185	1200	1245	1243	1262	1253	1244	1562	703	1216	1278	1222	1265	1302	1298	1266	1267	1205	1255	2330	778	739	691	692	687	661	671	674	661	687	682	653	713	680	679	691	692	682	673	681	693	690	670	698	716	655	656
15:22:26	37.1	1301	1304	1205	1067	969	840	789	754	700	702	719	707	1411	1316	1232	1057	966	864	815	775	712	706	694	713	1142	1200	1194	1179	1219	1252	1236	1285	1249	1254	1587	703	1242	1290	1228	1283	1319	1292	1264	1282	1192	1241	2340	760	735	679	709	691	674	660	671	646	696	681	669	711	675	660	679	676	693	675	684	682	685	696	704	721	664	664
15:26:26	37.1	1308	1314	1213	1060	951	849	794	746	716	718	716	690	1417	1318	1276	1057	971	858	810	783	715	704	698	705	1143	1210	1186	1168	1236	1271	1231	1311	1246	1262	1603	712	1226	1281	1232	1288	1297	1326	1269	1300	1225	1273	2385	773	735	694	690	665	662	677	679	653	682	685	666	714	671	680	688	687	688	686	673	688	699	677	690	718	649	663
15:30:26	37.1	1319	1337	1226	1079	954	840	802	757	710	714	727	711	1420	1320	1266	1053	962	869	806	774	708	708	681	715	1140	1220	1205	1195	1200	1296	1249	1306	1248	1254	1616	714	1231	1322	1210	1281	1298	1321	1289	1303	1228	1243	2374	774	741	697	709	688	650	667	668	644	687	674	680	703	673	681	672	685	710	701	674	691	686	671	680	701	673	653
15:34:26	37.1	1283	1330	1197	1065	962	851	793	761	724	701	724	704	1435	1337	1264	1050	972	865	805	778	724	704	705	699	1153	1222	1207	1190	1210	1291	1221	1299	1256	1236	1610	710	1238	1322	1247	1300	1318	1313	1289	1308	1229	1294	2383	765	738	684	692	670	672	670	680	642	687	674	660	695	688	683	669	684	691	691	704	688	694	673	701	710	665	645
15:38:26	37.0	1325	1318	1206	1069	976	826	792	746	728	714	719	687	1434	1335	1252	1066	989	870	814	781	731	709	690	713	1171	1240	1228	1215	1238	1279	1235	1302	1274	1278	1602	723	1252	1327	1241	1275	1323	1330	1290	1310	1234	1288	2398	778	745	681	707	681	657	674	667	651	680	685	658	705	677	690	670	675	684	685	682	693	679	689	704	722	654	661
15:42:26	37.1	1305	1338	1213	1068	973	847	802	760	725	721	731	686	1440	1325	1267	1058	975	872	807	802	728	713	705	719	1157	1228	1221	1229	1229	1296	1255	1309	1269	1280	1635	717	1244	1337	1235	1308	1327	1346	1290	1311	1237	1276	2420	772	729	687	681	687	663	668	674	674	686	699	666	723	667	676	679	681	701	690	702	710	687	691	713	717	649	645
15:46:26	37.0	1296	1345	1207	1074	962	837	782	749	722	683	723	705	1433	1335	1255	1038	980	873	818	772	719	692	706	729	1184	1244	1232	1230	1258	1295	1273	1331	1291	1284	1620	710	1246	1363	1247	1278	1333	1313	1308	1318	1223	1293	2439	760	735	686	703	685	665	668	676	670	677	689	676	712	675	683	664	684	694	679	700	690	679	690	685	716	661	649
15:50:26	37.0	1323	1338	1226	1072	970	850	805	748	717	702	724	716	1424	1351	1270	1075	959	871	826	789	703	709	692	716	1166	1224	1225	1230	1239	1300	1282	1333	1287	1304	1655	710	1260	1342	1258	1301	1345	1329	1321	1317	1260	1309	2440	784	733	701	707	696	658	675	674	650	698	679	657	722	685	681	676	687	679	688	686	698	688	696	688	720	647	658
15:54:26	37.1	1307	1327	1234	1053	969	843	784	763	712	703	716	693	1416	1323	1267	1053	985	881	822	800	721	699	681	698	1175	1272	1228	1254	1272	1291	1281	1330	1297	1302	1631	697	1251	1344	1247	1289	1348	1330	1306	1336	1252	1296	2464	786	739	689	707	692	667	670	660	664	679	681	667	709	657	701	672	692	694	685	686	674	703	699	701	715	645	658
15:58:26	37.0	1306	1334	1222	1068	980	847	793	755	705	717	724	700	1428	1360	1264	1068	988	867	829	770	706	696	692	724	1174	1250	1244	1233	1274	1326	1266	1345	1288	1292	1646	707	1245	1350	1271	1318	1346	1358	1306	1329	1267	1315	2465	779	727	680	706	689	667	679	654	651	683	683	666	711	689	703	688	684	673	673	683	696	697	698	685	712	667	659
16:02:26	37.1	1305	1330	1215	1057	958	840	800	753	712	710	706	703	1441	1343	1280	1066	967	857	803	772	726	689	680	698	1190	1250	1253	1251	1256	1306	1268	1334	1307	1306	1662	705	1294	1362	1262	1316	1371	1340	1310	1332	1262	1322	2483	773	735	702	687	680	673	680	670	657	674	695	660	718	665	682	672	687	697	677	688	683	692	686	695	698	642	655
16:06:26	37.0	1296	1355	1236	1079	963	842	806	750	727	708	721	697	1440	1342	1269	1068	978	862	805	783	721	702	693	710	1186	1265	1261	1255	1277	1321	1305	1357	1292	1304	1677	712	1276	1387	1263	1310	1387	1353	1310	1336	1249	1330	2531	783	740	675	701	704	661	672	667	665	687	680	669	722	675	688	680	679	699	689	705	683	713	690	702	702	670	663
16:10:26	37.1	1311	1346	1223	1060	989	832	808	752	732	718	708	702	1419	1344	1261	1057	988	873	815	769	734	720	682	719	1178	1264	1263	1244	1297	1329	1298	1376	1301	1302	1679	691	1287	1374	1274	1322	1385	1352	1321	1353	1278	1335	2574	784	731	687	703	683	659	667	667	669	675	697	654	714	670	684	674	690	699	680	701	691	704	685	708	709	664	662
16:14:26	37.1	1304	1333	1227	1058	958	832	795	758	724	705	719	701	1440	1357	1275	1054	1000	868	827	762	730	710	704	705	1201	1283	1279	1242	1273	1331	1301	1373	1296	1335	1694	705	1282	1369	1280	1353	1381	1379	1329	1360	1312	1323	2568	796	732	690	701	683	660	661	666	658	694	698	668	702	687	692	680	689	682	693	698	695	701	689	691	719	648	656
16:18:26	37.1	1306	1345	1220	1083	973	860	796	768	716	710	721	702	1452	1318	1285	1063	979	870	831	784	738	710	704	725	1192	1282	1271	1275	1280	1348	1308	1366	1325	1308	1701	707	1299	1371	1290	1352	1399	1368	1336	1341	1298	1340	2587	786	731	707	701	684	653	665	667	649	689	687	664	702	685	690	701	704	700	685	703	687	695	692	703	724	671	662
16:22:26	37.1	1328	1352	1222	1084	987	873	800	753	720	717	706	709	1431	1331	1278	1071	979	881	820	795	723	715	695	707	1211	1282	1300	1255	1278	1371	1320	1371	1323	1349	1667	698	1305	1373	1319	1348	1400	1361	1342	1359	1302	1336	2560	785	743	686	704	685	661	660	660	656	706	695	681	702	678	690	678	684	696	688	705	688	692	692	718	721	669	659
16:26:26	37.0	1324	1359	1225	1062	997	845	799	761	735	718	729	691	1454	1366	1264	1061	972	890	817	786	725	713	685	708	1207	1293	1277	1254	1294	1347	1313	1396	1330	1331	1714	698	1300	1402	1311	1344	1412	1374	1370	1389	1300	1341	2551	780	733	705	701	682	664	665	659	659	673	696	655	724	672	689	686	688	693	686	707	689	686	693	687	724	659	649
16:30:26	37.1	1304	1337	1239	1090	983	857	798	749	728	689	723	698	1464	1325	1276	1058	970	884	818	788	719	708	683	721	1213	1314	1296	1282	1291	1363	1330	1385	1337	1359	1719	719	1291	1399	1309	1353	1400	1402	1349	1363	1315	1346	2647	782	730	691	708	673	666	666	659	651	687	690	661	707	690	687	687	689	697	698	717	687	701	698	701	698	663	661
16:34:26	37.1	1334	1370	1238	1064	985	873	816	753	737	719	712	691	1446	1345	1281	1044	980	878	820	777	734	718	680	716	1223	1303	1307	1278	1297	1366	1322	1387	1338	1353	1714	705	1306	1408	1319	1378	1436	1397	1345	1367	1287	1356	2622	789	738	695	707	694	679	678	662	652	699	690	658	732	681	698	684	689	703	700	690	699	692	702	698	730	677	656
16:38:26	37.1	1317	1335	1250	1079	991	860	800	772	725	713	720	702	1454	1354	1279	1052	968	878	806	779	727	716	682	716	1229	1315	1279	1268	1311	1367	1346	1402	1361	1374	1724	707	1311	1411	1317	1349	1427	1403	1358	1368	1309	1365	2625	761	745	698	709	691	662	674	664	653	686	673	668	712	681	693	703	698	702	678	697	697	705	685	696	722	666	673
16:42:26	37.1	1331	1360	1246	1101	1001	865	802	770	717	715	719	702	1458	1343	1286	1050	986	884	826	780	721	699	695	712	1245	1326	1317	1296	1316	1389	1327	1407	1353	1391	1740	717	1303	1404	1314	1369	1446	1414	1362	1385	1302	1360	2648	789	752	683	719	686	669	669	655	645	709	691	659	714	680	703	682	691	708	679	680	700	701	690	704	719	656	650
16:46:26	37.1	1330	1365	1252	1079	987	856	821	753	719	720	726	719	1441	1336	1286	1048	993	888	819	790	732	713	701	718	1237	1306	1307	1322	1328	1358	1337	1415	1345	1375	1737	717	1320	1431	1319	1391	1444	1428	1372	1368	1306	1383	2640	787	749	690	717	684	669	682	653	659	686	689	657	685	676	685	693	683	696	688	711	688	684	684	714	724	658	657
16:50:26	37.1	1330	1351	1253	1085	1005	865	815	769	747	718	741	700	1452	1371	1283	1077	994	885	821	800	746	719	694	714	1229	1354	1306	1301	1349	1382	1334	1424	1368	1367	1745	725	1340	1437	1333	1384	1428	1419	1386	1402	1323	1363	2652	785	752	703	697	676	681	669	667	656	728	685	677	723	678	702	689	709	705	701	690	694	699	709	709	704	656	665
16:54:26	37.0	1322	1354	1234	1073	987	885	836	761	725	719	726	715	1465	1355	1306	1060	992	872	831	787	739	732	710	720	1249	1336	1301	1306	1326	1390	1346	1413	1375	1391	1783	712	1315	1447	1339	1379	1467	1417	1367	1408	1322	1403	2633	806	738	696	712	678	664	676	684	661	685	696	672	704	686	703	682	703	691	712	706	698	696	688	704	713	672	648
16:58:26	37.1	1331	1367	1244	1079	1009	876	811	763	733	723	733	705	1461	1343	1290	1061	988	901	832	796	731	724	696	716	1282	1353	1343	1298	1364	1396	1356	1396	1379	1370	1737	709	1351	1436	1348	1389	1470	1426	1396	1410	1349	1387	2645	794	734	688	700	690	663	675	671	665	695	702	675	708	673	690	710	695	692	694	699	699	698	690	712	698	663	659
17:02:26	37.0	1320	1374	1231	1085	1003	868	820	758	739	721	729	715	1461	1348	1292	1081	978	882	834	793	726	713	689	720	1252	1344	1324	1323	1315	1399	1357	1444	1389	1394	1773	718	1346	1436	1360	1400	1491	1424	1394	1417	1344	1390	2669	804	755	711	702	692	664	666	672	668	689	702	665	693	690	700	708	698	704	694	704	704	703	688	705	733	650	649
17:06:26	37.1	1337	1362	1264	1115	1011	865	807	762	746	713	736	714	1468	1377	1286	1090	995	897	840	790	730	720	710	717	1267	1351	1311	1308	1333	1416	1365	1410	1390	1400	1805	715	1354	1437	1366	1411	1463	1426	1413	1419	1350	1401	2701	782	748	692	717	696	657	673	659	652	707	700	671	722	695	701	684	698	716	704	710	695	702	698	712	737	653	655
17:10:26	37.0	1335	1346	1244	1078	982	861	804	743	712	698	715	705	1444	1363	1270	1044	989	883	811	792	722	723	685	721	1263	1349	1324	1337	1326	1423	1389	1422	1390	1414	1773	708	1361	1451	1355	1396	1459	1447	1419	1424	1355	1392	2682	781	744	691	696	685	661	682	658	657	684	695	678	715	692	708	681	711	702	703	715	709	687	696	696	704	654	663
17:14:26	37.1	1334	1357	1243	1085	1005	849	816	769	740	715	724	683	1464	1359	1300	1081	991	887	837	795	726	732	690	722	1248	1345	1325	1307	1344	1433	1362	1443	1409	1397	1756	705	1356	1456	1375	1406	1475	1429	1391	1437	1366	1417	2695	785	759	717	697	676	657	668	667	676	700	703	661	711	663	691	677	702	695	694	719	708	705	703	695	727	661	647
17:18:26	37.1	1352	1358	1242	1085	1004	845	815	768	736	711	729	707	1455	1352	1293	1061	1001	883	822	798	740	732	688	721	1265	1364	1330	1350	1344	1409	1371	1432	1414	1407	1797	719	1352	1453	1360	1425	1472	1458	1416	1444	1376	1390	2679	793	740	694	703	680	659	676	678	655	694	691	663	724	671	683	694	703	690	697	710	697	683	683	706	727	665	665
17:22:26	37.0	1342	1364	1250	1077	986	852	815	765	722	709	730	714	1460	1377	1272	1074	996	889	823	763	730	708	702	707	1281	1376	1355	1327	1352	1432	1363	1446	1421	1421	1783	718	1372	1461	1352	1388	1501	1473	1401	1423	1361	1400	2695	796	755	718	717	699	670	665	679	661	695	702	657	723	690	695	699	690	697	690	702	695	713	699	718	714	662	648
17:26:26	37.0	1341	1391	1272	1091	1021	872	807	773	739	722	716	711	1485	1360	1285	1091	1005	888	847	771	743	719	698	733	1285	1389	1336	1334	1363	1446	1402	1468	1419	1443	1840	721	1364	1469	1365	1438	1525	1483	1443	1469	1378	1437	2733	802	747	709	708	696	663	677	664	658	700	696	673	714	703	714	699	701	710	698	712	694	689	689	712	724	669	642
17:30:26	37.0	1319	1376	1249	1085	1015	858	812	769	715	712	733	703	1498	1371	1291	1071	989	866	841	784	730	719	696	722	1270	1398	1350	1323	1378	1447	1377	1451	1416	1428	1806	710	1389	1479	1377	1445	1514	1468	1427	1450	1375	1413	2739	799	755	704	691	679	666	672	663	657	702	691	667	716	677	697	689	700	708	685	708	693	701	703	708	727	657	648
17:34:26	37.1	1361	1384	1273	1096	1011	861	831	768	730	711	737	712	1463	1373	1277	1072	1009	886	832	795	733	723	694	713	1287	1409	1374	1375	1355	1457	1408	1459	1410	1429	1825	729	1384	1494	1389	1465	1532	1476	1456	1471	1358	1420	2720	800	751	697	701	709	676	668	679	669	695	709	672	733	678	692	699	703	711	718	708	702	706	692	727	737	663	663
17:38:26	37.1	1359	1375	1264	1076	1003	873	822	758	731	690	740	707	1486	1376	1295	1087	998	883	841	786	710	720	699	747	1299	1393	1340	1360	1381	1455	1426	1466	1444	1446	1838	714	1399	1515	1371	1459	1508	1474	1436	1463	1368	1435	2727	794	767	704	714	688	669	683	668	675	703	702	672	713	694	711	688	714	699	707	711	707	703	710	711	724	658	643
17:42:26	37.1	1362	1375	1258	1082	1007	847	815	761	730	704	739	704	1488	1382	1301	1066	1012	887	830	791	737	721	718	715	1306	1407	1377	1343	1376	1459	1389	1469	1426	1459	1828	711	1417	1522	1399	1463	1538	1498	1467	1476	1393	1455	2777	808	754	709	703	693	673	687	673	655	696	697	668	712	682	712	687	701	718	689	718	712	708	713	722	711	662	648
17:46:26	37.1	1353	1401	1259	1091	1008	865	811	760	739	710	747	721	1476	1361	1266	1080	1002	899	827	774	707	719	702	720	1302	1399	1371	1365	1388	1448	1375	1463	1455	1452	1841	715	1401	1501	1396	1457	1557	1499	1476	1458	1376	1447	2743	795	749	717	714	701	677	679	671	663	707	701	689	722	674	701	688	716	711	706	713	700	712	702	727	724	661	642
17:50:26	37.1	1344	1365	1242	1093	1014	845	820	762	750	714	733	712	1496	1361	1320	1084	989	885	838	802	736	728	693	723	1294	1423	1368	1380	1399	1452	1405	1468	1430	1455	1840	709	1401	1519	1377	1462	1553	1500	1458	1486	1383	1438	2778	804	761	703	704	685	657	657	678	661	716	687	669	718	682	701	691	699	702	691	725	725	697	683	712	725	663	661
17:54:26	37.1	1344	1400	1240	1083	1003	866	825	770	720	719	743	714	1479	1382	1302	1065	1002	877	817	792	737	735	688	709	1286	1390	1371	1360	1405	1497	1421	1474	1437	1458	1838	711	1433	1516	1404	1469	1544	1525	1453	1488	1417	1465	2778	823	757	712	703	697	664	671	677	655	686	694	659	727	691	699	696	707	699	706	724	692	711	698	727	713	661	655
17:58:26	37.1	1340	1377	1259	1085	1018	859	812	770	734	705	741	702	1474	1362	1306	1081	1022	896	833	810	738	735	698	715	1303	1386	1402	1392	1413	1485	1406	1478	1437	1470	1844	706	1413	1534	1418	1484	1574	1516	1460	1487	1408	1457	2790	793	743	708	717	685	665	683	677	658	709	712	674	701	687	695	701	704	705	692	714	714	702	693	713	708	664	663
18:02:26	37.0	1335	1385	1273	1111	1014	859	819	770	740	717	734	695	1480	1375	1305	1079	1009	898	844	799	723	721	701	718	1322	1416	1369	1393	1419	1472	1432	1476	1428	1489	1841	704	1424	1540	1423	1486	1573	1532	1509	1498	1427	1450	2765	814	751	700	719	702	666	679	683	668	700	694	668	717	701	696	700	716	714	706	724	717	720	692	713	716	660	658
18:06:26	37.1	1355	1403	1250	1100	1006	864	812	783	730	712	745	723	1482	1376	1286	1086	1004	901	833	805	736	727	706	726	1304	1402	1380	1396	1414	1487	1436	1475	1446	1478	1871	717	1437	1540	1435	1481	1590	1522	1495	1526	1407	1482	2818	811	745	707	697	693	664	674	664	660	710	708	685	728	694	703	709	707	711	706	696	715	714	717	715	730	660	648
18:10:26	37.1	1353	1378	1260	1123	1022	871	830	772	740	704	728	714	1483	1359	1298	1086	1009	891	841	814	737	705	705	720	1311	1413	1389	1406	1418	1502	1416	1490	1440	1476	1846	703	1436	1555	1423	1495	1581	1534	1524	1526	1432	1462	2832	817	745	695	709	693	667	666	676	652	710	696	667	724	699	710	695	718	712	701	709	712	707	708	713	728	649	655
18:14:26	37.1	1372	1400	1264	1095	1006	857	830	770	745	720	729	718	1487	1356	1309	1075	987	900	825	798	735	732	713	730	1318	1423	1387	1400	1411	1509	1436	1468	1459	1485	1854	714	1452	1556	1440	1502	1583	1566	1511	1557	1417	1507	2853	807	742	709	720	692	658	680	677	664	712	700	685	701	688	693	705	695	705	729	711	707	712	701	699	718	660	649
18:18:26	37.1	1372	1401	1279	1085	1019	863	818	763	730	728	736	711	1509	1384	1326	1089	1016	883	853	800	752	731	709	720	1326	1430	1385	1423	1433	1510	1421	1506	1470	1506	1858	718	1445	1554	1439	1496	1597	1564	1515	1546	1434	1487	2828	815	751	719	715	695	669	679	666	669	721	698	664	716	697	705	691	708	705	719	711	688	710	710	710	746	654	660
18:22:26	37.1	1373	1405	1279	1090	1030	880	811	772	730	717	728	710	1489	1378	1300	1084	1000	907	847	821	729	734	725	712	1333	1437	1399	1426	1424	1497	1464	1524	1474	1496	1867	708	1451	1596	1459	1529	1599	1596	1516	1549	1437	1501	2820	815	751	707	721	675	667	694	667	660	702	706	677	712	703	711	688	715	724	722	715	694	713	707	707	723	662	650
18:26:26	37.0	1377	1402	1257	1086	1031	857	819	765	753	719	737	714	1508	1374	1294	1073	1008	890	841	823	732	728	696	711	1354	1442	1404	1434	1417	1540	1446	1534	1457	1513	1864	718	1468	1609	1429	1525	1627	1582	1533	1558	1420	1491	2866	824	747	715	696	683	681	693	675	672	698	695	678	713	699	696	715	708	705	711	715	718	712	704	735	721	656	656
18:30:26	37.0	1356	1399	1265	1089	1011	887	823	790	743	720	736	703	1484	1386	1297	1092	1008	903	844	814	750	715	697	716	1325	1458	1411	1441	1437	1538	1446	1537	1463	1503	1873	703	1467	1581	1423	1531	1651	1570	1544	1566	1428	1527	2875	829	766	696	712	695	672	677	666	656	698	701	673	721	701	708	703	707	711	710	725	723	714	708	719	723	648	665
18:34:26	37.1	1377	1372	1288	1108	1036	883	814	756	738	717	720	711	1498	1381	1317	1107	1012	892	842	806	724	716	694	727	1310	1444	1411	1409	1459	1536	1474	1554	1451	1499	1898	708	1471	1594	1419	1550	1638	1595	1563	1582	1447	1521	2852	815	760	707	720	685	657	680	673	660	703	702	666	726	687	695	701	707	715	707	734	713	719	698	706	729	651	652
18:38:26	37.0	1381	1403	1289	1127	1020	872	825	779	725	723	739	710	1506	1375	1310	1086	1032	908	840	794	734	727	700	726	1337	1447	1423	1425	1468	1539	1444	1533	1489	1508	1894	695	1483	1615	1423	1546	1642	1597	1553	1557	1426	1538	2864	822	765	707	701	686	670	675	677	655	721	706	667	714	686	713	687	713	706	717	724	710	704	706	709	726	665	656
18:42:26	37.1	1360	1398	1275	1117	1039	868	829	760	739	733	742	716	1488	1376	1303	1094	1009	896	840	806	766	731	713	740	1355	1474	1427	1453	1480	1552	1481	1532	1496	1519	1876	730	1502	1609	1455	1546	1664	1632	1562	1586	1468	1541	2884	813	751	714	720	690	668	691	685	667	718	706	670	724	706	689	719	716	722	733	726	714	714	697	718	728	655	662
18:46:26	37.1	1376	1391	1288	1126	1034	867	841	760	731	726	734	721	1523	1395	1336	1089	1021	896	845	808	733	719	710	723	1347	1479	1440	1429	1465	1556	1490	1559	1477	1535	1892	725	1517	1620	1444	1560	1665	1596	1560	1601	1451	1541	2917	829	744	711	721	699	667	700	689	662	711	720	674	729	683	708	707	715	712	724	739	712	719	714	722	726	653	669
18:50:26	37.0	1389	1387	1281	1124	1036	895	828	760	738	714	746	708	1517	1392	1310	1107	1029	912	856	810	742	732	704	725	1361	1478	1415	1453	1464	1552	1462	1546	1467	1514	1903	736	1506	1612	1442	1595	1680	1614	1582	1594	1490	1559	2882	811	755	709	715	706	676	689	676	664	712	721	674	729	699	714	697	716	716	727	709	730	714	714	726	716	662	645
18:54:26	37.1	1396	1402	1285	1124	1043	876	836	780	737	741	732	700	1502	1385	1307	1099	1011	907	851	803	732	726	697	727	1363	1451	1433	1441	1483	1571	1487	1553	1494	1526	1889	725	1532	1635	1433	1564	1684	1652	1561	1595	1462	1553	2870	813	765	705	705	702	667	681	674	654	712	690	672	722	694	717	704	709	717	728	731	712	726	718	722	744	640	647
18:58:26	37.1	1380	1400	1298	1131	1033	873	835	785	740	718	754	732	1514	1390	1306	1114	1034	908	851	817	750	718	715	717	1351	1484	1429	1464	1471	1576	1499	1583	1489	1541	1909	722	1525	1649	1477	1583	1706	1652	1576	1608	1476	1573	2941	852	760	707	712	687	687	687	672	669	732	730	682	707	701	706	704	732	723	728	716	715	720	700	720	729	653	658
19:02:26	37.1	1375	1414	1276	1124	1040	887	832	759	738	720	739	713	1508	1381	1330	1100	1023	916	855	823	728	729	712	723	1357	1457	1430	1453	1508	1557	1500	1569	1517	1566	1905	715	1519	1636	1446	1591	1720	1638	1603	1609	1478	1588	2898	829	773	711	729	698	642	695	663	654	713	722	672	729	702	715	713	706	733	731	722	709	712	722	730	726	665	646
19:06:26	37.0	1382	1405	1275	1134	1027	865	840	786	743	724	741	716	1509	1363	1316	1115	1026	898	846	813	734	744	717	733	1365	1484	1460	1463	1505	1607	1509	1605	1508	1564	1905	721	1522	1678	1458	1614	1700	1675	1568	1639	1470	1583	2902	810	767	717	710	706	671	710	672	678	727	714	679	728	685	711	709	716	713	716	725	712	719	710	711	733	654	640
19:10:26	37.1	1402	1430	1287	1121	1038	886	836	777	754	718	744	722	1526	1386	1321	1092	1018	901	845	827	740	731	711	731	1373	1504	1460	1452	1541	1606	1507	1599	1509	1539	1897	723	1544	1657	1500	1635	1725	1659	1613	1643	1519	1577	2953	829	772	719	723	693	681	689	674	684	716	720	679	722	686	719	704	734	724	726	719	727	721	721	738	743	643	662
19:14:26	37.1	1389	1402	1290	1123	1037	884	818	788	745	728	732	715	1525	1374	1319	1107	1034	907	842	809	754	734	718	719	1382	1477	1447	1474	1508	1604	1511	1609	1507	1556	1922	719	1565	1656	1466	1599	1719	1663	1640	1626	1490	1575	2954	821	765	712	716	687	672	680	678	674	722	713	668	741	692	732	714	704	716	727	720	715	712	713	730	737	646	662
19:18:26	37.1	1414	1422	1274	1128	1055	877	839	780	743	742	728	731	1527	1416	1336	1092	1031	911	858	842	751	740	719	727	1386	1481	1473	1474	1545	1611	1530	1599	1520	1545	1942	726	1555	1678	1468	1622	1747	1671	1631	1661	1487	1608	2936	837	776	704	727	704	672	674	680	678	711	722	674	733	689	724	705	724	723	753	731	726	722	747	736	723	656	639
19:22:26	37.0	1387	1420	1304	1129	1032	897	848	780	749	732	757	710	1520	1387	1315	1110	1028	899	836	809	738	727	714	744	1364	1484	1452	1482	1506	1639	1538	1603	1491	1576	1940	707	1587	1686	1502	1624	1739	1680	1639	1650	1517	1592	2969	835	755	712	730	696	683	677	658	680	712	723	674	707	693	711	693	734	722	726	737	746	714	712	720	738	661	649
19:26:26	37.1	1404	1413	1298	1148	1031	882	840	778	761	738	742	708	1526	1387	1322	1111	1017	914	848	842	759	745	712	735	1388	1519	1465	1486	1560	1637	1529	1615	1522	1568	1949	728	1582	1735	1501	1668	1747	1698	1653	1673	1503	1601	2969	842	764	724	720	712	671	699	676	663	728	726	670	750	708	724	695	738	726	727	738	730	722	730	733	742	661	664
19:30:26	37.1	1407	1406	1309	1113	1026	897	831	774	749	738	747	708	1540	1408	1288	1109	1029	908	859	819	745	733	715	716	1391	1532	1466	1486	1523	1655	1536	1621	1524	1577	1966	728	1585	1687	1493	1649	1767	1722	1649	1669	1515	1621	3001	862	755	718	719	710	687	700	672	679	723	728	683	713	695	725	702	722	742	732	737	725	724	730	719	724	652	656
19:34:26	37.0	1398	1419	1305	1129	1055	887	858	798	759	731	741	735	1538	1400	1315	1115	1045	905	863	814	740	750	709	716	1394	1511	1458	1511	1536	1646	1557	1632	1522	1562	1970	719	1598	1709	1466	1658	1764	1710	1662	1703	1537	1640	2983	831	763	716	727	694	670	687	678	661	728	701	680	716	712	715	714	729	736	735	728	751	705	706	734	733	661	661
19:38:26	37.1	1414	1423	1303	1141	1049	883	845	783	736	735	729	717	1525	1387	1349	1115	1049	900	843	835	757	734	702	726	1414	1518	1492	1508	1524	1654	1540	1648	1546	1596	1943	734	1619	1720	1524	1670	1778	1719	1664	1697	1531	1620	2983	846	774	709	713	710	667	689	687	652	717	714	673	723	719	714	692	727	736	735	744	738	721	725	744	757	655	653
19:42:26	37.0	1402	1435	1292	1152	1043	888	856	772	737	750	731	730	1518	1393	1324	1118	1038	910	844	831	739	750	712	723	1404	1536	1480	1489	1538	1665	1569	1625	1548	1610	1967	709	1597	1713	1523	1653	1763	1746	1680	1708	1575	1645	2985	821	765	726	701	699	670	676	693	676	726	704	676	732	714	732	713	724	734	730	729	727	717	738	728	746	665	653
19:46:26	37.1	1411	1405	1296	1143	1042	898	834	796	757	730	746	713	1535	1400	1350	1118	1017	923	846	828	754	732	706	714	1428	1547	1500	1506	1560	1666	1586	1638	1547	1590	1969	721	1600	1741	1547	1672	1793	1726	1680	1736	1539	1657	2993	847	759	728	710	691	677	690	675	669	725	716	669	723	707	724	713	735	720	753	722	730	747	723	741	743	643	663
19:50:26	37.0	1416	1417	1307	1148	1052	881	846	790	765	723	726	726	1535	1420	1353	1107	1043	919	862	831	757	738	716	735	1403	1560	1498	1522	1555	1690	1598	1658	1560	1620	1962	725	1634	1724	1549	1670	1823	1732	1669	1719	1570	1686	3020	858	761	717	733	702	671	684	684	665	723	721	683	716	710	723	703	732	734	736	725	729	723	730	743	733	647	660
19:54:26	37.1	1409	1423	1331	1130	1035	877	848	794	735	726	758	709	1537	1392	1326	1123	1046	916	863	818	738	735	733	742	1425	1518	1507	1531	1564	1683	1571	1663	1569	1612	1992	709	1644	1726	1537	1681	1814	1766	1673	1725	1570	1664	3000	844	763	719	706	707	684	675	676	675	727	724	668	732	709	724	694	742	743	731	736	737	723	721	736	745	659	669
19:58:26	37.0	1416	1443	1313	1149	1072	883	843	776	749	731	756	717	1530	1399	1320	1113	1043	910	863	817	730	728	715	727	1417	1569	1477	1517	1549	1687	1611	1680	1562	1608	1974	731	1657	1777	1537	1706	1823	1738	1714	1732	1582	1682	3029	838	774	728	740	714	669	691	683	662	722	732	679	726	719	735	693	731	736	732	745	739	734	725	724	727	666	674
20:02:26	37.0	1404	1417	1297	1160	1051	886	837	801	754	740	759	718	1533	1389	1345	1115	1050	926	853	834	741	728	725	732	1448	1572	1487	1519	1557	1720	1594	1659	1595	1631	1998	732	1658	1742	1538	1681	1847	1746	1717	1745	1579	1690	3015	824	767	717	721	704	673	691	670	668	730	735	702	720	709	727	698	721	736	740	736	747	727	743	745	743	664	644
20:06:26	37.0	1423	1445	1327	1140	1064	887	840	776	748	736	742	721	1537	1395	1349	1099	1040	922	852	813	731	748	724	733	1431	1556	1520	1546	1567	1714	1617	1693	1588	1663	2018	734	1659	1793	1570	1728	1852	1759	1723	1748	1578	1693	3058	846	752	707	720	701	678	689	689	672	721	717	663	718	712	723	714	742	723	728	743	751	743	732	739	738	656	642
20:10:26	37.1	1419	1419	1311	1135	1053	916	841	801	740	725	742	717	1550	1409	1334	1117	1052	928	860	835	745	730	715	722	1420	1584	1512	1559	1573	1704	1631	1712	1580	1623	2017	704	1671	1764	1558	1715	1849	1748	1721	1739	1593	1710	3026	849	778	723	725	720	670	683	676	683	729	735	676	727	705	736	707	719	732	736	737	741	746	744	737	736	653	667
20:14:26	37.1	1402	1433	1328	1152	1048	908	845	778	752	716	747	700	1551	1406	1331	1121	1042	913	844	836	754	753	721	730	1437	1578	1546	1542	1608	1723	1629	1706	1584	1610	2010	721	1667	1757	1551	1720	1850	1795	1697	1771	1589	1701	3057	840	771	724	727	706	668	696	690	696	723	717	675	713	718	741	702	733	725	727	740	742	733	735	735	734	643	650
20:18:26	37.0	1413	1453	1335	1137	1038	876	854	791	755	728	744	706	1551	1392	1330	1120	1031	929	867	834	737	741	721	729	1434	1598	1527	1534	1596	1728	1628	1702	1580	1644	2002	715	1710	1792	1571	1729	1858	1780	1723	1790	1584	1704	3073	837	754	719	722	707	689	691	660	668	727	716	677	719	696	730	701	733	725	749	742	736	725	726	748	744	663	667
20:22:26	37.1	1409	1430	1327	1132	1052	882	832	782	757	746	743	719	1555	1407	1339	1132	1040	930	865	819	760	739	715	738	1446	1563	1506	1555	1588	1747	1651	1713	1561	1655	2008	732	1699	1760	1589	1749	1845	1820	1727	1795	1599	1729	3071	861	779	728	732	699	676	689	674	662	735	740	677	724	707	727	713	741	741	755	725	729	736	737	745	730	663	649
20:26:26	37.1	1413	1438	1328	1161	1054	893	852	800	767	733	749	713	1544	1399	1346	1113	1040	924	860	825	747	740	725	728	1446	1612	1536	1585	1604	1758	1635	1728	1574	1684	2023	729	1680	1793	1572	1764	1899	1809	1730	1802	1596	1751	3059	844	773	732	723	703	678	698	677	665	717	716	673	735	718	730	717	738	738	740	741	757	741	744	725	727	657	657
20:30:26	37.1	1414	1425	1318	1157	1043	885	839	794	750	731	743	712	1541	1430	1338	1093	1037	922	870	839	760	754	730	740	1453	1589	1562	1606	1619	1781	1651	1756	1557	1675	2051	728	1735	1787	1577	1774	1876	1815	1762	1778	1631	1742	3097	836	778	733	708	711	671	686	679	665	735	717	680	724	704	729	729	734	737	730	726	737	742	729	754	739	660	667
20:34:26	37.1	1421	1441	1322	1153	1078	885	848	796	754	727	735	726	1563	1414	1348	1103	1027	930	856	844	741	736	726	745	1470	1616	1578	1582	1619	1767	1629	1734	1529	1660	2045	729	1705	1803	1593	1763	1920	1793	1743	1829	1638	1749	3046	847	782	739	733	691	683	680	673	693	717	726	669	723	710	755	707	755	733	742	723	758	729	736	728	742	647	655
20:38:26	37.1	1432	1440	1319	1175	1065	894	846	787	753	735	741	713	1556	1402	1349	1118	1032	926	886	842	752	723	712	729	1461	1600	1551	1585	1636	1781	1667	1771	1537	1660	2033	721	1707	1797	1607	1763	1925	1831	1782	1803	1643	1765	3151	849	759	713	716	716	686	695	677	672	735	738	676	723	710	730	726	742	734	752	745	730	732	731	745	739	662	661
20:42:26	37.1	1426	1429	1324	1172	1078	914	841	783	759	726	752	733	1566	1414	1351	1123	1064	930	872	841	764	755	732	732	1484	1627	1572	1597	1658	1791	1692	1781	1546	1689	2039	740	1735	1834	1602	1780	1911	1824	1778	1809	1630	1774	3090	870	769	718	737	701	686	686	687	665	739	721	676	728	733	763	716	747	764	749	754	767	751	737	742	746	666	670
20:46:26	37.1	1396	1455	1323	1151	1071	900	839	787	753	734	765	716	1593	1413	1337	1127	1063	923	873	826	753	733	718	736	1486	1637	1564	1618	1659	1789	1690	1767	1530	1698	2063	738	1740	1801	1598	1764	1940	1833	1788	1846	1658	1772	3144	861	782	724	735	700	681	695	690	671	737	729	691	715	715	743	696	745	753	737	743	743	744	740	753	752	658	644
20:50:26	37.1	1406	1442	1337	1156	1060	884	830	784	778	733	766	736	1565	1430	1367	1139	1058	931	882	840	754	741	717	749	1490	1632	1582	1631	1661	1792	1690	1782	1543	1703	2067	739	1742	1821	1615	1787	1962	1855	1787	1834	1645	1780	3119	862	778	724	734	710	682	691	696	683	748	721	694	717	718	753	725	768	741	758	756	740	735	728	742	739	670	665
20:54:26	37.0	1447	1463	1330	1166	1061	898	843	773	757	737	746	728	1551	1420	1362	1110	1051	917	862	824	743	763	715	736	1465	1642	1586	1649	1659	1809	1714	1784	1572	1725	2072	721	1777	1863	1601	1782	1929	1856	1809	1832	1639	1791	3138	861	773	738	727	711	689	705	674	663	740	726	685	725	722	737	720	751	754	737	736	738	735	743	764	734	651	644
20:58:26	37.0	1444	1450	1332	1177	1067	904	870	803	773	731	757	731	1582	1425	1358	1134	1069	931	882	833	762	753	719	727	1520	1653	1593	1633	1681	1828	1715	1802	1556	1718	2064	725	1785	1857	1632	1803	1935	1852	1837	1872	1673	1789	3140	864	775	723	716	723	696	698	678	680	729	732	692	724	736	740	732	745	747	755	742	750	731	732	747	745	670	643
21:02:26	37.1	1435	1458	1352	1156	1081	918	849	794	767	741	750	740	1582	1427	1357	1125	1078	915	866	854	763	753	724	738	1529	1676	1607	1639	1676	1846	1705	1820	1563	1742	2089	726	1788	1853	1639	1815	1951	1897	1821	1890	1686	1803	3143	861	780	747	746	714	675	692	676	685	714	743	694	731	715	751	718	753	761	750	750	753	751	755	742	735	658	667
21:06:26	37.0	1461	1454	1348	1156	1084	909	861	789	763	721	763	730	1568	1443	1359	1134	1055	947	865	846	770	748	728	754	1514	1669	1595	1649	1698	1826	1717	1814	1579	1747	2080	729	1791	1865	1634	1821	1929	1878	1838	1889	1644	1813	3182	867	761	716	743	715	682	697	700	686	736	736	681	742	744	751	732	758	762	760	755	773	753	743	769	734	658	678
21:10:26	37.1	1460	1460	1341	1158	1085	902	855	795	766	733	766	711	1575	1443	1367	1131	1057	930	867	851	762	744	720	751	1505	1683	1625	1666	1702	1862	1733	1838	1576	1746	2083	720	1756	1901	1626	1825	1960	1915	1873	1871	1691	1861	3178	865	777	725	732	704	677	688	702	690	729	729	689	741	722	746	735	740	742	757	758	766	758	738	755	739	650	660
21:14:26	37.1	1449	1464	1337	1171	1083	903	861	795	761	739	742	730	1565	1412	1353	1130	1066	943	877	849	762	752	732	746	1529	1680	1610	1684	1724	1894	1753	1874	1591	1756	2105	713	1799	1892	1658	1848	1983	1900	1827	1932	1708	1833	3185	878	785	726	739	734	683	703	687	672	745	733	694	742	722	753	723	740	751	767	751	762	743	747	753	726	661	647
21:18:26	37.1	1445	1450	1341	1165	1087	910	855	803	757	746	755	737	1587	1423	1349	1125	1070	930	875	830	769	756	721	747	1500	1694	1629	1681	1710	1868	1740	1845	1577	1764	2102	732	1794	1913	1648	1848	1989	1924	1870	1907	1730	1863	3165	877	774	724	726	720	672	689	707	679	723	734	697	744	711	736	716	757	747	768	763	754	741	739	748	742	646	643
21:22:26	37.0	1438	1462	1359	1186	1065	914	864	784	764	737	771	749	1579	1442	1363	1155	1056	932	886	853	770	729	736	736	1540	1704	1640	1691	1725	1870	1738	1877	1571	1777	2079	719	1816	1887	1648	1848	1990	1908	1865	1917	1706	1855	3158	869	780	725	729	711	674	687	684	671	734	734	686	727	717	736	712	751	760	755	742	753	732	755	748	753	668	657
21:26:26	37.1	1434	1491	1346	1189	1091	911	859	794	774	756	739	719	1586	1427	1360	1130	1061	950	886	855	774	747	718	753	1522	1699	1639	1689	1732	1883	1777	1898	1604	1756	2128	724	1841	1895	1649	1878	2011	1964	1864	1943	1732	1869	3179	882	799	740	727	714	687	700	682	672	730	736	686	744	705	756	719	756	763	766	751	761	763	731	757	746	644	658
21:30:26	37.1	1452	1461	1338	1172	1073	904	859	794	759	747	741	746	1583	1432	1353	1132	1068	937	876	863	757	735	719	731	1545	1689	1643	1684	1743	1919	1778	1878	1583	1792	2103	713	1831	1924	1648	1838	2014	1948	1869	1958	1742	1870	3200	886	790	729	734	713	687	695	689	690	739	737	697	732	729	738	723	746	749	754	749	747	731	735	759	741	655	661
21:34:26	37.1	1435	1484	1339	1167	1078	915	847	799	758	737	762	719	1610	1429	1368	1127	1053	918	871	854	767	757	725	737	1566	1716	1640	1740	1733	1932	1749	1863	1620	1801	2129	738	1822	1903	1654	1849	2006	1978	1875	1940	1733	1876	3202	886	784	732	755	713	690	695	692	683	752	739	675	723	723	740	732	751	770	764	762	753	745	741	744	747	663	659
21:38:26	37.0	1443	1450	1335	1171	1075	902	845	795	772	748	750	736	1612	1442	1380	1133	1079	954	889	851	764	757	715	743	1533	1693	1673	1708	1755	1918	1773	1882	1628	1817	2139	731	1829	1921	1657	1863	2003	1963	1894	1921	1743	1880	3217	845	783	731	748	703	680	703	691	669	735	747	676	740	721	746	729	747	766	770	762	741	736	744	749	744	650	641
21:42:26	37.0	1460	1477	1343	1176	1084	895	855	782	765	753	757	721	1608	1437	1356	1163	1059	932	884	844	785	755	739	759	1561	1754	1681	1734	1756	1924	1790	1898	1642	1798	2154	737	1859	1942	1676	1883	2028	1960	1920	1951	1757	1857	3230	891	791	733	722	718	690	699	697	691	751	732	692	730	726	741	731	748	747	754	760	760	752	749	744	751	661	665
21:46:26	37.1	1445	1461	1330	1201	1111	916	863	812	767	726	761	725	1594	1453	1362	1148	1068	941	888	846	758	747	725	736	1553	1744	1694	1753	1748	1927	1807	1917	1667	1853	2150	739	1849	1927	1675	1897	2027	2006	1915	1958	1753	1876	3208	879	774	734	739	711	680	698	705	688	737	748	693	722	735	750	719	752	763	763	772	748	762	756	756	747	667	674
21:50:26	37.0	1463	1458	1331	1173	1088	913	873	796	780	744	762	726	1618	1459	1374	1153	1069	952	888	845	770	756	738	724	1595	1747	1664	1739	1791	1927	1798	1946	1645	1815	2145	723	1916	1949	1701	1900	2044	2005	1900	1973	1782	1906	3270	878	771	725	729	716	679	703	689	690	747	740	677	743	713	755	728	760	748	763	765	750	754	740	750	747	664	665
21:54:26	37.1	1453	1473	1359	1193	1099	904	856	792	768	747	769	720	1631	1429	1360	1147	1063	958	888	868	772	762	738	757	1580	1765	1686	1773	1806	1971	1819	1963	1644	1851	2142	729	1876	1946	1706	1901	2057	2000	1932	1996	1764	1903	3257	889	787	729	746	720	709	686	686	694	750	749	701	731	738	745	703	763	747	773	766	761	743	759	743	759	650	668
21:58:26	37.1	1427	1475	1352	1174	1085	889	855	778	771	742	757	723	1626	1462	1388	1129	1083	926	868	856	771	754	733	738	1585	1760	1701	1741	1792	1989	1826	1975	1671	1870	2156	714	1869	1970	1697	1913	2025	2032	1949	1994	1770	1921	3266	875	794	719	741	714	682	688	692	683	747	743	699	718	725	758	733	740	745	770	759	778	746	748	756	750	657	658
22:02:26	37.1	1468	1486	1347	1192	1090	921	869	796	775	750	774	739	1625	1444	1387	1134	1093	950	885	867	757	759	729	741	1613	1766	1746	1771	1833	2016	1845	1972	1663	1838	2171	732	1911	1975	1693	1907	2082	2015	1931	2014	1771	1942	3254	901	803	744	742	727	680	695	693	690	752	752	702	737	721	752	743	755	760	774	763	765	746	761	749	751	658	664
22:06:26	37.0	1452	1501	1367	1197	1098	919	852	804	767	752	750	721	1612	1448	1376	1147	1092	942	883	859	758	759	724	731	1549	1770	1729	1755	1812	1975	1840	1958	1689	1869	2190	715	1919	1982	1716	1950	2081	2021	1959	2006	1798	1912	3266	879	774	731	742	730	690	694	688	683	737	751	701	734	717	753	741	751	759	767	755	762	747	777	752	747	656	655
22:10:26	37.0	1465	1481	1359	1204	1091	906	855	795	763	741	756	729	1617	1432	1387	1143	1074	950	864	859	764	776	715	735	1597	1787	1750	1782	1820	1988	1860	1973	1713	1881	2158	754	1930	2012	1715	1920	2107	1994	1965	2019	1811	1963	3262	890	813	732	728	726	684	692	686	683	737	731	677	748	731	768	728	740	754	775	768	764	736	765	754	743	656	673
22:14:26	37.1	1453	1498	1369	1191	1094	922	854	809	773	739	754	739	1608	1445	1404	1137	1087	948	875	864	764	762	741	744	1594	1807	1729	1782	1820	2007	1864	1955	1725	1901	2184	735	1914	1987	1727	1910	2114	2041	1990	2024	1810	1975	3278	898	792	735	730	723	696	685	686	675	756	736	688	740	730	748	740	755	775	775	756	756	761	750	752	742	657	652
22:18:26	37.1	1477	1503	1389	1207	1087	936	853	789	771	746	755	741	1624	1473	1381	1139	1091	949	896	861	759	766	729	745	1595	1805	1751	1785	1829	2040	1885	1987	1737	1901	2185	738	1900	1995	1729	1970	2108	2034	1978	2047	1809	1987	3275	877	786	727	742	719	690	681	708	697	765	758	697	753	729	761	743	763	753	768	748	771	759	768	753	747	662	653
22:22:26	37.0	1480	1472	1369	1199	1076	915	871	815	766	742	764	749	1630	1462	1386	1150	1092	948	876	878	773	755	755	734	1628	1829	1755	1810	1843	2030	1901	1977	1710	1927	2188	736	1941	2007	1758	1974	2133	2071	1998	2073	1822	1984	3323	896	793	719	741	729	692	691	686	692	752	747	680	733	749	757	753	748	766	776	751	786	747	749	771	758	672	651
22:26:26	37.1	1480	1479	1379	1210	1111	918	878	790	783	768	752	734	1625	1475	1384	1169	1085	968	894	887	765	759	734	736	1632	1802	1787	1795	1858	2031	1894	1970	1735	1925	2201	738	1963	2026	1742	1966	2097	2086	1986	2058	1858	2015	3280	910	797	730	744	715	696	709	698	671	751	750	694	743	727	749	747	759	760	761	761	801	759	758	759	750	658	682
22:30:26	37.0	1482	1497	1368	1206	1104	925	878	790	758	753	756	747	1650	1468	1372	1167	1099	931	882	874	762	768	744	741	1619	1834	1777	1796	1852	2029	1907	2033	1755	1944	2204	735	1939	2018	1766	1947	2139	2104	2042	2079	1837	1976	3324	904	792	737	739	733	690	694	697	676	770	745	717	739	741	760	742	752	771	767	777	772	761	759	759	742	656	654
22:34:26	37.0	1466	1502	1359	1210	1104	931	876	817	780	773	750	738	1631	1489	1391	1154	1111	963	888	855	766	761	740	765	1629	1836	1780	1830	1876	2067	1897	2017	1780	1953	2209	728	1959	2018	1752	1981	2133	2126	2000	2096	1846	1989	3334	894	787	735	737	717	697	713	693	697	767	748	704	752	730	753	743	759	763	787	763	783	749	766	766	747	669	656
22:38:26	37.0	1485	1508	1376	1193	1102	921	857	797	773	754	744	738	1639	1479	1389	1174	1084	953	886	876	774	762	738	742	1647	1825	1804	1825	1884	2071	1931	2020	1779	1961	2207	749	1970	2005	1796	1964	2133	2061	2006	2093	1853	2022	3340	906	794	724	740	711	682	695	693	681	761	743	697	737	738	734	742	767	760	783	752	780	767	772	758	744	659	668
22:42:26	37.1	1506	1522	1361	1193	1106	941	861	822	764	759	761	726	1647	1451	1409	1171	1086	947	904	863	770	772	744	744	1651	1847	1811	1847	1893	2077	1933	2023	1756	1994	2232	742	2004	2039	1776	2018	2118	2070	2062	2083	1869	2026	3362	902	795	744	742	737	694	700	700	694	740	757	687	740	735	765	744	784	791	779	771	768	746	757	777	745	660	665
22:46:26	37.1	1484	1531	1366	1218	1111	908	878	832	775	755	763	737	1645	1488	1370	1138	1092	949	927	884	780	745	740	755	1688	1848	1820	1854	1894	2074	1920	2059	1792	1984	2229	740	2012	2033	1782	2026	2145	2097	2052	2105	1866	2050	3362	893	809	742	740	742	691	715	703	677	768	745	695	729	721	757	758	761	773	763	779	771	761	775	755	751	653	650
22:50:26	37.1	1500	1512	1374	1227	1123	922	872	807	778	752	772	747	1676	1472	1408	1165	1119	974	889	883	780	778	754	760	1706	1882	1821	1864	1912	2089	1950	2042	1801	1975	2245	746	2039	2049	1787	2017	2151	2100	2030	2119	1881	2051	3385	905	804	750	743	711	709	701	707	691	783	762	690	753	751	769	734	764	777	777	777	781	755	787	788	758	665	653
22:54:26	37.1	1484	1517	1390	1219	1106	943	869	825	768	765	768	744	1642	1516	1390	1153	1096	945	913	891	780	752	720	754	1686	1869	1842	1877	1922	2110	1979	2047	1787	2018	2261	747	2033	2050	1806	2031	2164	2124	2055	2116	1880	2067	3375	922	793	737	756	738	688	684	701	689	777	741	693	756	734	764	738	774	781	771	770	784	760	770	773	750	665	654
22:58:26	37.0	1513	1511	1389	1231	1085	920	875	804	767	746	769	731	1672	1480	1386	1164	1104	973	894	882	769	758	721	748	1688	1874	1838	1886	1915	2111	1940	2050	1800	2008	2250	742	2053	2094	1812	2034	2161	2137	2079	2133	1912	2083	3372	911	790	755	757	727	690	709	703	675	760	741	697	724	742	779	756	780	788	800	758	789	748	773	761	744	657	665
23:02:26	37.1	1519	1511	1398	1223	1143	926	876	825	779	764	762	737	1665	1483	1411	1187	1091	955	909	885	768	774	746	750	1706	1901	1851	1903	1913	2119	1957	2033	1819	2004	2273	739	2048	2073	1792	2034	2185	2161	2064	2144	1914	2075	3381	910	801	739	749	724	695	696	706	693	771	770	700	741	740	766	774	763	786	786	779	789	754	776	771	759	668	670
23:06:26	37.1	1515	1516	1364	1217	1128	932	899	813	783	753	780	747	1676	1496	1397	1187	1109	959	900	886	773	775	751	765	1713	1896	1850	1886	1929	2126	1967	2102	1832	2014	2261	750	2033	2114	1792	2052	2160	2134	2078	2158	1930	2091	3385	908	819	747	751	733	697	712	706	694	755	752	684	758	742	757	764	774	769	766	774	784	768	790	770	762	672	678
23:10:26	37.0	1493	1527	1387	1219	1119	930	896	809	779	752	771	755	1670	1476	1398	1165	1099	970	907	889	770	771	743	762	1704	1923	1851	1889	1963	2152	1983	2089	1850	2027	2294	747	2056	2089	1823	2058	2184	2142	2079	2174	1944	2101	3393	916	811	746	751	732	689	710	688	690	771	754	704	742	760	760	756	784	781	795	773	786	762	780	769	757	681	656
23:14:26	37.1	1527	1534	1407	1221	1123	909	895	808	798	748	768	756	1667	1482	1424	1165	1113	987	911	901	783	769	745	755	1723	1920	1872	1901	1932	2171	2009	2105	1870	2058	2282	738	2061	2101	1847	2058	2154	2152	2097	2211	1936	2113	3425	915	795	756	752	744	696	741	727	690	787	751	688	744	748	774	750	772	775	782	779	789	763	787	771	745	665	668
23:18:26	37.1	1514	1505	1378	1215	1128	939	888	810	772	753	777	738	1673	1474	1402	1176	1106	960	909	876	785	776	760	753	1711	1912	1876	1930	1968	2176	2013	2104	1882	2049	2270	740	2084	2094	1822	2050	2174	2173	2101	2163	1949	2105	3417	918	804	752	747	732	708	724	696	691	754	767	704	755	752	780	768	776	771	781	782	775	765	777	770	762	667	657
23:22:26	37.1	1517	1528	1397	1225	1118	936	883	821	778	750	776	735	1662	1489	1407	1178	1100	982	913	891	788	768	730	747	1718	1934	1881	1919	1959	2181	2004	2109	1878	2071	2261	729	2071	2127	1866	2053	2212	2182	2090	2195	1918	2129	3424	911	806	747	738	729	700	716	707	694	776	760	706	746	748	771	776	784	778	786	776	785	758	775	781	755	670	664
23:26:26	37.0	1512	1522	1412	1229	1124	933	882	814	784	755	779	728	1668	1527	1403	1173	1097	950	910	879	788	766	730	763	1722	1910	1876	1960	1961	2143	2009	2116	1885	2047	2272	750	2112	2126	1845	2081	2181	2199	2114	2196	1948	2119	3424	925	790	740	742	730	701	698	704	710	769	752	724	747	735	759	767	774	796	777	775	779	771	785	773	754	669	662
23:30:26	37.1	1503	1516	1389	1223	1115	930	887	815	794	763	754	729	1684	1517	1428	1174	1112	980	932	881	778	769	745	754	1729	1906	1890	1928	1980	2166	2020	2097	1892	2077	2281	755	2092	2143	1867	2091	2180	2188	2101	2179	1958	2102	3446	907	812	748	760	727	696	725	704	700	776	759	678	744	745	769	759	790	774	787	758	792	768	766	781	739	654	666
23:34:26	37.0	1512	1522	1403	1221	1132	932	880	813	789	758	778	729	1687	1484	1415	1181	1114	974	911	892	782	773	732	764	1750	1949	1922	1947	1979	2201	1998	2117	1922	2067	2290	725	2096	2145	1873	2102	2194	2212	2130	2199	1970	2119	3451	913	804	753	761	714	694	715	705	697	773	776	687	745	745	774	765	768	793	776	772	766	772	775	777	770	666	677
23:38:26	37.1	1526	1536	1417	1237	1126	939	866	825	799	766	770	748	1684	1517	1407	1184	1125	972	916	889	773	775	751	765	1776	1938	1925	1953	2009	2202	2046	2145	1941	2113	2345	743	2111	2125	1888	2113	2199	2216	2152	2245	1971	2140	3423	923	801	755	758	742	698	738	710	694	784	762	713	740	761	768	759	795	784	794	793	774	755	768	777	771	667	685
23:42:26	37.1	1537	1516	1405	1234	1105	926	890	805	774	753	772	745	1679	1516	1408	1182	1106	983	912	889	775	792	738	749	1771	1954	1920	2008	2000	2197	2067	2169	1955	2124	2308	746	2107	2131	1892	2126	2191	2223	2154	2228	2000	2146	3455	922	793	747	767	732	700	710	718	703	792	762	704	758	759	781	763	780	787	793	787	776	768	783	784	769	671	674
23:46:26	37.1	1529	1530	1402	1235	1129	945	898	832	767	772	776	748	1696	1525	1439	1173	1118	995	928	909	789	771	745	754	1791	1958	1934	1971	2002	2227	2048	2161	1932	2116	2320	754	2105	2172	1913	2121	2213	2214	2172	2254	2000	2171	3498	930	812	760	762	737	693	724	707	693	774	771	705	757	743	795	779	779	792	795	788	792	773	769	765	769	662	676
23:50:26	37.0	1531	1510	1413	1259	1133	944	888	821	797	757	781	742	1704	1549	1422	1157	1124	981	924	878	791	770	753	767	1776	1956	1922	2022	2032	2226	2044	2197	1952	2146	2298	757	2110	2170	1907	2109	2189	2218	2137	2258	2030	2166	3504	919	808	756	744	730	707	734	702	691	778	777	691	737	759	779	761	780	797	786	783	772	777	776	766	761	665	677
23:54:26	37.1	1530	1531	1400	1242	1124	948	904	829	801	755	789	748	1675	1519	1433	1174	1112	983	915	876	778	771	747	748	1783	1962	1928	1981	2028	2241	2076	2183	1977	2152	2337	744	2109	2165	1898	2149	2220	2243	2179	2251	2041	2197	3509	927	802	752	752	735	705	718	724	697	787	775	704	744	756	756	791	789	795	780	780	802	770	799	755	752	657	677
23:58:26	37.1	1537	1560	1419	1254	1141	951	880	823	791	749	771	746	1710	1527	1442	1202	1088	966	922	891	793	763	740	766	1783	1971	1926	2021	2041	2259	2062	2188	1965	2133	2329	751	2094	2157	1961	2137	2196	2258	2195	2268	2049	2202	3498	940	814	742	748	754	696	707	731	693	782	754	694	730	745	783	761	776	799	788	777	784	771	783	801	741	664	664
24:02:26	37.1	1527	1573	1415	1258	1134	957	893	822	795	762	774	759	1703	1540	1440	1193	1111	975	926	893	779	769	758	770	1817	1986	1962	2044	2034	2274	2104	2208	1988	2153	2317	748	2140	2163	1929	2137	2243	2252	2196	2272	2007	2199	3492	943	806	736	752	744	701	715	698	717	788	778	698	744	754	786	796	791	804	791	794	791	774	782	768	752	664	648

od600:600

Time	T° od600:600	B1	B2	B3	B4	B5	B6	B7	B8	B9	B10	B11	B12	C1	C2	C3	C4	C5	C6	C7	C8	C9	C10	C11	C12	D1	D2	D3	D4	D5	D6	D7	D8	D9	D10	D11	D12	E1	E2	E3	E4	E5	E6	E7	E8	E9	E10	E11	E12	F1	F2	F3	F4	F5	F6	F7	F8	F9	F10	F11	F12	G1	G2	G3	G4	G5	G6	G7	G8	G9	G10	G11	G12	H11	H12
0:03:12	37.0	0.185	0.179	0.174	0.181	0.180	0.180	0.187	0.187	0.184	0.200	0.201	0.193	0.175	0.183	0.178	0.181	0.206	0.188	0.193	0.189	0.175	0.201	0.192	0.170	0.180	0.177	0.172	0.169	0.182	0.177	0.175	0.182	0.177	0.175	0.178	0.165	0.175	0.169	0.177	0.175	0.178	0.183	0.169	0.174	0.175	0.175	0.187	0.161	0.170	0.167	0.168	0.168	0.177	0.168	0.169	0.181	0.177	0.172	0.177	0.160	0.164	0.163	0.172	0.177	0.171	0.178	0.170	0.163	0.161	0.164	0.173	0.167	0.152	0.170
0:07:12	37.0	0.189	0.184	0.180	0.187	0.187	0.184	0.190	0.186	0.190	0.203	0.199	0.202	0.177	0.187	0.179	0.183	0.208	0.190	0.195	0.193	0.179	0.204	0.195	0.170	0.179	0.180	0.173	0.171	0.183	0.179	0.179	0.184	0.180	0.177	0.181	0.166	0.175	0.172	0.178	0.178	0.180	0.185	0.172	0.176	0.178	0.177	0.190	0.162	0.168	0.169	0.170	0.170	0.180	0.171	0.171	0.182	0.179	0.174	0.179	0.161	0.164	0.165	0.172	0.178	0.170	0.178	0.172	0.165	0.163	0.166	0.176	0.169	0.152	0.171
0:11:12	37.0	0.193	0.187	0.184	0.191	0.190	0.186	0.190	0.187	0.192	0.205	0.200	0.207	0.180	0.190	0.182	0.187	0.211	0.194	0.199	0.197	0.183	0.207	0.198	0.173	0.182	0.183	0.176	0.174	0.186	0.182	0.182	0.188	0.184	0.180	0.185	0.167	0.178	0.175	0.182	0.181	0.184	0.189	0.175	0.180	0.181	0.181	0.193	0.164	0.172	0.172	0.172	0.172	0.182	0.174	0.174	0.186	0.182	0.177	0.183	0.162	0.166	0.167	0.174	0.179	0.171	0.179	0.173	0.167	0.165	0.167	0.178	0.172	0.155	0.174
0:15:12	37.0	0.199	0.192	0.190	0.196	0.195	0.189	0.193	0.191	0.195	0.210	0.204	0.213	0.184	0.195	0.187	0.192	0.216	0.199	0.203	0.202	0.186	0.212	0.202	0.176	0.186	0.187	0.179	0.177	0.190	0.186	0.186	0.192	0.188	0.184	0.189	0.170	0.182	0.179	0.185	0.186	0.187	0.192	0.179	0.184	0.185	0.185	0.197	0.167	0.175	0.175	0.174	0.174	0.186	0.176	0.177	0.189	0.186	0.181	0.186	0.165	0.169	0.169	0.175	0.181	0.173	0.181	0.176	0.169	0.168	0.170	0.181	0.175	0.157	0.177
0:19:12	37.0	0.206	0.198	0.196	0.202	0.201	0.193	0.198	0.195	0.201	0.216	0.209	0.219	0.190	0.200	0.192	0.197	0.222	0.205	0.208	0.207	0.190	0.218	0.207	0.179	0.191	0.192	0.183	0.182	0.194	0.191	0.192	0.198	0.193	0.189	0.195	0.172	0.187	0.184	0.190	0.191	0.191	0.197	0.183	0.189	0.190	0.190	0.202	0.170	0.178	0.179	0.178	0.177	0.189	0.180	0.180	0.193	0.189	0.185	0.191	0.168	0.172	0.172	0.178	0.183	0.176	0.184	0.179	0.172	0.171	0.173	0.185	0.179	0.160	0.181
0:23:12	37.0	0.215	0.205	0.204	0.209	0.208	0.199	0.203	0.200	0.207	0.227	0.215	0.226	0.196	0.206	0.198	0.203	0.228	0.212	0.214	0.213	0.196	0.225	0.213	0.183	0.197	0.197	0.188	0.187	0.199	0.196	0.197	0.203	0.198	0.194	0.202	0.175	0.193	0.189	0.195	0.196	0.196	0.202	0.189	0.194	0.196	0.196	0.207	0.173	0.181	0.183	0.182	0.181	0.193	0.184	0.185	0.198	0.194	0.189	0.196	0.172	0.177	0.176	0.181	0.186	0.179	0.187	0.182	0.175	0.175	0.177	0.190	0.182	0.164	0.184
0:27:12	37.0	0.223	0.212	0.212	0.217	0.215	0.205	0.210	0.206	0.214	0.235	0.222	0.232	0.202	0.213	0.205	0.210	0.235	0.218	0.221	0.219	0.202	0.232	0.219	0.186	0.203	0.203	0.194	0.193	0.205	0.202	0.203	0.210	0.204	0.200	0.208	0.178	0.200	0.196	0.202	0.202	0.202	0.207	0.195	0.200	0.201	0.202	0.214	0.177	0.185	0.188	0.186	0.185	0.198	0.189	0.190	0.203	0.200	0.194	0.201	0.175	0.181	0.181	0.186	0.190	0.183	0.191	0.186	0.180	0.180	0.182	0.194	0.186	0.169	0.189
0:31:12	37.0	0.231	0.220	0.219	0.226	0.223	0.213	0.217	0.214	0.223	0.245	0.231	0.239	0.208	0.220	0.212	0.218	0.241	0.225	0.227	0.225	0.207	0.239	0.226	0.190	0.210	0.209	0.200	0.199	0.211	0.208	0.210	0.219	0.211	0.207	0.216	0.183	0.207	0.203	0.208	0.209	0.207	0.214	0.201	0.207	0.207	0.209	0.221	0.180	0.189	0.193	0.191	0.189	0.203	0.194	0.195	0.209	0.205	0.200	0.208	0.180	0.187	0.185	0.190	0.195	0.187	0.195	0.191	0.186	0.184	0.187	0.199	0.191	0.173	0.195
0:35:12	37.0	0.240	0.229	0.227	0.234	0.230	0.220	0.224	0.221	0.231	0.256	0.238	0.246	0.215	0.228	0.220	0.224	0.248	0.232	0.234	0.232	0.214	0.246	0.234	0.195	0.218	0.216	0.207	0.206	0.217	0.215	0.218	0.227	0.218	0.214	0.225	0.188	0.215	0.210	0.214	0.216	0.214	0.221	0.208	0.215	0.215	0.216	0.228	0.185	0.195	0.199	0.197	0.195	0.209	0.200	0.201	0.215	0.211	0.206	0.214	0.184	0.193	0.192	0.196	0.200	0.193	0.200	0.197	0.191	0.191	0.193	0.205	0.196	0.178	0.201
0:39:12	37.1	0.248	0.236	0.234	0.241	0.238	0.228	0.232	0.228	0.241	0.265	0.247	0.255	0.222	0.236	0.228	0.231	0.255	0.239	0.241	0.238	0.222	0.253	0.241	0.200	0.225	0.224	0.214	0.214	0.226	0.223	0.226	0.236	0.226	0.222	0.233	0.192	0.222	0.217	0.222	0.223	0.221	0.228	0.216	0.223	0.223	0.224	0.236	0.190	0.201	0.205	0.203	0.200	0.215	0.206	0.206	0.221	0.218	0.211	0.221	0.189	0.200	0.198	0.202	0.206	0.199	0.206	0.204	0.198	0.198	0.200	0.211	0.202	0.185	0.207
0:43:12	37.0	0.258	0.243	0.245	0.248	0.248	0.236	0.241	0.236	0.247	0.274	0.256	0.266	0.230	0.244	0.235	0.238	0.260	0.246	0.247	0.245	0.229	0.257	0.246	0.206	0.234	0.232	0.223	0.221	0.233	0.232	0.234	0.245	0.235	0.230	0.243	0.198	0.230	0.227	0.230	0.233	0.229	0.236	0.224	0.231	0.232	0.233	0.244	0.196	0.206	0.212	0.210	0.206	0.222	0.213	0.214	0.228	0.225	0.217	0.228	0.195	0.207	0.206	0.208	0.213	0.205	0.212	0.211	0.205	0.205	0.208	0.218	0.208	0.192	0.214
0:47:12	37.0	0.272	0.255	0.254	0.258	0.257	0.245	0.249	0.244	0.258	0.284	0.268	0.273	0.239	0.251	0.243	0.244	0.264	0.252	0.251	0.250	0.237	0.261	0.252	0.214	0.242	0.241	0.231	0.230	0.242	0.241	0.244	0.256	0.244	0.238	0.253	0.203	0.238	0.236	0.238	0.242	0.238	0.246	0.233	0.240	0.241	0.242	0.254	0.202	0.213	0.219	0.217	0.213	0.229	0.220	0.221	0.235	0.231	0.224	0.235	0.202	0.215	0.213	0.216	0.220	0.212	0.218	0.219	0.213	0.214	0.216	0.225	0.216	0.199	0.221
0:51:12	37.0	0.277	0.268	0.262	0.269	0.261	0.258	0.261	0.255	0.268	0.285	0.276	0.280	0.246	0.259	0.251	0.251	0.268	0.257	0.257	0.255	0.242	0.265	0.257	0.220	0.251	0.250	0.240	0.239	0.251	0.250	0.255	0.265	0.254	0.249	0.263	0.212	0.247	0.246	0.246	0.252	0.247	0.255	0.243	0.250	0.250	0.252	0.264	0.211	0.220	0.227	0.224	0.220	0.237	0.227	0.229	0.243	0.238	0.231	0.243	0.210	0.223	0.222	0.224	0.227	0.220	0.226	0.228	0.222	0.222	0.225	0.233	0.223	0.207	0.228
0:55:12	37.0	0.286	0.276	0.271	0.275	0.270	0.266	0.270	0.261	0.273	0.290	0.282	0.285	0.253	0.265	0.256	0.255	0.271	0.262	0.260	0.259	0.248	0.266	0.261	0.228	0.260	0.260	0.249	0.249	0.261	0.260	0.266	0.277	0.265	0.259	0.275	0.219	0.256	0.255	0.256	0.261	0.257	0.265	0.253	0.260	0.261	0.263	0.274	0.219	0.228	0.235	0.232	0.227	0.244	0.236	0.237	0.251	0.246	0.238	0.251	0.218	0.232	0.231	0.233	0.236	0.228	0.234	0.237	0.231	0.233	0.234	0.242	0.228	0.217	0.239
0:59:12	37.0	0.291	0.279	0.278	0.278	0.277	0.268	0.273	0.267	0.278	0.298	0.287	0.296	0.264	0.276	0.265	0.261	0.275	0.266	0.265	0.261	0.253	0.269	0.265	0.231	0.268	0.272	0.261	0.260	0.271	0.272	0.278	0.290	0.277	0.271	0.288	0.224	0.264	0.270	0.268	0.275	0.269	0.276	0.264	0.272	0.271	0.275	0.287	0.222	0.236	0.243	0.240	0.235	0.252	0.243	0.245	0.259	0.255	0.245	0.259	0.220	0.242	0.241	0.243	0.245	0.238	0.243	0.247	0.241	0.243	0.245	0.251	0.231	0.223	0.250
1:03:12	37.0	0.297	0.281	0.294	0.281	0.287	0.279	0.284	0.277	0.290	0.301	0.293	0.308	0.276	0.287	0.274	0.270	0.285	0.275	0.275	0.271	0.262	0.279	0.274	0.231	0.282	0.286	0.274	0.274	0.284	0.287	0.291	0.303	0.291	0.284	0.300	0.224	0.279	0.282	0.282	0.286	0.282	0.291	0.277	0.286	0.285	0.287	0.298	0.226	0.244	0.252	0.248	0.241	0.259	0.251	0.253	0.267	0.261	0.252	0.268	0.222	0.252	0.252	0.253	0.256	0.248	0.252	0.258	0.253	0.255	0.256	0.261	0.234	0.230	0.258
1:07:12	37.0	0.305	0.287	0.305	0.291	0.285	0.288	0.291	0.282	0.302	0.305	0.302	0.312	0.284	0.292	0.280	0.275	0.288	0.279	0.278	0.277	0.267	0.282	0.278	0.235	0.294	0.298	0.285	0.286	0.295	0.298	0.303	0.317	0.304	0.296	0.313	0.228	0.291	0.294	0.291	0.298	0.293	0.302	0.289	0.298	0.297	0.299	0.311	0.231	0.253	0.261	0.256	0.249	0.266	0.259	0.261	0.273	0.268	0.259	0.275	0.226	0.263	0.263	0.264	0.267	0.258	0.263	0.269	0.264	0.266	0.267	0.270	0.235	0.240	0.267
1:11:12	37.0	0.314	0.299	0.310	0.297	0.303	0.296	0.297	0.288	0.307	0.309	0.316	0.320	0.289	0.294	0.283	0.276	0.289	0.276	0.283	0.277	0.267	0.282	0.279	0.235	0.303	0.309	0.296	0.296	0.308	0.309	0.315	0.329	0.317	0.308	0.324	0.231	0.300	0.304	0.302	0.310	0.305	0.314	0.300	0.309	0.309	0.310	0.323	0.236	0.263	0.272	0.265	0.257	0.275	0.268	0.269	0.280	0.276	0.267	0.282	0.232	0.274	0.277	0.275	0.278	0.270	0.273	0.281	0.275	0.277	0.278	0.282	0.240	0.251	0.278
1:15:12	37.1	0.313	0.303	0.325	0.306	0.311	0.309	0.305	0.301	0.313	0.309	0.314	0.326	0.294	0.293	0.279	0.281	0.297	0.276	0.278	0.283	0.269	0.281	0.277	0.239	0.309	0.320	0.307	0.307	0.318	0.321	0.326	0.341	0.331	0.321	0.335	0.236	0.306	0.314	0.315	0.321	0.318	0.325	0.312	0.322	0.320	0.323	0.335	0.243	0.275	0.283	0.277	0.269	0.287	0.279	0.280	0.291	0.287	0.279	0.293	0.234	0.286	0.289	0.288	0.291	0.280	0.285	0.294	0.289	0.290	0.292	0.295	0.246	0.264	0.291
1:19:12	37.0	0.309	0.307	0.317	0.319	0.309	0.315	0.312	0.312	0.323	0.316	0.315	0.324	0.295	0.294	0.281	0.279	0.301	0.281	0.285	0.288	0.278	0.288	0.288	0.247	0.312	0.330	0.320	0.320	0.330	0.335	0.339	0.354	0.343	0.334	0.346	0.239	0.309	0.324	0.327	0.333	0.331	0.339	0.324	0.334	0.333	0.334	0.347	0.251	0.286	0.294	0.287	0.278	0.295	0.288	0.288	0.300	0.295	0.286	0.302	0.244	0.300	0.301	0.300	0.302	0.294	0.297	0.308	0.302	0.303	0.304	0.308	0.251	0.277	0.309
1:23:12	37.0	0.316	0.318	0.321	0.332	0.317	0.332	0.320	0.318	0.332	0.316	0.323	0.328	0.301	0.302	0.291	0.279	0.305	0.288	0.300	0.301	0.290	0.298	0.294	0.249	0.315	0.339	0.331	0.332	0.343	0.348	0.349	0.367	0.356	0.347	0.355	0.246	0.313	0.333	0.337	0.344	0.342	0.350	0.335	0.347	0.344	0.346	0.360	0.258	0.296	0.303	0.295	0.286	0.303	0.295	0.295	0.306	0.301	0.291	0.307	0.252	0.313	0.315	0.313	0.315	0.307	0.310	0.322	0.317	0.317	0.316	0.320	0.256	0.289	0.326
1:27:12	37.0	0.328	0.329	0.325	0.342	0.322	0.341	0.336	0.324	0.340	0.317	0.341	0.331	0.305	0.308	0.292	0.294	0.310	0.290	0.294	0.298	0.293	0.297	0.298	0.255	0.328	0.344	0.340	0.343	0.352	0.358	0.358	0.379	0.369	0.358	0.365	0.253	0.320	0.340	0.346	0.352	0.354	0.359	0.345	0.357	0.354	0.361	0.369	0.264	0.306	0.312	0.303	0.293	0.310	0.302	0.302	0.313	0.308	0.299	0.314	0.253	0.323	0.328	0.326	0.328	0.321	0.324	0.336	0.331	0.330	0.329	0.332	0.257	0.298	0.335
1:31:12	37.0	0.334	0.342	0.320	0.348	0.333	0.348	0.345	0.329	0.344	0.329	0.355	0.339	0.302	0.313	0.298	0.289	0.308	0.308	0.312	0.302	0.295	0.310	0.312	0.267	0.329	0.351	0.350	0.355	0.363	0.369	0.369	0.392	0.377	0.370	0.379	0.257	0.316	0.347	0.357	0.361	0.364	0.370	0.354	0.369	0.367	0.369	0.383	0.268	0.316	0.320	0.310	0.302	0.317	0.309	0.305	0.320	0.314	0.305	0.321	0.257	0.333	0.341	0.340	0.342	0.335	0.337	0.350	0.347	0.344	0.344	0.345	0.270	0.306	0.343
1:35:12	37.0	0.347	0.354	0.335	0.355	0.343	0.356	0.353	0.336	0.346	0.338	0.365	0.341	0.310	0.322	0.309	0.303	0.318	0.324	0.317	0.323	0.314	0.323	0.327	0.265	0.322	0.356	0.358	0.362	0.370	0.377	0.377	0.398	0.387	0.377	0.382	0.256	0.318	0.349	0.362	0.367	0.371	0.379	0.365	0.376	0.374	0.379	0.392	0.280	0.326	0.329	0.318	0.310	0.325	0.314	0.315	0.329	0.320	0.312	0.328	0.266	0.343	0.357	0.357	0.357	0.352	0.352	0.366	0.362	0.360	0.357	0.363	0.274	0.311	0.350
1:39:12	37.0	0.358	0.364	0.340	0.358	0.345	0.361	0.356	0.346	0.357	0.341	0.371	0.348	0.320	0.335	0.324	0.324	0.328	0.335	0.334	0.338	0.328	0.330	0.341	0.277	0.327	0.361	0.362	0.367	0.370	0.382	0.383	0.401	0.391	0.383	0.390	0.265	0.320	0.351	0.363	0.370	0.377	0.382	0.369	0.380	0.380	0.382	0.399	0.291	0.336	0.338	0.324	0.312	0.328	0.317	0.323	0.339	0.329	0.320	0.334	0.269	0.354	0.372	0.372	0.374	0.368	0.369	0.384	0.378	0.375	0.374	0.378	0.288	0.321	0.357
1:43:12	37.0	0.366	0.364	0.347	0.365	0.353	0.369	0.362	0.354	0.364	0.351	0.381	0.352	0.326	0.349	0.335	0.337	0.346	0.345	0.344	0.347	0.340	0.342	0.347	0.285	0.343	0.369	0.363	0.368	0.372	0.385	0.388	0.405	0.398	0.391	0.397	0.276	0.334	0.362	0.371	0.377	0.380	0.389	0.375	0.389	0.387	0.390	0.404	0.296	0.346	0.344	0.329	0.318	0.336	0.325	0.322	0.348	0.334	0.328	0.343	0.282	0.364	0.384	0.386	0.389	0.385	0.384	0.398	0.393	0.391	0.389	0.394	0.287	0.326	0.359
1:47:12	37.0	0.374	0.369	0.355	0.372	0.366	0.378	0.375	0.361	0.373	0.363	0.393	0.359	0.338	0.361	0.347	0.347	0.357	0.355	0.353	0.361	0.350	0.352	0.357	0.294	0.356	0.383	0.371	0.378	0.384	0.393	0.398	0.414	0.405	0.400	0.404	0.283	0.352	0.377	0.386	0.390	0.391	0.399	0.384	0.396	0.395	0.399	0.417	0.301	0.354	0.349	0.335	0.328	0.345	0.334	0.335	0.357	0.344	0.336	0.352	0.280	0.373	0.396	0.399	0.402	0.400	0.400	0.412	0.406	0.405	0.401	0.406	0.293	0.325	0.361
1:51:12	37.0	0.381	0.379	0.364	0.376	0.369	0.382	0.376	0.370	0.379	0.370	0.399	0.367	0.348	0.369	0.356	0.351	0.358	0.359	0.359	0.363	0.358	0.358	0.366	0.300	0.370	0.395	0.382	0.388	0.399	0.404	0.409	0.421	0.417	0.409	0.414	0.289	0.369	0.389	0.399	0.404	0.402	0.408	0.398	0.407	0.407	0.408	0.430	0.309	0.365	0.356	0.343	0.335	0.351	0.344	0.348	0.361	0.355	0.348	0.363	0.294	0.382	0.406	0.409	0.416	0.413	0.414	0.424	0.419	0.417	0.414	0.420	0.300	0.327	0.366
1:55:12	37.1	0.390	0.378	0.375	0.380	0.376	0.385	0.387	0.373	0.388	0.379	0.406	0.376	0.361	0.373	0.363	0.356	0.370	0.362	0.363	0.378	0.367	0.359	0.372	0.304	0.380	0.404	0.395	0.399	0.410	0.415	0.420	0.433	0.428	0.421	0.423	0.294	0.376	0.399	0.409	0.415	0.414	0.421	0.410	0.418	0.417	0.419	0.444	0.321	0.374	0.365	0.351	0.345	0.364	0.355	0.353	0.371	0.366	0.357	0.374	0.303	0.389	0.417	0.420	0.427	0.426	0.427	0.436	0.432	0.431	0.427	0.433	0.309	0.331	0.367
1:59:12	37.0	0.396	0.385	0.381	0.389	0.384	0.391	0.390	0.384	0.399	0.388	0.407	0.383	0.369	0.382	0.364	0.363	0.373	0.374	0.371	0.389	0.376	0.374	0.380	0.314	0.389	0.412	0.409	0.409	0.423	0.428	0.430	0.445	0.440	0.434	0.434	0.301	0.384	0.409	0.420	0.426	0.426	0.434	0.418	0.431	0.431	0.429	0.455	0.324	0.378	0.373	0.358	0.352	0.372	0.365	0.365	0.378	0.381	0.370	0.386	0.299	0.392	0.425	0.429	0.437	0.436	0.438	0.445	0.440	0.439	0.437	0.444	0.313	0.337	0.371
2:03:12	37.0	0.407	0.397	0.392	0.389	0.388	0.396	0.394	0.392	0.401	0.393	0.418	0.391	0.378	0.389	0.370	0.370	0.390	0.378	0.376	0.395	0.381	0.374	0.387	0.318	0.399	0.418	0.418	0.420	0.431	0.440	0.439	0.459	0.448	0.444	0.443	0.306	0.390	0.418	0.427	0.432	0.437	0.444	0.428	0.439	0.439	0.437	0.467	0.339	0.382	0.380	0.370	0.362	0.383	0.380	0.377	0.384	0.395	0.381	0.399	0.303	0.399	0.430	0.437	0.446	0.446	0.449	0.454	0.450	0.448	0.447	0.453	0.321	0.339	0.374
2:07:12	37.0	0.398	0.400	0.405	0.394	0.397	0.403	0.405	0.398	0.412	0.400	0.428	0.397	0.385	0.397	0.379	0.377	0.390	0.387	0.384	0.400	0.382	0.382	0.397	0.314	0.407	0.425	0.427	0.430	0.439	0.450	0.449	0.469	0.455	0.451	0.453	0.317	0.393	0.424	0.436	0.441	0.444	0.451	0.436	0.448	0.447	0.447	0.475	0.339	0.390	0.394	0.384	0.377	0.397	0.392	0.390	0.399	0.406	0.391	0.413	0.315	0.407	0.438	0.442	0.454	0.454	0.458	0.461	0.456	0.454	0.455	0.460	0.328	0.345	0.381
2:11:12	37.0	0.408	0.402	0.409	0.403	0.406	0.412	0.404	0.418	0.421	0.408	0.437	0.406	0.392	0.401	0.375	0.381	0.395	0.388	0.391	0.405	0.399	0.391	0.403	0.325	0.415	0.432	0.432	0.441	0.448	0.457	0.455	0.476	0.463	0.460	0.460	0.319	0.401	0.432	0.444	0.449	0.453	0.458	0.444	0.457	0.454	0.455	0.487	0.347	0.401	0.408	0.396	0.387	0.402	0.399	0.399	0.405	0.413	0.398	0.419	0.320	0.420	0.447	0.450	0.461	0.461	0.467	0.471	0.463	0.463	0.463	0.469	0.335	0.351	0.388
2:15:12	37.0	0.416	0.409	0.415	0.406	0.415	0.413	0.414	0.414	0.424	0.412	0.442	0.411	0.399	0.405	0.389	0.394	0.407	0.396	0.397	0.415	0.400	0.396	0.413	0.321	0.426	0.440	0.439	0.450	0.455	0.467	0.464	0.484	0.472	0.469	0.470	0.326	0.408	0.441	0.449	0.457	0.457	0.465	0.456	0.467	0.462	0.464	0.501	0.341	0.414	0.420	0.407	0.393	0.410	0.403	0.403	0.413	0.419	0.402	0.426	0.332	0.429	0.459	0.462	0.472	0.472	0.475	0.480	0.475	0.474	0.471	0.479	0.333	0.360	0.392
2:19:12	37.0	0.427	0.411	0.416	0.413	0.419	0.418	0.415	0.424	0.423	0.416	0.446	0.417	0.404	0.412	0.387	0.398	0.406	0.398	0.405	0.422	0.409	0.408	0.414	0.331	0.421	0.445	0.447	0.457	0.464	0.474	0.474	0.492	0.480	0.481	0.478	0.330	0.406	0.444	0.455	0.463	0.467	0.467	0.464	0.477	0.472	0.471	0.504	0.365	0.426	0.431	0.415	0.399	0.420	0.405	0.405	0.420	0.425	0.408	0.429	0.334	0.441	0.468	0.473	0.482	0.482	0.484	0.489	0.484	0.483	0.479	0.487	0.347	0.361	0.395
2:23:12	37.1	0.430	0.429	0.421	0.412	0.432	0.420	0.421	0.430	0.423	0.419	0.450	0.425	0.406	0.416	0.396	0.401	0.417	0.407	0.409	0.417	0.415	0.399	0.420	0.334	0.430	0.448	0.455	0.465	0.468	0.478	0.479	0.499	0.490	0.487	0.487	0.340	0.421	0.450	0.458	0.466	0.471	0.484	0.470	0.481	0.482	0.471	0.509	0.377	0.435	0.439	0.421	0.405	0.424	0.410	0.414	0.426	0.435	0.412	0.440	0.340	0.451	0.478	0.484	0.493	0.492	0.493	0.499	0.495	0.493	0.491	0.499	0.351	0.368	0.398
2:27:12	37.0	0.434	0.427	0.427	0.418	0.427	0.417	0.427	0.432	0.432	0.423	0.453	0.429	0.403	0.423	0.402	0.406	0.417	0.415	0.413	0.440	0.420	0.415	0.426	0.334	0.442	0.449	0.460	0.471	0.477	0.489	0.482	0.502	0.495	0.497	0.494	0.336	0.429	0.454	0.467	0.475	0.483	0.493	0.476	0.487	0.490	0.490	0.513	0.374	0.445	0.447	0.425	0.414	0.435	0.422	0.423	0.432	0.444	0.423	0.452	0.353	0.460	0.486	0.492	0.502	0.504	0.504	0.508	0.504	0.504	0.502	0.509	0.357	0.370	0.397
2:31:12	37.0	0.442	0.433	0.423	0.416	0.438	0.426	0.424	0.429	0.437	0.423	0.450	0.433	0.417	0.431	0.411	0.418	0.423	0.421	0.422	0.439	0.423	0.410	0.420	0.342	0.442	0.451	0.467	0.478	0.478	0.494	0.491	0.509	0.499	0.501	0.504	0.345	0.426	0.456	0.466	0.475	0.487	0.492	0.479	0.491	0.491	0.490	0.526	0.393	0.454	0.452	0.431	0.421	0.450	0.437	0.435	0.441	0.453	0.436	0.460	0.360	0.470	0.496	0.502	0.512	0.513	0.514	0.519	0.515	0.515	0.513	0.520	0.369	0.375	0.398
2:35:12	37.0	0.446	0.434	0.434	0.423	0.439	0.428	0.426	0.435	0.449	0.424	0.456	0.441	0.411	0.424	0.417	0.414	0.428	0.424	0.421	0.447	0.424	0.417	0.434	0.355	0.449	0.466	0.467	0.478	0.485	0.499	0.494	0.513	0.503	0.508	0.509	0.349	0.426	0.461	0.475	0.479	0.493	0.494	0.483	0.495	0.487	0.494	0.526	0.403	0.463	0.458	0.439	0.432	0.461	0.447	0.445	0.448	0.462	0.443	0.466	0.368	0.480	0.506	0.512	0.522	0.522	0.523	0.527	0.525	0.524	0.525	0.532	0.375	0.376	0.401
2:39:12	37.0	0.454	0.450	0.436	0.426	0.441	0.433	0.439	0.432	0.452	0.420	0.456	0.448	0.424	0.428	0.425	0.429	0.441	0.423	0.424	0.448	0.431	0.423	0.442	0.367	0.456	0.471	0.479	0.489	0.485	0.501	0.497	0.515	0.509	0.516	0.510	0.355	0.441	0.466	0.478	0.485	0.496	0.502	0.489	0.500	0.504	0.494	0.526	0.409	0.473	0.466	0.450	0.446	0.471	0.457	0.454	0.457	0.464	0.448	0.472	0.362	0.489	0.515	0.520	0.532	0.533	0.534	0.541	0.536	0.533	0.536	0.542	0.380	0.381	0.401
2:43:12	37.0	0.458	0.435	0.439	0.432	0.443	0.442	0.436	0.438	0.449	0.422	0.464	0.456	0.424	0.445	0.425	0.432	0.439	0.434	0.426	0.448	0.424	0.416	0.439	0.384	0.457	0.478	0.485	0.484	0.494	0.503	0.503	0.520	0.513	0.515	0.511	0.363	0.440	0.470	0.483	0.493	0.507	0.502	0.495	0.501	0.515	0.504	0.536	0.417	0.483	0.475	0.460	0.456	0.477	0.462	0.462	0.464	0.468	0.452	0.479	0.382	0.497	0.525	0.529	0.542	0.544	0.545	0.550	0.548	0.543	0.545	0.554	0.382	0.388	0.407
2:47:12	37.0	0.464	0.448	0.435	0.430	0.446	0.432	0.418	0.437	0.457	0.442	0.458	0.478	0.436	0.447	0.432	0.432	0.445	0.429	0.430	0.453	0.431	0.422	0.435	0.388	0.476	0.483	0.490	0.494	0.502	0.507	0.508	0.525	0.521	0.515	0.512	0.371	0.456	0.473	0.492	0.499	0.514	0.510	0.499	0.499	0.518	0.503	0.541	0.428	0.498	0.483	0.467	0.465	0.483	0.470	0.471	0.469	0.476	0.457	0.486	0.388	0.505	0.535	0.541	0.553	0.555	0.555	0.562	0.558	0.554	0.556	0.565	0.387	0.398	0.417
2:51:12	37.0	0.461	0.447	0.448	0.432	0.446	0.446	0.419	0.449	0.469	0.451	0.449	0.473	0.439	0.456	0.437	0.437	0.452	0.424	0.428	0.459	0.429	0.419	0.433	0.395	0.484	0.486	0.500	0.495	0.507	0.512	0.517	0.527	0.527	0.509	0.511	0.371	0.458	0.475	0.493	0.512	0.513	0.513	0.506	0.508	0.519	0.505	0.543	0.430	0.505	0.489	0.473	0.470	0.488	0.475	0.479	0.473	0.480	0.461	0.489	0.380	0.514	0.543	0.549	0.562	0.563	0.564	0.570	0.568	0.565	0.565	0.574	0.381	0.403	0.414
2:55:12	37.0	0.466	0.444	0.436	0.432	0.452	0.452	0.427	0.456	0.438	0.448	0.483	0.469	0.450	0.455	0.436	0.437	0.446	0.430	0.430	0.456	0.440	0.425	0.451	0.408	0.481	0.482	0.505	0.495	0.512	0.519	0.522	0.537	0.535	0.510	0.507	0.377	0.468	0.483	0.495	0.520	0.524	0.518	0.512	0.515	0.531	0.513	0.558	0.448	0.505	0.494	0.480	0.477	0.493	0.480	0.485	0.478	0.489	0.468	0.498	0.393	0.522	0.552	0.559	0.572	0.574	0.575	0.580	0.579	0.575	0.575	0.584	0.380	0.407	0.435
2:59:12	37.0	0.473	0.444	0.450	0.439	0.469	0.433	0.436	0.444	0.458	0.447	0.483	0.469	0.448	0.463	0.442	0.438	0.456	0.432	0.446	0.433	0.424	0.425	0.438	0.405	0.497	0.488	0.508	0.488	0.519	0.521	0.521	0.545	0.542	0.511	0.508	0.384	0.477	0.487	0.488	0.512	0.532	0.519	0.512	0.517	0.527	0.513	0.534	0.449	0.509	0.499	0.484	0.481	0.496	0.483	0.493	0.481	0.491	0.470	0.501	0.410	0.530	0.562	0.568	0.582	0.585	0.584	0.590	0.590	0.585	0.585	0.593	0.380	0.415	0.448
3:03:12	37.0	0.473	0.453	0.438	0.445	0.473	0.447	0.456	0.463	0.471	0.460	0.494	0.474	0.464	0.463	0.439	0.438	0.443	0.434	0.453	0.483	0.462	0.418	0.432	0.428	0.487	0.504	0.510	0.488	0.520	0.524	0.525	0.549	0.543	0.517	0.504	0.395	0.475	0.488	0.508	0.529	0.528	0.521	0.512	0.517	0.524	0.510	0.553	0.451	0.515	0.505	0.490	0.484	0.500	0.484	0.496	0.484	0.494	0.474	0.507	0.419	0.535	0.570	0.577	0.590	0.594	0.594	0.600	0.600	0.593	0.594	0.600	0.386	0.417	0.460
3:07:12	37.0	0.461	0.437	0.456	0.436	0.481	0.446	0.458	0.465	0.476	0.464	0.494	0.473	0.467	0.473	0.442	0.447	0.464	0.435	0.448	0.498	0.430	0.432	0.458	0.432	0.490	0.500	0.515	0.481	0.531	0.528	0.534	0.547	0.548	0.518	0.507	0.407	0.490	0.494	0.496	0.535	0.526	0.529	0.505	0.531	0.511	0.512	0.562	0.465	0.522	0.508	0.494	0.488	0.505	0.493	0.499	0.488	0.497	0.477	0.508	0.422	0.541	0.580	0.586	0.600	0.605	0.603	0.611	0.610	0.606	0.605	0.611	0.401	0.421	0.475
3:11:12	37.0	0.480	0.452	0.445	0.447	0.481	0.463	0.459	0.462	0.471	0.454	0.494	0.470	0.464	0.464	0.439	0.452	0.452	0.438	0.467	0.479	0.466	0.443	0.467	0.425	0.491	0.495	0.515	0.484	0.526	0.538	0.532	0.546	0.554	0.520	0.521	0.414	0.491	0.485	0.512	0.525	0.529	0.522	0.510	0.530	0.514	0.521	0.555	0.469	0.528	0.513	0.499	0.491	0.508	0.493	0.504	0.490	0.499	0.478	0.508	0.421	0.545	0.589	0.596	0.609	0.615	0.610	0.621	0.621	0.616	0.614	0.621	0.404	0.427	0.493
3:15:12	37.0	0.470	0.438	0.470	0.453	0.483	0.469	0.465	0.466	0.471	0.461	0.504	0.476	0.464	0.456	0.450	0.456	0.495	0.441	0.468	0.486	0.466	0.450	0.465	0.427	0.473	0.500	0.531	0.484	0.525	0.532	0.530	0.539	0.568	0.525	0.510	0.414	0.481	0.496	0.503	0.536	0.543	0.522	0.522	0.540	0.540	0.529	0.565	0.473	0.533	0.517	0.502	0.495	0.511	0.499	0.504	0.492	0.503	0.477	0.508	0.421	0.552	0.597	0.606	0.619	0.625	0.623	0.632	0.630	0.627	0.624	0.630	0.408	0.438	0.512
3:19:12	37.0	0.510	0.437	0.477	0.468	0.478	0.469	0.466	0.465	0.472	0.473	0.510	0.481	0.479	0.466	0.427	0.443	0.470	0.446	0.473	0.497	0.464	0.454	0.463	0.436	0.496	0.504	0.515	0.479	0.522	0.542	0.535	0.546	0.560	0.523	0.513	0.418	0.480	0.482	0.507	0.535	0.531	0.532	0.518	0.537	0.529	0.533	0.574	0.484	0.537	0.521	0.507	0.498	0.512	0.502	0.507	0.494	0.504	0.478	0.510	0.433	0.556	0.604	0.614	0.627	0.633	0.631	0.640	0.639	0.635	0.632	0.638	0.417	0.448	0.524
3:23:12	37.0	0.488	0.479	0.479	0.466	0.475	0.472	0.466	0.473	0.484	0.478	0.512	0.485	0.487	0.460	0.469	0.464	0.482	0.456	0.474	0.504	0.469	0.448	0.469	0.439	0.512	0.492	0.514	0.481	0.530	0.534	0.530	0.543	0.560	0.533	0.508	0.420	0.489	0.480	0.501	0.535	0.538	0.532	0.508	0.535	0.537	0.542	0.580	0.482	0.543	0.527	0.512	0.502	0.514	0.506	0.503	0.494	0.504	0.487	0.515	0.438	0.563	0.611	0.623	0.637	0.644	0.641	0.648	0.648	0.645	0.641	0.647	0.418	0.457	0.535
3:27:12	37.0	0.505	0.467	0.474	0.469	0.484	0.467	0.469	0.478	0.488	0.478	0.513	0.487	0.461	0.494	0.447	0.472	0.479	0.462	0.478	0.508	0.463	0.457	0.473	0.447	0.480	0.490	0.525	0.471	0.533	0.534	0.533	0.555	0.568	0.530	0.500	0.422	0.482	0.492	0.501	0.521	0.546	0.526	0.513	0.537	0.533	0.524	0.573	0.481	0.547	0.532	0.516	0.507	0.515	0.505	0.502	0.502	0.506	0.472	0.515	0.441	0.571	0.620	0.633	0.647	0.654	0.651	0.659	0.657	0.653	0.651	0.656	0.420	0.458	0.551
3:31:12	37.0	0.499	0.469	0.483	0.468	0.485	0.474	0.475	0.484	0.492	0.480	0.516	0.487	0.496	0.477	0.474	0.475	0.477	0.466	0.477	0.516	0.475	0.464	0.481	0.443	0.524	0.502	0.516	0.492	0.514	0.541	0.534	0.541	0.571	0.514	0.513	0.427	0.491	0.486	0.518	0.527	0.526	0.524	0.531	0.531	0.524	0.550	0.587	0.485	0.552	0.536	0.521	0.511	0.515	0.506	0.510	0.502	0.513	0.486	0.521	0.440	0.578	0.628	0.642	0.656	0.663	0.661	0.667	0.667	0.662	0.658	0.663	0.422	0.466	0.564
3:35:12	37.0	0.496	0.470	0.481	0.462	0.486	0.477	0.482	0.483	0.490	0.478	0.519	0.490	0.477	0.476	0.476	0.479	0.478	0.465	0.480	0.520	0.478	0.469	0.484	0.444	0.524	0.474	0.522	0.491	0.542	0.531	0.524	0.548	0.565	0.523	0.506	0.430	0.477	0.495	0.511	0.524	0.534	0.521	0.501	0.537	0.533	0.538	0.570	0.485	0.556	0.541	0.524	0.512	0.514	0.509	0.506	0.504	0.518	0.495	0.525	0.444	0.587	0.636	0.651	0.666	0.673	0.670	0.678	0.677	0.672	0.668	0.674	0.428	0.471	0.576
3:39:12	37.0	0.485	0.472	0.488	0.464	0.489	0.482	0.486	0.483	0.492	0.480	0.525	0.496	0.477	0.483	0.466	0.481	0.489	0.465	0.488	0.528	0.483	0.471	0.486	0.450	0.468	0.510	0.531	0.503	0.532	0.526	0.521	0.553	0.551	0.518	0.503	0.436	0.479	0.520	0.495	0.540	0.538	0.516	0.493	0.524	0.532	0.548	0.584	0.490	0.561	0.546	0.527	0.514	0.512	0.513	0.511	0.506	0.526	0.505	0.535	0.446	0.594	0.645	0.658	0.674	0.683	0.679	0.686	0.686	0.680	0.675	0.681	0.432	0.473	0.585
3:43:12	37.0	0.502	0.476	0.485	0.467	0.492	0.485	0.490	0.485	0.495	0.483	0.530	0.499	0.495	0.483	0.472	0.475	0.491	0.471	0.489	0.532	0.487	0.472	0.488	0.451	0.506	0.513	0.516	0.480	0.533	0.534	0.543	0.545	0.566	0.535	0.506	0.437	0.514	0.521	0.505	0.533	0.550	0.529	0.526	0.547	0.545	0.550	0.583	0.491	0.568	0.552	0.533	0.513	0.514	0.520	0.523	0.516	0.534	0.516	0.547	0.449	0.602	0.655	0.669	0.684	0.692	0.689	0.695	0.697	0.690	0.685	0.688	0.435	0.475	0.598
3:47:12	37.0	0.492	0.475	0.488	0.469	0.494	0.487	0.495	0.489	0.500	0.486	0.538	0.504	0.481	0.490	0.469	0.480	0.494	0.480	0.491	0.537	0.492	0.476	0.493	0.451	0.518	0.503	0.525	0.502	0.537	0.535	0.551	0.572	0.563	0.515	0.505	0.437	0.516	0.514	0.502	0.546	0.555	0.526	0.532	0.549	0.547	0.554	0.583	0.493	0.574	0.559	0.534	0.512	0.525	0.535	0.533	0.525	0.534	0.527	0.552	0.452	0.610	0.665	0.678	0.693	0.704	0.698	0.703	0.706	0.700	0.692	0.697	0.438	0.477	0.610
3:51:12	37.0	0.494	0.477	0.489	0.471	0.497	0.491	0.499	0.492	0.506	0.491	0.543	0.508	0.499	0.492	0.468	0.482	0.497	0.484	0.493	0.540	0.499	0.479	0.495	0.456	0.532	0.509	0.530	0.509	0.534	0.542	0.544	0.561	0.566	0.519	0.486	0.442	0.502	0.519	0.510	0.541	0.553	0.533	0.540	0.547	0.542	0.560	0.596	0.498	0.579	0.564	0.537	0.516	0.537	0.542	0.536	0.530	0.535	0.529	0.553	0.457	0.618	0.674	0.685	0.701	0.712	0.709	0.715	0.714	0.708	0.700	0.703	0.441	0.477	0.613
3:55:12	37.0	0.498	0.478	0.483	0.474	0.501	0.496	0.503	0.497	0.512	0.493	0.550	0.512	0.500	0.487	0.463	0.483	0.501	0.488	0.497	0.543	0.504	0.484	0.503	0.453	0.522	0.519	0.532	0.514	0.538	0.542	0.555	0.559	0.579	0.534	0.487	0.443	0.506	0.526	0.511	0.546	0.560	0.540	0.534	0.555	0.553	0.555	0.586	0.502	0.586	0.569	0.539	0.518	0.540	0.543	0.539	0.533	0.538	0.533	0.557	0.456	0.621	0.683	0.693	0.707	0.719	0.713	0.723	0.723	0.717	0.708	0.712	0.444	0.481	0.619
3:59:12	37.0	0.499	0.477	0.498	0.481	0.504	0.502	0.507	0.503	0.517	0.497	0.558	0.516	0.495	0.491	0.465	0.484	0.503	0.491	0.501	0.549	0.510	0.488	0.510	0.463	0.518	0.498	0.543	0.517	0.545	0.537	0.558	0.566	0.558	0.528	0.495	0.447	0.509	0.510	0.496	0.558	0.555	0.541	0.538	0.552	0.548	0.561	0.586	0.505	0.592	0.579	0.549	0.527	0.546	0.549	0.545	0.538	0.539	0.542	0.558	0.456	0.633	0.692	0.702	0.719	0.731	0.722	0.731	0.732	0.727	0.717	0.721	0.444	0.486	0.626
4:03:12	37.0	0.498	0.482	0.498	0.486	0.509	0.507	0.514	0.507	0.521	0.498	0.563	0.519	0.500	0.499	0.474	0.484	0.506	0.497	0.502	0.555	0.518	0.493	0.517	0.462	0.520	0.499	0.540	0.524	0.543	0.536	0.563	0.570	0.566	0.527	0.490	0.452	0.520	0.518	0.509	0.546	0.557	0.534	0.542	0.552	0.557	0.556	0.593	0.512	0.599	0.578	0.548	0.532	0.551	0.550	0.546	0.536	0.550	0.540	0.560	0.458	0.635	0.701	0.711	0.727	0.740	0.729	0.739	0.742	0.735	0.724	0.727	0.448	0.486	0.635
4:07:12	37.0	0.504	0.483	0.501	0.489	0.514	0.510	0.515	0.509	0.525	0.502	0.570	0.525	0.502	0.489	0.471	0.489	0.509	0.502	0.506	0.564	0.523	0.498	0.522	0.463	0.520	0.504	0.539	0.522	0.552	0.536	0.553	0.563	0.560	0.523	0.508	0.454	0.523	0.519	0.500	0.553	0.562	0.532	0.557	0.552	0.552	0.564	0.593	0.516	0.599	0.581	0.544	0.533	0.551	0.554	0.543	0.531	0.561	0.546	0.557	0.461	0.640	0.706	0.718	0.736	0.745	0.736	0.744	0.750	0.743	0.732	0.735	0.448	0.490	0.636
4:11:12	37.0	0.500	0.488	0.498	0.492	0.520	0.518	0.520	0.518	0.534	0.510	0.578	0.528	0.501	0.488	0.465	0.493	0.514	0.507	0.511	0.575	0.526	0.504	0.526	0.465	0.517	0.510	0.541	0.512	0.545	0.536	0.552	0.556	0.570	0.521	0.499	0.457	0.504	0.518	0.501	0.558	0.565	0.531	0.557	0.541	0.550	0.561	0.584	0.521	0.606	0.587	0.555	0.539	0.556	0.558	0.553	0.540	0.566	0.555	0.569	0.464	0.651	0.716	0.726	0.743	0.750	0.742	0.750	0.757	0.749	0.737	0.741	0.449	0.498	0.642
4:15:12	37.0	0.508	0.489	0.498	0.497	0.524	0.524	0.528	0.526	0.543	0.518	0.585	0.534	0.502	0.498	0.480	0.499	0.519	0.511	0.518	0.581	0.530	0.511	0.532	0.469	0.514	0.506	0.529	0.527	0.547	0.535	0.560	0.551	0.563	0.529	0.503	0.461	0.513	0.509	0.517	0.557	0.560	0.549	0.556	0.554	0.553	0.563	0.589	0.524	0.611	0.592	0.566	0.551	0.568	0.570	0.566	0.550	0.572	0.563	0.580	0.467	0.661	0.725	0.734	0.751	0.760	0.751	0.755	0.767	0.755	0.745	0.746	0.453	0.502	0.647
4:19:12	37.1	0.507	0.487	0.500	0.501	0.530	0.530	0.534	0.529	0.548	0.521	0.591	0.538	0.502	0.497	0.477	0.502	0.523	0.516	0.522	0.587	0.537	0.514	0.537	0.474	0.521	0.504	0.530	0.524	0.546	0.532	0.560	0.549	0.561	0.520	0.502	0.463	0.526	0.513	0.507	0.561	0.558	0.535	0.554	0.542	0.557	0.559	0.596	0.531	0.618	0.598	0.567	0.560	0.578	0.580	0.575	0.569	0.578	0.569	0.591	0.468	0.668	0.732	0.743	0.759	0.766	0.758	0.763	0.773	0.763	0.750	0.754	0.454	0.499	0.654
4:23:12	37.0	0.512	0.494	0.503	0.507	0.536	0.534	0.541	0.533	0.552	0.528	0.596	0.541	0.489	0.503	0.482	0.506	0.527	0.522	0.529	0.596	0.545	0.518	0.544	0.475	0.514	0.516	0.545	0.530	0.553	0.526	0.564	0.548	0.567	0.519	0.510	0.468	0.522	0.511	0.510	0.559	0.556	0.543	0.559	0.554	0.557	0.568	0.606	0.538	0.626	0.602	0.577	0.568	0.584	0.588	0.583	0.577	0.584	0.576	0.598	0.473	0.677	0.742	0.751	0.767	0.776	0.768	0.770	0.771	0.771	0.757	0.760	0.456	0.505	0.655
4:27:12	37.0	0.512	0.496	0.508	0.514	0.543	0.541	0.547	0.541	0.559	0.538	0.605	0.547	0.508	0.515	0.484	0.511	0.532	0.529	0.536	0.605	0.557	0.527	0.556	0.477	0.525	0.525	0.543	0.533	0.550	0.526	0.566	0.554	0.557	0.524	0.513	0.471	0.532	0.518	0.509	0.559	0.559	0.544	0.561	0.547	0.561	0.573	0.596	0.546	0.631	0.608	0.583	0.576	0.588	0.592	0.589	0.582	0.588	0.580	0.602	0.477	0.685	0.750	0.757	0.776	0.783	0.776	0.775	0.776	0.777	0.764	0.768	0.460	0.520	0.657
4:31:12	37.0	0.513	0.496	0.512	0.522	0.547	0.547	0.550	0.550	0.567	0.544	0.613	0.551	0.507	0.505	0.478	0.515	0.536	0.534	0.538	0.612	0.561	0.535	0.561	0.480	0.518	0.513	0.545	0.532	0.547	0.523	0.558	0.556	0.567	0.532	0.511	0.475	0.534	0.517	0.523	0.554	0.555	0.550	0.560	0.561	0.567	0.570	0.599	0.553	0.637	0.615	0.589	0.582	0.593	0.598	0.594	0.587	0.592	0.583	0.600	0.481	0.692	0.758	0.763	0.783	0.788	0.781	0.781	0.782	0.782	0.772	0.774	0.463	0.533	0.661
4:35:12	37.1	0.521	0.499	0.519	0.528	0.554	0.550	0.554	0.554	0.573	0.548	0.618	0.556	0.502	0.509	0.484	0.520	0.541	0.540	0.543	0.621	0.567	0.542	0.568	0.485	0.519	0.519	0.548	0.532	0.559	0.524	0.557	0.553	0.571	0.528	0.519	0.477	0.535	0.522	0.517	0.553	0.551	0.548	0.560	0.550	0.559	0.571	0.598	0.558	0.646	0.622	0.598	0.586	0.596	0.601	0.597	0.588	0.596	0.589	0.602	0.486	0.699	0.764	0.770	0.788	0.793	0.785	0.788	0.786	0.788	0.777	0.779	0.463	0.548	0.671
4:39:12	37.0	0.521	0.503	0.522	0.534	0.558	0.553	0.559	0.557	0.579	0.554	0.624	0.561	0.508	0.512	0.491	0.524	0.547	0.545	0.550	0.627	0.572	0.549	0.573	0.489	0.525	0.524	0.544	0.529	0.553	0.526	0.562	0.557	0.572	0.534	0.525	0.483	0.531	0.523	0.520	0.548	0.552	0.546	0.564	0.558	0.562	0.573	0.603	0.569	0.651	0.626	0.602	0.592	0.599	0.604	0.598	0.594	0.602	0.594	0.602	0.489	0.706	0.772	0.777	0.796	0.800	0.793	0.794	0.796	0.795	0.783	0.786	0.468	0.556	0.674
4:43:12	37.0	0.527	0.505	0.527	0.541	0.563	0.561	0.565	0.561	0.586	0.559	0.630	0.565	0.510	0.512	0.496	0.532	0.551	0.552	0.556	0.636	0.579	0.555	0.579	0.493	0.525	0.528	0.545	0.533	0.559	0.531	0.568	0.559	0.571	0.536	0.524	0.485	0.532	0.516	0.528	0.548	0.553	0.548	0.569	0.551	0.578	0.571	0.599	0.581	0.656	0.631	0.611	0.596	0.603	0.609	0.603	0.597	0.607	0.600	0.602	0.495	0.712	0.780	0.782	0.799	0.803	0.800	0.798	0.803	0.799	0.791	0.793	0.472	0.551	0.677
4:47:12	37.0	0.532	0.508	0.533	0.545	0.571	0.571	0.572	0.570	0.594	0.567	0.636	0.571	0.512	0.520	0.504	0.541	0.556	0.560	0.564	0.644	0.586	0.562	0.588	0.496	0.531	0.529	0.548	0.534	0.565	0.527	0.559	0.557	0.573	0.533	0.533	0.490	0.527	0.522	0.520	0.544	0.559	0.549	0.571	0.562	0.575	0.580	0.602	0.583	0.660	0.637	0.615	0.599	0.608	0.611	0.604	0.601	0.614	0.606	0.604	0.499	0.719	0.783	0.789	0.803	0.806	0.803	0.805	0.809	0.804	0.797	0.796	0.473	0.551	0.683
4:51:12	37.0	0.535	0.509	0.536	0.548	0.575	0.577	0.576	0.575	0.602	0.575	0.645	0.574	0.517	0.519	0.507	0.548	0.563	0.565	0.573	0.654	0.593	0.566	0.595	0.501	0.529	0.521	0.549	0.531	0.565	0.534	0.566	0.558	0.582	0.536	0.537	0.493	0.528	0.524	0.520	0.544	0.557	0.554	0.577	0.564	0.585	0.577	0.615	0.591	0.668	0.641	0.620	0.602	0.610	0.614	0.606	0.605	0.618	0.612	0.606	0.505	0.725	0.788	0.796	0.806	0.813	0.808	0.810	0.815	0.810	0.801	0.802	0.476	0.546	0.682
4:55:12	37.0	0.542	0.518	0.544	0.558	0.581	0.583	0.584	0.585	0.611	0.581	0.652	0.582	0.521	0.524	0.510	0.552	0.568	0.573	0.580	0.661	0.600	0.574	0.601	0.505	0.527	0.532	0.551	0.535	0.563	0.535	0.567	0.561	0.583	0.538	0.545	0.497	0.533	0.518	0.527	0.544	0.564	0.556	0.579	0.568	0.578	0.570	0.611	0.594	0.676	0.645	0.624	0.605	0.615	0.617	0.610	0.609	0.625	0.617	0.608	0.511	0.731	0.793	0.799	0.809	0.815	0.811	0.815	0.820	0.814	0.806	0.808	0.481	0.544	0.683
4:59:12	37.0	0.545	0.522	0.551	0.566	0.589	0.587	0.590	0.593	0.618	0.586	0.659	0.589	0.525	0.529	0.514	0.559	0.574	0.580	0.585	0.670	0.609	0.581	0.607	0.511	0.535	0.539	0.551	0.535	0.569	0.541	0.564	0.560	0.586	0.539	0.548	0.503	0.532	0.529	0.525	0.538	0.565	0.554	0.580	0.569	0.582	0.582	0.617	0.600	0.679	0.651	0.628	0.610	0.618	0.622	0.613	0.613	0.633	0.627	0.612	0.516	0.737	0.797	0.805	0.815	0.820	0.813	0.820	0.825	0.819	0.809	0.813	0.481	0.540	0.681
5:03:12	37.0	0.551	0.526	0.559	0.573	0.597	0.593	0.596	0.601	0.626	0.593	0.666	0.596	0.529	0.535	0.518	0.566	0.582	0.582	0.593	0.679	0.614	0.587	0.613	0.516	0.534	0.530	0.550	0.534	0.574	0.547	0.571	0.566	0.599	0.546	0.558	0.510	0.533	0.522	0.531	0.549	0.567	0.564	0.585	0.576	0.591	0.586	0.608	0.610	0.686	0.657	0.632	0.615	0.622	0.624	0.616	0.616	0.640	0.634	0.615	0.522	0.742	0.802	0.810	0.819	0.823	0.818	0.826	0.831	0.825	0.815	0.817	0.487	0.544	0.674
5:07:12	37.0	0.557	0.529	0.568	0.579	0.605	0.605	0.606	0.613	0.636	0.603	0.673	0.604	0.537	0.541	0.524	0.574	0.590	0.588	0.602	0.688	0.624	0.594	0.622	0.520	0.533	0.523	0.556	0.539	0.573	0.553	0.573	0.572	0.601	0.554	0.562	0.512	0.540	0.533	0.530	0.551	0.569	0.569	0.586	0.582	0.592	0.586	0.608	0.616	0.693	0.660	0.636	0.618	0.626	0.625	0.618	0.620	0.648	0.639	0.618	0.526	0.748	0.806	0.813	0.821	0.824	0.821	0.833	0.836	0.829	0.820	0.826	0.489	0.543	0.664
5:11:12	37.0	0.560	0.534	0.578	0.583	0.613	0.610	0.610	0.619	0.642	0.608	0.680	0.609	0.543	0.546	0.529	0.581	0.598	0.593	0.609	0.696	0.630	0.597	0.628	0.522	0.534	0.535	0.557	0.539	0.577	0.563	0.576	0.578	0.608	0.553	0.572	0.516	0.531	0.534	0.534	0.556	0.576	0.572	0.587	0.588	0.598	0.598	0.612	0.625	0.701	0.669	0.642	0.623	0.631	0.627	0.621	0.624	0.656	0.648	0.625	0.535	0.752	0.810	0.818	0.824	0.826	0.823	0.832	0.842	0.834	0.824	0.826	0.495	0.551	0.664
5:15:12	37.0	0.567	0.539	0.588	0.588	0.622	0.621	0.619	0.628	0.649	0.613	0.688	0.617	0.550	0.552	0.535	0.590	0.608	0.601	0.617	0.705	0.638	0.602	0.636	0.526	0.535	0.533	0.559	0.541	0.583	0.567	0.583	0.585	0.613	0.568	0.584	0.519	0.538	0.540	0.536	0.558	0.577	0.577	0.598	0.594	0.601	0.602	0.630	0.628	0.709	0.675	0.645	0.624	0.635	0.630	0.622	0.626	0.664	0.656	0.629	0.540	0.757	0.816	0.823	0.829	0.832	0.828	0.837	0.846	0.840	0.827	0.833	0.497	0.550	0.699
5:19:12	37.1	0.572	0.543	0.598	0.597	0.631	0.630	0.629	0.637	0.656	0.622	0.694	0.625	0.558	0.556	0.541	0.600	0.617	0.610	0.623	0.714	0.645	0.607	0.641	0.532	0.541	0.542	0.563	0.545	0.582	0.577	0.584	0.595	0.619	0.574	0.588	0.524	0.535	0.542	0.542	0.564	0.584	0.589	0.596	0.602	0.605	0.608	0.610	0.638	0.712	0.681	0.649	0.626	0.642	0.634	0.624	0.629	0.670	0.663	0.633	0.547	0.762	0.823	0.828	0.832	0.833	0.832	0.842	0.853	0.845	0.828	0.835	0.501	0.552	0.726
5:23:12	37.0	0.581	0.546	0.607	0.604	0.641	0.637	0.637	0.645	0.663	0.630	0.702	0.633	0.565	0.565	0.550	0.611	0.628	0.621	0.631	0.725	0.655	0.617	0.649	0.539	0.543	0.543	0.567	0.550	0.584	0.583	0.594	0.599	0.626	0.583	0.596	0.529	0.542	0.548	0.544	0.570	0.593	0.596	0.607	0.609	0.612	0.620	0.612	0.649	0.720	0.689	0.654	0.629	0.645	0.636	0.625	0.630	0.678	0.667	0.641	0.552	0.767	0.826	0.840	0.836	0.838	0.835	0.848	0.861	0.848	0.830	0.838	0.506	0.545	0.706
5:27:12	37.0	0.590	0.553	0.615	0.613	0.650	0.646	0.646	0.651	0.670	0.636	0.708	0.640	0.571	0.569	0.562	0.618	0.636	0.627	0.637	0.733	0.659	0.622	0.655	0.545	0.546	0.547	0.571	0.556	0.587	0.589	0.604	0.606	0.633	0.592	0.607	0.535	0.546	0.552	0.553	0.578	0.600	0.604	0.613	0.619	0.622	0.629	0.624	0.660	0.729	0.695	0.657	0.631	0.650	0.639	0.628	0.633	0.686	0.676	0.643	0.564	0.773	0.831	0.838	0.839	0.843	0.841	0.854	0.877	0.851	0.831	0.845	0.512	0.549	0.711
5:31:12	37.0	0.600	0.559	0.624	0.624	0.660	0.656	0.655	0.659	0.678	0.644	0.715	0.650	0.578	0.575	0.574	0.628	0.643	0.635	0.643	0.741	0.667	0.629	0.663	0.551	0.551	0.546	0.574	0.563	0.591	0.597	0.613	0.614	0.643	0.602	0.618	0.538	0.555	0.557	0.560	0.587	0.605	0.614	0.620	0.626	0.625	0.638	0.626	0.666	0.735	0.700	0.660	0.635	0.664	0.644	0.632	0.637	0.694	0.687	0.648	0.570	0.778	0.836	0.836	0.843	0.846	0.844	0.860	0.885	0.855	0.834	0.848	0.516	0.550	0.720
5:35:12	37.0	0.614	0.564	0.632	0.636	0.668	0.664	0.663	0.665	0.684	0.648	0.722	0.657	0.584	0.582	0.583	0.634	0.651	0.643	0.652	0.750	0.675	0.633	0.669	0.558	0.556	0.550	0.583	0.573	0.595	0.604	0.622	0.622	0.649	0.611	0.623	0.544	0.560	0.563	0.567	0.596	0.617	0.621	0.627	0.633	0.632	0.647	0.635	0.679	0.741	0.705	0.667	0.638	0.664	0.646	0.635	0.640	0.701	0.694	0.650	0.578	0.783	0.840	0.837	0.852	0.851	0.849	0.866	0.886	0.860	0.831	0.853	0.525	0.560	0.714
5:39:12	37.0	0.626	0.578	0.640	0.647	0.678	0.672	0.673	0.675	0.693	0.658	0.729	0.668	0.591	0.589	0.593	0.642	0.661	0.651	0.661	0.760	0.684	0.644	0.678	0.566	0.564	0.555	0.592	0.586	0.602	0.613	0.631	0.629	0.659	0.619	0.632	0.546	0.568	0.571	0.576	0.604	0.625	0.632	0.635	0.642	0.641	0.655	0.635	0.690	0.747	0.711	0.673	0.640	0.667	0.649	0.638	0.644	0.709	0.700	0.651	0.582	0.787	0.844	0.839	0.852	0.855	0.853	0.869	0.888	0.860	0.830	0.856	0.528	0.560	0.726
5:43:12	37.0	0.636	0.584	0.647	0.656	0.685	0.680	0.681	0.681	0.701	0.666	0.736	0.675	0.598	0.597	0.600	0.647	0.670	0.659	0.668	0.769	0.691	0.651	0.685	0.573	0.572	0.561	0.598	0.598	0.609	0.621	0.638	0.638	0.665	0.628	0.641	0.552	0.575	0.577	0.584	0.614	0.634	0.640	0.642	0.649	0.648	0.662	0.643	0.702	0.752	0.716	0.678	0.644	0.668	0.653	0.642	0.645	0.717	0.708	0.653	0.590	0.792	0.849	0.842	0.857	0.857	0.857	0.871	0.890	0.863	0.831	0.866	0.536	0.556	0.742
5:47:12	37.0	0.647	0.598	0.655	0.668	0.695	0.690	0.690	0.690	0.710	0.675	0.744	0.686	0.610	0.606	0.610	0.656	0.680	0.666	0.676	0.780	0.699	0.661	0.693	0.582	0.580	0.566	0.606	0.606	0.616	0.628	0.648	0.646	0.674	0.638	0.650	0.561	0.583	0.584	0.593	0.622	0.645	0.649	0.650	0.656	0.657	0.670	0.648	0.715	0.755	0.722	0.681	0.646	0.669	0.654	0.643	0.647	0.723	0.715	0.653	0.596	0.796	0.852	0.848	0.861	0.862	0.860	0.882	0.891	0.864	0.832	0.871	0.540	0.561	0.752
5:51:12	37.0	0.658	0.612	0.663	0.678	0.703	0.697	0.696	0.695	0.715	0.680	0.750	0.692	0.621	0.615	0.618	0.665	0.687	0.673	0.683	0.787	0.705	0.668	0.698	0.587	0.588	0.572	0.615	0.616	0.622	0.637	0.654	0.655	0.681	0.647	0.661	0.570	0.592	0.591	0.601	0.631	0.653	0.658	0.658	0.665	0.665	0.678	0.650	0.727	0.762	0.728	0.686	0.650	0.674	0.656	0.647	0.653	0.732	0.724	0.656	0.606	0.801	0.857	0.850	0.866	0.867	0.859	0.894	0.893	0.870	0.835	0.878	0.547	0.556	0.732
5:55:12	37.0	0.671	0.621	0.672	0.690	0.713	0.705	0.705	0.703	0.722	0.687	0.756	0.700	0.627	0.624	0.629	0.674	0.696	0.682	0.692	0.793	0.713	0.674	0.707	0.591	0.598	0.579	0.623	0.623	0.631	0.644	0.664	0.663	0.688	0.654	0.668	0.576	0.597	0.601	0.606	0.638	0.660	0.666	0.663	0.673	0.672	0.684	0.645	0.735	0.764	0.733	0.689	0.651	0.672	0.656	0.649	0.654	0.737	0.727	0.656	0.609	0.806	0.860	0.853	0.870	0.872	0.856	0.898	0.892	0.874	0.837	0.880	0.548	0.565	0.697
5:59:12	37.0	0.682	0.635	0.680	0.703	0.721	0.713	0.713	0.711	0.730	0.696	0.762	0.709	0.640	0.633	0.640	0.683	0.704	0.690	0.699	0.801	0.718	0.682	0.714	0.599	0.607	0.585	0.630	0.633	0.639	0.653	0.671	0.671	0.695	0.662	0.675	0.586	0.605	0.609	0.620	0.647	0.669	0.676	0.673	0.681	0.679	0.692	0.650	0.748	0.769	0.737	0.692	0.656	0.674	0.658	0.653	0.659	0.746	0.733	0.659	0.618	0.812	0.864	0.854	0.874	0.877	0.856	0.902	0.894	0.879	0.837	0.884	0.557	0.567	0.657
6:03:12	37.0	0.691	0.647	0.690	0.714	0.730	0.722	0.721	0.718	0.739	0.705	0.769	0.717	0.649	0.645	0.653	0.694	0.715	0.699	0.707	0.808	0.725	0.690	0.722	0.606	0.615	0.592	0.639	0.641	0.647	0.660	0.681	0.678	0.704	0.669	0.682	0.594	0.614	0.619	0.624	0.657	0.676	0.685	0.683	0.689	0.688	0.700	0.649	0.760	0.775	0.742	0.695	0.659	0.677	0.661	0.656	0.662	0.753	0.737	0.660	0.627	0.816	0.868	0.857	0.878	0.880	0.855	0.907	0.896	0.881	0.841	0.887	0.563	0.569	0.649
6:07:12	37.0	0.700	0.655	0.699	0.726	0.738	0.729	0.727	0.726	0.744	0.711	0.774	0.726	0.663	0.656	0.664	0.705	0.724	0.707	0.715	0.816	0.733	0.698	0.729	0.615	0.624	0.600	0.647	0.650	0.655	0.669	0.690	0.689	0.710	0.674	0.687	0.604	0.621	0.626	0.630	0.665	0.684	0.694	0.690	0.696	0.696	0.706	0.656	0.771	0.780	0.748	0.698	0.662	0.682	0.666	0.660	0.664	0.758	0.744	0.662	0.635	0.821	0.872	0.859	0.882	0.885	0.855	0.911	0.897	0.887	0.842	0.890	0.573	0.569	0.633
6:11:12	37.0	0.711	0.666	0.709	0.736	0.746	0.735	0.735	0.732	0.752	0.721	0.781	0.735	0.673	0.669	0.675	0.716	0.733	0.717	0.724	0.823	0.740	0.708	0.737	0.623	0.632	0.609	0.655	0.659	0.662	0.678	0.699	0.697	0.719	0.683	0.697	0.613	0.629	0.634	0.637	0.672	0.692	0.702	0.698	0.704	0.704	0.714	0.665	0.783	0.786	0.755	0.701	0.666	0.683	0.668	0.663	0.668	0.765	0.751	0.664	0.641	0.825	0.875	0.861	0.885	0.889	0.855	0.914	0.900	0.891	0.845	0.894	0.578	0.579	0.652
6:15:12	37.0	0.723	0.677	0.718	0.745	0.752	0.741	0.740	0.738	0.757	0.727	0.786	0.742	0.683	0.680	0.684	0.724	0.741	0.725	0.731	0.831	0.746	0.714	0.744	0.633	0.641	0.615	0.663	0.666	0.670	0.686	0.706	0.704	0.726	0.690	0.707	0.624	0.637	0.643	0.646	0.681	0.701	0.710	0.707	0.713	0.712	0.720	0.672	0.793	0.790	0.763	0.706	0.671	0.686	0.670	0.667	0.671	0.772	0.755	0.666	0.653	0.829	0.879	0.864	0.889	0.892	0.857	0.918	0.902	0.893	0.849	0.897	0.585	0.584	0.643
6:19:12	37.1	0.732	0.687	0.727	0.755	0.761	0.748	0.747	0.745	0.763	0.735	0.792	0.750	0.693	0.688	0.694	0.732	0.749	0.731	0.737	0.835	0.752	0.723	0.751	0.645	0.649	0.624	0.672	0.674	0.678	0.693	0.714	0.713	0.733	0.699	0.714	0.628	0.645	0.652	0.654	0.690	0.709	0.719	0.715	0.721	0.720	0.728	0.685	0.807	0.795	0.768	0.710	0.674	0.691	0.673	0.673	0.676	0.776	0.762	0.670	0.659	0.834	0.884	0.865	0.895	0.896	0.859	0.922	0.905	0.897	0.853	0.901	0.592	0.588	0.635
6:23:12	37.0	0.742	0.696	0.736	0.763	0.767	0.754	0.752	0.751	0.770	0.742	0.797	0.755	0.702	0.698	0.705	0.742	0.759	0.740	0.746	0.842	0.758	0.731	0.759	0.654	0.658	0.634	0.679	0.682	0.688	0.702	0.721	0.721	0.740	0.707	0.723	0.638	0.652	0.660	0.662	0.697	0.716	0.728	0.722	0.729	0.726	0.735	0.694	0.810	0.799	0.771	0.713	0.677	0.695	0.677	0.675	0.679	0.781	0.766	0.672	0.668	0.838	0.887	0.865	0.899	0.899	0.859	0.925	0.907	0.901	0.855	0.904	0.599	0.595	0.674
6:27:12	37.0	0.752	0.708	0.745	0.773	0.774	0.760	0.759	0.758	0.775	0.749	0.802	0.762	0.712	0.709	0.716	0.750	0.767	0.749	0.753	0.849	0.766	0.738	0.768	0.660	0.664	0.642	0.690	0.689	0.696	0.711	0.730	0.730	0.747	0.715	0.732	0.648	0.662	0.667	0.671	0.705	0.724	0.731	0.730	0.735	0.733	0.742	0.706	0.822	0.804	0.772	0.717	0.680	0.698	0.680	0.678	0.683	0.787	0.775	0.675	0.677	0.842	0.895	0.872	0.903	0.903	0.861	0.930	0.908	0.905	0.862	0.907	0.606	0.603	0.671
6:31:12	37.0	0.762	0.719	0.755	0.779	0.779	0.765	0.765	0.764	0.780	0.755	0.806	0.768	0.723	0.719	0.724	0.759	0.774	0.755	0.759	0.853	0.770	0.744	0.773	0.662	0.674	0.651	0.697	0.697	0.706	0.719	0.737	0.737	0.755	0.722	0.737	0.658	0.671	0.676	0.679	0.713	0.734	0.743	0.737	0.744	0.740	0.749	0.719	0.835	0.812	0.775	0.721	0.684	0.702	0.683	0.681	0.686	0.793	0.780	0.678	0.687	0.846	0.896	0.875	0.907	0.908	0.864	0.933	0.915	0.908	0.865	0.911	0.615	0.604	0.707
6:35:12	37.0	0.770	0.729	0.763	0.787	0.786	0.769	0.771	0.769	0.784	0.761	0.810	0.775	0.734	0.727	0.734	0.765	0.781	0.761	0.766	0.858	0.776	0.751	0.778	0.664	0.683	0.659	0.705	0.705	0.715	0.727	0.745	0.745	0.761	0.730	0.746	0.663	0.678	0.684	0.687	0.721	0.741	0.748	0.745	0.752	0.747	0.755	0.729	0.844	0.817	0.778	0.725	0.689	0.706	0.685	0.685	0.690	0.799	0.784	0.682	0.694	0.850	0.899	0.878	0.910	0.913	0.866	0.937	0.918	0.912	0.869	0.913	0.622	0.605	0.782
6:39:12	37.0	0.779	0.738	0.772	0.795	0.791	0.774	0.775	0.774	0.790	0.768	0.815	0.780	0.745	0.740	0.745	0.774	0.789	0.769	0.774	0.865	0.781	0.760	0.786	0.684	0.691	0.669	0.714	0.713	0.723	0.738	0.755	0.753	0.770	0.738	0.755	0.674	0.686	0.692	0.696	0.729	0.750	0.754	0.753	0.760	0.755	0.763	0.743	0.854	0.819	0.782	0.728	0.692	0.709	0.688	0.688	0.695	0.807	0.793	0.685	0.704	0.855	0.903	0.882	0.914	0.916	0.869	0.941	0.923	0.914	0.870	0.917	0.630	0.612	0.770
6:43:12	37.0	0.788	0.747	0.780	0.800	0.798	0.779	0.780	0.782	0.795	0.773	0.819	0.787	0.755	0.751	0.756	0.782	0.797	0.777	0.780	0.871	0.787	0.768	0.792	0.695	0.698	0.677	0.721	0.721	0.731	0.745	0.763	0.759	0.776	0.746	0.762	0.680	0.695	0.700	0.705	0.737	0.757	0.762	0.761	0.767	0.761	0.768	0.754	0.863	0.822	0.786	0.732	0.695	0.713	0.691	0.691	0.698	0.811	0.800	0.688	0.712	0.858	0.906	0.885	0.918	0.920	0.871	0.944	0.934	0.916	0.873	0.920	0.636	0.619	0.750
6:47:12	37.1	0.797	0.756	0.787	0.806	0.802	0.783	0.785	0.785	0.799	0.778	0.823	0.792	0.764	0.762	0.764	0.788	0.804	0.782	0.786	0.875	0.792	0.775	0.798	0.700	0.706	0.686	0.730	0.729	0.738	0.754	0.770	0.769	0.784	0.754	0.771	0.689	0.702	0.707	0.713	0.743	0.764	0.771	0.768	0.775	0.769	0.776	0.769	0.872	0.824	0.790	0.734	0.698	0.715	0.692	0.692	0.701	0.817	0.807	0.692	0.721	0.862	0.910	0.888	0.923	0.924	0.873	0.947	0.940	0.920	0.875	0.923	0.645	0.624	0.706
6:51:12	37.0	0.805	0.763	0.795	0.814	0.807	0.789	0.791	0.791	0.805	0.784	0.827	0.797	0.772	0.771	0.772	0.793	0.809	0.788	0.790	0.880	0.795	0.781	0.804	0.707	0.713	0.696	0.737	0.735	0.745	0.763	0.776	0.776	0.789	0.761	0.776	0.697	0.712	0.715	0.720	0.749	0.771	0.776	0.776	0.782	0.775	0.783	0.782	0.881	0.827	0.792	0.738	0.701	0.718	0.694	0.695	0.705	0.821	0.813	0.695	0.729	0.866	0.913	0.891	0.925	0.927	0.874	0.950	0.941	0.923	0.878	0.926	0.655	0.632	0.725
6:55:12	37.0	0.812	0.773	0.802	0.819	0.811	0.794	0.796	0.796	0.809	0.790	0.831	0.801	0.782	0.782	0.782	0.801	0.816	0.795	0.798	0.886	0.801	0.789	0.813	0.730	0.721	0.702	0.746	0.744	0.754	0.773	0.783	0.783	0.795	0.769	0.785	0.705	0.722	0.722	0.729	0.758	0.779	0.783	0.783	0.789	0.783	0.789	0.795	0.889	0.832	0.795	0.741	0.704	0.720	0.696	0.698	0.708	0.826	0.819	0.699	0.737	0.870	0.917	0.895	0.929	0.931	0.877	0.954	0.944	0.928	0.881	0.930	0.666	0.642	0.727
6:59:12	37.0	0.821	0.781	0.809	0.825	0.816	0.799	0.800	0.802	0.814	0.797	0.834	0.807	0.792	0.791	0.788	0.807	0.822	0.801	0.805	0.890	0.806	0.794	0.816	0.729	0.730	0.711	0.755	0.752	0.760	0.781	0.791	0.791	0.801	0.777	0.794	0.710	0.729	0.730	0.737	0.764	0.786	0.791	0.789	0.797	0.788	0.795	0.809	0.896	0.836	0.797	0.745	0.707	0.723	0.699	0.701	0.712	0.830	0.824	0.703	0.744	0.873	0.920	0.898	0.933	0.937	0.879	0.958	0.945	0.930	0.884	0.933	0.672	0.649	0.724
7:03:12	37.0	0.828	0.788	0.815	0.830	0.820	0.803	0.803	0.806	0.816	0.802	0.837	0.811	0.800	0.800	0.796	0.812	0.829	0.806	0.809	0.893	0.810	0.799	0.820	0.733	0.739	0.719	0.760	0.760	0.767	0.789	0.798	0.799	0.809	0.784	0.797	0.715	0.738	0.738	0.744	0.772	0.793	0.797	0.797	0.804	0.794	0.801	0.821	0.900	0.840	0.801	0.749	0.710	0.726	0.701	0.703	0.715	0.834	0.826	0.706	0.751	0.878	0.924	0.902	0.937	0.941	0.882	0.960	0.947	0.933	0.888	0.938	0.681	0.657	0.705
7:07:12	37.0	0.834	0.795	0.820	0.835	0.825	0.807	0.808	0.809	0.823	0.809	0.841	0.819	0.808	0.811	0.805	0.818	0.835	0.811	0.815	0.899	0.815	0.806	0.827	0.743	0.746	0.729	0.769	0.768	0.775	0.796	0.804	0.808	0.816	0.792	0.804	0.723	0.746	0.747	0.752	0.779	0.801	0.805	0.803	0.812	0.801	0.809	0.834	0.912	0.843	0.805	0.752	0.713	0.730	0.704	0.705	0.719	0.840	0.829	0.711	0.763	0.883	0.928	0.905	0.941	0.944	0.884	0.964	0.949	0.941	0.893	0.942	0.691	0.657	0.702
7:11:12	37.1	0.842	0.803	0.825	0.839	0.828	0.811	0.813	0.813	0.827	0.814	0.844	0.821	0.817	0.819	0.814	0.823	0.840	0.816	0.819	0.904	0.819	0.813	0.833	0.752	0.756	0.738	0.776	0.774	0.782	0.805	0.811	0.815	0.821	0.799	0.813	0.727	0.756	0.754	0.759	0.787	0.807	0.811	0.810	0.818	0.808	0.816	0.847	0.916	0.847	0.810	0.755	0.714	0.731	0.705	0.706	0.721	0.845	0.831	0.715	0.766	0.887	0.931	0.909	0.943	0.947	0.886	0.965	0.950	0.943	0.896	0.945	0.699	0.668	0.705
7:15:12	37.0	0.847	0.809	0.831	0.843	0.830	0.812	0.814	0.814	0.827	0.814	0.844	0.824	0.825	0.826	0.820	0.827	0.843	0.821	0.823	0.906	0.821	0.817	0.836	0.755	0.762	0.744	0.783	0.780	0.790	0.811	0.817	0.823	0.828	0.806	0.818	0.734	0.764	0.762	0.768	0.793	0.813	0.818	0.817	0.825	0.813	0.821	0.858	0.920	0.851	0.813	0.758	0.718	0.732	0.706	0.708	0.725	0.850	0.834	0.720	0.772	0.890	0.933	0.912	0.946	0.950	0.889	0.968	0.952	0.945	0.898	0.948	0.708	0.678	0.712
7:19:12	37.0	0.853	0.816	0.836	0.849	0.833	0.816	0.820	0.819	0.830	0.819	0.846	0.828	0.833	0.833	0.827	0.831	0.847	0.824	0.827	0.909	0.823	0.821	0.839	0.767	0.771	0.752	0.790	0.788	0.798	0.819	0.825	0.829	0.833	0.815	0.828	0.746	0.774	0.769	0.776	0.801	0.820	0.825	0.823	0.833	0.819	0.828	0.872	0.926	0.855	0.817	0.761	0.721	0.735	0.709	0.708	0.727	0.853	0.837	0.723	0.784	0.896	0.936	0.917	0.950	0.954	0.893	0.973	0.953	0.949	0.900	0.951	0.717	0.687	0.727
7:23:12	37.0	0.859	0.822	0.841	0.853	0.835	0.819	0.823	0.822	0.834	0.823	0.849	0.830	0.841	0.841	0.832	0.834	0.851	0.829	0.831	0.913	0.826	0.826	0.843	0.776	0.779	0.760	0.796	0.794	0.805	0.827	0.831	0.837	0.838	0.821	0.834	0.753	0.783	0.776	0.784	0.807	0.827	0.830	0.830	0.839	0.824	0.834	0.883	0.935	0.858	0.820	0.763	0.723	0.737	0.711	0.709	0.729	0.855	0.839	0.727	0.785	0.899	0.940	0.920	0.954	0.957	0.896	0.975	0.954	0.951	0.904	0.954	0.727	0.701	0.753
7:27:12	37.0	0.864	0.828	0.845	0.856	0.838	0.821	0.822	0.826	0.837	0.827	0.852	0.832	0.850	0.849	0.839	0.842	0.857	0.832	0.837	0.917	0.832	0.832	0.848	0.784	0.788	0.768	0.804	0.802	0.812	0.836	0.840	0.845	0.848	0.830	0.843	0.762	0.791	0.787	0.794	0.817	0.837	0.838	0.838	0.847	0.834	0.842	0.896	0.948	0.862	0.826	0.768	0.728	0.742	0.715	0.712	0.733	0.862	0.843	0.731	0.799	0.903	0.944	0.924	0.958	0.960	0.899	0.979	0.957	0.955	0.909	0.958	0.739	0.711	0.775
7:31:12	37.0	0.869	0.835	0.849	0.859	0.840	0.824	0.827	0.826	0.839	0.828	0.853	0.835	0.857	0.856	0.845	0.843	0.860	0.839	0.839	0.920	0.834	0.835	0.850	0.786	0.798	0.776	0.812	0.809	0.821	0.844	0.846	0.853	0.854	0.835	0.849	0.761	0.800	0.793	0.803	0.823	0.844	0.845	0.844	0.853	0.838	0.848	0.907	0.948	0.866	0.829	0.769	0.728	0.742	0.716	0.713	0.734	0.865	0.846	0.735	0.803	0.907	0.948	0.925	0.960	0.962	0.901	0.981	0.956	0.955	0.911	0.960	0.747	0.720	0.803
7:35:12	37.0	0.874	0.841	0.853	0.865	0.844	0.828	0.836	0.833	0.843	0.834	0.857	0.841	0.865	0.865	0.851	0.845	0.864	0.842	0.844	0.925	0.838	0.840	0.856	0.797	0.806	0.784	0.818	0.815	0.826	0.851	0.854	0.860	0.862	0.844	0.859	0.767	0.810	0.803	0.810	0.832	0.851	0.852	0.850	0.860	0.848	0.854	0.918	0.960	0.870	0.832	0.773	0.733	0.747	0.719	0.715	0.738	0.869	0.852	0.740	0.814	0.912	0.952	0.929	0.965	0.966	0.904	0.983	0.960	0.958	0.913	0.965	0.756	0.730	0.801
7:39:12	37.0	0.878	0.848	0.857	0.866	0.846	0.829	0.835	0.833	0.845	0.836	0.858	0.843	0.871	0.868	0.854	0.854	0.867	0.844	0.846	0.929	0.839	0.842	0.858	0.801	0.814	0.792	0.825	0.824	0.836	0.860	0.859	0.868	0.868	0.852	0.869	0.773	0.821	0.810	0.819	0.840	0.860	0.859	0.857	0.867	0.853	0.863	0.930	0.958	0.875	0.836	0.775	0.735	0.749	0.721	0.715	0.739	0.874	0.854	0.743	0.815	0.916	0.955	0.929	0.968	0.968	0.906	0.985	0.960	0.958	0.917	0.966	0.763	0.736	0.801
7:43:12	37.1	0.882	0.853	0.861	0.870	0.848	0.832	0.837	0.836	0.848	0.839	0.860	0.849	0.878	0.876	0.860	0.849	0.870	0.847	0.849	0.931	0.841	0.847	0.861	0.806	0.824	0.800	0.833	0.830	0.843	0.866	0.868	0.875	0.877	0.859	0.874	0.778	0.828	0.818	0.827	0.847	0.866	0.867	0.862	0.873	0.857	0.868	0.939	0.966	0.877	0.840	0.777	0.738	0.751	0.723	0.717	0.740	0.877	0.859	0.748	0.819	0.920	0.959	0.932	0.971	0.974	0.910	0.988	0.963	0.957	0.920	0.970	0.768	0.743	0.812
7:47:12	37.0	0.886	0.857	0.864	0.872	0.850	0.835	0.839	0.839	0.850	0.842	0.861	0.853	0.885	0.883	0.865	0.853	0.873	0.850	0.852	0.935	0.843	0.850	0.864	0.809	0.834	0.810	0.842	0.838	0.851	0.875	0.877	0.884	0.884	0.867	0.881	0.788	0.840	0.828	0.837	0.856	0.876	0.877	0.871	0.882	0.867	0.877	0.954	0.979	0.881	0.845	0.781	0.742	0.754	0.727	0.719	0.743	0.883	0.863	0.752	0.827	0.924	0.961	0.935	0.975	0.977	0.924	0.991	0.965	0.964	0.924	0.973	0.779	0.751	0.809
7:51:12	37.0	0.890	0.863	0.867	0.874	0.851	0.836	0.839	0.840	0.852	0.843	0.862	0.856	0.891	0.889	0.869	0.858	0.875	0.851	0.854	0.936	0.845	0.854	0.867	0.816	0.843	0.818	0.848	0.845	0.857	0.880	0.882	0.891	0.891	0.874	0.890	0.792	0.849	0.838	0.845	0.865	0.882	0.885	0.878	0.889	0.874	0.885	0.965	0.980	0.884	0.848	0.783	0.744	0.755	0.728	0.720	0.743	0.887	0.867	0.755	0.832	0.927	0.964	0.937	0.978	0.978	0.931	0.994	0.968	0.965	0.927	0.975	0.783	0.756	0.806
7:55:12	37.0	0.893	0.867	0.870	0.878	0.853	0.839	0.843	0.842	0.853	0.846	0.864	0.860	0.897	0.895	0.875	0.861	0.878	0.855	0.857	0.941	0.847	0.856	0.870	0.822	0.851	0.827	0.855	0.854	0.865	0.888	0.889	0.898	0.897	0.881	0.896	0.798	0.859	0.846	0.854	0.872	0.890	0.891	0.884	0.897	0.881	0.889	0.974	0.991	0.889	0.852	0.787	0.748	0.760	0.732	0.723	0.746	0.890	0.871	0.759	0.838	0.931	0.967	0.941	0.981	0.982	0.937	0.996	0.971	0.966	0.930	0.978	0.790	0.759	0.776
7:59:12	37.1	0.896	0.870	0.873	0.879	0.855	0.840	0.843	0.844	0.854	0.848	0.865	0.865	0.903	0.901	0.878	0.863	0.879	0.856	0.859	0.943	0.848	0.859	0.873	0.827	0.860	0.835	0.864	0.863	0.873	0.896	0.896	0.906	0.906	0.887	0.907	0.800	0.868	0.857	0.863	0.880	0.897	0.897	0.893	0.903	0.889	0.898	0.986	0.993	0.891	0.855	0.789	0.750	0.760	0.733	0.725	0.748	0.896	0.874	0.762	0.841	0.934	0.971	0.945	0.984	0.984	0.943	0.999	0.975	0.967	0.933	0.981	0.797	0.765	0.782
8:03:12	37.1	0.901	0.879	0.875	0.882	0.856	0.842	0.845	0.846	0.856	0.850	0.867	0.869	0.908	0.905	0.881	0.866	0.882	0.859	0.861	0.945	0.849	0.862	0.875	0.834	0.868	0.844	0.872	0.870	0.880	0.902	0.902	0.912	0.912	0.894	0.915	0.807	0.876	0.864	0.871	0.887	0.903	0.907	0.899	0.909	0.894	0.904	0.996	0.996	0.894	0.859	0.791	0.752	0.762	0.735	0.726	0.750	0.900	0.879	0.766	0.846	0.938	0.973	0.948	0.987	0.986	0.946	1.001	0.977	0.969	0.936	0.985	0.804	0.771	0.765
8:07:12	37.1	0.903	0.884	0.879	0.883	0.857	0.843	0.845	0.848	0.857	0.851	0.870	0.871	0.913	0.909	0.884	0.868	0.884	0.863	0.864	0.948	0.852	0.865	0.878	0.842	0.876	0.853	0.879	0.878	0.887	0.909	0.910	0.920	0.920	0.901	0.922	0.809	0.885	0.872	0.879	0.895	0.910	0.914	0.905	0.915	0.901	0.910	1.005	1.002	0.897	0.862	0.795	0.756	0.765	0.739	0.729	0.752	0.904	0.882	0.770	0.846	0.942	0.976	0.952	0.991	0.990	0.949	1.003	0.980	0.971	0.937	0.987	0.809	0.779	0.769
8:11:12	37.0	0.906	0.890	0.881	0.886	0.858	0.846	0.847	0.850	0.860	0.853	0.872	0.874	0.918	0.915	0.889	0.870	0.886	0.864	0.865	0.951	0.853	0.868	0.880	0.847	0.883	0.861	0.887	0.885	0.894	0.915	0.915	0.928	0.927	0.906	0.927	0.814	0.892	0.881	0.886	0.901	0.916	0.922	0.911	0.920	0.907	0.916	1.014	1.003	0.900	0.865	0.798	0.758	0.768	0.742	0.732	0.754	0.908	0.887	0.772	0.853	0.945	0.980	0.955	0.993	0.992	0.954	1.006	0.981	0.973	0.940	0.990	0.813	0.787	0.790
8:15:12	37.0	0.908	0.896	0.884	0.887	0.859	0.846	0.848	0.853	0.862	0.855	0.873	0.879	0.923	0.918	0.892	0.872	0.888	0.866	0.867	0.953	0.855	0.871	0.881	0.845	0.891	0.869	0.893	0.892	0.901	0.922	0.923	0.936	0.934	0.915	0.937	0.817	0.902	0.889	0.894	0.909	0.923	0.927	0.920	0.927	0.915	0.924	1.024	1.010	0.906	0.868	0.801	0.762	0.771	0.746	0.735	0.757	0.912	0.891	0.777	0.857	0.948	0.984	0.959	0.997	0.994	0.958	1.008	0.984	0.977	0.943	0.994	0.818	0.793	0.784
8:19:12	37.0	0.911	0.894	0.887	0.891	0.862	0.849	0.850	0.854	0.865	0.857	0.875	0.882	0.928	0.923	0.896	0.875	0.890	0.868	0.869	0.957	0.858	0.874	0.883	0.853	0.899	0.876	0.901	0.900	0.908	0.929	0.927	0.942	0.941	0.922	0.943	0.826	0.909	0.898	0.902	0.916	0.929	0.931	0.926	0.934	0.921	0.929	1.033	1.017	0.909	0.872	0.805	0.766	0.775	0.749	0.738	0.761	0.918	0.897	0.781	0.862	0.952	0.988	0.961	1.000	0.999	0.963	1.013	0.988	0.980	0.946	0.997	0.830	0.800	0.774
8:23:12	37.0	0.914	0.897	0.890	0.892	0.862	0.850	0.851	0.856	0.866	0.859	0.876	0.882	0.932	0.928	0.899	0.876	0.891	0.870	0.871	0.959	0.860	0.876	0.885	0.861	0.905	0.884	0.907	0.906	0.914	0.933	0.934	0.948	0.946	0.927	0.949	0.826	0.916	0.904	0.910	0.923	0.936	0.938	0.932	0.942	0.927	0.936	1.041	1.023	0.912	0.876	0.808	0.769	0.777	0.751	0.741	0.762	0.922	0.901	0.785	0.865	0.955	0.990	0.964	1.002	1.000	0.966	1.016	0.989	0.982	0.948	0.999	0.831	0.804	0.778
8:27:12	37.0	0.916	0.900	0.894	0.894	0.863	0.851	0.853	0.858	0.868	0.861	0.878	0.888	0.937	0.932	0.903	0.879	0.893	0.872	0.873	0.963	0.862	0.878	0.889	0.864	0.913	0.892	0.914	0.914	0.921	0.940	0.940	0.956	0.952	0.934	0.956	0.828	0.925	0.913	0.916	0.930	0.943	0.944	0.938	0.947	0.933	0.941	1.050	1.028	0.916	0.880	0.812	0.772	0.780	0.754	0.743	0.765	0.927	0.906	0.789	0.869	0.959	0.994	0.967	1.005	1.004	0.969	1.021	0.992	0.986	0.950	1.003	0.834	0.810	0.773
8:31:12	37.0	0.919	0.902	0.895	0.896	0.864	0.853	0.854	0.860	0.871	0.863	0.880	0.891	0.941	0.935	0.906	0.880	0.895	0.873	0.874	0.964	0.863	0.881	0.891	0.865	0.921	0.900	0.922	0.921	0.928	0.948	0.945	0.963	0.960	0.940	0.962	0.829	0.932	0.920	0.922	0.935	0.948	0.950	0.943	0.951	0.938	0.947	1.056	1.030	0.918	0.881	0.814	0.774	0.781	0.756	0.745	0.766	0.931	0.908	0.792	0.870	0.961	0.997	0.968	1.007	1.006	0.971	1.022	0.996	0.987	0.951	1.004	0.840	0.818	0.769
8:35:12	37.0	0.922	0.904	0.898	0.897	0.865	0.853	0.855	0.860	0.872	0.863	0.880	0.894	0.944	0.938	0.908	0.881	0.895	0.875	0.875	0.966	0.865	0.882	0.891	0.863	0.928	0.908	0.928	0.926	0.934	0.953	0.952	0.969	0.965	0.947	0.971	0.841	0.939	0.928	0.930	0.942	0.955	0.955	0.950	0.958	0.946	0.953	1.066	1.035	0.922	0.886	0.818	0.777	0.785	0.759	0.749	0.769	0.935	0.913	0.795	0.874	0.964	1.000	0.970	1.010	1.010	0.971	1.027	0.999	0.991	0.955	1.008	0.845	0.824	0.771
8:39:12	37.0	0.924	0.908	0.901	0.900	0.866	0.855	0.857	0.862	0.874	0.864	0.882	0.899	0.947	0.940	0.912	0.883	0.897	0.875	0.875	0.970	0.866	0.884	0.894	0.871	0.934	0.913	0.934	0.932	0.940	0.959	0.955	0.975	0.970	0.953	0.977	0.856	0.946	0.935	0.937	0.947	0.961	0.962	0.956	0.963	0.949	0.958	1.071	1.041	0.924	0.889	0.822	0.781	0.789	0.763	0.752	0.772	0.939	0.919	0.796	0.878	0.968	1.002	0.973	1.012	1.014	0.974	1.028	1.000	0.991	0.958	1.010	0.851	0.829	0.776
8:43:12	37.0	0.927	0.912	0.903	0.902	0.867	0.858	0.859	0.865	0.877	0.868	0.885	0.903	0.951	0.946	0.916	0.885	0.900	0.879	0.877	0.973	0.869	0.889	0.899	0.883	0.940	0.920	0.940	0.937	0.946	0.964	0.962	0.982	0.976	0.960	0.985	0.858	0.952	0.942	0.943	0.953	0.967	0.970	0.961	0.968	0.956	0.965	1.079	1.048	0.927	0.892	0.826	0.785	0.792	0.767	0.756	0.774	0.943	0.923	0.799	0.886	0.971	1.005	0.976	1.014	1.017	0.977	1.030	1.004	0.996	0.961	1.014	0.858	0.834	0.777
8:47:12	37.0	0.929	0.915	0.905	0.902	0.867	0.858	0.859	0.866	0.877	0.867	0.886	0.902	0.954	0.948	0.919	0.886	0.900	0.880	0.878	0.975	0.869	0.889	0.899	0.883	0.947	0.928	0.947	0.945	0.952	0.970	0.967	0.988	0.982	0.965	0.990	0.856	0.959	0.948	0.949	0.959	0.971	0.975	0.966	0.973	0.960	0.969	1.084	1.050	0.931	0.894	0.829	0.787	0.794	0.769	0.758	0.776	0.947	0.928	0.800	0.886	0.975	1.008	0.979	1.016	1.020	0.980	1.033	1.007	0.997	0.963	1.015	0.863	0.839	0.785
8:51:12	37.0	0.931	0.919	0.908	0.904	0.869	0.859	0.860	0.867	0.880	0.869	0.888	0.908	0.957	0.952	0.921	0.887	0.902	0.882	0.880	0.977	0.870	0.892	0.901	0.892	0.954	0.934	0.953	0.950	0.957	0.975	0.974	0.995	0.988	0.973	0.999	0.863	0.965	0.954	0.955	0.965	0.978	0.982	0.972	0.979	0.970	0.975	1.092	1.055	0.934	0.897	0.833	0.791	0.798	0.772	0.762	0.779	0.951	0.933	0.802	0.888	0.977	1.011	0.982	1.019	1.021	0.983	1.036	1.011	0.999	0.965	1.017	0.867	0.846	0.807
8:55:12	37.0	0.934	0.921	0.911	0.906	0.870	0.861	0.863	0.870	0.882	0.873	0.893	0.914	0.960	0.956	0.926	0.889	0.904	0.884	0.883	0.981	0.872	0.897	0.905	0.898	0.960	0.940	0.958	0.955	0.962	0.980	0.979	1.000	0.992	0.976	1.005	0.867	0.972	0.960	0.961	0.970	0.982	0.984	0.976	0.985	0.974	0.980	1.097	1.060	0.937	0.900	0.838	0.795	0.801	0.776	0.766	0.782	0.956	0.938	0.807	0.896	0.980	1.014	0.984	1.022	1.024	0.985	1.038	1.015	1.002	0.968	1.021	0.872	0.851	0.813
8:59:12	37.1	0.936	0.925	0.912	0.908	0.871	0.861	0.864	0.873	0.882	0.872	0.894	0.915	0.961	0.958	0.928	0.891	0.904	0.885	0.884	0.982	0.872	0.897	0.905	0.899	0.964	0.947	0.964	0.960	0.968	0.985	0.984	1.006	0.998	0.983	1.009	0.869	0.978	0.965	0.968	0.975	0.988	0.993	0.980	0.990	0.978	0.985	1.102	1.062	0.940	0.904	0.841	0.796	0.802	0.778	0.768	0.785	0.959	0.942	0.810	0.896	0.982	1.016	0.987	1.024	1.027	0.988	1.040	1.017	1.004	0.969	1.022	0.872	0.857	0.815
9:03:12	37.1	0.939	0.929	0.916	0.911	0.872	0.863	0.866	0.875	0.884	0.874	0.897	0.918	0.965	0.962	0.931	0.892	0.907	0.885	0.887	0.985	0.873	0.898	0.907	0.907	0.970	0.952	0.968	0.964	0.971	0.988	0.987	1.010	1.002	0.987	1.014	0.881	0.982	0.972	0.972	0.979	0.992	0.994	0.984	0.993	0.982	0.989	1.107	1.070	0.942	0.906	0.844	0.800	0.807	0.782	0.772	0.787	0.961	0.947	0.816	0.900	0.984	1.018	0.989	1.027	1.030	0.991	1.042	1.018	1.005	0.970	1.025	0.874	0.859	0.816
9:07:12	37.0	0.941	0.930	0.916	0.912	0.873	0.863	0.868	0.876	0.885	0.875	0.900	0.920	0.967	0.965	0.934	0.894	0.909	0.887	0.889	0.989	0.875	0.901	0.910	0.912	0.976	0.958	0.975	0.970	0.978	0.995	0.992	1.016	1.008	0.992	1.019	0.881	0.988	0.978	0.978	0.985	0.997	1.001	0.989	0.999	0.988	0.994	1.112	1.072	0.946	0.909	0.848	0.804	0.810	0.785	0.775	0.791	0.966	0.951	0.824	0.906	0.987	1.021	0.990	1.030	1.033	0.995	1.045	1.021	1.008	0.974	1.029	0.879	0.865	0.820
9:11:12	37.1	0.943	0.933	0.917	0.913	0.874	0.864	0.869	0.875	0.885	0.876	0.902	0.923	0.970	0.967	0.935	0.893	0.910	0.887	0.890	0.991	0.874	0.902	0.910	0.909	0.980	0.963	0.980	0.974	0.982	0.998	0.997	1.020	1.012	0.996	1.021	0.877	0.993	0.983	0.984	0.989	1.001	1.005	0.994	1.003	0.994	0.997	1.116	1.075	0.948	0.912	0.851	0.807	0.814	0.789	0.777	0.793	0.968	0.955	0.830	0.909	0.988	1.024	0.992	1.034	1.035	0.999	1.048	1.024	1.010	0.977	1.031	0.880	0.866	0.823
9:15:12	37.0	0.944	0.935	0.918	0.915	0.876	0.865	0.871	0.877	0.886	0.876	0.904	0.925	0.971	0.969	0.937	0.894	0.911	0.889	0.891	0.993	0.876	0.903	0.911	0.906	0.985	0.969	0.984	0.979	0.986	1.002	1.000	1.024	1.015	1.000	1.025	0.878	0.998	0.988	0.988	0.993	1.005	1.009	0.996	1.006	0.997	1.000	1.120	1.077	0.950	0.914	0.854	0.810	0.815	0.791	0.780	0.795	0.971	0.959	0.835	0.906	0.990	1.026	0.994	1.038	1.038	1.002	1.052	1.027	1.012	0.980	1.033	0.881	0.870	0.829
9:19:12	37.0	0.947	0.937	0.920	0.916	0.878	0.868	0.873	0.879	0.888	0.878	0.909	0.929	0.974	0.972	0.940	0.895	0.912	0.892	0.894	0.997	0.877	0.905	0.913	0.924	0.990	0.974	0.989	0.983	0.990	1.007	1.005	1.030	1.020	1.003	1.030	0.888	1.002	0.993	0.994	0.998	1.009	1.014	1.001	1.011	1.001	1.004	1.125	1.083	0.954	0.917	0.858	0.814	0.818	0.795	0.785	0.798	0.975	0.964	0.843	0.914	0.993	1.031	0.997	1.042	1.042	1.005	1.057	1.032	1.017	0.983	1.037	0.888	0.875	0.839
9:23:12	37.1	0.949	0.940	0.922	0.917	0.880	0.869	0.874	0.880	0.889	0.879	0.911	0.930	0.976	0.975	0.942	0.896	0.914	0.894	0.895	0.999	0.879	0.907	0.914	0.922	0.994	0.979	0.994	0.987	0.995	1.011	1.009	1.035	1.025	1.008	1.035	0.886	1.008	0.999	0.998	1.002	1.013	1.016	1.004	1.014	1.005	1.007	1.129	1.085	0.957	0.920	0.861	0.816	0.821	0.797	0.787	0.800	0.978	0.967	0.849	0.915	0.994	1.033	0.997	1.045	1.045	1.009	1.059	1.035	1.020	0.986	1.042	0.892	0.879	0.846
9:27:12	37.0	0.951	0.942	0.922	0.918	0.881	0.871	0.874	0.881	0.890	0.880	0.914	0.934	0.978	0.977	0.944	0.897	0.916	0.896	0.897	1.002	0.880	0.910	0.916	0.926	1.000	0.985	0.999	0.993	1.000	1.015	1.013	1.039	1.031	1.012	1.038	0.888	1.011	1.003	1.003	1.007	1.017	1.021	1.008	1.018	1.009	1.011	1.133	1.091	0.959	0.922	0.863	0.818	0.822	0.799	0.789	0.802	0.980	0.969	0.853	0.917	0.997	1.036	1.000	1.047	1.046	1.010	1.062	1.038	1.021	0.988	1.045	0.895	0.882	0.851
9:31:12	37.0	0.951	0.944	0.923	0.918	0.882	0.871	0.875	0.881	0.891	0.883	0.918	0.936	0.979	0.978	0.945	0.896	0.917	0.897	0.898	1.004	0.880	0.910	0.917	0.923	1.002	0.988	1.002	0.996	1.003	1.018	1.016	1.042	1.034	1.015	1.042	0.883	1.015	1.007	1.006	1.010	1.020	1.026	1.010	1.020	1.012	1.013	1.136	1.093	0.961	0.925	0.866	0.820	0.825	0.801	0.792	0.805	0.982	0.972	0.857	0.918	0.999	1.039	1.001	1.049	1.048	1.012	1.064	1.040	1.022	0.989	1.047	0.896	0.884	0.860
9:35:12	37.0	0.953	0.946	0.926	0.920	0.885	0.874	0.876	0.882	0.894	0.884	0.923	0.940	0.982	0.981	0.949	0.899	0.920	0.900	0.900	1.008	0.882	0.914	0.920	0.934	1.006	0.993	1.006	1.000	1.008	1.022	1.020	1.048	1.039	1.020	1.048	0.883	1.021	1.013	1.013	1.015	1.024	1.029	1.014	1.026	1.017	1.019	1.143	1.100	0.964	0.928	0.870	0.824	0.829	0.805	0.797	0.809	0.987	0.977	0.865	0.926	1.002	1.041	1.004	1.052	1.050	1.016	1.068	1.043	1.026	0.993	1.051	0.903	0.888	0.866
9:39:12	37.0	0.956	0.948	0.928	0.922	0.886	0.875	0.878	0.882	0.897	0.887	0.926	0.944	0.984	0.985	0.950	0.901	0.922	0.903	0.903	1.012	0.883	0.917	0.924	0.943	1.010	0.998	1.010	1.003	1.012	1.025	1.024	1.053	1.044	1.024	1.053	0.892	1.024	1.016	1.016	1.017	1.028	1.031	1.018	1.029	1.020	1.022	1.147	1.105	0.967	0.931	0.873	0.828	0.831	0.808	0.799	0.810	0.990	0.982	0.871	0.932	1.004	1.042	1.005	1.053	1.051	1.017	1.070	1.045	1.028	0.995	1.052	0.906	0.892	0.863
9:43:12	37.0	0.959	0.950	0.929	0.923	0.889	0.876	0.878	0.882	0.898	0.890	0.928	0.948	0.986	0.987	0.953	0.902	0.924	0.905	0.905	1.015	0.885	0.919	0.925	0.941	1.016	1.003	1.014	1.007	1.016	1.029	1.026	1.056	1.046	1.026	1.056	0.898	1.028	1.021	1.021	1.020	1.031	1.035	1.021	1.033	1.024	1.026	1.152	1.109	0.969	0.933	0.876	0.830	0.833	0.811	0.801	0.814	0.993	0.985	0.875	0.932	1.006	1.044	1.007	1.055	1.053	1.019	1.073	1.048	1.030	0.997	1.054	0.907	0.896	0.853
9:47:12	37.1	0.963	0.953	0.932	0.925	0.892	0.877	0.879	0.884	0.902	0.892	0.932	0.952	0.990	0.989	0.953	0.903	0.927	0.906	0.907	1.019	0.887	0.923	0.928	0.947	1.017	1.008	1.017	1.010	1.019	1.032	1.029	1.062	1.050	1.030	1.060	0.895	1.032	1.025	1.024	1.024	1.034	1.038	1.023	1.036	1.027	1.028	1.156	1.112	0.971	0.935	0.879	0.833	0.836	0.814	0.804	0.816	0.997	0.989	0.881	0.936	1.008	1.046	1.010	1.057	1.056	1.022	1.075	1.049	1.031	1.000	1.056	0.910	0.899	0.850
9:51:12	37.0	0.965	0.955	0.934	0.927	0.893	0.879	0.881	0.885	0.904	0.895	0.936	0.956	0.992	0.991	0.956	0.902	0.930	0.909	0.911	1.022	0.889	0.926	0.931	0.948	1.023	1.012	1.022	1.014	1.024	1.037	1.035	1.067	1.054	1.034	1.065	0.899	1.036	1.030	1.029	1.028	1.039	1.044	1.027	1.040	1.031	1.032	1.163	1.120	0.974	0.938	0.882	0.836	0.839	0.817	0.806	0.818	1.000	0.993	0.885	0.942	1.009	1.048	1.013	1.059	1.059	1.024	1.078	1.052	1.034	1.001	1.059	0.912	0.902	0.842
9:55:12	37.0	0.966	0.956	0.932	0.925	0.894	0.878	0.881	0.884	0.904	0.896	0.937	0.957	0.992	0.990	0.955	0.905	0.930	0.909	0.911	1.024	0.890	0.927	0.931	0.942	1.025	1.015	1.024	1.016	1.026	1.040	1.036	1.068	1.055	1.036	1.067	0.894	1.037	1.033	1.030	1.030	1.042	1.043	1.028	1.041	1.033	1.034	1.167	1.118	0.976	0.940	0.883	0.837	0.840	0.817	0.807	0.819	1.000	0.994	0.884	0.937	1.010	1.049	1.014	1.060	1.060	1.026	1.081	1.053	1.034	1.001	1.059	0.911	0.901	0.843
9:59:12	37.0	0.970	0.960	0.938	0.930	0.899	0.880	0.883	0.887	0.907	0.898	0.942	0.962	0.996	0.995	0.958	0.916	0.934	0.910	0.914	1.029	0.892	0.931	0.936	0.950	1.029	1.019	1.028	1.019	1.029	1.041	1.038	1.072	1.059	1.038	1.068	0.911	1.042	1.037	1.035	1.034	1.045	1.048	1.031	1.044	1.035	1.036	1.172	1.126	0.978	0.943	0.886	0.841	0.844	0.821	0.811	0.821	1.004	1.000	0.889	0.946	1.012	1.052	1.016	1.063	1.063	1.028	1.083	1.056	1.038	1.005	1.063	0.915	0.906	0.849
10:03:12	37.0	0.974	0.963	0.941	0.934	0.902	0.883	0.886	0.890	0.912	0.902	0.947	0.966	0.999	0.998	0.961	0.900	0.938	0.913	0.919	1.034	0.896	0.936	0.940	0.961	1.034	1.024	1.031	1.022	1.033	1.045	1.043	1.079	1.064	1.044	1.074	0.914	1.047	1.043	1.039	1.038	1.050	1.054	1.035	1.048	1.039	1.040	1.180	1.133	0.982	0.947	0.891	0.847	0.848	0.826	0.815	0.826	1.009	1.006	0.894	0.954	1.014	1.054	1.017	1.064	1.067	1.029	1.085	1.059	1.041	1.006	1.065	0.924	0.906	0.859
10:07:12	37.1	0.974	0.964	0.940	0.933	0.903	0.884	0.886	0.890	0.913	0.904	0.949	0.968	1.000	0.996	0.961	0.912	0.940	0.915	0.921	1.036	0.897	0.938	0.941	0.960	1.038	1.028	1.035	1.025	1.037	1.048	1.046	1.082	1.067	1.047	1.077	0.907	1.050	1.046	1.042	1.040	1.055	1.053	1.038	1.051	1.042	1.043	1.187	1.133	0.983	0.948	0.892	0.847	0.849	0.826	0.815	0.826	1.010	1.007	0.892	0.952	1.015	1.055	1.018	1.066	1.070	1.031	1.085	1.061	1.041	1.007	1.066	0.927	0.906	0.869
10:11:12	37.0	0.976	0.967	0.943	0.935	0.905	0.885	0.886	0.892	0.914	0.906	0.951	0.969	1.002	0.997	0.962	0.908	0.942	0.919	0.922	1.038	0.899	0.940	0.943	0.963	1.041	1.030	1.037	1.028	1.040	1.051	1.049	1.086	1.071	1.049	1.081	0.910	1.053	1.050	1.045	1.044	1.060	1.056	1.040	1.054	1.045	1.044	1.194	1.137	0.985	0.951	0.895	0.849	0.851	0.828	0.817	0.829	1.013	1.010	0.894	0.958	1.018	1.057	1.020	1.069	1.072	1.033	1.086	1.063	1.043	1.008	1.068	0.929	0.910	0.877
10:15:12	37.1	0.981	0.969	0.948	0.938	0.908	0.887	0.889	0.895	0.919	0.909	0.955	0.973	1.004	1.001	0.964	0.905	0.946	0.924	0.925	1.042	0.902	0.944	0.945	0.973	1.043	1.034	1.039	1.030	1.042	1.053	1.050	1.089	1.072	1.050	1.082	0.919	1.056	1.053	1.047	1.047	1.063	1.060	1.042	1.056	1.046	1.046	1.200	1.143	0.986	0.952	0.898	0.853	0.854	0.831	0.820	0.833	1.016	1.013	0.894	0.963	1.019	1.058	1.021	1.070	1.074	1.035	1.088	1.064	1.044	1.010	1.070	0.930	0.909	0.887
10:19:12	37.1	0.982	0.972	0.949	0.940	0.910	0.888	0.890	0.896	0.922	0.913	0.959	0.975	1.007	1.003	0.967	0.912	0.948	0.925	0.928	1.046	0.905	0.947	0.949	0.968	1.047	1.038	1.044	1.033	1.045	1.056	1.053	1.094	1.076	1.055	1.085	0.909	1.059	1.058	1.063	1.051	1.067	1.065	1.046	1.060	1.048	1.050	1.209	1.144	0.988	0.954	0.901	0.856	0.856	0.834	0.823	0.835	1.019	1.017	0.893	0.963	1.021	1.060	1.022	1.072	1.076	1.037	1.090	1.067	1.046	1.012	1.070	0.935	0.916	0.893
10:23:12	37.0	0.985	0.974	0.951	0.941	0.913	0.889	0.891	0.898	0.922	0.913	0.962	0.978	1.009	1.003	0.967	0.915	0.950	0.925	0.930	1.049	0.907	0.949	0.951	0.966	1.049	1.041	1.046	1.036	1.047	1.058	1.056	1.095	1.079	1.057	1.087	0.906	1.064	1.062	1.070	1.055	1.071	1.071	1.048	1.063	1.050	1.053	1.215	1.145	0.991	0.956	0.903	0.858	0.857	0.835	0.824	0.838	1.020	1.019	0.893	0.963	1.023	1.062	1.022	1.074	1.077	1.038	1.091	1.069	1.047	1.014	1.072	0.932	0.919	0.905
10:27:12	37.1	0.987	0.976	0.953	0.944	0.915	0.891	0.893	0.900	0.926	0.916	0.964	0.978	1.011	1.005	0.969	0.918	0.953	0.927	0.933	1.051	0.909	0.951	0.953	0.969	1.052	1.044	1.048	1.038	1.049	1.061	1.058	1.099	1.082	1.059	1.090	0.911	1.067	1.066	1.073	1.059	1.074	1.073	1.052	1.065	1.053	1.055	1.221	1.148	0.992	0.959	0.905	0.861	0.860	0.838	0.826	0.841	1.022	1.021	0.892	0.965	1.025	1.063	1.024	1.076	1.078	1.039	1.093	1.071	1.050	1.015	1.073	0.933	0.919	0.912
10:31:12	37.0	0.990	0.979	0.956	0.946	0.918	0.893	0.895	0.902	0.929	0.919	0.966	0.982	1.014	1.008	0.972	0.919	0.956	0.929	0.936	1.054	0.912	0.955	0.955	0.973	1.055	1.046	1.051	1.041	1.052	1.064	1.059	1.103	1.084	1.063	1.092	0.902	1.071	1.071	1.077	1.063	1.077	1.075	1.056	1.070	1.055	1.058	1.228	1.154	0.996	0.961	0.908	0.864	0.863	0.841	0.829	0.844	1.025	1.026	0.892	0.969	1.028	1.065	1.026	1.078	1.079	1.041	1.095	1.073	1.051	1.016	1.075	0.937	0.921	0.920
10:35:12	37.0	0.993	0.982	0.959	0.948	0.920	0.894	0.897	0.905	0.931	0.922	0.969	0.982	1.017	1.009	0.975	0.921	0.958	0.931	0.939	1.058	0.914	0.957	0.959	0.973	1.059	1.049	1.055	1.044	1.056	1.068	1.063	1.106	1.087	1.065	1.094	0.904	1.075	1.076	1.079	1.068	1.080	1.084	1.061	1.074	1.058	1.061	1.233	1.154	0.997	0.963	0.910	0.867	0.865	0.843	0.832	0.848	1.027	1.028	0.893	0.969	1.030	1.067	1.026	1.079	1.080	1.042	1.096	1.075	1.054	1.016	1.075	0.936	0.921	0.931
10:39:12	37.0	0.996	0.985	0.961	0.949	0.923	0.894	0.897	0.906	0.931	0.923	0.971	0.982	1.018	1.010	0.975	0.921	0.960	0.933	0.940	1.060	0.916	0.959	0.959	0.969	1.061	1.051	1.056	1.045	1.058	1.070	1.065	1.109	1.090	1.067	1.095	0.909	1.078	1.079	1.080	1.071	1.084	1.085	1.064	1.078	1.060	1.065	1.239	1.159	0.999	0.965	0.912	0.868	0.867	0.843	0.833	0.851	1.029	1.030	0.891	0.968	1.032	1.068	1.027	1.081	1.079	1.042	1.097	1.076	1.053	1.017	1.076	0.936	0.924	0.942
10:43:12	37.0	0.998	0.988	0.963	0.952	0.925	0.895	0.899	0.907	0.935	0.925	0.973	0.985	1.020	1.012	0.978	0.923	0.963	0.934	0.944	1.063	0.916	0.961	0.962	0.978	1.064	1.053	1.058	1.048	1.061	1.074	1.068	1.111	1.092	1.069	1.097	0.921	1.082	1.082	1.083	1.074	1.086	1.087	1.067	1.081	1.061	1.068	1.243	1.163	1.002	0.967	0.916	0.872	0.870	0.846	0.837	0.855	1.032	1.033	0.892	0.975	1.034	1.070	1.029	1.082	1.081	1.044	1.098	1.078	1.055	1.019	1.079	0.942	0.926	0.956
10:47:12	37.0	1.001	0.992	0.966	0.955	0.928	0.898	0.902	0.909	0.937	0.929	0.976	0.988	1.023	1.014	0.980	0.926	0.966	0.936	0.946	1.066	0.920	0.963	0.964	0.975	1.067	1.056	1.060	1.052	1.064	1.077	1.070	1.114	1.095	1.073	1.099	0.924	1.086	1.085	1.085	1.077	1.089	1.093	1.070	1.085	1.064	1.071	1.248	1.166	1.004	0.969	0.918	0.875	0.873	0.848	0.840	0.859	1.034	1.035	0.892	0.976	1.036	1.071	1.030	1.083	1.082	1.047	1.099	1.078	1.056	1.020	1.081	0.943	0.925	0.971
10:51:12	37.1	1.004	0.995	0.969	0.959	0.932	0.900	0.905	0.915	0.941	0.932	0.979	0.990	1.026	1.018	0.984	0.929	0.968	0.940	0.949	1.070	0.923	0.967	0.968	0.982	1.069	1.059	1.063	1.054	1.067	1.080	1.074	1.118	1.098	1.075	1.101	0.922	1.089	1.088	1.088	1.080	1.092	1.098	1.073	1.088	1.067	1.074	1.252	1.171	1.007	0.971	0.921	0.878	0.875	0.851	0.843	0.863	1.037	1.039	0.893	0.980	1.038	1.072	1.031	1.085	1.084	1.048	1.100	1.079	1.057	1.021	1.081	0.949	0.931	0.974
10:55:12	37.1	1.006	0.998	0.971	0.961	0.934	0.902	0.906	0.915	0.943	0.933	0.981	0.991	1.028	1.020	0.984	0.930	0.971	0.943	0.951	1.072	0.927	0.970	0.971	0.982	1.073	1.062	1.065	1.056	1.069	1.085	1.077	1.121	1.101	1.077	1.102	0.915	1.093	1.092	1.091	1.084	1.095	1.098	1.076	1.091	1.069	1.079	1.257	1.174	1.010	0.974	0.924	0.881	0.878	0.853	0.845	0.867	1.039	1.042	0.893	0.983	1.040	1.074	1.032	1.086	1.085	1.049	1.102	1.080	1.058	1.022	1.083	0.950	0.935	0.979
10:59:12	37.1	1.010	1.003	0.976	0.967	0.940	0.909	0.912	0.923	0.947	0.938	0.986	0.996	1.032	1.024	0.988	0.936	0.976	0.948	0.958	1.078	0.931	0.975	0.975	0.991	1.075	1.065	1.069	1.061	1.074	1.089	1.082	1.126	1.104	1.082	1.106	0.927	1.095	1.095	1.095	1.087	1.099	1.103	1.080	1.095	1.073	1.083	1.262	1.182	1.013	0.976	0.927	0.885	0.882	0.858	0.849	0.872	1.045	1.047	0.894	0.992	1.043	1.077	1.034	1.088	1.087	1.051	1.103	1.082	1.059	1.024	1.085	0.955	0.937	0.983
11:03:12	37.1	1.012	1.005	0.978	0.969	0.942	0.911	0.914	0.925	0.950	0.942	0.990	0.997	1.034	1.026	0.990	0.937	0.978	0.949	0.960	1.081	0.934	0.978	0.979	0.994	1.078	1.067	1.072	1.063	1.077	1.092	1.083	1.128	1.108	1.084	1.108	0.936	1.098	1.098	1.097	1.089	1.101	1.106	1.082	1.097	1.077	1.085	1.266	1.185	1.015	0.978	0.929	0.888	0.883	0.859	0.851	0.875	1.046	1.050	0.893	0.993	1.045	1.078	1.036	1.089	1.088	1.052	1.104	1.084	1.060	1.025	1.087	0.960	0.941	0.989
11:07:12	37.0	1.014	1.009	0.981	0.972	0.946	0.914	0.918	0.928	0.953	0.946	0.992	1.000	1.037	1.028	0.992	0.941	0.981	0.953	0.963	1.085	0.936	0.981	0.981	0.994	1.081	1.069	1.074	1.066	1.080	1.096	1.086	1.132	1.111	1.088	1.110	0.925	1.101	1.102	1.099	1.093	1.105	1.111	1.085	1.099	1.080	1.088	1.269	1.186	1.017	0.978	0.931	0.890	0.884	0.861	0.853	0.879	1.048	1.052	0.893	0.990	1.047	1.080	1.037	1.090	1.088	1.053	1.105	1.085	1.061	1.026	1.086	0.959	0.944	0.991
11:11:12	37.0	1.017	1.012	0.984	0.975	0.949	0.916	0.920	0.930	0.956	0.946	0.994	1.001	1.040	1.031	0.995	0.944	0.983	0.954	0.966	1.088	0.938	0.983	0.984	1.001	1.084	1.072	1.077	1.069	1.084	1.099	1.090	1.135	1.113	1.090	1.111	0.925	1.104	1.105	1.101	1.095	1.107	1.111	1.087	1.102	1.082	1.090	1.272	1.190	1.019	0.981	0.933	0.893	0.886	0.863	0.855	0.882	1.052	1.056	0.894	0.994	1.049	1.081	1.038	1.091	1.089	1.053	1.107	1.086	1.062	1.028	1.088	0.962	0.946	0.989
11:15:12	37.0	1.020	1.016	0.989	0.979	0.955	0.922	0.925	0.937	0.962	0.952	0.999	1.004	1.043	1.035	0.998	0.948	0.988	0.958	0.970	1.090	0.943	0.987	0.987	1.004	1.088	1.077	1.080	1.074	1.088	1.103	1.095	1.140	1.118	1.095	1.115	0.934	1.107	1.109	1.103	1.099	1.112	1.118	1.091	1.106	1.087	1.094	1.277	1.196	1.021	0.985	0.938	0.897	0.891	0.867	0.859	0.888	1.056	1.061	0.897	1.003	1.052	1.084	1.041	1.093	1.092	1.056	1.109	1.088	1.064	1.031	1.090	0.970	0.949	0.983
11:19:12	37.1	1.022	1.019	0.991	0.979	0.956	0.923	0.926	0.937	0.963	0.954	1.001	1.003	1.045	1.036	1.001	0.948	0.990	0.959	0.972	1.092	0.945	0.990	0.990	1.004	1.090	1.080	1.084	1.078	1.093	1.107	1.099	1.143	1.121	1.097	1.116	0.935	1.111	1.113	1.105	1.103	1.115	1.119	1.094	1.109	1.088	1.096	1.279	1.194	1.023	0.986	0.940	0.899	0.892	0.869	0.861	0.891	1.057	1.063	0.898	1.003	1.054	1.085	1.042	1.095	1.093	1.056	1.108	1.089	1.065	1.032	1.092	0.973	0.954	0.985
11:23:12	37.0	1.025	1.022	0.994	0.983	0.959	0.924	0.929	0.940	0.964	0.958	1.003	1.005	1.049	1.040	1.003	0.951	0.992	0.962	0.974	1.094	0.947	0.992	0.993	1.012	1.093	1.084	1.088	1.083	1.096	1.109	1.101	1.146	1.124	1.102	1.119	0.932	1.114	1.116	1.106	1.105	1.118	1.123	1.097	1.112	1.092	1.099	1.281	1.198	1.026	0.988	0.943	0.901	0.894	0.871	0.863	0.895	1.059	1.065	0.902	1.003	1.056	1.087	1.043	1.093	1.093	1.057	1.110	1.089	1.065	1.033	1.093	0.975	0.957	0.990
11:27:12	37.1	1.027	1.025	0.996	0.986	0.962	0.927	0.930	0.942	0.969	0.960	1.006	1.006	1.051	1.043	1.003	0.955	0.995	0.964	0.976	1.095	0.949	0.995	0.994	1.008	1.096	1.086	1.090	1.086	1.098	1.112	1.104	1.149	1.127	1.105	1.121	0.934	1.118	1.119	1.109	1.109	1.121	1.127	1.099	1.113	1.093	1.102	1.283	1.204	1.028	0.991	0.946	0.905	0.897	0.874	0.866	0.900	1.062	1.068	0.907	1.008	1.058	1.087	1.044	1.094	1.094	1.059	1.110	1.092	1.068	1.034	1.093	0.981	0.961	0.988
11:31:12	37.1	1.028	1.027	0.999	0.988	0.964	0.929	0.934	0.945	0.969	0.960	1.009	1.006	1.054	1.046	1.011	0.957	0.998	0.966	0.978	1.097	0.952	0.997	0.997	1.009	1.099	1.091	1.094	1.089	1.101	1.115	1.109	1.152	1.129	1.109	1.124	0.935	1.120	1.123	1.111	1.112	1.124	1.127	1.102	1.117	1.096	1.103	1.285	1.202	1.027	0.993	0.948	0.906	0.898	0.875	0.868	0.903	1.064	1.070	0.909	1.008	1.061	1.089	1.046	1.095	1.095	1.060	1.110	1.092	1.069	1.035	1.094	0.980	0.962	0.986
11:35:12	37.0	1.030	1.031	1.002	0.993	0.967	0.935	0.938	0.949	0.971	0.964	1.012	1.009	1.057	1.049	1.016	0.960	1.001	0.970	0.983	1.101	0.955	1.000	1.000	1.014	1.102	1.093	1.097	1.092	1.104	1.118	1.112	1.156	1.133	1.112	1.127	0.946	1.125	1.127	1.113	1.116	1.129	1.133	1.106	1.122	1.099	1.108	1.290	1.209	1.029	0.996	0.951	0.911	0.902	0.879	0.872	0.907	1.068	1.075	0.913	1.013	1.063	1.091	1.047	1.097	1.097	1.061	1.112	1.094	1.070	1.036	1.096	0.987	0.967	0.988
11:39:12	37.0	1.031	1.034	1.005	0.994	0.971	0.936	0.939	0.951	0.975	0.967	1.015	1.010	1.060	1.052	1.017	0.963	1.002	0.970	0.985	1.103	0.960	1.003	1.003	1.014	1.105	1.097	1.101	1.095	1.107	1.121	1.114	1.158	1.136	1.115	1.130	0.939	1.127	1.130	1.115	1.119	1.132	1.139	1.109	1.124	1.101	1.109	1.292	1.210	1.029	0.998	0.953	0.913	0.904	0.880	0.874	0.910	1.071	1.077	0.917	1.016	1.065	1.093	1.049	1.098	1.098	1.062	1.112	1.093	1.071	1.037	1.097	0.989	0.968	0.985
11:43:12	37.0	1.032	1.036	1.008	0.999	0.976	0.942	0.944	0.955	0.979	0.970	1.019	1.011	1.063	1.055	1.019	0.967	1.008	0.976	0.990	1.107	0.960	1.004	1.005	1.016	1.108	1.099	1.104	1.097	1.110	1.125	1.117	1.161	1.140	1.117	1.133	0.941	1.131	1.133	1.117	1.122	1.135	1.139	1.111	1.127	1.103	1.111	1.293	1.210	1.030	1.000	0.954	0.915	0.906	0.883	0.877	0.913	1.073	1.080	0.922	1.019	1.068	1.095	1.052	1.102	1.100	1.062	1.115	1.096	1.072	1.039	1.099	0.994	0.972	0.985
11:47:12	37.0	1.033	1.038	1.011	1.000	0.977	0.943	0.946	0.957	0.981	0.973	1.022	1.011	1.065	1.057	1.022	0.968	1.009	0.977	0.991	1.109	0.963	1.009	1.009	1.022	1.112	1.103	1.106	1.101	1.112	1.128	1.120	1.164	1.144	1.121	1.134	0.941	1.135	1.137	1.119	1.127	1.139	1.145	1.114	1.131	1.106	1.115	1.297	1.215	1.031	1.001	0.956	0.919	0.909	0.885	0.879	0.916	1.075	1.082	0.925	1.020	1.070	1.096	1.054	1.103	1.101	1.063	1.114	1.096	1.074	1.041	1.100	0.997	0.973	0.987
11:51:12	37.0	1.034	1.039	1.013	1.002	0.981	0.945	0.946	0.958	0.982	0.974	1.023	1.010	1.069	1.060	1.024	0.971	1.012	0.980	0.993	1.111	0.964	1.010	1.010	1.015	1.115	1.105	1.109	1.103	1.115	1.130	1.122	1.165	1.147	1.124	1.136	0.937	1.139	1.140	1.122	1.131	1.142	1.143	1.117	1.134	1.108	1.117	1.298	1.215	1.031	1.001	0.956	0.920	0.910	0.886	0.881	0.917	1.077	1.082	0.927	1.021	1.071	1.098	1.055	1.105	1.102	1.063	1.116	1.097	1.075	1.042	1.101	0.999	0.974	0.996
11:55:12	37.1	1.035	1.043	1.017	1.007	0.984	0.951	0.954	0.964	0.987	0.979	1.028	1.015	1.072	1.063	1.028	0.975	1.016	0.984	0.998	1.116	0.968	1.015	1.014	1.029	1.118	1.110	1.113	1.107	1.120	1.134	1.127	1.171	1.152	1.128	1.141	0.947	1.143	1.145	1.125	1.134	1.147	1.152	1.121	1.139	1.112	1.122	1.303	1.223	1.033	1.006	0.960	0.925	0.915	0.891	0.885	0.923	1.082	1.089	0.934	1.032	1.075	1.100	1.057	1.105	1.104	1.065	1.118	1.099	1.077	1.045	1.102	1.009	0.980	1.008
11:59:12	37.0	1.037	1.045	1.019	1.010	0.986	0.951	0.955	0.966	0.990	0.982	1.029	1.015	1.073	1.065	1.030	0.978	1.020	0.987	1.000	1.118	0.971	1.018	1.017	1.031	1.121	1.112	1.116	1.110	1.123	1.138	1.130	1.175	1.155	1.132	1.145	0.950	1.147	1.148	1.127	1.137	1.149	1.152	1.123	1.141	1.113	1.124	1.304	1.222	1.033	1.007	0.961	0.927	0.917	0.893	0.888	0.924	1.085	1.091	0.936	1.032	1.077	1.101	1.058	1.108	1.104	1.065	1.118	1.099	1.079	1.046	1.103	1.008	0.981	1.012
12:03:12	37.1	1.038	1.048	1.023	1.012	0.989	0.956	0.955	0.967	0.991	0.984	1.032	1.015	1.076	1.068	1.033	0.980	1.021	0.989	1.003	1.120	0.973	1.020	1.021	1.027	1.124	1.116	1.119	1.112	1.126	1.141	1.133	1.177	1.159	1.134	1.146	0.957	1.151	1.152	1.130	1.140	1.151	1.157	1.127	1.146	1.117	1.127	1.308	1.225	1.034	1.008	0.963	0.930	0.920	0.896	0.891	0.927	1.089	1.094	0.940	1.034	1.079	1.103	1.061	1.107	1.105	1.065	1.118	1.100	1.080	1.048	1.105	1.011	0.982	1.019
12:07:12	37.1	1.039	1.050	1.026	1.014	0.991	0.956	0.959	0.969	0.994	0.986	1.034	1.016	1.078	1.071	1.036	0.981	1.022	0.990	1.004	1.123	0.975	1.023	1.023	1.029	1.127	1.119	1.122	1.116	1.130	1.144	1.137	1.181	1.162	1.137	1.149	0.965	1.155	1.155	1.133	1.144	1.155	1.159	1.131	1.149	1.120	1.130	1.310	1.227	1.034	1.007	0.963	0.932	0.921	0.898	0.893	0.926	1.090	1.095	0.941	1.034	1.081	1.103	1.062	1.108	1.106	1.064	1.119	1.100	1.081	1.050	1.105	1.010	0.981	1.020
12:11:12	37.0	1.040	1.051	1.028	1.018	0.994	0.961	0.963	0.971	0.995	0.988	1.036	1.018	1.079	1.072	1.038	0.985	1.026	0.995	1.008	1.124	0.978	1.024	1.024	1.032	1.130	1.122	1.126	1.119	1.132	1.148	1.140	1.184	1.164	1.139	1.151	0.972	1.159	1.159	1.135	1.147	1.158	1.165	1.134	1.153	1.122	1.133	1.312	1.231	1.034	1.009	0.965	0.935	0.925	0.901	0.896	0.930	1.095	1.099	0.946	1.042	1.083	1.105	1.063	1.112	1.108	1.065	1.121	1.101	1.083	1.052	1.107	1.019	0.986	1.019
12:15:12	37.1	1.042	1.056	1.031	1.020	0.997	0.964	0.966	0.977	0.998	0.992	1.040	1.019	1.080	1.075	1.041	0.988	1.029	0.998	1.011	1.126	0.981	1.027	1.028	1.030	1.133	1.126	1.129	1.122	1.135	1.151	1.143	1.188	1.168	1.142	1.154	0.976	1.163	1.162	1.138	1.151	1.161	1.169	1.138	1.157	1.126	1.137	1.316	1.236	1.035	1.012	0.967	0.937	0.927	0.904	0.899	0.931	1.098	1.102	0.949	1.044	1.086	1.107	1.064	1.115	1.108	1.066	1.121	1.101	1.084	1.054	1.109	1.025	0.988	1.028
12:19:12	37.1	1.044	1.057	1.033	1.022	0.999	0.964	0.967	0.979	1.003	0.995	1.043	1.021	1.082	1.079	1.044	0.989	1.031	0.998	1.011	1.128	0.983	1.030	1.030	1.034	1.136	1.130	1.133	1.126	1.138	1.156	1.146	1.192	1.171	1.146	1.157	0.975	1.168	1.166	1.141	1.154	1.164	1.171	1.142	1.161	1.129	1.140	1.317	1.235	1.036	1.013	0.969	0.940	0.930	0.906	0.901	0.933	1.102	1.104	0.951	1.046	1.088	1.108	1.064	1.117	1.109	1.066	1.122	1.103	1.086	1.053	1.109	1.023	0.988	1.029
12:23:12	37.1	1.045	1.058	1.036	1.024	1.002	0.968	0.969	0.981	1.005	0.996	1.046	1.022	1.083	1.081	1.047	0.992	1.032	1.002	1.014	1.131	0.987	1.032	1.032	1.030	1.139	1.133	1.136	1.130	1.142	1.158	1.149	1.194	1.173	1.149	1.159	0.978	1.171	1.169	1.144	1.157	1.166	1.174	1.145	1.164	1.132	1.143	1.319	1.236	1.037	1.014	0.970	0.943	0.932	0.908	0.904	0.934	1.103	1.107	0.953	1.048	1.090	1.109	1.067	1.119	1.110	1.068	1.123	1.103	1.086	1.055	1.110	1.029	0.991	1.035
12:27:12	37.1	1.046	1.059	1.037	1.027	1.004	0.971	0.972	0.983	1.007	1.000	1.048	1.023	1.084	1.083	1.049	0.994	1.036	1.004	1.016	1.133	0.989	1.036	1.036	1.035	1.142	1.135	1.139	1.133	1.145	1.161	1.153	1.198	1.177	1.152	1.161	0.987	1.175	1.172	1.147	1.161	1.169	1.180	1.150	1.168	1.135	1.146	1.321	1.240	1.037	1.015	0.971	0.945	0.935	0.911	0.907	0.936	1.107	1.109	0.954	1.051	1.092	1.109	1.069	1.121	1.110	1.067	1.123	1.104	1.087	1.057	1.111	1.030	0.993	1.033
12:31:12	37.0	1.048	1.062	1.040	1.030	1.006	0.972	0.975	0.985	1.009	1.001	1.053	1.025	1.086	1.086	1.052	0.997	1.039	1.006	1.019	1.134	0.991	1.037	1.037	1.030	1.145	1.139	1.142	1.136	1.148	1.164	1.155	1.201	1.179	1.155	1.165	0.991	1.178	1.174	1.149	1.164	1.171	1.182	1.153	1.170	1.137	1.149	1.324	1.242	1.038	1.017	0.972	0.947	0.938	0.914	0.911	0.939	1.110	1.111	0.957	1.052	1.093	1.111	1.070	1.120	1.113	1.069	1.123	1.106	1.089	1.059	1.113	1.033	0.995	1.039
12:35:12	37.1	1.050	1.063	1.042	1.033	1.009	0.977	0.979	0.990	1.013	1.005	1.057	1.028	1.088	1.089	1.055	1.000	1.041	1.011	1.021	1.137	0.994	1.041	1.040	1.038	1.148	1.143	1.145	1.139	1.151	1.168	1.160	1.205	1.183	1.158	1.168	0.998	1.182	1.178	1.153	1.168	1.174	1.186	1.156	1.174	1.141	1.152	1.327	1.243	1.040	1.018	0.974	0.948	0.941	0.917	0.913	0.940	1.113	1.114	0.959	1.055	1.096	1.112	1.072	1.122	1.114	1.070	1.124	1.107	1.089	1.061	1.114	1.036	0.997	1.043
12:39:12	37.0	1.051	1.063	1.045	1.035	1.012	0.978	0.982	0.993	1.015	1.008	1.056	1.028	1.089	1.091	1.058	1.002	1.043	1.011	1.023	1.139	0.997	1.043	1.044	1.042	1.152	1.147	1.151	1.143	1.156	1.172	1.163	1.208	1.188	1.162	1.169	1.004	1.187	1.181	1.156	1.171	1.177	1.190	1.160	1.178	1.144	1.157	1.329	1.247	1.041	1.019	0.976	0.951	0.943	0.920	0.916	0.942	1.116	1.117	0.962	1.060	1.098	1.114	1.072	1.123	1.116	1.072	1.125	1.108	1.090	1.062	1.115	1.042	0.999	1.045
12:43:12	37.0	1.053	1.065	1.047	1.038	1.014	0.981	0.983	0.995	1.018	1.008	1.059	1.030	1.091	1.093	1.060	1.005	1.045	1.015	1.026	1.140	0.999	1.045	1.046	1.040	1.154	1.150	1.153	1.146	1.159	1.175	1.165	1.211	1.191	1.164	1.173	1.011	1.189	1.184	1.158	1.173	1.179	1.192	1.163	1.180	1.146	1.159	1.330	1.250	1.042	1.020	0.977	0.951	0.946	0.922	0.919	0.943	1.118	1.119	0.962	1.060	1.100	1.116	1.074	1.124	1.117	1.072	1.125	1.107	1.091	1.062	1.115	1.039	1.003	1.049
12:47:12	37.1	1.054	1.067	1.049	1.039	1.017	0.983	0.987	0.995	1.021	1.012	1.064	1.032	1.092	1.096	1.063	1.007	1.048	1.018	1.030	1.143	1.002	1.048	1.049	1.044	1.158	1.154	1.157	1.149	1.161	1.179	1.169	1.215	1.194	1.167	1.176	1.019	1.193	1.187	1.163	1.177	1.181	1.196	1.167	1.184	1.150	1.163	1.333	1.252	1.044	1.022	0.978	0.953	0.949	0.925	0.922	0.946	1.121	1.124	0.965	1.065	1.102	1.116	1.075	1.122	1.119	1.073	1.126	1.109	1.093	1.064	1.115	1.047	1.006	1.052
12:51:12	37.1	1.056	1.070	1.051	1.042	1.020	0.987	0.990	0.999	1.024	1.015	1.068	1.035	1.095	1.098	1.067	1.010	1.050	1.021	1.033	1.146	1.005	1.051	1.051	1.049	1.162	1.158	1.160	1.154	1.165	1.183	1.173	1.219	1.196	1.171	1.179	1.023	1.197	1.191	1.166	1.180	1.185	1.199	1.171	1.188	1.154	1.168	1.337	1.257	1.046	1.025	0.980	0.956	0.953	0.929	0.927	0.950	1.126	1.128	0.967	1.069	1.104	1.118	1.077	1.124	1.121	1.074	1.127	1.108	1.094	1.066	1.117	1.049	1.010	1.052
12:55:12	37.1	1.058	1.071	1.053	1.045	1.022	0.989	0.992	1.003	1.026	1.015	1.070	1.035	1.096	1.101	1.069	1.012	1.052	1.022	1.033	1.147	1.006	1.052	1.053	1.050	1.164	1.161	1.163	1.157	1.166	1.186	1.177	1.222	1.199	1.174	1.183	1.023	1.200	1.194	1.168	1.182	1.188	1.202	1.173	1.191	1.157	1.171	1.339	1.256	1.047	1.026	0.982	0.957	0.956	0.931	0.930	0.950	1.128	1.130	0.967	1.069	1.106	1.119	1.078	1.125	1.123	1.075	1.129	1.111	1.095	1.067	1.118	1.050	1.010	1.058
12:59:12	37.1	1.059	1.071	1.053	1.046	1.024	0.992	0.994	1.004	1.028	1.020	1.070	1.036	1.097	1.102	1.070	1.015	1.054	1.024	1.036	1.150	1.010	1.055	1.057	1.052	1.168	1.166	1.166	1.159	1.171	1.190	1.178	1.226	1.203	1.179	1.185	1.023	1.204	1.197	1.172	1.185	1.190	1.205	1.177	1.195	1.160	1.176	1.339	1.256	1.047	1.027	0.983	0.958	0.957	0.933	0.931	0.949	1.130	1.131	0.966	1.067	1.108	1.120	1.080	1.125	1.124	1.076	1.129	1.108	1.096	1.068	1.118	1.048	1.011	1.063
13:03:12	37.0	1.060	1.072	1.055	1.048	1.027	0.993	0.995	1.008	1.030	1.022	1.073	1.040	1.099	1.103	1.072	1.017	1.056	1.027	1.039	1.153	1.012	1.058	1.058	1.055	1.171	1.170	1.169	1.163	1.174	1.193	1.182	1.228	1.206	1.182	1.187	1.027	1.207	1.200	1.175	1.188	1.192	1.209	1.182	1.198	1.165	1.179	1.343	1.262	1.049	1.028	0.985	0.960	0.961	0.936	0.934	0.951	1.132	1.134	0.966	1.074	1.110	1.122	1.081	1.125	1.125	1.077	1.129	1.110	1.098	1.069	1.119	1.053	1.012	1.063
13:07:12	37.1	1.062	1.074	1.057	1.050	1.029	0.997	1.000	1.009	1.033	1.025	1.076	1.040	1.101	1.105	1.074	1.019	1.058	1.028	1.040	1.155	1.015	1.061	1.062	1.055	1.174	1.174	1.173	1.167	1.176	1.197	1.186	1.232	1.209	1.184	1.191	1.029	1.210	1.202	1.178	1.191	1.195	1.211	1.185	1.202	1.169	1.182	1.346	1.265	1.050	1.030	0.987	0.962	0.964	0.939	0.938	0.953	1.135	1.136	0.967	1.075	1.112	1.123	1.083	1.125	1.126	1.079	1.131	1.110	1.099	1.071	1.119	1.053	1.014	1.068
13:11:12	37.1	1.063	1.075	1.059	1.053	1.031	1.000	1.003	1.012	1.036	1.027	1.079	1.041	1.103	1.106	1.076	1.021	1.060	1.031	1.043	1.157	1.017	1.063	1.064	1.058	1.178	1.177	1.177	1.170	1.180	1.200	1.190	1.235	1.212	1.188	1.193	1.031	1.213	1.205	1.181	1.194	1.197	1.216	1.188	1.204	1.171	1.185	1.348	1.264	1.051	1.031	0.988	0.963	0.966	0.941	0.940	0.954	1.138	1.139	0.968	1.079	1.114	1.124	1.085	1.125	1.127	1.081	1.131	1.110	1.099	1.072	1.120	1.057	1.015	1.069
13:15:12	37.1	1.065	1.076	1.061	1.055	1.034	1.002	1.004	1.014	1.039	1.029	1.082	1.043	1.104	1.107	1.077	1.024	1.062	1.033	1.045	1.159	1.021	1.065	1.066	1.058	1.181	1.181	1.180	1.173	1.183	1.203	1.193	1.238	1.216	1.191	1.196	1.033	1.217	1.209	1.185	1.198	1.200	1.217	1.192	1.207	1.175	1.188	1.351	1.265	1.052	1.032	0.988	0.964	0.969	0.944	0.943	0.955	1.140	1.140	0.967	1.081	1.116	1.125	1.086	1.126	1.128	1.082	1.131	1.110	1.101	1.074	1.121	1.058	1.018	1.078
13:19:12	37.1	1.065	1.077	1.063	1.057	1.035	1.003	1.007	1.017	1.040	1.033	1.083	1.043	1.105	1.108	1.079	1.026	1.062	1.033	1.046	1.160	1.021	1.067	1.069	1.060	1.185	1.185	1.183	1.178	1.187	1.207	1.196	1.242	1.219	1.195	1.197	1.035	1.221	1.212	1.188	1.201	1.202	1.220	1.196	1.211	1.178	1.191	1.354	1.264	1.054	1.034	0.990	0.966	0.971	0.946	0.944	0.956	1.142	1.142	0.969	1.081	1.117	1.126	1.087	1.126	1.129	1.081	1.132	1.112	1.101	1.074	1.121	1.056	1.020	1.075
13:23:12	37.1	1.068	1.079	1.064	1.059	1.039	1.007	1.009	1.019	1.045	1.033	1.086	1.046	1.108	1.110	1.081	1.029	1.065	1.037	1.048	1.162	1.026	1.070	1.071	1.064	1.189	1.189	1.188	1.181	1.190	1.211	1.197	1.246	1.224	1.198	1.201	1.044	1.225	1.216	1.191	1.204	1.204	1.224	1.200	1.214	1.181	1.195	1.359	1.269	1.056	1.035	0.992	0.968	0.974	0.950	0.949	0.959	1.146	1.145	0.971	1.087	1.119	1.127	1.090	1.128	1.130	1.083	1.134	1.113	1.103	1.076	1.123	1.062	1.023	1.080
13:27:12	37.1	1.069	1.080	1.065	1.061	1.041	1.007	1.011	1.022	1.046	1.038	1.088	1.047	1.108	1.111	1.081	1.031	1.067	1.038	1.050	1.164	1.026	1.073	1.075	1.063	1.192	1.192	1.191	1.185	1.194	1.214	1.201	1.248	1.226	1.202	1.204	1.044	1.228	1.218	1.194	1.208	1.207	1.227	1.204	1.218	1.185	1.198	1.361	1.268	1.057	1.037	0.993	0.969	0.976	0.951	0.951	0.961	1.148	1.147	0.972	1.086	1.120	1.127	1.091	1.128	1.131	1.083	1.133	1.114	1.104	1.076	1.124	1.061	1.024	1.082
13:31:12	37.0	1.071	1.082	1.067	1.063	1.043	1.010	1.013	1.023	1.048	1.039	1.090	1.050	1.110	1.113	1.084	1.032	1.069	1.041	1.052	1.166	1.030	1.077	1.077	1.069	1.195	1.196	1.194	1.188	1.197	1.217	1.211	1.251	1.229	1.205	1.206	1.050	1.232	1.222	1.197	1.211	1.209	1.229	1.206	1.219	1.188	1.201	1.364	1.270	1.058	1.039	0.995	0.971	0.978	0.955	0.955	0.964	1.151	1.149	0.972	1.092	1.121	1.129	1.092	1.129	1.131	1.083	1.135	1.115	1.105	1.079	1.125	1.066	1.027	1.085
13:35:12	37.1	1.072	1.083	1.068	1.065	1.045	1.012	1.016	1.027	1.052	1.043	1.092	1.051	1.111	1.115	1.085	1.035	1.071	1.043	1.055	1.167	1.032	1.079	1.080	1.065	1.199	1.199	1.198	1.192	1.200	1.221	1.212	1.254	1.232	1.208	1.210	1.053	1.236	1.225	1.200	1.214	1.212	1.232	1.210	1.224	1.191	1.205	1.369	1.272	1.059	1.041	0.998	0.974	0.981	0.958	0.958	0.967	1.154	1.152	0.975	1.092	1.123	1.130	1.092	1.130	1.133	1.084	1.135	1.116	1.106	1.081	1.125	1.067	1.031	1.084
13:39:12	37.1	1.074	1.085	1.070	1.068	1.047	1.015	1.017	1.031	1.055	1.044	1.095	1.054	1.114	1.116	1.086	1.037	1.074	1.046	1.058	1.171	1.037	1.082	1.084	1.074	1.203	1.203	1.202	1.195	1.204	1.224	1.217	1.257	1.236	1.211	1.211	1.059	1.236	1.229	1.203	1.217	1.213	1.236	1.214	1.226	1.195	1.208	1.372	1.274	1.062	1.043	0.999	0.976	0.984	0.961	0.963	0.970	1.157	1.155	0.977	1.098	1.124	1.132	1.094	1.131	1.135	1.085	1.137	1.117	1.108	1.081	1.126	1.070	1.033	1.091
13:43:12	37.0	1.074	1.086	1.072	1.069	1.049	1.016	1.020	1.031	1.056	1.048	1.096	1.054	1.115	1.117	1.087	1.038	1.075	1.046	1.059	1.171	1.036	1.083	1.085	1.069	1.206	1.206	1.206	1.198	1.208	1.227	1.220	1.259	1.238	1.215	1.214	1.056	1.241	1.232	1.207	1.220	1.216	1.239	1.217	1.231	1.198	1.212	1.375	1.273	1.061	1.042	0.999	0.976	0.983	0.961	0.964	0.970	1.158	1.155	0.978	1.096	1.125	1.132	1.093	1.132	1.136	1.086	1.137	1.117	1.109	1.083	1.126	1.069	1.034	1.091
13:47:12	37.0	1.076	1.088	1.073	1.071	1.052	1.019	1.024	1.035	1.058	1.050	1.098	1.056	1.117	1.119	1.089	1.041	1.077	1.049	1.062	1.174	1.040	1.087	1.088	1.073	1.210	1.210	1.209	1.202	1.211	1.232	1.224	1.262	1.243	1.218	1.216	1.059	1.245	1.235	1.209	1.223	1.218	1.241	1.221	1.235	1.201	1.214	1.379	1.275	1.063	1.044	1.002	0.979	0.986	0.964	0.967	0.973	1.161	1.158	0.980	1.096	1.126	1.133	1.095	1.133	1.137	1.086	1.138	1.118	1.111	1.083	1.127	1.067	1.036	1.088
13:51:12	37.0	1.078	1.089	1.075	1.075	1.054	1.022	1.025	1.038	1.061	1.054	1.099	1.058	1.119	1.121	1.091	1.043	1.078	1.051	1.064	1.176	1.042	1.089	1.091	1.077	1.213	1.214	1.212	1.205	1.215	1.235	1.229	1.265	1.246	1.221	1.221	1.063	1.248	1.238	1.213	1.227	1.221	1.249	1.225	1.238	1.206	1.218	1.385	1.276	1.065	1.046	1.004	0.982	0.988	0.967	0.972	0.977	1.165	1.161	0.985	1.100	1.128	1.133	1.096	1.135	1.138	1.086	1.139	1.120	1.112	1.083	1.128	1.071	1.039	1.091
13:55:12	37.1	1.079	1.091	1.076	1.077	1.056	1.023	1.027	1.039	1.064	1.053	1.102	1.060	1.121	1.122	1.093	1.044	1.081	1.054	1.067	1.178	1.046	1.093	1.095	1.077	1.217	1.218	1.215	1.208	1.218	1.239	1.232	1.268	1.250	1.224	1.223	1.066	1.250	1.241	1.214	1.229	1.222	1.251	1.226	1.241	1.208	1.221	1.387	1.280	1.067	1.047	1.005	0.983	0.990	0.970	0.976	0.979	1.168	1.164	0.987	1.104	1.130	1.134	1.097	1.135	1.140	1.086	1.141	1.119	1.114	1.084	1.128	1.075	1.041	1.090
13:59:12	37.1	1.081	1.092	1.079	1.078	1.058	1.027	1.031	1.043	1.066	1.059	1.103	1.062	1.122	1.123	1.094	1.045	1.081	1.056	1.069	1.179	1.046	1.093	1.095	1.080	1.221	1.221	1.218	1.212	1.222	1.241	1.236	1.271	1.253	1.227	1.226	1.066	1.253	1.244	1.218	1.233	1.224	1.252	1.229	1.245	1.212	1.224	1.391	1.279	1.067	1.048	1.007	0.986	0.992	0.972	0.978	0.982	1.170	1.165	0.989	1.105	1.131	1.135	1.098	1.135	1.140	1.087	1.141	1.120	1.115	1.084	1.129	1.075	1.044	1.091
14:03:12	37.0	1.082	1.094	1.080	1.079	1.061	1.028	1.032	1.044	1.066	1.061	1.105	1.063	1.124	1.126	1.096	1.047	1.083	1.056	1.071	1.181	1.050	1.096	1.098	1.080	1.225	1.225	1.222	1.216	1.226	1.246	1.240	1.274	1.257	1.229	1.229	1.068	1.256	1.247	1.222	1.235	1.226	1.253	1.232	1.248	1.216	1.228	1.394	1.278	1.069	1.049	1.009	0.988	0.994	0.974	0.981	0.985	1.173	1.168	0.992	1.110	1.132	1.136	1.099	1.135	1.141	1.089	1.142	1.121	1.117	1.085	1.132	1.079	1.046	1.090
14:07:12	37.1	1.082	1.095	1.080	1.081	1.061	1.030	1.034	1.048	1.068	1.061	1.107	1.065	1.125	1.127	1.097	1.048	1.085	1.058	1.073	1.182	1.052	1.098	1.099	1.083	1.228	1.228	1.225	1.219	1.229	1.249	1.244	1.276	1.260	1.231	1.230	1.067	1.258	1.250	1.224	1.237	1.228	1.255	1.234	1.250	1.218	1.229	1.398	1.277	1.069	1.049	1.010	0.988	0.994	0.974	0.982	0.986	1.175	1.169	0.993	1.111	1.133	1.136	1.099	1.134	1.142	1.091	1.142	1.121	1.117	1.085	1.133	1.081	1.049	1.094
14:11:12	37.0	1.084	1.097	1.083	1.083	1.063	1.032	1.036	1.050	1.071	1.065	1.109	1.066	1.126	1.128	1.099	1.049	1.087	1.060	1.075	1.184	1.055	1.101	1.101	1.084	1.231	1.232	1.228	1.222	1.232	1.253	1.248	1.279	1.263	1.236	1.234	1.069	1.261	1.252	1.227	1.240	1.230	1.259	1.238	1.254	1.222	1.232	1.401	1.279	1.069	1.051	1.011	0.990	0.996	0.976	0.986	0.989	1.178	1.172	0.997	1.113	1.134	1.137	1.101	1.135	1.143	1.092	1.143	1.120	1.117	1.086	1.133	1.080	1.051	1.094
14:15:12	37.1	1.085	1.099	1.084	1.086	1.065	1.034	1.039	1.053	1.073	1.067	1.111	1.068	1.128	1.130	1.100	1.051	1.090	1.062	1.078	1.187	1.058	1.104	1.105	1.087	1.235	1.235	1.233	1.225	1.236	1.256	1.252	1.282	1.267	1.238	1.234	1.074	1.264	1.255	1.230	1.243	1.233	1.262	1.241	1.256	1.226	1.236	1.407	1.280	1.071	1.053	1.014	0.992	0.998	0.979	0.989	0.992	1.181	1.174	1.001	1.115	1.135	1.137	1.101	1.135	1.144	1.093	1.144	1.120	1.119	1.087	1.133	1.084	1.052	1.095
14:19:12	37.0	1.087	1.100	1.085	1.086	1.065	1.037	1.041	1.054	1.074	1.069	1.112	1.068	1.130	1.131	1.101	1.052	1.091	1.064	1.079	1.188	1.060	1.106	1.106	1.084	1.238	1.239	1.236	1.228	1.240	1.259	1.255	1.285	1.270	1.242	1.236	1.071	1.266	1.258	1.233	1.245	1.235	1.264	1.243	1.259	1.230	1.238	1.411	1.279	1.071	1.054	1.015	0.993	0.999	0.980	0.991	0.993	1.183	1.176	1.001	1.117	1.136	1.138	1.099	1.135	1.144	1.093	1.145	1.120	1.119	1.087	1.135	1.084	1.053	1.095
14:23:12	37.1	1.089	1.102	1.088	1.088	1.067	1.039	1.044	1.058	1.076	1.073	1.115	1.072	1.132	1.134	1.104	1.054	1.092	1.067	1.083	1.191	1.062	1.109	1.110	1.094	1.241	1.243	1.240	1.232	1.244	1.264	1.259	1.288	1.275	1.245	1.240	1.079	1.268	1.261	1.237	1.249	1.238	1.268	1.246	1.263	1.233	1.242	1.417	1.282	1.073	1.057	1.018	0.997	1.002	0.983	0.995	0.997	1.187	1.180	1.006	1.119	1.138	1.139	1.101	1.137	1.145	1.094	1.146	1.122	1.121	1.087	1.136	1.085	1.055	1.095
14:27:12	37.1	1.089	1.103	1.090	1.089	1.068	1.041	1.045	1.060	1.078	1.074	1.116	1.073	1.133	1.135	1.105	1.054	1.094	1.068	1.084	1.192	1.064	1.110	1.112	1.094	1.245	1.247	1.243	1.236	1.246	1.267	1.263	1.291	1.277	1.251	1.243	1.076	1.271	1.263	1.239	1.250	1.239	1.271	1.249	1.265	1.236	1.244	1.420	1.281	1.074	1.056	1.018	0.998	1.002	0.985	0.997	0.999	1.189	1.181	1.008	1.121	1.140	1.138	1.101	1.138	1.146	1.094	1.147	1.124	1.120	1.088	1.137	1.091	1.058	1.097
14:31:12	37.1	1.090	1.105	1.090	1.089	1.069	1.042	1.047	1.062	1.079	1.076	1.118	1.074	1.134	1.136	1.106	1.056	1.095	1.071	1.086	1.193	1.065	1.112	1.115	1.095	1.248	1.250	1.246	1.239	1.249	1.269	1.265	1.293	1.280	1.253	1.246	1.075	1.274	1.266	1.242	1.253	1.241	1.273	1.250	1.267	1.240	1.247	1.425	1.281	1.075	1.057	1.019	0.999	1.004	0.985	0.998	1.001	1.190	1.183	1.010	1.120	1.141	1.139	1.101	1.138	1.147	1.095	1.147	1.125	1.121	1.089	1.136	1.089	1.059	1.096
14:35:12	37.1	1.092	1.107	1.093	1.091	1.071	1.045	1.051	1.065	1.081	1.078	1.120	1.077	1.136	1.139	1.108	1.057	1.097	1.073	1.089	1.195	1.067	1.115	1.118	1.097	1.251	1.254	1.250	1.243	1.252	1.274	1.269	1.296	1.284	1.257	1.250	1.083	1.276	1.272	1.246	1.256	1.243	1.275	1.254	1.271	1.244	1.250	1.433	1.283	1.077	1.060	1.022	1.002	1.007	0.989	1.001	1.004	1.195	1.187	1.015	1.126	1.143	1.140	1.101	1.141	1.148	1.095	1.150	1.125	1.123	1.091	1.138	1.095	1.061	1.099
14:39:12	37.1	1.092	1.108	1.093	1.092	1.072	1.048	1.053	1.066	1.083	1.080	1.123	1.078	1.137	1.140	1.109	1.058	1.099	1.075	1.091	1.197	1.070	1.117	1.120	1.097	1.254	1.258	1.255	1.246	1.256	1.276	1.272	1.299	1.287	1.261	1.252	1.080	1.278	1.274	1.248	1.257	1.244	1.276	1.255	1.272	1.247	1.254	1.435	1.284	1.077	1.060	1.023	1.002	1.009	0.989	1.002	1.006	1.196	1.188	1.018	1.125	1.143	1.140	1.100	1.141	1.149	1.095	1.151	1.127	1.123	1.091	1.139	1.094	1.062	1.099
14:43:12	37.1	1.094	1.109	1.094	1.092	1.073	1.049	1.054	1.068	1.084	1.081	1.124	1.078	1.138	1.141	1.111	1.058	1.099	1.077	1.092	1.198	1.070	1.117	1.121	1.096	1.258	1.261	1.258	1.250	1.260	1.279	1.275	1.301	1.291	1.264	1.254	1.080	1.280	1.276	1.251	1.260	1.246	1.281	1.256	1.273	1.250	1.255	1.436	1.282	1.077	1.061	1.024	1.003	1.010	0.990	1.004	1.008	1.199	1.190	1.020	1.125	1.143	1.140	1.100	1.142	1.149	1.095	1.149	1.131	1.123	1.093	1.139	1.093	1.063	1.099
14:47:12	37.1	1.095	1.111	1.096	1.094	1.075	1.050	1.056	1.069	1.086	1.083	1.126	1.081	1.140	1.142	1.112	1.060	1.101	1.079	1.094	1.200	1.073	1.120	1.123	1.097	1.262	1.264	1.262	1.254	1.262	1.282	1.278	1.304	1.295	1.268	1.257	1.081	1.283	1.278	1.253	1.261	1.248	1.281	1.261	1.276	1.253	1.258	1.440	1.282	1.078	1.062	1.026	1.006	1.011	0.993	1.006	1.010	1.202	1.193	1.024	1.129	1.144	1.140	1.101	1.143	1.149	1.096	1.151	1.131	1.126	1.095	1.141	1.097	1.065	1.101
14:51:12	37.0	1.097	1.113	1.098	1.094	1.076	1.052	1.058	1.071	1.088	1.085	1.127	1.081	1.142	1.144	1.113	1.061	1.102	1.081	1.096	1.202	1.074	1.121	1.125	1.099	1.266	1.268	1.267	1.257	1.266	1.285	1.281	1.307	1.298	1.271	1.260	1.082	1.284	1.281	1.256	1.264	1.250	1.283	1.263	1.279	1.255	1.260	1.442	1.284	1.079	1.063	1.028	1.008	1.013	0.995	1.008	1.013	1.206	1.195	1.028	1.130	1.145	1.141	1.101	1.144	1.150	1.097	1.150	1.129	1.126	1.095	1.141	1.099	1.067	1.102
14:55:12	37.1	1.098	1.114	1.099	1.097	1.077	1.054	1.060	1.073	1.089	1.087	1.129	1.084	1.144	1.147	1.115	1.063	1.104	1.082	1.098	1.203	1.076	1.122	1.127	1.104	1.269	1.272	1.271	1.260	1.269	1.288	1.284	1.311	1.303	1.275	1.264	1.088	1.286	1.283	1.259	1.266	1.252	1.284	1.265	1.281	1.259	1.264	1.446	1.285	1.081	1.066	1.030	1.011	1.015	0.998	1.011	1.016	1.208	1.199	1.032	1.134	1.147	1.142	1.103	1.146	1.150	1.099	1.151	1.129	1.127	1.097	1.143	1.103	1.070	1.104
14:59:12	37.1	1.099	1.116	1.100	1.098	1.079	1.055	1.061	1.074	1.091	1.089	1.131	1.085	1.145	1.148	1.117	1.063	1.106	1.084	1.100	1.206	1.078	1.124	1.128	1.103	1.272	1.275	1.275	1.264	1.272	1.290	1.288	1.314	1.306	1.279	1.268	1.087	1.287	1.284	1.261	1.266	1.253	1.287	1.268	1.282	1.261	1.265	1.446	1.285	1.082	1.065	1.031	1.012	1.017	1.000	1.012	1.018	1.210	1.201	1.035	1.136	1.146	1.142	1.105	1.147	1.151	1.099	1.153	1.128	1.127	1.098	1.143	1.106	1.072	1.107
15:03:12	37.0	1.101	1.117	1.102	1.098	1.080	1.058	1.063	1.076	1.093	1.091	1.133	1.088	1.146	1.149	1.118	1.065	1.107	1.086	1.102	1.207	1.080	1.127	1.131	1.106	1.275	1.278	1.277	1.267	1.274	1.294	1.291	1.317	1.310	1.283	1.269	1.091	1.289	1.286	1.264	1.269	1.255	1.288	1.270	1.284	1.265	1.268	1.448	1.287	1.081	1.067	1.033	1.015	1.019	1.002	1.015	1.020	1.213	1.204	1.038	1.139	1.147	1.142	1.107	1.148	1.152	1.100	1.154	1.127	1.128	1.099	1.143	1.108	1.073	1.107
15:07:12	37.1	1.102	1.119	1.103	1.099	1.081	1.059	1.065	1.078	1.094	1.092	1.134	1.089	1.148	1.151	1.119	1.066	1.109	1.089	1.104	1.208	1.082	1.129	1.133	1.106	1.279	1.282	1.281	1.270	1.276	1.296	1.294	1.321	1.314	1.288	1.270	1.093	1.291	1.288	1.267	1.271	1.257	1.290	1.272	1.287	1.266	1.271	1.450	1.286	1.082	1.069	1.035	1.017	1.021	1.004	1.017	1.023	1.216	1.207	1.041	1.139	1.148	1.144	1.108	1.151	1.153	1.100	1.156	1.128	1.130	1.099	1.144	1.109	1.075	1.107
15:11:12	37.0	1.102	1.121	1.105	1.101	1.083	1.060	1.066	1.080	1.096	1.095	1.136	1.092	1.149	1.153	1.120	1.067	1.110	1.090	1.105	1.209	1.083	1.131	1.134	1.109	1.282	1.285	1.284	1.273	1.280	1.298	1.296	1.324	1.318	1.289	1.271	1.092	1.293	1.291	1.270	1.272	1.259	1.291	1.274	1.289	1.269	1.272	1.452	1.287	1.085	1.070	1.036	1.018	1.022	1.005	1.020	1.024	1.218	1.208	1.044	1.143	1.148	1.144	1.108	1.151	1.154	1.102	1.157	1.132	1.130	1.100	1.144	1.113	1.077	1.111
15:15:12	37.1	1.103	1.121	1.105	1.101	1.084	1.062	1.067	1.081	1.098	1.097	1.138	1.092	1.150	1.154	1.121	1.068	1.110	1.091	1.106	1.211	1.084	1.132	1.135	1.112	1.286	1.288	1.286	1.275	1.281	1.300	1.299	1.326	1.319	1.292	1.271	1.095	1.294	1.292	1.272	1.274	1.259	1.293	1.274	1.290	1.271	1.275	1.454	1.288	1.086	1.071	1.038	1.020	1.024	1.007	1.020	1.025	1.221	1.210	1.046	1.142	1.148	1.144	1.108	1.153	1.155	1.101	1.157	1.132	1.131	1.099	1.145	1.112	1.078	1.110
15:19:12	37.0	1.105	1.123	1.107	1.103	1.085	1.063	1.069	1.083	1.100	1.099	1.140	1.095	1.151	1.156	1.124	1.069	1.112	1.094	1.109	1.212	1.087	1.135	1.138	1.116	1.289	1.291	1.290	1.280	1.284	1.302	1.303	1.330	1.324	1.296	1.271	1.097	1.295	1.294	1.274	1.276	1.262	1.295	1.277	1.291	1.274	1.277	1.456	1.288	1.087	1.074	1.041	1.023	1.028	1.010	1.026	1.029	1.224	1.214	1.050	1.145	1.149	1.145	1.111	1.155	1.156	1.102	1.159	1.133	1.132	1.101	1.145	1.115	1.081	1.112
15:23:12	37.0	1.105	1.124	1.108	1.104	1.087	1.065	1.071	1.084	1.101	1.101	1.141	1.096	1.152	1.158	1.125	1.070	1.112	1.095	1.110	1.213	1.088	1.136	1.139	1.119	1.292	1.294	1.293	1.283	1.286	1.306	1.306	1.333	1.326	1.298	1.275	1.099	1.296	1.296	1.276	1.278	1.263	1.298	1.278	1.294	1.277	1.279	1.458	1.288	1.089	1.075	1.042	1.025	1.029	1.012	1.027	1.030	1.227	1.217	1.053	1.150	1.149	1.146	1.114	1.156	1.157	1.104	1.160	1.135	1.133	1.102	1.146	1.119	1.083	1.114
15:27:12	37.0	1.106	1.125	1.110	1.105	1.087	1.066	1.072	1.086	1.103	1.103	1.143	1.098	1.154	1.160	1.126	1.071	1.113	1.097	1.111	1.214	1.089	1.138	1.141	1.121	1.295	1.297	1.296	1.286	1.289	1.307	1.307	1.337	1.330	1.302	1.277	1.101	1.297	1.298	1.277	1.278	1.265	1.298	1.279	1.294	1.279	1.282	1.459	1.290	1.091	1.077	1.044	1.026	1.031	1.014	1.030	1.032	1.230	1.220	1.056	1.151	1.150	1.146	1.116	1.157	1.158	1.103	1.163	1.136	1.133	1.101	1.146	1.120	1.086	1.115
15:31:12	37.0	1.107	1.127	1.111	1.106	1.089	1.068	1.075	1.088	1.105	1.104	1.145	1.101	1.155	1.161	1.127	1.072	1.115	1.098	1.113	1.216	1.092	1.140	1.143	1.123	1.298	1.300	1.299	1.289	1.291	1.309	1.311	1.339	1.333	1.306	1.280	1.106	1.299	1.300	1.280	1.281	1.266	1.302	1.280	1.298	1.282	1.284	1.460	1.291	1.093	1.078	1.046	1.028	1.034	1.017	1.034	1.035	1.234	1.223	1.060	1.153	1.151	1.147	1.118	1.159	1.159	1.105	1.162	1.138	1.134	1.101	1.147	1.122	1.088	1.117
15:35:12	37.1	1.109	1.129	1.113	1.108	1.091	1.069	1.077	1.090	1.107	1.106	1.146	1.103	1.157	1.163	1.129	1.074	1.117	1.101	1.115	1.217	1.095	1.142	1.146	1.125	1.301	1.303	1.303	1.292	1.294	1.312	1.313	1.344	1.337	1.310	1.283	1.110	1.301	1.303	1.283	1.283	1.270	1.304	1.282	1.300	1.285	1.287	1.466	1.292	1.096	1.080	1.048	1.031	1.038	1.020	1.038	1.038	1.238	1.227	1.063	1.157	1.151	1.148	1.119	1.160	1.162	1.107	1.164	1.139	1.136	1.102	1.149	1.126	1.091	1.117
15:39:12	37.0	1.111	1.131	1.114	1.110	1.093	1.071	1.079	1.092	1.109	1.109	1.149	1.105	1.158	1.165	1.131	1.075	1.119	1.102	1.117	1.218	1.096	1.144	1.148	1.126	1.304	1.306	1.305	1.295	1.297	1.314	1.316	1.347	1.340	1.311	1.284	1.111	1.303	1.305	1.284	1.284	1.271	1.304	1.285	1.301	1.288	1.289	1.465	1.293	1.099	1.082	1.049	1.032	1.040	1.022	1.040	1.041	1.241	1.229	1.065	1.157	1.152	1.149	1.120	1.163	1.163	1.107	1.166	1.140	1.138	1.104	1.148	1.128	1.091	1.119
15:43:12	37.0	1.111	1.131	1.115	1.110	1.094	1.072	1.081	1.094	1.111	1.111	1.149	1.106	1.159	1.166	1.132	1.077	1.119	1.103	1.118	1.220	1.098	1.146	1.149	1.127	1.307	1.308	1.309	1.296	1.298	1.315	1.318	1.347	1.342	1.313	1.285	1.110	1.304	1.306	1.287	1.286	1.272	1.305	1.286	1.302	1.290	1.289	1.466	1.292	1.098	1.082	1.051	1.034	1.039	1.021	1.040	1.040	1.242	1.231	1.066	1.156	1.151	1.150	1.121	1.163	1.164	1.108	1.166	1.141	1.138	1.104	1.149	1.128	1.092	1.120
15:47:12	37.1	1.112	1.133	1.117	1.111	1.095	1.074	1.083	1.096	1.112	1.112	1.151	1.107	1.160	1.167	1.133	1.077	1.121	1.105	1.120	1.221	1.099	1.147	1.151	1.125	1.310	1.311	1.311	1.298	1.300	1.318	1.320	1.350	1.345	1.315	1.286	1.112	1.306	1.309	1.290	1.288	1.274	1.309	1.286	1.302	1.292	1.291	1.466	1.291	1.099	1.084	1.053	1.037	1.042	1.025	1.044	1.044	1.245	1.235	1.072	1.159	1.153	1.151	1.121	1.165	1.166	1.110	1.166	1.142	1.141	1.105	1.150	1.129	1.095	1.121
15:51:12	37.0	1.114	1.135	1.118	1.113	1.096	1.075	1.084	1.098	1.115	1.115	1.154	1.111	1.162	1.169	1.134	1.079	1.122	1.107	1.122	1.224	1.102	1.150	1.153	1.131	1.312	1.314	1.314	1.301	1.302	1.319	1.322	1.352	1.347	1.319	1.290	1.116	1.307	1.311	1.293	1.290	1.277	1.309	1.289	1.305	1.295	1.293	1.468	1.294	1.103	1.086	1.056	1.039	1.045	1.028	1.047	1.047	1.248	1.237	1.078	1.164	1.152	1.151	1.122	1.166	1.167	1.110	1.168	1.143	1.143	1.107	1.151	1.134	1.097	1.122
15:55:12	37.1	1.116	1.137	1.120	1.115	1.098	1.078	1.086	1.099	1.116	1.116	1.156	1.113	1.164	1.171	1.137	1.080	1.123	1.108	1.123	1.226	1.103	1.151	1.155	1.134	1.314	1.316	1.317	1.303	1.304	1.321	1.324	1.356	1.350	1.321	1.290	1.119	1.310	1.314	1.296	1.292	1.279	1.312	1.290	1.306	1.298	1.296	1.470	1.295	1.104	1.088	1.058	1.042	1.048	1.030	1.050	1.050	1.252	1.241	1.083	1.165	1.154	1.153	1.123	1.168	1.169	1.113	1.169	1.144	1.146	1.109	1.153	1.137	1.099	1.123
15:59:12	37.1	1.116	1.138	1.120	1.115	1.099	1.079	1.089	1.102	1.119	1.119	1.157	1.114	1.165	1.173	1.137	1.081	1.124	1.110	1.126	1.227	1.106	1.154	1.157	1.134	1.317	1.319	1.320	1.306	1.304	1.323	1.325	1.358	1.353	1.325	1.292	1.119	1.311	1.315	1.298	1.293	1.280	1.312	1.292	1.308	1.301	1.296	1.471	1.295	1.103	1.088	1.058	1.042	1.049	1.031	1.051	1.050	1.254	1.242	1.085	1.164	1.155	1.154	1.124	1.169	1.170	1.113	1.171	1.145	1.146	1.112	1.153	1.136	1.100	1.125
16:03:12	37.1	1.117	1.140	1.121	1.116	1.100	1.081	1.090	1.103	1.120	1.121	1.158	1.115	1.166	1.174	1.139	1.082	1.125	1.111	1.127	1.229	1.107	1.155	1.158	1.135	1.319	1.321	1.323	1.307	1.306	1.324	1.327	1.359	1.354	1.327	1.294	1.121	1.312	1.317	1.299	1.294	1.282	1.313	1.293	1.309	1.304	1.298	1.474	1.296	1.104	1.090	1.060	1.044	1.050	1.032	1.054	1.053	1.257	1.244	1.090	1.165	1.156	1.155	1.126	1.169	1.171	1.113	1.174	1.144	1.148	1.112	1.154	1.137	1.102	1.125
16:07:12	37.0	1.119	1.141	1.123	1.117	1.103	1.082	1.093	1.106	1.122	1.122	1.160	1.119	1.168	1.176	1.139	1.084	1.127	1.113	1.129	1.231	1.108	1.157	1.161	1.140	1.321	1.323	1.325	1.309	1.309	1.327	1.330	1.362	1.358	1.330	1.297	1.129	1.313	1.320	1.302	1.295	1.284	1.317	1.294	1.312	1.307	1.300	1.477	1.300	1.107	1.093	1.062	1.048	1.054	1.037	1.058	1.058	1.261	1.249	1.098	1.169	1.156	1.156	1.127	1.171	1.174	1.116	1.177	1.145	1.151	1.114	1.156	1.143	1.105	1.128
16:11:12	37.1	1.119	1.142	1.124	1.117	1.103	1.083	1.093	1.107	1.123	1.123	1.161	1.119	1.169	1.177	1.141	1.084	1.128	1.114	1.130	1.232	1.110	1.159	1.162	1.139	1.323	1.324	1.327	1.312	1.310	1.328	1.330	1.363	1.358	1.331	1.296	1.126	1.315	1.321	1.302	1.295	1.286	1.315	1.294	1.311	1.307	1.301	1.476	1.297	1.106	1.093	1.063	1.048	1.053	1.037	1.058	1.058	1.262	1.251	1.099	1.167	1.157	1.155	1.128	1.172	1.173	1.117	1.177	1.146	1.151	1.114	1.156	1.140	1.105	1.127
16:15:12	37.0	1.119	1.142	1.124	1.117	1.103	1.085	1.095	1.109	1.126	1.126	1.163	1.119	1.169	1.179	1.141	1.085	1.129	1.115	1.132	1.234	1.110	1.159	1.162	1.141	1.325	1.326	1.329	1.312	1.310	1.327	1.331	1.364	1.359	1.333	1.297	1.127	1.315	1.321	1.304	1.297	1.287	1.317	1.296	1.313	1.333	1.302	1.478	1.298	1.106	1.093	1.064	1.049	1.055	1.039	1.059	1.059	1.263	1.252	1.103	1.168	1.158	1.157	1.129	1.172	1.174	1.118	1.177	1.145	1.152	1.113	1.157	1.143	1.105	1.127
16:19:12	37.1	1.120	1.143	1.125	1.118	1.105	1.086	1.096	1.110	1.126	1.127	1.164	1.122	1.170	1.180	1.141	1.086	1.130	1.117	1.133	1.235	1.113	1.163	1.165	1.142	1.327	1.328	1.331	1.315	1.311	1.329	1.333	1.365	1.361	1.334	1.298	1.127	1.317	1.323	1.306	1.300	1.289	1.319	1.297	1.313	1.326	1.303	1.476	1.297	1.109	1.095	1.066	1.050	1.056	1.040	1.062	1.062	1.266	1.256	1.107	1.170	1.157	1.157	1.131	1.173	1.174	1.119	1.177	1.146	1.153	1.113	1.158	1.143	1.108	1.128
16:23:12	37.1	1.121	1.144	1.126	1.119	1.106	1.087	1.097	1.111	1.128	1.129	1.165	1.123	1.171	1.181	1.142	1.087	1.131	1.118	1.135	1.236	1.114	1.164	1.167	1.145	1.329	1.330	1.332	1.316	1.313	1.330	1.335	1.366	1.363	1.337	1.298	1.133	1.318	1.325	1.308	1.302	1.291	1.320	1.299	1.314	1.313	1.304	1.475	1.299	1.109	1.097	1.068	1.053	1.059	1.043	1.063	1.065	1.268	1.258	1.110	1.171	1.158	1.158	1.131	1.175	1.176	1.120	1.178	1.148	1.155	1.112	1.159	1.145	1.110	1.128
16:27:12	37.1	1.121	1.146	1.126	1.120	1.107	1.089	1.099	1.113	1.129	1.131	1.166	1.125	1.171	1.183	1.143	1.087	1.131	1.119	1.136	1.238	1.115	1.165	1.168	1.144	1.331	1.331	1.333	1.317	1.314	1.331	1.335	1.367	1.364	1.339	1.300	1.132	1.319	1.327	1.309	1.303	1.294	1.320	1.301	1.315	1.310	1.306	1.477	1.299	1.110	1.098	1.069	1.054	1.060	1.044	1.064	1.066	1.271	1.260	1.113	1.170	1.158	1.158	1.132	1.177	1.177	1.121	1.178	1.148	1.154	1.112	1.160	1.144	1.111	1.129
16:31:12	37.0	1.122	1.147	1.128	1.121	1.108	1.091	1.101	1.115	1.131	1.132	1.168	1.126	1.172	1.184	1.144	1.088	1.133	1.121	1.137	1.240	1.117	1.167	1.170	1.151	1.333	1.333	1.335	1.319	1.314	1.332	1.337	1.368	1.366	1.340	1.300	1.132	1.321	1.328	1.312	1.305	1.296	1.321	1.302	1.317	1.307	1.307	1.539	1.300	1.112	1.100	1.071	1.056	1.064	1.048	1.068	1.070	1.273	1.263	1.115	1.171	1.158	1.160	1.133	1.180	1.178	1.125	1.180	1.150	1.155	1.113	1.161	1.147	1.115	1.127
16:35:12	37.1	1.123	1.148	1.128	1.121	1.109	1.092	1.102	1.116	1.131	1.133	1.169	1.127	1.172	1.184	1.145	1.089	1.134	1.121	1.138	1.240	1.118	1.168	1.171	1.149	1.335	1.334	1.335	1.320	1.316	1.333	1.338	1.369	1.367	1.343	1.302	1.134	1.321	1.329	1.313	1.306	1.297	1.322	1.305	1.318	1.305	1.309	1.490	1.301	1.112	1.101	1.072	1.057	1.064	1.049	1.069	1.071	1.275	1.265	1.116	1.171	1.159	1.160	1.133	1.180	1.179	1.125	1.180	1.150	1.154	1.114	1.162	1.147	1.117	1.129
16:39:12	37.1	1.123	1.148	1.128	1.122	1.110	1.093	1.103	1.117	1.132	1.134	1.171	1.129	1.173	1.185	1.145	1.090	1.134	1.122	1.139	1.241	1.120	1.169	1.173	1.150	1.335	1.335	1.336	1.321	1.317	1.334	1.339	1.369	1.368	1.345	1.302	1.131	1.323	1.330	1.314	1.307	1.299	1.323	1.305	1.319	1.304	1.310	1.494	1.302	1.113	1.101	1.073	1.058	1.066	1.050	1.071	1.074	1.277	1.266	1.117	1.172	1.160	1.161	1.133	1.182	1.180	1.128	1.182	1.151	1.156	1.115	1.163	1.147	1.118	1.130
16:43:12	37.1	1.124	1.150	1.129	1.123	1.112	1.095	1.105	1.119	1.134	1.136	1.171	1.131	1.174	1.187	1.147	1.091	1.136	1.123	1.141	1.243	1.121	1.171	1.174	1.153	1.337	1.338	1.337	1.323	1.318	1.335	1.341	1.369	1.371	1.347	1.303	1.135	1.325	1.333	1.316	1.309	1.302	1.327	1.306	1.320	1.305	1.313	1.492	1.305	1.116	1.104	1.076	1.062	1.069	1.054	1.075	1.078	1.281	1.272	1.124	1.176	1.161	1.163	1.134	1.184	1.184	1.131	1.185	1.152	1.158	1.116	1.165	1.154	1.120	1.132
16:47:12	37.1	1.126	1.151	1.130	1.124	1.113	1.096	1.106	1.121	1.136	1.138	1.173	1.132	1.175	1.188	1.148	1.092	1.137	1.125	1.142	1.244	1.123	1.173	1.176	1.155	1.339	1.339	1.338	1.324	1.320	1.335	1.341	1.370	1.372	1.348	1.303	1.136	1.327	1.334	1.317	1.311	1.304	1.326	1.304	1.322	1.308	1.312	1.494	1.306	1.118	1.105	1.077	1.063	1.071	1.055	1.077	1.081	1.283	1.274	1.126	1.174	1.161	1.164	1.134	1.185	1.185	1.134	1.185	1.152	1.158	1.114	1.165	1.152	1.122	1.133
16:51:12	37.1	1.127	1.152	1.132	1.126	1.114	1.098	1.108	1.122	1.138	1.140	1.174	1.134	1.177	1.191	1.150	1.094	1.139	1.127	1.144	1.247	1.125	1.175	1.179	1.157	1.340	1.341	1.339	1.327	1.322	1.337	1.343	1.372	1.376	1.351	1.305	1.139	1.329	1.336	1.319	1.311	1.306	1.327	1.311	1.324	1.311	1.315	1.497	1.309	1.121	1.108	1.080	1.065	1.074	1.058	1.079	1.085	1.287	1.278	1.130	1.176	1.162	1.165	1.135	1.187	1.187	1.136	1.187	1.157	1.161	1.114	1.166	1.155	1.124	1.134
16:55:12	37.1	1.127	1.153	1.131	1.125	1.115	1.099	1.109	1.124	1.139	1.141	1.174	1.135	1.178	1.191	1.150	1.094	1.140	1.129	1.146	1.247	1.127	1.176	1.180	1.158	1.341	1.341	1.339	1.327	1.321	1.337	1.342	1.371	1.375	1.351	1.304	1.140	1.329	1.336	1.319	1.311	1.307	1.328	1.310	1.323	1.313	1.315	1.497	1.310	1.120	1.108	1.081	1.066	1.073	1.059	1.078	1.085	1.287	1.279	1.131	1.177	1.163	1.166	1.135	1.188	1.187	1.138	1.187	1.157	1.160	1.114	1.167	1.157	1.123	1.135
16:59:12	37.0	1.128	1.154	1.133	1.127	1.116	1.101	1.112	1.126	1.141	1.143	1.176	1.138	1.179	1.192	1.151	1.095	1.141	1.130	1.147	1.249	1.129	1.178	1.182	1.161	1.342	1.343	1.341	1.328	1.323	1.338	1.344	1.372	1.376	1.353	1.304	1.143	1.330	1.338	1.321	1.311	1.309	1.331	1.313	1.325	1.317	1.315	1.498	1.312	1.122	1.111	1.083	1.069	1.077	1.061	1.082	1.090	1.290	1.282	1.135	1.180	1.163	1.168	1.136	1.190	1.188	1.141	1.187	1.159	1.159	1.116	1.168	1.159	1.126	1.134
17:03:12	37.1	1.129	1.155	1.134	1.128	1.118	1.102	1.113	1.127	1.142	1.144	1.177	1.140	1.179	1.193	1.151	1.096	1.142	1.132	1.148	1.250	1.130	1.180	1.183	1.165	1.343	1.344	1.341	1.330	1.324	1.339	1.345	1.373	1.378	1.355	1.305	1.143	1.332	1.339	1.321	1.312	1.312	1.332	1.314	1.327	1.320	1.318	1.499	1.314	1.122	1.112	1.084	1.070	1.078	1.062	1.084	1.091	1.294	1.286	1.139	1.183	1.164	1.169	1.138	1.192	1.191	1.143	1.189	1.161	1.161	1.118	1.169	1.164	1.128	1.135
17:07:12	37.0	1.130	1.156	1.135	1.129	1.119	1.104	1.115	1.130	1.145	1.147	1.179	1.142	1.180	1.195	1.152	1.097	1.144	1.133	1.151	1.251	1.132	1.182	1.185	1.166	1.344	1.345	1.342	1.330	1.325	1.339	1.345	1.373	1.379	1.357	1.306	1.145	1.333	1.340	1.323	1.315	1.314	1.333	1.316	1.329	1.322	1.318	1.502	1.315	1.124	1.113	1.086	1.072	1.079	1.063	1.085	1.093	1.296	1.287	1.140	1.182	1.165	1.170	1.137	1.194	1.191	1.146	1.190	1.162	1.160	1.118	1.169	1.162	1.129	1.137
17:11:12	37.0	1.131	1.156	1.135	1.129	1.119	1.104	1.116	1.130	1.146	1.147	1.179	1.142	1.181	1.195	1.153	1.097	1.143	1.134	1.152	1.252	1.132	1.182	1.185	1.166	1.345	1.347	1.343	1.331	1.325	1.339	1.344	1.371	1.378	1.355	1.305	1.143	1.334	1.340	1.323	1.315	1.315	1.335	1.316	1.330	1.323	1.319	1.503	1.314	1.124	1.113	1.087	1.072	1.079	1.064	1.086	1.095	1.296	1.288	1.142	1.181	1.165	1.170	1.139	1.193	1.192	1.147	1.190	1.164	1.157	1.118	1.169	1.161	1.130	1.137
17:15:12	37.0	1.131	1.158	1.135	1.130	1.121	1.105	1.117	1.131	1.146	1.148	1.180	1.143	1.181	1.196	1.153	1.097	1.144	1.134	1.152	1.252	1.134	1.183	1.187	1.168	1.345	1.347	1.342	1.331	1.326	1.341	1.345	1.371	1.380	1.356	1.305	1.144	1.335	1.342	1.325	1.317	1.317	1.335	1.318	1.331	1.330	1.320	1.504	1.315	1.123	1.114	1.088	1.075	1.082	1.066	1.088	1.098	1.299	1.290	1.144	1.182	1.166	1.172	1.141	1.195	1.193	1.151	1.192	1.164	1.158	1.120	1.170	1.163	1.132	1.136
17:19:12	37.1	1.132	1.158	1.136	1.130	1.122	1.106	1.118	1.133	1.148	1.150	1.181	1.144	1.182	1.197	1.154	1.098	1.145	1.135	1.152	1.253	1.135	1.185	1.188	1.169	1.346	1.349	1.343	1.333	1.327	1.343	1.347	1.373	1.382	1.358	1.306	1.146	1.337	1.343	1.327	1.319	1.320	1.338	1.319	1.332	1.332	1.320	1.503	1.316	1.121	1.115	1.090	1.076	1.085	1.069	1.091	1.101	1.302	1.293	1.148	1.184	1.167	1.173	1.141	1.197	1.195	1.154	1.193	1.166	1.159	1.124	1.171	1.166	1.134	1.137
17:23:12	37.0	1.132	1.159	1.136	1.131	1.122	1.107	1.120	1.134	1.149	1.152	1.182	1.146	1.183	1.198	1.155	1.099	1.146	1.137	1.154	1.255	1.136	1.186	1.190	1.170	1.347	1.350	1.344	1.333	1.329	1.344	1.347	1.373	1.381	1.358	1.304	1.146	1.339	1.345	1.327	1.319	1.321	1.338	1.319	1.333	1.333	1.322	1.504	1.317	1.121	1.117	1.091	1.077	1.087	1.070	1.093	1.103	1.304	1.296	1.150	1.185	1.168	1.174	1.140	1.199	1.197	1.156	1.194	1.167	1.161	1.124	1.172	1.166	1.135	1.138
17:27:12	37.1	1.134	1.160	1.137	1.132	1.124	1.109	1.121	1.136	1.152	1.153	1.183	1.148	1.184	1.199	1.156	1.100	1.148	1.139	1.156	1.256	1.138	1.188	1.191	1.173	1.347	1.352	1.345	1.335	1.330	1.345	1.348	1.374	1.383	1.359	1.305	1.149	1.341	1.347	1.328	1.320	1.324	1.340	1.321	1.334	1.334	1.324	1.505	1.318	1.122	1.119	1.093	1.080	1.089	1.072	1.097	1.107	1.307	1.298	1.152	1.185	1.169	1.175	1.140	1.199	1.200	1.157	1.196	1.168	1.161	1.124	1.174	1.169	1.138	1.140
17:31:12	37.0	1.134	1.161	1.137	1.133	1.125	1.110	1.123	1.138	1.152	1.154	1.184	1.150	1.185	1.200	1.157	1.101	1.149	1.140	1.157	1.257	1.139	1.190	1.193	1.176	1.348	1.353	1.345	1.336	1.331	1.346	1.349	1.375	1.383	1.359	1.305	1.150	1.343	1.349	1.329	1.321	1.327	1.341	1.322	1.336	1.336	1.324	1.505	1.320	1.124	1.119	1.093	1.081	1.091	1.074	1.099	1.111	1.311	1.302	1.156	1.190	1.171	1.177	1.141	1.201	1.203	1.157	1.198	1.168	1.159	1.124	1.176	1.172	1.141	1.141
17:35:12	37.1	1.135	1.162	1.138	1.134	1.126	1.111	1.124	1.139	1.153	1.157	1.185	1.151	1.186	1.201	1.157	1.102	1.150	1.141	1.159	1.257	1.141	1.192	1.194	1.176	1.348	1.353	1.346	1.336	1.331	1.346	1.349	1.375	1.383	1.360	1.305	1.151	1.345	1.351	1.330	1.322	1.329	1.343	1.324	1.338	1.336	1.325	1.506	1.321	1.127	1.121	1.096	1.084	1.092	1.076	1.101	1.113	1.313	1.304	1.157	1.187	1.172	1.178	1.143	1.202	1.204	1.157	1.199	1.169	1.159	1.125	1.176	1.171	1.143	1.142
17:39:12	37.1	1.137	1.163	1.139	1.135	1.127	1.112	1.125	1.141	1.156	1.158	1.187	1.154	1.187	1.202	1.158	1.102	1.151	1.143	1.160	1.258	1.142	1.193	1.196	1.180	1.349	1.354	1.347	1.337	1.332	1.347	1.349	1.377	1.384	1.363	1.306	1.153	1.346	1.352	1.332	1.324	1.331	1.343	1.326	1.340	1.337	1.326	1.505	1.322	1.127	1.122	1.097	1.084	1.094	1.077	1.103	1.115	1.315	1.306	1.159	1.192	1.173	1.181	1.144	1.204	1.206	1.160	1.200	1.171	1.161	1.124	1.177	1.174	1.144	1.143
17:43:12	37.0	1.137	1.163	1.139	1.136	1.129	1.113	1.127	1.142	1.157	1.159	1.188	1.155	1.187	1.202	1.159	1.103	1.152	1.144	1.161	1.259	1.144	1.195	1.197	1.178	1.348	1.354	1.347	1.337	1.333	1.348	1.348	1.375	1.382	1.362	1.305	1.153	1.347	1.353	1.333	1.324	1.332	1.344	1.327	1.340	1.337	1.325	1.505	1.323	1.127	1.123	1.097	1.085	1.095	1.079	1.104	1.117	1.318	1.308	1.159	1.191	1.174	1.180	1.143	1.206	1.208	1.161	1.201	1.172	1.162	1.125	1.177	1.173	1.146	1.144
17:47:12	37.1	1.137	1.164	1.139	1.136	1.129	1.114	1.128	1.143	1.158	1.161	1.188	1.155	1.189	1.203	1.158	1.103	1.152	1.145	1.161	1.260	1.144	1.195	1.198	1.179	1.349	1.355	1.347	1.338	1.333	1.348	1.349	1.375	1.381	1.362	1.306	1.155	1.349	1.354	1.332	1.324	1.333	1.343	1.327	1.341	1.338	1.327	1.506	1.325	1.128	1.124	1.098	1.087	1.096	1.081	1.107	1.120	1.320	1.311	1.161	1.195	1.175	1.181	1.144	1.208	1.210	1.169	1.203	1.173	1.164	1.126	1.177	1.176	1.148	1.144
17:51:12	37.0	1.138	1.165	1.140	1.137	1.130	1.115	1.129	1.145	1.160	1.163	1.189	1.157	1.189	1.204	1.159	1.104	1.153	1.146	1.162	1.261	1.146	1.197	1.199	1.181	1.348	1.355	1.347	1.339	1.335	1.349	1.350	1.375	1.381	1.363	1.307	1.158	1.349	1.355	1.331	1.326	1.335	1.346	1.329	1.341	1.338	1.329	1.507	1.326	1.129	1.125	1.100	1.088	1.098	1.082	1.109	1.121	1.323	1.314	1.162	1.195	1.175	1.182	1.143	1.208	1.210	1.171	1.203	1.173	1.163	1.126	1.178	1.177	1.149	1.145
17:55:12	37.1	1.140	1.166	1.141	1.139	1.131	1.116	1.131	1.145	1.160	1.163	1.190	1.160	1.191	1.206	1.161	1.105	1.155	1.148	1.164	1.262	1.147	1.199	1.201	1.183	1.349	1.357	1.349	1.340	1.336	1.351	1.351	1.378	1.383	1.365	1.308	1.159	1.353	1.358	1.337	1.326	1.338	1.350	1.331	1.345	1.339	1.331	1.511	1.328	1.133	1.127	1.102	1.091	1.102	1.087	1.114	1.127	1.329	1.320	1.166	1.198	1.178	1.184	1.145	1.210	1.212	1.176	1.205	1.175	1.165	1.131	1.180	1.181	1.152	1.146
17:59:12	37.0	1.140	1.167	1.141	1.139	1.133	1.117	1.131	1.146	1.161	1.164	1.190	1.160	1.192	1.205	1.160	1.105	1.155	1.148	1.165	1.262	1.148	1.199	1.202	1.183	1.348	1.356	1.349	1.340	1.336	1.351	1.350	1.377	1.383	1.365	1.307	1.158	1.353	1.357	1.335	1.327	1.337	1.351	1.332	1.345	1.339	1.331	1.508	1.329	1.132	1.126	1.100	1.090	1.100	1.085	1.112	1.126	1.330	1.322	1.163	1.195	1.177	1.184	1.145	1.208	1.213	1.177	1.205	1.175	1.163	1.135	1.180	1.178	1.153	1.147
18:03:12	37.1	1.141	1.168	1.142	1.140	1.133	1.119	1.133	1.149	1.163	1.167	1.192	1.162	1.192	1.207	1.162	1.106	1.156	1.150	1.167	1.263	1.150	1.201	1.204	1.186	1.349	1.357	1.350	1.341	1.338	1.352	1.351	1.376	1.383	1.365	1.308	1.163	1.355	1.360	1.343	1.331	1.339	1.352	1.334	1.347	1.341	1.333	1.510	1.331	1.135	1.128	1.103	1.093	1.102	1.089	1.116	1.130	1.335	1.327	1.167	1.199	1.178	1.187	1.146	1.212	1.214	1.184	1.206	1.178	1.162	1.143	1.181	1.183	1.155	1.148
18:07:12	37.0	1.142	1.168	1.143	1.142	1.135	1.119	1.134	1.149	1.163	1.167	1.194	1.164	1.194	1.209	1.164	1.106	1.158	1.151	1.168	1.264	1.151	1.202	1.204	1.188	1.350	1.357	1.351	1.341	1.340	1.354	1.351	1.377	1.382	1.365	1.310	1.165	1.357	1.361	1.343	1.334	1.343	1.355	1.335	1.349	1.342	1.334	1.510	1.333	1.139	1.131	1.105	1.096	1.105	1.091	1.120	1.135	1.340	1.332	1.171	1.199	1.180	1.188	1.147	1.213	1.216	1.189	1.208	1.181	1.163	1.149	1.181	1.184	1.157	1.149
18:11:12	37.1	1.142	1.168	1.144	1.143	1.136	1.120	1.136	1.152	1.165	1.169	1.194	1.165	1.194	1.209	1.164	1.107	1.158	1.153	1.170	1.266	1.153	1.204	1.206	1.190	1.349	1.357	1.351	1.342	1.341	1.355	1.351	1.377	1.382	1.366	1.309	1.163	1.358	1.362	1.342	1.334	1.345	1.355	1.337	1.350	1.342	1.334	1.511	1.333	1.138	1.132	1.106	1.096	1.106	1.092	1.120	1.136	1.341	1.334	1.171	1.198	1.180	1.190	1.147	1.214	1.217	1.192	1.210	1.181	1.162	1.153	1.183	1.184	1.159	1.150
18:15:12	37.1	1.143	1.169	1.145	1.145	1.137	1.122	1.137	1.154	1.167	1.171	1.196	1.167	1.196	1.210	1.165	1.108	1.160	1.154	1.171	1.267	1.154	1.206	1.208	1.192	1.352	1.359	1.352	1.343	1.342	1.356	1.353	1.379	1.381	1.368	1.312	1.165	1.360	1.364	1.340	1.336	1.345	1.359	1.340	1.353	1.344	1.338	1.513	1.335	1.141	1.135	1.108	1.098	1.108	1.095	1.123	1.139	1.345	1.338	1.174	1.200	1.182	1.191	1.148	1.217	1.219	1.195	1.212	1.183	1.166	1.157	1.184	1.185	1.160	1.150
18:19:12	37.0	1.145	1.170	1.146	1.146	1.139	1.123	1.139	1.155	1.168	1.172	1.196	1.169	1.196	1.211	1.166	1.109	1.161	1.155	1.172	1.267	1.155	1.208	1.209	1.193	1.351	1.359	1.352	1.343	1.343	1.357	1.353	1.379	1.381	1.368	1.310	1.166	1.362	1.365	1.338	1.337	1.350	1.360	1.340	1.355	1.344	1.338	1.514	1.337	1.143	1.135	1.109	1.101	1.111	1.096	1.126	1.142	1.349	1.342	1.176	1.200	1.182	1.192	1.149	1.219	1.220	1.198	1.215	1.185	1.164	1.161	1.185	1.186	1.162	1.152
18:23:12	37.1	1.146	1.172	1.147	1.146	1.139	1.124	1.140	1.156	1.170	1.174	1.198	1.171	1.198	1.212	1.167	1.110	1.162	1.157	1.174	1.269	1.157	1.209	1.211	1.196	1.353	1.361	1.353	1.344	1.343	1.357	1.354	1.379	1.382	1.367	1.312	1.167	1.365	1.368	1.337	1.340	1.351	1.363	1.343	1.357	1.345	1.341	1.514	1.338	1.144	1.138	1.111	1.102	1.113	1.097	1.128	1.146	1.351	1.345	1.178	1.201	1.184	1.194	1.152	1.221	1.222	1.200	1.216	1.187	1.164	1.164	1.187	1.188	1.163	1.153
18:27:12	37.0	1.147	1.171	1.147	1.147	1.140	1.125	1.141	1.158	1.170	1.175	1.198	1.171	1.198	1.212	1.168	1.110	1.163	1.157	1.174	1.271	1.158	1.209	1.211	1.194	1.353	1.360	1.352	1.344	1.344	1.358	1.354	1.379	1.383	1.367	1.311	1.168	1.366	1.369	1.335	1.342	1.351	1.364	1.343	1.357	1.346	1.341	1.516	1.340	1.144	1.138	1.111	1.103	1.113	1.100	1.130	1.148	1.355	1.348	1.179	1.199	1.184	1.196	1.152	1.221	1.223	1.203	1.219	1.188	1.163	1.165	1.187	1.189	1.165	1.155
18:31:12	37.0	1.149	1.173	1.150	1.149	1.142	1.127	1.143	1.159	1.171	1.177	1.199	1.173	1.200	1.213	1.169	1.112	1.164	1.159	1.177	1.271	1.160	1.212	1.214	1.196	1.355	1.361	1.353	1.345	1.347	1.359	1.354	1.379	1.380	1.366	1.312	1.169	1.366	1.371	1.334	1.342	1.357	1.365	1.345	1.358	1.346	1.341	1.516	1.340	1.143	1.138	1.113	1.105	1.115	1.101	1.131	1.150	1.358	1.352	1.181	1.203	1.185	1.197	1.154	1.222	1.225	1.209	1.221	1.191	1.164	1.170	1.189	1.193	1.167	1.157
18:35:12	37.1	1.150	1.173	1.151	1.150	1.143	1.128	1.144	1.161	1.173	1.178	1.201	1.176	1.201	1.215	1.170	1.113	1.165	1.160	1.177	1.273	1.161	1.214	1.215	1.196	1.355	1.363	1.354	1.346	1.349	1.361	1.356	1.380	1.382	1.368	1.312	1.171	1.369	1.373	1.334	1.342	1.357	1.368	1.347	1.361	1.348	1.344	1.518	1.343	1.146	1.142	1.115	1.107	1.118	1.103	1.135	1.154	1.361	1.355	1.183	1.203	1.186	1.200	1.155	1.223	1.227	1.210	1.223	1.193	1.167	1.173	1.190	1.195	1.169	1.157
18:39:12	37.0	1.150	1.174	1.151	1.151	1.143	1.128	1.145	1.162	1.174	1.179	1.201	1.177	1.202	1.214	1.171	1.113	1.166	1.161	1.179	1.274	1.162	1.215	1.216	1.201	1.355	1.363	1.354	1.347	1.349	1.361	1.357	1.380	1.382	1.368	1.312	1.173	1.370	1.374	1.333	1.343	1.358	1.369	1.347	1.362	1.349	1.344	1.518	1.343	1.145	1.143	1.116	1.108	1.119	1.104	1.137	1.154	1.362	1.357	1.184	1.205	1.187	1.202	1.156	1.224	1.229	1.212	1.226	1.196	1.167	1.177	1.192	1.196	1.171	1.160
18:43:12	37.1	1.151	1.175	1.153	1.153	1.145	1.131	1.148	1.164	1.175	1.182	1.202	1.179	1.202	1.216	1.172	1.114	1.167	1.163	1.180	1.276	1.164	1.217	1.218	1.203	1.355	1.364	1.354	1.347	1.350	1.362	1.359	1.381	1.382	1.370	1.313	1.177	1.372	1.377	1.334	1.347	1.359	1.371	1.350	1.364	1.350	1.348	1.520	1.346	1.145	1.145	1.119	1.110	1.121	1.106	1.139	1.157	1.365	1.360	1.186	1.204	1.187	1.203	1.157	1.225	1.230	1.214	1.226	1.200	1.167	1.181	1.192	1.196	1.172	1.159
18:47:12	37.0	1.152	1.176	1.154	1.153	1.146	1.131	1.148	1.165	1.177	1.183	1.204	1.180	1.204	1.216	1.173	1.115	1.167	1.164	1.181	1.278	1.165	1.217	1.219	1.203	1.356	1.365	1.355	1.349	1.351	1.362	1.358	1.382	1.380	1.370	1.313	1.175	1.374	1.378	1.334	1.349	1.364	1.372	1.349	1.365	1.350	1.347	1.519	1.344	1.145	1.145	1.119	1.111	1.121	1.107	1.140	1.157	1.367	1.362	1.186	1.205	1.188	1.204	1.158	1.227	1.231	1.215	1.226	1.202	1.165	1.185	1.193	1.198	1.173	1.161
18:51:12	37.0	1.153	1.177	1.156	1.155	1.147	1.133	1.150	1.166	1.179	1.184	1.204	1.182	1.205	1.218	1.174	1.116	1.169	1.165	1.183	1.280	1.167	1.219	1.222	1.206	1.356	1.366	1.355	1.348	1.352	1.364	1.359	1.383	1.381	1.369	1.313	1.177	1.377	1.379	1.333	1.352	1.365	1.373	1.351	1.366	1.351	1.349	1.519	1.344	1.147	1.147	1.121	1.113	1.123	1.110	1.143	1.161	1.370	1.366	1.188	1.205	1.190	1.206	1.159	1.229	1.232	1.217	1.229	1.206	1.165	1.188	1.193	1.200	1.175	1.163
18:55:12	37.1	1.154	1.177	1.157	1.156	1.148	1.134	1.151	1.168	1.180	1.186	1.205	1.184	1.206	1.218	1.175	1.117	1.169	1.167	1.184	1.282	1.169	1.221	1.223	1.208	1.357	1.366	1.356	1.348	1.353	1.365	1.361	1.383	1.380	1.373	1.314	1.181	1.377	1.380	1.334	1.352	1.369	1.376	1.353	1.368	1.353	1.350	1.521	1.347	1.147	1.147	1.121	1.114	1.125	1.111	1.145	1.163	1.373	1.368	1.189	1.206	1.190	1.207	1.162	1.232	1.233	1.220	1.234	1.209	1.166	1.189	1.195	1.201	1.177	1.163
18:59:12	37.1	1.155	1.178	1.158	1.158	1.149	1.135	1.152	1.168	1.180	1.186	1.205	1.184	1.206	1.218	1.176	1.118	1.169	1.167	1.185	1.284	1.169	1.221	1.223	1.208	1.357	1.365	1.356	1.348	1.353	1.365	1.361	1.384	1.379	1.376	1.315	1.181	1.378	1.381	1.335	1.353	1.365	1.377	1.352	1.367	1.353	1.352	1.523	1.347	1.149	1.149	1.122	1.117	1.126	1.113	1.147	1.165	1.374	1.370	1.186	1.205	1.192	1.208	1.163	1.234	1.234	1.222	1.236	1.213	1.165	1.190	1.195	1.200	1.179	1.164
19:03:12	37.0	1.156	1.179	1.160	1.160	1.150	1.135	1.153	1.169	1.182	1.188	1.206	1.185	1.207	1.218	1.177	1.119	1.170	1.168	1.186	1.285	1.170	1.222	1.224	1.208	1.357	1.366	1.357	1.348	1.354	1.367	1.361	1.385	1.379	1.376	1.315	1.181	1.380	1.382	1.335	1.353	1.366	1.379	1.355	1.369	1.355	1.354	1.523	1.347	1.151	1.150	1.124	1.118	1.128	1.114	1.148	1.166	1.376	1.372	1.187	1.206	1.194	1.210	1.164	1.237	1.236	1.225	1.237	1.214	1.163	1.192	1.197	1.201	1.181	1.166
19:07:12	37.1	1.158	1.179	1.162	1.162	1.151	1.137	1.155	1.172	1.183	1.189	1.208	1.188	1.208	1.220	1.180	1.121	1.172	1.170	1.188	1.287	1.172	1.225	1.227	1.213	1.359	1.367	1.359	1.349	1.355	1.370	1.363	1.387	1.379	1.378	1.316	1.183	1.383	1.385	1.335	1.359	1.370	1.380	1.359	1.370	1.356	1.355	1.524	1.348	1.153	1.152	1.126	1.120	1.130	1.117	1.151	1.169	1.380	1.376	1.190	1.207	1.197	1.213	1.166	1.240	1.237	1.227	1.240	1.216	1.165	1.195	1.198	1.206	1.183	1.166
19:11:12	37.1	1.160	1.180	1.163	1.163	1.153	1.139	1.156	1.173	1.184	1.190	1.209	1.190	1.210	1.221	1.182	1.122	1.173	1.171	1.189	1.289	1.173	1.227	1.228	1.214	1.360	1.368	1.359	1.350	1.357	1.371	1.365	1.388	1.380	1.377	1.319	1.185	1.386	1.386	1.337	1.361	1.372	1.383	1.359	1.374	1.357	1.358	1.527	1.351	1.157	1.154	1.128	1.123	1.133	1.120	1.155	1.173	1.383	1.379	1.192	1.206	1.199	1.213	1.167	1.242	1.238	1.228	1.240	1.217	1.164	1.197	1.199	1.206	1.185	1.168
19:15:12	37.1	1.161	1.181	1.165	1.166	1.155	1.141	1.157	1.175	1.185	1.192	1.211	1.192	1.210	1.222	1.183	1.123	1.174	1.173	1.191	1.291	1.175	1.228	1.230	1.212	1.360	1.368	1.360	1.351	1.357	1.372	1.365	1.388	1.381	1.378	1.321	1.186	1.387	1.388	1.337	1.363	1.376	1.384	1.361	1.377	1.359	1.361	1.527	1.351	1.159	1.155	1.130	1.124	1.134	1.121	1.156	1.175	1.387	1.382	1.194	1.207	1.200	1.214	1.168	1.245	1.241	1.230	1.242	1.221	1.167	1.199	1.201	1.208	1.186	1.169
19:19:12	37.1	1.163	1.182	1.167	1.167	1.155	1.142	1.159	1.176	1.187	1.194	1.211	1.193	1.211	1.223	1.186	1.124	1.175	1.174	1.193	1.293	1.176	1.229	1.231	1.215	1.361	1.368	1.361	1.352	1.358	1.373	1.367	1.391	1.383	1.380	1.322	1.188	1.389	1.389	1.339	1.361	1.377	1.387	1.365	1.377	1.361	1.363	1.530	1.352	1.159	1.156	1.131	1.127	1.136	1.123	1.158	1.176	1.387	1.383	1.196	1.208	1.202	1.216	1.168	1.246	1.242	1.231	1.245	1.221	1.168	1.201	1.202	1.209	1.188	1.172
19:23:12	37.1	1.165	1.183	1.169	1.169	1.157	1.143	1.160	1.177	1.189	1.196	1.214	1.195	1.212	1.224	1.187	1.126	1.176	1.175	1.194	1.295	1.177	1.231	1.232	1.216	1.362	1.369	1.361	1.353	1.360	1.376	1.367	1.390	1.381	1.378	1.322	1.188	1.391	1.391	1.339	1.367	1.377	1.388	1.371	1.378	1.361	1.363	1.529	1.351	1.160	1.157	1.132	1.128	1.138	1.125	1.160	1.179	1.390	1.385	1.199	1.208	1.204	1.217	1.169	1.248	1.243	1.233	1.249	1.224	1.168	1.204	1.203	1.212	1.190	1.174
19:27:12	37.1	1.166	1.183	1.170	1.170	1.157	1.144	1.161	1.178	1.190	1.197	1.214	1.197	1.212	1.225	1.188	1.127	1.177	1.176	1.195	1.296	1.178	1.232	1.233	1.216	1.363	1.369	1.362	1.352	1.360	1.379	1.369	1.393	1.382	1.380	1.324	1.189	1.393	1.391	1.339	1.368	1.378	1.388	1.371	1.379	1.361	1.363	1.530	1.352	1.159	1.157	1.132	1.128	1.138	1.125	1.160	1.180	1.391	1.387	1.199	1.207	1.205	1.217	1.169	1.250	1.244	1.234	1.249	1.226	1.170	1.204	1.202	1.211	1.192	1.173
19:31:12	37.1	1.168	1.185	1.171	1.171	1.158	1.145	1.162	1.179	1.190	1.197	1.214	1.196	1.214	1.225	1.189	1.128	1.177	1.177	1.195	1.296	1.179	1.232	1.234	1.216	1.363	1.369	1.363	1.354	1.362	1.379	1.370	1.393	1.382	1.380	1.324	1.188	1.395	1.393	1.341	1.367	1.381	1.390	1.371	1.378	1.362	1.365	1.530	1.349	1.159	1.158	1.133	1.130	1.139	1.127	1.161	1.181	1.392	1.390	1.202	1.208	1.205	1.219	1.170	1.253	1.246	1.236	1.253	1.231	1.175	1.204	1.205	1.213	1.193	1.173
19:35:12	37.0	1.170	1.186	1.172	1.174	1.159	1.147	1.164	1.180	1.191	1.198	1.215	1.199	1.215	1.227	1.191	1.129	1.177	1.178	1.196	1.299	1.180	1.234	1.236	1.219	1.363	1.370	1.363	1.355	1.362	1.381	1.371	1.394	1.383	1.380	1.325	1.192	1.397	1.394	1.343	1.368	1.379	1.392	1.375	1.385	1.364	1.365	1.531	1.353	1.163	1.161	1.136	1.132	1.142	1.129	1.165	1.184	1.395	1.392	1.206	1.208	1.207	1.220	1.172	1.255	1.249	1.238	1.253	1.233	1.178	1.207	1.206	1.214	1.196	1.176
19:39:12	37.1	1.171	1.187	1.173	1.175	1.161	1.148	1.165	1.182	1.193	1.200	1.216	1.200	1.216	1.228	1.192	1.130	1.179	1.179	1.198	1.300	1.181	1.234	1.237	1.219	1.363	1.371	1.363	1.355	1.361	1.383	1.372	1.395	1.382	1.381	1.326	1.192	1.398	1.395	1.344	1.369	1.379	1.392	1.383	1.386	1.364	1.367	1.532	1.353	1.162	1.161	1.137	1.133	1.143	1.130	1.166	1.184	1.396	1.394	1.206	1.209	1.208	1.221	1.172	1.257	1.253	1.242	1.254	1.236	1.182	1.209	1.208	1.214	1.198	1.176
19:43:12	37.1	1.172	1.189	1.174	1.178	1.162	1.150	1.167	1.184	1.195	1.202	1.218	1.202	1.217	1.229	1.194	1.133	1.180	1.180	1.199	1.301	1.184	1.236	1.240	1.221	1.363	1.371	1.364	1.357	1.361	1.383	1.374	1.397	1.381	1.383	1.327	1.193	1.400	1.397	1.347	1.374	1.384	1.395	1.382	1.387	1.369	1.368	1.532	1.354	1.162	1.163	1.139	1.135	1.144	1.132	1.167	1.186	1.399	1.396	1.210	1.208	1.210	1.223	1.172	1.259	1.254	1.246	1.256	1.237	1.182	1.210	1.209	1.216	1.199	1.176
19:47:12	37.1	1.174	1.191	1.175	1.180	1.163	1.152	1.169	1.185	1.196	1.203	1.219	1.202	1.218	1.230	1.194	1.134	1.181	1.181	1.200	1.302	1.185	1.237	1.240	1.220	1.364	1.371	1.365	1.357	1.361	1.384	1.374	1.398	1.387	1.384	1.329	1.195	1.403	1.399	1.348	1.373	1.385	1.396	1.383	1.390	1.367	1.372	1.534	1.354	1.164	1.165	1.141	1.137	1.147	1.133	1.169	1.187	1.401	1.399	1.212	1.211	1.210	1.225	1.173	1.261	1.255	1.250	1.258	1.241	1.183	1.212	1.211	1.219	1.201	1.179
19:51:12	37.1	1.175	1.193	1.176	1.182	1.164	1.152	1.170	1.186	1.196	1.204	1.219	1.204	1.220	1.232	1.195	1.136	1.181	1.182	1.201	1.304	1.185	1.239	1.241	1.220	1.365	1.373	1.366	1.360	1.363	1.388	1.377	1.398	1.382	1.385	1.330	1.197	1.404	1.400	1.350	1.374	1.388	1.399	1.383	1.391	1.369	1.373	1.535	1.356	1.166	1.166	1.141	1.139	1.149	1.136	1.171	1.190	1.403	1.401	1.214	1.212	1.212	1.226	1.175	1.263	1.258	1.253	1.257	1.245	1.185	1.214	1.213	1.221	1.202	1.179
19:55:12	37.0	1.175	1.194	1.176	1.184	1.166	1.155	1.172	1.188	1.199	1.206	1.221	1.206	1.221	1.233	1.196	1.138	1.182	1.183	1.202	1.305	1.188	1.241	1.244	1.222	1.365	1.373	1.366	1.360	1.363	1.387	1.378	1.399	1.380	1.385	1.331	1.197	1.408	1.402	1.351	1.378	1.389	1.400	1.383	1.394	1.371	1.374	1.537	1.355	1.167	1.167	1.143	1.141	1.151	1.138	1.174	1.191	1.405	1.404	1.216	1.212	1.212	1.229	1.175	1.264	1.259	1.256	1.257	1.250	1.186	1.214	1.214	1.221	1.203	1.180
19:59:12	37.1	1.177	1.194	1.177	1.186	1.167	1.155	1.173	1.188	1.199	1.206	1.221	1.206	1.222	1.234	1.196	1.140	1.183	1.185	1.203	1.306	1.188	1.240	1.244	1.221	1.366	1.374	1.367	1.361	1.363	1.389	1.379	1.400	1.380	1.385	1.331	1.197	1.409	1.402	1.351	1.377	1.389	1.401	1.384	1.394	1.372	1.376	1.537	1.354	1.167	1.167	1.143	1.141	1.151	1.138	1.174	1.191	1.407	1.404	1.216	1.214	1.214	1.231	1.176	1.266	1.259	1.260	1.258	1.248	1.189	1.214	1.215	1.222	1.204	1.181
20:03:12	37.0	1.177	1.195	1.178	1.187	1.167	1.157	1.174	1.190	1.201	1.208	1.222	1.208	1.224	1.235	1.197	1.142	1.184	1.185	1.204	1.307	1.190	1.242	1.246	1.222	1.366	1.375	1.368	1.361	1.364	1.391	1.381	1.402	1.410	1.386	1.333	1.200	1.412	1.403	1.352	1.380	1.391	1.406	1.384	1.397	1.373	1.377	1.538	1.356	1.167	1.169	1.146	1.143	1.153	1.141	1.176	1.193	1.408	1.407	1.218	1.214	1.214	1.232	1.177	1.269	1.260	1.260	1.259	1.250	1.191	1.214	1.216	1.223	1.206	1.181
20:07:12	37.1	1.178	1.197	1.178	1.188	1.169	1.159	1.175	1.190	1.201	1.209	1.223	1.209	1.225	1.235	1.198	1.143	1.185	1.187	1.205	1.308	1.190	1.242	1.246	1.223	1.366	1.376	1.369	1.363	1.365	1.392	1.381	1.403	1.409	1.387	1.334	1.200	1.414	1.404	1.351	1.383	1.394	1.405	1.385	1.398	1.374	1.379	1.539	1.356	1.170	1.170	1.147	1.145	1.155	1.142	1.177	1.194	1.410	1.409	1.218	1.215	1.216	1.233	1.179	1.271	1.261	1.262	1.259	1.254	1.194	1.214	1.216	1.224	1.206	1.181
20:11:12	37.1	1.179	1.198	1.179	1.189	1.170	1.160	1.177	1.192	1.203	1.210	1.224	1.210	1.226	1.237	1.199	1.145	1.186	1.188	1.206	1.310	1.192	1.244	1.248	1.224	1.367	1.378	1.370	1.365	1.367	1.392	1.384	1.405	1.405	1.388	1.335	1.201	1.416	1.406	1.353	1.385	1.393	1.408	1.385	1.401	1.375	1.382	1.541	1.357	1.172	1.172	1.148	1.147	1.157	1.144	1.179	1.195	1.411	1.410	1.219	1.216	1.216	1.235	1.180	1.272	1.263	1.264	1.260	1.258	1.196	1.212	1.219	1.225	1.209	1.183
20:15:12	37.0	1.180	1.198	1.179	1.190	1.171	1.161	1.177	1.193	1.204	1.212	1.224	1.211	1.228	1.237	1.200	1.146	1.187	1.189	1.208	1.311	1.192	1.245	1.249	1.224	1.368	1.378	1.371	1.366	1.368	1.395	1.384	1.406	1.398	1.389	1.337	1.202	1.419	1.407	1.356	1.386	1.393	1.409	1.386	1.403	1.375	1.382	1.541	1.357	1.173	1.174	1.150	1.149	1.158	1.146	1.181	1.197	1.414	1.413	1.221	1.215	1.218	1.238	1.182	1.273	1.263	1.267	1.262	1.260	1.201	1.213	1.219	1.226	1.211	1.184
20:19:12	37.1	1.182	1.199	1.181	1.191	1.173	1.163	1.179	1.195	1.205	1.213	1.227	1.214	1.230	1.239	1.201	1.147	1.189	1.191	1.209	1.313	1.194	1.248	1.250	1.225	1.370	1.380	1.372	1.367	1.370	1.399	1.385	1.408	1.387	1.390	1.339	1.203	1.421	1.409	1.355	1.387	1.394	1.412	1.388	1.404	1.379	1.385	1.543	1.358	1.176	1.175	1.152	1.150	1.160	1.148	1.184	1.199	1.416	1.415	1.224	1.217	1.218	1.240	1.184	1.274	1.264	1.269	1.264	1.264	1.205	1.214	1.222	1.228	1.214	1.185
20:23:12	37.0	1.181	1.200	1.181	1.192	1.173	1.164	1.180	1.196	1.206	1.214	1.227	1.214	1.230	1.239	1.202	1.148	1.190	1.192	1.210	1.314	1.195	1.248	1.251	1.226	1.369	1.381	1.374	1.369	1.371	1.395	1.385	1.408	1.372	1.389	1.339	1.205	1.422	1.409	1.355	1.385	1.396	1.409	1.387	1.405	1.377	1.385	1.543	1.359	1.176	1.175	1.152	1.150	1.160	1.149	1.183	1.198	1.417	1.416	1.223	1.217	1.218	1.241	1.187	1.274	1.266	1.270	1.266	1.266	1.209	1.216	1.222	1.229	1.214	1.186
20:27:12	37.1	1.182	1.200	1.182	1.192	1.175	1.165	1.181	1.196	1.206	1.215	1.228	1.216	1.231	1.239	1.202	1.148	1.190	1.193	1.211	1.314	1.197	1.248	1.252	1.227	1.368	1.381	1.374	1.370	1.371	1.396	1.387	1.409	1.358	1.390	1.340	1.206	1.424	1.411	1.356	1.388	1.395	1.412	1.390	1.406	1.381	1.386	1.544	1.358	1.178	1.176	1.153	1.151	1.162	1.150	1.185	1.201	1.419	1.418	1.225	1.219	1.219	1.242	1.188	1.276	1.266	1.273	1.266	1.268	1.214	1.216	1.223	1.230	1.215	1.188
20:31:12	37.1	1.183	1.201	1.182	1.193	1.176	1.166	1.181	1.197	1.208	1.216	1.229	1.217	1.232	1.240	1.203	1.149	1.191	1.194	1.213	1.315	1.198	1.250	1.253	1.226	1.370	1.383	1.375	1.371	1.373	1.398	1.387	1.411	1.346	1.392	1.342	1.205	1.425	1.410	1.355	1.386	1.397	1.410	1.389	1.407	1.381	1.386	1.544	1.359	1.179	1.175	1.153	1.152	1.162	1.150	1.186	1.201	1.420	1.418	1.225	1.218	1.218	1.244	1.189	1.278	1.269	1.274	1.267	1.269	1.216	1.217	1.223	1.229	1.216	1.189
20:35:12	37.0	1.184	1.202	1.183	1.194	1.178	1.167	1.182	1.199	1.209	1.217	1.230	1.218	1.233	1.241	1.204	1.150	1.192	1.196	1.214	1.317	1.199	1.251	1.254	1.228	1.370	1.383	1.376	1.373	1.375	1.401	1.389	1.413	1.343	1.393	1.343	1.207	1.427	1.411	1.356	1.389	1.397	1.411	1.391	1.410	1.382	1.389	1.545	1.360	1.181	1.178	1.155	1.155	1.165	1.153	1.189	1.203	1.421	1.421	1.228	1.221	1.220	1.246	1.191	1.281	1.272	1.277	1.268	1.272	1.223	1.218	1.226	1.232	1.220	1.190
20:39:12	37.1	1.185	1.202	1.183	1.194	1.179	1.168	1.184	1.200	1.210	1.218	1.232	1.220	1.233	1.241	1.204	1.150	1.194	1.197	1.216	1.318	1.200	1.252	1.256	1.230	1.372	1.385	1.377	1.374	1.377	1.401	1.389	1.415	1.341	1.395	1.344	1.209	1.429	1.413	1.356	1.391	1.398	1.412	1.393	1.410	1.384	1.388	1.546	1.360	1.183	1.178	1.157	1.156	1.167	1.156	1.191	1.206	1.423	1.423	1.229	1.222	1.222	1.248	1.193	1.283	1.275	1.279	1.270	1.276	1.225	1.219	1.227	1.234	1.221	1.192
20:43:12	37.0	1.185	1.203	1.184	1.195	1.180	1.169	1.185	1.201	1.211	1.219	1.232	1.220	1.234	1.242	1.205	1.151	1.195	1.199	1.217	1.319	1.201	1.254	1.257	1.230	1.371	1.387	1.378	1.376	1.379	1.402	1.392	1.416	1.341	1.395	1.345	1.209	1.431	1.413	1.357	1.391	1.400	1.414	1.394	1.411	1.385	1.391	1.547	1.359	1.185	1.179	1.158	1.157	1.168	1.156	1.191	1.206	1.424	1.424	1.230	1.222	1.223	1.250	1.194	1.286	1.279	1.281	1.271	1.277	1.226	1.220	1.226	1.235	1.222	1.190
20:47:12	37.1	1.186	1.204	1.185	1.196	1.182	1.169	1.185	1.203	1.213	1.221	1.233	1.222	1.235	1.243	1.206	1.152	1.197	1.200	1.219	1.321	1.203	1.255	1.258	1.232	1.372	1.389	1.378	1.377	1.381	1.406	1.393	1.418	1.342	1.397	1.347	1.212	1.433	1.414	1.357	1.391	1.402	1.416	1.396	1.412	1.387	1.393	1.548	1.361	1.187	1.181	1.160	1.159	1.171	1.160	1.195	1.210	1.427	1.426	1.234	1.223	1.225	1.252	1.196	1.287	1.282	1.284	1.275	1.280	1.229	1.222	1.230	1.236	1.225	1.191
20:51:12	37.0	1.188	1.204	1.186	1.198	1.184	1.171	1.188	1.204	1.214	1.222	1.234	1.224	1.236	1.243	1.206	1.153	1.198	1.202	1.220	1.322	1.204	1.256	1.260	1.234	1.374	1.389	1.381	1.378	1.384	1.407	1.395	1.421	1.343	1.400	1.349	1.214	1.435	1.416	1.359	1.393	1.400	1.419	1.397	1.413	1.388	1.395	1.549	1.362	1.188	1.183	1.161	1.161	1.173	1.161	1.198	1.211	1.430	1.428	1.236	1.225	1.227	1.254	1.199	1.290	1.286	1.286	1.278	1.283	1.232	1.223	1.231	1.238	1.228	1.192
20:55:12	37.0	1.188	1.205	1.187	1.200	1.186	1.172	1.188	1.206	1.216	1.224	1.236	1.225	1.237	1.245	1.207	1.154	1.200	1.203	1.222	1.324	1.206	1.258	1.260	1.233	1.374	1.389	1.381	1.383	1.385	1.409	1.396	1.423	1.344	1.400	1.349	1.214	1.436	1.417	1.358	1.394	1.404	1.418	1.399	1.416	1.388	1.395	1.550	1.363	1.191	1.183	1.162	1.162	1.174	1.162	1.198	1.211	1.430	1.429	1.237	1.226	1.228	1.255	1.202	1.294	1.289	1.290	1.282	1.285	1.236	1.227	1.230	1.240	1.230	1.193
20:59:12	37.1	1.190	1.206	1.189	1.201	1.188	1.174	1.191	1.207	1.217	1.226	1.237	1.227	1.238	1.246	1.209	1.155	1.203	1.205	1.224	1.325	1.208	1.260	1.262	1.234	1.376	1.391	1.382	1.385	1.387	1.412	1.398	1.424	1.346	1.403	1.352	1.217	1.438	1.418	1.360	1.397	1.404	1.421	1.401	1.418	1.390	1.399	1.551	1.364	1.195	1.186	1.165	1.164	1.177	1.166	1.201	1.215	1.434	1.433	1.242	1.227	1.230	1.258	1.206	1.298	1.292	1.294	1.285	1.286	1.237	1.231	1.231	1.242	1.231	1.195
21:03:12	37.1	1.191	1.207	1.190	1.202	1.189	1.174	1.191	1.208	1.218	1.226	1.238	1.229	1.240	1.247	1.210	1.155	1.204	1.207	1.225	1.327	1.209	1.261	1.264	1.236	1.376	1.392	1.383	1.386	1.389	1.413	1.401	1.425	1.347	1.404	1.353	1.219	1.439	1.419	1.361	1.400	1.407	1.424	1.402	1.420	1.391	1.400	1.553	1.367	1.198	1.188	1.167	1.166	1.179	1.168	1.204	1.218	1.436	1.435	1.245	1.229	1.232	1.259	1.210	1.301	1.295	1.297	1.288	1.287	1.238	1.235	1.232	1.244	1.237	1.196
21:07:12	37.0	1.192	1.208	1.191	1.203	1.190	1.176	1.192	1.210	1.219	1.227	1.238	1.230	1.240	1.247	1.210	1.156	1.206	1.208	1.226	1.328	1.210	1.262	1.265	1.235	1.377	1.395	1.384	1.388	1.390	1.416	1.401	1.428	1.349	1.405	1.354	1.218	1.441	1.420	1.360	1.398	1.408	1.424	1.404	1.421	1.393	1.401	1.553	1.367	1.197	1.188	1.167	1.166	1.179	1.168	1.204	1.218	1.437	1.436	1.245	1.226	1.232	1.261	1.212	1.304	1.298	1.300	1.289	1.287	1.240	1.236	1.233	1.244	1.238	1.195
21:11:12	37.1	1.193	1.209	1.191	1.203	1.191	1.177	1.194	1.210	1.220	1.229	1.240	1.232	1.242	1.248	1.211	1.157	1.207	1.209	1.227	1.329	1.211	1.263	1.266	1.236	1.377	1.397	1.386	1.389	1.392	1.417	1.404	1.429	1.350	1.406	1.356	1.220	1.441	1.421	1.362	1.399	1.409	1.427	1.404	1.422	1.394	1.403	1.555	1.369	1.196	1.189	1.169	1.168	1.180	1.169	1.206	1.219	1.438	1.437	1.245	1.230	1.233	1.262	1.214	1.310	1.301	1.307	1.295	1.289	1.244	1.239	1.235	1.248	1.239	1.197
21:15:12	37.1	1.194	1.210	1.192	1.205	1.192	1.177	1.194	1.211	1.222	1.230	1.241	1.234	1.243	1.249	1.213	1.158	1.210	1.210	1.229	1.331	1.212	1.265	1.268	1.239	1.379	1.400	1.388	1.393	1.393	1.420	1.405	1.433	1.353	1.409	1.357	1.223	1.442	1.422	1.363	1.403	1.410	1.427	1.406	1.424	1.395	1.404	1.555	1.372	1.198	1.191	1.171	1.171	1.183	1.172	1.209	1.222	1.441	1.439	1.243	1.232	1.235	1.265	1.216	1.317	1.305	1.314	1.296	1.290	1.246	1.242	1.236	1.250	1.241	1.198
21:19:12	37.1	1.195	1.210	1.193	1.206	1.193	1.179	1.196	1.213	1.223	1.232	1.241	1.234	1.243	1.249	1.213	1.159	1.211	1.212	1.230	1.332	1.213	1.265	1.268	1.238	1.379	1.400	1.388	1.393	1.394	1.420	1.405	1.433	1.354	1.408	1.358	1.224	1.443	1.423	1.363	1.403	1.410	1.428	1.407	1.425	1.395	1.404	1.556	1.374	1.198	1.191	1.172	1.172	1.185	1.173	1.211	1.224	1.442	1.441	1.242	1.230	1.236	1.267	1.218	1.318	1.310	1.317	1.300	1.293	1.247	1.244	1.235	1.250	1.242	1.199
21:23:12	37.0	1.196	1.211	1.193	1.206	1.194	1.180	1.196	1.214	1.224	1.232	1.243	1.236	1.244	1.250	1.213	1.159	1.213	1.212	1.230	1.333	1.214	1.267	1.270	1.241	1.380	1.401	1.390	1.394	1.395	1.420	1.407	1.434	1.355	1.410	1.358	1.225	1.444	1.425	1.365	1.405	1.411	1.432	1.407	1.426	1.397	1.406	1.558	1.376	1.201	1.192	1.173	1.173	1.186	1.175	1.212	1.224	1.443	1.442	1.242	1.233	1.238	1.268	1.220	1.319	1.316	1.321	1.302	1.296	1.248	1.246	1.237	1.251	1.244	1.201
21:27:12	37.1	1.196	1.212	1.195	1.207	1.195	1.180	1.197	1.215	1.225	1.234	1.244	1.238	1.245	1.251	1.214	1.160	1.214	1.213	1.232	1.334	1.216	1.268	1.271	1.241	1.382	1.404	1.391	1.396	1.398	1.422	1.409	1.436	1.359	1.411	1.359	1.225	1.446	1.426	1.365	1.405	1.413	1.432	1.410	1.427	1.400	1.407	1.558	1.376	1.202	1.193	1.175	1.175	1.188	1.177	1.215	1.228	1.445	1.443	1.243	1.234	1.239	1.269	1.223	1.319	1.320	1.321	1.305	1.299	1.251	1.248	1.236	1.253	1.246	1.199
21:31:12	37.1	1.197	1.212	1.196	1.208	1.197	1.182	1.199	1.216	1.226	1.236	1.246	1.239	1.246	1.252	1.216	1.161	1.216	1.215	1.234	1.336	1.218	1.270	1.273	1.243	1.383	1.404	1.393	1.397	1.400	1.423	1.411	1.438	1.361	1.413	1.361	1.228	1.447	1.427	1.366	1.406	1.413	1.431	1.411	1.429	1.401	1.408	1.561	1.380	1.203	1.196	1.177	1.177	1.190	1.179	1.217	1.230	1.448	1.446	1.242	1.234	1.240	1.271	1.226	1.314	1.323	1.321	1.310	1.299	1.252	1.250	1.237	1.255	1.247	1.198
21:35:12	37.0	1.199	1.213	1.197	1.209	1.197	1.183	1.200	1.217	1.228	1.236	1.246	1.239	1.246	1.252	1.216	1.161	1.217	1.216	1.234	1.337	1.218	1.270	1.273	1.244	1.384	1.407	1.394	1.397	1.400	1.423	1.413	1.440	1.364	1.413	1.361	1.228	1.448	1.428	1.368	1.407	1.415	1.434	1.411	1.430	1.403	1.408	1.562	1.380	1.204	1.195	1.177	1.178	1.191	1.180	1.219	1.231	1.448	1.447	1.241	1.236	1.242	1.273	1.228	1.313	1.323	1.320	1.315	1.301	1.252	1.253	1.237	1.257	1.249	1.200
21:39:12	37.1	1.199	1.213	1.197	1.210	1.198	1.184	1.200	1.218	1.229	1.237	1.248	1.240	1.246	1.253	1.216	1.161	1.218	1.216	1.235	1.339	1.219	1.272	1.274	1.244	1.384	1.407	1.395	1.399	1.402	1.425	1.415	1.440	1.366	1.414	1.362	1.228	1.448	1.428	1.368	1.407	1.415	1.433	1.411	1.431	1.403	1.411	1.563	1.382	1.204	1.196	1.178	1.178	1.191	1.181	1.219	1.231	1.449	1.447	1.241	1.236	1.242	1.275	1.231	1.313	1.323	1.324	1.321	1.304	1.250	1.255	1.239	1.257	1.250	1.201
21:43:12	37.0	1.201	1.214	1.198	1.212	1.199	1.185	1.202	1.220	1.230	1.239	1.248	1.242	1.248	1.255	1.218	1.163	1.220	1.218	1.236	1.340	1.221	1.274	1.276	1.246	1.386	1.409	1.399	1.403	1.404	1.425	1.416	1.442	1.369	1.416	1.364	1.231	1.450	1.429	1.370	1.409	1.418	1.436	1.413	1.433	1.405	1.413	1.565	1.385	1.208	1.198	1.181	1.181	1.194	1.184	1.223	1.235	1.452	1.450	1.242	1.238	1.244	1.278	1.233	1.313	1.322	1.320	1.327	1.309	1.252	1.257	1.242	1.260	1.250	1.201
21:47:12	37.1	1.201	1.215	1.200	1.213	1.200	1.186	1.203	1.221	1.232	1.240	1.251	1.244	1.250	1.256	1.219	1.164	1.221	1.220	1.238	1.342	1.223	1.275	1.277	1.248	1.387	1.411	1.403	1.403	1.406	1.428	1.419	1.444	1.370	1.417	1.365	1.232	1.452	1.430	1.372	1.408	1.418	1.437	1.415	1.434	1.405	1.414	1.566	1.385	1.210	1.200	1.183	1.182	1.195	1.186	1.225	1.236	1.453	1.452	1.242	1.240	1.246	1.280	1.237	1.315	1.324	1.322	1.327	1.314	1.254	1.260	1.243	1.262	1.251	1.203
21:51:12	37.0	1.202	1.216	1.201	1.213	1.202	1.187	1.204	1.223	1.233	1.241	1.250	1.245	1.250	1.256	1.219	1.164	1.221	1.220	1.239	1.342	1.223	1.275	1.278	1.250	1.387	1.410	1.404	1.405	1.407	1.428	1.420	1.444	1.372	1.419	1.366	1.235	1.452	1.431	1.373	1.411	1.420	1.438	1.414	1.435	1.406	1.416	1.566	1.387	1.210	1.200	1.184	1.183	1.196	1.187	1.227	1.238	1.455	1.453	1.244	1.242	1.247	1.282	1.240	1.316	1.323	1.323	1.329	1.317	1.256	1.261	1.245	1.264	1.252	1.205
21:55:12	37.1	1.203	1.217	1.201	1.215	1.203	1.188	1.205	1.224	1.234	1.243	1.252	1.246	1.250	1.256	1.220	1.164	1.222	1.221	1.240	1.343	1.224	1.277	1.280	1.250	1.387	1.412	1.405	1.405	1.407	1.427	1.421	1.445	1.373	1.420	1.366	1.233	1.453	1.432	1.373	1.411	1.420	1.437	1.415	1.433	1.409	1.417	1.567	1.388	1.211	1.200	1.185	1.185	1.197	1.188	1.228	1.239	1.456	1.454	1.246	1.244	1.248	1.285	1.243	1.318	1.324	1.325	1.328	1.323	1.261	1.264	1.249	1.265	1.252	1.206
21:59:12	37.1	1.204	1.217	1.201	1.215	1.204	1.189	1.206	1.224	1.234	1.244	1.253	1.247	1.251	1.258	1.221	1.166	1.223	1.222	1.241	1.345	1.225	1.278	1.281	1.252	1.388	1.413	1.407	1.406	1.408	1.429	1.423	1.450	1.377	1.421	1.367	1.236	1.454	1.433	1.375	1.412	1.421	1.440	1.417	1.435	1.410	1.418	1.569	1.390	1.212	1.202	1.186	1.186	1.199	1.190	1.230	1.241	1.458	1.456	1.249	1.247	1.249	1.290	1.248	1.319	1.327	1.328	1.327	1.327	1.262	1.266	1.252	1.268	1.253	1.206
22:03:12	37.0	1.205	1.219	1.203	1.216	1.205	1.190	1.208	1.226	1.236	1.245	1.254	1.249	1.252	1.259	1.223	1.167	1.225	1.224	1.243	1.346	1.226	1.280	1.282	1.253	1.390	1.415	1.409	1.409	1.409	1.432	1.424	1.452	1.379	1.422	1.368	1.236	1.455	1.434	1.378	1.411	1.422	1.439	1.419	1.435	1.414	1.420	1.570	1.389	1.216	1.204	1.188	1.189	1.202	1.192	1.234	1.243	1.460	1.458	1.254	1.247	1.252	1.296	1.251	1.320	1.328	1.331	1.325	1.331	1.262	1.269	1.255	1.269	1.254	1.207
22:07:12	37.1	1.206	1.220	1.204	1.218	1.206	1.191	1.208	1.227	1.238	1.246	1.255	1.250	1.254	1.260	1.224	1.167	1.226	1.225	1.244	1.348	1.227	1.281	1.284	1.255	1.390	1.416	1.409	1.410	1.410	1.431	1.426	1.451	1.381	1.424	1.369	1.238	1.456	1.435	1.380	1.414	1.422	1.440	1.420	1.438	1.415	1.423	1.571	1.391	1.217	1.205	1.188	1.189	1.203	1.194	1.236	1.244	1.462	1.460	1.257	1.248	1.254	1.305	1.254	1.323	1.329	1.332	1.324	1.337	1.264	1.272	1.259	1.271	1.255	1.209
22:11:12	37.0	1.207	1.221	1.205	1.219	1.207	1.192	1.210	1.229	1.239	1.248	1.257	1.251	1.255	1.261	1.225	1.169	1.227	1.226	1.245	1.350	1.229	1.282	1.284	1.257	1.391	1.418	1.410	1.411	1.413	1.435	1.427	1.450	1.384	1.427	1.370	1.239	1.456	1.436	1.380	1.416	1.424	1.442	1.420	1.439	1.417	1.424	1.573	1.393	1.219	1.207	1.191	1.192	1.204	1.197	1.238	1.247	1.464	1.463	1.261	1.249	1.258	1.310	1.258	1.324	1.331	1.331	1.324	1.342	1.267	1.275	1.261	1.273	1.255	1.209
22:15:12	37.1	1.208	1.222	1.206	1.220	1.208	1.194	1.211	1.230	1.240	1.249	1.257	1.252	1.255	1.262	1.226	1.169	1.228	1.227	1.246	1.351	1.230	1.284	1.286	1.260	1.393	1.419	1.411	1.412	1.415	1.436	1.428	1.451	1.386	1.429	1.371	1.240	1.458	1.438	1.381	1.418	1.425	1.443	1.421	1.440	1.416	1.425	1.573	1.394	1.220	1.207	1.192	1.193	1.206	1.198	1.240	1.247	1.465	1.463	1.262	1.249	1.260	1.312	1.261	1.324	1.332	1.334	1.322	1.344	1.269	1.277	1.262	1.272	1.256	1.211
22:19:12	37.1	1.209	1.222	1.207	1.220	1.209	1.194	1.212	1.230	1.240	1.249	1.258	1.253	1.256	1.263	1.226	1.170	1.229	1.228	1.247	1.352	1.231	1.284	1.287	1.261	1.394	1.421	1.411	1.412	1.416	1.436	1.427	1.450	1.388	1.428	1.372	1.241	1.458	1.438	1.382	1.418	1.425	1.444	1.421	1.440	1.417	1.426	1.574	1.396	1.218	1.208	1.192	1.194	1.206	1.198	1.241	1.248	1.465	1.464	1.262	1.251	1.261	1.312	1.263	1.326	1.333	1.334	1.324	1.338	1.266	1.280	1.264	1.274	1.257	1.209
22:23:12	37.0	1.210	1.223	1.208	1.221	1.210	1.195	1.213	1.232	1.241	1.250	1.258	1.255	1.258	1.264	1.228	1.171	1.231	1.230	1.249	1.354	1.232	1.286	1.288	1.262	1.395	1.420	1.412	1.415	1.419	1.438	1.430	1.451	1.391	1.431	1.374	1.243	1.459	1.440	1.383	1.418	1.426	1.446	1.421	1.441	1.418	1.427	1.575	1.396	1.220	1.210	1.195	1.197	1.210	1.201	1.244	1.251	1.468	1.467	1.264	1.253	1.263	1.310	1.265	1.328	1.336	1.336	1.325	1.339	1.267	1.285	1.267	1.277	1.260	1.212
22:27:12	37.1	1.211	1.224	1.209	1.222	1.211	1.196	1.214	1.233	1.243	1.252	1.260	1.256	1.258	1.265	1.229	1.172	1.232	1.230	1.249	1.355	1.233	1.287	1.289	1.264	1.396	1.422	1.413	1.414	1.420	1.440	1.430	1.453	1.393	1.434	1.374	1.244	1.459	1.441	1.386	1.419	1.426	1.447	1.422	1.442	1.421	1.427	1.575	1.398	1.222	1.211	1.196	1.198	1.210	1.201	1.245	1.252	1.468	1.468	1.264	1.253	1.263	1.309	1.266	1.327	1.336	1.335	1.324	1.333	1.266	1.287	1.267	1.276	1.262	1.214
22:31:12	37.0	1.212	1.224	1.209	1.223	1.212	1.197	1.215	1.234	1.243	1.253	1.261	1.257	1.260	1.265	1.229	1.172	1.233	1.231	1.251	1.356	1.234	1.288	1.290	1.264	1.397	1.426	1.415	1.417	1.422	1.441	1.433	1.455	1.394	1.435	1.376	1.246	1.460	1.442	1.387	1.419	1.426	1.447	1.422	1.442	1.422	1.430	1.577	1.400	1.222	1.213	1.197	1.199	1.212	1.203	1.248	1.255	1.471	1.471	1.267	1.252	1.264	1.311	1.268	1.329	1.340	1.335	1.325	1.329	1.268	1.291	1.270	1.276	1.263	1.212
22:35:12	37.1	1.213	1.226	1.210	1.224	1.214	1.198	1.217	1.235	1.245	1.255	1.262	1.258	1.260	1.266	1.230	1.173	1.233	1.233	1.252	1.358	1.236	1.289	1.292	1.265	1.397	1.425	1.415	1.418	1.421	1.442	1.434	1.457	1.398	1.436	1.376	1.245	1.462	1.442	1.389	1.420	1.425	1.448	1.424	1.443	1.423	1.433	1.578	1.400	1.221	1.214	1.199	1.202	1.214	1.205	1.250	1.256	1.472	1.472	1.267	1.252	1.265	1.311	1.269	1.330	1.341	1.337	1.326	1.329	1.273	1.292	1.272	1.277	1.263	1.213
22:39:12	37.0	1.214	1.226	1.212	1.225	1.214	1.200	1.218	1.237	1.246	1.255	1.263	1.259	1.261	1.267	1.231	1.174	1.234	1.234	1.253	1.359	1.237	1.290	1.293	1.266	1.401	1.426	1.417	1.419	1.423	1.444	1.436	1.453	1.400	1.439	1.377	1.247	1.464	1.444	1.390	1.420	1.425	1.449	1.424	1.443	1.423	1.432	1.578	1.403	1.222	1.215	1.200	1.203	1.215	1.207	1.254	1.258	1.473	1.473	1.268	1.255	1.267	1.313	1.272	1.331	1.344	1.340	1.326	1.333	1.274	1.294	1.274	1.279	1.265	1.215
22:43:12	37.1	1.215	1.227	1.212	1.226	1.215	1.201	1.219	1.238	1.248	1.257	1.264	1.260	1.262	1.269	1.233	1.175	1.235	1.234	1.254	1.360	1.238	1.291	1.293	1.270	1.400	1.427	1.419	1.420	1.422	1.445	1.438	1.455	1.404	1.442	1.378	1.247	1.466	1.446	1.393	1.423	1.425	1.449	1.425	1.445	1.426	1.435	1.580	1.403	1.224	1.217	1.202	1.204	1.217	1.210	1.256	1.261	1.475	1.475	1.270	1.256	1.269	1.315	1.274	1.333	1.345	1.342	1.329	1.334	1.278	1.299	1.279	1.281	1.266	1.215
22:47:12	37.1	1.216	1.228	1.214	1.228	1.216	1.202	1.221	1.240	1.249	1.259	1.266	1.262	1.264	1.270	1.234	1.177	1.237	1.236	1.256	1.362	1.239	1.294	1.295	1.272	1.402	1.430	1.423	1.421	1.424	1.447	1.440	1.460	1.408	1.443	1.381	1.251	1.467	1.446	1.395	1.426	1.426	1.450	1.424	1.447	1.428	1.435	1.582	1.404	1.227	1.220	1.204	1.207	1.220	1.212	1.259	1.264	1.477	1.478	1.271	1.257	1.272	1.317	1.276	1.335	1.345	1.343	1.333	1.335	1.277	1.302	1.283	1.283	1.268	1.216
22:51:12	37.1	1.218	1.230	1.216	1.230	1.218	1.204	1.223	1.242	1.251	1.261	1.267	1.264	1.266	1.272	1.237	1.178	1.240	1.239	1.259	1.364	1.241	1.295	1.297	1.276	1.404	1.431	1.424	1.424	1.426	1.449	1.442	1.458	1.410	1.445	1.383	1.255	1.469	1.448	1.397	1.426	1.427	1.451	1.429	1.449	1.430	1.438	1.583	1.406	1.232	1.223	1.207	1.211	1.224	1.217	1.264	1.269	1.481	1.481	1.273	1.258	1.276	1.318	1.279	1.335	1.347	1.344	1.335	1.339	1.279	1.306	1.287	1.285	1.271	1.217
22:55:12	37.1	1.219	1.230	1.216	1.231	1.219	1.205	1.224	1.242	1.251	1.261	1.267	1.264	1.266	1.272	1.236	1.179	1.240	1.240	1.259	1.365	1.242	1.296	1.298	1.274	1.405	1.431	1.425	1.423	1.426	1.449	1.442	1.459	1.411	1.445	1.382	1.252	1.470	1.449	1.398	1.425	1.427	1.451	1.427	1.448	1.430	1.439	1.585	1.405	1.232	1.222	1.206	1.209	1.223	1.215	1.262	1.268	1.480	1.481	1.271	1.260	1.276	1.319	1.279	1.335	1.349	1.345	1.336	1.336	1.279	1.310	1.291	1.284	1.271	1.216
22:59:12	37.0	1.220	1.231	1.217	1.231	1.220	1.206	1.225	1.244	1.252	1.262	1.269	1.266	1.267	1.273	1.237	1.180	1.241	1.241	1.261	1.366	1.243	1.298	1.299	1.278	1.407	1.432	1.424	1.425	1.426	1.451	1.443	1.461	1.414	1.446	1.383	1.253	1.471	1.450	1.399	1.427	1.428	1.450	1.429	1.448	1.431	1.445	1.585	1.408	1.233	1.223	1.208	1.212	1.226	1.219	1.265	1.272	1.482	1.483	1.273	1.263	1.281	1.319	1.283	1.336	1.351	1.342	1.336	1.337	1.281	1.317	1.294	1.286	1.274	1.218
23:03:12	37.1	1.221	1.232	1.218	1.232	1.222	1.208	1.226	1.245	1.254	1.264	1.270	1.267	1.268	1.274	1.238	1.181	1.242	1.242	1.262	1.367	1.244	1.299	1.301	1.279	1.405	1.432	1.426	1.425	1.428	1.452	1.444	1.464	1.415	1.448	1.386	1.257	1.472	1.451	1.402	1.430	1.428	1.451	1.430	1.450	1.432	1.441	1.588	1.411	1.232	1.224	1.209	1.211	1.226	1.218	1.266	1.274	1.484	1.484	1.274	1.263	1.286	1.321	1.285	1.338	1.352	1.344	1.338	1.338	1.285	1.322	1.293	1.288	1.274	1.218
23:07:12	37.0	1.222	1.232	1.219	1.233	1.222	1.209	1.228	1.247	1.255	1.266	1.271	1.269	1.270	1.276	1.240	1.182	1.244	1.243	1.264	1.368	1.246	1.300	1.302	1.281	1.409	1.434	1.428	1.428	1.431	1.453	1.446	1.468	1.417	1.445	1.386	1.257	1.472	1.451	1.402	1.430	1.429	1.452	1.430	1.451	1.434	1.441	1.589	1.411	1.234	1.226	1.211	1.213	1.229	1.222	1.269	1.278	1.485	1.485	1.274	1.264	1.294	1.325	1.286	1.341	1.352	1.348	1.338	1.339	1.286	1.324	1.295	1.288	1.276	1.221
23:11:12	37.0	1.224	1.234	1.220	1.235	1.223	1.210	1.230	1.248	1.256	1.267	1.273	1.271	1.270	1.276	1.241	1.184	1.245	1.245	1.265	1.370	1.247	1.301	1.303	1.283	1.412	1.436	1.430	1.429	1.432	1.454	1.448	1.466	1.420	1.448	1.386	1.258	1.473	1.452	1.402	1.429	1.430	1.452	1.432	1.454	1.436	1.443	1.591	1.412	1.237	1.228	1.213	1.216	1.232	1.224	1.272	1.281	1.487	1.487	1.272	1.266	1.302	1.325	1.286	1.342	1.353	1.347	1.341	1.340	1.288	1.325	1.294	1.290	1.276	1.222
23:15:12	37.1	1.224	1.235	1.221	1.235	1.224	1.211	1.230	1.249	1.258	1.268	1.273	1.271	1.271	1.277	1.242	1.184	1.246	1.246	1.266	1.371	1.248	1.302	1.304	1.284	1.413	1.437	1.429	1.429	1.432	1.455	1.448	1.468	1.423	1.450	1.387	1.260	1.474	1.452	1.403	1.432	1.429	1.453	1.431	1.454	1.437	1.444	1.592	1.415	1.238	1.228	1.213	1.216	1.233	1.226	1.272	1.283	1.488	1.489	1.270	1.265	1.304	1.328	1.290	1.345	1.353	1.349	1.340	1.339	1.290	1.322	1.292	1.288	1.278	1.221
23:19:12	37.1	1.225	1.235	1.222	1.236	1.226	1.211	1.231	1.249	1.258	1.268	1.274	1.270	1.271	1.277	1.242	1.185	1.246	1.246	1.266	1.372	1.248	1.303	1.304	1.282	1.413	1.436	1.430	1.428	1.432	1.454	1.448	1.465	1.423	1.447	1.386	1.258	1.474	1.452	1.404	1.430	1.428	1.452	1.432	1.452	1.437	1.443	1.593	1.415	1.237	1.226	1.211	1.214	1.232	1.224	1.270	1.282	1.487	1.487	1.267	1.266	1.305	1.328	1.295	1.347	1.355	1.349	1.339	1.338	1.292	1.321	1.290	1.289	1.277	1.222
23:23:12	37.1	1.226	1.236	1.223	1.237	1.226	1.212	1.232	1.251	1.259	1.270	1.275	1.274	1.272	1.278	1.244	1.186	1.248	1.247	1.267	1.373	1.250	1.304	1.306	1.287	1.415	1.439	1.431	1.430	1.435	1.457	1.450	1.465	1.426	1.450	1.389	1.262	1.474	1.453	1.405	1.433	1.429	1.454	1.432	1.453	1.436	1.444	1.594	1.415	1.243	1.230	1.216	1.218	1.237	1.229	1.276	1.288	1.490	1.491	1.269	1.268	1.306	1.329	1.298	1.350	1.357	1.351	1.341	1.340	1.296	1.323	1.291	1.292	1.278	1.224
23:27:12	37.0	1.228	1.237	1.224	1.239	1.228	1.214	1.234	1.252	1.261	1.271	1.276	1.276	1.274	1.280	1.245	1.187	1.249	1.249	1.269	1.374	1.251	1.306	1.308	1.288	1.416	1.440	1.431	1.431	1.435	1.456	1.450	1.465	1.427	1.448	1.391	1.264	1.474	1.454	1.407	1.431	1.430	1.453	1.433	1.456	1.438	1.447	1.596	1.419	1.245	1.232	1.218	1.221	1.238	1.230	1.276	1.291	1.492	1.493	1.268	1.269	1.306	1.333	1.301	1.351	1.358	1.353	1.343	1.344	1.299	1.326	1.290	1.293	1.281	1.227
23:31:12	37.1	1.228	1.238	1.225	1.239	1.229	1.215	1.235	1.254	1.262	1.273	1.278	1.276	1.275	1.281	1.245	1.188	1.250	1.251	1.271	1.376	1.252	1.307	1.310	1.290	1.419	1.441	1.433	1.432	1.436	1.457	1.452	1.467	1.428	1.450	1.391	1.265	1.474	1.454	1.407	1.432	1.429	1.457	1.432	1.457	1.439	1.448	1.599	1.419	1.245	1.232	1.219	1.221	1.238	1.231	1.278	1.292	1.492	1.494	1.271	1.269	1.306	1.333	1.303	1.354	1.359	1.352	1.345	1.347	1.302	1.325	1.294	1.294	1.283	1.225
23:35:12	37.1	1.229	1.238	1.225	1.239	1.230	1.215	1.235	1.254	1.263	1.273	1.278	1.276	1.275	1.282	1.246	1.188	1.251	1.251	1.271	1.377	1.252	1.308	1.310	1.290	1.420	1.440	1.432	1.433	1.436	1.458	1.450	1.466	1.427	1.451	1.391	1.264	1.474	1.454	1.409	1.433	1.429	1.456	1.433	1.457	1.440	1.448	1.599	1.421	1.249	1.232	1.219	1.221	1.239	1.230	1.278	1.293	1.492	1.495	1.274	1.268	1.305	1.334	1.306	1.353	1.359	1.350	1.346	1.349	1.304	1.324	1.294	1.294	1.281	1.224
23:39:12	37.0	1.231	1.239	1.227	1.241	1.231	1.217	1.237	1.255	1.264	1.274	1.279	1.278	1.276	1.283	1.247	1.189	1.252	1.252	1.272	1.377	1.254	1.309	1.311	1.291	1.421	1.441	1.433	1.434	1.438	1.459	1.453	1.470	1.429	1.451	1.391	1.264	1.474	1.454	1.411	1.434	1.427	1.456	1.432	1.456	1.442	1.446	1.599	1.422	1.248	1.234	1.220	1.224	1.241	1.232	1.280	1.296	1.494	1.496	1.278	1.268	1.307	1.337	1.312	1.354	1.360	1.351	1.348	1.351	1.304	1.330	1.298	1.293	1.280	1.225
23:43:12	37.1	1.232	1.241	1.228	1.243	1.232	1.218	1.239	1.257	1.266	1.276	1.281	1.281	1.279	1.285	1.248	1.191	1.254	1.254	1.274	1.379	1.255	1.310	1.313	1.294	1.422	1.442	1.434	1.436	1.440	1.461	1.456	1.471	1.431	1.450	1.394	1.265	1.473	1.454	1.415	1.435	1.428	1.457	1.435	1.459	1.444	1.450	1.601	1.422	1.255	1.236	1.224	1.227	1.243	1.237	1.285	1.301	1.497	1.499	1.282	1.270	1.309	1.339	1.319	1.354	1.363	1.356	1.350	1.354	1.306	1.331	1.304	1.297	1.282	1.226
23:47:12	37.0	1.233	1.241	1.230	1.244	1.234	1.219	1.240	1.259	1.268	1.278	1.282	1.282	1.279	1.285	1.249	1.192	1.255	1.255	1.275	1.380	1.256	1.311	1.314	1.297	1.422	1.442	1.435	1.438	1.441	1.463	1.457	1.472	1.435	1.452	1.395	1.270	1.473	1.454	1.416	1.438	1.428	1.457	1.434	1.458	1.446	1.452	1.603	1.425	1.256	1.237	1.225	1.227	1.244	1.237	1.285	1.303	1.498	1.500	1.285	1.271	1.311	1.339	1.328	1.355	1.365	1.356	1.351	1.356	1.306	1.331	1.308	1.297	1.280	1.224
23:51:12	37.1	1.234	1.242	1.230	1.245	1.234	1.220	1.241	1.259	1.268	1.278	1.282	1.282	1.280	1.286	1.250	1.192	1.256	1.256	1.277	1.381	1.258	1.312	1.315	1.295	1.423	1.441	1.435	1.438	1.441	1.463	1.458	1.473	1.436	1.460	1.396	1.269	1.472	1.453	1.418	1.438	1.427	1.459	1.436	1.458	1.447	1.452	1.604	1.426	1.259	1.238	1.227	1.229	1.246	1.238	1.286	1.304	1.498	1.501	1.287	1.270	1.311	1.340	1.333	1.357	1.367	1.355	1.350	1.355	1.308	1.331	1.310	1.297	1.280	1.225
23:55:12	37.1	1.235	1.243	1.230	1.246	1.236	1.222	1.242	1.261	1.270	1.280	1.284	1.284	1.282	1.287	1.251	1.194	1.258	1.258	1.278	1.383	1.259	1.314	1.316	1.298	1.424	1.443	1.437	1.441	1.443	1.465	1.460	1.475	1.438	1.462	1.398	1.271	1.473	1.453	1.422	1.439	1.428	1.461	1.438	1.459	1.451	1.455	1.606	1.426	1.261	1.240	1.229	1.231	1.249	1.241	1.289	1.310	1.500	1.504	1.292	1.272	1.313	1.342	1.336	1.358	1.368	1.356	1.352	1.358	1.313	1.331	1.307	1.299	1.281	1.226
23:59:12	37.1	1.235	1.244	1.232	1.247	1.236	1.222	1.243	1.262	1.270	1.281	1.284	1.284	1.282	1.288	1.252	1.195	1.259	1.259	1.280	1.383	1.260	1.314	1.316	1.299	1.424	1.443	1.438	1.442	1.443	1.464	1.459	1.474	1.439	1.464	1.398	1.270	1.473	1.452	1.421	1.441	1.428	1.460	1.438	1.458	1.450	1.455	1.606	1.426	1.261	1.240	1.230	1.232	1.250	1.242	1.289	1.310	1.500	1.505	1.292	1.272	1.312	1.343	1.335	1.357	1.369	1.355	1.353	1.358	1.312	1.329	1.302	1.298	1.280	1.226
24:03:12	37.0	1.237	1.244	1.233	1.248	1.238	1.223	1.244	1.263	1.272	1.282	1.286	1.286	1.283	1.288	1.253	1.196	1.259	1.259	1.280	1.385	1.260	1.316	1.317	1.301	1.425	1.443	1.440	1.444	1.445	1.464	1.459	1.476	1.439	1.463	1.399	1.273	1.474	1.452	1.423	1.443	1.428	1.460	1.439	1.460	1.451	1.456	1.608	1.428	1.262	1.242	1.231	1.231	1.251	1.243	1.290	1.312	1.501	1.505	1.294	1.273	1.314	1.344	1.335	1.358	1.371	1.358	1.353	1.360	1.313	1.330	1.302	1.298	1.282	1.225

Results
	1	2	3	4	5	6	7	8	9	10	11	12
A													Max V [mcherry:580,610]
													R-Squared [mcherry:580,610]
													t at Max V [mcherry:580,610]
													Lagtime [mcherry:580,610]
													Max V [BFP and GFP:370,445]
													R-Squared [BFP and GFP:370,445]
													t at Max V [BFP and GFP:370,445]
													Lagtime [BFP and GFP:370,445]
													Max V [BFP and GFP:485,510]
													R-Squared [BFP and GFP:485,510]
													t at Max V [BFP and GFP:485,510]
													Lagtime [BFP and GFP:485,510]
													Max V [od600:600]
													R-Squared [od600:600]
													t at Max V [od600:600]
													Lagtime [od600:600]
B	1825.000	1600.000	2525.000	1650.000	1325.000	1175.000	1050.000	-1100.000	1200.000	-1025.000	-1250.000	1175.000	Max V [mcherry:580,610]
	0.609	0.808	0.870	0.843	0.853	0.941	0.602	0.748	0.815	0.746	0.874	0.568	R-Squared [mcherry:580,610]
	11:12:57	6:24:57	22:28:57	23:40:57	14:52:57	5:52:57	13:36:57	1:00:57	14:52:57	11:48:57	2:08:57	14:04:57	t at Max V [mcherry:580,610]
	9:40:47	5:46:20	20:42:58	21:20:50	13:29:38	5:46:19	12:40:11	1:01:41	14:03:57	12:14:42	2:05:45	13:30:24	Lagtime [mcherry:580,610]
	-69325.000	-74975.000	-52975.000	-86500.000	-61800.000	-54475.000	-56300.000	-64525.000	-63950.000	-61650.000	-64175.000	-91925.000	Max V [BFP and GFP:370,445]
	0.919	0.867	0.955	0.958	0.860	0.834	0.966	0.812	0.998	0.940	0.851	0.994	R-Squared [BFP and GFP:370,445]
	0:09:40	0:09:40	0:13:40	0:09:40	0:09:40	2:57:40	0:17:40	0:13:40	0:09:40	0:09:40	2:49:40	0:09:40	t at Max V [BFP and GFP:370,445]
	?????	?????	?????	?????	?????	1:43:58	?????	0:02:41	0:01:41	?????	1:51:20	0:02:00	Lagtime [BFP and GFP:370,445]
	-5550.000	-4700.000	-4750.000	-5725.000	-5025.000	-4375.000	-5000.000	-4975.000	-5100.000	-3800.000	-3275.000	-3950.000	Max V [BFP and GFP:485,510]
	0.939	0.764	0.929	0.939	0.808	0.794	0.990	0.949	0.956	0.850	0.891	0.803	R-Squared [BFP and GFP:485,510]
	0:42:26	0:46:26	0:42:26	0:42:26	1:02:26	1:18:26	0:46:26	0:54:26	1:06:26	0:42:26	1:06:26	0:54:26	t at Max V [BFP and GFP:485,510]
	0:27:05	0:26:46	0:18:46	0:19:52	0:31:38	0:35:06	0:28:40	0:33:46	0:38:52	0:19:45	0:39:52	0:21:07	Lagtime [BFP and GFP:485,510]
	2.972	3.132	2.730	2.958	2.360	2.770	2.715	2.563	2.313	2.452	3.303	2.640	Max V [od600:600]
	0.997	0.995	0.985	1.000	1.000	0.987	0.983	0.951	0.976	0.998	0.988	0.925	R-Squared [od600:600]
	5:35:12	5:51:12	0:59:12	5:59:12	5:19:12	1:19:12	1:27:12	2:03:12	1:03:12	0:27:12	1:27:12	2:39:12	t at Max V [od600:600]
	3:11:18	3:33:34	0:19:48	3:03:01	2:08:06	0:29:21	0:33:31	0:42:51	0:17:13	0:12:21	0:45:10	1:01:19	Lagtime [od600:600]
C	1900.000	1750.000	1900.000	1375.000	1325.000	1325.000	1200.000	2050.000	1375.000	1200.000	1100.000	-1350.000	Max V [mcherry:580,610]
	0.864	0.870	0.909	0.768	0.891	0.640	0.819	0.946	0.732	0.608	0.830	0.619	R-Squared [mcherry:580,610]
	23:32:57	21:24:57	7:36:57	16:32:57	0:16:57	21:12:57	11:44:57	21:36:57	12:12:57	21:16:57	13:00:57	20:16:57	t at Max V [mcherry:580,610]
	19:58:19	18:25:11	6:46:44	14:39:30	0:20:16	19:39:58	10:56:07	17:06:48	11:44:18	20:06:17	12:19:41	21:23:01	Lagtime [mcherry:580,610]
	-61925.000	-64000.000	-64125.000	-60825.000	-72550.000	-50525.000	-71775.000	-71775.000	-60900.000	-57550.000	-67375.000	-67075.000	Max V [BFP and GFP:370,445]
	0.724	0.951	0.953	0.913	0.966	0.751	0.854	0.955	0.955	0.860	0.892	0.919	R-Squared [BFP and GFP:370,445]
	0:09:40	6:25:40	0:09:40	0:09:40	0:09:40	3:09:40	3:05:40	2:57:40	3:01:40	3:01:40	0:09:40	0:09:40	t at Max V [BFP and GFP:370,445]
	?????	4:45:11	0:03:07	?????	0:01:57	2:00:07	2:17:45	2:05:26	1:59:48	2:07:26	?????	?????	Lagtime [BFP and GFP:370,445]
	-5375.000	-6050.000	-4300.000	-5150.000	-3625.000	-7275.000	-4600.000	-3675.000	-4650.000	-4925.000	-6175.000	-3325.000	Max V [BFP and GFP:485,510]
	0.958	0.982	0.800	0.959	0.981	0.942	0.887	0.848	0.990	0.987	0.910	0.895	R-Squared [BFP and GFP:485,510]
	1:06:26	0:46:26	1:38:26	1:38:26	0:38:26	0:46:26	1:34:26	0:50:26	0:58:26	1:22:26	1:26:26	0:58:26	t at Max V [BFP and GFP:485,510]
	0:38:07	0:33:17	0:39:44	0:51:22	0:16:02	0:39:11	0:44:08	0:22:54	0:32:27	0:47:38	0:48:05	0:14:03	Lagtime [BFP and GFP:485,510]
	2.850	3.077	3.085	3.728	3.172	3.443	3.070	3.550	3.382	2.722	3.158	3.093	Max V [od600:600]
	0.994	0.995	0.998	0.986	0.983	0.981	0.979	0.979	0.987	0.991	0.985	0.986	R-Squared [od600:600]
	6:03:12	1:39:12	1:39:12	1:39:12	1:39:12	1:35:12	1:35:12	1:39:12	1:39:12	1:35:12	1:35:12	2:35:12	t at Max V [od600:600]
	3:16:13	0:49:34	0:52:12	1:02:01	0:59:31	0:56:35	0:53:44	0:58:19	0:54:41	0:51:18	0:53:12	1:35:00	Lagtime [od600:600]
D	3375.000	3000.000	3525.000	3300.000	3725.000	3950.000	5300.000	3850.000	-4950.000	3700.000	3000.000	-1425.000	Max V [mcherry:580,610]
	0.818	0.896	0.866	0.897	0.890	0.973	0.865	0.962	0.985	0.972	0.850	0.876	R-Squared [mcherry:580,610]
	18:12:57	16:24:57	23:36:57	22:20:57	23:44:57	22:04:57	23:24:57	14:48:57	20:24:57	16:12:57	23:44:57	22:24:57	t at Max V [mcherry:580,610]
	15:08:32	13:23:33	18:49:55	17:46:50	19:23:54	17:56:02	19:52:07	12:45:41	23:20:18	13:43:36	19:21:09	23:19:08	Lagtime [mcherry:580,610]
	-52250.000	-59150.000	-51875.000	-59575.000	-70050.000	-54825.000	-57325.000	-66975.000	-58525.000	-56000.000	-65850.000	-51250.000	Max V [BFP and GFP:370,445]
	0.938	0.967	0.959	0.998	0.954	0.822	0.960	0.945	0.910	0.872	0.973	0.753	R-Squared [BFP and GFP:370,445]
	0:09:40	0:13:40	0:21:40	1:13:40	0:09:40	0:09:40	1:05:40	0:41:40	0:17:40	0:57:40	0:09:40	0:13:40	t at Max V [BFP and GFP:370,445]
	?????	0:07:32	0:02:41	0:28:47	0:03:19	0:03:13	0:21:03	0:11:55	0:02:08	0:19:25	0:02:44	0:05:48	Lagtime [BFP and GFP:370,445]
	-5150.000	-4800.000	-5850.000	-5675.000	-6100.000	-6725.000	-5075.000	-7050.000	-6400.000	-5125.000	-5550.000	-4350.000	Max V [BFP and GFP:485,510]
	0.951	0.826	0.964	0.981	0.946	0.923	0.972	0.985	0.980	0.970	0.895	0.905	R-Squared [BFP and GFP:485,510]
	1:02:26	0:42:26	0:54:26	0:54:26	1:02:26	0:46:26	1:10:26	1:14:26	0:54:26	1:30:26	1:02:26	0:54:26	t at Max V [BFP and GFP:485,510]
	0:39:13	0:22:11	0:35:40	0:30:43	0:40:40	0:32:56	0:36:42	0:45:33	0:30:43	0:40:41	0:35:24	0:23:18	Lagtime [BFP and GFP:485,510]
	3.345	3.068	3.003	3.043	3.232	3.138	3.072	3.285	-3.325	3.175	3.110	2.450	Max V [od600:600]
	0.728	0.998	0.996	0.998	0.999	0.998	1.000	0.999	0.996	1.000	0.999	0.990	R-Squared [od600:600]
	3:47:12	0:59:12	1:55:12	1:03:12	1:51:12	1:15:12	1:03:12	1:03:12	20:23:12	1:15:12	0:59:12	3:03:12	t at Max V [od600:600]
	2:08:45	0:27:41	0:40:50	0:29:09	0:44:21	0:28:54	0:25:48	0:26:22	?????	0:29:01	0:23:56	1:29:08	Lagtime [od600:600]
E	3875.000	3725.000	3275.000	3800.000	2825.000	3525.000	3400.000	3700.000	3000.000	3200.000	8525.000	5100.000	Max V [mcherry:580,610]
	0.963	0.938	0.728	0.923	0.765	0.950	0.767	0.956	0.971	0.827	0.938	0.878	R-Squared [mcherry:580,610]
	22:28:57	18:16:57	22:36:57	23:44:57	22:48:57	13:36:57	19:04:57	20:32:57	15:52:57	22:12:57	14:28:57	22:48:57	t at Max V [mcherry:580,610]
	17:47:52	15:06:37	17:56:35	19:24:00	17:30:01	11:56:55	15:35:53	16:40:12	13:22:13	17:08:20	10:30:52	19:00:10	Lagtime [mcherry:580,610]
	-62575.000	-50450.000	-58950.000	-51650.000	-51550.000	-56750.000	-51300.000	-65375.000	-57500.000	-55850.000	-58400.000	-63600.000	Max V [BFP and GFP:370,445]
	0.973	0.996	0.973	0.891	0.995	0.979	0.936	0.917	0.992	0.994	0.956	0.945	R-Squared [BFP and GFP:370,445]
	0:09:40	0:45:40	0:25:40	1:09:40	1:09:40	0:09:40	0:37:40	0:09:40	1:09:40	1:09:40	0:57:40	0:09:40	t at Max V [BFP and GFP:370,445]
	?????	0:12:24	0:08:25	0:16:01	0:14:39	0:02:05	0:10:23	0:02:32	0:21:23	0:17:42	0:14:45	?????	Lagtime [BFP and GFP:370,445]
	-7125.000	-5625.000	-5400.000	-6325.000	-5525.000	-7575.000	-4775.000	-5275.000	-5350.000	-6025.000	8550.000	-4800.000	Max V [BFP and GFP:485,510]
	0.955	0.945	0.740	0.857	0.889	0.957	0.839	0.935	0.931	0.841	0.924	0.888	R-Squared [BFP and GFP:485,510]
	0:46:26	0:58:26	1:02:26	1:02:26	1:02:26	1:10:26	0:42:26	1:10:26	0:54:26	1:02:26	14:06:26	0:10:26	t at Max V [BFP and GFP:485,510]
	0:33:01	0:29:32	0:31:59	0:37:04	0:34:51	0:44:32	0:26:29	0:34:13	0:34:48	0:38:00	12:11:36	?????	Lagtime [BFP and GFP:485,510]
	3.680	3.078	3.048	3.072	3.065	3.078	2.968	3.090	3.055	3.140	3.358	3.010	Max V [od600:600]
	0.984	0.997	0.996	0.996	1.000	0.998	0.999	0.998	0.998	0.999	0.999	0.999	R-Squared [od600:600]
	1:47:12	0:59:12	1:51:12	1:51:12	1:11:12	1:03:12	1:03:12	1:03:12	1:03:12	1:19:12	6:51:12	5:43:12	t at Max V [od600:600]
	0:59:42	0:26:44	0:38:57	0:37:13	0:29:35	0:28:29	0:27:04	0:27:05	0:27:28	0:28:20	3:54:06	2:43:26	Lagtime [od600:600]
F	-1300.000	1500.000	1300.000	1225.000	1350.000	1950.000	2175.000	2325.000	5425.000	5325.000	2150.000	-1175.000	Max V [mcherry:580,610]
	0.819	0.827	0.749	0.753	0.758	0.828	0.847	0.922	0.666	0.880	0.888	0.913	R-Squared [mcherry:580,610]
	20:56:57	15:16:57	15:00:57	14:08:57	15:52:57	23:24:57	23:40:57	17:16:57	23:40:57	23:36:57	5:24:57	11:04:57	t at Max V [mcherry:580,610]
	23:07:43	13:50:33	13:36:11	12:19:24	13:49:50	21:16:08	21:15:23	15:25:59	17:47:17	17:58:19	4:41:25	11:27:56	Lagtime [mcherry:580,610]
	-58000.000	-52775.000	-54100.000	-52550.000	-71075.000	-63250.000	-59100.000	-61675.000	-58975.000	-49450.000	-80975.000	-54750.000	Max V [BFP and GFP:370,445]
	0.899	0.888	0.978	0.959	0.953	0.878	0.962	0.979	0.934	0.975	0.922	0.912	R-Squared [BFP and GFP:370,445]
	0:09:40	1:01:40	0:09:40	0:09:40	0:09:40	0:09:40	0:09:40	0:09:40	0:13:40	0:09:40	0:09:40	0:17:40	t at Max V [BFP and GFP:370,445]
	?????	0:19:48	0:01:52	0:03:02	?????	?????	?????	?????	0:03:58	?????	?????	0:05:08	Lagtime [BFP and GFP:370,445]
	-6200.000	-7025.000	-5675.000	-4550.000	-4625.000	-5125.000	-4650.000	-4550.000	-2475.000	-5450.000	-4875.000	-5000.000	Max V [BFP and GFP:485,510]
	0.966	0.943	0.956	0.846	0.925	0.937	0.820	0.973	0.947	0.860	0.973	0.859	R-Squared [BFP and GFP:485,510]
	1:10:26	1:18:26	1:06:26	1:02:26	1:06:26	0:54:26	1:10:26	0:58:26	4:22:26	1:50:26	1:06:26	0:34:26	t at Max V [BFP and GFP:485,510]
	0:43:49	0:47:02	0:47:39	0:31:45	0:32:32	0:37:16	0:45:45	0:37:17	2:49:01	1:07:03	0:38:32	0:19:31	Lagtime [BFP and GFP:485,510]
	2.870	3.220	3.100	2.803	2.970	3.013	2.905	3.010	3.273	2.802	3.150	2.772	Max V [od600:600]
	0.997	0.996	0.997	0.991	0.996	0.993	0.998	0.977	0.996	0.996	0.998	0.949	R-Squared [od600:600]
	2:15:12	2:11:12	2:07:12	2:39:12	2:31:12	1:59:12	2:03:12	4:15:12	1:59:12	1:55:12	1:59:12	2:59:12	t at Max V [od600:600]
	0:50:33	0:56:40	0:57:41	1:00:48	0:59:55	0:53:06	0:51:38	2:11:24	0:56:57	0:48:37	0:52:41	1:30:53	Lagtime [od600:600]
G	2075.000	1750.000	2100.000	2300.000	2050.000	2050.000	1875.000	2150.000	1775.000	1950.000	1900.000	1325.000	Max V [mcherry:580,610]
	0.969	0.786	0.853	0.968	0.552	0.872	0.816	0.975	0.780	0.912	0.927	0.833	R-Squared [mcherry:580,610]
	23:08:57	18:28:57	23:40:57	19:56:57	22:24:57	19:24:57	11:40:57	20:16:57	23:20:57	19:00:57	20:16:57	14:04:57	t at Max V [mcherry:580,610]
	19:46:15	15:53:45	20:05:26	17:29:28	19:01:15	16:48:04	10:39:50	17:27:05	19:51:22	16:34:29	17:37:16	13:29:47	Lagtime [mcherry:580,610]
	-60650.000	-61275.000	-53475.000	-58450.000	-55100.000	-62150.000	-67925.000	-56825.000	-64125.000	-56100.000	-60900.000	-57825.000	Max V [BFP and GFP:370,445]
	0.851	0.937	0.985	0.941	0.840	0.924	0.987	0.958	0.973	0.973	0.930	0.961	R-Squared [BFP and GFP:370,445]
	0:09:40	1:05:40	1:05:40	1:37:40	1:45:40	0:53:40	1:25:40	1:25:40	0:53:40	1:17:40	1:05:40	0:13:40	t at Max V [BFP and GFP:370,445]
	?????	0:27:10	0:17:40	0:32:51	0:34:24	0:20:19	0:34:23	0:25:09	0:20:49	0:25:12	0:24:14	0:03:42	Lagtime [BFP and GFP:370,445]
	-5075.000	-5975.000	-6550.000	-5350.000	-6350.000	-5100.000	-5050.000	-6600.000	-6575.000	-5625.000	-4900.000	-3600.000	Max V [BFP and GFP:485,510]
	0.934	0.920	0.960	0.841	0.966	0.966	0.964	0.880	0.916	0.927	0.993	0.741	R-Squared [BFP and GFP:485,510]
	1:06:26	0:46:26	1:30:26	1:30:26	1:38:26	1:26:26	1:22:26	1:10:26	0:54:26	1:30:26	0:46:26	0:58:26	t at Max V [BFP and GFP:485,510]
	0:35:39	0:35:21	0:53:40	0:42:39	0:54:26	0:42:24	0:41:03	0:45:01	0:39:12	0:45:36	0:32:21	0:25:09	Lagtime [BFP and GFP:485,510]
	3.117	3.588	3.790	3.850	4.063	3.950	3.950	3.840	3.815	3.763	3.870	2.537	Max V [od600:600]
	0.999	0.998	0.999	0.999	1.000	1.000	0.999	1.000	1.000	0.999	0.998	0.997	R-Squared [od600:600]
	1:15:12	1:31:12	1:35:12	1:35:12	1:39:12	1:39:12	1:35:12	1:35:12	1:35:12	1:35:12	1:35:12	7:23:12	t at Max V [od600:600]
	0:35:47	0:41:07	0:46:28	0:48:17	0:50:35	0:50:58	0:45:22	0:43:23	0:43:07	0:43:31	0:46:21	3:42:16	Lagtime [od600:600]
H											-1125.000	-1025.000	Max V [mcherry:580,610]
											0.840	0.888	R-Squared [mcherry:580,610]
											0:12:57	5:04:57	t at Max V [mcherry:580,610]
											0:18:49	4:52:39	Lagtime [mcherry:580,610]
											-50400.000	-62800.000	Max V [BFP and GFP:370,445]
											0.937	0.945	R-Squared [BFP and GFP:370,445]
											0:09:40	0:09:40	t at Max V [BFP and GFP:370,445]
											?????	?????	Lagtime [BFP and GFP:370,445]
											-4875.000	-6225.000	Max V [BFP and GFP:485,510]
											0.849	0.941	R-Squared [BFP and GFP:485,510]
											0:50:26	1:14:26	t at Max V [BFP and GFP:485,510]
											0:29:45	0:43:49	Lagtime [BFP and GFP:485,510]
											3.275	8.160	Max V [od600:600]
											0.993	0.868	R-Squared [od600:600]
											4:31:12	6:27:12	t at Max V [od600:600]
											2:34:57	5:23:01	Lagtime [od600:600]

