

Software Version	3.10.06



Experiment File Path:	C:\Users\Public\Documents\Experiments\Kevin\KC_Experiment 5 6BStock.xpt
Protocol File Path:	C:\Users\Public\Documents\Protocols\KC - GFP  RFP BFP.prt



Plate Number	Plate 1
Date	1/25/2025
Time	3:52:18 PM
Reader Type:	Synergy H1
Reader Serial Number:	21010726
Reading Type	Reader

Procedure Details

Plate Type	96 WELL PLATE
Well Selection	Runtime
Eject plate on completion	
Set Temperature	Setpoint 37°C
	Preheat before moving to next step
Start Kinetic	Runtime 24:00:00 (HH:MM:SS), Interval 0:04:00, 361 Reads
    Shake	Double Orbital: Continuous
	Frequency: 237 cpm (4 mm)
    Read	mcherry
	Fluorescence Endpoint
	Full Plate
	Filter Set 1
	    Excitation: 580,  Emission: 610
	    Optics: Bottom,  Gain: 80
	Light Source: Xenon Flash,  Lamp Energy: High
	Read Speed: Normal,  Delay: 100 msec,  Measurements/Data Point: 10
	Read Height: 7 mm
    Read	BFP and GFP
	Fluorescence Endpoint
	Full Plate
	Filter Set 1
	    Excitation: 370,  Emission: 445
	    Optics: Bottom,  Gain: 80
	Filter Set 2
	    Excitation: 485,  Emission: 510
	    Optics: Bottom,  Gain: 60
	Light Source: Xenon Flash,  Lamp Energy: High
	Read Speed: Normal,  Delay: 100 msec,  Measurements/Data Point: 10
	Read Height: 7 mm
    Read	od600
	Absorbance Endpoint
	Full Plate
	Wavelengths:  600
	Read Speed: Normal,  Delay: 100 msec,  Measurements/Data Point: 8
End Kinetic	
Set Temperature	Incubator off

Layout
	1	2	3	4	5	6	7	8	9	10	11	12
A													Well ID
B	SPL1	SPL7	SPL13	SPL19	SPL25	SPL31	SPL37	SPL43	SPL49	SPL55	SPL61	SPL67	Well ID
C	SPL2	SPL8	SPL14	SPL20	SPL26	SPL32	SPL38	SPL44	SPL50	SPL56	SPL62	SPL68	Well ID
D	SPL3	SPL9	SPL15	SPL21	SPL27	SPL33	SPL39	SPL45	SPL51	SPL57	SPL63	SPL69	Well ID
E	SPL4	SPL10	SPL16	SPL22	SPL28	SPL34	SPL40	SPL46	SPL52	SPL58	SPL64	SPL70	Well ID
F	SPL5	SPL11	SPL17	SPL23	SPL29	SPL35	SPL41	SPL47	SPL53	SPL59	SPL65	SPL71	Well ID
G	SPL6	SPL12	SPL18	SPL24	SPL30	SPL36	SPL42	SPL48	SPL54	SPL60	SPL66	SPL72	Well ID
H											SPL73	SPL74	Well ID

mcherry:580,610

Time	T° mcherry:580,610	B1	B2	B3	B4	B5	B6	B7	B8	B9	B10	B11	B12	C1	C2	C3	C4	C5	C6	C7	C8	C9	C10	C11	C12	D1	D2	D3	D4	D5	D6	D7	D8	D9	D10	D11	D12	E1	E2	E3	E4	E5	E6	E7	E8	E9	E10	E11	E12	F1	F2	F3	F4	F5	F6	F7	F8	F9	F10	F11	F12	G1	G2	G3	G4	G5	G6	G7	G8	G9	G10	G11	G12	H11	H12
0:00:57	37.0	16	14	12	12	11	14	13	15	12	15	10	18	13	17	17	13	13	16	14	14	17	16	19	17	12	16	17	15	13	17	14	14	10	19	13	19	15	17	16	17	16	10	16	15	15	14	15	14	11	16	11	15	13	11	16	17	14	13	15	15	16	14	14	15	14	13	12	16	18	17	21	17	23	20
0:04:57	37.0	16	13	11	12	16	15	15	15	15	14	14	18	18	18	13	14	16	12	16	17	16	16	16	17	13	15	15	19	16	14	16	15	12	13	11	15	17	14	18	17	16	16	12	15	10	17	14	16	16	17	14	20	16	13	10	17	15	13	14	13	12	14	15	17	17	13	14	14	16	18	15	15	20	19
0:08:57	37.0	17	12	14	12	15	11	14	20	14	16	9	13	17	11	20	16	14	16	16	12	13	15	18	15	15	13	17	13	15	16	16	14	15	11	9	15	13	18	16	22	15	11	14	13	17	15	16	16	9	12	14	18	16	18	17	12	15	13	12	12	11	16	14	13	15	15	15	15	15	14	11	11	18	25
0:12:57	37.0	14	12	17	11	13	16	15	14	12	16	20	14	14	16	10	13	19	14	15	15	17	15	15	16	16	12	20	13	10	15	22	16	15	14	12	12	12	18	16	16	15	13	12	12	16	12	12	12	15	15	16	15	12	14	14	15	14	12	20	15	13	11	15	14	16	15	14	12	15	17	14	17	17	19
0:16:57	37.0	13	21	15	13	11	14	15	13	15	15	13	14	15	18	14	13	11	16	15	16	14	16	11	14	18	11	13	14	16	11	15	10	13	18	14	17	18	17	14	15	17	13	16	13	11	13	17	14	10	11	13	16	12	15	14	15	14	13	14	14	11	16	10	16	14	13	14	12	14	15	13	16	17	19
0:20:57	37.0	13	14	14	13	16	16	11	12	14	14	19	14	14	13	12	16	15	15	17	13	16	16	17	17	14	17	10	12	13	12	17	14	14	11	19	19	15	12	14	20	15	14	15	11	14	19	19	16	16	15	15	16	18	14	15	13	13	14	16	17	12	13	14	13	12	16	12	9	13	17	14	15	20	18
0:24:57	37.0	13	16	13	11	13	15	19	16	11	10	14	19	19	15	17	15	15	13	14	11	15	15	13	17	12	17	15	14	12	12	16	16	16	16	10	12	16	17	14	19	13	11	15	10	13	16	16	20	13	16	15	12	12	12	11	17	14	10	15	15	13	16	11	15	13	11	14	16	15	16	14	15	18	18
0:28:57	37.0	15	16	14	13	12	12	14	13	16	13	10	9	18	14	20	13	15	14	13	16	12	10	17	16	10	12	14	13	14	10	15	12	18	16	14	15	15	13	16	17	12	14	14	11	16	19	13	14	16	18	16	16	12	13	16	10	15	12	19	16	15	15	17	14	13	13	14	13	12	12	15	15	19	17
0:32:57	37.0	12	16	15	13	10	13	12	17	13	16	13	13	16	16	14	14	11	12	17	15	13	15	12	15	14	11	13	15	13	16	18	14	15	13	17	10	13	16	14	15	17	11	13	16	13	17	12	14	17	15	13	13	12	16	15	11	16	14	12	20	14	11	14	9	16	17	12	19	11	11	11	13	18	17
0:36:57	37.0	12	14	14	15	14	16	18	15	14	15	15	16	15	8	12	13	12	14	12	16	14	15	18	14	14	17	16	15	15	13	15	14	14	13	17	13	15	15	16	17	16	12	13	14	14	16	11	12	12	13	12	15	16	14	16	15	14	14	13	12	11	13	15	15	9	13	12	15	15	8	13	14	19	22
0:40:57	37.0	15	17	11	15	15	13	14	15	9	16	14	10	16	13	13	14	13	13	15	17	15	15	13	21	13	12	13	14	15	14	18	15	15	17	19	13	16	16	15	18	14	13	15	13	16	11	16	16	17	11	17	14	14	12	15	13	14	17	17	15	13	13	15	18	14	14	18	16	13	17	13	19	15	22
0:44:57	37.0	11	13	15	12	15	11	15	12	16	18	13	13	15	11	14	12	12	17	13	11	13	14	16	18	12	13	17	11	13	17	13	15	14	15	19	16	14	12	12	15	13	18	14	12	14	10	13	11	19	13	17	14	17	17	14	13	16	16	17	14	14	16	15	15	13	16	14	17	12	12	13	12	22	24
0:48:57	37.0	17	11	15	10	13	16	19	15	12	15	14	12	14	17	15	15	18	13	12	13	16	16	14	15	12	14	14	16	16	12	14	13	14	8	13	16	13	12	15	17	16	12	14	14	15	11	14	14	14	13	11	17	13	13	12	11	16	16	13	17	13	18	18	15	13	16	17	12	17	14	15	16	17	14
0:52:57	37.0	15	12	12	12	13	16	11	15	11	11	12	13	13	13	17	13	14	14	16	15	14	16	17	16	15	15	13	12	16	12	11	13	18	17	11	15	16	13	16	17	15	17	15	15	14	12	14	10	16	11	16	10	15	15	15	16	16	13	13	16	13	14	16	13	16	16	12	16	10	14	16	15	17	18
0:56:57	37.0	12	15	14	18	13	13	15	14	15	13	16	15	18	14	19	16	13	13	18	15	15	11	16	13	12	19	15	13	15	18	15	14	14	12	12	14	12	15	12	19	13	11	15	13	15	13	18	15	16	13	17	16	12	12	12	10	12	16	16	19	9	15	18	16	13	8	13	16	14	15	12	14	17	21
1:00:57	37.0	12	15	18	16	17	16	14	13	14	11	15	16	12	14	12	13	16	14	17	16	9	16	13	16	14	14	16	14	16	15	14	16	15	17	14	14	13	16	20	15	12	18	12	15	11	13	15	14	13	19	11	16	18	18	15	14	15	13	15	14	16	17	15	13	16	12	12	14	16	13	14	14	20	19
1:04:57	37.0	12	17	14	18	17	13	15	14	15	13	16	17	17	11	13	18	17	17	12	17	11	13	17	13	11	17	14	14	16	14	14	13	15	17	14	15	18	18	14	12	11	13	14	14	11	13	17	11	13	11	17	13	10	17	14	16	16	12	14	15	12	14	14	10	13	14	13	15	11	16	14	16	17	12
1:08:57	37.0	10	8	11	14	17	15	16	16	12	12	15	14	13	16	16	17	16	16	15	16	12	15	13	18	14	13	12	11	12	15	14	9	14	15	12	12	16	13	20	19	12	14	12	16	14	13	12	12	14	11	13	17	18	15	16	17	16	16	13	12	13	19	13	13	12	19	15	18	16	15	14	12	16	22
1:12:57	37.0	15	17	17	12	17	16	14	17	15	17	14	15	16	14	17	15	15	13	11	15	15	16	13	15	13	16	21	18	12	11	10	15	13	15	16	15	14	12	12	17	15	14	13	12	17	12	15	13	12	11	14	15	15	14	14	11	11	12	17	12	17	18	15	11	19	14	10	15	11	15	15	14	14	21
1:16:57	37.0	14	14	15	15	17	13	14	11	11	15	14	14	16	13	15	10	14	18	13	15	13	12	12	16	16	17	14	16	15	14	15	16	12	15	11	13	15	17	13	18	16	16	13	15	14	15	16	15	16	13	12	14	12	12	15	12	12	17	12	15	16	13	12	16	13	12	13	17	17	13	18	13	14	18
1:20:57	37.0	17	13	14	15	16	14	17	16	14	13	14	17	13	16	11	15	13	12	14	16	17	13	14	15	13	11	15	11	13	16	11	13	17	14	16	15	15	15	14	17	18	13	13	15	11	14	13	16	15	15	16	11	14	19	17	16	15	16	17	16	16	13	14	15	14	12	12	15	12	16	16	15	19	21
1:24:57	37.0	13	13	14	13	14	15	11	11	13	11	14	14	14	11	12	17	15	13	17	17	15	12	12	17	11	15	13	16	19	16	16	12	17	15	14	14	13	14	14	11	15	10	13	13	16	12	15	15	14	14	14	15	13	14	13	11	15	14	12	11	18	12	13	14	12	13	13	16	12	14	14	14	15	22
1:28:57	37.0	15	14	11	14	14	15	14	11	17	14	13	12	17	14	15	12	13	16	15	13	15	13	14	17	15	15	16	12	11	15	14	17	16	17	14	13	10	15	16	20	16	12	16	15	13	17	15	18	15	15	14	13	9	17	14	14	13	16	18	15	16	13	13	12	11	15	15	16	14	14	12	18	19	17
1:32:57	37.0	16	15	12	16	13	13	12	13	16	11	15	10	12	13	15	12	11	13	17	15	13	11	13	15	13	11	15	14	9	17	13	14	14	19	18	16	13	13	14	18	17	14	15	17	16	11	16	17	16	15	15	13	12	14	15	15	12	14	16	12	15	15	17	15	13	14	16	14	13	14	16	13	22	19
1:36:57	37.0	16	16	17	11	13	12	12	13	12	17	12	17	15	14	17	15	13	14	17	17	13	16	13	14	13	12	17	14	16	15	17	18	13	15	17	13	18	16	13	16	13	13	18	13	15	19	15	16	14	13	14	18	17	11	17	15	12	13	16	15	14	12	14	15	13	13	18	18	13	19	18	14	17	22
1:40:57	37.0	16	17	14	10	18	14	10	10	16	15	18	13	11	14	12	16	16	14	13	11	15	18	16	17	14	16	14	16	14	14	12	12	15	13	15	17	17	14	15	16	15	18	12	16	13	17	16	14	15	13	13	11	14	17	12	16	16	15	17	13	13	13	16	14	13	16	17	14	17	16	17	13	16	17
1:44:57	37.0	15	17	15	17	13	12	13	14	14	15	17	11	16	11	13	14	15	17	16	17	13	12	14	14	18	12	14	18	17	12	17	17	11	15	15	14	14	18	12	17	16	14	17	14	20	18	17	16	12	12	11	13	13	13	15	14	13	15	15	14	16	13	12	15	14	15	18	14	11	13	11	13	14	16
1:48:57	37.0	13	14	13	16	12	14	11	15	15	15	12	13	13	11	12	12	11	12	14	13	15	9	13	11	15	15	14	17	17	15	13	14	17	17	15	17	15	15	14	16	15	18	12	12	18	18	17	16	16	11	16	17	12	16	11	13	16	18	13	15	18	16	21	14	16	16	13	13	12	16	12	11	16	15
1:52:57	37.0	16	15	17	15	13	15	12	19	14	12	12	12	15	10	12	15	13	15	16	9	12	15	14	14	18	16	17	17	13	18	17	15	16	10	16	13	19	14	16	19	17	14	17	14	14	15	15	13	11	13	14	14	10	12	14	15	16	12	16	15	15	14	17	18	15	13	13	14	16	16	14	11	14	17
1:56:57	37.0	16	13	16	12	13	17	14	14	16	16	14	15	18	10	14	13	14	16	12	14	12	13	10	12	14	20	15	15	15	17	15	15	18	14	16	13	12	17	16	21	17	17	14	14	13	18	17	12	16	13	16	12	11	11	13	16	16	15	14	11	15	18	15	15	11	13	11	17	19	12	18	14	17	16
2:00:57	37.0	16	17	16	14	12	17	13	16	14	12	16	13	16	15	11	13	15	12	14	15	13	16	15	16	18	18	17	17	18	14	17	18	14	11	14	15	11	20	19	20	13	15	18	19	11	14	13	10	14	16	13	13	15	12	13	16	11	17	15	16	19	16	15	15	15	15	10	14	17	16	15	16	22	19
2:04:57	37.0	15	15	14	13	15	16	17	12	11	13	15	13	16	9	14	15	11	14	20	13	13	13	15	19	17	17	16	14	15	18	17	14	16	15	15	10	12	17	18	15	14	13	19	14	17	14	16	13	17	13	11	12	12	11	16	14	13	14	11	14	15	14	13	17	15	15	15	17	16	12	15	15	16	16
2:08:57	37.0	17	15	12	11	14	11	11	16	13	12	13	11	17	17	15	12	11	16	15	14	14	15	12	16	14	16	19	13	18	19	19	19	19	14	14	14	22	17	14	21	14	16	17	19	16	15	16	16	14	15	12	15	12	13	16	12	14	16	17	17	15	16	13	15	15	13	15	16	17	18	17	13	14	16
2:12:57	37.0	19	12	12	11	12	17	14	12	13	11	16	15	15	19	14	11	16	16	17	12	13	13	13	10	18	20	17	19	15	17	19	15	19	19	15	16	16	14	14	17	15	14	18	15	15	18	14	13	15	12	14	19	13	13	13	13	10	19	13	17	19	18	14	14	14	12	14	13	17	15	13	16	16	14
2:16:57	37.0	20	17	14	13	13	10	11	13	13	17	11	16	14	13	17	16	13	18	13	18	14	16	14	18	19	18	17	17	16	18	18	15	20	12	21	15	18	20	17	22	20	15	16	19	21	19	18	12	17	15	13	13	11	14	11	12	17	15	15	13	23	17	13	13	17	15	17	15	17	17	18	12	20	19
2:20:57	37.0	15	14	16	13	20	10	17	13	14	14	15	9	18	11	13	16	12	16	13	13	13	13	13	15	21	20	17	17	13	18	22	18	18	15	19	16	20	18	19	21	17	15	17	18	20	18	17	11	18	11	17	11	11	15	16	13	17	16	14	14	14	18	20	15	16	15	18	16	18	13	12	15	18	19
2:24:57	37.0	19	18	14	15	19	13	13	15	16	14	13	16	19	17	14	17	11	11	16	13	17	13	14	13	22	18	19	18	19	16	18	20	20	20	15	15	21	20	17	19	21	19	20	17	21	18	17	18	16	15	15	11	14	14	14	16	17	15	12	14	14	18	15	16	12	14	19	16	21	18	17	14	18	13
2:28:57	37.0	20	18	17	15	17	16	13	16	13	14	17	14	21	16	16	16	12	14	17	12	16	13	16	13	21	23	21	19	21	19	22	19	18	20	16	19	18	18	21	20	20	16	19	18	16	20	17	13	11	13	12	15	13	20	13	15	15	16	12	12	17	18	14	16	17	14	17	16	17	17	16	13	20	18
2:32:57	37.0	20	21	17	18	16	14	16	11	12	16	17	14	20	19	16	14	17	14	14	11	14	15	12	14	22	18	19	18	21	20	17	21	22	21	19	9	26	20	21	22	22	19	18	21	17	24	19	16	15	19	15	15	13	11	10	14	13	15	13	19	18	15	17	17	19	17	20	18	17	17	20	15	17	16
2:36:57	37.0	22	16	17	13	18	16	9	17	12	15	15	20	21	18	14	16	19	17	15	11	16	12	16	13	20	20	23	20	18	19	20	18	23	25	24	15	20	25	22	23	22	20	19	17	19	22	19	14	17	16	10	13	12	14	13	12	17	15	13	17	18	16	17	16	14	18	16	23	15	17	17	14	16	14
2:40:57	37.0	23	17	19	11	15	15	17	14	17	14	17	11	24	18	18	14	15	13	16	16	14	16	13	13	21	21	22	20	19	19	23	17	17	23	18	14	24	22	17	25	17	21	21	17	22	21	22	12	16	14	14	16	13	10	20	15	16	13	13	13	18	20	19	16	18	15	18	19	18	22	18	16	21	18
2:44:57	37.0	24	18	18	17	17	13	17	15	11	16	15	15	25	17	18	15	15	16	17	15	16	15	18	18	26	24	18	22	18	22	24	18	22	18	21	11	21	20	22	24	19	18	21	18	22	19	23	14	17	15	10	12	12	13	11	13	15	16	17	13	17	19	15	14	21	21	14	18	18	22	16	12	18	16
2:48:57	37.0	18	18	20	17	16	12	16	15	16	16	15	18	21	17	14	16	13	10	16	17	16	14	14	12	25	22	20	26	20	20	23	23	21	24	20	15	23	18	20	22	20	21	25	19	25	29	24	14	18	17	16	17	14	14	13	12	15	15	15	15	13	19	19	17	17	18	20	17	14	19	18	17	21	21
2:52:57	37.0	28	21	18	13	14	18	16	16	15	16	18	15	30	19	18	14	16	8	14	18	15	13	15	13	25	23	25	22	23	22	23	26	25	27	24	16	24	23	22	28	24	22	19	22	23	23	23	14	15	15	16	14	14	11	11	10	19	13	14	16	16	23	18	20	16	19	20	18	15	19	16	14	17	13
2:56:57	37.0	28	22	19	16	12	15	16	14	10	17	11	12	28	21	17	18	16	13	17	14	14	18	14	14	26	28	26	26	27	19	22	25	21	19	23	15	27	26	22	23	23	24	28	25	28	18	23	11	20	18	13	14	13	11	16	13	17	14	12	20	22	23	18	18	17	20	16	19	14	14	21	13	14	18
3:00:57	37.0	34	23	16	16	19	13	18	13	16	9	18	15	27	23	17	17	15	12	16	12	13	18	16	14	27	27	23	25	24	29	23	21	20	24	24	13	28	25	20	28	28	24	22	23	22	24	27	15	19	11	14	13	11	14	16	13	18	14	18	13	14	19	22	20	24	22	17	19	19	16	21	12	16	16
3:04:57	37.0	26	22	21	20	20	15	15	15	14	16	16	17	26	19	18	17	17	19	14	16	12	16	15	13	27	25	28	27	25	26	26	25	26	25	27	15	24	30	31	25	26	23	27	26	25	25	25	11	21	18	11	16	12	16	14	14	12	13	13	14	25	18	16	18	21	24	20	19	15	22	22	16	12	17
3:08:57	37.0	30	23	23	18	17	16	14	16	14	15	14	14	32	24	19	16	18	18	12	15	15	15	15	15	28	28	25	26	28	23	22	32	26	29	23	14	29	26	29	26	28	24	25	29	23	30	25	17	20	14	19	15	16	13	15	10	12	17	14	14	22	21	22	21	20	23	25	17	17	19	22	13	17	17
3:12:57	37.0	30	25	21	19	15	16	18	18	14	15	15	15	31	20	18	18	17	19	15	14	16	19	11	13	31	27	26	28	26	27	25	28	28	29	28	13	29	30	27	28	22	26	28	25	28	28	30	19	19	20	16	14	13	15	13	14	16	9	16	15	16	17	17	18	18	22	20	19	17	17	18	14	17	17
3:16:57	37.0	35	27	21	20	14	14	15	13	13	14	17	14	28	25	19	19	13	16	16	12	19	18	17	13	32	29	33	28	29	29	30	28	29	27	24	15	32	32	30	33	28	29	29	29	25	26	31	16	22	18	16	17	14	18	14	12	14	14	15	16	17	18	22	22	22	21	23	21	19	19	15	14	17	14
3:20:57	37.0	30	27	20	18	17	15	17	16	19	16	15	18	33	25	20	18	17	14	18	17	13	17	18	15	30	26	27	29	27	31	30	24	34	28	27	16	33	27	26	30	30	28	32	31	29	32	28	16	21	19	15	20	11	15	16	17	12	13	17	18	24	21	21	20	23	25	19	16	21	19	22	16	18	17
3:24:57	37.0	36	25	19	16	18	21	21	14	15	16	15	15	34	28	20	17	17	17	18	16	16	13	15	17	36	32	32	26	30	29	29	34	28	34	34	18	35	32	28	33	31	30	32	29	29	28	30	17	25	17	16	18	17	15	14	14	16	11	16	18	21	16	20	21	19	23	22	23	21	22	22	15	15	16
3:28:57	37.0	35	30	22	17	18	15	14	18	15	18	18	16	36	27	22	25	16	14	18	19	16	17	20	15	38	33	30	30	34	25	31	32	33	30	23	13	36	32	31	31	31	33	27	31	35	28	28	16	23	16	17	19	16	17	15	15	15	16	14	15	23	23	24	18	26	29	24	21	21	22	22	16	17	17
3:32:57	37.0	40	25	26	22	18	15	19	17	17	15	17	15	35	29	22	17	19	16	16	17	13	15	18	18	36	28	34	33	31	34	30	37	38	30	29	17	39	31	27	36	30	29	29	31	28	33	30	14	26	22	14	18	16	14	12	16	16	18	13	15	23	23	23	22	22	23	25	17	20	21	23	15	14	16
3:36:57	37.0	36	30	26	20	16	17	13	20	13	12	16	15	39	31	27	24	18	16	18	17	18	17	18	15	36	37	36	32	30	31	32	32	32	38	38	15	39	37	35	35	35	33	32	33	33	35	32	14	26	20	17	21	17	12	13	17	9	16	16	19	25	26	20	22	22	28	29	26	27	24	22	16	16	19
3:40:57	37.0	38	34	28	25	19	21	20	17	19	16	15	16	37	30	22	24	21	18	18	11	14	17	15	15	41	33	37	33	36	39	35	34	35	35	35	15	40	36	32	36	36	31	35	34	35	38	39	16	26	22	16	15	19	16	13	13	14	15	18	15	27	24	21	23	20	25	25	25	25	23	17	12	18	15
3:44:57	37.0	41	34	30	30	21	18	19	18	16	17	18	14	39	31	27	22	18	21	12	16	17	16	10	16	41	36	39	37	35	38	34	35	37	35	34	17	39	36	35	32	36	35	34	31	36	39	34	16	24	16	18	18	15	11	13	16	15	14	15	14	22	20	24	22	23	26	27	24	24	18	23	17	18	14
3:48:57	37.0	39	32	32	24	17	18	19	17	17	16	16	17	38	32	29	23	20	19	19	18	17	16	19	16	41	39	36	32	40	35	35	37	35	31	32	15	47	41	39	34	33	38	32	35	35	34	36	16	26	21	20	22	15	14	14	16	15	16	19	20	23	23	18	24	28	25	27	26	22	20	22	19	18	14
3:52:57	37.0	40	31	35	30	24	23	19	20	18	16	21	18	43	38	27	26	24	19	16	19	16	12	19	17	43	37	39	36	40	40	39	38	36	39	40	13	43	38	45	39	36	36	39	35	35	41	40	15	25	20	22	21	21	13	14	13	18	15	15	17	23	22	21	25	28	30	26	23	21	22	21	17	17	15
3:56:57	37.0	45	40	32	31	20	15	17	19	18	18	15	15	43	36	30	29	18	17	17	11	19	19	15	15	43	40	40	40	39	35	35	35	38	35	34	17	42	44	39	45	41	33	35	37	37	40	43	19	25	22	21	20	17	20	16	14	15	12	15	17	27	23	23	26	28	33	28	24	21	26	21	19	22	14
4:00:57	37.0	43	37	34	28	26	18	17	17	17	15	19	18	44	36	34	29	24	19	19	15	18	16	18	16	48	43	43	40	37	39	39	41	40	39	35	16	46	43	42	39	40	40	40	38	36	43	39	18	29	21	20	20	17	14	15	14	13	13	19	15	26	21	24	25	31	33	27	24	22	24	24	19	16	12
4:04:57	37.0	45	43	33	29	28	23	18	16	15	17	15	20	41	32	33	25	23	19	18	18	19	20	15	16	47	42	39	44	38	36	45	38	38	45	43	18	45	43	40	42	41	38	40	42	40	46	43	18	25	25	16	21	18	12	15	14	14	13	14	10	26	25	26	25	31	32	33	23	24	32	26	18	19	15
4:08:57	37.0	45	39	39	28	23	20	22	20	19	18	18	15	50	38	31	30	31	20	22	18	18	18	16	16	44	48	42	47	48	43	44	46	43	41	45	15	47	51	40	42	41	39	42	44	42	48	40	17	25	17	17	20	17	16	16	15	16	16	14	21	21	24	28	26	25	32	29	27	32	24	25	13	17	15
4:12:57	37.0	53	43	41	34	29	22	15	20	17	21	18	19	50	38	37	28	26	26	13	21	18	21	18	14	49	39	41	44	44	43	49	43	41	42	42	17	48	47	43	47	42	37	41	42	44	43	46	18	28	21	23	28	21	14	13	16	12	18	14	18	31	26	25	24	26	29	33	27	20	25	26	16	14	18
4:16:57	37.0	54	46	34	32	31	22	19	16	16	17	20	19	50	44	38	33	23	22	19	13	20	17	17	17	51	45	49	43	42	45	47	44	47	44	44	22	52	47	44	46	39	38	47	42	45	41	44	19	30	23	21	21	21	16	17	14	15	13	18	17	27	26	30	27	33	33	31	28	27	28	27	19	18	18
4:20:57	37.0	49	50	38	34	31	20	21	14	20	18	16	18	52	41	40	28	22	20	16	21	20	18	19	19	53	54	49	45	49	48	47	40	39	45	48	18	55	40	48	47	48	42	43	43	46	49	45	17	38	23	20	23	13	18	20	15	17	19	18	21	27	23	29	32	29	36	38	29	25	23	28	20	16	13
4:24:57	37.0	55	48	44	36	29	26	22	20	20	18	19	18	48	45	43	30	26	25	19	23	21	19	20	21	53	50	53	48	43	47	43	45	48	48	47	16	52	50	52	46	44	45	46	43	43	50	44	19	31	24	23	27	20	15	15	15	14	17	15	20	32	25	31	28	33	37	38	27	24	27	28	19	15	17
4:28:57	37.0	54	46	47	36	29	25	24	20	19	20	18	16	49	48	45	36	27	21	22	19	17	24	19	19	53	49	48	45	45	47	47	49	50	44	52	17	54	57	51	51	45	49	48	48	51	46	47	18	33	30	23	24	19	15	17	13	15	20	13	19	30	27	30	27	32	35	37	28	31	24	26	18	12	15
4:32:57	37.0	51	48	44	38	30	25	21	21	23	18	20	17	52	51	39	30	30	23	23	16	21	22	18	22	54	52	51	53	47	50	45	49	49	46	52	18	49	49	58	50	52	50	48	50	48	48	52	17	31	25	22	27	24	17	16	15	19	16	16	18	33	28	31	29	35	37	41	26	25	31	28	20	15	14
4:36:57	37.0	63	49	48	39	32	26	25	21	23	20	16	19	56	50	45	33	34	26	21	22	18	16	17	21	54	50	51	58	49	48	45	54	52	51	49	17	65	57	51	54	54	52	48	53	52	50	50	19	33	27	22	23	19	18	17	18	16	16	16	21	32	29	29	31	38	37	39	34	29	28	28	16	13	14
4:40:57	37.0	58	51	49	38	31	30	21	20	15	20	22	18	55	54	47	36	31	26	26	19	19	20	18	22	57	58	62	53	51	54	55	49	52	57	53	18	56	51	54	51	56	50	49	53	56	55	54	19	32	27	25	29	20	16	19	16	16	18	15	19	32	30	32	30	35	42	40	32	26	31	29	17	19	17
4:44:57	37.0	70	59	50	43	35	27	23	22	21	23	20	20	55	53	48	39	31	22	23	24	20	18	19	20	56	57	57	51	58	56	46	59	52	58	54	20	59	59	61	57	54	51	55	52	56	54	50	21	33	27	25	28	25	14	13	14	20	21	15	18	33	27	29	29	38	42	39	29	34	34	26	18	15	15
4:48:57	37.1	60	64	51	41	33	32	23	26	23	19	21	20	64	55	49	44	28	27	23	24	17	17	18	20	59	59	60	56	57	55	52	52	53	61	52	20	66	61	55	53	55	53	55	52	55	57	57	21	34	29	23	24	23	15	15	15	17	16	16	22	36	26	34	27	42	45	55	31	31	31	33	19	13	18
4:52:57	37.0	66	58	53	47	40	31	28	24	23	21	23	22	60	51	51	42	35	24	23	24	24	17	17	21	60	59	59	56	60	58	55	57	58	57	59	19	58	55	55	53	57	59	54	59	59	59	59	20	35	27	26	26	22	19	21	20	16	17	21	20	33	33	28	31	41	48	45	32	29	31	29	19	14	15
4:56:57	37.0	69	57	63	46	34	33	29	25	23	21	26	20	61	62	45	43	34	29	23	20	22	20	21	21	66	59	60	59	62	58	58	61	61	56	60	19	69	60	62	56	56	54	53	52	57	59	68	21	37	28	27	28	24	22	14	13	12	15	16	19	35	34	32	33	43	47	43	35	30	26	28	22	15	14
5:00:57	37.0	75	63	54	48	40	31	26	21	22	29	22	19	66	57	52	45	38	29	29	23	21	25	20	21	62	64	64	60	58	61	59	62	58	58	63	20	72	61	58	58	57	61	59	58	62	63	65	19	40	35	25	33	28	17	17	18	17	15	17	19	32	33	34	32	41	45	47	31	29	32	31	22	16	15
5:04:57	37.0	71	62	59	51	41	32	26	25	25	25	27	21	67	62	55	46	36	33	26	24	23	24	23	21	63	65	63	55	63	62	62	61	61	62	63	20	63	68	66	70	60	62	60	63	62	66	66	20	34	27	25	35	25	17	20	16	13	16	15	25	41	36	34	34	42	47	49	30	33	31	34	18	15	14
5:08:57	37.0	73	60	67	56	36	29	23	24	24	24	22	21	63	56	60	49	39	25	29	23	25	22	25	22	67	60	64	62	63	63	66	68	60	67	64	23	68	69	72	69	70	65	63	69	60	66	66	20	37	30	34	33	26	21	17	17	14	15	14	22	41	28	35	38	50	54	55	34	31	34	33	25	15	13
5:12:57	37.0	77	67	66	51	44	34	30	27	26	25	28	21	74	66	59	54	37	30	29	25	22	24	22	20	67	63	72	72	65	68	62	72	68	66	69	20	72	68	65	60	68	67	66	62	66	68	70	22	42	34	25	33	27	21	16	20	11	13	13	22	40	37	33	34	48	52	50	31	37	38	36	23	18	14
5:16:57	37.0	82	67	68	54	40	39	31	24	26	24	26	20	66	65	61	49	43	39	26	24	23	23	21	23	72	67	66	68	66	59	68	70	67	66	70	19	73	73	72	64	68	66	67	63	67	66	75	22	40	36	29	31	21	20	18	17	16	17	20	22	36	33	38	41	46	53	56	35	34	36	38	18	13	18
5:20:57	37.0	77	76	69	61	47	40	32	26	25	26	20	23	80	70	65	52	39	34	29	26	27	21	22	23	71	70	70	77	71	65	69	71	73	74	68	23	77	72	68	72	71	68	62	65	72	73	69	23	39	32	28	33	29	16	17	18	16	16	16	24	44	36	35	36	50	58	61	34	38	35	30	22	13	14
5:24:57	37.0	80	78	76	62	45	32	31	27	25	24	19	23	71	66	67	53	38	35	29	25	23	20	20	25	75	73	72	75	73	70	73	78	68	77	71	24	75	73	71	74	69	76	68	71	74	77	84	20	37	33	28	32	25	18	18	16	18	17	15	20	40	34	40	41	49	57	60	37	38	36	33	20	13	19
5:28:57	37.0	79	80	78	60	42	34	32	26	23	26	24	31	74	67	75	56	42	36	28	25	27	28	25	24	76	71	75	79	75	80	73	76	72	76	76	24	83	75	72	80	77	71	76	73	78	73	81	23	39	36	38	37	28	14	17	16	24	17	23	21	46	39	38	37	52	58	56	39	37	37	36	24	17	15
5:32:57	37.0	89	79	81	68	46	31	31	31	26	20	22	21	77	78	69	57	42	31	30	28	24	25	26	26	76	79	80	73	76	71	77	80	72	77	73	26	82	77	73	74	80	74	82	69	73	74	78	19	44	33	33	37	31	21	18	16	18	20	20	22	44	36	40	38	53	64	65	35	33	34	34	23	18	17
5:36:57	37.0	90	85	86	66	49	40	34	30	26	25	27	22	77	77	76	62	45	34	27	27	27	25	21	25	76	79	76	83	76	78	83	76	81	82	81	23	82	83	80	80	75	82	79	79	74	80	79	21	42	32	34	36	32	22	15	17	16	20	21	23	43	36	38	36	55	59	61	36	37	41	34	23	16	15
5:40:57	37.0	92	84	88	68	46	38	33	28	29	29	24	27	87	79	75	62	49	35	32	25	22	29	25	24	82	83	80	81	79	76	79	83	81	81	86	27	85	81	88	79	80	80	82	81	82	81	83	23	45	38	32	36	31	18	20	17	16	15	16	24	47	35	39	37	55	62	67	33	39	37	40	22	14	14
5:44:57	37.0	102	95	95	69	50	42	32	33	31	27	30	25	87	82	77	64	50	39	30	28	25	27	30	25	88	77	83	85	84	80	78	87	82	84	89	20	89	78	81	86	82	83	85	83	83	85	90	28	44	35	32	35	35	20	17	17	23	17	17	28	47	42	40	44	60	66	65	39	39	41	41	26	12	15
5:48:57	37.0	93	98	95	66	48	36	31	33	29	27	28	23	84	83	82	64	55	36	33	27	26	29	25	26	87	85	89	84	86	82	84	91	83	94	91	26	89	82	85	94	88	85	87	86	87	88	89	27	49	33	35	36	32	22	18	17	16	18	14	27	46	38	37	43	59	70	69	43	41	33	39	22	17	15
5:52:57	37.0	99	100	91	79	53	46	33	31	25	24	29	25	92	84	80	67	48	36	29	30	28	28	26	23	82	85	89	90	93	86	88	91	90	87	87	24	92	85	89	90	95	87	86	90	95	92	93	22	51	36	39	36	28	20	18	16	16	18	19	23	48	41	40	44	61	67	71	41	39	41	44	29	15	18
5:56:57	37.0	106	95	94	76	53	41	32	28	29	25	28	24	94	87	93	73	52	43	33	31	30	28	27	27	94	89	91	87	95	92	89	90	88	88	90	30	94	95	84	87	94	87	86	92	94	96	93	27	50	38	37	39	30	18	20	16	22	18	19	23	47	40	44	44	62	66	78	41	38	45	41	29	15	16
6:00:57	37.0	108	107	98	77	56	41	39	31	27	25	25	27	95	89	89	70	47	46	38	31	29	25	24	25	91	91	96	89	94	88	93	92	99	97	95	25	104	92	87	94	92	86	92	96	92	100	99	23	46	36	36	41	36	21	20	19	18	18	19	26	42	41	44	41	65	71	78	43	35	43	44	28	12	13
6:04:57	37.0	116	103	103	77	59	46	39	32	31	29	27	26	97	95	92	70	53	41	34	31	32	29	25	23	92	95	91	93	101	93	94	97	96	100	94	29	103	101	96	93	104	96	99	90	97	96	97	29	47	38	35	45	34	19	21	17	19	20	15	29	53	46	45	44	65	77	83	44	39	41	45	26	17	15
6:08:57	37.0	114	119	106	78	61	45	43	32	29	31	29	27	100	97	95	77	60	42	35	32	28	27	28	30	93	90	100	98	98	98	106	104	99	101	102	29	105	100	99	99	103	100	98	103	97	104	101	28	51	45	42	40	33	21	21	19	18	17	18	25	48	42	43	47	71	77	80	45	42	44	43	25	17	14
6:12:57	37.0	123	114	104	86	60	44	36	34	29	29	29	30	107	95	96	77	64	44	37	31	32	30	29	24	99	96	106	94	98	104	102	107	105	96	104	27	108	101	99	99	100	105	106	97	104	105	105	27	47	38	38	44	31	23	18	22	17	18	14	27	50	45	47	53	74	85	82	46	43	46	47	28	15	13
6:16:57	37.0	126	115	110	95	65	49	36	33	31	35	30	30	111	102	96	79	60	43	36	37	29	26	32	31	100	102	108	110	100	107	106	106	108	98	94	27	116	108	104	105	106	100	104	101	101	104	104	30	52	41	37	41	40	19	20	22	19	19	16	25	53	47	43	49	72	90	85	50	46	45	42	28	15	15
6:20:57	37.0	131	128	116	91	68	47	44	33	27	30	31	26	115	110	99	85	62	48	42	29	31	33	30	27	104	110	108	113	111	99	103	109	105	108	111	31	116	104	112	108	109	108	108	103	106	110	110	26	57	45	39	46	39	21	25	24	19	20	17	30	52	49	47	47	79	89	88	42	46	50	50	27	10	17
6:24:57	37.0	136	126	114	94	68	56	42	32	38	29	34	31	121	106	101	84	61	44	33	36	36	34	31	27	111	112	111	112	119	108	112	110	117	112	115	28	125	116	102	102	105	107	115	112	109	112	113	30	55	43	37	46	43	24	20	16	20	19	20	28	54	42	51	48	79	87	90	49	50	46	46	28	15	15
6:28:57	37.0	139	131	117	94	67	52	40	36	30	29	32	28	119	109	106	85	64	50	40	36	34	29	29	25	112	113	118	111	115	111	116	115	113	114	110	30	119	113	116	112	111	113	116	106	104	114	111	29	50	51	43	47	37	19	20	19	18	17	19	32	61	48	45	55	79	93	93	46	47	48	50	26	15	15
6:32:57	37.0	151	136	124	99	72	54	40	40	34	31	34	31	122	114	113	88	65	52	39	37	33	33	32	28	111	113	111	118	123	112	119	119	114	115	112	32	133	115	116	114	114	113	117	116	123	122	120	32	54	48	44	51	36	24	22	17	20	22	20	30	53	43	48	47	81	94	93	47	47	45	49	29	15	15
6:36:57	37.0	151	143	126	97	73	59	39	36	30	33	29	27	128	112	118	95	66	47	39	38	31	33	32	32	122	122	122	121	121	122	116	121	125	122	119	36	138	120	111	111	123	113	120	120	122	123	121	32	58	45	43	44	40	23	20	18	21	20	19	33	52	46	51	52	82	97	100	48	51	50	49	31	12	15
6:40:57	37.0	149	151	137	100	71	57	40	37	37	35	34	34	124	125	113	90	68	51	40	32	36	34	30	29	133	122	126	122	121	119	121	124	121	128	120	32	136	121	121	119	113	118	122	121	118	125	119	28	61	50	41	54	37	24	22	19	20	22	20	35	52	55	53	49	81	96	101	43	56	51	54	31	13	14
6:44:57	37.0	159	155	133	107	72	56	42	41	32	35	37	33	134	121	125	97	65	51	46	39	35	32	30	31	125	125	124	123	125	122	127	133	131	132	123	35	141	129	122	122	131	125	124	124	118	129	135	31	55	51	45	47	41	23	23	20	16	20	17	36	56	51	55	54	90	99	105	54	53	52	50	31	17	14
6:48:57	37.0	157	163	134	101	79	57	43	36	30	32	34	33	142	127	129	100	73	55	41	38	35	33	34	36	133	132	131	129	122	126	127	128	132	127	131	37	145	129	130	121	124	126	126	128	123	140	126	33	53	50	50	56	44	26	24	18	19	21	20	30	58	54	52	52	97	104	110	49	55	55	56	32	15	16
6:52:57	37.0	167	167	147	112	78	62	47	40	34	35	37	29	148	134	126	102	68	52	41	37	34	33	32	35	140	136	140	130	125	136	128	141	128	136	129	38	160	131	132	130	131	128	134	127	129	138	133	37	58	51	45	56	39	29	20	20	17	22	19	28	54	59	53	53	91	107	107	51	50	52	50	30	17	15
6:56:57	37.0	177	168	143	115	81	61	47	41	38	36	35	39	152	144	134	101	65	57	45	37	35	35	32	35	142	135	142	136	141	125	130	134	138	133	132	35	156	142	132	132	132	137	137	139	140	133	135	38	63	51	46	53	43	23	24	24	24	20	20	34	64	51	55	55	96	110	108	55	59	55	60	30	18	12
7:00:57	37.0	180	171	162	115	85	58	47	44	40	35	38	34	167	139	130	108	74	53	41	40	37	30	31	31	145	136	154	139	133	133	139	138	139	135	135	38	162	133	136	132	135	135	141	135	141	148	149	31	64	54	41	54	42	27	21	22	21	26	18	37	67	59	61	51	93	110	120	56	54	56	52	33	15	18
7:04:57	37.0	179	172	163	121	83	57	48	45	36	37	34	39	162	150	139	106	79	63	46	33	36	36	39	37	148	148	144	137	147	138	138	147	146	139	142	34	171	140	140	133	139	137	145	135	137	146	143	31	66	49	51	59	38	23	24	19	20	21	19	39	66	53	57	52	104	115	120	60	57	57	53	31	13	18
7:08:57	37.0	183	183	159	121	81	63	45	49	39	36	32	33	158	152	141	119	74	56	49	39	36	33	39	34	152	145	146	147	141	137	144	142	142	145	139	34	168	154	153	140	149	143	143	147	143	143	143	34	66	49	47	59	42	25	20	18	21	18	19	37	62	53	60	57	100	122	121	57	49	53	58	36	16	16
7:12:57	37.0	198	182	157	124	86	67	52	44	39	37	44	36	170	169	144	106	80	59	45	41	38	34	38	35	155	145	155	145	149	140	150	152	144	148	145	37	174	154	151	142	151	149	143	145	148	153	155	33	64	58	46	56	41	24	22	23	18	24	19	36	61	53	59	57	109	123	119	64	54	56	57	35	16	15
7:16:57	37.0	194	186	162	121	91	61	52	41	41	37	36	34	168	162	154	114	79	66	45	42	39	37	31	34	166	160	158	158	158	146	155	160	150	149	149	39	187	155	158	151	148	146	147	147	152	161	154	39	65	59	46	58	49	26	19	19	23	12	20	32	68	58	56	61	110	124	128	56	57	55	57	32	14	15
7:20:57	37.0	206	196	174	127	86	66	53	43	41	37	39	38	172	167	158	121	85	62	51	41	37	38	38	37	166	159	161	155	157	155	158	155	151	149	156	41	197	155	161	149	157	153	152	149	145	162	163	41	69	55	47	59	42	27	24	19	25	21	18	37	66	64	59	62	109	135	130	59	58	58	58	37	16	11
7:24:57	37.0	211	198	180	132	92	73	52	45	41	36	43	30	183	171	161	116	82	64	44	44	39	40	34	37	172	167	171	165	163	154	156	162	160	162	159	41	188	164	163	157	156	159	152	162	152	159	165	39	72	55	51	55	45	27	22	25	19	23	20	38	66	60	63	63	112	134	140	60	62	59	62	37	16	16
7:28:57	37.0	217	199	181	139	91	75	54	44	44	43	42	33	193	172	159	122	86	64	46	41	44	37	40	39	176	160	180	165	165	153	162	165	157	165	165	37	195	170	170	169	162	155	174	163	155	164	167	37	71	63	46	62	44	28	24	18	25	23	21	41	66	66	68	63	110	139	139	56	59	59	61	37	17	18
7:32:57	37.0	228	206	183	144	99	70	58	44	44	44	37	37	196	187	158	131	85	63	47	44	42	43	42	37	174	166	179	166	162	157	165	168	166	166	160	40	195	178	181	164	165	164	167	164	167	177	166	36	71	61	48	60	49	26	25	25	21	23	19	36	66	55	62	65	117	138	146	64	59	58	57	34	14	15
7:36:57	37.0	221	221	191	130	101	72	54	47	40	41	43	40	201	187	168	133	85	66	48	47	48	37	39	36	182	173	183	165	169	172	168	170	168	173	167	38	205	180	184	167	173	168	170	162	170	171	174	39	72	59	50	64	47	29	21	23	18	27	21	34	69	60	64	59	128	142	149	61	60	58	59	37	18	15
7:40:57	37.0	237	220	195	152	103	68	54	50	48	46	38	40	206	192	174	131	86	65	49	44	45	38	38	35	188	179	183	171	167	171	180	164	177	170	167	44	217	186	187	169	175	167	171	178	175	174	169	37	69	64	48	64	54	28	23	20	25	25	24	43	73	67	66	67	129	145	160	67	64	63	60	38	13	17
7:44:57	37.0	246	226	198	147	102	75	57	50	47	48	38	38	213	195	174	139	89	70	49	49	42	41	38	35	187	184	189	181	179	176	177	181	175	174	182	40	220	183	188	181	183	169	183	173	170	180	183	40	75	66	53	65	51	29	26	18	20	20	22	41	70	66	68	61	129	156	162	66	66	67	71	39	12	12
7:48:57	37.0	249	224	209	154	106	70	57	55	45	48	47	42	215	215	184	139	92	66	56	49	45	43	39	42	189	186	193	183	179	174	172	179	181	187	177	41	234	195	195	182	181	178	192	180	182	192	184	41	77	65	50	70	53	27	29	17	26	22	23	42	69	64	60	66	132	158	161	72	70	64	65	41	12	13
7:52:57	37.0	257	233	210	149	107	75	59	48	49	41	45	44	219	203	192	138	103	74	54	46	47	46	40	40	200	199	203	191	183	185	186	190	196	187	190	42	234	209	202	195	193	180	189	187	182	197	191	37	77	57	56	70	55	29	26	25	20	21	21	43	70	66	70	67	138	163	159	66	67	72	70	37	17	21
7:56:57	37.0	262	250	216	157	107	82	62	51	44	43	41	44	224	219	187	143	92	69	54	46	42	40	45	38	201	195	195	197	194	189	181	191	187	193	189	50	240	204	201	181	198	189	186	190	184	189	199	38	76	67	54	66	54	29	24	25	22	23	25	43	81	72	68	65	141	164	171	70	68	68	66	38	20	18
8:00:57	37.0	266	237	214	157	101	80	64	52	45	50	46	48	240	217	194	149	102	71	48	51	43	39	45	39	208	203	206	201	196	198	193	188	194	194	185	43	242	211	216	198	195	191	195	192	184	198	194	41	78	68	59	71	57	30	25	23	21	21	24	40	78	68	70	70	141	171	170	72	73	68	70	44	12	16
8:04:57	37.0	280	252	225	162	110	78	67	53	46	43	44	43	232	224	197	148	101	76	53	51	45	41	44	39	217	206	211	198	198	198	195	195	203	202	198	47	249	223	216	202	207	192	196	199	198	212	199	40	77	66	55	69	57	30	22	24	23	19	25	46	74	68	69	74	143	183	176	72	68	71	70	35	16	15
8:08:57	37.0	288	256	217	161	116	85	68	48	47	44	53	42	232	234	202	147	96	76	59	47	47	40	43	39	220	215	214	203	200	198	213	202	208	200	197	45	260	223	216	197	212	197	204	202	198	208	209	46	81	74	52	71	54	29	27	20	26	20	21	49	79	66	70	73	150	177	180	75	71	71	74	44	15	13
8:12:57	36.9	292	264	222	163	117	87	69	55	51	45	45	42	247	231	201	150	106	71	55	54	46	39	42	41	224	221	221	212	204	201	196	205	211	218	202	48	266	229	232	203	215	209	204	198	195	212	214	46	83	67	62	72	57	25	25	23	25	22	26	45	85	74	75	81	150	182	188	72	70	74	73	43	21	17
8:16:57	37.0	311	263	233	171	115	87	69	59	53	52	46	46	245	239	210	150	98	82	60	52	49	43	47	47	231	218	220	210	211	211	211	220	210	213	212	45	277	229	236	209	216	217	210	208	206	220	209	42	84	65	59	73	67	28	24	23	24	23	24	41	79	71	74	77	154	189	194	75	76	73	75	42	16	16
8:20:57	37.0	308	270	234	169	121	80	72	57	56	52	52	46	257	249	211	161	104	74	59	49	46	49	45	40	227	228	224	216	221	214	216	222	224	220	210	46	274	246	233	217	226	208	209	216	210	222	224	45	83	75	59	72	64	34	28	21	21	22	28	44	82	77	71	74	150	181	195	76	76	72	70	42	14	13
8:24:57	37.0	310	280	237	171	118	92	70	59	50	49	50	45	255	250	209	155	107	80	57	52	46	46	45	43	239	231	233	223	222	217	214	226	228	227	215	49	284	241	245	225	228	225	215	212	217	223	219	46	83	72	57	78	66	29	25	27	27	27	22	46	79	77	68	76	158	189	201	76	73	74	78	42	18	14
8:28:57	37.0	325	283	248	165	122	90	72	56	51	51	49	49	259	252	216	165	108	83	62	51	47	47	45	48	251	238	240	237	226	221	226	227	230	233	218	44	282	256	254	220	235	224	220	233	218	223	229	47	85	68	58	80	60	34	26	22	26	22	25	44	87	68	72	79	161	190	207	77	74	73	76	38	17	20
8:32:57	37.0	331	288	257	176	122	88	74	54	51	50	54	43	263	266	224	165	107	79	62	55	47	49	47	44	238	242	247	222	232	232	220	242	232	224	225	52	282	257	259	230	232	232	222	235	218	229	241	46	91	68	62	81	59	27	25	25	27	23	24	46	80	76	77	80	166	205	210	74	74	77	77	41	15	10
8:36:57	37.0	334	295	260	183	117	92	73	59	52	53	54	49	280	262	224	169	110	83	59	49	45	48	48	49	259	249	248	249	229	229	231	247	241	241	227	47	302	264	255	234	241	233	244	233	226	245	223	45	92	71	62	74	64	32	26	23	26	25	27	46	84	83	80	82	170	206	208	84	78	74	79	48	15	15
8:40:57	37.0	331	299	252	184	127	90	73	62	58	53	47	41	272	265	225	176	109	84	62	54	52	53	47	45	248	253	263	239	246	235	235	238	238	230	229	49	300	270	250	234	252	235	229	239	239	244	236	44	92	70	61	81	64	33	31	27	27	22	26	46	87	77	77	74	165	205	218	81	78	85	84	45	16	15
8:44:57	37.0	337	318	268	188	128	95	72	62	52	56	50	46	284	266	229	167	108	84	63	53	50	51	48	44	259	255	264	254	246	230	241	249	250	239	231	53	291	286	271	237	248	234	236	246	238	254	244	46	98	79	60	85	69	34	27	26	28	26	26	46	83	77	80	77	178	217	224	78	80	80	77	44	16	16
8:48:57	37.0	344	315	256	188	129	91	78	58	54	54	50	47	285	286	227	171	113	86	65	56	51	47	50	47	257	254	262	243	255	246	245	256	251	239	251	48	302	281	271	248	245	249	250	238	244	257	251	47	97	75	62	80	72	28	24	27	26	31	23	49	85	81	83	84	179	212	218	85	73	70	84	46	12	17
8:52:57	37.0	360	325	265	183	135	99	77	68	55	57	55	52	289	290	232	172	117	86	63	61	54	52	50	44	270	261	259	251	260	247	250	250	253	257	236	52	312	275	285	247	259	250	244	251	242	250	249	49	105	76	59	79	70	31	30	28	28	23	29	52	89	79	80	81	181	228	237	79	77	82	79	45	17	13
8:56:57	37.0	376	335	261	198	139	99	76	65	53	56	55	47	303	291	245	170	116	92	65	60	47	47	51	46	270	272	271	252	256	252	257	262	257	253	247	53	317	287	289	253	250	248	253	253	252	260	257	51	92	82	71	93	66	35	31	31	26	27	23	49	94	84	80	86	188	229	236	84	83	86	83	49	19	11
9:00:57	37.0	373	330	276	205	139	97	77	66	63	56	53	54	307	291	237	186	125	85	65	57	53	48	47	53	277	268	276	263	262	256	244	271	263	264	247	54	321	295	289	256	267	253	260	263	261	266	262	50	98	77	72	87	72	31	28	28	24	23	24	49	93	82	85	89	186	223	239	82	88	86	87	50	19	16
9:04:57	37.0	373	340	270	196	139	104	77	62	58	52	51	48	309	303	249	179	120	85	68	60	51	51	55	51	265	284	280	276	267	263	270	266	259	281	252	53	328	294	285	260	272	259	265	263	249	269	269	48	106	79	69	80	78	32	28	23	29	25	28	53	91	87	81	88	190	227	244	89	84	86	85	45	12	17
9:08:57	37.0	378	357	276	199	140	94	79	66	55	52	53	56	312	305	251	187	118	95	65	57	52	53	53	51	282	285	290	278	263	267	266	287	275	269	261	56	315	297	297	272	282	264	265	266	260	269	277	55	108	83	70	87	75	33	29	25	23	24	29	48	96	89	86	87	205	245	253	85	88	78	81	41	15	15
9:12:57	37.0	393	350	278	210	145	93	82	64	58	60	55	51	318	304	253	184	118	90	66	59	53	55	54	48	282	290	283	279	270	272	266	285	273	275	259	56	334	306	306	263	285	260	272	259	265	276	272	53	108	82	66	87	69	35	27	29	29	26	28	55	92	86	85	85	209	254	257	87	84	93	92	49	16	12
9:16:57	37.0	396	345	292	200	139	103	84	62	62	60	52	52	311	317	254	186	120	95	65	59	54	54	56	48	281	299	292	289	278	273	276	278	279	276	276	56	341	319	295	278	294	272	269	269	271	277	271	55	105	85	72	86	76	35	32	28	27	25	29	52	94	88	90	88	202	260	254	94	82	84	90	51	16	16
9:20:57	37.0	388	345	291	205	148	110	81	63	62	62	55	51	328	302	256	189	127	98	69	62	52	54	56	52	298	291	305	284	281	276	274	291	282	283	272	55	342	313	310	270	292	273	276	278	265	291	274	58	109	86	64	89	75	36	31	25	29	28	29	49	92	89	93	87	211	257	258	88	86	89	90	52	16	17
9:24:57	36.9	392	356	287	211	153	101	79	71	63	60	50	56	329	308	262	189	123	93	69	62	53	56	52	46	294	305	304	287	281	273	281	289	286	288	279	57	352	316	319	284	296	282	290	278	278	293	288	52	107	84	66	88	74	34	29	28	29	28	29	55	96	86	91	94	206	258	272	95	85	92	86	46	15	17
9:28:57	37.0	399	357	291	199	143	96	80	68	58	60	55	52	348	318	256	181	127	93	68	63	53	49	56	51	298	314	313	282	278	279	281	307	288	285	284	54	351	325	315	299	297	291	290	287	291	302	299	54	109	79	69	93	75	32	28	25	28	27	28	55	102	86	88	89	211	269	274	98	94	88	88	50	13	16
9:32:57	37.0	428	353	293	215	147	100	88	71	64	55	52	51	345	321	267	193	119	97	72	62	60	53	55	53	303	304	307	292	295	285	286	298	295	296	288	52	348	331	314	286	302	292	295	286	276	308	292	56	111	78	74	95	74	32	33	29	24	21	26	53	94	87	88	96	216	279	273	88	94	93	88	43	14	16
9:36:57	37.0	419	368	299	211	154	101	82	64	65	56	59	56	343	325	266	191	126	101	71	58	56	53	55	46	303	325	320	299	296	288	299	297	303	296	289	62	362	325	328	286	308	292	310	294	293	297	293	51	110	86	72	102	75	33	32	28	30	26	28	52	101	92	99	93	223	277	285	88	92	87	95	49	12	20
9:40:57	37.0	419	368	297	227	144	109	81	68	62	61	60	57	342	328	267	204	127	97	74	65	56	59	54	51	309	324	320	312	298	297	295	319	301	301	290	61	369	328	332	296	312	302	300	298	291	309	309	56	115	88	69	94	85	38	31	31	28	29	25	56	100	91	92	90	212	289	286	95	98	95	91	48	16	16
9:44:57	37.0	430	372	314	216	152	105	82	76	58	63	63	53	354	337	276	200	121	94	73	61	58	54	59	53	313	318	331	301	302	315	307	311	299	300	299	58	376	334	326	309	322	294	312	298	294	310	308	60	115	94	74	100	87	38	33	26	25	32	29	59	107	90	96	107	229	296	289	96	93	98	98	53	16	15
9:48:57	37.0	428	376	312	222	150	108	87	72	62	62	57	60	358	330	284	200	125	92	73	64	61	57	54	56	328	318	334	313	304	299	303	316	309	310	297	55	382	335	341	303	322	297	305	310	303	314	309	53	122	89	75	97	82	36	32	30	32	25	32	61	110	91	98	99	232	303	290	91	93	99	92	52	15	16
9:52:57	37.0	447	390	299	219	152	104	89	73	70	60	60	60	371	334	275	197	140	96	69	68	55	60	59	53	318	332	343	316	313	306	303	326	312	315	297	60	394	343	336	312	325	304	295	312	307	307	317	61	121	85	77	104	82	36	29	30	30	30	29	57	98	100	99	97	237	308	304	100	88	97	96	54	15	14
9:56:57	37.0	454	401	302	220	158	108	88	78	65	60	61	60	373	341	285	198	138	98	71	66	61	55	57	49	325	345	327	315	315	315	321	330	324	298	301	60	386	347	345	319	328	302	311	316	306	314	318	55	122	94	74	101	80	29	33	28	34	26	29	61	106	97	97	104	234	308	305	100	105	100	101	52	17	18
10:00:57	37.0	447	382	311	222	164	104	85	75	65	60	61	58	375	348	301	210	138	104	72	72	62	59	62	57	332	343	334	328	325	311	333	328	333	313	324	59	391	358	354	325	323	314	314	308	319	323	316	61	131	90	78	108	89	38	33	29	30	28	32	63	112	100	101	107	234	311	312	100	104	104	98	54	13	14
10:04:57	37.0	471	396	315	224	152	109	85	78	68	66	64	60	379	349	302	205	133	102	75	63	59	54	61	57	339	369	347	328	333	310	318	334	334	324	310	62	395	360	355	328	339	323	323	317	315	319	318	58	121	89	79	102	90	34	36	29	30	29	32	58	108	98	102	98	245	322	317	107	100	98	91	57	18	17
10:08:57	37.0	469	392	325	230	161	110	90	74	67	67	67	65	386	365	304	199	129	101	76	68	59	59	60	55	341	356	343	340	336	313	333	350	331	329	321	65	410	370	350	326	343	322	326	326	315	332	319	62	123	100	75	109	85	41	30	32	33	36	28	64	111	96	103	106	256	324	324	103	101	106	99	52	16	17
10:12:57	37.0	475	401	320	232	151	111	91	74	66	63	61	62	394	352	305	201	132	99	72	63	64	60	63	58	330	365	354	337	334	316	327	331	334	325	330	63	401	359	350	325	333	325	328	325	317	334	346	63	135	93	79	107	89	35	33	36	27	30	32	64	113	104	101	103	258	333	329	104	98	108	109	55	13	20
10:16:57	37.0	471	404	320	232	153	111	94	76	69	67	63	60	397	353	297	213	136	109	73	69	63	58	57	58	357	353	353	328	330	330	336	354	335	342	331	67	413	372	359	332	346	337	330	328	329	345	338	64	128	97	80	111	86	35	34	30	25	31	34	63	111	112	106	104	254	348	329	106	100	102	103	57	12	15
10:20:57	37.0	485	400	333	242	163	112	91	79	71	65	60	59	389	367	294	213	145	107	79	68	64	60	67	56	351	368	366	342	330	334	329	351	346	334	330	64	428	374	356	321	361	336	324	330	330	348	349	63	130	96	78	100	97	41	34	29	29	24	28	58	111	106	105	106	255	335	340	100	105	107	105	54	14	16
10:24:57	37.0	500	406	329	240	160	123	91	76	70	66	63	66	412	359	299	219	148	109	79	74	71	68	58	63	364	377	357	341	356	332	338	362	342	336	332	63	434	375	370	340	365	323	334	341	336	356	342	65	137	100	79	109	96	36	35	29	26	29	28	63	114	102	103	113	269	346	354	108	106	106	114	54	14	18
10:28:57	37.0	494	406	331	241	165	114	99	75	73	67	62	66	426	369	309	219	138	107	77	75	67	54	64	59	362	370	370	350	341	341	344	347	366	342	342	68	430	390	374	345	365	337	345	345	334	360	353	61	135	94	82	106	92	41	32	30	31	27	32	63	125	104	102	111	278	354	348	102	107	108	111	60	21	17
10:32:57	37.0	497	401	339	228	165	120	91	78	70	61	64	61	431	372	312	229	142	105	77	68	62	61	65	60	361	369	386	355	359	343	347	355	345	350	342	64	439	394	378	345	370	338	344	346	341	351	348	64	140	101	86	108	93	40	37	29	26	26	34	65	120	105	105	107	267	357	354	112	105	105	103	57	15	15
10:36:57	37.0	510	427	336	234	167	118	95	85	71	64	69	59	427	368	311	220	139	114	77	73	67	64	64	59	365	373	386	355	346	347	357	362	359	362	351	66	445	391	378	366	371	352	343	340	348	352	360	66	137	102	91	118	96	35	34	30	26	29	29	64	122	105	107	117	284	368	357	111	113	109	112	58	15	14
10:40:57	37.0	531	427	352	246	164	121	93	75	71	68	63	63	429	380	318	224	146	109	79	71	66	63	67	59	374	393	384	355	365	347	370	367	359	356	356	67	461	386	384	362	371	353	355	349	351	357	366	70	133	100	85	121	91	40	39	31	34	29	29	67	117	111	110	115	283	362	354	119	112	112	107	60	17	16
10:44:57	37.0	524	423	337	244	163	121	99	82	78	70	73	61	438	376	313	218	151	112	78	74	62	66	66	62	362	391	384	360	361	353	363	373	365	359	358	69	469	391	387	349	372	352	349	354	347	373	368	66	149	102	86	120	99	43	31	31	27	28	31	69	121	107	122	113	294	372	370	120	112	114	113	58	12	14
10:48:57	37.0	522	420	332	256	168	124	104	84	73	69	68	64	445	379	320	226	146	107	77	71	68	66	65	63	375	393	393	369	372	357	362	369	364	361	372	73	473	392	396	360	385	345	364	352	360	358	368	69	137	105	90	117	103	39	33	33	35	30	29	66	129	103	117	126	295	382	382	111	112	110	109	61	14	14
10:52:57	37.0	529	425	344	243	167	121	99	78	71	68	69	63	450	370	317	225	146	114	84	78	66	65	70	60	374	392	405	370	355	358	369	374	360	378	374	67	462	406	392	362	392	365	360	363	378	384	359	74	141	100	83	121	104	40	32	33	24	30	30	62	125	114	115	115	303	387	386	118	113	112	112	57	17	14
10:56:57	37.0	554	436	361	256	171	122	96	76	76	70	77	66	457	388	324	227	144	108	81	68	66	61	58	59	380	411	389	378	377	367	381	382	372	370	377	71	476	414	394	368	406	368	361	355	365	381	376	62	147	102	88	126	96	42	35	33	28	33	34	65	129	112	111	116	311	390	402	116	115	109	116	66	18	15
11:00:57	37.0	527	425	355	248	172	122	102	86	72	65	67	68	467	393	319	221	149	110	82	76	73	63	66	57	382	414	404	383	382	374	382	384	372	379	381	69	490	422	406	361	397	371	375	361	369	387	378	66	149	114	91	118	102	44	37	32	32	25	30	67	127	116	117	118	308	390	403	123	118	119	113	64	19	14
11:04:57	37.0	541	439	347	250	176	118	102	84	70	72	70	72	468	392	333	233	147	115	88	77	66	65	68	64	391	428	404	382	386	371	378	389	382	379	391	76	492	420	401	380	394	375	377	372	360	386	382	66	154	105	85	131	103	41	41	36	28	33	30	69	129	117	118	123	319	397	411	116	116	113	120	62	16	15
11:08:57	37.0	555	440	370	252	169	129	101	82	70	75	71	71	469	394	320	229	151	119	84	77	68	67	62	58	398	415	410	383	389	372	381	395	381	402	381	70	502	429	420	381	415	357	376	372	357	392	391	74	149	104	83	133	105	38	37	33	29	29	36	66	131	117	119	123	333	410	417	121	121	113	121	59	13	16
11:12:57	37.0	563	450	368	247	172	126	107	89	77	72	73	72	493	397	333	240	154	110	87	72	66	63	67	64	402	416	422	399	388	380	388	394	392	392	392	72	519	443	412	386	415	382	394	385	388	385	388	70	158	113	92	127	111	43	35	30	34	30	33	68	129	121	120	122	327	403	410	122	121	118	117	65	14	16
11:16:57	37.0	577	441	360	256	178	124	104	79	70	69	76	76	480	398	337	223	150	108	82	79	73	69	66	66	404	433	420	392	391	388	389	396	394	376	387	79	524	434	415	393	406	379	387	374	370	392	387	75	155	108	89	129	107	40	37	34	35	30	29	66	127	119	125	124	322	405	430	121	124	122	126	65	18	15
11:20:57	37.0	572	455	371	251	172	129	98	87	79	73	77	69	496	406	345	231	160	127	89	76	68	69	67	68	408	436	423	395	393	396	395	405	398	390	384	77	520	448	430	382	408	384	394	388	389	394	392	67	156	113	88	125	114	41	39	34	34	34	31	68	133	114	116	125	342	425	440	123	123	120	129	67	11	14
11:24:57	37.0	583	447	364	261	176	126	106	84	81	79	71	75	507	397	333	239	163	116	87	79	64	66	71	68	415	437	420	412	399	409	396	408	403	397	396	68	516	453	429	408	421	377	402	392	391	416	400	71	161	114	84	131	110	45	35	36	31	36	34	68	136	124	134	123	352	433	432	122	120	118	130	63	15	13
11:28:57	37.0	588	460	363	258	173	132	105	89	79	68	79	73	511	406	329	240	155	120	87	80	78	68	68	65	424	430	438	409	417	393	396	408	405	400	407	75	527	468	429	397	421	391	402	385	394	409	411	79	162	109	89	133	115	40	39	36	36	26	34	69	140	123	126	139	347	435	449	119	123	119	120	69	12	16
11:32:57	37.1	589	455	376	262	175	130	105	86	74	77	72	71	527	411	332	244	154	119	84	78	69	68	66	64	415	434	436	414	409	397	406	413	406	422	410	77	543	465	442	400	425	377	415	397	396	409	407	75	172	113	91	134	114	39	37	31	36	32	36	67	142	122	124	131	357	437	450	134	122	124	127	66	17	14
11:36:57	37.0	604	473	380	262	179	132	108	87	78	74	76	75	530	430	348	234	158	117	88	79	75	74	69	63	427	446	442	427	415	409	400	429	423	416	417	79	552	469	453	421	417	393	409	394	391	421	413	76	160	117	95	137	116	39	40	33	33	31	31	72	138	129	128	131	358	450	450	129	124	119	128	65	13	13
11:40:57	37.0	589	478	384	267	179	133	105	87	82	74	75	73	532	435	342	238	160	111	93	78	74	72	72	68	436	462	446	418	410	419	428	425	417	405	434	77	566	474	453	419	438	394	408	403	403	419	426	77	161	110	94	138	117	44	37	30	31	34	35	69	142	125	132	140	351	450	454	129	127	131	128	64	11	14
11:44:57	37.0	618	465	387	258	191	138	105	87	83	77	79	75	529	427	352	243	161	122	83	83	75	72	69	68	433	454	451	409	409	397	416	428	418	407	413	77	571	470	471	409	447	414	410	409	409	439	422	75	170	115	90	136	119	43	38	37	36	33	30	68	142	138	132	131	380	446	453	133	129	131	141	69	15	16
11:48:57	37.0	614	471	384	272	178	136	103	94	84	79	81	74	548	438	340	249	159	121	89	84	68	74	66	68	456	457	462	432	422	422	414	433	428	422	430	81	590	475	467	424	446	414	432	410	413	416	418	73	170	113	95	140	117	45	37	32	28	35	35	71	143	120	129	132	370	449	462	126	130	121	131	73	13	13
11:52:57	37.0	630	472	396	267	188	137	102	91	85	78	77	75	554	430	348	246	168	126	85	85	77	73	74	72	438	458	459	433	425	418	417	431	437	419	419	76	578	497	468	428	436	403	415	422	408	436	429	77	166	114	105	146	118	41	35	32	30	30	37	80	151	129	127	137	372	452	487	136	137	130	132	67	17	16
11:56:57	37.0	627	478	394	263	186	136	111	91	78	75	89	75	558	439	341	248	162	123	87	85	73	71	74	63	445	475	459	422	436	419	443	439	434	441	425	74	591	500	471	419	455	414	432	407	416	437	427	70	172	124	97	143	123	47	43	33	36	33	34	75	147	133	135	142	385	476	483	132	129	133	138	63	17	16
12:00:57	37.0	631	492	380	275	190	137	114	93	82	76	80	76	562	437	351	253	161	129	90	78	73	65	71	68	453	483	469	441	425	430	412	437	437	437	432	78	607	514	477	428	438	422	428	423	424	444	447	79	174	129	98	147	122	42	39	33	33	34	35	72	151	139	132	140	373	475	478	127	135	128	137	72	16	12
12:04:57	37.0	637	487	407	290	190	140	103	99	80	86	80	77	576	441	360	255	158	131	91	81	79	70	76	67	465	494	482	446	442	422	434	434	445	433	448	80	603	498	475	427	461	422	422	438	415	445	437	80	176	117	93	152	129	46	41	36	35	36	35	75	148	134	139	129	389	475	486	135	129	134	148	70	17	19
12:08:57	37.0	632	493	398	272	190	141	112	101	75	78	79	80	586	448	354	259	168	126	93	85	77	73	75	73	457	482	474	443	444	438	424	435	440	438	448	77	603	516	486	430	455	434	432	431	430	450	438	78	175	118	95	151	125	48	42	32	33	35	34	78	150	130	141	136	388	491	486	140	136	131	139	72	16	16
12:12:57	37.0	646	493	406	278	193	147	105	94	87	84	76	79	589	455	358	257	167	118	88	82	73	74	78	72	465	489	482	445	446	452	441	472	450	454	448	80	621	502	492	448	460	429	436	441	442	472	446	79	171	125	98	152	132	43	39	38	30	32	33	78	150	129	139	146	394	486	503	143	135	131	144	70	13	13
12:16:57	37.0	655	497	400	278	188	144	115	93	83	78	79	76	594	438	365	244	163	132	89	82	78	72	78	75	467	491	487	453	447	439	453	463	453	452	464	86	631	521	504	442	469	440	447	458	440	456	459	84	175	116	98	152	134	43	38	40	34	33	35	69	155	134	142	150	396	487	502	143	142	130	150	70	11	16
12:20:57	37.0	655	499	419	289	196	145	118	97	83	81	83	80	586	440	364	253	167	129	98	89	81	77	73	73	483	495	487	466	453	455	448	471	460	458	480	78	628	536	514	454	487	442	447	460	437	460	458	85	181	118	102	147	140	44	38	38	30	32	32	72	163	136	143	145	402	505	520	143	142	134	138	69	13	14
12:24:57	37.0	660	505	407	289	201	138	111	99	89	82	81	86	616	446	360	258	177	131	98	87	84	79	78	72	480	508	484	464	468	451	448	477	451	461	463	92	656	518	501	453	472	439	454	456	442	463	470	88	179	119	94	153	139	46	41	42	33	32	33	74	164	136	146	150	402	523	514	143	136	138	144	71	17	15
12:28:57	37.0	668	515	411	284	197	147	114	97	89	81	81	79	618	459	369	273	167	134	96	86	74	69	76	67	482	493	506	466	466	449	477	468	467	470	472	84	652	547	513	459	471	435	466	456	451	477	475	83	185	123	97	152	141	42	36	39	35	34	39	83	159	140	139	153	402	517	519	142	141	142	146	74	14	14
12:32:57	37.0	673	525	415	289	202	148	111	95	89	83	84	84	602	468	371	268	175	128	97	87	77	77	76	71	487	501	500	477	482	465	482	484	481	465	468	85	665	544	513	472	489	450	462	455	450	475	459	85	173	121	103	154	134	48	39	35	36	33	37	78	157	136	153	150	406	525	525	155	147	138	147	80	17	18
12:36:57	37.0	665	524	416	296	194	140	116	99	87	85	85	87	624	471	377	268	176	133	98	86	72	78	75	79	492	513	523	474	472	465	477	493	484	474	481	86	657	539	525	468	491	462	454	467	453	482	481	86	181	123	105	158	144	45	38	39	33	34	40	80	171	146	152	155	419	533	544	150	151	139	156	70	18	13
12:40:57	37.0	669	531	424	290	195	143	113	96	91	87	83	88	639	480	375	265	168	130	95	88	82	78	79	74	492	514	507	475	487	471	480	483	475	470	484	89	680	550	544	477	500	461	466	463	458	475	482	86	187	124	101	156	136	47	42	41	32	36	40	81	167	151	156	154	417	538	553	149	151	145	157	74	16	14
12:44:57	37.0	682	514	423	297	192	142	110	102	96	79	88	82	650	461	391	260	183	133	98	84	69	78	74	74	489	525	523	495	480	471	480	483	490	480	466	88	679	563	532	463	512	461	470	477	461	482	486	85	174	120	99	155	140	42	37	34	34	34	34	82	166	147	146	151	431	550	534	153	145	139	150	82	15	16
12:48:57	37.0	691	527	429	293	202	150	117	93	95	79	83	92	652	467	376	261	172	132	92	89	74	84	79	70	522	540	537	486	486	484	491	495	492	480	477	86	694	571	540	485	515	464	473	487	473	500	488	92	189	128	102	155	147	42	38	39	34	33	39	82	172	146	156	156	425	545	552	150	156	144	154	72	17	12
12:52:57	37.0	694	530	432	292	200	151	117	106	94	85	84	88	644	476	388	262	176	134	97	91	79	74	75	75	515	554	530	489	489	489	483	481	495	481	492	88	683	570	552	483	513	481	482	476	473	489	483	89	192	132	101	165	141	46	38	41	37	36	32	84	173	141	163	157	432	563	573	147	160	140	153	76	15	10
12:56:57	37.0	696	525	438	296	204	151	117	97	95	85	84	92	648	470	380	267	176	131	100	87	80	76	77	69	511	537	537	496	504	498	491	508	519	500	502	84	699	583	553	486	525	477	492	487	474	503	501	86	192	131	105	153	150	49	44	36	40	37	39	85	170	151	157	164	430	574	550	161	157	144	166	77	12	14
13:00:57	37.0	706	536	431	304	204	153	121	97	92	92	88	87	672	485	386	272	181	132	92	91	77	76	78	72	518	547	549	505	509	503	512	520	501	500	509	91	724	592	561	501	536	481	489	495	471	506	504	93	197	129	97	169	148	44	49	37	39	38	35	83	179	144	157	167	439	580	578	158	146	155	173	77	13	15
13:04:57	37.0	710	552	430	308	205	150	120	104	94	90	85	90	663	485	384	270	182	138	98	89	82	77	81	74	523	562	551	509	506	490	508	521	524	511	510	94	728	597	573	489	518	486	497	484	480	511	518	86	197	133	109	178	151	51	40	36	37	34	40	86	186	145	158	162	452	573	577	163	153	155	159	72	16	13
13:08:57	37.0	721	541	440	297	207	145	119	104	95	87	83	86	687	503	399	276	187	140	98	88	79	78	81	72	539	536	558	513	514	507	522	520	523	510	508	91	726	602	575	514	536	491	501	499	488	516	527	99	195	131	103	167	158	47	39	36	38	34	31	82	182	155	160	162	445	593	594	161	152	157	162	75	14	12
13:12:57	37.0	717	557	449	313	214	157	117	107	94	85	90	85	700	490	388	271	186	133	97	96	78	77	80	78	537	567	556	532	522	504	517	524	528	502	516	93	732	603	584	504	532	497	508	510	498	508	519	95	194	126	103	169	145	45	48	34	35	36	38	85	171	158	160	155	440	598	578	163	163	150	173	80	16	15
13:16:57	37.0	734	554	426	306	205	148	119	100	90	90	88	89	712	487	410	280	187	135	104	92	81	88	80	77	553	556	561	521	528	517	527	526	529	518	521	87	741	618	591	516	535	494	513	516	489	539	528	96	193	129	113	169	153	45	44	38	32	33	38	79	185	157	164	160	447	604	599	168	165	157	166	75	14	17
13:20:57	37.0	749	542	438	313	208	152	129	110	96	87	86	86	731	490	396	287	174	144	99	86	84	73	84	72	574	586	575	521	541	504	530	533	533	527	536	88	747	607	605	512	553	499	507	523	500	532	529	94	206	125	101	178	160	51	38	40	34	34	34	83	186	160	168	170	449	601	600	165	164	158	164	80	13	17
13:24:57	37.0	752	555	449	310	202	152	120	99	92	91	87	87	730	494	414	282	187	135	101	88	80	90	82	77	562	575	573	544	537	529	527	540	547	532	523	92	744	626	599	518	562	510	515	518	493	521	537	95	205	137	101	175	154	48	43	40	37	34	37	81	186	153	160	175	445	599	608	167	166	154	174	76	16	14
13:28:57	37.0	751	554	448	311	206	154	127	107	91	96	86	88	741	499	407	281	177	143	90	93	81	78	82	79	569	586	600	529	543	538	540	560	546	534	530	94	764	625	619	526	563	513	533	533	514	525	552	94	211	123	102	181	165	53	44	39	39	39	41	88	178	158	169	164	444	602	620	163	166	154	171	83	18	12
13:32:57	37.0	760	545	448	313	209	153	121	104	100	89	90	98	757	499	400	279	183	137	102	96	80	78	81	79	585	588	593	543	561	524	527	564	547	555	546	92	766	641	602	539	557	519	530	536	513	555	548	94	206	126	104	181	171	44	39	41	35	36	38	91	178	165	164	181	456	609	624	176	161	158	175	80	10	16
13:36:57	37.0	749	565	451	316	206	154	123	112	105	92	88	86	752	497	406	288	188	139	102	96	82	86	84	73	576	612	603	535	548	547	558	553	568	556	547	93	767	661	613	527	571	530	535	547	512	539	562	98	213	134	104	184	163	49	40	37	38	35	39	85	184	165	166	174	470	600	624	174	170	163	180	82	12	15
13:40:57	37.0	752	576	458	314	205	162	127	104	100	94	98	96	774	507	404	286	191	139	103	96	83	79	86	78	594	587	591	568	555	551	547	564	563	544	551	93	795	653	611	539	580	538	538	554	510	549	567	87	207	140	112	188	167	44	40	38	40	35	36	88	184	157	172	181	454	603	637	182	167	164	162	79	11	13
13:44:57	37.0	760	560	449	305	211	154	124	105	103	96	89	96	762	507	402	286	184	141	101	99	83	82	84	80	593	600	592	560	552	557	560	574	567	558	554	95	785	650	636	547	571	541	532	556	531	560	567	101	200	129	101	185	163	48	44	39	42	40	41	91	179	171	179	182	477	621	650	173	174	169	176	82	14	14
13:48:57	37.0	752	570	452	310	204	167	126	107	91	96	90	97	745	515	411	293	185	139	105	96	86	89	86	81	586	622	613	574	560	564	556	577	578	561	548	95	805	676	643	549	597	544	541	553	536	562	573	93	205	134	111	181	173	51	49	39	33	35	40	86	184	175	174	182	456	627	636	181	178	169	182	85	14	13
13:52:57	37.0	764	573	450	324	215	148	125	108	96	100	94	99	778	525	418	284	188	147	104	93	89	84	75	81	596	612	616	565	573	561	563	581	582	566	563	95	813	690	647	569	584	541	550	576	544	578	601	101	212	133	111	188	165	54	48	42	30	37	41	90	187	172	184	178	481	631	652	181	172	178	183	89	15	17
13:56:57	37.0	772	566	458	331	221	162	126	112	98	94	97	101	788	510	419	287	195	140	102	97	82	82	88	83	607	641	631	591	592	580	588	589	587	574	573	98	796	691	649	563	603	546	556	585	525	577	591	98	213	135	115	195	172	50	44	36	38	34	44	89	184	168	179	177	482	623	669	177	183	170	186	83	18	16
14:00:57	37.0	785	578	474	317	215	163	132	107	103	94	106	92	775	527	415	291	187	145	106	94	79	87	86	85	619	634	635	585	588	582	570	584	605	581	569	99	809	701	656	574	603	570	576	577	542	586	585	101	217	138	102	184	170	44	39	39	39	37	39	82	194	184	187	188	483	614	652	187	180	179	185	80	13	15
14:04:57	37.0	767	583	466	322	226	164	133	120	103	89	94	94	776	516	434	294	183	141	108	93	83	89	89	85	628	642	636	587	578	575	592	591	599	597	590	97	838	712	665	581	611	562	572	573	552	586	594	93	221	135	110	191	180	47	44	41	39	41	46	89	196	175	188	189	504	609	672	182	179	170	195	84	17	11
14:08:57	37.0	787	585	472	311	213	156	131	111	102	93	98	94	785	514	432	297	186	142	109	100	81	84	82	76	619	630	635	600	586	595	604	606	601	592	575	98	838	724	676	571	606	559	578	594	551	592	601	96	221	144	109	194	182	50	44	40	39	36	36	82	198	180	188	184	494	627	662	188	189	175	196	85	17	16
14:12:57	37.0	770	592	469	313	218	155	133	117	108	95	99	91	791	529	414	298	189	140	108	96	85	80	84	85	645	640	645	599	601	605	598	607	615	593	588	98	835	730	688	580	616	576	587	585	559	580	607	94	211	137	113	195	181	45	38	41	36	37	37	88	209	176	190	202	495	634	671	186	179	186	186	83	12	19
14:16:57	37.0	786	593	468	320	213	158	129	110	103	98	97	100	801	520	437	294	188	142	105	104	89	90	90	84	651	658	654	623	607	600	607	616	618	613	604	104	855	744	688	594	623	570	598	604	559	610	618	102	224	142	110	192	183	52	42	36	38	37	44	94	200	190	193	190	509	643	688	183	183	188	195	84	14	15
14:20:57	37.0	774	597	476	322	228	170	135	113	103	98	99	103	800	529	418	287	194	138	107	94	87	83	90	82	650	654	673	611	618	599	601	635	641	618	602	100	862	738	690	601	640	593	590	598	582	608	603	96	227	142	112	195	185	50	39	37	39	38	38	94	202	179	187	198	516	640	668	188	187	183	196	87	12	14
14:24:57	37.0	779	600	463	332	210	169	132	117	96	103	94	99	790	517	419	297	191	144	107	96	84	86	89	81	656	673	670	633	620	622	613	641	631	613	598	101	855	746	705	605	637	601	592	594	588	634	636	103	231	152	112	201	188	48	44	43	44	39	40	84	204	184	186	196	526	649	693	199	190	181	208	82	16	13
14:28:57	37.0	807	589	471	328	220	164	134	109	106	97	95	100	790	539	439	302	196	141	106	102	88	82	88	85	664	675	681	628	627	616	611	616	634	623	612	94	865	753	708	612	641	609	595	626	596	629	650	105	227	139	110	195	182	50	47	40	36	38	41	90	211	188	190	201	519	656	671	199	192	173	193	90	16	16
14:32:57	37.0	808	599	478	318	224	165	137	111	99	97	100	105	814	523	432	288	196	149	114	101	91	81	94	86	676	700	691	639	622	629	641	640	643	638	615	99	874	758	711	618	646	607	617	626	599	630	628	102	226	138	115	205	179	51	46	38	33	33	38	93	214	194	203	208	527	668	690	199	202	185	207	85	14	11
14:36:57	37.0	792	609	487	324	220	161	138	122	105	98	95	103	803	542	437	296	194	146	102	101	86	92	90	81	678	697	710	641	632	639	623	648	661	626	607	105	878	771	722	630	664	619	612	618	591	633	658	104	236	142	112	203	194	52	42	37	44	38	39	90	212	191	204	200	530	666	694	198	204	183	202	81	14	14
14:40:57	37.0	802	602	493	326	219	165	140	116	99	95	98	103	815	546	428	299	202	152	114	103	83	84	93	84	684	687	706	664	653	654	670	651	662	634	618	99	886	771	741	618	674	634	625	627	606	621	655	102	228	143	112	208	187	44	48	43	39	37	38	88	209	198	197	207	551	674	696	205	200	199	211	86	15	15
14:44:57	37.0	810	611	495	325	227	158	144	120	106	99	100	114	820	535	434	310	203	148	106	110	92	92	89	83	693	704	719	662	654	646	667	667	671	660	639	107	914	800	750	621	672	631	628	654	608	651	666	107	229	143	105	199	190	52	42	40	41	41	38	94	224	206	208	210	574	681	681	212	206	199	209	97	13	16
14:48:57	37.0	802	619	491	325	223	169	133	114	100	96	100	112	801	548	437	298	197	147	116	101	93	88	92	83	691	710	720	668	670	642	643	668	677	657	641	109	923	809	753	628	672	634	627	653	610	650	666	115	236	139	120	213	198	49	50	36	36	36	41	95	228	204	215	211	561	676	683	212	202	207	212	89	19	13
14:52:57	37.0	809	610	486	321	230	167	141	115	104	102	98	105	830	528	436	307	194	148	108	107	81	92	95	84	702	750	720	679	663	658	667	696	693	656	638	103	906	804	749	655	674	652	655	648	623	667	678	106	224	142	111	196	203	51	49	42	37	35	38	98	222	189	209	206	570	686	693	212	207	198	222	86	12	14
14:56:57	37.0	814	611	476	333	222	166	137	119	103	100	97	114	840	554	449	310	196	147	115	100	89	91	92	85	713	724	729	679	672	679	677	689	692	660	654	110	934	825	778	661	687	646	650	664	622	675	695	115	230	141	107	220	191	45	51	43	38	42	40	99	234	205	214	218	583	682	693	216	208	191	213	90	19	11
15:00:57	37.0	818	626	498	337	218	164	135	117	106	98	101	109	821	556	443	307	206	152	116	101	88	89	92	90	718	732	728	688	690	674	669	707	707	685	660	108	919	809	778	653	704	651	671	678	630	670	697	109	239	152	113	210	198	51	50	41	38	33	40	99	227	214	211	222	572	698	711	205	209	199	216	88	19	18
15:04:57	37.0	827	615	495	341	228	163	140	117	104	99	96	118	804	551	450	308	204	142	122	100	92	86	91	93	740	745	754	699	701	685	702	697	711	682	658	113	945	823	786	666	695	666	662	666	639	679	701	116	238	150	122	210	202	48	46	39	37	39	36	95	230	215	218	220	562	708	721	219	205	208	219	97	17	13
15:08:57	37.0	814	629	492	339	231	169	133	119	103	99	98	114	817	545	449	306	201	152	118	103	88	93	97	85	733	737	748	706	685	685	706	711	720	684	662	110	930	823	807	658	719	670	668	674	657	701	696	112	246	150	110	221	198	53	43	41	43	36	39	97	237	213	213	227	554	712	718	214	210	201	219	87	20	17
15:12:57	37.0	799	603	486	339	225	176	150	120	110	105	103	108	830	559	451	305	208	152	121	102	90	86	91	86	753	763	762	709	702	701	719	734	714	698	686	108	946	848	806	692	718	680	674	701	650	690	704	114	243	144	119	223	209	50	47	42	41	39	42	101	234	208	220	224	551	723	726	210	220	219	224	96	13	15
15:16:57	37.0	838	615	501	335	225	167	142	118	107	108	97	118	851	553	463	304	203	149	113	102	90	86	97	80	752	774	788	743	708	700	703	715	725	709	679	111	953	854	803	690	727	687	672	703	656	702	718	115	248	143	114	222	207	55	51	49	42	40	43	96	232	227	220	230	554	684	721	221	217	207	228	97	13	15
15:20:57	37.0	830	630	497	325	236	169	149	122	103	99	97	111	845	550	445	314	206	157	122	107	87	91	96	88	748	743	771	758	721	695	718	726	725	695	691	110	968	857	807	687	725	686	690	694	673	707	717	110	243	148	120	224	203	49	47	40	37	36	40	98	243	226	227	230	543	687	737	228	214	209	224	96	17	14
15:24:57	37.0	825	627	487	336	228	165	145	121	116	103	104	112	843	558	447	310	201	149	120	103	88	93	96	92	778	785	803	776	733	704	734	740	740	722	707	109	954	855	821	700	740	702	694	709	679	705	739	111	244	144	118	222	222	57	47	42	42	42	45	96	241	220	225	224	539	701	746	235	219	225	229	96	14	9
15:28:57	37.0	849	624	497	348	229	175	145	121	108	112	94	111	840	554	450	311	212	155	116	112	91	95	101	89	775	775	788	769	726	716	739	741	740	725	709	108	978	876	832	692	744	693	702	718	689	732	738	118	250	153	115	234	208	45	43	43	38	39	46	103	239	226	223	225	548	728	748	225	219	222	224	94	16	14
15:32:57	37.0	838	653	509	343	237	168	144	128	104	103	111	110	848	554	457	321	203	162	119	117	87	91	93	85	776	787	814	758	724	725	744	747	742	735	709	108	980	874	835	717	772	710	711	731	680	728	743	122	257	155	123	225	211	49	43	45	36	41	42	100	246	228	230	238	544	693	775	242	224	216	225	94	17	12
15:36:57	37.0	856	641	504	351	234	182	139	121	109	103	108	120	849	562	460	324	215	149	121	104	95	92	102	95	791	803	803	773	747	723	747	761	765	739	721	114	986	879	859	719	770	730	720	733	691	739	736	112	251	150	116	224	220	44	49	45	43	37	40	102	250	225	224	229	526	712	785	226	222	217	234	96	15	13
15:40:57	37.0	841	644	494	340	229	171	145	119	114	102	107	115	856	563	457	312	207	160	119	114	94	88	96	89	780	810	833	774	761	728	762	758	780	744	719	115	983	897	862	726	771	729	728	733	693	745	760	110	261	148	113	238	217	55	50	41	43	39	44	103	250	228	234	234	536	700	791	239	230	227	234	96	14	17
15:44:57	37.0	866	642	518	341	229	177	144	123	111	103	112	111	846	560	463	313	203	156	118	104	95	90	95	92	792	829	822	794	768	731	768	779	757	756	749	109	1015	921	860	742	776	757	729	746	713	749	758	120	257	150	117	231	214	55	45	40	39	40	40	105	266	233	238	243	522	728	811	240	220	232	230	99	13	15
15:48:57	37.0	864	641	520	338	238	173	148	121	111	106	99	115	862	566	467	317	213	146	116	110	91	99	102	91	838	816	819	791	780	760	785	781	775	750	738	112	1020	947	861	767	794	748	756	746	705	755	772	116	254	147	124	234	225	55	44	41	37	42	41	103	259	234	233	254	528	723	790	243	239	232	233	97	15	14
15:52:57	37.0	856	664	516	342	235	167	148	126	112	103	103	120	880	579	465	311	207	153	120	104	92	99	97	88	808	846	848	797	769	744	765	789	783	745	729	113	1019	925	858	767	796	766	754	753	713	766	774	113	249	158	119	245	227	58	44	42	38	40	44	108	254	239	240	245	534	748	800	243	228	232	242	101	12	13
15:56:57	37.0	859	641	507	339	242	184	144	118	105	113	109	115	876	567	478	304	214	158	117	108	92	98	105	90	838	853	860	797	794	775	777	816	801	758	754	121	1010	926	872	765	800	764	764	772	722	772	784	115	257	156	123	235	224	54	49	40	41	42	42	96	268	241	251	252	557	738	821	242	242	232	246	95	13	16
16:00:57	37.0	864	644	503	346	243	173	154	122	114	106	111	119	871	560	454	327	204	156	115	110	90	94	101	84	839	852	863	806	802	776	781	786	807	774	760	107	1019	935	891	784	824	781	769	785	725	781	785	114	254	159	118	234	227	51	51	41	42	41	43	102	268	244	239	251	567	728	823	252	239	235	245	92	12	17
16:04:57	37.0	881	656	510	350	235	176	146	129	119	114	113	124	875	577	467	312	211	152	124	111	96	97	105	89	834	859	875	812	812	774	797	822	807	781	768	113	1029	956	912	785	829	783	774	792	733	781	811	113	254	154	118	239	234	48	48	46	39	41	45	100	267	249	249	253	564	751	824	248	248	232	253	97	19	15
16:08:57	37.0	875	651	510	350	234	177	150	123	110	110	109	120	885	570	466	319	205	157	123	103	96	95	101	89	840	863	895	823	830	781	789	865	822	792	761	120	1024	949	910	799	818	800	781	793	752	793	802	118	253	157	127	235	234	53	48	46	37	40	45	102	265	250	243	252	586	723	818	252	245	243	260	102	16	14
16:12:57	37.0	862	638	518	346	241	174	157	126	112	105	107	128	889	580	452	323	218	161	114	112	99	98	98	99	876	883	880	823	830	795	814	857	819	805	787	115	1049	963	910	783	836	803	798	792	746	796	811	115	259	142	123	244	249	55	49	42	40	40	41	100	282	251	251	269	580	738	812	262	244	236	248	92	17	14
16:16:57	37.0	893	670	513	353	246	177	149	128	117	108	107	124	894	590	474	317	204	164	115	110	98	96	101	95	869	911	913	824	833	793	809	850	839	804	788	116	1072	973	922	802	840	791	800	833	757	798	815	116	270	156	119	248	238	54	48	47	43	39	44	102	269	262	255	263	599	746	833	254	244	241	253	98	14	13
16:20:57	37.0	887	665	510	348	238	180	154	127	110	109	108	119	904	575	474	330	209	155	122	109	95	96	95	96	874	901	912	828	844	796	822	854	847	823	804	128	1049	988	943	804	850	808	792	804	760	794	825	116	270	149	123	251	241	56	48	39	45	46	41	110	278	256	252	264	590	731	803	255	244	246	262	101	15	13
16:24:57	37.0	898	666	510	354	248	176	158	125	111	107	109	125	898	575	469	328	212	160	125	110	99	95	109	91	889	901	923	833	844	814	828	876	843	823	801	115	1058	996	941	812	862	809	818	833	791	812	826	120	270	154	115	248	241	56	47	45	44	37	39	111	282	257	251	270	604	732	824	257	248	246	265	98	15	14
16:28:57	37.0	895	668	512	357	242	171	155	129	110	104	105	117	892	578	462	326	215	166	128	108	94	94	101	91	914	905	906	848	864	814	844	884	857	825	831	114	1070	996	950	810	864	823	831	827	784	844	853	110	259	151	120	253	243	52	48	39	43	36	42	109	290	261	255	263	606	749	812	266	253	249	264	106	16	13
16:32:57	37.0	901	653	527	351	251	179	145	133	118	111	111	129	888	584	467	326	221	157	122	115	99	99	100	98	903	916	925	861	878	819	853	880	866	837	824	113	1083	998	958	811	886	825	811	848	793	825	837	121	266	157	123	260	258	50	53	46	42	45	42	109	283	268	259	273	611	742	791	277	252	260	264	100	11	17
16:36:57	37.0	905	668	512	353	234	186	154	134	111	110	114	127	911	587	485	313	219	165	121	111	99	94	105	91	896	932	924	862	866	835	864	889	882	835	834	125	1106	1008	965	835	872	822	825	838	802	832	869	117	268	152	128	246	248	55	45	43	42	40	45	116	297	265	265	278	613	766	795	269	254	252	263	101	13	15
16:40:57	37.0	912	673	524	350	242	182	160	129	113	111	106	122	895	576	461	328	222	161	120	117	94	97	101	97	928	934	953	869	886	815	884	900	872	837	842	119	1124	1018	985	830	903	845	829	839	805	867	854	119	269	161	121	263	248	53	50	40	44	41	45	109	304	270	264	285	599	748	808	269	262	249	272	100	16	12
16:44:57	37.0	909	660	523	353	250	188	156	127	114	107	111	122	902	584	467	321	216	168	120	115	97	98	101	99	945	952	969	872	890	834	877	919	894	853	849	123	1100	1026	986	830	915	832	853	864	793	869	866	124	264	156	124	258	254	54	43	47	44	42	43	118	303	272	262	287	612	777	808	269	265	268	263	105	13	15
16:48:57	37.0	920	663	515	365	247	176	154	134	117	112	111	120	892	590	478	333	217	170	121	113	96	95	103	99	937	952	958	886	888	850	885	932	895	873	870	115	1144	1040	970	849	924	826	842	880	807	862	872	121	263	154	125	268	255	52	49	41	42	43	43	111	304	272	272	275	625	773	805	275	268	258	278	98	14	15
16:52:57	37.0	928	664	518	350	249	182	149	126	119	114	112	123	907	583	484	320	221	161	123	109	104	100	105	92	955	944	983	895	906	846	906	920	905	867	852	118	1110	1061	999	854	911	868	854	886	810	873	872	124	270	160	128	270	253	54	49	43	44	41	48	105	301	273	274	275	624	803	805	268	265	263	273	99	14	14
16:56:57	37.0	933	672	531	354	255	182	158	132	116	113	115	135	897	579	485	329	216	161	123	109	102	101	107	92	951	950	991	877	935	859	897	943	905	893	869	119	1150	1075	992	865	940	859	852	892	834	883	899	124	268	158	117	268	266	55	48	41	44	38	43	113	307	279	276	272	622	790	802	283	269	264	278	101	19	13
17:00:57	37.0	923	670	520	355	257	182	162	129	117	104	114	120	924	607	481	326	220	161	126	111	98	103	106	105	983	967	1003	888	925	852	903	942	913	890	884	117	1139	1067	1016	864	943	908	859	887	838	886	903	120	275	154	124	264	256	54	50	44	37	44	47	115	303	265	271	287	625	783	811	285	275	280	280	96	13	20
17:04:57	37.0	930	687	534	361	246	183	155	138	129	109	118	129	908	600	466	346	225	162	125	120	100	99	108	94	960	977	1012	913	929	872	913	956	920	909	868	124	1124	1086	1022	877	950	888	873	904	864	881	891	119	271	150	127	271	254	47	47	42	47	40	47	111	308	280	279	281	635	802	817	287	271	269	286	104	11	15
17:08:57	37.0	936	679	534	366	254	185	159	130	119	116	113	124	915	593	485	322	212	163	125	116	96	98	110	100	981	958	1007	918	949	876	925	955	955	893	905	117	1150	1089	1045	875	930	915	888	889	858	902	912	124	273	162	128	264	260	56	49	45	39	42	44	111	318	280	276	290	630	811	814	292	281	275	287	101	15	15
17:12:57	37.0	959	665	549	355	257	179	163	128	121	109	110	128	897	602	499	329	224	159	125	117	98	104	112	97	995	986	1005	933	960	882	930	966	947	928	918	125	1171	1100	1039	877	957	895	907	927	847	908	923	123	281	152	123	276	259	58	56	41	42	40	42	112	320	291	289	302	640	808	830	292	270	278	291	104	11	15
17:16:57	37.0	922	673	533	372	256	188	161	138	123	116	112	131	917	588	494	335	221	159	131	121	98	100	110	102	992	984	1013	949	952	891	947	977	930	913	885	121	1158	1108	1027	888	962	915	901	927	859	932	924	121	284	163	128	269	267	59	54	44	44	44	41	111	312	291	272	299	643	828	841	282	296	278	297	104	16	13
17:20:57	37.0	937	674	535	357	251	184	157	139	117	110	117	132	907	587	478	338	220	165	126	111	106	99	113	98	1009	998	1034	933	967	911	963	978	960	931	929	123	1142	1117	1072	888	975	917	914	934	878	947	924	119	281	162	125	278	268	58	52	45	41	45	46	114	322	301	284	286	627	799	847	291	289	288	295	108	10	18
17:24:57	37.0	938	694	542	352	245	186	162	136	126	113	114	127	912	606	482	336	218	163	124	117	99	102	100	97	1012	1022	1031	948	974	893	943	991	966	950	902	129	1166	1132	1074	901	995	925	920	921	877	931	968	119	275	166	118	288	274	54	55	47	44	50	44	112	331	295	288	300	645	814	840	306	274	288	292	111	14	18
17:28:57	37.0	954	690	542	360	254	189	160	135	129	111	113	129	906	608	470	333	221	175	127	115	103	105	104	104	1023	1016	1051	948	990	903	958	994	974	951	923	121	1163	1147	1095	913	987	930	903	953	878	951	957	123	294	165	121	285	279	54	53	42	43	44	43	113	325	299	288	297	659	795	834	308	282	284	303	106	14	12
17:32:57	37.0	937	679	537	370	256	193	171	136	118	114	113	129	929	592	485	324	215	164	127	118	99	103	108	100	1029	1014	1045	966	963	905	980	1016	972	954	941	119	1187	1137	1088	948	991	936	950	960	896	943	948	126	284	156	122	277	283	64	49	49	45	43	52	103	316	292	299	305	647	820	863	308	271	285	301	110	13	16
17:36:57	37.0	958	680	540	370	256	191	165	139	119	119	111	127	920	600	489	330	230	166	123	114	96	102	111	99	1040	1008	1053	962	994	916	981	1028	990	963	966	124	1171	1139	1108	946	1028	935	942	955	878	953	960	128	287	167	124	284	273	55	46	48	46	43	46	120	338	300	299	313	651	815	847	303	290	289	307	107	18	17
17:40:57	37.0	939	692	554	364	257	183	163	140	126	115	115	134	948	593	489	334	218	172	123	117	108	101	115	104	1056	1026	1052	967	1015	924	1000	999	986	992	946	121	1189	1147	1123	987	1008	960	956	948	900	988	968	124	290	160	126	287	279	56	54	43	43	42	48	123	325	303	301	304	648	814	870	303	292	288	299	108	17	12
17:44:57	37.0	952	696	542	368	265	190	157	129	120	116	118	129	954	617	492	339	221	166	131	118	103	109	106	99	1056	1031	1041	975	1002	912	989	1037	985	982	962	121	1182	1185	1106	984	1030	945	968	981	920	971	984	133	281	163	130	286	286	55	53	48	46	38	45	115	335	304	303	307	639	829	890	309	300	296	300	114	14	12
17:48:57	37.0	945	714	551	361	260	190	166	137	125	118	117	131	942	611	495	339	222	176	127	121	101	102	111	100	1052	1041	1083	964	1007	924	1009	1064	992	980	964	125	1201	1180	1143	987	1019	955	985	966	936	990	991	125	288	159	129	291	284	57	51	44	43	42	44	116	331	294	306	323	626	832	873	304	285	300	306	102	16	12
17:52:57	37.0	960	699	561	365	247	194	165	137	126	117	124	137	945	625	493	352	228	171	128	123	103	98	108	108	1063	1027	1091	987	1026	948	1013	1041	1016	992	983	123	1207	1205	1109	992	1032	960	980	978	941	1000	1005	122	286	166	127	294	287	55	49	44	45	40	44	120	344	296	302	323	627	835	872	320	293	290	305	102	18	14
17:56:57	37.0	969	697	551	370	256	195	158	139	123	116	110	128	962	622	495	337	229	175	132	125	98	102	110	97	1053	1044	1084	996	1025	945	1016	1057	1015	993	992	125	1208	1201	1144	982	1030	967	1009	990	932	988	983	125	286	167	129	291	292	55	49	44	41	43	39	118	343	303	299	328	622	848	869	321	288	300	307	107	14	13
18:00:57	37.0	963	699	534	368	259	190	164	142	116	118	118	133	945	611	495	341	221	165	129	118	97	104	109	104	1081	1064	1076	1005	1032	963	1020	1056	1012	1011	1005	127	1182	1211	1153	981	1036	982	1006	987	959	999	1024	130	284	167	128	302	293	56	49	43	40	44	44	120	350	314	322	322	619	842	893	314	290	310	318	110	16	12
18:04:57	37.0	952	686	554	368	260	188	172	144	120	118	115	138	966	611	502	350	235	172	130	117	103	106	103	101	1097	1055	1100	988	1047	956	1022	1041	1025	1006	1005	129	1219	1206	1161	998	1066	985	991	1004	943	1026	1023	125	286	163	122	290	292	54	57	41	44	46	44	118	351	310	308	336	599	848	884	320	300	308	314	111	15	13
18:08:57	37.0	980	706	551	365	267	190	171	143	128	124	119	134	960	598	498	348	217	174	134	118	97	104	112	108	1070	1065	1079	1018	1069	987	1030	1049	1014	1021	1005	127	1226	1226	1175	984	1078	1000	1008	1015	968	1024	1020	123	291	167	119	299	293	53	50	46	40	48	46	115	347	316	322	332	600	868	898	331	299	316	316	110	13	11
18:12:57	37.0	994	702	544	369	251	189	172	144	119	117	118	138	975	609	493	346	233	175	130	121	102	107	109	104	1086	1060	1096	1036	1057	963	1031	1046	1030	1040	1022	126	1195	1212	1181	986	1083	1003	1022	1005	977	999	1023	128	295	167	122	302	291	57	51	42	49	43	48	121	353	318	325	335	606	856	903	328	302	310	326	112	14	13
18:16:57	37.0	967	713	536	381	270	193	173	140	125	115	121	138	973	619	501	341	225	173	130	131	108	101	112	103	1119	1059	1098	1014	1051	985	1082	1056	1045	1044	1015	122	1224	1236	1182	982	1086	987	1032	1019	984	1022	1030	127	299	163	123	306	310	56	49	48	42	49	43	123	361	315	335	336	603	843	895	332	302	316	332	105	11	13
18:20:57	37.0	984	722	547	366	257	200	169	139	124	114	114	134	973	618	500	341	225	179	130	124	107	103	106	97	1122	1075	1118	1026	1052	1009	1051	1053	1028	1052	1022	130	1219	1241	1192	1012	1086	1012	1017	1045	984	1008	1048	127	299	162	124	297	303	59	55	42	38	49	47	117	362	308	325	333	617	866	914	328	307	312	330	115	12	15
18:24:57	37.0	994	706	551	376	255	195	170	139	131	119	123	139	975	617	506	357	223	183	134	120	109	109	109	100	1092	1071	1122	1011	1069	1026	1060	1044	1058	1047	1050	125	1232	1257	1194	1018	1100	1023	1050	1075	1027	1019	1060	133	286	167	130	306	294	55	54	41	47	43	47	116	347	323	335	336	619	878	929	338	312	323	335	105	14	14
18:28:57	37.0	989	717	559	376	262	190	171	145	121	118	120	139	965	613	513	340	226	173	131	116	104	108	111	108	1102	1100	1127	1045	1084	1016	1076	1050	1054	1061	1053	131	1226	1247	1216	981	1087	1027	1048	1040	1024	1019	1061	131	301	163	124	303	294	60	45	47	46	47	46	117	369	328	325	351	612	861	949	331	319	325	331	110	12	13
18:32:57	37.0	1001	706	569	366	261	197	161	156	128	114	118	140	981	613	495	339	235	170	136	121	104	104	114	97	1127	1098	1146	1040	1064	1035	1070	1067	1065	1051	1062	126	1218	1260	1226	1021	1080	1025	1045	1060	1018	1036	1055	127	307	167	126	304	311	57	52	47	44	38	45	122	369	341	333	348	615	883	923	352	328	319	334	108	9	16
18:36:57	37.0	1002	712	563	378	266	200	166	148	130	114	116	134	995	621	503	342	230	173	138	123	103	103	113	106	1111	1121	1137	1045	1100	1030	1091	1080	1078	1075	1074	132	1219	1268	1228	1012	1098	1030	1052	1068	1034	1039	1072	128	305	167	134	317	308	61	50	48	45	44	45	118	371	318	336	346	639	911	931	339	327	320	335	110	15	15
18:40:57	37.0	999	703	563	379	266	193	161	143	130	122	125	143	974	617	494	336	235	177	131	126	109	106	107	108	1116	1123	1166	1076	1096	1052	1073	1076	1080	1079	1062	132	1231	1276	1244	1008	1108	1037	1062	1065	1035	1047	1076	126	306	174	127	308	304	57	52	46	50	44	46	125	368	333	356	355	614	904	959	346	335	323	337	109	13	11
18:44:57	37.0	989	722	560	379	265	201	168	143	126	116	125	138	1007	621	507	349	231	177	126	123	110	109	107	103	1114	1132	1155	1056	1099	1028	1096	1074	1081	1097	1084	131	1257	1285	1234	1028	1086	1056	1042	1080	1049	1062	1083	125	307	166	123	312	312	54	53	53	45	44	48	120	370	328	345	364	653	899	951	341	322	329	341	115	21	15
18:48:57	37.0	1000	715	559	379	272	194	167	142	134	124	117	137	1005	626	510	355	233	178	127	124	106	106	116	105	1139	1137	1166	1082	1119	1049	1102	1072	1085	1081	1085	134	1220	1286	1258	1020	1088	1063	1071	1073	1056	1056	1098	126	303	174	126	313	316	60	51	46	45	46	47	128	364	333	342	346	633	917	960	341	321	338	346	113	12	14
18:52:57	37.0	993	719	570	374	274	200	172	143	126	121	125	135	988	608	512	342	236	181	131	128	104	113	114	112	1150	1129	1136	1091	1122	1040	1098	1094	1085	1113	1092	131	1241	1297	1245	1021	1106	1054	1074	1103	1072	1086	1115	128	307	169	122	318	320	59	57	42	41	47	48	125	383	337	340	345	640	918	953	357	338	339	336	111	20	14
18:56:57	37.0	1024	717	556	367	270	202	175	142	137	125	126	144	1016	627	519	358	238	184	142	133	106	115	113	104	1155	1142	1184	1094	1131	1075	1109	1099	1092	1096	1073	133	1251	1307	1296	1014	1120	1058	1103	1114	1077	1079	1105	129	305	165	132	327	322	60	58	47	45	46	46	121	379	339	342	365	657	918	960	358	324	333	352	112	14	14
19:00:57	37.0	1005	722	565	374	272	203	170	147	128	125	122	136	1000	627	504	338	228	180	139	127	112	109	110	103	1167	1139	1155	1074	1128	1081	1129	1082	1092	1106	1089	145	1248	1323	1275	1044	1136	1069	1084	1117	1054	1079	1097	128	308	166	132	321	332	55	51	48	46	46	50	125	373	341	343	367	651	944	978	350	332	351	356	115	16	16
19:04:57	37.0	1020	733	592	378	275	198	184	149	133	120	122	140	1000	627	520	350	232	179	134	129	106	115	113	108	1171	1146	1191	1101	1136	1091	1124	1096	1130	1121	1110	126	1245	1331	1279	1030	1128	1101	1073	1126	1087	1073	1120	129	315	177	133	325	339	64	52	47	44	47	43	126	368	344	339	365	669	938	955	359	341	341	357	111	14	13
19:08:57	37.0	1005	729	566	381	282	203	175	149	134	128	132	137	1023	639	517	363	234	181	139	122	102	105	117	115	1167	1163	1180	1111	1136	1072	1137	1094	1126	1125	1120	141	1278	1359	1301	1064	1142	1085	1104	1136	1079	1084	1132	134	304	172	133	321	329	54	53	47	47	48	46	130	384	351	352	369	655	953	976	362	337	358	360	116	16	16
19:12:57	37.0	1036	710	574	385	274	200	174	147	126	121	129	137	1007	626	512	354	235	174	130	122	112	108	112	107	1178	1140	1210	1136	1162	1097	1159	1086	1133	1117	1117	134	1258	1375	1298	1055	1143	1101	1103	1127	1078	1073	1139	129	306	172	132	325	340	58	52	46	45	45	43	126	385	348	360	375	660	945	990	358	348	348	354	116	12	18
19:16:57	37.0	1031	729	565	393	271	199	184	147	129	122	132	137	996	641	525	352	234	182	140	130	111	109	115	108	1197	1172	1212	1117	1159	1110	1163	1113	1128	1154	1128	136	1250	1392	1299	1045	1130	1112	1109	1153	1077	1102	1154	123	305	162	128	333	336	62	61	46	50	46	47	132	388	352	354	364	681	949	986	367	349	352	354	111	15	15
19:20:57	37.0	1056	743	577	377	269	209	176	150	130	126	114	132	1030	632	525	354	232	179	130	130	108	108	123	108	1207	1188	1202	1121	1170	1096	1183	1101	1137	1157	1134	134	1241	1398	1301	1062	1157	1140	1123	1148	1094	1091	1162	126	311	175	128	341	331	54	52	47	44	41	48	133	384	345	350	374	679	937	1006	361	343	361	361	117	11	17
19:24:57	37.0	1039	731	577	384	276	201	182	148	129	133	127	136	1004	637	520	352	239	182	141	123	110	112	114	111	1217	1178	1232	1110	1161	1100	1195	1115	1148	1178	1133	137	1265	1397	1325	1045	1148	1105	1130	1164	1089	1108	1172	130	315	172	134	348	352	59	55	43	47	51	53	123	385	346	362	377	697	957	1000	351	343	361	352	118	14	14
19:28:57	37.0	1030	736	574	393	277	206	185	154	134	130	127	141	1029	639	533	350	234	188	134	128	110	105	115	112	1208	1185	1230	1114	1195	1132	1190	1100	1145	1173	1139	129	1262	1391	1334	1059	1139	1127	1139	1189	1086	1128	1198	130	317	175	136	333	340	62	49	47	44	47	46	131	395	349	367	382	689	968	998	367	348	362	351	115	14	14
19:32:57	37.0	1047	728	588	392	277	198	180	151	135	133	124	143	1025	644	517	367	241	183	136	131	112	118	122	110	1233	1194	1221	1143	1192	1125	1180	1110	1166	1160	1126	140	1270	1405	1334	1069	1152	1143	1151	1200	1101	1125	1183	126	320	171	126	343	343	60	51	50	47	48	43	131	397	347	358	374	712	963	1007	367	354	364	364	119	14	18
19:36:57	37.0	1048	741	583	387	279	201	173	154	128	133	120	140	1029	642	535	370	248	179	140	132	111	116	114	110	1224	1196	1257	1148	1193	1132	1203	1128	1150	1195	1158	139	1265	1367	1390	1096	1156	1136	1144	1201	1109	1139	1189	128	329	174	134	345	354	62	57	46	49	48	50	128	407	358	362	383	691	987	1002	356	360	370	369	121	15	15
19:40:57	37.0	1055	743	581	389	273	204	184	146	136	125	127	142	1032	653	521	357	238	181	135	130	118	114	122	105	1244	1212	1262	1147	1197	1135	1215	1138	1182	1187	1162	137	1256	1391	1358	1060	1170	1161	1180	1194	1088	1122	1189	124	323	178	131	332	340	59	52	46	47	46	49	130	403	356	363	399	733	978	1003	375	356	370	368	114	14	14
19:44:57	37.0	1047	741	588	397	279	202	178	149	128	123	120	142	1031	647	537	362	250	189	140	134	110	117	122	118	1261	1212	1270	1142	1209	1173	1215	1127	1213	1221	1177	140	1257	1396	1364	1063	1183	1164	1168	1199	1107	1129	1192	127	328	169	133	346	339	55	50	48	47	48	47	131	412	363	370	394	704	985	1037	361	360	373	380	121	12	13
19:48:57	37.0	1058	738	579	389	273	197	188	159	131	130	124	141	1032	637	527	352	239	184	147	130	113	107	118	114	1245	1232	1274	1150	1199	1172	1205	1125	1188	1222	1174	146	1262	1402	1365	1086	1183	1169	1171	1221	1116	1137	1226	134	314	177	132	341	356	56	53	48	44	46	43	129	409	368	365	395	722	995	1010	371	358	375	368	124	12	14
19:52:57	37.0	1072	752	588	403	270	210	177	151	135	122	128	149	1060	650	540	361	238	188	141	132	100	114	128	113	1279	1233	1302	1172	1207	1173	1235	1118	1177	1218	1180	144	1283	1391	1378	1080	1187	1173	1168	1193	1114	1147	1205	130	325	176	139	345	358	57	52	46	46	46	48	135	404	366	370	393	728	991	1048	372	362	375	379	116	15	11
19:56:57	37.0	1050	746	599	394	280	211	184	156	138	139	132	147	1040	650	535	366	245	186	147	136	111	116	120	119	1240	1216	1293	1183	1243	1192	1224	1155	1198	1206	1182	140	1279	1400	1422	1077	1188	1208	1171	1248	1132	1153	1203	134	321	191	135	358	364	54	57	47	47	47	51	136	412	367	368	394	732	991	1019	389	363	385	371	122	16	13
20:00:57	37.0	1068	744	596	395	289	202	181	153	134	135	124	157	1046	653	529	363	238	200	139	136	111	118	125	112	1292	1208	1305	1184	1246	1202	1234	1171	1207	1253	1176	137	1267	1412	1386	1073	1205	1201	1189	1228	1142	1148	1214	136	334	182	132	347	362	53	59	49	46	48	44	135	418	381	374	406	726	1000	1056	380	375	380	379	118	12	17
20:04:57	37.0	1073	748	599	400	275	212	185	153	135	133	132	155	1055	667	535	365	247	190	144	136	112	113	119	116	1304	1246	1314	1172	1251	1227	1258	1161	1218	1244	1168	149	1293	1424	1401	1101	1204	1207	1212	1246	1122	1168	1249	141	326	180	143	361	368	59	53	47	46	46	48	138	418	368	380	405	729	1005	1044	381	376	377	375	118	16	15
20:08:57	37.0	1084	753	597	399	280	205	175	159	138	136	126	144	1058	658	545	371	245	190	143	132	119	115	122	115	1304	1247	1303	1206	1247	1202	1239	1156	1243	1244	1173	152	1284	1418	1422	1088	1195	1218	1198	1235	1128	1156	1251	133	324	178	132	350	362	63	53	45	48	45	49	137	414	376	380	405	722	1007	1064	397	373	389	393	124	13	16
20:12:57	37.0	1089	756	610	407	277	204	181	157	136	131	135	149	1078	663	540	364	245	188	139	130	113	118	112	112	1306	1249	1336	1233	1272	1213	1251	1179	1253	1283	1187	145	1300	1412	1419	1082	1203	1201	1206	1264	1156	1183	1276	140	327	178	137	364	379	62	55	44	52	41	49	139	422	377	383	393	744	997	1051	405	374	397	392	127	11	13
20:16:57	37.0	1101	735	599	397	279	215	181	151	145	123	134	155	1045	663	545	371	245	192	152	140	112	118	122	113	1289	1258	1320	1232	1270	1200	1263	1170	1237	1245	1216	151	1269	1421	1422	1095	1235	1231	1218	1272	1170	1176	1293	132	324	176	138	355	361	58	57	53	47	48	44	135	427	379	386	400	746	1016	1063	387	382	391	401	123	13	17
20:20:57	37.0	1092	756	607	414	291	215	185	158	135	131	134	148	1051	658	554	374	249	185	142	145	118	114	123	115	1320	1273	1334	1254	1281	1229	1277	1192	1242	1283	1187	150	1283	1445	1446	1105	1219	1258	1247	1279	1154	1175	1296	138	330	172	144	364	383	62	54	49	45	44	51	135	443	387	398	406	741	1027	1065	392	374	381	398	128	18	14
20:24:57	37.0	1083	755	604	406	291	204	190	158	141	134	138	151	1081	655	539	379	244	188	145	134	114	120	129	106	1334	1301	1348	1251	1306	1245	1288	1210	1264	1269	1197	148	1301	1436	1459	1090	1226	1249	1255	1253	1164	1173	1287	136	332	187	135	370	377	62	55	52	43	47	43	136	429	392	393	402	770	1046	1081	401	399	396	399	124	13	17
20:28:57	37.0	1080	765	599	408	295	220	188	148	134	127	124	154	1084	670	539	372	256	195	145	136	116	119	123	111	1321	1287	1372	1265	1298	1265	1290	1208	1258	1290	1195	148	1293	1436	1442	1111	1250	1248	1284	1276	1181	1192	1297	137	326	188	139	366	373	56	56	49	44	51	51	133	434	388	387	397	737	1015	1066	405	390	400	398	124	15	14
20:32:57	37.1	1106	770	614	401	288	215	189	158	138	141	137	151	1067	667	556	363	246	188	149	136	116	122	123	114	1346	1299	1376	1288	1309	1294	1294	1228	1273	1303	1205	150	1292	1429	1425	1109	1244	1277	1284	1299	1193	1181	1289	135	332	181	142	371	382	60	52	49	48	45	52	135	441	394	392	392	731	1051	1085	407	389	396	408	125	15	16
20:36:57	37.0	1111	770	618	409	293	212	193	159	137	137	135	146	1089	664	553	366	243	192	141	136	115	118	121	113	1384	1323	1393	1289	1332	1289	1297	1224	1277	1288	1222	152	1313	1447	1472	1124	1261	1261	1291	1290	1203	1185	1325	135	339	177	139	367	380	64	61	43	42	47	51	138	441	397	404	403	740	1035	1080	394	404	404	409	119	15	16
20:40:57	37.0	1123	780	623	409	290	208	185	163	148	132	136	149	1066	672	565	376	254	189	144	138	107	117	118	114	1365	1313	1398	1273	1326	1306	1310	1238	1287	1315	1223	146	1323	1454	1437	1113	1271	1282	1302	1283	1194	1204	1316	144	334	183	139	384	397	58	57	46	54	51	44	138	445	407	410	412	762	1058	1103	404	390	389	415	122	11	16
20:44:57	37.0	1092	761	621	418	295	212	192	160	139	136	128	157	1079	667	550	375	244	193	153	136	122	122	127	119	1392	1324	1389	1304	1325	1305	1333	1255	1306	1326	1234	150	1323	1461	1442	1080	1258	1299	1325	1322	1176	1223	1327	136	340	181	136	373	389	60	55	49	40	50	52	138	451	395	405	407	754	1036	1102	405	395	397	410	131	14	12
20:48:57	37.0	1113	774	623	410	283	223	187	159	137	140	137	160	1096	672	558	364	246	199	144	130	117	120	127	120	1371	1344	1421	1323	1360	1332	1344	1279	1327	1326	1239	149	1310	1449	1444	1125	1286	1313	1330	1319	1216	1248	1340	145	340	179	139	373	401	51	57	52	50	47	48	146	442	404	403	416	756	1052	1070	412	392	390	418	126	14	16
20:52:57	37.0	1109	772	616	424	294	213	195	169	142	138	130	148	1062	667	549	375	245	192	147	134	118	109	132	120	1369	1360	1442	1321	1326	1344	1342	1268	1335	1342	1230	153	1304	1458	1456	1144	1286	1314	1332	1339	1220	1248	1340	136	342	182	142	386	397	58	55	57	50	45	51	138	452	405	412	429	755	1076	1083	411	398	391	432	131	13	11
20:56:57	37.0	1111	764	622	416	301	216	194	160	140	132	134	153	1119	683	562	372	256	197	147	139	126	115	124	111	1381	1357	1434	1332	1362	1366	1337	1271	1326	1343	1233	154	1347	1473	1458	1132	1305	1317	1338	1315	1236	1260	1373	142	347	184	146	387	401	63	58	52	50	46	50	140	448	408	406	418	750	1064	1088	417	405	401	423	128	13	14
21:00:57	37.0	1123	777	616	403	302	213	195	164	138	138	132	154	1094	673	565	369	257	192	147	137	114	125	129	118	1387	1348	1430	1348	1360	1339	1360	1286	1354	1343	1261	142	1323	1492	1478	1149	1303	1327	1325	1340	1239	1266	1386	134	341	184	144	379	391	65	57	49	45	45	55	142	457	407	414	424	747	1077	1108	433	407	402	413	125	16	14
21:04:57	37.0	1113	790	628	401	301	218	198	164	143	136	131	148	1070	683	560	385	258	206	149	136	120	124	129	119	1401	1372	1448	1331	1356	1350	1354	1302	1338	1341	1274	147	1332	1499	1488	1141	1300	1367	1363	1339	1231	1256	1370	139	335	189	146	391	405	59	59	52	44	50	53	142	458	404	413	425	745	1072	1101	422	415	397	430	124	14	15
21:08:57	37.0	1131	777	632	407	289	213	187	161	147	140	139	157	1095	689	569	378	265	191	146	137	123	118	128	118	1433	1390	1457	1372	1375	1340	1371	1327	1379	1365	1280	149	1310	1480	1492	1177	1314	1360	1352	1344	1245	1282	1382	133	350	183	144	387	405	63	59	50	50	49	55	148	458	420	402	429	742	1083	1104	427	420	406	416	126	15	9
21:12:57	37.0	1135	781	637	418	288	223	193	169	147	135	140	147	1102	680	561	372	250	196	151	139	118	119	125	120	1446	1404	1468	1390	1394	1397	1383	1321	1367	1377	1294	153	1351	1500	1471	1206	1305	1320	1379	1346	1238	1290	1399	144	348	181	137	393	416	63	55	51	46	50	48	149	464	413	425	435	755	1074	1114	441	407	410	444	128	9	15
21:16:57	37.0	1145	788	643	409	305	227	197	168	143	137	136	162	1120	675	566	381	264	193	148	137	117	124	128	123	1438	1432	1467	1398	1395	1385	1394	1341	1389	1381	1284	153	1358	1505	1504	1192	1342	1369	1385	1362	1262	1301	1392	138	346	192	143	390	406	60	59	47	51	51	53	139	466	427	414	435	764	1095	1111	431	415	397	429	126	11	14
21:20:57	37.0	1112	772	627	424	308	223	195	163	143	145	136	156	1106	680	568	374	263	202	148	143	115	128	133	117	1477	1396	1484	1411	1428	1390	1392	1346	1379	1389	1268	150	1356	1483	1498	1223	1361	1389	1385	1347	1245	1314	1406	136	341	190	142	386	411	62	59	51	52	47	52	143	448	414	426	441	770	1094	1103	434	407	410	422	121	15	16
21:24:57	37.0	1151	786	634	427	307	227	194	164	146	138	136	156	1108	702	569	378	261	202	159	135	124	126	133	126	1481	1444	1476	1422	1425	1420	1423	1373	1420	1420	1293	154	1349	1526	1486	1237	1370	1410	1405	1363	1271	1312	1414	132	347	184	143	404	417	66	59	57	52	46	52	139	452	424	425	433	795	1101	1111	434	418	415	439	131	12	15
21:28:57	37.0	1170	791	651	438	305	226	202	163	149	138	138	163	1115	686	560	389	270	202	147	137	120	123	130	116	1474	1473	1501	1429	1421	1419	1429	1372	1401	1423	1314	158	1344	1525	1548	1234	1372	1391	1404	1403	1259	1302	1419	147	344	187	147	396	417	60	55	52	50	54	52	147	461	421	428	445	793	1110	1136	433	426	423	434	126	14	13
21:32:57	37.0	1155	804	626	423	292	222	196	158	150	139	136	156	1136	702	569	391	255	197	152	133	118	119	135	131	1488	1460	1512	1438	1441	1424	1450	1413	1422	1427	1328	155	1366	1534	1523	1257	1391	1418	1414	1416	1284	1351	1452	138	346	186	141	392	403	61	58	47	48	48	55	144	475	439	432	444	786	1106	1144	444	419	422	444	127	11	13
21:36:57	37.0	1181	786	644	419	289	221	203	161	148	140	140	158	1117	701	582	382	264	209	148	140	119	124	129	123	1504	1474	1494	1417	1457	1434	1471	1402	1422	1445	1324	152	1337	1535	1528	1262	1410	1411	1413	1404	1284	1360	1453	137	349	189	137	399	429	56	56	46	47	52	52	143	451	428	430	447	802	1107	1137	442	426	429	441	127	19	14
21:40:57	37.0	1158	798	638	446	311	223	189	163	151	142	138	164	1138	687	571	394	265	200	154	147	127	116	131	124	1513	1507	1540	1461	1445	1448	1455	1413	1440	1418	1341	149	1391	1525	1527	1273	1410	1424	1460	1431	1263	1361	1459	139	346	186	146	401	429	64	58	52	48	51	50	145	457	432	443	450	803	1137	1159	437	428	426	451	133	18	19
21:44:57	37.0	1153	811	663	420	317	221	201	161	149	133	135	159	1142	703	570	389	260	195	150	144	126	122	137	125	1547	1491	1488	1477	1444	1442	1459	1428	1472	1431	1338	157	1367	1543	1508	1293	1428	1446	1450	1456	1290	1362	1459	139	343	185	148	404	426	63	59	49	51	51	52	143	470	437	425	455	805	1113	1166	443	430	422	458	123	15	12
21:48:57	37.0	1172	809	647	429	315	228	202	177	150	138	145	157	1125	704	571	399	268	201	155	136	121	117	129	129	1558	1503	1550	1473	1479	1446	1475	1417	1446	1471	1360	155	1387	1551	1535	1314	1412	1439	1471	1459	1316	1375	1461	141	349	187	148	410	417	61	58	56	47	51	51	148	483	443	428	448	801	1102	1161	445	426	441	449	130	17	10
21:52:57	37.0	1187	800	651	424	314	223	195	170	149	146	130	166	1133	718	560	384	261	198	149	141	132	128	134	127	1558	1518	1591	1458	1512	1479	1468	1436	1480	1488	1374	160	1379	1514	1557	1321	1448	1435	1453	1464	1315	1375	1488	140	353	197	147	417	434	63	58	47	52	50	51	151	484	450	429	460	787	1127	1177	448	435	439	449	133	13	12
21:56:57	37.0	1190	803	659	429	308	227	201	171	154	144	138	158	1137	705	584	379	267	199	158	144	126	125	129	131	1576	1556	1577	1495	1493	1478	1521	1469	1494	1479	1357	161	1388	1542	1533	1303	1460	1477	1494	1457	1301	1408	1513	150	364	184	141	419	440	63	56	49	53	50	54	150	492	436	432	459	794	1131	1191	445	430	442	448	137	8	13
22:00:57	37.0	1184	799	659	432	316	236	194	169	146	139	140	172	1154	706	574	406	261	193	155	147	125	120	135	122	1594	1537	1575	1498	1516	1490	1502	1478	1473	1486	1370	155	1367	1565	1547	1347	1448	1473	1494	1493	1336	1393	1474	143	356	184	153	403	439	61	55	58	51	45	52	150	486	445	435	465	794	1142	1188	459	438	444	464	130	14	17
22:04:57	37.0	1178	786	648	439	313	234	206	173	145	152	144	163	1145	707	577	394	272	198	155	150	126	127	134	115	1583	1555	1580	1507	1527	1508	1531	1467	1500	1509	1369	151	1379	1570	1554	1339	1482	1477	1523	1480	1342	1427	1493	139	358	192	144	415	429	64	53	54	49	51	52	145	502	442	437	473	786	1158	1200	437	420	450	462	140	15	12
22:08:57	37.0	1185	818	651	435	317	225	200	177	142	150	150	163	1159	719	581	397	262	204	156	146	126	123	133	126	1658	1579	1600	1526	1535	1486	1513	1497	1470	1501	1391	162	1414	1578	1550	1358	1480	1476	1520	1499	1329	1432	1510	147	363	187	153	413	433	56	56	54	50	49	54	159	498	457	444	477	784	1166	1201	461	432	445	468	138	12	14
22:12:57	37.0	1180	812	676	438	307	238	210	161	143	148	137	168	1172	726	587	383	257	209	151	142	128	129	140	129	1613	1583	1597	1546	1541	1499	1527	1514	1481	1515	1392	162	1424	1535	1567	1387	1460	1505	1502	1516	1326	1414	1519	136	365	198	143	415	448	57	59	52	46	54	52	152	500	455	434	467	814	1151	1192	463	436	458	475	136	11	15
22:16:57	37.0	1198	809	646	441	314	239	197	175	151	132	144	166	1142	719	593	393	268	197	160	147	125	133	144	129	1612	1590	1628	1554	1535	1513	1536	1528	1489	1540	1418	155	1415	1576	1565	1386	1502	1513	1535	1519	1342	1441	1512	141	359	193	147	426	441	63	57	52	49	50	53	159	506	457	436	470	789	1146	1196	467	437	442	472	133	17	15
22:20:57	37.0	1192	826	647	440	307	237	205	173	152	141	138	164	1160	719	587	401	270	202	158	153	130	125	133	124	1673	1597	1624	1549	1550	1507	1563	1522	1461	1547	1409	172	1427	1575	1576	1367	1479	1545	1555	1532	1356	1478	1549	140	357	189	142	427	433	62	57	57	51	55	55	160	505	460	436	475	798	1150	1211	460	440	459	476	139	14	16
22:24:57	37.0	1193	822	665	438	319	240	201	169	155	144	142	171	1182	720	585	399	271	197	160	152	128	125	140	123	1616	1599	1644	1552	1580	1504	1544	1534	1473	1545	1409	163	1436	1579	1563	1414	1502	1522	1549	1544	1363	1459	1540	146	365	185	148	426	450	64	55	54	47	44	52	158	518	466	454	469	810	1201	1229	478	448	455	473	140	14	13
22:28:57	37.0	1224	844	682	439	315	230	205	177	150	153	149	175	1206	724	589	388	279	210	152	144	125	124	133	129	1629	1643	1613	1560	1574	1523	1592	1574	1490	1538	1454	164	1437	1622	1559	1411	1518	1531	1549	1532	1371	1480	1557	146	363	197	148	420	449	59	57	56	54	48	50	151	503	459	452	485	808	1186	1228	469	449	459	476	141	14	13
22:32:57	37.0	1227	834	677	449	318	236	211	168	153	148	145	173	1151	730	615	393	269	208	159	150	131	128	137	128	1623	1662	1629	1590	1582	1516	1596	1587	1501	1571	1455	168	1454	1605	1588	1436	1552	1550	1566	1548	1377	1486	1563	149	366	198	150	433	461	62	61	54	50	51	54	154	516	478	459	480	799	1176	1247	460	460	456	488	138	11	15
22:36:57	37.0	1188	820	690	440	315	241	210	174	160	146	145	171	1171	731	586	399	265	205	159	151	123	126	138	131	1620	1646	1638	1591	1604	1535	1597	1584	1501	1562	1438	171	1450	1622	1584	1453	1521	1534	1567	1549	1404	1496	1577	146	368	196	145	439	465	64	58	59	53	46	56	159	532	481	461	498	805	1201	1233	493	452	469	475	139	12	13
22:40:57	37.0	1195	832	667	448	326	236	215	179	158	148	144	170	1215	715	596	389	269	214	155	148	129	130	130	133	1650	1652	1661	1619	1628	1552	1572	1591	1505	1592	1434	161	1456	1658	1571	1468	1522	1539	1572	1541	1397	1515	1592	150	364	191	147	440	460	63	54	52	49	46	54	159	521	486	458	498	819	1218	1266	488	454	466	489	135	13	10
22:44:57	37.0	1220	819	695	445	325	238	208	179	152	145	146	174	1189	727	609	403	275	205	158	146	126	126	140	132	1649	1706	1649	1626	1639	1541	1610	1629	1481	1589	1474	161	1458	1644	1596	1463	1543	1551	1583	1549	1394	1499	1583	149	362	203	147	442	468	66	53	51	50	55	51	150	511	481	451	494	820	1181	1240	496	466	453	473	137	18	16
22:48:57	37.0	1211	825	680	453	313	242	201	180	153	143	147	168	1214	751	608	403	274	214	157	156	126	129	138	134	1636	1674	1656	1654	1643	1531	1610	1622	1498	1589	1469	168	1487	1656	1585	1482	1541	1564	1593	1562	1426	1532	1612	145	370	194	149	432	475	60	62	59	52	47	53	160	523	489	470	491	809	1205	1232	503	457	464	491	139	11	11
22:52:57	37.0	1232	817	689	450	322	238	214	175	160	152	144	170	1192	736	605	398	275	200	154	153	128	132	142	131	1652	1702	1645	1657	1666	1564	1648	1620	1498	1605	1510	165	1473	1656	1592	1503	1570	1578	1608	1561	1427	1504	1594	153	347	196	145	440	473	59	63	58	50	49	55	159	527	502	465	475	823	1229	1263	496	476	476	494	139	18	14
22:56:57	37.0	1218	827	697	463	333	243	206	173	146	152	142	179	1218	728	602	399	278	208	164	145	129	124	136	130	1655	1721	1669	1645	1671	1552	1642	1653	1508	1604	1498	161	1480	1686	1592	1513	1569	1568	1604	1568	1420	1541	1627	147	371	199	153	439	474	61	54	53	45	52	52	157	511	497	479	504	801	1229	1266	489	465	481	505	147	14	13
23:00:57	37.0	1236	834	688	446	315	240	212	173	155	146	145	174	1213	741	599	401	275	210	156	155	122	132	135	132	1660	1741	1680	1654	1668	1572	1632	1677	1543	1632	1501	167	1487	1656	1588	1512	1567	1611	1611	1586	1432	1547	1609	146	383	199	152	458	474	58	54	56	55	53	53	156	526	508	459	511	812	1235	1276	485	454	475	494	144	13	18
23:04:57	37.0	1236	840	691	465	322	243	207	180	152	148	154	171	1222	747	611	404	286	211	161	146	131	132	137	131	1666	1764	1665	1644	1682	1569	1619	1687	1542	1641	1504	162	1508	1685	1604	1540	1599	1577	1657	1575	1458	1552	1626	142	365	205	153	449	485	57	64	52	48	50	55	166	521	493	472	503	814	1239	1270	494	478	484	496	141	7	15
23:08:57	37.0	1215	855	714	458	319	248	209	176	151	149	146	180	1225	756	593	395	280	210	167	152	129	129	143	132	1682	1766	1666	1672	1697	1553	1660	1723	1522	1666	1541	171	1495	1665	1630	1525	1595	1607	1645	1584	1461	1577	1620	146	376	202	147	451	475	66	56	51	50	58	56	162	530	496	475	509	807	1259	1285	502	474	468	520	139	17	14
23:12:57	37.0	1273	842	712	461	330	244	215	175	165	145	149	179	1233	744	611	401	271	212	166	154	134	136	141	129	1720	1750	1699	1702	1690	1612	1623	1712	1561	1672	1531	168	1533	1657	1641	1557	1608	1619	1645	1612	1461	1586	1651	146	375	202	154	454	485	68	64	60	52	51	53	158	536	509	484	521	827	1259	1271	513	489	473	515	140	15	16
23:16:57	37.0	1238	869	708	465	328	241	215	181	160	157	142	180	1235	751	603	406	289	222	170	149	130	135	141	136	1747	1801	1719	1702	1724	1596	1660	1723	1549	1683	1533	168	1532	1695	1641	1581	1609	1599	1644	1612	1460	1605	1650	155	373	199	144	455	486	62	63	52	53	46	54	157	522	513	477	509	832	1263	1287	513	461	483	505	145	12	14
23:20:57	37.0	1260	855	706	454	334	243	215	177	160	145	155	178	1245	743	607	402	282	207	159	148	128	131	139	140	1709	1803	1716	1726	1732	1580	1645	1723	1556	1704	1522	173	1499	1685	1645	1578	1648	1602	1652	1635	1513	1616	1672	149	371	201	151	462	498	71	62	50	49	52	56	162	539	512	489	517	812	1260	1291	520	480	470	510	140	15	11
23:24:57	37.0	1246	859	727	472	325	239	224	179	151	153	151	180	1251	766	618	411	286	208	164	153	132	134	148	135	1734	1815	1720	1713	1735	1588	1677	1732	1567	1712	1533	175	1532	1710	1640	1596	1651	1619	1681	1632	1491	1631	1678	147	369	203	147	459	495	63	60	49	54	55	53	171	530	524	495	500	818	1276	1288	526	489	479	516	146	12	11
23:28:57	37.0	1234	866	717	456	318	247	214	181	161	166	148	173	1247	778	617	414	270	222	170	153	126	131	142	136	1732	1812	1715	1731	1774	1600	1683	1766	1579	1709	1524	172	1553	1714	1647	1590	1664	1586	1682	1627	1494	1635	1672	152	362	197	153	460	485	68	59	54	53	54	56	161	539	509	493	522	821	1285	1312	504	491	480	516	152	14	17
23:32:57	37.0	1275	863	726	470	331	244	223	183	155	150	153	181	1230	767	606	405	286	214	165	161	130	131	142	143	1759	1843	1719	1740	1744	1632	1706	1775	1591	1704	1541	172	1568	1742	1640	1636	1667	1634	1693	1640	1506	1630	1698	154	381	206	156	465	504	68	58	60	51	54	57	164	544	524	490	528	850	1282	1323	511	483	490	530	144	15	16
23:36:57	37.0	1281	867	729	481	326	254	219	186	164	154	155	190	1263	772	620	415	280	212	165	150	138	138	139	140	1746	1815	1754	1750	1749	1616	1708	1779	1600	1727	1562	176	1550	1723	1642	1644	1677	1617	1726	1637	1542	1642	1711	152	374	203	155	442	500	68	57	51	53	53	56	164	537	525	498	520	833	1306	1329	497	484	503	521	144	13	16
23:40:57	37.0	1271	883	734	462	322	263	217	190	164	148	154	186	1221	777	615	414	285	218	161	152	139	133	141	135	1784	1842	1766	1747	1789	1657	1676	1788	1586	1756	1554	174	1574	1746	1676	1626	1695	1624	1727	1653	1537	1668	1666	146	381	202	143	455	511	62	61	55	56	51	56	164	531	515	502	518	841	1299	1318	514	491	501	512	142	11	14
23:44:57	37.0	1278	865	742	481	337	250	219	186	167	150	153	178	1244	778	597	412	288	211	164	158	130	136	141	134	1820	1857	1722	1750	1781	1635	1715	1805	1584	1754	1542	175	1583	1752	1666	1674	1723	1642	1744	1657	1561	1654	1710	152	373	208	153	469	510	60	62	54	49	54	54	168	550	510	503	524	838	1316	1310	514	493	517	517	148	9	17
23:48:57	37.0	1269	874	726	472	336	254	212	184	155	161	152	183	1237	786	615	416	283	207	169	150	130	134	138	136	1808	1848	1757	1825	1769	1630	1709	1818	1606	1767	1555	168	1573	1772	1675	1676	1720	1651	1738	1670	1582	1654	1733	151	375	202	156	448	494	61	61	57	51	56	54	159	534	526	503	520	838	1302	1332	521	501	499	529	145	19	14
23:52:57	37.0	1289	883	742	476	340	262	233	189	159	151	152	183	1251	767	631	412	286	216	169	163	133	140	145	140	1812	1882	1763	1788	1811	1647	1697	1850	1619	1778	1570	173	1589	1762	1644	1678	1694	1638	1779	1695	1587	1661	1725	150	384	212	158	474	520	69	69	58	57	55	59	164	556	524	503	540	845	1310	1347	533	491	498	519	154	13	14
23:56:57	37.0	1279	874	734	482	334	251	231	186	164	156	161	183	1262	773	627	416	276	219	165	166	136	131	145	143	1824	1896	1787	1771	1799	1653	1740	1836	1626	1804	1577	170	1571	1769	1671	1718	1740	1658	1754	1708	1603	1663	1744	160	395	214	158	460	513	64	59	50	53	55	58	166	549	536	516	535	825	1318	1357	510	510	509	536	144	11	16
24:00:57	37.1	1286	878	741	482	334	251	225	186	166	155	157	181	1274	782	635	427	292	211	177	158	134	135	144	145	1820	1879	1826	1800	1815	1664	1711	1854	1659	1817	1610	174	1611	1785	1684	1731	1758	1680	1775	1713	1620	1685	1739	153	392	208	152	472	514	68	55	54	52	55	58	166	555	533	518	529	853	1344	1359	533	508	508	537	153	15	15

BFP and GFP:370,445

Time	T° BFP and GFP:370,445	B1	B2	B3	B4	B5	B6	B7	B8	B9	B10	B11	B12	C1	C2	C3	C4	C5	C6	C7	C8	C9	C10	C11	C12	D1	D2	D3	D4	D5	D6	D7	D8	D9	D10	D11	D12	E1	E2	E3	E4	E5	E6	E7	E8	E9	E10	E11	E12	F1	F2	F3	F4	F5	F6	F7	F8	F9	F10	F11	F12	G1	G2	G3	G4	G5	G6	G7	G8	G9	G10	G11	G12	H11	H12
0:01:40	37.0	21116	21343	21249	21469	21616	21506	21475	21740	21478	21482	21354	22192	21224	21911	21805	21917	22424	22065	22171	22579	21921	21973	22123	22532	21403	21771	21819	21927	22186	22320	22236	22168	22482	22171	21926	22411	21043	21549	21575	23653	21984	21964	22137	22324	22241	22127	22225	22603	20904	22095	21781	21916	22253	21942	21898	22561	22134	21985	22292	22528	21240	21952	21807	21776	21936	22069	21840	21994	22100	22075	22167	22349	20176	20152
0:05:40	36.9	20396	20856	20775	20695	20805	20763	20862	21141	20886	20995	20795	21403	20591	21372	21120	21319	21732	21401	21572	21759	21366	21264	21558	21763	20686	21162	21304	21233	21484	21608	21576	21716	21659	21477	21486	21835	20397	21044	21029	23281	21444	21453	21503	21805	21662	21481	21530	21909	20449	21644	21126	21344	21609	21274	21319	21773	21392	21352	21592	21750	20731	21304	20973	21150	21468	21296	21234	21206	21482	21465	21509	21742	19109	19497
0:09:40	37.0	19924	20375	20105	20321	20368	20302	20309	20529	20353	20323	20250	20772	19955	20851	20610	20967	21477	20910	21032	21398	20899	20742	21063	21192	20530	20696	20804	20841	21149	21319	21154	21147	21106	21156	20981	21288	20033	20661	20547	22788	21125	21081	21119	21314	21291	21147	21073	21189	19925	21197	20689	20866	21284	21150	20846	21063	20984	20734	21162	21165	20122	20684	20713	20821	20684	20766	20581	20763	20905	20871	20891	21154	18819	18918
0:13:40	37.0	19760	20062	19969	19982	19795	19992	19949	20113	20090	20042	19823	20308	20074	20713	20276	20450	21129	20443	20621	20934	20487	20273	20549	20870	20067	20411	20461	20541	20836	20856	20849	20860	20807	20837	20679	20952	19678	20426	20151	22490	20524	20645	20721	20807	20726	20639	20571	21089	19755	20613	20472	20489	20763	20573	20631	20831	20811	20603	20691	21047	20009	20418	20531	20476	20417	20287	20202	20434	20593	20501	20574	20701	18360	18581
0:17:40	37.0	19624	19775	19630	19671	19746	19680	19515	19967	19889	19840	19746	20236	19767	20489	20130	20266	20674	20127	20221	20719	20080	20148	20311	20583	19873	20299	20398	20246	20510	20574	20269	20593	20640	20431	20394	20546	19441	20232	20115	22062	20459	20251	20480	20842	20483	20375	20377	20832	19733	20695	19970	20215	20498	20212	20350	20493	20454	20256	20402	20692	19919	20195	20242	20091	20193	20177	20090	20179	20473	20233	20100	20628	18103	18479
0:21:40	37.0	19352	19589	19435	19630	19529	19416	19556	19745	19735	19584	19730	20074	19499	20120	19808	20106	20495	19855	20053	20523	20047	19928	20043	20683	19585	20143	20050	20136	20404	20496	20266	20305	20364	20267	20270	20573	19391	19987	19900	22053	20334	19994	20408	20412	20377	20244	20116	20566	19446	20460	19830	20072	20316	20158	19956	20383	20438	19967	20109	20426	19709	20039	20049	19933	20125	19951	19730	20024	20190	20091	20149	20417	17993	18145
0:25:40	37.0	19131	19695	19499	19355	19370	19458	19464	19695	19596	19219	19492	19941	19620	20016	19694	19800	20323	19723	20151	20328	19817	19845	20028	20334	19637	19968	19862	20017	20210	20246	20138	20330	20119	20275	20034	20320	19386	19788	19748	21746	19965	20017	20128	20284	20309	20071	19981	20350	19298	20191	19773	19913	20201	19845	19945	20239	20175	19933	20128	20510	19646	19883	20001	20066	20034	19804	19746	19968	20047	19874	20001	20334	17918	18113
0:29:40	37.0	19418	19434	19393	19388	19494	19258	19389	19641	19521	19357	19489	19725	19475	20070	19754	19893	20348	19586	19967	20112	19599	19625	19958	20163	19581	19879	20058	19949	20016	19912	20022	20114	20098	20092	19959	20280	19131	19772	19740	21524	19965	19929	20096	20199	20082	20076	19791	20519	19201	20031	19672	19692	19937	19862	19897	20112	20006	19943	20143	20358	19557	19846	19860	19869	19849	19851	19854	19897	19994	19938	19964	20368	17950	18087
0:33:40	37.0	19239	19358	19160	19301	19279	19244	19222	19668	19431	19259	19274	19915	19265	19994	19630	19802	20005	19721	19674	20120	19759	19603	20052	20171	19315	19725	19857	19753	19707	19845	19903	19875	19830	19931	19917	20239	19137	19651	19616	21594	19909	19708	19894	19891	20064	19851	19841	20228	19059	19947	19559	19493	19944	19759	19760	19939	19872	19771	20026	20298	19505	19705	19955	19625	19764	19526	19438	19689	19821	19717	19727	20264	17637	18147
0:37:40	37.0	19218	19464	19189	19209	19278	19079	19387	19450	19278	19287	19389	19629	19192	19898	19467	19639	20212	19507	19649	20043	19580	19384	19865	20097	19270	19701	19712	19591	19865	19820	19779	19918	19750	19716	19810	20008	19145	19656	19510	21288	19707	19555	19656	20114	19801	19806	19789	20292	19002	19927	19449	19425	19846	19661	19812	19911	19834	19699	19830	20217	19290	19607	19794	19687	19771	19545	19285	19719	19860	19710	19740	20233	17678	17913
0:41:40	37.0	19039	19437	19255	19247	19498	19059	19162	19505	19380	19262	19445	19613	19282	19955	19467	19641	20064	19602	19554	19816	19633	19330	19815	20170	19223	19706	19560	19697	19844	19875	19823	20091	20100	19821	19729	20122	18931	19414	19479	21285	19703	19700	19782	19899	19943	19664	19694	20265	19012	20059	19423	19539	19732	19631	19751	19726	19787	19627	19825	20296	19458	19775	19871	19576	19711	19624	19370	19758	19833	19541	19796	20332	17820	17942
0:45:40	37.0	19039	19454	19145	19047	19235	19069	19208	19460	19278	19216	19067	19469	19123	19778	19377	19580	19951	19442	19776	19964	19555	19388	19737	20014	19322	19554	19695	19567	19698	19678	19764	19851	19852	19736	19629	20120	18935	19485	19328	21338	19674	19624	19815	19997	19720	19614	19640	20194	19107	19977	19459	19338	19607	19486	19627	19954	19669	19688	19815	20342	19209	19542	19559	19598	19527	19420	19341	19589	19772	19463	19534	20222	17581	17967
0:49:40	37.0	18861	19305	19262	19125	19191	19114	19194	19406	19297	19168	19190	19675	19180	19758	19503	19595	19928	19523	19574	19776	19539	19389	19642	19970	19237	19675	19588	19479	19517	19791	19738	19812	19804	19868	19503	20073	18923	19589	19368	21267	19644	19402	19732	19727	19973	19772	19704	20185	19016	19823	19357	19426	19523	19565	19570	19955	19770	19685	19866	20151	19224	19472	19617	19631	19722	19524	19365	19747	19652	19376	19749	20281	17640	17941
0:53:40	37.0	18953	19298	19154	19039	19148	19013	19075	19058	19144	19088	19242	19557	19040	19696	19557	19508	19865	19286	19422	19801	19480	19231	19684	20049	19384	19678	19559	19361	19458	19685	19673	19768	19703	19562	19610	19926	18926	19305	19088	21114	19529	19635	19633	19669	19782	19734	19499	20051	18966	19845	19288	19294	19473	19376	19574	19792	19672	19689	19607	20067	19142	19497	19677	19572	19613	19325	19239	19444	19689	19312	19555	20126	17557	17949
0:57:40	37.0	18988	19220	19248	19204	19249	18846	19075	19271	19185	19044	18928	19589	19048	19687	19374	19473	19686	19234	19533	19704	19462	19356	19596	20018	19163	19715	19552	19383	19566	19529	19586	19639	19804	19738	19555	20060	18870	19405	19306	21075	19553	19502	19559	19649	19666	19660	19636	20057	18992	19773	19259	19398	19480	19321	19537	19559	19635	19461	19750	20017	19124	19432	19547	19419	19495	19376	19167	19546	19743	19558	19533	20079	17605	17835
1:01:40	37.0	18819	19168	19114	19043	19163	18909	19135	19362	19271	19265	19007	19326	19170	19587	19248	19457	19671	19232	19535	19775	19323	19097	19582	19939	19165	19489	19554	19542	19680	19597	19580	19663	19691	19616	19529	19936	18808	19299	19356	21218	19534	19459	19659	19753	19551	19578	19443	20033	19014	19903	19354	19172	19308	19567	19529	19674	19556	19464	19777	20118	19047	19451	19519	19494	19292	19266	19181	19484	19544	19374	19495	20110	17521	17741
1:05:40	37.0	18867	19095	19097	19037	19176	18914	18944	19244	19147	19060	18927	19373	19086	19617	19311	19362	19543	19317	19459	19742	19483	19158	19508	19937	19271	19526	19463	19386	19387	19581	19636	19574	19750	19702	19475	20181	18953	19383	19190	21044	19357	19409	19565	19515	19648	19663	19580	20026	18883	19874	19147	19179	19305	19266	19629	19717	19515	19366	19649	20021	19024	19469	19634	19354	19418	19151	19194	19440	19544	19364	19458	20061	17498	17669
1:09:40	37.0	18744	19310	19083	18973	19004	18870	19103	19282	19113	19036	18992	19407	19048	19668	19419	19419	19445	19185	19521	19773	19270	19179	19326	19993	19053	19359	19429	19330	19643	19663	19483	19850	19630	19536	19435	19877	18914	19267	19095	21011	19455	19314	19684	19706	19608	19505	19467	19989	18922	19717	19259	19238	19340	19332	19381	19624	19421	19566	19820	20184	19021	19345	19387	19418	19694	19132	19163	19503	19511	19410	19494	20044	17588	17834
1:13:40	37.0	18868	19113	19039	18866	18982	18917	18912	19095	19010	18986	18982	19448	18942	19570	19374	19108	19576	19192	19311	19767	19147	19120	19457	19929	19074	19308	19303	19332	19448	19475	19546	19629	19520	19576	19425	19925	18757	19261	19273	21000	19312	19422	19574	19550	19539	19412	19333	19994	18686	19702	19054	19099	19349	19181	19422	19471	19479	19283	19626	20030	18946	19309	19405	19340	19277	19212	19008	19327	19421	19449	19330	20120	17407	17584
1:17:40	37.0	18786	18975	19011	18824	18953	18897	18776	19119	19031	19017	19002	19210	18933	19460	19130	19195	19546	19118	19308	19629	19038	19042	19326	19852	19019	19373	19327	19387	19530	19564	19473	19639	19557	19733	19550	19986	18870	19172	19180	20987	19393	19502	19414	19625	19447	19497	19433	19906	18864	19485	19129	19046	19351	19316	19427	19459	19456	19319	19546	20107	18992	19339	19584	19362	19459	19066	19044	19431	19296	19321	19379	19928	17479	17637
1:21:40	37.0	18891	19024	18758	18939	19049	18894	18885	19016	19062	18937	18968	19316	18845	19463	19119	19197	19409	19071	19234	19612	19161	19034	19151	19915	18889	19427	19421	19142	19500	19390	19450	19529	19497	19504	19514	19898	18599	19167	19112	21147	19456	19273	19483	19477	19488	19541	19375	19950	18631	19648	19075	19132	19200	19077	19197	19413	19280	19199	19527	20046	18948	19263	19463	19271	19098	19202	19131	19337	19358	19302	19318	19968	17368	17580
1:25:40	37.0	18701	19009	18921	18833	18855	18808	18785	18998	18947	18913	18691	19216	18713	19256	19066	19055	19278	19043	19127	19514	19084	18962	19222	19998	18934	19322	19376	19315	19278	19459	19370	19332	19589	19433	19372	19769	18694	19099	19059	21072	19279	19468	19313	19600	19349	19575	19356	20026	18660	19442	18965	18829	19060	19220	19248	19304	19336	19224	19287	19959	18727	19154	19196	19215	19002	18956	18979	19232	19304	19160	19449	19976	17114	17572
1:29:40	37.0	18615	18871	18902	18654	18865	18724	18747	18827	18856	18904	18819	19089	18773	19475	19077	19079	19337	18896	19192	19406	18945	18859	19160	19739	18893	19463	19361	19097	19338	19436	19536	19390	19545	19249	19438	19564	18580	19175	18958	21071	19183	19192	19375	19289	19222	19433	19244	19775	18619	19541	18947	18877	19198	19016	19295	19208	19155	19130	19352	19742	18657	18949	19239	19039	19202	18911	18866	19085	19155	19043	19161	19931	17254	17557
1:33:40	37.0	18489	18744	18643	18621	18760	18532	18620	18783	18732	18682	18673	18877	18835	19242	18987	19012	19115	18921	19091	19182	18823	18894	19074	19826	18844	19193	19120	19138	19341	19112	19268	19352	19377	19219	19211	19553	18599	18946	19027	20791	19164	19040	19288	19354	19174	19393	19106	19769	18472	19374	18832	18952	19044	18972	19078	19190	19212	18955	19007	19854	18624	19017	19058	18954	18961	18877	18783	19059	19140	19088	19076	20006	17131	17296
1:37:40	37.0	18421	18679	18643	18573	18615	18535	18666	18678	18658	18684	18537	18970	18679	19298	18803	18968	19201	18797	18976	19285	18758	18677	18962	19705	18716	19139	19072	18978	19294	19231	19064	19301	19178	19336	19089	19647	18547	18863	18761	20602	19188	19033	19249	19233	19261	19318	19126	19749	18477	19329	18764	18756	18925	18854	19077	19087	19085	19004	19182	19652	18491	18810	19069	19073	18891	18825	18703	18893	19194	18889	19025	19773	17122	17362
1:41:40	37.0	18392	18728	18698	18434	18599	18539	18439	18715	18647	18542	18671	18722	18617	19006	18818	18866	19009	18851	18951	18988	18552	18683	18775	19523	18714	19109	19077	19069	19123	19114	19220	19017	19069	19063	19161	19260	18553	18869	18798	20770	18933	18981	19248	19214	19015	19137	19009	19655	18494	19085	18653	18830	18817	18688	18852	19063	19019	19025	19039	19705	18404	18770	18839	18945	18714	18674	18468	18762	18902	18707	18962	19748	16984	17365
1:45:40	37.0	18246	18532	18464	18387	18557	18348	18449	18773	18391	18450	18566	18670	18527	19165	18727	18776	19112	18621	18971	19103	18696	18579	18797	19530	18748	19090	18938	18932	18933	18878	19048	19142	19232	19068	19008	19157	18364	18898	18695	20581	18948	18846	19172	19077	18948	18945	18757	19498	18321	19055	18558	18489	18740	18684	18722	19018	18913	18963	18880	19557	18412	18649	18793	18734	18600	18567	18539	18690	18889	18584	18798	19743	16921	17277
1:49:40	37.0	18283	18613	18494	18336	18563	18415	18557	18609	18455	18480	18283	18723	18467	19130	18612	18759	18971	18588	18909	18770	18738	18586	18723	19599	18655	18953	18979	18910	18998	18997	18918	19040	19093	18906	18948	19188	18359	18683	18660	20454	18805	18893	19013	18959	18802	18819	18796	19265	18134	18989	18595	18509	18397	18614	18772	18783	18761	18690	18655	19467	18271	18508	18675	18682	18598	18474	18429	18503	18609	18542	18659	19598	16906	17226
1:53:40	37.0	18235	18445	18369	18290	18220	18186	18319	18483	18371	18414	18297	18596	18487	18909	18675	18743	18882	18683	18800	19093	18511	18523	18691	19465	18559	19078	18755	18598	18774	19050	18896	19013	18986	18831	18842	19004	18267	18676	18529	20454	18790	18759	18957	19066	18888	18837	18882	19218	18125	18976	18484	18315	18358	18416	18521	18564	18578	18466	18591	19348	18045	18473	18577	18632	18454	18593	18325	18538	18576	18447	18693	19696	16820	17051
1:57:40	37.0	18172	18326	18383	18285	18330	18191	18249	18606	18543	18487	18331	18488	18372	18965	18633	18797	18897	18380	18566	18951	18263	18470	18769	19394	18436	18749	18723	18574	18784	18913	18706	18862	18833	18999	18765	19064	18173	18461	18573	20294	18694	18612	18880	18914	18774	18671	18887	19171	17934	18663	18376	18378	18430	18470	18625	18622	18561	18609	18494	19388	18076	18441	18589	18540	18374	18274	18152	18509	18384	18318	18567	19625	16619	17141
2:01:40	37.0	18121	18336	18271	18329	18322	18415	18324	18351	18445	18349	18336	18250	18255	18832	18489	18945	18758	18559	18783	18792	18264	18385	18915	19426	18352	18514	18677	18470	18602	18759	18761	18462	18594	18843	18651	18916	18074	18300	18552	20188	18558	18576	18753	18673	18785	18624	18617	19092	17698	18594	18253	18253	18298	18275	18371	18558	18407	18285	18316	19106	17925	18323	18337	18354	18432	18092	18056	18251	18405	18272	18485	19634	16684	16906
2:05:40	37.0	18084	18299	18279	18186	18394	18278	18420	18439	18353	18319	18379	18532	18279	18761	18544	18772	18872	18565	18675	18973	18327	18585	18796	19429	18209	18516	18553	18498	18558	18518	18524	18551	18618	18616	18502	18924	18030	18325	18067	20173	18380	18425	18463	18569	18390	18518	18309	19126	17769	18555	18112	18136	18295	18320	18433	18448	18331	18241	18297	19265	17796	18248	18124	18203	18051	18019	17963	18083	18265	18086	18148	19663	16619	16888
2:09:40	37.0	18230	18292	18350	18150	18377	18357	18361	18423	18319	18549	18412	18586	18442	18753	18648	18870	18933	18450	18722	18950	18316	18430	18704	19344	18299	18474	18353	18302	18438	18400	18474	18545	18505	18542	18514	18747	18139	18243	18156	20049	18254	18376	18373	18472	18206	18464	18394	19161	17716	18473	18050	18073	18089	18291	18270	18514	18398	18293	18156	19295	17615	17991	18121	18072	17965	17932	17675	17979	18113	17929	18060	19493	16470	16893
2:13:40	37.0	18071	18135	18375	18250	18263	18231	18298	18545	18418	18347	18450	18711	18351	18769	18527	18622	18910	18545	18948	18875	18344	18611	18812	19514	18445	18216	18444	18319	18371	18374	18300	18319	18440	18456	18335	18781	17996	18187	18012	20048	18143	18146	18216	18538	18194	18284	18352	19112	17521	18476	17947	18033	18128	18164	18121	18474	18340	18216	17914	19232	17516	17879	17943	17999	17811	17904	17461	17881	18079	17738	17930	19607	16414	16963
2:17:40	37.0	18039	18364	18322	18114	18254	18264	18540	18511	18406	18384	18441	18677	18222	18756	18542	18620	18924	18577	18891	18812	18252	18556	18790	19378	18412	18344	18224	18154	18049	18250	18108	18264	18363	18507	18319	19070	17986	18307	18000	19873	17990	18229	18068	18226	18168	18111	18182	19001	17562	18279	18035	17998	18189	18195	18054	18423	18385	18281	17947	19302	17461	17816	17873	17787	17737	17607	17300	17726	17900	17539	17940	19635	16479	16865
2:21:40	37.0	18077	18296	18233	18424	18584	18255	18432	18529	18351	18383	18396	18833	18191	18699	18549	18652	19107	18680	18938	18943	18331	18604	18853	19524	18207	18355	18353	17922	18234	18208	18139	18120	18318	18236	18265	18931	17920	18154	18021	19630	18005	18027	17999	18230	18150	17977	17927	19284	17337	18233	18088	17975	17965	17947	18232	18335	18152	18078	17783	19429	17436	17791	18049	17676	17794	17668	17293	17592	17655	17458	17708	19598	16497	16975
2:25:40	37.0	18116	18258	18262	18397	18422	18440	18526	18401	18450	18533	18380	18899	18199	18771	18493	18673	18900	18640	18822	19051	18489	18746	19016	19458	18025	18153	18079	18111	18044	17893	18022	18125	18115	18211	17970	18965	17896	18122	17847	19769	18024	17938	18126	18197	18023	17943	17924	19203	17429	18193	17718	17940	17961	17967	18151	18221	18197	18062	17708	19185	17367	17488	17720	17660	17551	17420	17224	17432	17671	17416	17464	19619	16598	16822
2:29:40	37.0	17968	18123	18489	18276	18457	18383	18305	18537	18477	18427	18545	18718	18069	18594	18688	18789	19014	18803	18820	19018	18615	18694	18652	19329	18203	18234	18310	18065	18083	17925	18019	18148	18173	18047	17994	19121	17969	18084	17891	19642	17829	17954	17960	17956	17958	17946	17974	19192	17257	18103	17900	17894	17915	17829	18038	18105	18285	18087	17784	19370	17521	17632	17674	17401	17411	17137	17027	17417	17390	17141	17568	19505	16618	16893
2:33:40	37.0	17915	18205	18384	18440	18360	18383	18357	18471	18385	18616	18521	18778	18170	18827	18522	18732	19004	18623	18896	18903	18466	18652	18790	19240	18070	18175	18017	18012	17941	17887	17836	17893	18029	17997	17842	18980	17753	18181	17842	19562	17900	17803	17868	17964	17830	17900	18014	19018	17360	17953	17750	17896	17808	17908	17817	18012	18065	18044	17459	19240	17500	17566	17629	17627	17375	17095	17171	17216	17432	17269	17395	19422	16605	16826
2:37:40	37.0	18128	18399	18392	18348	18371	18205	18383	18504	18416	18444	18420	18732	18189	18719	18402	18802	19109	18616	18808	19006	18486	18612	18655	19145	18148	18121	17886	17892	17894	17963	18006	17757	18073	17899	17854	18998	17881	17958	17860	19422	17925	17751	17929	17955	17840	17746	17649	19103	17289	17968	17678	17753	17840	17946	17950	18033	18185	17949	17506	19441	17277	17455	17576	17423	17390	17045	16901	17294	17337	17186	17380	19432	16630	16851
2:41:40	37.0	17966	18263	18340	18357	18411	18367	18396	18681	18344	18436	18354	18652	18151	18706	18648	18725	19066	18620	18849	18905	18550	18506	18845	19072	18071	18194	17999	17831	17877	17855	18025	17747	17977	17896	17794	18942	17860	18108	17774	19521	17799	17824	17848	17944	17917	17789	17858	18870	17192	17835	17689	17747	17813	17979	17928	18163	17968	17980	17436	19345	17291	17545	17507	17421	17121	17061	16918	17135	17234	16963	17197	19548	16722	16861
2:45:40	37.0	17971	18307	18321	18422	18470	18291	18349	18404	18336	18329	18311	18626	18254	18746	18633	18728	18807	18690	18888	18822	18493	18577	18740	19145	18078	18208	17985	17915	17833	17973	17934	17892	17857	17801	17716	18666	17953	18081	17814	19680	17726	17792	17832	18045	17826	17729	17664	19098	17213	17858	17819	17719	17711	17877	17853	18068	18008	17987	17365	19294	17375	17421	17257	17320	17066	16936	16746	16981	17345	16870	16982	19275	16848	16649
2:49:40	37.0	17841	18410	18281	18341	18368	18375	18366	18444	18358	18225	18244	18779	18198	18622	18538	18738	18982	18754	18705	18802	18587	18537	18566	18969	18287	18226	17886	17856	17959	17793	17841	17735	18012	17803	17774	18835	17827	18060	17850	19439	17846	17708	17656	17982	17594	17485	17552	19039	17235	17879	17587	17548	17791	17856	17886	17971	18032	17763	17368	19288	17165	17203	17201	17137	17020	16811	16973	16882	17119	16825	17099	19315	16871	16859
2:53:40	37.0	17884	18240	18285	18278	18559	18315	18316	18411	18270	18396	18208	18638	18193	18766	18647	18691	18952	18708	18759	18800	18442	18391	18771	19055	18100	18068	18087	17920	17954	17834	17941	17722	17821	17779	17719	18735	17899	17963	17853	19546	17795	17660	17718	17713	17676	17663	17639	18976	17124	17903	17622	17602	17587	17760	17727	17936	17943	17949	17299	19282	17108	17235	17224	16989	16875	16791	16596	16867	16941	16705	17006	19398	16556	16910
2:57:40	37.0	17968	18349	18287	18267	18462	18213	18383	18361	18353	18218	18313	18540	18074	18688	18497	18679	18962	18593	18764	18845	18665	18605	18625	19247	18054	18169	17948	17923	17656	17794	17674	17713	17811	17721	17768	18701	17957	18116	17836	19365	17846	17782	17710	17702	17695	17590	17600	18798	17078	17706	17430	17493	17532	17726	17770	18011	17883	17870	17095	19249	17118	17229	17217	17252	16803	16801	16499	16723	17028	16814	16804	19294	16605	16770
3:01:40	37.0	18129	18173	18148	18282	18347	18089	18399	18471	18308	18267	18242	18487	18302	18723	18584	18462	18879	18560	18818	18819	18357	18620	18584	19000	18391	18111	17949	17816	17558	17777	17672	17766	17731	17664	17577	18861	17943	18017	17745	19506	17640	17578	17677	17604	17688	17535	17562	18919	17081	17863	17355	17449	17597	17766	17697	18001	18020	17759	17026	19190	17095	17023	17095	16979	16766	16696	16498	16678	16960	16630	16822	19490	16614	16780
3:05:40	37.0	17886	18242	18196	18308	18275	18295	18292	18272	18383	18297	18240	18474	18096	18761	18540	18627	19088	18534	18735	18960	18546	18487	18511	18958	18289	18273	17897	17627	17803	17660	17802	17752	17759	17711	17498	18656	17956	18080	17738	19529	17747	17714	17675	17772	17714	17546	17451	18880	16869	17714	17491	17409	17559	17647	17651	17822	17954	17774	17031	19131	16961	17074	17034	16883	16712	16604	16383	16494	16871	16382	16749	19575	16635	16799
3:09:40	37.0	17936	18252	18283	18400	18253	18128	18112	18157	18282	18266	18285	18507	18226	18791	18427	18498	18925	18482	18558	18674	18402	18466	18699	18886	18181	17990	17917	17879	17652	17673	17802	17702	17734	17606	17661	18624	17872	18094	17643	19406	17814	17527	17566	17682	17756	17514	17528	18724	16938	17690	17479	17400	17553	17788	17733	17830	17722	17751	16955	19144	17078	16970	17071	16873	16660	16560	16289	16345	16667	16614	16618	19484	16517	16704
3:13:40	37.0	17979	18254	18236	18183	18173	18259	18082	18258	18265	18304	18300	18609	18191	18798	18540	18419	18957	18454	18602	18631	18370	18340	18658	18862	18059	18196	17932	17728	17846	17610	17633	17769	17654	17670	17659	18655	17865	18076	17775	19565	17651	17468	17652	17652	17714	17610	17625	18865	16799	17615	17356	17300	17507	17540	17558	17903	17742	17596	16960	18978	17050	16933	16866	16653	16672	16421	16346	16430	16842	16285	16622	19333	16516	16723
3:17:40	37.0	18056	18248	18338	18036	18248	18143	18253	18239	18184	18251	18210	18428	18330	18680	18460	18541	18790	18533	18700	18711	18492	18353	18548	18832	18238	18056	17870	17946	17654	17728	17772	17525	17790	17566	17485	18743	17853	18079	17839	19535	17705	17485	17591	17841	17750	17514	17485	18939	16890	17477	17479	17364	17318	17580	17628	17746	17793	17657	16922	19252	16840	16903	16931	16809	16524	16478	16181	16448	16597	16417	16584	19244	16691	16705
3:21:40	37.0	17866	18213	18285	18347	18194	18073	18146	18238	18290	18277	18162	18641	18229	18611	18441	18543	18957	18661	18743	18930	18577	18527	18588	18796	18087	18042	17957	17893	17847	17801	17873	17533	17772	17557	17683	18793	17810	18126	17797	19479	17775	17586	17802	17819	17743	17482	17577	18953	16695	17520	17275	17327	17305	17485	17524	17803	17866	17589	16840	19210	16930	16905	16854	16785	16406	16395	16057	16433	16638	16268	16427	19366	16584	16659
3:25:40	37.0	17886	18124	18100	18129	18194	18131	18248	18266	18168	18089	18178	18726	18059	18519	18411	18479	18855	18641	18604	18782	18439	18391	18509	18792	18161	18219	17924	17911	17627	17636	17788	17609	17461	17590	17560	18757	17959	18092	17813	19466	17747	17535	17743	17628	17559	17466	17340	18931	16891	17358	17346	17331	17257	17433	17449	17659	17727	17475	16634	19001	16693	16896	16784	16501	16491	16395	16130	16360	16562	16223	16441	19074	16495	16537
3:29:40	37.0	18084	18113	18223	18123	18214	18049	18045	18174	18216	18214	18274	18774	18244	18713	18392	18625	18814	18424	18754	18955	18534	18588	18587	18700	18056	18119	17918	17871	17763	17816	17824	17643	17702	17504	17603	18588	17973	18259	17823	19260	17772	17736	17708	17558	17741	17490	17479	18861	16822	17557	17337	17118	17315	17545	17556	17637	17702	17604	16806	19128	16757	16627	16728	16535	16276	16195	15990	16306	16520	16182	16317	19228	16292	16520
3:33:40	37.1	17947	18318	18066	18208	18065	18066	18205	18125	18121	18188	18201	18718	18192	18689	18400	18516	18697	18510	18651	18842	18414	18368	18419	18426	18049	18100	17997	17927	17695	17827	17790	17463	17730	17488	17541	18489	17953	18095	17757	19268	17691	17557	17623	17599	17760	17476	17591	18866	16700	17345	17297	17233	17312	17426	17431	17549	17662	17584	16848	19243	16809	16747	16587	16631	16223	16019	15936	16225	16473	16117	16234	19241	16356	16631
3:37:40	37.0	17934	18101	18165	18079	18048	18006	18188	18015	18067	17916	17959	18621	18271	18710	18206	18505	18693	18635	18456	18779	18184	18296	18274	18711	18207	18187	17879	17835	17677	17613	17719	17607	17654	17423	17564	18594	17902	18015	17660	19473	17735	17750	17683	17620	17645	17633	17421	18699	16631	17271	17150	17088	17185	17379	17340	17746	17754	17590	16625	19303	16726	16701	16688	16478	16334	16148	15949	16173	16182	16204	16238	19416	16182	16526
3:41:40	37.0	18008	18153	18156	18069	18117	17990	18010	17830	17644	17877	17735	18447	18194	18611	18564	18575	18946	18418	18169	18313	18050	18239	18277	18627	18165	18135	18073	17765	17721	17753	17672	17685	17650	17464	17649	18498	17970	18189	17955	19364	17786	17716	17753	17676	17693	17489	17478	18566	16577	17253	17133	17121	17187	17366	17504	17818	17658	17569	16657	19115	16613	16790	16766	16544	16368	16062	15756	16107	16284	15985	16113	19161	16062	16606
3:45:40	37.0	18020	18197	18191	18156	18006	17780	17910	17978	17810	17760	17783	18458	18257	18830	18412	18491	18521	18192	18111	18186	18116	18133	18195	18661	18229	18243	17971	17875	17745	17754	18032	17610	17639	17530	17569	18496	17924	18098	17711	19420	17821	17886	17745	17644	17732	17534	17555	18472	16573	17226	17142	17159	17096	17469	17442	17721	17839	17612	16641	19040	16686	16683	16640	16456	16205	16054	15872	16075	16290	16128	16193	19068	16076	16376
3:49:40	37.0	17759	18068	17918	17954	17832	17788	17836	18048	18084	17857	17974	18236	18267	18688	18543	18307	18526	18038	18219	18471	18243	18253	18306	18543	18157	18074	17811	17882	17774	17796	17962	17552	17547	17687	17567	18275	17831	18227	17869	19540	17772	17776	17944	17663	17769	17616	17511	18446	16627	17303	17249	16999	16967	17308	17330	17600	17718	17649	16557	18896	16597	16494	16466	16344	16210	15884	15678	15944	16346	15952	16169	19153	15988	16423
3:53:40	37.0	17826	18000	17769	17739	17807	17992	17972	18086	18141	17914	18012	18454	18231	18505	18298	18122	18354	18292	18304	18408	18351	18368	18467	18569	18243	18251	17980	17866	17831	17646	17816	17760	17785	17573	17496	18381	17968	18093	17859	19604	17878	17787	17854	17765	17803	17702	17333	18467	16583	17167	17225	16948	16932	17161	17263	17546	17582	17382	16477	19034	16609	16484	16348	16282	16037	16001	15617	16011	16093	15932	16134	19164	16036	16257
3:57:40	37.0	17918	17901	17755	18009	17977	17955	17955	17992	18221	18114	17804	18342	18137	18415	18253	18117	18638	18327	18227	18567	18217	18235	18386	18561	18234	18186	17959	17863	17621	17738	17826	17770	17821	17507	17754	18351	18040	18174	17907	19393	17946	17795	17694	17704	17827	17673	17527	18410	16592	17159	16874	17061	16975	17255	17168	17499	17551	17318	16490	18797	16519	16473	16406	16148	16061	15889	15732	15918	16039	15904	16033	19021	15986	16178
4:01:40	37.0	17838	18245	17985	17938	18057	18018	17919	17989	17910	17900	17845	18206	18063	18167	18274	18155	18548	18251	18572	18447	18157	18115	18280	18623	18141	18151	18148	17989	17737	17934	17753	17590	17789	17705	17712	18350	17955	18142	17882	19399	17920	17914	17939	17850	17807	17801	17490	18425	16468	16951	16999	16899	16840	17101	17121	17406	17267	17342	16406	18884	16598	16447	16490	16105	16072	15770	15678	15952	16058	15898	16034	19074	15703	16123
4:05:40	37.0	18169	18246	18091	17980	18038	18166	17652	17906	17860	17815	17777	18165	18004	18302	18223	18327	18465	18376	18373	18404	18079	18071	18165	18412	18244	18287	17988	17858	17863	17820	17804	17639	17874	17729	17624	18375	17714	18066	17793	19451	17959	17934	17582	18145	17773	17670	17727	18435	16496	17101	17005	16892	16808	17091	16924	17344	17443	17256	16244	18785	16450	16350	16404	16197	15835	15846	15598	15816	16107	15748	15936	18934	15757	16066
4:09:40	37.0	17959	18008	18166	18133	17930	17818	17925	17809	17956	17866	17803	18251	18136	18567	18309	18223	18459	18319	18348	18368	18185	18221	18366	18382	18352	18264	17851	17973	17990	17837	17697	17802	17723	17678	17664	18306	17885	17935	18004	19520	17897	17877	17710	18187	17794	17615	17437	18378	16332	17077	16911	16697	16872	16892	17205	17387	17198	17071	16294	19016	16447	16203	16335	16073	15913	15726	15594	15810	15939	15824	15977	18678	15789	15768
4:13:40	37.0	18029	18153	18117	18089	18072	17731	17817	17758	17834	17889	17712	18267	18163	18530	18276	18379	18506	18315	18349	18362	18080	17985	18115	18515	18193	18184	18162	17855	17833	17930	17761	17565	17796	17467	17755	18240	17965	18113	17955	19528	17852	17919	17669	18211	17743	17694	17662	18341	16370	16916	16956	16550	16566	16953	16920	17134	17313	17185	16063	18847	16491	16422	16228	16074	15816	15862	15513	15856	16046	15751	15895	18694	15797	15703
4:17:40	37.0	18065	18154	18063	17940	17886	17899	17899	17901	17696	17831	17730	18285	18076	18580	18313	18401	18581	18102	18218	18506	18040	18061	18279	18549	18207	18258	18113	17902	17975	18111	17923	17665	17827	17778	17702	18168	17960	18157	18186	19478	17900	17717	17688	18050	17777	17566	17675	18301	16340	16985	16944	16612	16469	17100	16954	17154	17200	16978	16081	18902	16333	16132	16291	16082	15835	15752	15505	15803	15935	15695	15921	18824	15578	15747
4:21:40	37.0	18140	18198	17960	17991	17853	18031	17703	17830	17888	17875	17737	18213	18285	18458	18291	18364	18522	18217	18208	18321	18167	18032	18223	18310	18044	18303	17987	17870	17991	17978	17802	17937	17763	17834	17707	18065	17967	18051	18039	19593	17819	17891	17761	18086	17625	17776	17728	18124	16219	16702	16947	16429	16400	16918	16886	16943	17104	16899	16083	18676	16405	16237	16165	15930	15847	15703	15566	15709	15899	15670	15840	18742	15559	15673
4:25:40	37.0	18120	18205	18131	18060	18037	17755	17780	17779	17813	17852	17686	18048	18304	18543	18408	18427	18524	18106	18208	18422	17921	18049	18176	18414	18183	18400	18189	17991	17971	18140	17640	17872	17798	17835	17775	18065	18038	18146	17962	19713	17776	17772	17805	18134	17612	17675	17742	18266	16304	16836	16914	16575	16355	16745	16854	17009	17039	16877	16090	18753	16277	16148	16088	15990	15832	15785	15454	15588	15768	15610	15853	18616	15476	15621
4:29:40	37.0	18047	18200	18362	18105	17992	17693	17664	17825	17676	17674	17726	18143	18374	18514	18367	18358	18357	18173	18133	18223	17883	17907	18163	18211	18191	18348	18164	17931	17920	18162	17937	17926	17905	17857	17912	18103	18073	18159	18076	19566	17899	17759	17934	18078	17706	17659	17732	18303	16270	16725	16848	16498	16327	16624	16663	16983	16991	16952	15880	18691	16206	15992	16042	15853	15717	15690	15527	15705	15709	15509	15844	18537	15341	15655
4:33:40	37.0	18215	18110	18070	17892	17907	17684	17671	17738	17710	17685	17625	18056	18349	18509	18329	18418	18379	18103	18033	18086	17962	17967	18110	18216	18289	18392	18065	18056	17978	18122	18005	17847	18090	17800	17746	18018	18220	18203	18035	19717	17912	17782	17826	17939	17666	17831	17662	18118	16146	16825	16747	16393	16133	16701	16614	16772	16867	16644	15879	18515	16185	15903	16038	15752	15681	15550	15420	15604	15819	15585	15622	18633	15531	15445
4:37:40	37.0	18031	18187	18013	18042	17987	17695	17657	17797	17492	17624	17573	18046	18235	18429	18481	18172	18583	18122	18094	18113	17788	17909	17978	18327	18311	18395	18134	17922	17900	18049	18021	17726	17773	17646	17704	17860	18178	18260	17960	19771	17737	17850	17717	17990	17680	17548	17590	18332	16215	16737	16742	16297	16152	16607	16604	16802	16918	16636	15909	18560	16045	15954	15954	15836	15645	15566	15356	15609	15638	15503	15620	18695	15392	15509
4:41:40	37.0	18129	18516	17957	17901	17741	17621	17527	17466	17538	17643	17554	18137	18356	18589	18470	18357	18348	18014	17994	18157	17723	17697	17780	18257	18262	18393	18105	17955	17878	17904	17951	17592	17816	17745	17735	17939	18184	18274	18100	19647	17670	17744	17890	17934	17778	17528	17486	18136	16150	16519	16714	16350	16096	16617	16636	16867	16881	16578	15831	18627	16051	15851	15913	15770	15508	15633	15386	15482	15885	15559	15714	18449	15343	15378
4:45:40	37.0	18329	18295	17910	17891	17805	17678	17634	17442	17493	17510	17525	17993	18330	18536	18390	18347	18393	17987	17972	18047	17804	17736	17879	17932	18312	18320	18007	17982	17824	17966	17806	17685	17844	17742	17732	17852	18149	18438	18116	19750	17935	17617	17731	17747	17823	17559	17504	18105	16363	16589	16683	16309	16058	16549	16545	16746	16816	16605	15941	18845	15900	15828	15972	15611	15621	15626	15389	15505	15547	15537	15605	18674	15308	15438
4:49:40	37.0	18313	18325	17926	17895	17739	17548	17515	17435	17456	17404	17452	18068	18466	18592	18327	18192	18281	18006	17953	18041	17654	17699	17659	17985	18342	18248	18045	18053	17831	18029	17873	17609	17854	17565	17656	17790	18134	18308	18172	19754	17799	17527	17833	17884	17778	17487	17451	18084	16158	16621	16682	16064	16066	16393	16310	16570	16566	16712	15887	18689	16165	15812	15890	15593	15478	15586	15329	15527	15704	15493	15631	18447	15268	15330
4:53:40	37.0	18138	18347	18085	17708	17602	17499	17240	17362	17369	17320	17214	17941	18539	18608	18387	18278	18178	17985	17749	17809	17626	17725	17715	17966	18363	18174	18049	17933	17898	17852	18009	17626	17728	17658	17560	17813	18266	18301	18149	19656	17926	17485	17781	17779	17643	17401	17501	17908	16178	16582	16509	16193	15925	16468	16358	16483	16565	16436	15856	18498	16012	15698	15824	15696	15518	15502	15314	15348	15704	15404	15563	18482	15377	15415
4:57:40	37.0	18099	18249	17930	17851	17677	17539	17292	17079	17269	17296	17132	17852	18541	18547	18353	18319	18193	17967	17718	17810	17358	17462	17560	17907	18374	18309	18216	18012	17917	17635	17959	17488	17698	17616	17477	17805	18207	18405	18178	19592	17865	17471	17683	17754	17642	17258	17431	17854	16055	16481	16544	16081	15944	16206	16406	16500	16493	16356	15735	18479	16094	15698	15658	15653	15657	15528	15255	15524	15512	15467	15490	18458	15293	15288
5:01:40	37.0	18081	18286	17970	17723	17596	17326	17360	17223	17249	17193	17059	17972	18455	18671	18451	18278	18190	17604	17638	17800	17376	17486	17491	17888	18401	18391	18071	17967	17876	17509	17870	17597	17683	17574	17586	17656	18032	18377	17987	19486	17824	17368	17691	17601	17599	17271	17510	17825	16089	16591	16445	15952	15862	16250	16225	16618	16561	16456	15785	18491	16008	15613	15796	15556	15543	15431	15335	15435	15729	15348	15519	18324	15189	15270
5:05:40	37.0	18148	18108	17889	17685	17496	17242	17196	17140	17054	17084	17038	18049	18373	18679	18254	18011	18018	17629	17636	17534	17421	17304	17440	17782	18381	18507	18159	17798	17784	17583	17802	17489	17524	17636	17534	17668	18195	18412	18072	19548	17576	17375	17510	17592	17424	17256	17281	17829	16151	16462	16439	15846	15877	16255	16199	16542	16496	16375	15725	18377	15960	15675	15674	15618	15444	15482	15249	15499	15424	15429	15448	18332	15233	15240
5:09:40	37.0	18185	17966	17860	17615	17347	17215	17063	17029	17069	17065	17054	17907	18514	18563	18290	18014	18147	17623	17615	17570	17331	17376	17556	17757	18512	18582	18094	17725	17648	17665	17786	17407	17578	17469	17338	17622	18252	18419	18149	19523	17620	17306	17531	17640	17462	17260	17240	17914	16013	16502	16272	15917	15806	16195	16294	16297	16460	16215	15566	18462	15888	15506	15663	15347	15365	15545	15152	15390	15712	15290	15519	18277	15278	15044
5:13:40	37.0	18083	18011	17901	17526	17340	17217	17065	16927	17046	17024	16823	18058	18339	18668	18235	18149	17938	17491	17409	17604	17189	17398	17257	17805	18337	18566	18119	17762	17556	17620	17896	17511	17453	17452	17440	17514	18082	18260	18239	19549	17509	17341	17585	17445	17415	17193	17268	17746	16038	16360	16335	15896	16032	16141	16089	16247	16440	16417	15663	18321	15834	15682	15672	15472	15264	15401	15238	15365	15473	15435	15374	18192	15091	15117
5:17:40	37.0	18128	18124	17820	17399	17460	17086	16986	16957	16964	16832	16865	17870	18375	18650	18272	17878	17851	17451	17447	17483	17149	17170	17333	17546	18482	18484	18072	17785	17778	17396	17673	17383	17501	17281	17375	17597	18161	18513	18119	19479	17437	17273	17580	17482	17508	17140	17108	17778	15994	16400	16285	15927	15829	16146	16238	16301	16398	16221	15746	18498	15907	15543	15633	15466	15391	15493	15264	15436	15569	15324	15493	18187	15342	14943
5:21:40	37.0	18084	17843	17816	17463	17234	17142	16881	16828	16934	16845	16763	17805	18531	18635	18239	17893	17707	17430	17291	17343	17025	17188	17160	17547	18167	18358	18078	17722	17738	17460	17621	17466	17479	17425	17452	17699	18097	18538	18069	19515	17558	17286	17263	17431	17329	17127	17131	17894	16050	16318	16353	15711	15801	16158	16093	16185	16420	16180	15498	18312	15764	15660	15684	15430	15393	15420	15097	15349	15467	15430	15363	18163	15241	15077
5:25:40	37.0	18179	17918	17595	17309	17095	16947	16852	16752	16809	16848	16499	17923	18572	18465	18244	17861	17664	17349	17195	17248	17027	17122	17107	17501	18340	18493	18034	17797	17606	17498	17770	17416	17486	17173	17154	17485	18094	18480	17909	19484	17410	17098	17445	17334	17280	17114	17084	17780	16140	16173	16196	15613	15755	16116	16053	16095	16325	16050	15733	18439	15705	15617	15484	15469	15424	15438	15204	15453	15597	15172	15392	18162	15250	14959
5:29:40	37.0	18142	17833	17637	17231	17166	16992	16785	16716	16879	16782	16648	17925	18365	18459	18065	17653	17661	17248	17200	17223	16997	16962	17106	17402	18325	18373	17921	17580	17579	17288	17613	17402	17449	17277	17126	17579	18138	18368	17839	19363	17500	17111	17271	17207	17186	17092	17066	17756	16082	16180	16211	15682	15620	16020	16019	16197	16264	16175	15620	18262	15766	15485	15507	15314	15325	15428	15139	15300	15340	15343	15429	18122	15072	14949
5:33:40	37.0	18111	17965	17564	17177	17073	16911	16730	16900	16639	16610	16610	17812	18448	18662	18042	17527	17654	17197	17329	17166	16932	16928	16883	17218	18418	18461	17925	17674	17545	17311	17561	17223	17355	17107	16965	17435	18064	18482	17830	19321	17502	17038	17414	17159	17225	16885	17058	17762	16058	16225	16071	15781	15594	16162	16033	15931	16268	16003	15526	18297	15700	15576	15561	15371	15342	15241	15156	15304	15334	15131	15331	18175	15182	14941
5:37:40	37.0	18008	17917	17628	17103	16956	16769	16677	16712	16568	16568	16455	18040	18308	18455	17969	17643	17437	17099	17077	17062	16790	16673	16764	17300	18142	18294	17927	17604	17486	17229	17288	17071	17312	17294	17049	17458	18101	18327	17831	19195	17237	16997	17275	17190	17231	16960	16989	17670	16045	16307	15964	15583	15575	16013	16027	16082	16189	16121	15561	18058	15681	15397	15546	15419	15394	15276	15162	15359	15388	15219	15258	18135	15156	15010
5:41:40	37.0	18023	17813	17425	16998	16866	16802	16413	16653	16476	16600	16339	17785	18175	18400	17855	17438	17533	16911	16935	17080	16847	16770	16832	17258	18195	18411	18010	17568	17268	17224	17399	17108	17235	16958	16907	17470	18027	18321	17874	19312	17282	16963	17197	17176	17181	16929	16893	17725	16032	16153	16043	15574	15453	16047	15959	16067	16018	15957	15512	18150	15802	15479	15477	15217	15257	15355	15079	15297	15470	15199	15334	17988	15228	14888
5:45:40	37.1	17867	17822	17228	16923	16903	16507	16564	16436	16484	16401	16211	17909	18196	18448	17777	17523	17232	16997	16878	16938	16574	16807	16686	17185	18244	18415	17932	17597	17381	17170	17329	17028	17150	16942	16882	17487	17960	18312	17700	19132	17251	16846	17179	16948	17097	16754	16997	17852	15984	16148	16040	15631	15641	15992	15933	15942	16082	16054	15531	18155	15757	15398	15372	15378	15248	15295	14959	15421	15314	15245	15276	17947	15261	14983
5:49:40	37.0	17887	17677	17312	16946	16721	16655	16528	16388	16501	16402	16310	17787	18327	18500	17701	17253	17239	16866	16920	16823	16497	16575	16487	17047	18087	18301	17808	17468	17440	17178	17273	17125	17122	16928	16700	17438	17912	18222	17854	19230	17187	16973	17030	17013	16984	16665	16891	17667	16007	16027	15964	15472	15618	15998	15843	16074	16054	15912	15481	18140	15701	15420	15377	15265	15251	15245	14953	15124	15285	15210	15313	17844	15064	14986
5:53:40	37.0	17805	17637	17191	16818	16658	16566	16251	16341	16453	16362	16117	17804	18155	18361	17659	17256	17139	16789	16766	16799	16492	16440	16556	17112	18171	18378	17787	17365	17318	17031	17186	17031	17122	16963	16762	17505	17999	18236	17552	18987	17072	16797	17060	16820	16897	16616	16905	17578	15985	16090	16056	15532	15643	15893	15835	15891	15840	15847	15491	18171	15699	15381	15430	15214	15263	15352	15020	15308	15310	15191	15226	17861	14926	14984
5:57:40	37.0	17752	17497	17045	16673	16567	16354	16255	16303	16245	16325	16123	17852	18103	18412	17408	17183	17094	16850	16621	16601	16467	16505	16285	16873	18039	18107	17746	17385	17167	17103	17087	16976	17172	16793	16819	17523	17894	18041	17538	19076	17170	16683	17032	16832	16875	16757	16739	17570	15835	16126	15876	15473	15368	15853	15728	15902	16030	15948	15487	17948	15636	15348	15335	15395	15288	15319	15087	15262	15198	15017	15273	17833	15225	14819
6:01:40	37.0	17618	17612	16972	16606	16490	16354	16220	16099	16149	15929	16096	17726	18074	18395	17431	17101	16929	16780	16556	16651	16451	16432	16479	16987	18074	18241	17660	17298	17235	16912	17210	16861	16825	16811	16761	17421	17947	18164	17520	19000	17066	16795	16942	16692	16940	16674	16808	17728	15928	15972	15847	15392	15423	15944	15870	15798	15881	15778	15390	17883	15815	15380	15404	15311	15299	15435	15073	15254	15260	15071	15307	17832	15360	14947
6:05:40	37.0	17543	17515	16839	16707	16433	16368	16117	16068	16175	16080	15809	17795	18028	18332	17243	17031	16889	16685	16583	16458	16218	16424	16240	16804	17993	18160	17428	17149	17123	17060	16910	16792	16882	16717	16661	17276	17727	18062	17550	18977	16923	16691	17009	16792	16776	16507	16587	17541	15773	16111	15734	15321	15375	15858	15882	15827	15919	15716	15284	17954	15667	15328	15435	15223	15101	15219	15002	15298	15284	15087	15225	17687	15289	14872
6:09:40	37.0	17602	17372	16797	16476	16338	16329	16031	15999	16063	16086	16039	17844	17906	18170	17163	16953	16856	16515	16448	16416	16140	16176	16216	16872	18050	18045	17448	17197	17051	16823	16806	16816	17064	16621	16600	17298	17666	17989	17372	18858	16789	16702	16876	16608	16750	16592	16734	17538	15847	15915	15738	15228	15355	15782	15681	15804	15895	15713	15326	17636	15677	15425	15268	15177	15280	15436	15085	15354	15211	15155	15207	17670	15150	14935
6:13:40	37.0	17583	17403	16688	16323	16179	16061	15947	15904	15881	16014	15780	17624	17932	18087	17229	16771	16613	16400	16421	16318	16004	16103	16203	16607	17959	18015	17282	17120	16825	16840	16990	16945	16818	16693	16621	17264	17721	17920	17432	18798	16927	16504	16848	16701	16694	16531	16741	17511	15816	15871	15763	15235	15189	15781	15831	15679	15866	15727	15340	17715	15649	15354	15417	15217	15263	15307	15015	15200	15068	15094	15135	17501	15210	15060
6:17:40	37.0	17272	17218	16568	16301	16167	16030	16022	15849	15964	15856	15747	17818	17970	18024	16892	16797	16702	16369	16311	16278	16068	16067	16147	16584	17957	17920	17301	16975	16884	16823	16969	16605	16741	16721	16562	17289	17559	17977	17445	18666	16835	16569	16606	16687	16681	16485	16742	17514	16030	15698	15793	15311	15259	15811	15596	15676	15839	15680	15255	17575	15738	15214	15361	15197	15296	15194	14950	15170	15155	15045	15125	17476	15247	14986
6:21:40	37.1	17300	17133	16578	16271	16091	15888	15814	15903	15870	15829	15701	17697	17766	18002	17065	16614	16498	16264	16229	16272	15953	16030	16019	16615	17782	17922	17352	16914	16967	16794	16757	16556	16698	16584	16433	17268	17441	17806	17388	18734	16830	16506	16784	16636	16583	16403	16526	17435	15880	15803	15905	15308	15162	15711	15532	15767	15807	15808	15432	17480	15698	15302	15294	15168	15164	15296	15101	15090	15228	15097	15215	17464	15137	14831
6:25:40	37.0	17249	16965	16392	16199	16011	15791	15730	15939	15814	15643	15695	17702	17809	17839	17013	16707	16386	16246	16147	16027	15827	15839	15788	16435	17728	17876	17164	16949	16819	16633	16696	16551	16671	16556	16405	17274	17386	17789	17288	18674	16932	16472	16634	16505	16539	16413	16537	17448	15943	15772	15675	15249	15077	15742	15494	15684	15676	15703	15196	17398	15585	15297	15196	15194	15122	15288	15042	15227	15132	14979	15140	17337	15136	15162
6:29:40	37.0	17265	16829	16246	16033	15949	15840	15643	15601	15652	15503	15649	17633	17732	17848	16835	16441	16319	16218	16106	16027	15903	15813	15864	16390	17737	17774	17191	16881	16646	16739	16522	16683	16564	16497	16318	17192	17323	17715	17238	18574	16636	16362	16535	16488	16615	16343	16425	17465	15807	15692	15745	15183	15014	15598	15634	15642	15715	15642	15283	17371	15630	15217	15239	15117	15234	15256	15040	15154	15098	15049	15097	17417	15114	14987
6:33:40	37.0	17119	16825	16215	16036	15885	15637	15642	15602	15672	15487	15517	17667	17517	17719	16768	16460	16308	16109	15897	15825	15752	15762	15681	16472	17659	17863	17026	16871	16671	16571	16611	16577	16581	16494	16317	17150	17276	17656	17221	18593	16594	16304	16527	16425	16493	16484	16506	17313	15762	15761	15836	15116	15131	15668	15434	15626	15710	15598	15309	17263	15568	15280	15355	15104	15153	15234	15113	15213	15112	14859	14960	17196	15118	15009
6:37:40	37.0	17176	16726	16176	15967	15888	15853	15544	15581	15588	15554	15526	17746	17476	17453	16657	16204	16268	15933	15920	15841	15671	15788	15688	16215	17477	17860	17069	16854	16680	16448	16770	16541	16490	16296	16343	17135	17184	17526	17108	18467	16658	16239	16611	16448	16465	16395	16404	17429	15828	15566	15757	15036	15065	15670	15521	15626	15760	15505	15281	17107	15577	15247	15243	15117	15052	15245	14969	15102	14994	14858	15123	17124	15068	15309
6:41:40	37.0	17031	16637	16165	15873	15886	15631	15503	15542	15478	15337	15294	17571	17445	17444	16493	16214	16118	15942	15880	15719	15608	15767	15660	16107	17434	17714	16804	16878	16555	16526	16503	16579	16572	16367	16352	17128	17198	17693	16991	18462	16410	16394	16615	16467	16468	16274	16375	17373	15756	15564	15726	15096	14874	15609	15480	15538	15750	15544	15138	17143	15669	15302	15276	15111	15159	15269	15027	15152	15029	15046	15157	17269	15285	15299
6:45:40	37.0	17100	16561	16053	15770	15745	15621	15421	15362	15457	15259	15272	17571	17382	17164	16401	16135	15957	15791	15959	15725	15495	15714	15468	16098	17369	17404	16870	16721	16526	16519	16394	16470	16398	16325	16239	17160	17050	17496	16968	18336	16502	16297	16574	16380	16454	16386	16417	17417	15822	15676	15542	15140	15005	15506	15400	15576	15650	15528	15167	17142	15666	15225	15227	15212	15091	15161	15035	15057	15067	14958	15088	17199	15133	15122
6:49:40	37.0	17009	16390	16011	15634	15598	15477	15463	15276	15440	15271	15218	17485	17395	17089	16442	16149	15893	15776	15680	15581	15463	15732	15381	15952	17284	17439	16846	16680	16453	16457	16458	16275	16378	16327	16222	17170	17100	17418	16856	18402	16411	16225	16513	16369	16418	16275	16399	17287	15635	15600	15615	14854	14848	15542	15510	15414	15644	15474	15070	17181	15461	15161	15148	15157	15085	15163	15036	15095	15072	14958	15040	17014	15270	15332
6:53:40	37.0	16830	16552	15942	15621	15557	15480	15467	15320	15358	15201	15020	17555	17289	17073	16369	16014	15806	15683	15736	15570	15549	15605	15348	16073	17325	17293	16836	16673	16380	16450	16584	16485	16393	16356	16258	17180	16967	17378	16797	18457	16323	16305	16405	16247	16472	16250	16263	17433	15847	15659	15620	14969	14906	15412	15372	15445	15561	15479	15082	17111	15586	15230	15236	15029	15128	15175	14995	14990	15022	14857	15000	16927	15324	15468
6:57:40	37.0	16871	16247	15798	15584	15455	15328	15364	15197	15338	15113	15130	17511	17218	17009	16198	15876	15874	15609	15568	15514	15310	15405	15340	15746	17171	17335	16686	16558	16493	16452	16436	16304	16391	16257	16284	16940	16956	17307	16802	18267	16361	16435	16378	16304	16137	16213	16355	17297	15581	15582	15528	14959	14905	15489	15428	15444	15606	15498	15144	17101	15690	15086	15196	15092	14982	15149	15023	15024	15119	14963	14887	16948	15333	15270
7:01:40	37.0	16668	16199	15717	15483	15477	15259	15243	15199	15173	15088	15032	17513	17010	16889	16072	15956	15860	15549	15511	15372	15263	15352	15151	15796	17100	17310	16745	16518	16352	16334	16462	16215	16436	16220	16192	17031	16886	17276	16660	18236	16246	16265	16435	16290	16347	16130	16377	17320	15582	15531	15584	14856	14720	15333	15462	15509	15509	15290	15118	17046	15491	15184	15225	15076	15173	15162	14954	15057	15054	14829	15091	16872	15303	15272
7:05:40	37.0	16742	16078	15744	15422	15420	15323	15113	15091	15151	15067	14978	17528	17082	16694	16177	15848	15705	15489	15377	15390	15314	15284	15265	15729	17120	17327	16649	16456	16382	16249	16373	16233	16303	16259	16184	16877	16865	17236	16789	18122	16342	16067	16295	16222	16167	16105	16166	17223	15603	15347	15630	14933	14794	15387	15412	15351	15500	15397	15101	16780	15485	15054	15150	15060	15120	15191	14925	15066	15016	14859	14878	16795	15128	15380
7:09:40	37.0	16556	16102	15648	15369	15366	15083	15092	15101	15007	15060	15032	17373	17003	16763	16022	15729	15528	15500	15402	15319	15115	15346	15054	15574	17033	17106	16530	16375	16307	16247	16296	16212	16246	16151	16109	16950	16675	17055	16599	18099	16270	16132	16305	16080	16284	16192	16108	17227	15524	15459	15505	14906	14780	15418	15357	15313	15424	15366	15045	16831	15691	15290	15192	15065	14993	15068	14989	15043	15153	14891	14848	16782	15333	15239
7:13:40	37.0	16592	16023	15440	15239	15346	15072	15086	15093	14988	14864	14892	17419	16979	16552	15998	15657	15421	15414	15406	15296	15177	15075	15177	15548	16929	17053	16556	16342	16186	16110	16268	16192	16349	16136	15980	16925	16643	17177	16503	18120	16140	16137	16456	16190	16125	16173	16110	17079	15398	15347	15538	14815	14780	15544	15326	15299	15501	15341	15080	16789	15575	15185	15207	15119	15127	15178	15018	15082	14966	14840	14810	16565	15358	15442
7:17:40	37.0	16393	15799	15392	15324	15124	15074	14973	15036	14983	14950	14871	17369	16900	16554	15796	15716	15446	15402	15299	15286	15083	15146	15082	15476	16944	17017	16585	16283	16132	16172	16341	16213	16197	16127	16127	16798	16665	16948	16629	18029	16180	16026	16213	16154	16023	16093	16109	17043	15422	15501	15551	14715	14527	15334	15317	15396	15373	15386	14949	16695	15536	15247	15181	14932	15130	15007	14909	14923	15035	14774	14972	16661	15384	15155
7:21:40	37.0	16250	15865	15281	15125	15171	14957	14935	14986	14838	14856	14789	17327	16721	16455	15709	15520	15407	15293	15248	15066	15124	15185	14911	15423	16822	16944	16432	16166	16182	16250	16262	16175	16170	16154	16153	16840	16415	16955	16465	17901	16170	16025	16235	16010	16038	15937	16153	17018	15182	15344	15525	14737	14641	15269	15205	15259	15285	15449	14848	16663	15575	15136	15192	14994	15081	15138	15034	15022	14992	14796	14946	16425	15322	15464
7:25:40	37.0	16263	15861	15295	15102	15201	14965	15007	14937	14843	14812	14884	17424	16773	16310	15817	15432	15333	15213	15298	15081	15015	15001	14983	15436	16784	16970	16387	16168	16043	16112	16260	16040	16033	16103	16009	16884	16412	16844	16540	17920	16054	15938	16310	16053	16102	15928	16039	16963	15262	15268	15358	14783	14591	15307	15164	15184	15306	15284	15001	16702	15480	15123	15156	14947	15048	15064	14936	14962	15050	14918	14928	16480	15202	15285
7:29:40	37.0	16148	15626	15149	15017	14989	14903	14839	14841	14824	14712	14794	17296	16676	16314	15522	15458	15246	15178	14998	15056	14982	15063	14870	15282	16736	16930	16443	16314	15963	16054	16269	16097	16102	16132	15929	16795	16359	16856	16282	17972	16100	16051	16166	15915	16088	15883	15982	17075	15165	15385	15343	14685	14638	15310	15207	15202	15352	15223	14821	16704	15476	15118	15226	14917	14946	15217	14877	14882	15080	14871	14937	16522	15246	15357
7:33:40	37.0	16145	15621	15241	15065	14979	14905	14721	14800	14748	14768	14702	17384	16571	16202	15552	15306	15258	15206	15222	15016	14883	14912	14836	15428	16699	16854	16269	16188	16094	15872	16169	16155	16036	16020	15961	16722	16134	16809	16283	17780	16104	15859	16134	16068	16155	15903	15923	16919	15119	15398	15284	14863	14506	15263	15201	15126	15330	15294	14906	16470	15495	15004	15106	15038	14952	14979	15055	14894	14866	14768	14774	16310	15219	15265
7:37:40	37.0	16117	15550	15107	14802	14901	14882	14721	14680	14735	14923	14650	17422	16564	16061	15466	15278	15177	15171	15065	14885	14999	14882	14770	15257	16549	16792	16286	16124	16078	16000	16025	15948	15895	16144	16040	16696	16071	16738	16197	17872	16131	15838	16088	15910	15936	15870	15985	17062	15107	15311	15376	14677	14582	15108	15182	15151	15288	15064	14857	16397	15415	15114	15208	15027	15061	15127	14967	14885	15030	14868	14914	16325	15274	15468
7:41:40	37.0	16150	15492	15135	14916	14964	14774	14752	14699	14651	14705	14633	17270	16442	15964	15378	15328	15114	15096	15056	14870	15076	14901	14755	15279	16526	16753	16283	16216	16028	15890	15941	15941	15979	15983	16021	16725	16034	16462	16275	17794	16083	15936	16083	16010	16077	15889	15788	16833	15072	15249	15374	14650	14653	15237	14955	15153	15284	15212	14858	16589	15534	15043	15003	15056	15041	14901	14992	14803	14919	14772	14850	16372	15559	15355
7:45:40	37.1	15766	15552	15028	14907	14859	14832	14784	14689	14707	14623	14472	17173	16339	15922	15378	15136	14931	15029	14952	14927	14861	14993	14745	15229	16427	16598	16149	16049	15902	15921	16111	16028	16021	15920	15912	16647	16117	16559	16168	17804	16055	15788	16008	15987	16032	15820	15989	16967	15092	15227	15401	14678	14503	15207	15041	15076	15263	15191	14846	16505	15380	15209	14986	14975	15003	15066	14966	14904	14904	14722	14863	16143	15086	15387
7:49:40	37.0	15751	15358	14965	14911	14794	14703	14789	14643	14580	14601	14543	17374	16299	15821	15266	15212	15067	14980	14856	14775	14866	14876	14734	15288	16510	16676	16072	15919	16045	15895	16107	16031	15886	15780	15969	16731	16018	16466	16127	17833	15917	15773	16032	15957	16003	15792	15871	16969	15129	15249	15253	14540	14468	15228	15192	15091	15401	15107	14812	16416	15433	15081	15160	14952	15066	15174	14934	14885	14976	14793	14706	16253	15297	15310
7:53:40	37.0	15788	15427	14931	14802	14772	14649	14661	14572	14602	14633	14517	17370	16132	15856	15235	15092	14986	14947	14818	14935	14827	14831	14679	15057	16451	16574	16074	16081	15916	15913	15928	16027	15910	15897	15800	16587	15921	16476	16106	17795	15841	15861	15848	15887	15883	15836	15910	17006	15068	15184	15254	14581	14499	15282	15130	15101	15148	15051	14908	16462	15366	15113	15013	14897	15196	15194	15073	14873	15003	14866	14901	16206	15202	15557
7:57:40	37.0	15725	15372	14889	14800	14664	14588	14584	14631	14527	14569	14404	17204	16100	15756	15112	15111	14883	14868	14850	14846	14802	14857	14677	15192	16362	16503	16106	16109	15834	15864	15923	16104	15891	15929	15797	16564	15909	16440	16079	17807	15999	15849	16005	16003	15948	15846	15804	16958	15127	15140	15079	14563	14436	15140	15012	15051	15092	14985	14829	16377	15308	15228	15038	14888	14923	15157	15018	14956	14851	14815	14771	16376	15256	15497
8:01:40	37.0	15755	15178	14769	14697	14772	14641	14416	14493	14514	14596	14493	17259	16173	15609	15186	15099	15019	14775	14833	14750	14767	14764	14618	15020	16200	16485	16047	15898	15849	16093	16057	15743	15779	15826	15681	16550	15919	16285	16062	17599	15913	15683	15941	15831	15906	15813	15775	16851	15034	15169	15201	14601	14395	15164	14834	15121	15160	14955	14754	16422	15372	15020	15067	15012	15107	15093	14958	14970	14942	14788	14770	16281	15331	15434
8:05:40	37.0	15567	15255	14821	14660	14789	14550	14536	14516	14440	14583	14482	17181	16042	15579	15011	14993	14980	14879	14896	14638	14840	14856	14610	15018	16229	16497	16097	15900	15764	15863	15814	15803	15844	15788	15825	16677	15731	16279	15847	17661	15813	15718	15876	15828	15890	15796	15819	16975	14996	15074	15199	14670	14421	15154	15101	15084	15178	15055	14796	16286	15242	15065	15071	14832	14828	15129	14993	14858	14805	14754	14848	16063	15210	15499
8:09:40	37.0	15358	15349	14852	14655	14703	14771	14413	14444	14606	14538	14361	17082	15995	15535	15115	15101	14868	14745	14776	14615	14749	14636	14564	15037	16120	16300	15945	15943	15829	15799	15900	15826	15777	15817	15778	16550	15766	16183	15829	17698	15721	15748	15788	15858	15848	15659	15675	16975	14837	15165	15094	14505	14312	15174	15071	14970	15153	15028	14897	16337	15433	15165	15084	14935	14998	15108	15010	14826	14919	14752	14784	16137	15229	15571
8:13:40	37.0	15412	15204	14750	14617	14668	14517	14517	14498	14367	14644	14363	17209	15972	15422	15021	14953	14908	14848	14755	14670	14721	14724	14493	14960	16022	16370	15917	15952	15759	15670	15926	15738	15767	15745	15726	16490	15690	16110	15854	17545	15738	15552	15800	15690	15745	15765	15654	16742	15114	15185	15193	14564	14353	15055	14978	14950	15115	14986	14664	16332	15182	15076	15073	14808	14917	15114	14883	14945	14840	14710	14861	16049	15104	15375
8:17:40	37.0	15458	15149	14748	14715	14633	14563	14414	14615	14541	14464	14375	17152	15862	15423	14941	15000	14875	14629	14724	14649	14751	14592	14545	14967	16124	16138	15958	15840	15790	15561	15868	15831	15798	15616	15760	16466	15782	16141	15669	17653	15688	15688	15724	15679	15768	15733	15802	16786	14968	15144	15027	14465	14347	15143	15002	14954	15088	14914	14794	16298	15351	15105	15053	14842	15013	15120	15033	14789	14931	14650	14854	16130	15067	15302
8:21:40	37.0	15461	15077	14717	14695	14598	14602	14548	14544	14427	14446	14447	17151	15927	15450	14968	14970	14756	14711	14817	14650	14650	14593	14696	15015	16100	16251	15859	15786	15917	15740	15824	15819	15657	15730	15731	16474	15655	15941	15772	17460	15778	15678	15767	15720	15696	15577	15677	16851	14955	15191	14940	14487	14256	15017	14859	14947	14977	14995	14608	16159	15375	15170	15104	14832	14961	14971	14898	14865	14877	14685	14820	16067	15106	15311
8:25:40	37.0	15311	15004	14678	14548	14567	14466	14453	14468	14359	14572	14451	17182	15884	15364	14861	14787	14864	14663	14826	14614	14620	14578	14484	14922	15869	16323	15754	15744	15696	15807	15867	15713	15728	15661	15711	16429	15605	15859	15656	17403	15706	15571	15750	15697	15761	15591	15647	16856	14965	14832	14986	14381	14338	14901	14940	14960	15024	14807	14747	16156	15284	15084	15040	14784	14855	15047	14999	14939	14916	14683	14757	15976	15075	15529
8:29:40	37.0	15351	14957	14736	14668	14562	14523	14445	14417	14415	14379	14474	17215	15640	15261	14916	14833	14827	14500	14708	14698	14665	14533	14626	14948	15859	16164	15768	15945	15735	15708	15806	15876	15643	15710	15708	16352	15532	15847	15729	17469	15740	15569	15726	15714	15693	15679	15504	16796	14953	15041	15000	14555	14348	15098	14869	14921	15111	14998	14642	16162	15213	15087	15072	14770	15142	15085	14859	14815	14815	14769	14770	15985	15042	15344
8:33:40	37.0	15273	15113	14678	14647	14534	14325	14517	14570	14364	14416	14418	17165	15728	15185	14757	14827	14688	14646	14680	14676	14538	14515	14486	14728	15951	16115	15850	15863	15661	15596	15825	15600	15663	15647	15574	16317	15439	15921	15643	17387	15658	15541	15720	15678	15741	15503	15629	16825	14890	15002	14906	14456	14198	14950	14847	14822	15025	14975	14638	16134	15231	15054	14966	14795	14913	15073	14870	14847	14871	14734	14711	15908	14965	15402
8:37:40	37.0	15262	14987	14612	14618	14428	14521	14418	14445	14304	14396	14460	17118	15600	15171	14891	14925	14593	14659	14653	14582	14549	14739	14550	14906	15921	16162	15734	15785	15588	15704	15787	15679	15612	15775	15736	16537	15409	15769	15626	17526	15592	15612	15607	15775	15692	15593	15650	16667	14964	14985	14961	14458	14270	14958	14959	14982	14887	14886	14539	16100	15209	15090	14927	14785	15018	15178	14916	14864	14874	14673	14750	15841	15007	15364
8:41:40	37.0	15257	14779	14660	14480	14443	14477	14425	14401	14294	14425	14415	17150	15544	15157	14782	14801	14683	14642	14585	14603	14572	14493	14414	15045	15892	15959	15806	15677	15736	15622	15774	15622	15673	15659	15691	16467	15457	15766	15595	17584	15529	15557	15606	15700	15701	15589	15525	16727	14889	15076	14896	14425	14168	14857	14738	14848	15013	14876	14588	16021	15220	15120	14988	14747	15032	15080	14930	14825	14706	14721	14766	15819	14930	15499
8:45:40	37.0	15168	15022	14621	14560	14516	14344	14403	14416	14363	14522	14407	17135	15535	15036	14833	14784	14550	14536	14612	14435	14636	14605	14504	14787	15893	15945	15695	15671	15591	15459	15729	15533	15624	15669	15628	16338	15480	15824	15600	17308	15561	15552	15703	15611	15729	15476	15468	16669	14915	14945	14949	14380	14180	14998	14777	14773	15103	14791	14577	16082	15208	14999	14988	14747	15016	15212	14975	14711	14727	14778	14848	15756	15000	15375
8:49:40	37.0	15109	14801	14634	14491	14479	14388	14450	14452	14437	14420	14468	17098	15609	15027	14728	14709	14611	14613	14625	14510	14590	14689	14317	14858	15758	15866	15702	15714	15698	15613	15720	15661	15630	15570	15647	16358	15423	15710	15641	17349	15617	15422	15549	15509	15676	15593	15541	16844	14907	15018	14977	14473	14140	14914	14784	14745	15006	14880	14569	15988	15223	15149	15016	14856	15103	15098	14847	14664	14797	14574	14731	15777	15003	15473
8:53:40	37.0	14996	14965	14583	14476	14518	14285	14535	14446	14361	14391	14331	17002	15489	15160	14833	14728	14680	14466	14738	14542	14539	14534	14370	14851	15720	15849	15713	15732	15667	15570	15675	15593	15656	15562	15691	16229	15217	15714	15587	17343	15499	15570	15697	15557	15660	15504	15646	16761	14936	14997	14918	14305	14122	14804	14774	14893	14967	14878	14703	15942	15377	15148	14995	14791	14898	15191	14953	14677	14743	14572	14826	15743	15068	15462
8:57:40	37.0	15121	14852	14556	14415	14460	14414	14348	14375	14445	14341	14403	16852	15464	14957	14873	14706	14598	14644	14599	14494	14646	14470	14418	14712	15693	15806	15701	15562	15615	15531	15616	15671	15443	15619	15625	16301	15142	15771	15552	17450	15711	15558	15658	15467	15468	15466	15484	16675	14815	14765	14797	14511	14151	14734	14622	14860	14807	14778	14563	15974	15106	15049	14901	14808	14981	14962	14947	14862	14726	14602	14695	15978	14947	15479
9:01:40	37.0	14913	14909	14570	14421	14491	14566	14429	14344	14403	14384	14335	16983	15381	14902	14603	14725	14597	14474	14641	14507	14565	14490	14383	14773	15678	15908	15718	15389	15468	15507	15641	15717	15577	15639	15546	16242	15175	15614	15616	17325	15709	15409	15556	15376	15512	15558	15549	16659	14673	14941	14726	14399	14172	14753	14853	14753	14901	14755	14629	15993	15111	15013	14947	14724	14997	15057	14928	14976	14611	14643	14832	15782	14918	15401
9:05:40	37.0	15105	14812	14607	14573	14439	14426	14451	14328	14298	14281	14362	16972	15331	14982	14784	14699	14643	14608	14517	14530	14518	14460	14399	14666	15688	15802	15657	15585	15630	15506	15585	15529	15463	15601	15679	16289	15282	15662	15431	17278	15471	15413	15516	15592	15580	15519	15594	16751	14744	14969	14691	14302	14163	14914	14796	14673	14836	14724	14654	15971	15252	15147	14873	14818	15074	15088	15102	14782	14838	14687	14773	15728	15060	15338
9:09:40	37.0	15040	14833	14631	14417	14316	14426	14415	14420	14386	14288	14440	16920	15432	14896	14699	14725	14578	14628	14687	14466	14654	14466	14394	14628	15797	15893	15744	15483	15470	15514	15583	15589	15339	15617	15563	16088	15158	15684	15432	17391	15346	15408	15616	15459	15642	15451	15406	16689	14782	14888	14788	14420	14079	14876	14597	14619	14824	14672	14388	15990	15166	15004	14927	14823	14842	15109	15109	14791	14749	14738	14729	15622	15012	15400
9:13:40	37.0	15015	14828	14601	14429	14411	14441	14425	14396	14354	14397	14253	17035	15394	15039	14684	14694	14625	14595	14633	14599	14465	14439	14438	14805	15504	15796	15509	15555	15461	15481	15635	15481	15473	15560	15556	16126	15102	15491	15394	17168	15531	15523	15442	15393	15642	15357	15524	16611	14653	14904	14830	14228	14205	14703	14618	14703	14853	14754	14503	15923	15198	15092	15004	14734	14949	15047	15009	14739	14677	14613	14751	15741	14969	15557
9:17:40	37.0	14983	14941	14560	14487	14423	14345	14540	14390	14309	14359	14347	16889	15385	14965	14739	14578	14682	14477	14543	14566	14524	14613	14394	14660	15559	15788	15719	15588	15639	15502	15485	15530	15450	15481	15656	16194	15102	15489	15455	17117	15458	15342	15514	15554	15652	15390	15553	16699	14699	14918	14837	14282	14037	14747	14640	14722	14789	14642	14497	16030	15135	15042	14865	14800	14957	15107	15055	14971	14867	14601	14846	15636	14883	15450
9:21:40	37.0	15018	14728	14702	14474	14439	14311	14426	14288	14227	14317	14472	16953	15334	14998	14664	14618	14551	14559	14571	14517	14481	14544	14460	14702	15709	15751	15756	15508	15435	15480	15519	15470	15430	15425	15615	16234	15136	15546	15503	17217	15539	15424	15480	15448	15640	15456	15501	16625	14729	14871	14752	14232	14100	14856	14597	14729	14771	14603	14595	15948	15211	15118	14911	14704	14901	15147	14968	14856	14771	14680	14794	15718	14986	15342
9:25:40	37.0	14866	14768	14651	14473	14402	14407	14329	14375	14327	14250	14337	16952	15236	14969	14697	14625	14693	14553	14534	14360	14524	14566	14339	14685	15497	15872	15517	15468	15459	15381	15461	15353	15404	15419	15415	16122	15104	15518	15319	17097	15437	15240	15415	15445	15589	15522	15478	16470	14634	14770	14752	14275	13959	14746	14491	14894	14777	14553	14489	15933	15195	15061	15044	14767	14927	15211	15077	14744	14807	14634	14803	15486	14945	15341
9:29:40	37.0	14959	14770	14459	14502	14518	14328	14410	14319	14216	14423	14199	16868	15389	14849	14692	14554	14635	14518	14588	14545	14579	14330	14268	14810	15430	15761	15680	15452	15311	15486	15500	15462	15356	15394	15517	16223	15016	15335	15315	17285	15545	15372	15518	15451	15375	15289	15347	16543	14754	14757	14699	14278	13963	14728	14602	14575	14912	14646	14410	15952	15192	14993	15063	14720	14930	14999	15055	14781	14784	14606	14740	15618	14913	15381
9:33:40	37.0	14804	14821	14550	14435	14437	14380	14350	14283	14312	14304	14327	16813	15235	14811	14705	14722	14549	14607	14528	14346	14418	14497	14384	14574	15453	15684	15537	15444	15337	15587	15489	15387	15460	15458	15384	16191	14957	15394	15409	17276	15525	15299	15438	15424	15378	15325	15434	16678	14650	14822	14629	14217	14153	14685	14536	14762	14713	14704	14549	15883	15023	15034	14889	14659	14812	15025	15033	14944	14722	14636	14828	15630	14788	15337
9:37:40	37.0	14847	14711	14636	14534	14338	14440	14407	14451	14266	14357	14336	16746	15138	14910	14658	14752	14682	14482	14473	14491	14542	14529	14373	14736	15591	15603	15515	15482	15379	15288	15426	15453	15326	15409	15399	16105	15193	15509	15373	17254	15367	15399	15288	15428	15442	15409	15351	16407	14841	14842	14622	14273	13932	14755	14567	14678	14759	14572	14349	15832	15110	14979	14944	14614	14963	15057	14982	14849	14838	14520	14638	15562	14925	15386
9:41:40	37.0	14818	14684	14492	14511	14377	14368	14377	14315	14270	14297	14215	16790	15031	14820	14630	14521	14413	14477	14526	14478	14463	14471	14398	14732	15398	15632	15430	15529	15467	15449	15554	15538	15370	15436	15460	16034	15026	15455	15230	17171	15370	15415	15356	15421	15478	15364	15368	16409	14790	14726	14654	14203	14070	14656	14574	14650	14827	14523	14345	15808	15228	14929	15001	14618	14972	15192	14956	14777	14703	14700	14668	15546	14895	15508
9:45:40	37.0	15008	14742	14569	14458	14424	14306	14311	14465	14307	14228	14328	16811	15073	14809	14617	14578	14639	14472	14499	14424	14550	14414	14329	14619	15381	15791	15530	15455	15423	15492	15467	15436	15456	15421	15381	16146	14867	15401	15270	17142	15271	15360	15431	15404	15300	15311	15366	16392	14694	14637	14614	14222	14031	14676	14544	14632	14681	14505	14395	15800	15036	14954	14868	14768	14791	15032	14886	14795	14686	14643	14710	15383	14867	15432
9:49:40	37.0	14857	14668	14690	14460	14354	14362	14340	14334	14258	14211	14263	16692	15086	14750	14619	14659	14515	14488	14598	14433	14532	14568	14275	14690	15428	15513	15524	15438	15455	15516	15608	15418	15390	15354	15327	15954	14877	15304	15359	17106	15299	15342	15434	15338	15461	15376	15455	16351	14797	14715	14582	14269	14099	14616	14468	14519	14565	14580	14212	15801	15166	14956	14857	14776	14930	14990	15048	14722	14662	14737	14690	15449	14815	15408
9:53:40	37.0	14997	14813	14617	14396	14409	14309	14342	14189	14178	14164	14329	16713	15176	14685	14690	14586	14515	14586	14608	14470	14476	14490	14338	14577	15393	15631	15508	15343	15327	15359	15283	15453	15332	15311	15444	16180	14887	15389	15254	17048	15504	15221	15325	15378	15533	15368	15371	16309	14635	14666	14543	14174	13935	14605	14414	14513	14674	14522	14224	15748	15172	14999	14909	14707	14876	15170	15069	14789	14665	14558	14788	15559	14926	15369
9:57:40	37.0	14829	14625	14520	14370	14306	14393	14368	14412	14238	14249	14253	16697	15083	14811	14569	14566	14642	14528	14520	14499	14545	14313	14392	14696	15354	15600	15445	15389	15400	15409	15401	15410	15343	15396	15410	16127	14933	15389	15187	17123	15440	15193	15372	15485	15399	15410	15306	16216	14606	14643	14616	14226	14010	14612	14543	14574	14800	14597	14421	15809	15010	14908	14924	14688	14911	15012	14996	14829	14706	14648	14650	15551	14851	15332
10:01:40	37.0	14885	14800	14486	14435	14371	14280	14391	14331	14234	14236	14270	16691	15139	14740	14697	14699	14549	14452	14490	14560	14504	14464	14342	14727	15314	15528	15478	15292	15492	15272	15431	15374	15286	15353	15420	15866	14836	15352	15189	17071	15539	15241	15321	15354	15370	15381	15515	16272	14505	14649	14605	14109	14033	14478	14502	14572	14615	14529	14312	15684	14971	14921	14907	14606	14975	14949	15015	14749	14641	14520	14716	15510	14759	15486
10:05:40	37.0	14863	14783	14589	14471	14352	14313	14314	14377	14345	14289	14165	16612	15052	14808	14548	14607	14507	14440	14620	14346	14531	14504	14174	14757	15352	15525	15440	15316	15341	15396	15401	15347	15337	15363	15458	16056	14804	15367	15207	17118	15331	15310	15284	15414	15565	15375	15270	16235	14680	14745	14623	14149	14066	14593	14414	14566	14662	14355	14505	15709	15130	14928	14899	14738	15056	15013	15066	14880	14764	14552	14766	15545	14938	15321
10:09:40	37.0	15006	14746	14566	14554	14354	14295	14410	14371	14333	14297	14224	16575	15000	14670	14746	14646	14624	14389	14531	14508	14529	14507	14428	14669	15447	15608	15370	15243	15266	15488	15456	15524	15393	15280	15342	16082	14804	15321	15039	16993	15376	15288	15271	15370	15387	15317	15309	16226	14595	14675	14589	14106	14025	14504	14479	14350	14662	14465	14270	15814	15034	14846	14902	14860	14942	15145	15010	14709	14789	14517	14724	15445	14962	15581
10:13:40	37.0	14824	14746	14589	14457	14437	14363	14423	14368	14336	14345	14274	16820	14990	14861	14570	14618	14658	14528	14502	14463	14566	14394	14404	14699	15249	15428	15412	15328	15383	15226	15467	15420	15429	15244	15398	15815	14826	15370	15305	17138	15336	15323	15295	15320	15428	15349	15222	16240	14649	14686	14519	14163	13980	14682	14468	14411	14507	14373	14319	15664	14946	14886	14841	14763	14871	15212	15062	14799	14629	14493	14669	15703	15019	15584
10:17:40	37.0	14673	14780	14535	14491	14365	14231	14417	14354	14271	14328	14353	16541	15040	14775	14612	14688	14557	14498	14567	14413	14491	14480	14338	14774	15513	15499	15435	15258	15251	15320	15345	15447	15508	15380	15337	16058	14843	15380	15250	17110	15405	15302	15505	15336	15384	15370	15301	16148	14568	14669	14519	14111	13990	14386	14448	14490	14498	14426	14317	15632	14998	14878	14823	14652	14968	15102	14883	14754	14652	14620	14690	15558	15103	15496
10:21:40	37.0	14771	14812	14476	14490	14381	14416	14464	14337	14336	14371	14382	16594	14985	14637	14710	14694	14547	14592	14606	14387	14453	14365	14389	14762	15356	15447	15401	15481	15467	15318	15197	15414	15302	15390	15360	15988	14785	15358	15171	17054	15271	15252	15448	15227	15368	15244	15250	16136	14416	14676	14553	14158	13982	14403	14360	14451	14490	14467	14214	15645	14948	14944	14944	14553	15003	15114	15085	14833	14797	14607	14642	15408	15010	15372
10:25:40	37.0	14834	14696	14503	14507	14424	14253	14270	14262	14383	14330	14333	16485	14828	14634	14579	14705	14615	14547	14450	14356	14486	14429	14417	14628	15352	15535	15288	15353	15203	15347	15440	15321	15302	15280	15351	15969	14751	15353	15211	16957	15360	15242	15264	15289	15266	15271	15411	16175	14610	14607	14583	14067	13935	14485	14387	14389	14585	14324	14207	15546	15010	14883	14901	14705	14844	15078	15093	14753	14630	14497	14661	15363	15135	15393
10:29:40	37.0	14752	14760	14460	14442	14371	14215	14209	14295	14296	14267	14391	16625	14906	14802	14689	14524	14398	14357	14603	14393	14470	14438	14300	14653	15368	15382	15423	15359	15244	15306	15271	15520	15487	15250	15368	15998	14753	15300	15264	17102	15228	15068	15325	15372	15418	15314	15238	16027	14600	14590	14497	14098	13830	14556	14401	14489	14414	14442	14199	15541	14946	14985	14948	14567	14945	15051	14921	14784	14813	14592	14753	15401	15201	15495
10:33:40	37.0	14730	14788	14446	14405	14430	14272	14290	14336	14376	14317	14249	16618	14998	14816	14650	14532	14527	14401	14511	14443	14532	14408	14322	14692	15323	15482	15325	15278	15248	15292	15208	15366	15307	15315	15255	15885	14749	15137	15053	16958	15312	15217	15413	15275	15244	15281	15425	15953	14470	14590	14454	14090	13934	14426	14408	14427	14539	14519	14336	15564	14965	14955	14874	14704	14923	15110	15044	14865	14784	14600	14733	15449	15014	15381
10:37:40	37.0	14643	14810	14497	14392	14411	14309	14377	14259	14227	14278	14295	16518	14921	14852	14578	14623	14579	14488	14570	14353	14482	14448	14300	14558	15280	15477	15313	15374	15244	15232	15374	15325	15312	15240	15330	15838	14706	15078	15211	16883	15309	15231	15416	15353	15351	15284	15305	16145	14483	14500	14454	14121	13931	14508	14260	14473	14557	14453	14328	15493	14943	14902	14903	14658	15061	15021	15025	14735	14713	14613	14773	15297	15195	15426
10:41:40	37.0	14720	14828	14477	14412	14378	14403	14311	14306	14306	14363	14282	16612	14884	14710	14683	14506	14496	14463	14404	14356	14397	14537	14293	14572	15266	15376	15322	15401	15215	15139	15325	15288	15327	15232	15330	15981	14614	15225	15007	16997	15328	15243	15314	15372	15399	15148	15176	16103	14391	14368	14394	14112	13891	14490	14378	14391	14567	14356	14124	15532	14945	14876	14860	14810	14949	15075	15176	14817	14829	14555	14727	15330	15128	15334
10:45:40	37.0	14778	14813	14613	14426	14440	14314	14306	14158	14240	14258	14336	16517	14795	14687	14748	14490	14480	14423	14562	14449	14385	14440	14287	14609	15320	15369	15401	15249	15271	15194	15308	15339	15315	15380	15183	15765	14650	15307	15023	17087	15170	15207	15169	15413	15269	15223	15120	15968	14471	14497	14387	14070	13922	14334	14365	14388	14487	14335	14182	15413	14894	14874	14727	14628	14941	14980	14971	14836	14616	14591	14784	15333	15144	15568
10:49:40	37.0	14642	14764	14477	14366	14372	14286	14356	14389	14298	14225	14394	16579	14870	14716	14732	14470	14566	14479	14577	14452	14476	14407	14428	14590	15178	15431	15387	15290	15131	15353	15365	15321	15243	15211	15309	15943	14741	15319	15059	16947	15172	15170	15277	15381	15314	15293	15409	16153	14624	14415	14385	14036	14001	14331	14320	14382	14401	14290	14195	15407	14926	14988	14845	14633	14829	14959	15111	14717	14663	14652	14692	15364	15086	15491
10:53:40	37.0	14829	14812	14421	14385	14489	14310	14235	14308	14229	14227	14156	16433	14813	14778	14487	14633	14543	14450	14524	14385	14462	14477	14275	14697	15329	15368	15394	15181	15332	15373	15378	15231	15250	15168	15275	15841	14598	15202	14906	16935	15165	15141	15198	15246	15227	15310	15353	16055	14565	14485	14487	14170	13862	14474	14318	14394	14303	14334	14235	15548	14887	14990	14881	14721	14883	15146	15020	14827	14665	14802	14723	15278	15160	15416
10:57:40	37.0	14702	14751	14447	14462	14413	14394	14248	14278	14285	14200	14226	16529	14908	14642	14506	14555	14495	14500	14483	14412	14410	14468	14342	14642	15272	15402	15486	15196	15232	15151	15283	15342	15324	15203	15240	15883	14675	15071	15009	16917	15317	15251	15322	15273	15209	15195	15174	16106	14465	14481	14356	13849	13917	14415	14267	14426	14386	14322	14220	15508	14848	14904	14869	14755	14855	15129	15020	14710	14648	14784	14746	15240	15050	15530
11:01:40	37.0	14691	14790	14540	14409	14422	14350	14291	14331	14263	14250	14336	16522	14828	14783	14696	14590	14500	14586	14598	14461	14392	14316	14322	14670	15179	15458	15231	15438	15268	15222	15258	15229	15352	15315	15359	15735	14620	15035	15138	16957	15293	15198	15264	15233	15312	15209	15307	15971	14422	14488	14503	14062	13856	14425	14245	14450	14522	14316	14309	15426	14902	14985	14824	14654	14849	15124	15059	14871	14744	14701	14748	15442	15063	15416
11:05:40	37.0	14814	14698	14468	14481	14378	14451	14429	14183	14287	14294	14307	16360	14935	14765	14510	14526	14518	14434	14557	14320	14480	14434	14340	14696	15210	15327	15190	15168	15170	15213	15068	15205	15374	15289	15313	15868	14641	15019	14956	17016	15209	15216	15157	15321	15296	15257	15321	16006	14472	14440	14351	14021	13852	14509	14304	14323	14537	14263	14287	15513	14901	14952	14746	14666	14871	15161	15234	14814	14697	14713	14650	15341	14986	15424
11:09:40	37.0	14674	14777	14578	14444	14457	14307	14436	14306	14215	14293	14227	16318	14848	14792	14701	14417	14508	14482	14468	14428	14500	14330	14297	14752	15186	15466	15318	15259	15201	15357	15341	15364	15124	15317	15343	15668	14639	15070	15011	16922	15319	15186	15162	15240	15196	15148	15294	16041	14534	14437	14355	13989	13826	14458	14273	14357	14447	14327	14088	15337	14930	14899	14849	14821	14923	15051	15141	14839	14662	14680	14628	15236	15047	15376
11:13:40	37.0	14708	14908	14554	14446	14333	14430	14327	14294	14408	14330	14307	16347	14755	14735	14614	14651	14538	14506	14493	14397	14536	14476	14359	14666	15240	15315	15224	15300	15319	15151	15210	15226	15121	15047	15176	15846	14672	15173	15203	16987	15289	15151	15215	15254	15257	15221	15258	16001	14537	14294	14438	14018	13910	14431	14150	14362	14448	14400	14175	15335	14871	14907	14821	14728	14899	15067	15096	14861	14759	14625	14668	15332	15130	15366
11:17:40	37.0	14760	14758	14559	14444	14435	14308	14394	14290	14314	14316	14259	16410	14836	14786	14705	14574	14519	14489	14543	14436	14312	14502	14303	14776	15260	15340	15493	15240	15298	15164	15273	15316	15323	15326	15269	15797	14673	15124	15040	17030	15302	15269	15176	15319	15225	15165	15254	16140	14440	14505	14317	14119	13949	14435	14156	14320	14482	14220	14189	15309	14837	14886	14824	14596	14968	15160	15107	14815	14750	14720	14765	15330	15069	15468
11:21:40	37.0	14941	14787	14619	14523	14506	14283	14425	14305	14352	14349	14291	16228	14759	14773	14539	14617	14623	14481	14472	14415	14510	14370	14228	14687	15292	15263	15291	15315	15186	15281	15283	15440	15329	15282	15151	15852	14585	15101	14961	16949	15186	15221	15253	15265	15153	15244	15263	16048	14376	14409	14423	14104	13828	14402	14307	14232	14371	14251	14233	15385	14887	14860	14925	14724	14807	15091	15159	14818	14695	14728	14698	15245	15035	15462
11:25:40	37.0	14883	14736	14476	14408	14341	14415	14444	14417	14247	14320	14159	16193	14841	14679	14677	14660	14486	14436	14524	14379	14505	14522	14374	14592	15301	15257	15209	15224	15232	15177	15282	15233	15229	15191	15307	15842	14618	15086	14928	16925	15330	15174	15293	15159	15233	15242	15162	15945	14363	14382	14347	14080	13844	14330	14289	14267	14365	14342	14139	15395	14806	14912	14836	14670	14940	15158	15172	14751	14725	14648	14737	15272	15281	15285
11:29:40	37.0	14760	14735	14517	14347	14363	14404	14327	14245	14249	14258	14330	16117	14747	14713	14568	14532	14527	14437	14354	14361	14423	14331	14309	14711	15166	15362	15239	15246	15194	15139	15192	15286	15187	14992	15231	15792	14596	15041	14920	16900	15233	15245	15208	15065	15179	15253	15096	16030	14270	14368	14285	14078	13718	14410	14160	14355	14426	14255	14191	15384	14824	14870	14803	14699	14799	15157	15115	14699	14788	14698	14771	15322	15082	15295
11:33:40	37.0	14790	14728	14583	14518	14419	14225	14287	14210	14218	14249	14185	16293	14699	14752	14637	14588	14591	14427	14414	14333	14463	14443	14441	14598	15099	15453	15221	15153	15216	15048	15273	15210	15218	15189	15194	15841	14597	15083	14954	16954	15098	15228	15133	15168	15345	15205	15281	15886	14321	14343	14294	14093	13820	14432	14176	14222	14488	14118	14071	15331	14816	14792	14793	14684	14872	15134	14968	14831	14628	14698	14662	15201	15238	15224
11:37:40	37.0	14753	14647	14458	14429	14402	14335	14294	14334	14238	14404	14369	16147	14747	14737	14593	14627	14438	14516	14468	14379	14570	14392	14344	14723	15259	15207	15238	15170	15084	15093	15076	15254	15333	15134	15138	15705	14642	15032	14965	16847	15187	15125	15177	14999	15084	15133	15192	15999	14355	14341	14313	14013	13807	14258	14249	14239	14440	14187	14061	15390	14884	14869	14779	14572	14875	15157	15050	14896	14797	14686	14657	15236	15185	15088
11:41:40	37.1	14847	14673	14490	14354	14348	14284	14342	14349	14271	14274	14391	16217	14796	14684	14533	14412	14540	14405	14475	14441	14563	14546	14322	14683	15241	15393	15087	15181	15181	15092	15223	15225	15158	15175	15195	15722	14531	15062	14986	17030	15285	15089	15173	15145	15224	15261	15237	15967	14333	14381	14315	13907	13803	14290	14169	14307	14435	14190	14024	15381	14839	14883	14923	14646	14953	15204	15087	14776	14725	14682	14516	15240	15226	15341
11:45:40	37.0	14812	14895	14508	14401	14408	14337	14404	14389	14220	14264	14321	16128	14762	14775	14774	14539	14577	14369	14495	14256	14440	14462	14237	14695	15083	15295	15094	15231	15126	15089	15178	15117	15031	15003	15217	15618	14604	14991	14837	16873	15259	15051	15166	15118	15084	15103	15134	15873	14371	14335	14273	14026	13748	14323	14159	14186	14475	14101	13995	15341	14931	14934	14775	14616	15004	15175	15251	14823	14765	14665	14634	15211	15024	15092
11:49:40	37.0	14801	14762	14556	14382	14388	14242	14417	14334	14291	14354	14289	16171	14822	14628	14532	14540	14454	14431	14552	14350	14451	14331	14317	14657	15198	15259	15145	15095	15113	15049	15015	15208	15219	15056	15139	15600	14718	15075	14855	16907	15281	15147	15175	15097	15166	15168	15066	15957	14452	14356	14261	13813	13742	14308	14153	14287	14399	14260	14080	15210	14849	14908	14722	14686	14925	15079	15266	14742	14687	14763	14656	15314	15012	15188
11:53:40	37.0	14683	14725	14490	14397	14387	14372	14385	14286	14218	14296	14217	15900	14768	14688	14692	14736	14614	14368	14595	14493	14560	14440	14278	14688	15105	15322	15144	15097	15101	15015	15074	15227	15112	15086	15084	15693	14487	15019	14900	16903	15251	15120	15034	15097	15205	15204	15063	15780	14404	14177	14293	13934	13889	14211	14084	14151	14365	14084	14100	15290	14924	14882	14929	14609	14961	15119	15154	14839	14761	14568	14643	15298	15173	15153
11:57:40	37.0	14792	14748	14486	14417	14410	14430	14404	14295	14253	14348	14286	16066	14782	14717	14534	14529	14488	14436	14408	14387	14349	14445	14407	14666	15134	15314	15073	15079	14987	15030	15125	15043	15127	15102	15176	15765	14513	15005	14853	16863	15221	14941	14985	15194	15212	15202	15075	15836	14199	14472	14278	13981	13826	14382	14172	14302	14393	14113	14111	15243	14924	14826	14804	14595	14811	15049	15059	14910	14576	14788	14755	15251	15119	14950
12:01:40	37.0	14830	14777	14597	14469	14313	14238	14302	14318	14292	14348	14352	16138	14764	14660	14514	14673	14569	14456	14538	14317	14555	14442	14387	14650	15025	15142	15097	14927	15129	15041	15102	15207	15194	15085	15261	15734	14605	14996	14744	16859	15093	14993	15081	15075	15060	15129	14953	15789	14290	14328	14159	13921	13791	14356	14245	14329	14352	14297	14102	15276	14801	14980	14803	14807	14941	15119	15214	14790	14642	14862	14768	15226	14998	15031
12:05:40	37.0	14863	14816	14463	14502	14330	14301	14329	14419	14271	14251	14262	16050	14801	14724	14665	14523	14509	14444	14424	14447	14509	14508	14429	14756	15101	15205	15106	15114	15126	15038	15114	15075	14967	15014	15265	15556	14613	15059	14904	16868	15136	15066	15000	15098	15211	15058	15061	15864	14399	14224	14300	13984	13751	14380	14206	14183	14371	14180	14072	15349	14734	14871	14775	14773	14890	15018	15251	14772	14820	14706	14710	15217	14906	14976
12:09:40	37.0	14825	14792	14489	14516	14390	14298	14392	14350	14227	14252	14241	16114	14677	14803	14711	14593	14561	14552	14556	14405	14505	14484	14269	14666	15046	15232	15092	15069	15035	15041	15098	15202	15114	15011	15230	15619	14540	15067	14842	16871	15173	15035	15104	15178	15157	15049	15152	15796	14309	14283	14276	13995	13755	14245	14240	14238	14389	14129	14054	15393	14843	14838	14866	14686	14971	15003	15198	14753	14727	14634	14701	15267	14972	15034
12:13:40	37.0	14855	14861	14563	14492	14496	14259	14321	14300	14316	14397	14367	16070	14808	14765	14628	14514	14617	14409	14499	14419	14531	14516	14331	14725	15088	15284	15018	15075	15073	14955	15200	15222	15143	15025	15116	15737	14608	14958	14954	16753	15136	15038	14946	15056	15235	15079	14999	15781	14359	14274	14170	13948	13887	14374	14132	14250	14320	14150	14011	15331	14833	14967	14782	14815	15052	15062	15199	14834	14651	14727	14793	15342	14733	14926
12:17:40	37.0	14969	14745	14606	14489	14392	14272	14411	14400	14310	14346	14310	15903	14807	14710	14615	14667	14612	14591	14676	14450	14566	14528	14462	14712	14998	15269	15030	15074	15125	14971	15083	15159	15046	15154	15110	15489	14689	15003	14965	16853	15158	15066	15012	15051	15148	15113	15169	15799	14387	14373	14134	14023	13734	14275	14110	14078	14360	14109	14084	15256	14831	15012	14834	14752	14999	15161	15299	14830	14585	14703	14745	15317	14871	14900
12:21:40	37.0	14815	14717	14672	14364	14468	14426	14376	14221	14346	14327	14298	15822	14595	14830	14584	14607	14637	14383	14550	14457	14476	14428	14315	14686	15041	15119	15078	15018	15146	15013	15082	15187	15071	15036	15184	15652	14724	15013	14943	16795	15083	14932	15007	15038	15206	15042	15073	15910	14392	14138	14272	13734	13754	14213	14076	14100	14401	14223	14035	15370	14791	14932	14768	14614	14872	15068	15163	14799	14810	14794	14770	15283	14959	14925
12:25:40	37.0	14878	14871	14433	14364	14415	14411	14428	14311	14298	14331	14274	16020	14760	14873	14613	14675	14499	14480	14572	14435	14500	14411	14328	14817	15035	15123	15069	14945	15077	15036	15101	15048	15094	15077	15168	15689	14499	14912	14867	16678	15126	15010	14962	15011	15162	15055	15045	15793	14476	14419	14182	13924	13665	14274	14050	14203	14327	14130	14026	15207	14811	14996	14866	14743	15012	15103	15158	14761	14883	14817	14665	15141	14956	14942
12:29:40	37.0	14822	14830	14596	14514	14371	14399	14319	14403	14445	14319	14262	15850	14608	14764	14631	14574	14491	14477	14483	14570	14570	14469	14345	14683	15099	15137	15098	15119	14936	15047	15080	14993	15027	14975	15202	15500	14693	14983	14946	16777	15033	15100	15022	15006	15145	15082	14978	15727	14392	14267	14237	14116	13846	14320	14110	14134	14352	14281	14014	15283	14873	15077	14883	14601	14953	15122	15138	14839	14504	14934	14691	15125	15024	15138
12:33:40	37.0	14826	14748	14509	14426	14405	14336	14425	14256	14399	14404	14367	15985	14637	14711	14616	14659	14527	14511	14539	14534	14399	14492	14253	14711	15122	15259	15257	14933	14908	15044	15074	15187	15057	15011	15095	15578	14542	15017	14837	16802	15144	15013	15118	15073	15133	15067	15025	15847	14369	14094	14213	13877	13708	14257	14026	14176	14280	14080	13923	15196	14833	14928	14876	14748	14892	15125	15043	14734	14668	14884	14706	15169	14901	15015
12:37:40	37.0	14872	14829	14577	14510	14402	14420	14361	14514	14335	14407	14338	15818	14505	14806	14726	14566	14431	14468	14540	14307	14559	14459	14281	14795	15006	15258	15121	14944	15091	14903	15177	15061	15065	14978	15097	15542	14554	15007	14865	16861	15078	15031	15006	15031	15186	14991	15051	15787	14309	14194	14152	13819	13708	14175	14053	14309	14287	14170	13991	15235	14915	15031	14776	14669	15122	15059	15360	14742	14689	14746	14737	15210	14965	14890
12:41:40	37.0	14948	14833	14621	14475	14428	14423	14445	14296	14309	14220	14356	15894	14820	14796	14742	14569	14461	14613	14508	14391	14465	14456	14350	14734	14986	15084	15077	15164	15071	14921	15003	15165	15128	14995	15087	15529	14614	14850	14803	16798	15139	14958	14960	15116	15014	15096	14964	15707	14424	14169	14284	13930	13754	14376	14139	14130	14371	14193	14065	15227	14749	14890	14888	14788	14948	15093	15312	14673	14722	14817	14729	15123	14896	14811
12:45:40	37.0	14949	15033	14650	14511	14421	14501	14380	14410	14367	14474	14434	15963	14774	14799	14681	14570	14444	14445	14579	14443	14483	14398	14570	14792	14966	15218	15080	15038	15037	15013	15006	15112	14996	14975	15043	15515	14640	14838	14816	16820	15088	15091	14981	15143	15075	15109	15060	15699	14321	14310	14272	13920	13872	14128	14169	14143	14301	13966	13861	15260	14782	15027	14810	14753	14980	15056	15201	14729	14768	14800	14771	15133	14977	14779
12:49:40	37.0	15075	14856	14575	14671	14497	14356	14401	14409	14439	14365	14186	15809	14587	14807	14761	14652	14548	14437	14575	14392	14528	14472	14377	14885	14984	15087	15018	15024	15119	14955	15101	15050	14962	15152	15075	15451	14707	14991	14812	16746	14981	15011	15021	15048	15108	15034	14942	15708	14215	14240	14174	13908	13830	14284	14094	14315	14225	14028	14044	15227	14859	14922	14836	14757	14932	15107	15154	14900	14846	14818	14686	15260	14844	14646
12:53:40	37.0	14875	14813	14689	14455	14436	14364	14377	14364	14290	14329	14404	15880	14739	14692	14593	14457	14574	14554	14492	14375	14515	14501	14366	14840	14979	15140	14963	15187	15109	15006	14952	15177	15015	15031	15022	15532	14500	15097	14786	16622	14985	15053	14996	15089	15121	15021	15060	15772	14178	14129	14041	13928	13793	14208	14118	14175	14358	14045	13958	15128	14841	15042	14896	14686	14872	15004	15332	14800	14775	14905	14720	15261	15010	14649
12:57:40	37.0	15013	14872	14668	14577	14460	14496	14494	14317	14394	14477	14242	15840	14726	14785	14703	14610	14546	14539	14510	14501	14444	14495	14382	14753	15044	15138	15076	15068	15035	15002	15117	15184	15123	14991	15181	15463	14520	15039	14935	16871	15032	14977	15005	15066	15077	15156	15114	15721	14272	14161	14148	13914	13813	14432	14119	14107	14191	14109	13979	15255	14869	15046	14872	14729	14960	15189	15354	14713	14792	14852	14772	15120	14893	14689
13:01:40	37.0	15045	14839	14583	14407	14515	14426	14546	14427	14363	14397	14394	15879	14689	14780	14620	14645	14517	14691	14547	14475	14473	14681	14282	14774	14902	15156	15109	15034	15096	14851	15011	15181	15024	15014	15123	15391	14631	14997	14878	16769	15101	15000	14937	15200	15176	14927	15046	15725	14278	14184	14294	13954	13668	14235	14056	14159	14228	14085	13918	15250	14903	14915	14827	14737	14885	15011	15290	14823	14682	14771	14655	15033	14933	14774
13:05:40	37.0	15084	14826	14579	14474	14484	14397	14471	14374	14371	14331	14417	15639	14793	14917	14688	14778	14616	14513	14573	14492	14541	14577	14498	14819	15053	15317	14938	15063	15029	15081	15042	15135	15193	15052	15080	15453	14630	15012	14846	16752	15058	14884	14927	15098	15165	15053	14943	15768	14265	14173	14204	14008	13684	14181	14155	13997	14332	14116	13883	15190	14777	14946	14834	14735	15087	15111	15310	14848	14632	14726	14718	15071	14886	14750
13:09:40	37.0	14986	14884	14622	14504	14491	14462	14395	14403	14127	14399	14402	15688	14831	14728	14755	14510	14547	14515	14542	14498	14578	14491	14386	14764	15006	15109	14973	15148	15004	14924	14961	15022	15022	15057	15104	15511	14633	14887	14908	16722	15079	14950	14973	15064	15014	15024	15131	15654	14297	14186	14264	13837	13873	14131	14031	14081	14287	14042	13924	15226	14812	15054	14800	14715	15194	15066	15295	14804	14805	14814	14776	15062	14564	14600
13:13:40	37.0	15222	14872	14672	14521	14510	14333	14468	14402	14297	14474	14368	15931	14820	14843	14717	14642	14673	14497	14655	14421	14519	14537	14418	14764	15065	15203	14995	15079	14938	15124	15080	15021	15038	14975	15050	15497	14671	15002	14764	16665	15047	14985	15031	15084	14999	14978	15040	15580	14244	14164	14136	13902	13720	14243	13943	14067	14202	14033	13874	15292	14892	15050	14844	14756	14979	14963	15242	14788	14688	14858	14629	15070	14730	14509
13:17:40	37.0	15085	14781	14623	14423	14362	14427	14431	14486	14511	14186	14344	15559	14801	14801	14775	14559	14622	14645	14511	14463	14434	14537	14358	14689	14929	15126	15019	14886	14991	15125	15152	15191	15008	15130	15022	15451	14588	14987	14794	16797	14974	14976	15094	15051	15016	15040	15168	15757	14182	14367	14046	13940	13723	14170	14080	14089	14142	14094	13891	15254	14906	14902	14763	14678	15122	15149	15168	14838	14825	14841	14760	15194	14670	14485
13:21:40	37.0	15053	14853	14681	14501	14565	14442	14510	14386	14545	14339	14387	15694	14856	14828	14799	14574	14547	14688	14578	14544	14573	14497	14335	14685	14988	15133	15100	15169	15069	14998	14979	15091	15026	15117	15095	15399	14754	14910	14833	16814	15093	15037	14985	15058	15115	15145	15016	15686	14312	14123	14151	14039	13899	14201	13939	14054	14212	13983	13747	15262	14981	15012	14760	14772	14988	15092	15274	14839	14827	14906	14631	15176	14645	14533
13:25:40	37.0	15174	14927	14708	14545	14661	14466	14510	14429	14319	14425	14266	15666	14685	14837	14779	14594	14574	14606	14408	14379	14626	14570	14389	14715	14862	15168	15083	15043	15084	15111	14968	15076	15076	14968	15109	15425	14574	15015	14822	16705	15050	15002	15013	15048	15145	15053	14967	15737	14241	14139	14234	14056	13793	14352	14028	14107	14150	14003	13974	15167	14908	14966	14864	14763	15106	14991	15258	14919	14686	14801	14789	15122	14526	14567
13:29:40	37.0	15193	14899	14656	14603	14466	14453	14437	14473	14291	14446	14295	15682	14847	14802	14753	14620	14504	14480	14530	14555	14503	14630	14379	14756	14963	15027	15058	14972	15058	15032	15081	15075	15017	14918	15061	15389	14738	14896	14795	16789	15075	14952	15106	15042	14993	15123	15106	15641	14294	14351	14143	13852	13650	14185	14034	14163	14166	14152	13856	15215	14864	15174	14741	14849	15119	15280	15217	14823	14738	14977	14643	15023	14672	14421
13:33:40	37.0	15194	14927	14610	14457	14567	14486	14503	14510	14433	14265	14367	15540	14786	14708	14647	14682	14568	14589	14586	14457	14472	14542	14500	14846	14933	15102	15096	15049	15018	14921	15018	15127	15160	15156	15122	15406	14763	14850	14709	16689	15125	15007	15027	15090	15076	15014	15078	15607	14291	14199	13959	13853	13674	14160	13866	14139	14127	14126	13929	15177	14901	14894	14756	14815	15199	15064	15247	14863	14648	14901	14800	14993	14520	14440
13:37:40	37.0	15214	14870	14876	14516	14600	14424	14365	14461	14436	14424	14400	15659	14879	14912	14729	14651	14555	14424	14524	14453	14559	14576	14486	14718	15100	15146	15123	14978	15014	15053	14997	15099	15021	15054	14919	15459	14644	14966	14863	16807	15070	15021	14924	14947	15149	15090	15060	15834	14243	14145	14143	13956	13768	14201	14019	14138	14105	14033	13937	15189	14966	15015	14814	14688	15082	14923	15275	14780	14707	15018	14707	15136	14526	14427
13:41:40	37.0	15226	14867	14735	14551	14530	14440	14448	14345	14292	14368	14389	15607	14938	14875	14668	14627	14614	14579	14637	14476	14503	14549	14373	14837	14944	15215	15052	14992	14873	14948	15096	15060	15050	15032	15063	15292	14743	14932	14947	16738	14982	15040	14959	15050	15047	15153	14965	15577	14294	14199	14105	13933	13836	14151	13935	14091	14216	13994	13836	15125	15002	15063	14865	14781	15123	15021	15425	14847	14761	14799	14668	15071	14638	14347
13:45:40	37.0	15216	14910	14631	14618	14463	14530	14489	14517	14510	14232	14406	15575	14820	14858	14736	14596	14600	14565	14470	14346	14645	14526	14396	14813	14963	15063	15101	14945	15005	15014	14970	15085	15076	15170	15141	15430	14835	14968	14840	16829	15026	14993	15026	14947	15123	15117	15054	15645	14249	14211	14106	13966	13759	14135	14088	14219	14248	14033	13978	15117	14923	14988	14952	14679	15103	15076	15335	14895	14806	14884	14730	15097	14591	14437
13:49:40	37.0	15175	14952	14544	14607	14512	14605	14470	14624	14425	14379	14569	15549	14959	14844	14716	14568	14670	14580	14545	14575	14614	14587	14311	14781	14990	15100	15012	15058	15073	15090	15019	15099	15095	14991	15028	15438	14689	14959	14701	16826	15124	14964	14946	14968	15046	14895	15249	15717	14294	14159	14074	13881	13781	14192	14003	14105	14121	14096	13995	15221	15089	15027	15000	14670	15141	15076	15450	14750	14689	14934	14743	15120	14665	14306
13:53:40	37.0	15272	14874	14752	14582	14470	14505	14588	14677	14450	14447	14310	15613	14892	14816	14734	14643	14533	14548	14645	14577	14590	14596	14382	14728	14946	15218	15044	14968	14939	15022	15015	15041	15009	15042	15158	15387	14733	14919	14915	16686	15121	14917	15027	15022	15129	15086	15154	15636	14204	14120	14066	13896	13834	14190	14012	14019	14153	13997	13956	15234	14876	15060	14940	14654	15163	15209	15385	14880	14752	14769	14790	14966	14443	14289
13:57:40	37.0	15187	14929	14730	14657	14569	14493	14525	14512	14473	14405	14442	15527	14992	14880	14771	14697	14685	14571	14643	14652	14482	14506	14573	14666	14991	15156	14987	15033	15088	14998	15043	15079	15245	14966	14981	15388	14816	14913	14858	16661	15052	14856	14947	15124	15097	15086	15146	15637	14414	14136	14245	13944	13820	14091	14015	14088	14241	14026	13793	15183	14906	14993	14767	14763	15112	15102	15234	14871	14760	14878	14740	14968	14479	14402
14:01:40	37.0	15318	14973	14730	14584	14595	14566	14661	14532	14495	14513	14422	15578	14930	14992	14780	14629	14698	14633	14586	14513	14483	14663	14535	14849	15037	15094	15190	14929	15044	15022	15045	15040	15132	15009	15050	15274	14804	14852	14705	16654	15054	14978	15053	14996	14992	15124	15066	15597	14352	14175	14207	13883	13712	14119	13916	14088	14281	13957	13884	15174	14967	15132	14931	14661	15129	15134	15391	14952	14786	14965	14743	15022	14454	14368
14:05:40	37.0	15245	14978	14707	14650	14412	14563	14536	14482	14439	14508	14406	15502	14891	14979	14803	14610	14618	14712	14618	14533	14472	14508	14423	14768	15019	15131	15125	15037	15135	15039	15085	15102	14921	15017	15078	15350	14785	14979	14793	16739	15100	14950	15040	15042	15055	15068	15067	15695	14168	14141	14070	13987	13836	14181	13924	14001	14126	13928	13848	15176	14951	14941	14866	14841	15206	15006	15340	15022	14715	14929	14700	14954	14475	14294
14:09:40	37.0	15265	14851	14686	14638	14507	14623	14585	14469	14386	14413	14473	15459	14941	14840	14727	14726	14598	14652	14780	14597	14501	14591	14493	14755	14959	15143	15152	15156	14955	14968	15024	15058	15149	15116	15059	15330	14797	15032	14856	16757	14966	14963	14980	15009	15140	15244	15131	15676	14188	14047	14074	13849	13750	14217	14079	13983	14093	13969	13956	15222	14879	14993	14913	14859	15101	14971	15424	14868	14794	14919	14749	15045	14384	14250
14:13:40	37.0	15358	15009	14710	14577	14534	14436	14326	14571	14524	14499	14545	15558	14970	14858	14892	14614	14676	14542	14605	14533	14558	14490	14522	14840	14965	15257	15058	15059	15064	15040	15078	15101	15012	15121	15139	15471	14806	14870	14791	16772	15140	14991	14956	15084	15159	15009	15090	15757	14216	14167	13974	13972	13853	14117	13914	14094	14263	13951	13872	15135	15011	14964	14797	14846	15093	14967	15298	14946	14795	14782	14806	15012	14489	14243
14:17:40	37.0	15373	14998	14801	14584	14701	14664	14567	14517	14405	14405	14463	15405	14906	14848	14945	14714	14550	14605	14600	14559	14563	14577	14412	14755	15015	15116	15140	15038	15036	14993	15148	15062	15081	15086	15044	15343	14871	14891	14779	16709	14994	14899	14993	15085	15000	15082	15207	15657	14309	14072	14065	13874	13769	14197	13974	13958	14132	13964	13863	15039	14972	14996	14817	14873	15149	14964	15305	14885	14769	14980	14652	14996	14421	14124
14:21:40	37.0	15270	14908	14697	14603	14463	14679	14559	14630	14620	14479	14488	15285	15031	14957	14876	14788	14514	14641	14672	14519	14643	14716	14520	14741	14945	15107	15139	15079	15012	14928	15080	15151	15072	15012	15052	15349	14878	14956	14867	16718	15161	15031	15106	15107	15236	15106	15110	15532	14260	14123	14043	13910	13845	14073	13918	14095	14085	13996	13933	15101	15025	15016	14835	14803	15137	15002	15398	14893	14802	14811	14710	15019	14535	14231
14:25:40	37.0	15329	15013	14791	14597	14645	14538	14551	14466	14473	14485	14458	15504	15124	14813	14886	14663	14603	14687	14670	14597	14529	14606	14434	14759	14979	15184	15120	14974	15068	15020	14994	15086	15075	15094	15040	15261	14823	15092	14826	16841	15033	15117	14963	15216	15104	15021	15143	15531	14208	14183	14025	13985	13928	14197	14042	14022	14153	14073	13972	15079	14871	14916	14846	14781	15227	14972	15279	14865	14686	14927	14789	15063	14376	14164
14:29:40	37.0	15391	14939	14792	14577	14561	14658	14489	14467	14569	14502	14523	15261	14984	14943	14693	14678	14608	14607	14665	14469	14533	14500	14428	14765	14998	15209	15084	15034	15019	14855	14960	15180	15190	15040	15070	15341	14864	14989	14857	16859	15123	14901	15043	15043	15096	15059	15025	15512	14262	14116	14058	14045	13783	14198	14117	13927	14104	13943	13813	15081	15094	15052	14891	14823	15019	15070	15321	14909	14837	14930	14839	14955	14456	14185
14:33:40	37.0	15358	14999	14797	14682	14505	14517	14515	14477	14435	14608	14570	15335	14926	14839	14774	14582	14683	14634	14679	14681	14575	14479	14593	14876	15054	15156	15118	15013	15006	15126	15061	15104	15195	15064	15212	15336	14867	15054	14959	16716	15107	15001	15054	14991	15064	15146	15043	15503	14115	14135	14071	13831	13820	14174	13950	14036	14147	13964	13801	15233	15069	14911	14854	14841	15232	14891	15334	14926	14736	14867	14847	14977	14498	14121
14:37:40	37.0	15329	15021	14791	14721	14592	14570	14558	14536	14615	14478	14521	15223	15062	14899	14870	14680	14709	14557	14627	14447	14598	14592	14501	14710	15035	15118	15155	14982	14999	14996	15091	15086	15075	14969	15077	15102	14891	15009	14893	16819	15169	15049	15035	14985	15175	15002	15094	15481	14250	14090	14017	13933	13881	14079	13855	14018	14125	13966	13897	15229	15002	15099	14889	14699	15167	14984	15249	14938	14792	14876	14773	14933	14490	14277
14:41:40	37.0	15442	14928	14829	14795	14655	14541	14594	14520	14594	14598	14540	15224	15103	15058	14723	14777	14734	14552	14753	14569	14623	14599	14469	14815	15002	15293	15122	14997	14998	14972	15071	14996	15123	15157	15159	15328	15064	14929	14930	16809	15146	15005	15045	15080	15115	15024	15253	15527	14168	14068	14070	13899	13776	13970	13894	14056	14148	13890	13837	15147	14878	15003	14789	14907	15128	14928	15440	14897	14887	14902	14794	14924	14276	14027
14:45:40	37.0	15362	15076	14739	14572	14637	14631	14657	14474	14456	14498	14477	15247	15086	14897	14778	14732	14654	14678	14766	14587	14553	14498	14470	14714	15061	15198	15062	15042	14972	15047	15026	15164	15076	14999	15116	15157	15014	15075	14846	16880	15004	15039	15081	15024	15098	15100	15174	15478	14105	14132	14036	14013	13785	13998	13812	13876	14004	13899	13926	14983	14944	14912	14864	14733	15061	14952	15277	14935	14824	14821	14790	15002	14449	14054
14:49:40	37.0	15348	14943	14822	14783	14667	14596	14580	14531	14525	14544	14555	15148	15183	14834	14854	14698	14657	14740	14726	14612	14515	14610	14488	14680	14881	15064	15064	15057	14961	15029	15151	15148	14975	15004	15116	15245	14933	14868	14929	16802	15141	15094	15047	15106	15197	15160	15181	15486	14240	14082	14034	14011	13723	14095	13960	13917	14062	13853	13897	15048	15006	15066	14879	14878	15016	14947	15380	14921	14787	14811	14948	14974	14353	14093
14:53:40	37.0	15321	14918	14819	14622	14581	14742	14664	14578	14563	14489	14561	15218	15104	14819	14867	14787	14632	14588	14763	14704	14517	14657	14624	14661	14940	15207	15124	15074	15063	14973	15027	15166	15121	15119	15123	15130	14869	14903	14881	16590	15202	15117	15087	15073	15054	15120	15059	15519	14280	14029	13986	14053	13886	14117	13911	13949	14058	13891	13893	15035	15023	14918	14827	14889	15097	15063	15274	14870	14790	14878	14801	14964	14317	13932
14:57:40	37.0	15366	14905	14918	14606	14563	14660	14621	14607	14339	14499	14412	15149	15101	15032	14863	14717	14740	14621	14807	14485	14632	14625	14435	14803	14978	15141	15108	15048	14938	15063	15053	15042	15020	14968	15201	15250	14983	14857	14873	16792	15165	14958	14981	15195	15138	15018	15135	15582	14169	14029	14103	13902	13880	14013	13916	14013	14017	13978	13939	15062	15118	14951	14887	14860	15101	15080	15360	15022	14802	14964	14816	14928	14487	13880
15:01:40	37.0	15318	15063	14778	14731	14606	14684	14715	14582	14469	14504	14500	15082	15145	14956	14722	14767	14696	14611	14699	14526	14469	14666	14592	14718	15051	15189	15161	14928	15120	15123	14971	15112	15194	15157	15102	15316	14975	14988	14961	16833	15079	15038	15138	15194	15159	15164	15176	15334	14098	14028	14018	13944	13863	14154	13787	13908	14084	14046	13831	15129	15115	15005	14997	14784	15174	14954	15250	14867	14905	14882	14994	14875	14408	14040
15:05:40	37.0	15362	15076	14793	14678	14626	14601	14522	14606	14599	14518	14502	15118	15117	14938	14826	14743	14635	14625	14671	14597	14606	14587	14563	14652	14942	14958	15029	15119	15010	15029	15049	15130	15209	15055	15235	15062	15176	14873	14810	16614	15059	15051	15217	15103	15160	15169	15110	15397	14131	14016	13929	13839	13877	14041	13854	13942	14076	13833	13952	15052	15034	14889	15001	14789	15147	15069	15338	14940	14915	14852	14813	14965	14368	13954
15:09:40	37.0	15412	15193	14925	14650	14651	14638	14681	14492	14513	14546	14526	15120	15185	14951	14800	14947	14715	14701	14743	14700	14613	14614	14573	14723	15009	15232	15207	15000	15055	15077	15110	15219	15125	15114	15149	15291	15047	15068	14919	16828	15147	15002	15017	15085	15043	15248	15159	15511	14049	14007	14080	14002	13905	14191	13887	14015	14100	13955	13882	14931	15063	14836	14819	14860	15212	15067	15486	14771	14842	14983	14589	15138	14441	13978
15:13:40	37.0	15398	15065	14847	14628	14685	14515	14684	14678	14543	14513	14508	15071	15232	14870	14663	14783	14746	14714	14596	14565	14702	14677	14522	14807	14972	15097	15089	15097	15036	15095	15138	15239	15280	15014	15145	15248	15013	15022	14935	16747	15103	14953	15020	15031	14935	15064	15171	15524	14053	14100	13937	13995	13861	14038	13889	13989	14110	13913	13897	15120	14958	14804	14971	14851	15300	15043	15327	14961	14828	14919	14926	14983	14397	14007
15:17:40	37.0	15415	15074	14809	14701	14702	14767	14676	14599	14662	14523	14588	15125	15119	14915	14885	14766	14742	14811	14745	14709	14648	14623	14652	14782	14983	15159	15091	15097	14981	14989	14981	15089	15178	15088	15222	15134	14962	15041	14925	16888	15123	15018	15068	15167	15197	15180	15110	15331	14209	14067	13900	14019	13827	14151	13897	13894	14030	13889	13780	14985	15092	14913	14941	14807	15269	15068	15287	14981	14813	14909	14905	15140	14463	13834
15:21:40	37.0	15385	14994	14864	14765	14747	14707	14617	14660	14494	14550	14481	15163	15199	15012	14800	14785	14810	14621	14618	14491	14639	14530	14442	14806	14998	15239	15141	15006	14997	15025	15100	15210	15142	15025	15129	15211	15049	15057	14941	16874	15130	15017	15205	15118	15167	15153	15237	15405	14068	14039	14074	14023	13920	14059	13880	13993	14183	14033	13809	15071	14991	14976	14795	14875	15399	15087	15234	15021	14939	14940	14743	14925	14418	13878
15:25:40	37.0	15315	15050	14860	14779	14630	14678	14640	14554	14604	14601	14545	15180	15226	15011	14875	14830	14745	14674	14725	14510	14732	14557	14389	14826	15056	15188	15163	15092	15113	15106	15100	15131	15173	15137	15052	15290	14968	14943	14901	16726	15072	14978	15067	15159	15083	15207	15133	15444	14194	14064	14052	14054	14050	14001	13987	13952	14096	13863	13878	15084	15095	14948	14923	14919	15333	15072	15227	14937	14920	14818	14750	15031	14514	13983
15:29:40	37.0	15401	15046	14817	14695	14702	14568	14762	14754	14644	14545	14560	15067	15337	14905	14872	14803	14681	14742	14699	14619	14585	14614	14536	14781	15032	15235	15180	15112	15093	15069	15061	15259	15219	15095	15056	15119	15051	14993	14946	16888	15144	15092	15065	15164	15105	15104	15145	15356	14137	14043	13976	14032	13900	14058	13872	13919	14142	13965	13771	15010	15070	15046	15058	14828	15333	15033	15451	14942	14934	14839	14840	15053	14344	13940
15:33:40	37.0	15485	15023	14854	14741	14735	14598	14655	14488	14524	14496	14457	15097	15301	14952	14764	14843	14801	14702	14549	14609	14636	14548	14517	14765	14960	15220	15086	14998	15010	15030	15070	15195	15081	15188	14970	15179	15172	14976	14812	16896	15245	15011	14969	15144	15192	15160	15082	15393	14150	14020	14053	13978	13929	13939	13771	13938	14042	13943	13891	14979	15130	14921	14945	14770	15393	15036	15250	14997	14779	14975	14747	14820	14433	13861
15:37:40	37.0	15487	15007	14702	14788	14629	14647	14690	14655	14561	14595	14523	15105	15309	15054	14777	14823	14779	14697	14744	14618	14571	14688	14689	14766	14955	15209	15206	15150	15054	15053	15039	15113	15219	15178	15164	15048	15088	15072	14893	16728	15185	15029	15013	14983	15142	15097	15212	15443	14167	13914	13997	14075	13911	13993	13841	14053	14099	13878	13929	14999	15097	15046	14913	14817	15208	14977	15338	14912	14784	14937	14776	14867	14337	13692
15:41:40	37.0	15468	15094	14861	14681	14669	14654	14651	14540	14626	14503	14579	15277	15263	14930	14782	14755	14815	14665	14737	14646	14473	14623	14620	14818	15009	15154	15069	14959	15129	15147	15139	15211	15229	15104	15240	15172	15226	15012	14877	16813	15122	15053	15017	15122	15065	15253	15111	15464	14205	14120	14072	14016	13937	14058	13935	13989	14057	13864	13869	15046	15028	14985	14844	14861	15239	15019	15212	14919	14980	14875	14814	14873	14478	13808
15:45:40	37.0	15603	15155	14757	14851	14793	14756	14638	14605	14575	14632	14584	15099	15340	14803	14829	14674	14818	14698	14628	14631	14578	14665	14486	14687	15003	15121	15275	15121	15147	15157	15034	15251	15190	15180	15132	15141	15131	14937	14981	16662	15292	15071	15031	15218	15109	15063	15043	15370	14272	14160	14157	13920	13795	14000	13874	14031	14093	13905	13954	14945	15038	14835	14854	14861	15273	14934	15348	14954	14801	14843	14836	15055	14505	13882
15:49:40	37.0	15588	14942	14869	14901	14636	14727	14644	14512	14608	14565	14692	15117	15266	14987	14883	14820	14812	14715	14678	14483	14634	14607	14654	14763	15112	15141	15164	15027	15076	15161	15182	15044	15188	15088	15193	15178	15279	15037	14907	16843	15302	15021	14995	15091	15233	15138	15120	15371	14119	14084	13969	13944	13882	13989	13863	13958	14071	13762	13779	15028	14975	14920	14897	14890	15250	14985	15382	14874	14797	14923	14835	14872	14367	13727
15:53:40	37.0	15453	15098	14926	14796	14749	14745	14645	14613	14496	14538	14605	15099	15326	14912	14878	14837	14772	14691	14700	14680	14612	14808	14523	14768	15114	15236	15101	15194	15074	15099	14966	15138	15314	15184	15171	15083	15169	15072	14920	16787	15168	15074	14991	15049	15144	15057	15171	15424	14057	14061	14039	14094	13982	14006	13813	13935	14014	13787	13718	14904	15005	15036	14889	14768	15350	15130	15398	14853	14829	14869	14859	15004	14390	13768
15:57:40	37.0	15482	14936	14918	14801	14741	14720	14650	14632	14658	14562	14537	15121	15496	14993	14964	14782	14822	14687	14706	14608	14764	14637	14615	14882	15056	15282	15188	15002	15034	15086	14984	15191	15347	15234	15104	15209	15239	15074	15000	16938	15098	15072	15130	15090	15236	15204	15203	15409	14129	14101	14047	14071	13915	14041	13757	13831	14033	13928	13883	15056	15043	14850	14933	14899	15284	14936	15329	15029	14795	14900	14888	15019	14383	13749
16:01:40	37.0	15513	15123	14829	14779	14680	14753	14699	14454	14696	14578	14554	15198	15353	14991	14824	14840	14698	14822	14667	14692	14614	14690	14509	14754	15136	15167	15167	15021	15115	15127	15082	15152	15154	15184	15355	15229	15267	15045	14947	16793	15182	15035	15022	15136	15002	15131	15146	15505	14146	13989	14022	13995	13851	14022	13775	13942	14013	13848	13929	14962	15065	14920	14900	14867	15227	14987	15335	14957	14842	14829	14856	14936	14434	13814
16:05:40	37.0	15555	15127	14914	14752	14741	14593	14742	14692	14551	14555	14623	15076	15425	14945	14904	14856	14756	14706	14669	14640	14620	14649	14557	14886	15106	15257	15284	15047	15084	15203	15112	15177	15200	15040	15211	15195	15235	14964	14992	16852	15233	15054	14982	15180	15211	15076	15089	15434	14108	14137	13989	14105	14011	13959	13964	13958	13966	13792	13834	15056	14955	15059	14950	14886	15235	15055	15352	14989	14743	15011	15007	15129	14380	13811
16:09:40	37.0	15691	15142	14974	14786	14741	14741	14678	14647	14657	14675	14584	15040	15516	14999	14899	14829	14824	14661	14708	14709	14630	14717	14554	14798	15105	15164	15172	15072	15070	15183	15218	15208	15131	15207	15156	15106	15337	15189	15067	16930	15182	15149	15038	15142	15190	15257	15300	15424	14255	14024	13968	14042	13981	14155	13914	13906	14130	13842	13780	15033	15057	15046	14837	14816	15168	14915	15405	14947	14901	14964	15011	14972	14454	13644
16:13:40	37.0	15429	15152	14979	14793	14701	14735	14802	14593	14554	14650	14601	15011	15386	14919	15027	14869	14906	14698	14675	14644	14639	14656	14565	14813	15084	15366	15307	15174	15072	15190	15163	15253	15260	15227	15285	15118	15488	15164	15075	16828	15239	15030	15171	15227	15320	15157	15293	15428	14114	14119	14070	14056	14057	14085	13776	13901	14168	13916	13792	15113	15028	14912	15030	14903	15099	15087	15351	14940	14861	14911	14913	14942	14234	13785
16:17:40	37.0	15477	14916	14927	14763	14762	14550	14651	14654	14592	14631	14488	15089	15508	14961	14957	14737	14838	14659	14718	14622	14692	14738	14629	14796	15119	15386	15280	15232	15035	15214	15236	15248	15168	15159	15171	14972	15319	15226	14929	16909	15295	15174	15050	15248	15268	15169	15111	15422	14116	13921	14018	14122	14073	14097	13821	13831	14030	13849	13733	14999	14944	14942	15023	14893	15284	14960	15303	15091	14980	14902	14845	14832	14303	13750
16:21:40	37.0	15489	15033	14955	14820	14772	14672	14609	14728	14584	14607	14698	15071	15481	14880	14855	14810	14885	14629	14812	14541	14649	14628	14690	14809	15092	15281	15163	15152	15151	15217	15046	15284	15284	15217	15170	15036	15400	14993	14960	16778	15255	15033	15131	15177	15115	15248	15197	15423	14150	14111	13977	14039	14013	14040	13936	13899	14066	13885	13917	14899	15014	14957	14957	14936	15129	15122	15250	14929	14932	15004	14896	14921	14354	13717
16:25:40	37.0	15579	15090	14920	14733	14791	14765	14743	14667	14606	14612	14592	15190	15472	14885	14958	14844	14872	14750	14795	14641	14558	14582	14588	14696	15115	15361	15343	15114	15160	15123	15290	15301	15211	15056	15179	15033	15460	15021	15065	16852	15291	15022	15275	15292	15162	15152	15227	15235	14119	14168	13895	13970	13934	13972	13808	13941	14057	13851	13895	14888	15045	14955	15044	14975	15293	15054	15241	14954	14951	14914	14752	14960	14320	13796
16:29:40	37.0	15596	15089	14877	14762	14681	14804	14612	14687	14696	14564	14629	15073	15598	14815	14941	14811	14695	14763	14826	14624	14708	14693	14737	14807	15199	15354	15203	15110	15083	15215	15111	15196	15204	15150	15254	15185	15475	15094	15125	16836	15277	15096	15177	15381	15189	15241	15281	15283	14107	14053	14072	14118	13961	14136	13879	13884	14105	13803	13766	14997	14908	14977	14961	14988	15220	15120	15281	15050	15012	14890	14910	15000	14374	13647
16:33:40	37.0	15553	15109	15013	14740	14818	14620	14721	14551	14620	14522	14787	15009	15475	14985	14998	14841	14858	14732	14754	14767	14605	14702	14635	14755	15137	15225	15220	15230	15202	15046	15161	15285	15237	15082	15175	15204	15473	15116	15030	16864	15190	15139	15155	15317	15182	15206	15222	15439	14213	14133	14141	14145	14062	14000	13840	13896	13961	13854	13960	15066	15135	14868	15028	14945	15233	15199	15418	14953	14911	15024	14873	14996	14314	13750
16:37:40	37.0	15535	15052	14877	14894	14829	14775	14825	14683	14649	14545	14546	15057	15468	14979	14931	14794	14919	14790	14699	14572	14624	14687	14495	14911	15121	15341	15271	15143	15230	15225	15180	15376	15332	15081	15350	15055	15541	15039	15080	16804	15225	15170	15178	15385	15125	15263	15239	15255	14087	14054	14056	14005	14016	13952	13844	13860	14066	13814	13828	14979	14982	15047	15066	14888	15211	15028	15408	14866	14899	14948	14825	14926	14328	13791
16:41:40	37.0	15602	15004	14861	14681	14829	14846	14686	14619	14598	14556	14733	14993	15551	15103	14911	14758	14680	14684	14797	14684	14653	14703	14660	14738	15055	15285	15253	15232	15204	15202	15047	15418	15343	15280	15379	15057	15512	15119	15057	16806	15174	15182	15131	15216	15319	15218	15249	15268	14153	14056	14099	14132	13987	13910	13797	13902	14016	13780	13848	15056	14966	15096	15068	14959	15215	14995	15432	15129	14913	14964	14866	14942	14252	13662
16:45:40	37.0	15551	15158	14968	14859	14749	14747	14768	14664	14688	14658	14640	15074	15409	14918	14826	14753	14763	14781	14811	14720	14744	14687	14659	14736	15118	15389	15367	15058	15152	15218	15239	15220	15198	15121	15274	15133	15616	15115	15063	16875	15224	14990	15361	15257	15248	15306	15291	15298	14161	13945	13993	14008	14029	14116	13885	13870	14143	13866	13795	15024	14891	14901	15109	14889	15160	15117	15250	14917	14906	14994	14912	14888	14262	13718
16:49:40	37.0	15533	15136	14988	14804	14667	14706	14723	14671	14826	14634	14599	14929	15570	14927	14943	14870	14761	14833	14796	14652	14633	14705	14574	14807	15181	15257	15317	15135	15073	15128	15156	15273	15281	15194	15353	15032	15584	15186	15077	16836	15198	15157	15173	15264	15294	15174	15319	15288	14007	14089	13984	14118	14079	14039	13788	13884	14099	13777	13725	14977	14883	14867	14988	14957	15189	15076	15330	14982	14988	14885	14777	14915	14235	13638
16:53:40	37.0	15666	15157	14931	14829	14908	14727	14743	14787	14640	14723	14605	15087	15623	14940	14879	14921	14703	14829	14762	14739	14619	14638	14617	14736	15259	15416	15254	15246	15111	15125	15300	15325	15291	15072	15353	15093	15579	15234	15062	16811	15281	15227	15204	15271	15208	15280	15275	15345	14094	13946	13989	14183	13968	14059	13802	13888	13990	13811	13733	15035	15108	14930	15051	14897	15273	15094	15400	15114	14946	14916	14990	14895	14220	13676
16:57:40	37.0	15525	15103	14965	14809	14803	14725	14778	14754	14741	14627	14648	15075	15631	15052	15041	14755	14866	14763	14731	14678	14739	14741	14684	14793	15182	15360	15351	15356	15157	15176	15240	15382	15247	15227	15228	15111	15771	15181	15084	16818	15299	15137	15117	15218	15301	15178	15179	15184	14177	14068	13984	14201	13946	13987	13765	13775	13996	13890	13928	15038	15045	15085	15098	14897	15115	15185	15293	15081	15030	14998	14764	14943	14359	13673
17:01:40	37.0	15624	15131	14849	14773	14670	14781	14856	14688	14566	14690	14711	14951	15565	15037	14996	14862	14812	14802	14676	14617	14615	14770	14569	14781	15139	15313	15156	15226	15103	15177	15111	15263	15331	15259	15268	15109	15729	15256	15109	16985	15328	15113	15147	15279	15300	15323	15269	15315	14035	14120	14016	14191	13977	14075	13888	13997	13925	13865	13820	15009	15055	15106	14997	14934	15248	15176	15315	14933	14950	14895	14909	14880	14378	13664
17:05:40	37.0	15699	15191	14995	14813	14771	14913	14657	14706	14562	14735	14722	14982	15675	14991	14951	14829	14825	14737	14892	14569	14705	14648	14564	14826	15258	15341	15269	15173	15303	15290	15276	15354	15338	15229	15375	15137	15705	15195	15023	16964	15248	15126	15136	15281	15248	15421	15217	15231	14015	14002	13970	14129	14088	14042	13848	13930	14091	13941	13821	14827	15112	14878	14850	14904	15104	15143	15255	15144	14915	14866	14889	14927	14298	13688
17:09:40	37.0	15550	15237	14879	14882	14723	14739	14790	14640	14624	14612	14700	15006	15499	14985	14969	14837	14729	14874	14690	14625	14698	14668	14591	14810	15133	15328	15329	15240	15122	15172	15298	15296	15315	15249	15322	15190	15774	15270	15087	16809	15109	15186	15199	15300	15283	15392	15212	15284	13992	14053	13974	14044	14002	14032	13782	13941	14085	13802	13792	15036	14949	14958	15023	14931	15195	15107	15270	15035	14950	14881	15027	14876	14153	13678
17:13:40	37.0	15590	15072	14925	14874	14731	14740	14769	14827	14650	14744	14641	14935	15537	15069	14996	14910	14814	14746	14834	14639	14729	14691	14539	14814	15246	15269	15216	15128	15226	15189	15221	15413	15334	15218	15251	15093	15731	15182	15029	16816	15301	15158	15231	15253	15186	15365	15229	15406	14043	13926	14080	14115	14012	14020	13806	13935	13991	13808	13878	15024	15068	15041	15194	15012	15213	15032	15258	15090	15045	14903	14998	15049	14387	13703
17:17:40	37.0	15552	15158	14957	14815	14746	14786	14773	14671	14616	14751	14658	15133	15579	14930	14889	14728	14726	14873	14722	14702	14743	14794	14718	14766	15121	15253	15326	15183	15283	15171	15278	15429	15435	15324	15283	15078	15793	15247	15086	16886	15330	15189	15326	15329	15265	15431	15295	15160	14062	14024	14126	14140	14117	14043	13874	13910	14069	13806	13724	15017	15054	15009	15066	15044	15115	15163	15319	15015	14926	14879	14811	14794	14267	13681
17:21:40	37.0	15695	15017	14948	14749	14736	14670	14766	14629	14734	14580	14662	15006	15660	14900	14944	14827	14788	14806	14732	14711	14697	14685	14540	14781	15323	15416	15308	15162	15221	15196	15283	15375	15300	15287	15239	15155	15775	15325	15220	16952	15242	15228	15189	15318	15193	15358	15344	15185	14091	13941	14029	14171	14200	14046	13780	13864	14010	13789	13866	14876	15036	15027	14990	14875	15198	15074	15319	15137	14874	14882	14998	14950	14362	13481
17:25:40	37.0	15598	15115	15103	14789	14770	14785	14781	14697	14719	14668	14652	15186	15717	15045	14898	14864	14722	14758	14737	14677	14697	14741	14550	14825	15278	15307	15315	15382	15366	15257	15289	15352	15313	15203	15387	15105	15904	15255	15342	16937	15426	15224	15254	15200	15276	15340	15286	15320	14024	13992	13963	14191	14110	14008	13863	13780	14091	13862	13773	14982	15139	15118	14981	14797	15092	15108	15453	14987	15038	14888	15010	15021	14143	13675
17:29:40	37.0	15695	15161	14892	14842	14735	14810	14829	14745	14639	14780	14673	15100	15556	15082	14934	14859	14916	14806	14739	14689	14531	14673	14571	14851	15309	15399	15409	15178	15142	15174	15252	15513	15338	15263	15218	15018	15815	15297	15155	16955	15309	15272	15322	15384	15457	15322	15365	15288	14070	14132	13946	14215	14083	14044	13765	13972	14084	13846	13786	15084	15066	15206	15085	14859	15255	15054	15278	15112	15127	14897	14906	14953	14231	13666
17:33:40	37.0	15793	15185	14958	14876	14740	14846	14824	14754	14786	14719	14704	15059	15564	15036	14988	14779	14859	14785	14818	14875	14511	14771	14710	14839	15184	15591	15351	15115	15398	15089	15270	15418	15302	15303	15358	15118	15847	15304	15266	16936	15439	15229	15209	15302	15273	15255	15454	15252	14121	13974	13959	14140	14113	14023	13948	13881	13960	13828	13883	14884	14926	15085	15034	14914	15200	15267	15272	15076	15064	14933	14850	14918	14001	13755
17:37:40	37.0	15847	15180	14996	14787	14771	14813	14750	14699	14666	14734	14667	15077	15594	15072	14938	14807	14874	14773	14741	14675	14792	14801	14748	14865	15322	15433	15414	15252	15303	15176	15220	15469	15301	15282	15354	15116	15787	15306	15331	16996	15492	15241	15283	15499	15255	15430	15306	15239	14033	14079	13947	14310	14154	14081	13860	13829	14131	13878	13884	14988	14972	15068	15094	15040	15092	15155	15438	15029	14929	14992	14800	14935	14187	13571
17:41:40	37.0	15719	15221	14990	14766	14849	14754	14803	14761	14688	14686	14736	14966	15678	15080	14922	14764	14867	14902	14760	14545	14607	14679	14572	14954	15129	15339	15351	15279	15153	15224	15362	15499	15461	15362	15342	15129	15908	15343	15257	17064	15297	15155	15180	15448	15350	15292	15449	15483	14087	14082	13960	14172	14211	13908	13788	13868	13969	13829	13809	14943	15172	15053	15089	15020	15160	15189	15330	15146	14922	14927	15031	14873	14121	13656
17:45:40	37.0	15845	15198	14967	14771	14677	14713	14753	14712	14701	14660	14737	15093	15730	15019	14925	14814	14804	14781	14738	14695	14762	14859	14805	14992	15290	15327	15406	15173	15470	15189	15194	15388	15399	15392	15449	15036	15847	15361	15227	16926	15420	15277	15306	15357	15304	15324	15326	15251	14198	13969	14116	14337	14158	13989	13771	13853	14096	13746	13831	14997	15092	15035	15012	15028	15264	15330	15227	15096	15017	14957	14847	14940	14056	13502
17:49:40	37.0	15688	15224	15004	14810	14722	14831	14856	14757	14767	14576	14727	15039	15726	15087	14925	14898	14868	14923	14718	14705	14729	14643	14612	14816	15326	15508	15427	15327	15463	15241	15372	15470	15423	15261	15398	15211	15644	15282	15352	16968	15319	15279	15269	15260	15349	15417	15473	15205	14062	14029	14005	14198	14038	13934	13688	14024	14015	13856	13913	14948	15187	15066	15075	15140	15355	15115	15278	14997	15024	14886	15007	15055	13910	13649
17:53:40	37.0	15662	15164	14988	14900	14787	14875	14842	14771	14700	14657	14693	15160	15693	14895	15090	14845	14716	14885	14745	14749	14767	14738	14679	14880	15240	15406	15290	15311	15295	15295	15227	15519	15424	15248	15402	15026	15846	15274	15272	17062	15363	15280	15237	15309	15436	15277	15376	15385	14172	13991	13976	14210	14096	14053	13769	13876	14067	13649	13756	15097	15055	15077	15071	14979	15243	15215	15432	15064	15060	14925	14951	15023	14047	13512
17:57:40	37.0	15735	15150	14946	14919	14789	14845	14854	14697	14692	14767	14613	15103	15699	15066	15058	14881	14849	14863	14899	14756	14822	14844	14642	14779	15356	15429	15293	15341	15223	15315	15332	15492	15415	15375	15474	15178	15952	15293	15227	17202	15371	15201	15251	15460	15380	15394	15373	15421	14146	13998	13885	14256	14127	13874	13674	13895	13954	13887	13792	15060	15109	15023	15089	15151	15197	15373	15426	15067	15041	14954	15004	14955	14016	13541
18:01:40	37.0	15713	15261	15091	14883	14759	14795	14769	14678	14547	14728	14613	15093	15772	14996	15084	14916	14808	14787	14819	14692	14743	14750	14545	14914	15215	15413	15348	15289	15253	15253	15416	15574	15447	15317	15459	15148	15786	15396	15314	16988	15418	15429	15327	15400	15324	15423	15387	15412	14205	14030	14097	14295	14132	13914	13795	13894	14077	13854	13850	15120	15286	15036	15070	14923	15296	15392	15393	15022	15055	14989	14949	14983	13863	13645
18:05:40	37.0	15726	15122	15085	15079	14900	14880	14685	14781	14732	14649	14761	15235	15719	14999	15011	14845	14812	14838	14756	14755	14764	14714	14724	14800	15139	15423	15466	15273	15312	15310	15341	15512	15434	15234	15382	15086	15814	15385	15365	17061	15496	15265	15335	15466	15489	15368	15418	15472	14082	13933	14064	14243	14022	13930	13730	13925	14008	13809	13785	15062	15171	15025	15105	15061	15299	15230	15277	14994	14905	14991	15045	14942	13959	13686
18:09:40	37.0	15737	15200	14961	14800	14709	14783	14823	14662	14744	14670	14734	15103	15708	15010	15019	14785	14835	14889	14838	14811	14742	14759	14721	14940	15322	15522	15431	15355	15215	15347	15365	15473	15385	15398	15530	15152	15976	15500	15250	16994	15533	15360	15283	15476	15344	15303	15333	15463	14193	14060	14017	14197	14242	14125	13843	13930	14092	13859	13742	14961	15016	15061	14968	15161	15247	15231	15414	15066	15101	14962	14891	14976	13889	13463
18:13:40	37.0	15746	15242	15104	14868	14816	14794	14786	14701	14709	14695	14759	15036	15732	15133	14902	14773	14763	14764	14889	14738	14703	14787	14592	14889	15283	15417	15393	15364	15338	15339	15316	15427	15494	15431	15520	15138	15949	15488	15433	17120	15409	15384	15298	15385	15421	15427	15446	15359	14131	13908	14004	14260	14197	13960	13770	13809	13997	13813	13921	14833	15230	15188	15027	15117	15282	15203	15395	15161	15064	14948	14950	15014	13897	13555
18:17:40	37.0	15710	15281	15034	14867	14778	14837	14863	14753	14783	14687	14599	15123	15819	15012	14895	14859	14798	14937	14858	14699	14651	14840	14737	14765	15396	15472	15466	15327	15442	15275	15332	15599	15347	15550	15364	15141	15854	15532	15422	17071	15508	15156	15419	15493	15492	15471	15434	15170	14130	13948	14102	14265	14186	14041	13879	13851	13987	13868	13889	14999	15203	15074	15092	15104	15400	15396	15464	15095	15030	15020	15067	14941	13879	13547
18:21:40	37.0	15676	15143	15051	14792	14927	14849	14700	14816	14657	14565	14674	15069	15847	15111	15083	14856	14869	14859	14770	14704	14647	14722	14561	14691	15212	15415	15334	15244	15296	15367	15489	15554	15465	15407	15478	15181	15936	15452	15322	17018	15473	15275	15278	15342	15479	15417	15493	15414	14141	13995	14129	14411	14193	13957	13957	13937	14037	13780	13866	14939	15152	15143	15085	15017	15216	15264	15361	15111	14943	14902	14846	14953	13934	13550
18:25:40	37.0	15686	15198	15108	14853	14812	14804	14712	14843	14680	14683	14740	14992	15796	15073	14938	14923	14892	14898	14791	14697	14679	14735	14678	14791	15272	15448	15531	15417	15294	15277	15252	15483	15535	15492	15506	15128	16144	15652	15363	17025	15405	15299	15480	15537	15473	15377	15351	15260	14049	14013	13970	14295	14281	14130	13793	13897	14098	13898	13828	15010	15082	15110	15202	15134	15371	15286	15453	15076	15067	15068	15024	15017	13824	13576
18:29:40	37.0	15786	15273	15162	14872	14951	14744	14862	14767	14645	14827	14901	14962	15683	14944	14951	14851	14898	14836	14850	14717	14632	14693	14810	14891	15336	15517	15498	15407	15400	15364	15315	15476	15411	15348	15459	14990	15992	15432	15386	17007	15473	15388	15376	15381	15531	15448	15590	15280	14059	13908	14077	14303	14219	14039	13914	13852	13967	13853	13816	15031	15111	15021	15021	15057	15234	15300	15503	15079	14992	14979	14905	15030	13789	13651
18:33:40	37.0	15763	15183	15016	14898	14845	14784	14837	14805	14620	14707	14783	15044	15862	15069	15151	14863	14992	14836	14908	14724	14729	14724	14653	14912	15300	15438	15383	15304	15214	15296	15481	15403	15392	15429	15491	15165	15901	15489	15481	17096	15455	15414	15483	15462	15474	15455	15512	15328	14020	14058	14100	14280	14300	13894	13721	13846	14003	13921	13695	14983	15162	15098	14999	15077	15391	15301	15454	15090	15041	14942	14951	14999	13851	13630
18:37:40	37.0	15783	15216	15109	14874	14839	14802	14835	14801	14756	14657	14695	15099	15735	15106	14923	14842	14954	14869	14640	14794	14770	14713	14694	14896	15393	15550	15440	15470	15442	15364	15329	15484	15498	15298	15486	15042	15893	15505	15539	17045	15508	15317	15351	15428	15527	15320	15495	15322	14142	14108	13985	14301	14338	13914	13822	14006	14008	13827	13750	14872	15194	15040	15069	15032	15302	15352	15474	15080	14916	14998	14937	14989	13877	13435
18:41:40	37.0	15743	15118	15101	14897	14923	15012	14866	14823	14834	14747	14673	15039	15643	15089	15084	14816	14933	14825	14783	14630	14675	14814	14802	14854	15460	15393	15351	15314	15296	15416	15382	15545	15596	15381	15388	15143	15871	15559	15515	17128	15487	15387	15396	15478	15411	15520	15454	15345	14174	14117	14029	14337	14340	13954	13785	13948	13973	13828	13798	14976	15279	15220	15208	15046	15155	15380	15479	15130	14992	15003	14964	15004	13824	13467
18:45:40	37.0	15872	15265	15051	14950	14860	14761	14842	14740	14740	14748	14683	14964	15830	15177	14928	14900	14901	14810	14862	14796	14747	14779	14788	14881	15384	15593	15429	15557	15270	15393	15397	15426	15486	15610	15543	15021	15921	15615	15591	17182	15568	15298	15404	15545	15495	15419	15387	15452	14090	14126	14036	14310	14357	13960	13788	13867	14012	13798	13811	14965	15183	15097	15092	15030	15264	15361	15449	15157	15025	15008	14968	15056	13839	13575
18:49:40	37.0	15726	15281	15059	14993	14817	14806	14949	14768	14729	14828	14795	15048	15804	15064	15096	14884	14932	14777	14823	14680	14803	14809	14740	15068	15365	15592	15392	15504	15404	15462	15310	15526	15461	15440	15477	15156	15917	15617	15632	17111	15437	15279	15513	15397	15460	15389	15430	15404	14074	14082	13959	14293	14267	13961	13825	13832	14004	13908	13776	15035	15267	15071	15269	15082	15111	15426	15401	15089	15167	14993	14981	14999	13770	13633
18:53:40	37.0	15711	15155	15054	14841	14853	14794	14834	14753	14739	14680	14589	14963	15766	15012	15176	14830	14968	14859	14877	14731	14758	14861	14800	15011	15320	15570	15496	15230	15462	15439	15318	15594	15524	15376	15483	14968	15996	15616	15514	17165	15494	15296	15345	15473	15497	15424	15598	15489	14067	13908	14077	14285	14290	14029	13833	13774	13956	13803	13844	14984	15324	15124	15170	15190	15110	15579	15464	15241	15034	15072	14911	15099	13764	13434
18:57:40	37.0	15737	15243	15037	14877	14907	14949	14761	14771	14780	14734	14732	15155	15749	15137	15043	14888	14890	14850	14986	14701	14750	14735	14791	14922	15421	15347	15458	15432	15431	15418	15502	15543	15499	15524	15518	15095	16141	15712	15530	17225	15457	15318	15376	15580	15508	15491	15501	15326	14057	14071	14079	14450	14284	14006	13764	13807	14067	13920	13870	14986	15236	15110	15181	15042	15220	15379	15515	15143	15113	14919	14919	14972	13852	13624
19:01:40	37.0	15895	15281	15044	14918	14934	14913	14907	14708	14747	14743	14745	14999	15888	15077	15067	14927	14876	14879	14692	14805	14717	14853	14706	15054	15361	15602	15581	15373	15397	15397	15424	15698	15575	15591	15658	15063	15946	15586	15652	17181	15574	15355	15493	15533	15527	15427	15529	15540	14090	14029	14157	14529	14411	14004	13791	13759	14012	13736	13851	15022	15298	15143	15219	15037	15236	15648	15479	15193	15114	15028	14953	15028	13849	13444
19:05:40	37.0	15756	15301	15018	15015	14820	14910	14951	14786	14622	14735	14772	15045	15785	15089	15071	14840	15032	14822	14818	14776	14720	14766	14771	14865	15303	15596	15612	15440	15425	15478	15427	15516	15369	15538	15435	15060	16159	15612	15770	17135	15450	15214	15509	15516	15509	15474	15481	15465	14104	14097	14100	14460	14368	14054	13860	13842	14037	13830	13850	15120	15309	15155	15143	15111	15213	15420	15630	15158	15070	15078	14917	14967	13738	13607
19:09:40	37.0	15887	15377	15102	14817	14855	14841	14922	14873	14720	14732	14781	15102	15752	15031	15040	14886	14824	14945	14855	14717	14811	14787	14695	14848	15380	15576	15630	15518	15368	15330	15526	15479	15479	15640	15535	15058	15986	15773	15682	17273	15541	15355	15308	15535	15472	15616	15729	15448	14098	14133	14171	14342	14362	13986	13767	13846	14034	13873	13878	15043	15252	15195	15219	15099	15208	15602	15572	15127	15146	14916	14966	14991	13660	13526
19:13:40	37.0	15789	15199	15073	15031	14780	14957	14905	14943	14740	14844	14892	15093	15756	15148	15127	15035	14738	14929	14842	14753	14855	14907	14617	14879	15390	15514	15459	15446	15570	15332	15399	15505	15524	15506	15613	14947	16047	15763	15719	17131	15575	15460	15469	15639	15503	15584	15524	15396	14175	14067	14129	14373	14337	13981	13911	13866	13928	13786	13940	15055	15336	15221	15072	15102	15110	15534	15445	15229	14978	15108	14925	14898	13809	13633
19:17:40	37.0	15764	15156	15107	14787	14797	14825	14738	14744	14811	14810	14907	15104	15918	15079	15013	15027	14856	14872	14817	14722	14789	14779	14714	14968	15443	15530	15459	15451	15506	15407	15665	15612	15512	15405	15500	15212	16116	15813	15742	17183	15444	15471	15406	15606	15512	15391	15634	15471	14061	14188	14074	14375	14383	14005	13777	13806	14018	13855	13891	14997	15332	15204	15227	15074	15198	15603	15598	15258	15139	15093	14999	15052	13715	13669
19:21:40	37.0	15928	15331	15158	14914	14881	14896	14782	14785	14827	14830	14888	15155	15783	15134	15001	14983	14836	14820	14850	14796	14799	14835	14741	14979	15482	15626	15531	15461	15514	15431	15461	15486	15650	15481	15558	15094	16111	15726	15780	17203	15580	15523	15416	15534	15523	15476	15474	15373	14206	14093	14027	14415	14473	14049	13758	13864	13892	13903	13768	15006	15295	15279	15207	15093	15326	15539	15642	15134	15056	15058	15082	15169	13734	13570
19:25:40	37.0	15846	15417	15193	15014	14926	14884	14852	14832	14747	14829	14708	15048	15914	15170	15143	14940	14879	14925	14888	14746	14833	14806	14709	14966	15520	15578	15508	15429	15396	15447	15691	15642	15520	15577	15565	15190	15960	15844	15642	17124	15646	15432	15581	15653	15598	15467	15559	15272	14220	14005	14104	14387	14319	13963	13845	13780	13976	13823	13837	15080	15375	15186	15055	15130	15123	15599	15540	15149	15200	15139	15010	15072	13752	13640
19:29:40	37.0	15848	15397	15115	15016	14833	14866	15029	14809	14834	14893	14790	15125	15888	14927	15137	14993	14950	14979	14877	14981	14782	14919	14836	14806	15409	15635	15603	15339	15328	15546	15548	15726	15538	15645	15659	15037	15929	15868	15894	17118	15511	15491	15452	15665	15564	15667	15589	15375	13972	14072	14030	14415	14343	13959	13856	13963	14008	13744	13884	15023	15354	15183	15334	15134	15234	15686	15651	15179	15023	15106	14974	15020	13716	13598
19:33:40	37.0	15950	15312	15147	15041	14916	14917	14932	14959	14803	14784	14864	15042	15828	15018	15157	15035	14914	14974	14905	14818	14821	14928	14713	14845	15412	15606	15577	15468	15559	15418	15501	15575	15516	15604	15510	15139	16106	15844	15829	17174	15604	15435	15532	15591	15530	15469	15506	15313	14080	14175	14138	14384	14500	13957	13860	13719	14055	13836	13919	14958	15214	15107	15213	15164	15244	15620	15711	15171	15123	15013	15004	14979	13742	13561
19:37:40	37.0	16022	15283	15205	14995	14911	15003	14881	14841	14902	14841	14859	15084	15870	15206	14983	14991	14949	15043	14816	14908	14742	14703	14837	14921	15387	15638	15522	15333	15373	15508	15506	15547	15518	15639	15668	15059	16032	15806	15951	17199	15660	15426	15395	15674	15460	15581	15537	15418	14111	14113	14110	14567	14390	14094	13647	13914	14097	13807	13852	14999	15512	15243	15217	15231	15247	15748	15648	15238	15138	15040	15039	15013	13810	13517
19:41:40	37.0	15959	15352	15118	14961	14877	14928	14991	14831	14745	14827	14841	15262	15906	15235	15019	14837	14986	14964	14879	14747	14777	14810	14799	14881	15481	15666	15735	15554	15468	15499	15569	15683	15599	15600	15686	15103	16167	15916	15951	17238	15474	15558	15490	15614	15507	15524	15562	15253	14087	14032	14085	14445	14330	14197	13772	13875	14036	13816	13793	14891	15453	15341	15241	15147	15230	15570	15623	15320	15110	14897	15188	15055	13693	13536
19:45:40	37.0	15966	15341	15199	14919	14953	14986	14985	14856	14889	14698	14877	15161	15946	15095	15133	14981	14937	14880	14975	14861	14845	14860	14855	14986	15504	15647	15759	15660	15470	15484	15533	15527	15572	15656	15734	15118	16065	16016	15935	17275	15640	15397	15678	15584	15572	15667	15772	15472	14205	14102	14121	14531	14460	14049	13861	13800	14058	13792	13895	15012	15382	15355	15195	15299	15343	15746	15793	15308	15195	15055	14985	15020	13664	13484
19:49:40	37.0	15819	15294	15149	14982	14928	14925	14936	14910	14833	14776	14810	15127	15873	15234	15067	14855	14982	14949	15015	14962	14918	14697	14759	15008	15475	15644	15647	15584	15509	15500	15503	15683	15648	15585	15646	15127	16143	15829	15759	17384	15585	15388	15556	15666	15624	15529	15566	15370	14096	14133	14056	14421	14360	14019	13806	13901	13886	13855	13895	15062	15268	15187	15181	15285	15318	15569	15582	15312	15224	15038	15029	14950	13687	13516
19:53:40	37.0	15926	15380	15235	14970	14924	14845	14940	15000	14842	14823	14877	15114	15867	15200	15104	14925	14985	14955	14950	14924	14899	14952	14749	14804	15501	15514	15721	15452	15539	15525	15645	15682	15519	15595	15649	15210	16097	15843	15965	17213	15570	15443	15593	15748	15566	15525	15739	15295	14108	14118	14145	14424	14518	14042	13837	13878	14023	13781	13790	15073	15549	15214	15239	15327	15231	15786	15701	15136	15080	15145	15089	15080	13760	13542
19:57:40	37.0	15923	15369	15213	15004	14903	15104	14933	14893	14766	14750	14834	15113	16016	15109	15146	14965	14861	14931	14874	14880	14831	14920	14805	14895	15574	15686	15568	15538	15553	15573	15606	15682	15640	15716	15630	15052	16162	16029	15899	17161	15628	15478	15626	15645	15603	15574	15643	15334	14143	14118	13974	14576	14464	14115	13817	13822	14034	13924	13873	15007	15382	15212	15189	15195	15351	15714	15640	15219	15151	15096	15116	15054	13611	13414
20:01:40	37.0	15967	15398	15144	14963	14907	14949	14975	14897	14824	14904	14784	15041	15926	15152	15145	15148	14940	15004	14898	14878	14851	14778	14800	15022	15471	15615	15624	15448	15605	15532	15565	15695	15669	15801	15602	15194	16169	15918	16021	17316	15725	15473	15483	15748	15587	15571	15705	15518	14267	14084	14073	14485	14544	14023	13872	13775	14026	13881	13826	15072	15323	15224	15342	15222	15250	15812	15682	15277	15182	15054	15027	15147	13726	13567
20:05:40	37.0	15941	15460	15153	14991	14945	14862	14931	14870	14913	14949	14960	15188	15829	15113	15187	14875	14854	15031	14914	14959	14880	14980	14820	14967	15408	15638	15663	15551	15612	15707	15533	15621	15685	15711	15616	15080	16189	16086	16102	17365	15595	15603	15493	15860	15652	15621	15834	15349	14108	14046	14217	14534	14544	13987	13836	13895	14032	13871	13954	14897	15377	15255	15220	15153	15274	15815	15832	15360	15126	15040	15089	15243	13672	13487
20:09:40	37.0	15958	15357	15275	15065	14953	14930	14863	14808	14867	14863	14777	15042	16061	15112	15239	15058	14986	14964	14988	14797	14864	14931	14845	14848	15568	15732	15805	15624	15528	15572	15619	15722	15803	15690	15589	15178	16090	16005	15974	17324	15550	15555	15602	15809	15748	15655	15755	15366	14167	14026	14142	14687	14514	14040	13858	13947	14013	13756	13878	15118	15483	15261	15351	15382	15348	15853	15713	15264	15212	15075	15110	15113	13727	13572
20:13:40	37.0	16006	15332	15233	14938	14831	15083	15068	14907	14899	14831	14878	15113	15931	15180	15192	15079	14928	15049	14970	14873	14713	14790	14705	14915	15674	15661	15715	15635	15566	15642	15681	15629	15628	15713	15838	15135	16209	16061	16108	17350	15629	15571	15548	15866	15576	15612	15586	15388	14233	14041	13957	14646	14581	13987	13909	13872	14008	13867	13928	15183	15488	15198	15207	15411	15231	15894	15711	15262	15204	15072	14916	15006	13768	13540
20:17:40	37.0	15907	15461	15280	15118	15037	14960	14968	14988	14892	14917	14852	15101	15978	15233	15155	15079	14891	14968	14998	14870	14787	14926	14871	14985	15544	15709	15816	15488	15660	15559	15641	15596	15655	15583	15623	15047	16151	15949	16127	17295	15628	15568	15638	15939	15734	15523	15680	15245	14260	14003	14282	14623	14509	14103	13789	13803	13980	13912	13896	14986	15436	15377	15282	15315	15264	15762	15835	15308	15109	14981	15011	15116	13745	13529
20:21:40	37.0	15967	15346	15138	15111	14918	15048	14877	14792	14902	14877	14919	15124	15910	15125	15152	14952	14959	15007	14941	14833	14842	14895	14864	14968	15497	15755	15734	15627	15795	15568	15578	15723	15785	15739	15633	15134	16313	16020	16143	17305	15731	15713	15693	15769	15590	15613	15857	15511	14159	14110	14082	14614	14610	14025	13896	13923	13947	13806	13814	15059	15512	15217	15246	15230	15353	15764	15779	15378	15160	15132	14860	15046	13792	13593
20:25:40	37.0	15898	15261	15290	15050	15053	14965	14962	14961	14773	14804	14932	15123	16049	15114	15163	15113	15022	14981	14915	14888	14869	14794	14899	14955	15590	15820	15834	15595	15613	15618	15652	15771	15671	15871	15826	14957	16163	16200	16232	17328	15720	15648	15566	15871	15616	15710	15905	15356	14186	14136	14132	14668	14600	14014	13913	13902	13990	13831	13921	15086	15244	15315	15228	15298	15215	15945	15885	15268	15089	15058	14968	14998	13739	13483
20:29:40	37.0	16185	15421	15167	15049	14988	15002	15052	14937	15085	14858	14868	15128	16035	15129	15241	14983	14909	14965	14987	14823	15027	14963	14723	15024	15723	15645	15733	15597	15690	15694	15733	15765	15746	15761	15755	15043	16299	16016	16150	17331	15741	15557	15579	15923	15717	15643	15743	15426	14134	14087	14051	14649	14639	14088	13782	13914	14108	13809	13875	15133	15405	15188	15352	15424	15238	15898	15876	15217	15106	15072	15000	15085	13807	13564
20:33:40	37.0	15941	15504	15366	15018	15051	14953	15120	15026	14768	14917	14881	15282	15916	15149	15219	15056	14950	15113	15057	14959	14768	14946	14784	14983	15729	15763	15835	15461	15692	15622	15735	15827	15758	15718	15733	15127	16172	16102	16103	17222	15802	15761	15641	15834	15636	15620	15808	15406	14247	14070	14125	14594	14593	14116	13932	13816	14000	13812	13832	15134	15461	15289	15265	15294	15234	15893	15945	15239	15096	15040	14981	15021	13746	13543
20:37:40	37.0	15898	15415	15267	15077	14877	14978	15003	14834	14895	14832	14780	15257	16032	15233	15037	14893	15032	14991	15049	14762	14958	14850	14815	15128	15626	15780	15845	15533	15645	15668	15747	15586	15698	15848	15695	15151	16253	16174	16239	17368	15764	15792	15660	15919	15677	15667	15756	15326	14186	14013	14245	14633	14689	14007	13869	13920	14052	13947	13999	15026	15430	15303	15356	15229	15403	15947	15945	15282	15363	15093	15235	15139	13599	13555
20:41:40	37.0	16080	15385	15189	15013	15009	14986	15100	14993	14916	14888	14923	15166	15887	15280	15265	15064	15038	15037	15067	14953	14848	14986	14918	15045	15674	15602	15905	15644	15767	15712	15805	15754	15737	15745	15754	15260	16261	16180	16313	17421	15750	15596	15733	15813	15722	15756	15826	15270	14181	14065	14049	14799	14575	14079	13936	13885	14011	13911	13935	15045	15365	15214	15373	15390	15452	15969	15898	15245	15261	15150	15044	15033	13599	13589
20:45:40	37.0	16037	15559	15338	15124	14946	14976	15106	14922	14955	14919	14931	15220	16000	15354	15205	15115	14987	15083	14899	14871	14858	14963	14907	14954	15802	15802	15787	15673	15691	15626	15706	15762	15772	15946	15687	15157	16208	16180	16383	17337	15683	15621	15748	15945	15688	15733	15997	15440	14231	14174	14125	14695	14632	14022	13913	13935	13978	13886	13952	15100	15428	15282	15323	15247	15389	15982	16020	15288	15222	15075	15043	15025	13609	13570
20:49:40	37.0	16088	15413	15265	15068	15036	14885	14989	14935	14876	14945	14907	15183	15941	15167	15146	15111	15105	15043	15039	14912	14898	14981	14814	15047	15662	15746	15869	15674	15727	15647	15801	15817	15782	15835	15689	15179	16247	16149	16182	17425	15756	15826	15604	15871	15685	15703	15978	15388	14158	14161	14149	14706	14695	14052	13854	13933	13935	13888	13917	15071	15309	15286	15216	15282	15264	15999	15940	15303	15244	15176	14997	15042	13668	13600
20:53:40	37.1	16044	15366	15261	14996	15072	15036	15093	15009	15019	14860	14891	15159	15944	15239	15146	15087	14996	15052	14979	14943	14813	14895	14917	15016	15840	15701	15844	15764	15812	15625	15847	15775	15789	15839	15789	15118	16189	16342	16237	17320	15709	15595	15732	16072	15908	15764	15777	15551	14252	14234	14160	14630	14550	14094	13867	14072	13870	13830	13924	15066	15563	15257	15257	15487	15261	16152	16126	15368	15305	15168	15047	15040	13571	13535
20:57:40	37.0	16099	15422	15268	15108	15020	14941	15005	14918	14936	14903	14871	15314	15951	15319	15190	15141	15050	14984	15035	14999	15006	14985	14886	15049	15636	15724	15800	15680	15702	15801	15864	15899	15726	15753	15713	15195	16231	16376	16180	17383	15754	15641	15839	15882	15651	15761	15866	15531	14231	14173	14177	14710	14739	14058	13902	13871	14060	13828	13862	15096	15472	15375	15290	15457	15488	16121	16122	15345	15158	15200	15042	15071	13704	13522
21:01:40	37.0	16153	15337	15118	15058	14913	15147	15111	15077	15023	14944	14890	15164	15934	15170	15223	15033	14996	14945	15003	14855	14865	15022	14862	14935	15871	15817	15893	15697	15756	15698	15889	15785	15893	15865	15707	15141	16141	16357	16315	17368	15906	15799	15648	16003	15780	15795	15838	15449	14176	14182	14108	14639	14794	14157	13866	13928	14014	13947	13951	15125	15597	15283	15291	15346	15379	15993	15998	15301	15241	15141	15066	15182	13659	13554
21:05:40	37.0	16194	15432	15335	15051	15025	14975	15127	15069	14912	15061	14927	15332	16041	15331	15175	15053	15061	14961	15009	14898	14886	14962	14925	15094	15586	15814	15978	15702	15839	15832	15850	15944	15803	15914	15851	15156	16198	16247	16354	17243	15727	15810	15830	15956	15696	15881	15986	15359	14163	14134	14144	14744	14789	14148	13986	13911	14019	13929	13947	15078	15416	15326	15261	15584	15297	16059	16000	15267	15120	15047	15070	15178	13769	13645
21:09:40	37.0	16044	15577	15260	15073	15026	15120	15124	14959	14980	14978	14909	15183	16097	15316	15207	15044	15095	15037	15041	14876	14941	15037	14940	15017	15760	15753	15885	15828	15810	15839	15987	15810	15954	15954	15781	15116	16238	16266	16386	17420	15758	15671	15939	15995	15706	15754	16023	15453	14211	14145	14218	14823	14726	14145	13849	13932	14089	13950	13915	15228	15433	15255	15300	15369	15411	16102	16090	15351	15120	15118	14992	15107	13581	13593
21:13:40	37.0	16006	15377	15294	14962	14913	15092	15087	15098	14910	14908	14890	15063	16093	15284	15219	15096	15022	14987	14854	14870	14827	14931	14878	15064	15743	15834	15851	15663	15881	15860	15926	16054	15863	15945	15701	15231	16307	16319	16374	17346	15800	15757	15864	16117	15689	15658	15984	15391	14218	14164	14112	14774	14832	14068	13909	13941	13987	13854	13896	15192	15470	15367	15345	15444	15264	16323	16118	15252	15178	15291	14938	15030	13706	13642
21:17:40	37.0	16115	15530	15395	15106	15017	14928	15090	15037	14928	15066	15079	15178	16032	15319	15206	15020	15091	15075	15006	14998	14963	14941	14946	15046	15847	15850	15894	15692	15991	15802	15919	15841	15962	15928	15769	15172	16228	16349	16376	17377	15823	15865	15865	16133	15805	15711	16071	15474	14168	14027	14236	14751	14860	14046	13861	13957	14006	13887	13876	15172	15531	15311	15422	15282	15334	16199	16215	15278	15222	15222	15106	15132	13725	13638
21:21:40	37.0	16016	15496	15226	15070	15087	15062	15039	14959	14868	14907	14945	15112	16034	15327	15216	15051	15006	15188	15038	14832	14868	14980	14863	14895	15753	15754	16044	15773	15885	15855	15808	15949	15861	15998	15853	15151	16304	16407	16548	17476	15766	15699	15846	16136	15713	15744	16069	15521	14207	14253	14187	14858	14964	14072	13916	13851	14092	13881	13994	15010	15481	15163	15351	15429	15340	16191	16067	15448	15210	15099	15129	15192	13819	13613
21:25:40	37.0	15928	15555	15376	15165	14950	15149	15100	15133	14959	14897	15029	15293	16067	15228	15271	15027	15112	15115	15043	15072	15048	15005	14880	14949	15762	15863	15901	15814	15907	15866	16007	15845	15912	16033	15827	15103	16350	16429	16475	17319	15815	15779	15830	16179	15904	15721	16091	15491	14285	13987	14201	14852	14890	14134	13790	14017	14071	13874	14042	15017	15547	15302	15425	15244	15364	16320	16257	15426	15237	15176	14986	15199	13695	13677
21:29:40	37.0	16103	15508	15305	15079	15068	15106	15015	15035	14947	14914	14876	15241	16110	15187	15118	15050	15088	14903	15116	14934	14866	14917	14868	15137	15758	15860	16062	15886	15752	16032	15933	15838	15941	16005	15957	15204	16383	16396	16511	17497	15776	15834	15746	16155	15821	15811	16099	15500	14263	14085	14102	14885	14881	14230	13917	13950	14058	13917	14034	15023	15645	15231	15280	15261	15473	16230	16214	15392	15214	15106	15080	15169	13598	13662
21:33:40	37.0	16170	15493	15453	15221	15075	15073	15099	15067	15095	14868	14795	15117	16023	15281	15259	15114	15076	14995	14883	14850	14819	15034	14806	14917	15825	15860	16042	15723	16024	15832	15849	16041	15850	16200	15817	15151	16335	16409	16625	17373	15934	15832	15835	16321	15800	15914	16027	15401	14265	14260	14287	14823	14799	14007	13855	13952	14025	13788	13925	15090	15454	15277	15441	15363	15589	16264	16317	15260	15185	15137	15006	15055	13691	13627
21:37:40	37.0	16086	15473	15388	15211	15125	15133	15082	15082	14857	14988	14866	15259	16086	15220	15287	15103	15031	15053	14927	14980	14911	15013	14972	15098	15843	15927	16050	15856	16002	15904	16034	16025	16103	16184	16004	15236	16467	16464	16673	17595	15846	15895	15886	16222	15901	15923	16186	15540	14279	14164	14269	14974	14867	14144	13851	13861	14032	13964	13966	15035	15609	15153	15376	15285	15417	16316	16204	15327	15167	15118	14988	15095	13654	13594
21:41:40	37.0	16210	15560	15267	15137	15062	15045	15037	15002	14987	14995	14998	15279	16100	15411	15221	15038	15116	15059	15007	15017	15032	15020	15035	14983	15712	15904	16068	15808	15787	15940	15906	16038	16064	16057	15822	15154	16259	16531	16540	17449	15918	15951	15870	16274	15858	15924	16150	15511	14331	14200	14115	14862	14811	14087	13926	13960	13963	13865	13969	15205	15477	15165	15417	15213	15403	16413	16234	15343	15209	15091	15194	15094	13583	13637
21:45:40	37.0	16048	15506	15319	15060	15063	15208	15082	15064	15002	15034	14999	15242	15932	15319	15235	15094	15115	15038	14948	15025	14972	15051	14867	15014	15842	16044	16093	15793	15986	15931	15961	16039	15933	16053	15778	15153	16217	16468	16614	17493	15980	15934	15763	16219	15816	15892	16214	15454	14175	14273	14177	14862	14758	14123	13867	13879	14055	13837	13966	15083	15600	15370	15332	15405	15410	16303	16264	15432	15241	15139	15089	15010	13748	13590
21:49:40	37.0	16096	15429	15341	15073	15088	14958	15113	14914	14975	14915	14992	15205	15971	15198	15309	15160	15204	15166	14960	14978	14967	15052	14894	14949	15929	15930	16183	15805	15797	15938	16055	16118	15922	16019	15870	15183	16378	16534	16532	17507	15876	15932	15861	16262	15776	15880	16282	15519	14273	14198	14189	14877	14909	14033	13783	14000	14077	13993	13958	15108	15523	15386	15310	15287	15451	16473	16270	15284	15272	15042	15080	15108	13564	13623
21:53:40	37.0	16167	15405	15422	15161	15066	15136	15107	14995	14999	14928	15037	15309	16052	15291	15321	15144	15285	15017	15061	14924	14882	15004	14929	14974	15905	15950	16187	15883	16037	16100	15920	16079	16027	16184	16031	15072	16326	16663	16535	17648	15921	15986	16079	16325	15790	15907	16176	15523	14153	14101	14106	15031	14964	14187	13896	13911	14101	13806	14100	15055	15561	15177	15511	15414	15419	16417	16302	15289	15273	15112	15133	15188	13682	13607
21:57:40	37.0	16128	15547	15502	15146	15074	15134	15309	15088	15022	14890	14960	15119	16089	15421	15210	15072	15163	15103	15001	15039	15027	15110	14917	15099	15828	15958	16238	15987	15979	16059	16094	16094	16093	16210	15831	15261	16490	16602	16551	17567	15860	16006	16017	16287	15777	15993	16307	15511	14244	14113	14136	14868	14855	14083	13923	13959	14029	13912	13955	15065	15539	15232	15422	15382	15516	16440	16352	15407	15216	15175	15103	15152	13691	13666
22:01:40	37.0	16074	15555	15365	15212	14980	15089	15196	15139	14979	14915	15050	15247	16105	15403	15181	15058	15049	15107	15022	15074	14939	15082	14939	15095	15964	16020	16215	15901	16078	16034	16178	16131	15932	15989	15897	15119	16266	16562	16644	17577	15946	16078	15929	16324	15875	15839	16270	15463	14069	14225	14160	14936	14913	14079	13985	13994	14072	13822	13892	15221	15571	15364	15385	15318	15526	16384	16295	15303	15158	15212	15141	15185	13761	13707
22:05:40	37.0	16066	15451	15351	15140	15068	15125	15100	15149	15026	15062	15057	15252	16173	15297	15206	15125	15137	15064	15193	15006	14927	15006	14919	15162	15830	16028	16319	15926	16015	16041	16200	16080	16225	16263	15903	15101	16416	16587	16688	17432	15892	15961	15917	16386	15966	16137	16411	15354	14175	14134	14087	14953	15097	14200	14074	13903	14119	13861	13913	15123	15681	15251	15558	15378	15523	16560	16350	15326	15232	15152	15129	15313	13688	13687
22:09:40	37.0	16192	15511	15427	15267	15081	15130	15149	15097	14995	15095	15040	15323	16154	15442	15467	15132	15199	15104	15112	15107	14956	14954	14905	14951	15978	16106	16253	15906	16007	16249	16200	16108	16033	16216	15793	15167	16385	16561	16774	17483	15959	16034	15994	16392	15879	15991	16402	15430	14220	14234	14162	14996	14943	14071	13941	13994	14072	13840	13985	15088	15770	15291	15427	15288	15558	16485	16394	15354	15248	15130	15211	15210	13713	13553
22:13:40	37.0	16279	15604	15535	15227	15033	15129	15097	14992	14985	14921	15009	15221	16083	15431	15200	15136	15134	15114	15073	14966	14872	15006	14849	15109	15941	16095	16271	16034	16032	16181	16232	16041	16047	16186	15990	15188	16435	16622	16771	17569	16014	16058	15948	16457	15975	15982	16349	15446	14265	14166	14118	14923	14949	14114	13922	13945	14075	13898	13986	15061	15627	15344	15418	15343	15477	16513	16461	15422	15258	15095	15081	15188	13685	13631
22:17:40	37.0	16164	15499	15473	15171	15033	15129	15110	15213	15060	15042	14942	15144	16052	15379	15324	15133	15158	15222	14902	15118	14904	15134	15010	15084	16051	16072	16304	16030	16169	16102	16208	16070	16176	16278	16083	15256	16383	16658	16666	17704	15933	16041	16035	16520	15907	16140	16389	15566	14209	14222	14302	15011	14897	14068	13909	13947	14100	13904	13924	15219	15649	15277	15455	15369	15513	16553	16351	15359	15148	15032	15080	15270	13676	13555
22:21:40	37.0	16168	15692	15445	15249	15155	15163	15168	15215	14932	15052	14966	15309	16153	15371	15371	15287	15187	15063	15066	15002	14854	15127	14989	15148	15916	16125	16291	16078	16096	16132	16312	16161	16057	16352	15986	15164	16340	16578	16718	17631	16046	16211	16004	16493	15845	16005	16362	15497	14345	14253	14202	14863	15105	14258	14000	13932	13998	13816	13893	15192	15629	15129	15395	15461	15613	16625	16420	15325	15254	15186	15154	15135	13821	13751
22:25:40	37.0	16096	15570	15447	15293	15086	15137	15099	15186	15150	15140	15109	15254	16187	15293	15376	15194	15226	15008	15021	15028	14918	15072	14931	15093	15907	16093	16212	16040	16125	16159	16190	16239	16060	16173	15850	15251	16354	16721	16691	17674	16060	16138	16121	16443	15986	15965	16412	15485	14270	14133	14284	15024	15075	14198	13963	14045	14094	13971	13905	15165	15682	15374	15362	15291	15558	16495	16602	15351	15064	15123	15014	15181	13724	13561
22:29:40	37.0	16177	15669	15443	15281	15179	15109	15097	15162	15079	14993	15054	15223	16256	15410	15393	15180	15214	15170	15152	14945	14937	15066	14937	15064	16074	16211	16366	16118	16325	16317	16177	16136	16184	16228	15945	15135	16297	16831	16786	17685	16089	16261	16028	16439	15991	16031	16523	15404	14325	14279	14239	14919	15073	14050	13867	13872	14098	13935	13996	15244	15623	15285	15429	15272	15530	16698	16577	15410	15225	15162	15084	15273	13755	13581
22:33:40	37.0	16136	15742	15483	15210	15170	15099	15175	15024	15057	15028	15069	15282	16079	15382	15394	15133	15094	15157	15008	14968	14882	15080	14909	15012	16028	16198	16308	16230	16284	16270	16261	16226	16108	16244	16054	15089	16529	16644	16772	17545	15887	16227	16016	16551	16082	16142	16486	15510	14258	14165	14220	15054	15104	14199	13860	14017	14119	13938	14003	15216	15701	15226	15404	15415	15652	16628	16432	15227	15388	15243	15096	15231	13702	13667
22:37:40	37.0	16106	15663	15425	15178	15203	15160	15288	15052	15060	15068	15098	15210	16249	15352	15377	15330	15218	15114	15115	14951	15086	15105	14898	15101	16085	16150	16408	16118	16083	16205	16457	16262	16203	16356	16013	15147	16513	16835	16796	17614	16053	16142	16099	16470	15948	16107	16457	15437	14196	14182	14434	14934	15147	14182	13904	13887	14095	13890	14006	15122	15634	15220	15424	15345	15447	16648	16455	15364	15133	15287	15140	15244	13665	13687
22:41:40	37.0	16299	15482	15501	15175	15120	15192	15310	15135	15073	15046	15127	15274	16216	15407	15411	15101	15173	15079	15009	15163	14931	15091	14917	15204	16143	16211	16435	16315	16353	16270	16360	16185	16093	16598	15960	15193	16441	16717	16774	17624	16061	16276	16257	16627	15938	16097	16457	15590	14357	14168	14264	15024	15107	14194	13957	14017	13960	13928	13893	15072	15664	15356	15365	15404	15538	16668	16508	15439	15297	15153	14950	15328	13721	13640
22:45:40	37.0	16088	15684	15395	15209	15080	15161	15281	15115	15152	14960	15017	15295	16079	15421	15399	15137	15128	15199	15055	15107	14943	15121	14952	15141	16102	16217	16424	16259	16324	16261	16258	16191	16329	16412	15969	15231	16402	16780	16754	17701	16072	16234	16245	16558	15896	16154	16540	15537	14290	14271	14337	15097	15056	14181	14152	13847	14173	13996	13950	15099	15693	15375	15415	15367	15592	16661	16571	15492	15301	15249	15161	15221	13683	13779
22:49:40	37.0	16190	15624	15649	15128	15033	15137	15320	15032	15055	15076	15130	15226	16300	15408	15330	15195	15171	15015	15094	15068	14943	15122	14977	14993	16195	16196	16300	15990	16275	16162	16502	16337	16360	16533	15992	15189	16274	16887	16932	17621	16133	16277	16007	16679	16000	16193	16629	15551	14244	14220	14262	15016	15040	14157	13916	13887	14118	13967	14012	15066	15700	15232	15488	15318	15538	16727	16644	15380	15190	15151	15224	15234	13741	13703
22:53:40	37.0	16140	15773	15476	15155	15014	15299	15105	15220	15124	15093	15043	15328	16131	15360	15402	15213	15215	15165	15126	15076	15070	15047	15014	15040	16029	16253	16441	16325	16497	16256	16383	16330	16329	16539	16079	15275	16560	16837	16731	17574	16131	16300	16083	16668	15939	16160	16554	15449	14245	14162	14253	15070	15040	14190	13932	14008	14186	13927	13892	15176	15734	15409	15408	15380	15760	16741	16622	15515	15226	15048	15182	15202	13729	13621
22:57:40	37.0	16298	15709	15444	15094	15123	15212	15191	15119	15081	15123	15055	15248	16226	15361	15323	15326	15117	15070	15106	15097	15117	15084	15055	15150	16075	16235	16566	16179	16358	16341	16364	16314	16207	16635	16098	15212	16499	16967	16704	17728	16002	16299	16186	16663	15958	16176	16574	15439	14311	14307	14168	15141	15152	14113	13936	13975	14102	13904	13898	15153	15721	15222	15501	15432	15692	16848	16646	15396	15219	15287	15161	15206	13683	13674
23:01:40	37.0	16252	15734	15468	15218	15108	15271	15291	15264	15032	15074	15080	15363	16201	15424	15378	15179	15148	15229	15171	15076	14966	15073	14849	15111	16085	16320	16433	16330	16367	16302	16380	16308	16173	16471	16028	15215	16529	16985	16874	17833	16173	16312	16211	16712	15969	16040	16673	15443	14358	14317	14367	15144	15125	14206	14032	13975	14110	14026	13857	15103	15690	15218	15399	15381	15535	16851	16628	15401	15346	15103	15061	15109	13690	13681
23:05:40	37.0	16289	15580	15525	15329	15227	15202	15350	15206	15115	15082	15076	15231	16095	15366	15335	15222	15194	15196	15166	15068	14949	15158	14980	15267	16145	16276	16586	16272	16603	16501	16490	16283	16202	16665	16082	15234	16515	16951	16838	17813	16076	16346	16259	16751	16006	16237	16600	15492	14287	14277	14211	15255	15092	14126	13915	13969	14263	14032	13962	15277	15715	15361	15417	15393	15663	16900	16658	15428	15261	15214	15158	15222	13753	13641
23:09:40	37.0	16168	15679	15653	15248	15192	15267	15252	15171	15036	15030	15145	15346	16299	15403	15377	15178	15220	15178	15024	15056	15072	15176	15024	15094	16150	16320	16425	16297	16423	16462	16719	16412	16367	16655	16026	15272	16606	16864	16992	17785	16082	16421	16293	16712	16065	16233	16654	15559	14348	14210	14217	15192	15198	14248	13942	14159	14089	14035	13816	15168	15720	15354	15498	15488	15672	16823	16695	15350	15268	15196	15177	15196	13733	13681
23:13:40	37.0	16308	15725	15435	15218	15160	15158	15356	15109	15064	15064	15066	15381	16176	15451	15377	15304	15234	15233	15075	15087	14967	15097	14939	15154	16263	16459	16730	16347	16572	16454	16424	16544	16287	16620	16128	15324	16426	16909	16853	17793	16255	16520	16399	16796	16098	16161	16687	15444	14292	14224	14207	15216	15145	14159	13870	13899	14016	13905	13916	15269	15625	15311	15360	15442	15703	16980	16824	15415	15240	15323	15165	15291	13746	13654
23:17:40	37.0	16175	15707	15580	15313	15333	15316	15313	15073	15101	15116	15036	15257	16214	15537	15287	15251	15308	15261	15033	15016	14992	15075	15076	15184	16321	16370	16577	16426	16606	16422	16552	16562	16343	16711	16075	15317	16414	16972	16909	17707	16131	16415	16331	16709	16118	16231	16748	15573	14412	14326	14248	15073	15152	14283	13832	13999	14123	13959	14025	15196	15594	15415	15519	15510	15733	16995	16817	15427	15235	15361	15080	15298	13815	13693
23:21:40	37.0	16277	15759	15552	15346	15126	15230	15210	15131	14925	15002	15122	15289	16197	15467	15351	15214	15128	15102	15282	15108	15002	15206	14992	15320	16281	16311	16744	16351	16574	16453	16554	16633	16393	16812	16139	15203	16631	16932	17099	17779	16219	16449	16344	16846	16064	16214	16845	15362	14467	14240	14386	15188	15189	14217	13941	13938	14142	13950	14006	15203	15715	15299	15409	15397	15591	17023	16834	15432	15325	15181	15267	15273	13775	13721
23:25:40	37.0	16256	15800	15469	15294	15177	15265	15227	15212	15237	15126	15067	15372	16264	15397	15450	15246	15144	15346	15127	15047	15080	15142	14953	15286	16300	16432	16595	16486	16568	16478	16508	16578	16295	16670	16137	15235	16504	17065	16931	17794	16373	16381	16489	16811	16059	16396	16855	15482	14281	14274	14317	15166	15139	14216	13858	14056	14043	13981	13963	15164	15788	15333	15444	15432	15548	17065	16894	15353	15354	15251	15191	15284	13774	13672
23:29:40	37.0	16136	15708	15626	15227	15267	15344	15342	15152	15115	15065	15129	15291	16260	15429	15407	15319	15178	15218	15121	15067	15011	15080	14999	15058	16374	16437	16728	16511	16613	16526	16622	16647	16363	16784	16192	15190	16502	16937	16980	17927	16324	16543	16438	16740	16232	16292	16777	15403	14355	14411	14274	15323	15417	14171	14070	13889	14039	14070	13945	15255	15791	15258	15444	15310	15717	17022	16930	15441	15226	15214	15238	15407	13757	13724
23:33:40	37.0	16136	15646	15468	15371	15130	15329	15292	15045	15100	15118	15091	15367	16202	15657	15345	15262	15216	15242	15114	15145	15106	15195	14960	15136	16296	16498	16645	16500	16666	16629	16643	16637	16564	16817	16066	15313	16486	17074	17004	17960	16170	16545	16553	17001	16063	16371	16842	15517	14339	14346	14235	15322	15209	14074	13948	13919	14066	14002	14017	15221	15803	15474	15450	15549	15760	17103	17001	15457	15374	15252	15153	15305	13803	13713
23:37:40	37.0	16246	15744	15701	15210	15235	15191	15386	15114	15103	15252	15066	15436	16269	15548	15379	15260	15250	15266	15113	15115	15074	15056	14939	15179	16347	16504	16833	16604	16776	16488	16677	16770	16568	16876	16280	15249	16488	17004	17126	18003	16295	16664	16529	16855	16245	16422	17007	15512	14543	14368	14323	15286	15369	14172	13926	13981	14246	14053	13968	15273	15798	15391	15464	15546	15689	17102	17001	15562	15252	15251	15008	15354	13817	13628
23:41:40	37.0	16325	15764	15560	15292	15269	15354	15506	15205	15198	15171	15096	15226	16280	15509	15438	15358	15323	15252	15135	15067	15002	15070	15031	15246	16589	16553	16746	16619	16728	16535	16757	16699	16525	16866	16117	15364	16618	17139	17034	17965	16367	16748	16568	16970	16211	16371	17041	15623	14334	14316	14344	15441	15465	14186	13881	14012	14139	13964	14014	15101	15705	15403	15356	15445	15726	17059	16913	15517	15404	15158	15181	15282	13722	13648
23:45:40	37.0	16398	15643	15571	15289	15278	15248	15283	15183	15284	15248	15142	15275	16183	15496	15450	15278	15277	15042	15184	15124	15034	15137	15132	15120	16416	16527	16755	16616	16879	16577	16737	16706	16542	16817	16232	15308	16536	17044	16970	17848	16418	16403	16643	17096	16219	16396	16920	15679	14371	14309	14361	15239	15284	14206	13953	14045	14046	14027	13961	15271	15853	15345	15531	15435	15613	17155	17027	15334	15295	15224	15127	15428	13779	13793
23:49:40	37.0	16411	15776	15629	15423	15211	15220	15240	15148	15249	15193	15080	15382	16343	15588	15631	15294	15117	15256	15193	15111	15063	15178	15039	15235	16387	16491	16701	16576	16874	16652	16875	16805	16603	17002	16156	15276	16605	17057	16975	17964	16381	16549	16488	17129	16251	16417	16948	15396	14440	14210	14320	15251	15281	14169	13925	14059	14172	13851	13935	15194	15681	15359	15495	15402	15743	17214	17089	15521	15316	15302	15123	15248	13716	13660
23:53:40	37.0	16269	15736	15673	15361	15315	15317	15230	15255	15263	15146	15317	15402	16386	15469	15415	15354	15246	15308	15100	15138	15059	15186	14980	15205	16591	16674	16770	16652	16829	16646	16767	16752	16602	16999	16243	15220	16686	16977	16969	17903	16494	16618	16683	17065	16251	16415	16908	15507	14404	14273	14284	15407	15283	14072	14024	13994	14102	13968	14040	15330	15805	15339	15478	15393	15814	17296	17026	15447	15210	15220	15191	15207	13860	13657
23:57:40	37.0	16253	15792	15624	15363	15267	15283	15372	15360	15085	15110	15162	15359	16316	15479	15641	15261	15244	15241	15145	15182	15063	15202	15012	15230	16597	16690	16882	16694	16790	16613	16790	16734	16490	16945	16118	15289	16497	17086	17157	18015	16469	16653	16576	17087	16015	16504	17011	15423	14299	14431	14404	15302	15398	14105	13973	13935	14078	13856	13985	15279	15792	15314	15526	15338	15754	17340	16993	15474	15442	15351	15149	15232	13729	13731
24:01:40	37.0	16300	15713	15650	15319	15388	15312	15379	15269	15155	15093	15245	15294	16246	15590	15397	15361	15334	15245	15208	15141	15219	15115	15086	15184	16433	16703	16851	16654	16881	16582	16827	16796	16569	17082	16280	15342	16776	17106	16962	17941	16351	16751	16656	17121	16275	16452	17015	15531	14445	14359	14306	15225	15499	14118	13827	13984	14045	14090	14090	15308	15764	15339	15362	15382	15848	17276	17029	15546	15390	15222	15083	15407	13721	13781

BFP and GFP:485,510

Time	T° BFP and GFP:485,510	B1	B2	B3	B4	B5	B6	B7	B8	B9	B10	B11	B12	C1	C2	C3	C4	C5	C6	C7	C8	C9	C10	C11	C12	D1	D2	D3	D4	D5	D6	D7	D8	D9	D10	D11	D12	E1	E2	E3	E4	E5	E6	E7	E8	E9	E10	E11	E12	F1	F2	F3	F4	F5	F6	F7	F8	F9	F10	F11	F12	G1	G2	G3	G4	G5	G6	G7	G8	G9	G10	G11	G12	H11	H12
0:02:26	37.0	1480	1553	1529	1506	1492	1493	1548	1526	1571	1509	1586	1561	1419	1428	1409	1414	1435	1403	1450	1472	1516	1462	1512	1627	1484	1473	1493	1447	1485	1499	1503	1512	1547	1531	1540	1641	1563	1587	1536	1535	1435	1418	1513	1469	1496	1542	1499	1711	1541	1438	1442	1411	1394	1438	1484	1535	1534	1586	1588	1578	1533	1408	1535	1519	1466	1413	1410	1503	1506	1528	1540	1571	1801	1723
0:06:26	36.9	1612	1672	1645	1640	1588	1598	1688	1714	1663	1649	1646	1693	1496	1521	1511	1494	1515	1502	1592	1591	1632	1582	1624	1752	1579	1647	1633	1589	1548	1563	1540	1636	1650	1667	1608	1739	1706	1655	1616	1687	1480	1470	1523	1665	1607	1658	1623	1788	1638	1594	1551	1466	1419	1514	1675	1585	1638	1672	1685	1697	1733	1567	1662	1639	1499	1432	1462	1632	1609	1612	1643	1704	1859	1823
0:10:26	37.0	1638	1711	1684	1688	1640	1679	1701	1764	1731	1686	1734	1756	1537	1555	1563	1545	1550	1522	1585	1637	1641	1590	1657	1789	1612	1649	1650	1596	1569	1556	1568	1663	1662	1691	1672	1821	1733	1680	1648	1568	1460	1424	1590	1563	1647	1715	1674	1849	1687	1626	1554	1435	1399	1621	1710	1623	1646	1687	1685	1748	1757	1592	1658	1651	1661	1436	1446	1642	1673	1649	1671	1729	1887	1865
0:14:26	37.0	1664	1749	1735	1739	1687	1685	1797	1817	1769	1744	1788	1743	1604	1604	1595	1580	1594	1573	1666	1668	1689	1637	1728	1806	1658	1722	1717	1647	1615	1627	1606	1678	1712	1709	1680	1867	1774	1736	1671	1613	1450	1437	1648	1607	1704	1763	1744	1832	1758	1700	1666	1435	1399	1465	1760	1649	1660	1721	1764	1787	1768	1648	1725	1718	1646	1425	1427	1705	1711	1674	1711	1783	1934	1924
0:18:26	37.0	1655	1798	1761	1752	1781	1752	1821	1877	1794	1799	1791	1769	1590	1677	1618	1587	1636	1614	1694	1726	1761	1668	1752	1830	1713	1724	1694	1700	1628	1656	1647	1708	1736	1739	1690	1888	1818	1774	1723	1676	1548	1437	1669	1583	1716	1804	1749	1911	1768	1710	1659	1407	1396	1535	1779	1684	1703	1746	1776	1799	1844	1688	1779	1741	1689	1400	1434	1732	1710	1691	1746	1826	1853	1910
0:22:26	37.0	1703	1822	1815	1774	1787	1771	1815	1869	1832	1773	1854	1781	1669	1678	1673	1604	1677	1647	1718	1747	1730	1662	1777	1827	1699	1781	1747	1725	1673	1657	1657	1727	1761	1774	1759	1898	1832	1801	1743	1682	1609	1512	1695	1643	1728	1839	1774	1936	1812	1720	1680	1401	1360	1629	1814	1681	1750	1761	1827	1858	1884	1704	1808	1763	1705	1366	1415	1735	1740	1702	1747	1856	1960	1963
0:26:26	37.0	1682	1843	1809	1784	1774	1773	1856	1873	1839	1800	1869	1728	1619	1715	1690	1652	1700	1625	1731	1745	1743	1679	1809	1864	1703	1758	1785	1706	1688	1693	1684	1759	1784	1846	1790	1910	1828	1797	1758	1700	1633	1589	1727	1652	1739	1824	1754	1919	1870	1800	1697	1396	1368	1597	1875	1680	1790	1787	1809	1840	1842	1669	1782	1744	1696	1399	1390	1772	1736	1701	1802	1850	1943	1975
0:30:26	37.0	1715	1839	1824	1805	1808	1795	1859	1926	1847	1848	1929	1795	1658	1763	1705	1683	1745	1687	1759	1801	1759	1693	1823	1897	1716	1819	1773	1710	1736	1696	1717	1786	1843	1838	1803	1919	1884	1829	1822	1763	1643	1608	1729	1646	1806	1871	1794	1987	1858	1799	1710	1400	1363	1634	1895	1735	1796	1841	1844	1896	1836	1740	1827	1801	1717	1379	1427	1773	1762	1772	1822	1896	1984	1993
0:34:26	37.0	1696	1879	1842	1823	1856	1803	1898	1938	1913	1834	1903	1776	1673	1792	1705	1623	1715	1683	1792	1817	1842	1688	1819	1931	1744	1841	1825	1710	1715	1730	1707	1807	1843	1827	1825	1926	1862	1814	1819	1732	1672	1641	1771	1674	1779	1885	1834	2003	1885	1796	1739	1408	1374	1621	1901	1749	1780	1790	1866	1876	1852	1755	1856	1799	1750	1361	1422	1779	1799	1746	1806	1889	1976	1993
0:38:26	37.0	1681	1872	1849	1846	1835	1836	1893	1933	1885	1818	1888	1798	1692	1752	1696	1667	1763	1711	1780	1819	1822	1697	1835	1910	1690	1816	1785	1776	1684	1681	1715	1762	1832	1840	1811	1968	1901	1887	1855	1744	1631	1619	1808	1670	1771	1913	1862	1952	1872	1785	1694	1399	1361	1637	1918	1750	1815	1824	1850	1916	1858	1693	1845	1817	1743	1358	1373	1769	1763	1778	1823	1905	1932	1969
0:42:26	37.0	1714	1868	1845	1820	1833	1824	1894	1966	1908	1849	1933	1789	1667	1746	1717	1634	1759	1710	1766	1870	1845	1678	1879	1897	1734	1843	1826	1805	1757	1735	1726	1794	1848	1887	1800	1943	1912	1853	1817	1767	1673	1645	1772	1678	1791	1867	1828	1998	1886	1838	1710	1403	1353	1640	1925	1751	1846	1822	1899	1911	1856	1731	1815	1793	1761	1368	1408	1776	1799	1758	1842	1930	1971	2001
0:46:26	37.0	1667	1846	1837	1821	1804	1797	1882	1922	1921	1806	1906	1791	1659	1732	1697	1660	1685	1669	1778	1797	1794	1684	1817	1875	1704	1847	1807	1728	1721	1708	1704	1798	1819	1825	1745	1911	1893	1811	1772	1710	1669	1619	1742	1669	1797	1920	1810	1963	1862	1825	1680	1362	1343	1658	1913	1727	1796	1802	1869	1856	1859	1682	1820	1768	1725	1364	1389	1766	1789	1748	1805	1871	1919	1929
0:50:26	37.0	1668	1842	1817	1811	1838	1748	1897	1884	1851	1805	1892	1749	1661	1743	1714	1674	1664	1693	1786	1819	1837	1705	1804	1898	1731	1858	1802	1741	1740	1720	1736	1786	1845	1862	1782	1942	1872	1860	1822	1764	1680	1636	1735	1653	1797	1905	1802	1963	1869	1801	1706	1367	1339	1607	1933	1730	1831	1800	1887	1856	1819	1696	1784	1782	1714	1337	1385	1767	1736	1736	1807	1873	1891	1940
0:54:26	37.0	1629	1821	1820	1840	1815	1814	1869	1883	1882	1816	1881	1746	1686	1720	1689	1673	1430	1686	1756	1844	1872	1687	1789	1866	1696	1835	1797	1742	1715	1721	1702	1799	1869	1842	1786	1909	1855	1848	1810	1709	1634	1630	1747	1640	1805	1885	1809	1957	1829	1789	1679	1376	1307	1595	1931	1707	1836	1857	1872	1898	1848	1698	1815	1789	1697	1324	1387	1746	1758	1740	1799	1869	1877	1986
0:58:26	37.0	1639	1804	1791	1804	1766	1742	1886	1895	1841	1770	1849	1704	1616	1714	1681	1639	1392	1707	1804	1795	1816	1662	1836	1843	1728	1868	1779	1740	1678	1696	1695	1804	1796	1819	1761	1928	1812	1862	1789	1705	1629	1621	1749	1648	1787	1858	1802	1913	1838	1798	1681	1359	1297	1583	1870	1697	1828	1797	1844	1871	1804	1705	1815	1761	1713	1348	1347	1751	1763	1697	1770	1901	1872	1947
1:02:26	37.0	1617	1792	1760	1773	1770	1752	1825	1873	1824	1749	1830	1707	1614	1698	1668	1632	1356	1670	1733	1800	1797	1666	1782	1842	1695	1864	1782	1729	1699	1699	1734	1778	1801	1824	1790	1886	1823	1823	1757	1706	1632	1588	1723	1623	1759	1864	1785	1948	1857	1749	1680	1346	1316	1583	1866	1690	1743	1775	1827	1857	1771	1685	1774	1724	1718	1325	1376	1685	1690	1732	1761	1897	1864	1924
1:06:26	37.0	1651	1777	1753	1753	1770	1725	1906	1853	1818	1744	1812	1703	1588	1717	1641	1642	1339	1649	1745	1807	1766	1656	1740	1836	1680	1833	1788	1683	1663	1652	1688	1778	1788	1819	1754	1853	1771	1760	1757	1695	1613	1597	1724	1645	1727	1854	1785	1908	1815	1720	1645	1336	1311	1579	1850	1692	1787	1773	1868	1803	1798	1668	1800	1736	1659	1331	1400	1694	1726	1680	1762	1837	1813	1909
1:10:26	37.0	1611	1784	1765	1756	1746	1765	1810	1844	1772	1748	1814	1679	1610	1695	1642	1599	1354	1629	1745	1796	1784	1623	1739	1813	1677	1784	1741	1682	1696	1693	1672	1753	1763	1757	1719	1843	1780	1772	1767	1687	1599	1556	1722	1595	1746	1829	1731	1918	1764	1740	1610	1355	1294	1578	1852	1669	1772	1781	1810	1856	1721	1664	1730	1727	1679	1321	1349	1699	1692	1672	1753	1839	1825	1880
1:14:26	37.0	1634	1744	1710	1741	1729	1670	1802	1800	1752	1711	1764	1645	1586	1636	1631	1574	1341	1625	1685	1756	1749	1633	1700	1791	1680	1747	1725	1676	1645	1631	1649	1724	1734	1746	1733	1801	1775	1779	1704	1641	1554	1579	1680	1579	1708	1857	1725	1855	1778	1701	1612	1345	1311	1589	1818	1678	1701	1763	1799	1768	1718	1589	1709	1686	1664	1333	1359	1693	1683	1642	1713	1831	1792	1848
1:18:26	37.0	1601	1723	1739	1709	1674	1656	1807	1782	1693	1670	1744	1659	1555	1624	1568	1570	1316	1600	1653	1703	1712	1540	1671	1791	1622	1729	1703	1673	1651	1654	1656	1691	1726	1737	1683	1777	1738	1726	1689	1667	1584	1556	1654	1576	1700	1773	1726	1846	1738	1677	1605	1305	1282	1556	1813	1640	1693	1718	1771	1730	1685	1595	1744	1660	1603	1306	1344	1641	1665	1634	1705	1774	1756	1812
1:22:26	37.0	1582	1695	1703	1677	1671	1646	1717	1747	1734	1658	1730	1607	1556	1619	1606	1594	1336	1611	1660	1710	1695	1575	1653	1738	1623	1703	1685	1606	1616	1586	1616	1677	1722	1701	1687	1727	1695	1705	1641	1620	1549	1538	1642	1569	1679	1759	1672	1826	1700	1653	1580	1314	1305	1507	1806	1575	1700	1694	1728	1728	1684	1621	1693	1667	1330	1296	1348	1627	1649	1643	1678	1767	1747	1817
1:26:26	37.0	1530	1725	1649	1667	1656	1627	1693	1758	1687	1667	1717	1634	1539	1610	1599	1557	1310	1585	1650	1681	1680	1595	1650	1719	1585	1719	1670	1616	1621	1594	1613	1672	1679	1690	1666	1731	1672	1680	1685	1632	1558	1495	1645	1546	1650	1743	1672	1783	1699	1657	1568	1305	1280	1492	1765	1565	1666	1730	1719	1709	1646	1555	1647	1641	1297	1295	1311	1581	1644	1595	1637	1751	1737	1767
1:30:26	37.0	1496	1638	1602	1641	1618	1583	1651	1688	1665	1584	1650	1566	1489	1562	1554	1528	1274	1554	1632	1642	1644	1530	1558	1642	1573	1667	1627	1583	1552	1565	1596	1621	1656	1656	1624	1674	1618	1664	1621	1590	1484	1522	1593	1548	1591	1723	1645	1767	1637	1587	1557	1282	1273	1473	1713	1558	1613	1654	1684	1679	1621	1576	1620	1629	1282	1285	1320	1597	1604	1569	1623	1710	1668	1728
1:34:26	37.0	1481	1596	1577	1599	1589	1561	1634	1653	1609	1572	1647	1604	1501	1548	1529	1484	1291	1511	1582	1609	1606	1524	1552	1675	1525	1631	1605	1560	1532	1515	1568	1608	1642	1664	1602	1692	1619	1677	1621	1565	1491	1490	1583	1495	1574	1678	1600	1718	1645	1598	1530	1276	1262	1440	1664	1520	1618	1612	1632	1632	1560	1509	1590	1599	1295	1277	1294	1545	1560	1538	1594	1685	1647	1704
1:38:26	37.0	1485	1568	1556	1574	1535	1527	1606	1625	1588	1569	1604	1535	1471	1526	1507	1448	1262	1483	1534	1566	1601	1450	1522	1635	1503	1636	1556	1544	1478	1519	1532	1568	1586	1595	1571	1647	1597	1626	1579	1551	1488	1437	1554	1475	1562	1673	1583	1699	1573	1551	1489	1279	1291	1431	1641	1484	1570	1589	1603	1623	1528	1494	1568	1530	1259	1288	1292	1522	1548	1526	1559	1673	1640	1670
1:42:26	37.0	1448	1547	1557	1520	1518	1523	1594	1601	1570	1557	1587	1516	1455	1510	1501	1456	1307	1467	1539	1533	1556	1453	1509	1631	1490	1615	1532	1518	1529	1493	1492	1544	1594	1584	1561	1653	1563	1597	1564	1529	1475	1436	1507	1420	1525	1642	1570	1718	1549	1543	1485	1262	1245	1408	1614	1436	1516	1561	1595	1612	1535	1496	1569	1554	1260	1271	1278	1531	1521	1506	1520	1634	1590	1671
1:46:26	37.0	1423	1530	1532	1506	1497	1509	1543	1578	1548	1485	1554	1506	1411	1486	1448	1413	1249	1433	1492	1494	1531	1453	1464	1597	1467	1553	1526	1489	1504	1494	1476	1544	1546	1551	1517	1581	1550	1560	1548	1510	1406	1406	1534	1458	1532	1602	1527	1652	1523	1519	1406	1247	1220	1362	1588	1446	1510	1538	1587	1597	1503	1445	1527	1487	1261	1255	1307	1461	1516	1461	1503	1560	1603	1648
1:50:26	37.0	1410	1494	1462	1476	1465	1465	1520	1544	1521	1500	1542	1482	1416	1471	1414	1414	1217	1463	1484	1508	1515	1421	1448	1594	1460	1524	1504	1482	1481	1457	1453	1479	1527	1524	1511	1569	1479	1523	1511	1470	1405	1433	1475	1389	1497	1585	1537	1646	1494	1469	1429	1241	1207	1374	1524	1409	1484	1529	1535	1571	1464	1378	1472	1489	1258	1227	1251	1439	1480	1462	1517	1587	1528	1634
1:54:26	37.0	1398	1465	1470	1414	1477	1442	1509	1521	1486	1484	1509	1478	1399	1415	1417	1387	1245	1429	1453	1466	1479	1398	1443	1545	1444	1501	1485	1464	1454	1419	1435	1513	1500	1491	1456	1532	1502	1500	1482	1457	1397	1367	1435	1397	1483	1523	1520	1616	1459	1466	1399	1231	1201	1350	1494	1409	1431	1467	1497	1536	1471	1427	1500	1446	1243	1248	1245	1468	1478	1454	1493	1570	1528	1544
1:58:26	37.0	1391	1444	1426	1423	1431	1444	1465	1530	1502	1458	1500	1445	1369	1424	1400	1353	1214	1391	1456	1443	1467	1409	1426	1526	1404	1506	1475	1415	1410	1408	1452	1456	1498	1488	1485	1529	1455	1490	1457	1429	1385	1374	1484	1380	1472	1525	1479	1603	1459	1448	1369	1213	1196	1314	1508	1380	1433	1479	1477	1515	1408	1418	1483	1455	1216	1222	1250	1438	1457	1419	1470	1552	1495	1539
2:02:26	37.0	1373	1446	1422	1426	1411	1442	1473	1497	1455	1454	1466	1425	1362	1399	1379	1398	1240	1386	1432	1445	1452	1375	1410	1508	1384	1461	1430	1438	1393	1401	1448	1474	1465	1448	1456	1518	1459	1517	1441	1415	1393	1347	1430	1360	1438	1515	1467	1566	1412	1403	1359	1208	1209	1301	1444	1360	1403	1424	1455	1505	1407	1394	1424	1400	1210	1227	1229	1417	1421	1400	1408	1547	1447	1509
2:06:26	37.0	1360	1427	1403	1398	1392	1398	1444	1478	1422	1420	1467	1424	1348	1374	1383	1391	1203	1355	1401	1400	1426	1374	1403	1508	1376	1451	1412	1385	1372	1357	1365	1434	1444	1431	1426	1518	1441	1472	1419	1393	1326	1299	1398	1357	1423	1478	1438	1558	1415	1395	1314	1187	1151	1284	1455	1320	1391	1406	1401	1506	1380	1353	1396	1393	1203	1219	1229	1381	1384	1391	1396	1532	1441	1482
2:10:26	37.0	1355	1403	1413	1399	1412	1381	1445	1431	1410	1420	1452	1434	1352	1391	1368	1337	1201	1330	1405	1392	1398	1343	1375	1481	1364	1443	1416	1371	1344	1354	1382	1399	1418	1409	1406	1482	1431	1428	1448	1377	1324	1323	1362	1346	1397	1459	1394	1535	1359	1347	1307	1212	1179	1281	1442	1320	1381	1400	1288	1504	1355	1344	1403	1374	1198	1182	1215	1336	1392	1339	1407	1517	1393	1471
2:14:26	37.0	1341	1383	1390	1380	1402	1370	1423	1449	1429	1374	1419	1443	1349	1363	1357	1345	1191	1341	1381	1371	1395	1340	1399	1479	1365	1418	1388	1361	1338	1342	1370	1367	1411	1392	1392	1502	1399	1422	1388	1382	1311	1291	1370	1326	1365	1434	1425	1538	1350	1329	1285	1189	1186	1265	1415	1289	1381	1376	1268	1496	1345	1342	1351	1365	1184	1200	1205	1337	1334	1324	1364	1528	1411	1472
2:18:26	37.0	1346	1381	1374	1368	1369	1374	1386	1433	1406	1358	1414	1445	1324	1389	1325	1312	1206	1339	1354	1380	1379	1328	1348	1458	1357	1406	1346	1346	1324	1317	1339	1343	1387	1398	1365	1474	1380	1417	1406	1345	1295	1285	1345	1301	1349	1422	1388	1503	1353	1320	1294	1206	1148	1267	1372	1290	1372	1378	1240	1475	1331	1303	1351	1336	1170	1168	1218	1292	1337	1300	1326	1508	1396	1443
2:22:26	37.0	1322	1375	1375	1367	1377	1348	1411	1385	1411	1359	1402	1407	1321	1341	1346	1331	1193	1334	1347	1354	1358	1347	1342	1441	1337	1408	1343	1332	1302	1294	1330	1335	1357	1368	1360	1462	1365	1381	1366	1330	1284	1268	1316	1283	1363	1401	1376	1516	1313	1313	1277	1184	1151	1226	1349	1280	1307	1323	1222	1447	1316	1283	1315	1335	1161	1154	1192	1307	1322	1271	1321	1481	1366	1430
2:26:26	37.0	1299	1349	1359	1353	1349	1334	1377	1392	1398	1338	1375	1385	1292	1327	1327	1326	1176	1342	1380	1336	1360	1308	1335	1420	1324	1365	1357	1302	1298	1297	1307	1322	1324	1352	1342	1417	1371	1391	1368	1337	1276	1265	1312	1274	1342	1387	1359	1515	1301	1288	1275	1193	1158	1239	1330	1280	1312	1327	1234	1410	1284	1267	1296	1282	1165	1183	1190	1298	1286	1252	1322	1450	1372	1428
2:30:26	37.0	1328	1335	1343	1344	1357	1332	1381	1374	1368	1344	1369	1381	1298	1359	1316	1312	1212	1334	1320	1330	1359	1316	1321	1443	1339	1365	1337	1311	1325	1276	1286	1329	1359	1327	1352	1414	1372	1370	1345	1290	1265	1266	1314	1269	1322	1362	1337	1478	1289	1250	1237	1157	1134	1204	1326	1274	1298	1311	1202	1424	1274	1247	1314	1288	1150	1188	1171	1279	1265	1260	1272	1444	1365	1391
2:34:26	37.0	1318	1350	1334	1352	1343	1340	1364	1400	1357	1320	1372	1403	1309	1352	1340	1303	1183	1270	1341	1332	1340	1294	1330	1419	1325	1373	1330	1281	1268	1276	1303	1284	1309	1330	1334	1418	1321	1358	1314	1293	1258	1251	1326	1259	1310	1376	1346	1491	1279	1244	1250	1166	1153	1223	1333	1251	1291	1283	1202	1419	1278	1227	1279	1289	1157	1176	1185	1239	1280	1237	1291	1447	1376	1419
2:38:26	37.0	1307	1357	1331	1372	1361	1324	1362	1406	1336	1322	1363	1400	1298	1320	1333	1314	1168	1285	1330	1311	1355	1299	1310	1404	1308	1344	1292	1305	1267	1283	1273	1300	1308	1302	1329	1426	1333	1349	1318	1316	1260	1251	1276	1263	1319	1356	1330	1470	1259	1260	1237	1169	1151	1195	1310	1240	1281	1309	1201	1393	1243	1241	1277	1250	1148	1134	1168	1244	1253	1240	1282	1433	1373	1415
2:42:26	37.0	1279	1338	1315	1330	1341	1305	1331	1350	1343	1310	1334	1364	1296	1305	1302	1281	1167	1271	1330	1285	1330	1283	1277	1386	1306	1344	1301	1264	1276	1284	1250	1286	1313	1318	1309	1389	1314	1345	1314	1276	1245	1218	1277	1242	1313	1336	1311	1453	1238	1241	1194	1140	1100	1186	1278	1215	1267	1296	1184	1385	1212	1203	1229	1251	1121	1153	1155	1222	1255	1220	1252	1388	1332	1388
2:46:26	37.0	1267	1309	1328	1308	1324	1318	1334	1352	1355	1307	1334	1359	1289	1293	1300	1277	1178	1260	1303	1287	1305	1284	1285	1363	1308	1336	1295	1275	1279	1279	1267	1272	1296	1323	1311	1419	1352	1319	1304	1299	1259	1262	1284	1233	1306	1349	1323	1449	1219	1221	1215	1154	1134	1196	1266	1238	1261	1293	1175	1370	1223	1193	1234	1240	1151	1139	1151	1208	1232	1232	1248	1402	1318	1406
2:50:26	37.0	1283	1334	1344	1316	1295	1278	1321	1348	1298	1309	1327	1342	1307	1298	1295	1276	1158	1280	1317	1276	1290	1266	1277	1357	1284	1333	1295	1273	1252	1291	1268	1274	1294	1298	1302	1407	1336	1336	1293	1287	1255	1220	1272	1251	1305	1322	1327	1469	1218	1202	1207	1176	1113	1173	1256	1226	1238	1244	1186	1396	1242	1213	1239	1216	1130	1136	1153	1183	1239	1200	1214	1365	1347	1371
2:54:26	37.0	1314	1346	1326	1337	1317	1290	1315	1339	1334	1312	1341	1340	1275	1313	1296	1269	1175	1279	1274	1296	1322	1281	1290	1353	1287	1339	1315	1274	1280	1271	1265	1283	1289	1313	1274	1415	1331	1349	1307	1287	1221	1227	1279	1256	1287	1331	1323	1437	1223	1209	1196	1126	1135	1165	1242	1211	1236	1255	1175	1362	1221	1201	1241	1217	1126	1122	1154	1209	1254	1178	1207	1382	1323	1371
2:58:26	37.0	1292	1310	1320	1291	1299	1306	1301	1340	1321	1287	1325	1338	1284	1289	1285	1273	1171	1256	1299	1262	1320	1272	1286	1330	1280	1310	1302	1274	1266	1244	1268	1263	1282	1299	1283	1380	1315	1335	1302	1297	1231	1234	1261	1223	1264	1332	1308	1457	1192	1193	1192	1145	1115	1173	1232	1187	1244	1244	1177	1367	1200	1166	1208	1200	1108	1123	1131	1192	1195	1175	1198	1368	1311	1334
3:02:26	37.0	1293	1316	1330	1320	1326	1280	1322	1301	1309	1306	1370	1359	1292	1286	1266	1258	1175	1250	1280	1302	1303	1260	1271	1330	1286	1299	1288	1286	1265	1287	1265	1277	1300	1304	1344	1405	1325	1327	1311	1269	1245	1204	1250	1240	1286	1337	1288	1436	1204	1193	1187	1152	1125	1166	1226	1201	1244	1240	1185	1361	1213	1151	1213	1198	1112	1131	1148	1218	1190	1186	1211	1381	1348	1385
3:06:26	37.0	1301	1342	1316	1307	1323	1286	1325	1340	1332	1292	1327	1337	1314	1301	1283	1282	1162	1256	1292	1290	1287	1275	1277	1324	1280	1316	1301	1277	1265	1272	1282	1288	1291	1336	1287	1399	1315	1331	1306	1287	1257	1217	1248	1214	1278	1355	1297	1428	1203	1212	1167	1123	1126	1158	1235	1186	1233	1248	1182	1378	1203	1193	1188	1192	1131	1124	1134	1171	1212	1183	1197	1390	1312	1368
3:10:26	37.0	1295	1327	1307	1330	1316	1297	1318	1341	1320	1310	1336	1373	1274	1301	1295	1262	1169	1239	1285	1277	1292	1257	1275	1347	1339	1337	1287	1300	1276	1272	1239	1286	1299	1295	1301	1383	1327	1314	1286	1298	1229	1224	1276	1247	1306	1319	1310	1439	1202	1164	1184	1147	1096	1154	1223	1193	1241	1238	1153	1337	1205	1176	1197	1187	1131	1129	1126	1165	1185	1183	1204	1365	1301	1338
3:14:26	37.0	1310	1318	1323	1311	1314	1293	1304	1331	1307	1281	1296	1343	1309	1298	1286	1276	1164	1270	1299	1259	1295	1256	1267	1306	1297	1318	1302	1267	1260	1237	1268	1273	1270	1290	1287	1411	1327	1312	1328	1299	1228	1202	1243	1242	1275	1315	1329	1443	1190	1190	1154	1128	1122	1129	1237	1180	1222	1233	1197	1372	1199	1166	1188	1194	1096	1123	1116	1144	1193	1162	1205	1344	1319	1347
3:18:26	37.0	1302	1322	1332	1334	1325	1316	1351	1344	1339	1313	1343	1338	1278	1305	1299	1284	1185	1247	1273	1270	1325	1270	1280	1313	1287	1329	1297	1306	1299	1254	1254	1291	1324	1301	1331	1422	1355	1331	1302	1295	1257	1251	1267	1244	1303	1350	1293	1414	1196	1186	1168	1126	1132	1164	1238	1199	1226	1228	1157	1361	1198	1164	1194	1173	1116	1114	1096	1163	1201	1184	1193	1356	1323	1341
3:22:26	37.0	1319	1341	1315	1330	1334	1320	1325	1315	1322	1301	1332	1351	1302	1300	1303	1288	1182	1271	1283	1274	1290	1256	1291	1314	1297	1302	1304	1256	1288	1277	1272	1285	1313	1297	1320	1362	1294	1323	1302	1276	1248	1238	1266	1262	1321	1359	1308	1435	1178	1155	1161	1144	1135	1152	1217	1192	1214	1221	1170	1355	1178	1167	1184	1152	1116	1126	1120	1163	1186	1159	1176	1373	1324	1342
3:26:26	37.0	1322	1333	1344	1322	1311	1306	1325	1321	1344	1299	1339	1329	1274	1297	1291	1273	1185	1257	1292	1269	1299	1252	1271	1307	1330	1327	1292	1286	1261	1295	1269	1287	1306	1296	1302	1354	1321	1327	1298	1298	1263	1233	1291	1255	1289	1330	1307	1414	1194	1161	1164	1122	1118	1147	1222	1200	1244	1216	1187	1351	1190	1161	1198	1175	1102	1112	1118	1147	1160	1150	1168	1349	1310	1344
3:30:26	37.0	1320	1324	1366	1324	1347	1310	1299	1330	1325	1301	1324	1344	1317	1282	1300	1280	1206	1262	1301	1267	1304	1265	1281	1299	1311	1361	1324	1270	1276	1275	1285	1298	1282	1309	1318	1363	1319	1311	1318	1300	1254	1225	1275	1244	1323	1347	1324	1402	1179	1144	1176	1140	1112	1157	1238	1195	1230	1231	1153	1348	1178	1164	1181	1194	1105	1116	1123	1114	1176	1163	1179	1353	1320	1328
3:34:26	37.1	1325	1342	1327	1319	1304	1317	1324	1331	1315	1292	1321	1325	1324	1304	1304	1295	1189	1276	1295	1249	1301	1283	1269	1275	1284	1325	1294	1306	1293	1264	1269	1300	1302	1269	1305	1380	1329	1341	1310	1304	1271	1245	1281	1275	1291	1322	1322	1420	1166	1146	1155	1134	1111	1138	1227	1191	1235	1222	1168	1328	1170	1157	1183	1162	1114	1082	1095	1139	1159	1138	1170	1335	1265	1316
3:38:26	37.0	1320	1316	1319	1320	1326	1300	1313	1314	1288	1284	1299	1324	1315	1317	1299	1282	1168	1266	1257	1250	1272	1260	1262	1297	1309	1332	1303	1287	1274	1266	1310	1275	1326	1300	1322	1335	1337	1332	1306	1290	1264	1244	1279	1260	1292	1327	1324	1405	1170	1162	1166	1133	1124	1172	1229	1200	1227	1227	1142	1331	1138	1133	1160	1169	1096	1107	1103	1151	1167	1166	1180	1361	1269	1317
3:42:26	37.0	1320	1358	1331	1343	1295	1288	1307	1311	1268	1253	1290	1339	1304	1301	1300	1292	1212	1240	1243	1247	1249	1253	1265	1314	1320	1333	1312	1284	1278	1272	1271	1295	1310	1294	1356	1342	1350	1339	1327	1294	1250	1244	1268	1256	1313	1349	1321	1388	1165	1147	1189	1134	1105	1165	1214	1203	1228	1208	1148	1334	1179	1154	1177	1152	1100	1104	1117	1143	1145	1151	1174	1327	1279	1312
3:46:26	37.0	1324	1341	1332	1320	1298	1268	1291	1275	1288	1268	1287	1310	1321	1331	1313	1284	1190	1249	1249	1238	1265	1234	1220	1294	1306	1325	1308	1316	1289	1281	1273	1285	1309	1326	1319	1336	1355	1382	1330	1305	1252	1245	1275	1266	1321	1318	1334	1357	1158	1155	1154	1135	1122	1148	1211	1189	1212	1231	1163	1339	1181	1147	1144	1149	1120	1109	1122	1129	1145	1133	1143	1341	1274	1331
3:50:26	37.0	1322	1356	1320	1315	1291	1286	1279	1292	1289	1257	1289	1304	1305	1299	1299	1280	1194	1251	1237	1213	1262	1249	1233	1313	1317	1354	1327	1292	1270	1280	1310	1296	1311	1327	1343	1330	1332	1332	1323	1316	1258	1263	1299	1259	1306	1323	1335	1341	1141	1149	1146	1137	1118	1136	1203	1181	1209	1201	1142	1339	1145	1146	1165	1151	1101	1106	1124	1137	1144	1145	1150	1341	1249	1271
3:54:26	37.0	1330	1349	1316	1324	1295	1303	1314	1289	1283	1266	1267	1309	1324	1322	1291	1275	1187	1252	1251	1226	1272	1245	1241	1309	1320	1340	1315	1290	1320	1297	1302	1302	1322	1304	1310	1317	1338	1359	1322	1328	1295	1269	1295	1262	1297	1343	1312	1328	1175	1153	1150	1130	1098	1133	1191	1163	1225	1210	1138	1324	1178	1166	1135	1148	1098	1092	1126	1137	1136	1147	1140	1329	1229	1301
3:58:26	37.0	1333	1351	1314	1314	1292	1272	1305	1276	1271	1239	1272	1301	1304	1307	1314	1284	1187	1264	1237	1216	1266	1240	1255	1278	1315	1349	1330	1295	1305	1285	1280	1304	1315	1324	1333	1342	1332	1364	1318	1293	1272	1226	1278	1262	1325	1344	1333	1360	1150	1150	1151	1126	1110	1126	1183	1181	1213	1213	1161	1339	1155	1132	1138	1139	1103	1116	1119	1127	1144	1139	1147	1326	1264	1269
4:02:26	37.0	1359	1350	1341	1313	1284	1287	1260	1283	1265	1248	1273	1291	1322	1286	1321	1288	1202	1248	1252	1225	1255	1230	1272	1293	1314	1351	1343	1322	1293	1278	1288	1282	1315	1329	1334	1295	1361	1364	1326	1336	1277	1279	1304	1279	1300	1341	1339	1324	1158	1143	1143	1127	1144	1123	1176	1179	1198	1178	1152	1299	1134	1132	1141	1124	1100	1103	1097	1141	1137	1113	1147	1298	1235	1255
4:06:26	37.0	1344	1340	1346	1297	1289	1268	1260	1276	1240	1252	1249	1276	1311	1310	1304	1290	1192	1257	1241	1227	1250	1229	1241	1270	1328	1326	1296	1300	1301	1281	1304	1315	1311	1339	1333	1296	1361	1356	1312	1324	1278	1269	1302	1283	1334	1347	1350	1332	1171	1149	1127	1128	1107	1133	1169	1161	1187	1190	1139	1307	1141	1132	1146	1116	1087	1107	1116	1110	1127	1129	1169	1311	1206	1232
4:10:26	37.0	1326	1346	1323	1314	1294	1281	1277	1275	1259	1226	1274	1241	1334	1293	1296	1288	1192	1248	1230	1213	1234	1216	1226	1248	1291	1347	1315	1323	1303	1289	1312	1296	1333	1334	1329	1298	1357	1376	1365	1316	1278	1242	1296	1285	1313	1353	1336	1302	1152	1129	1146	1130	1089	1125	1166	1153	1184	1183	1123	1325	1141	1143	1146	1134	1106	1076	1106	1101	1141	1109	1144	1286	1197	1228
4:14:26	37.0	1351	1345	1333	1311	1308	1271	1272	1263	1239	1233	1244	1262	1325	1318	1303	1268	1230	1232	1221	1208	1232	1214	1238	1255	1284	1332	1334	1316	1302	1299	1298	1315	1344	1329	1342	1296	1350	1347	1322	1323	1273	1257	1278	1288	1322	1352	1349	1319	1146	1121	1129	1130	1101	1122	1146	1138	1166	1190	1143	1303	1124	1121	1142	1131	1102	1085	1106	1131	1144	1146	1126	1300	1184	1230
4:18:26	37.0	1349	1365	1356	1339	1307	1269	1261	1224	1261	1232	1252	1263	1330	1315	1286	1283	1214	1238	1225	1219	1229	1234	1229	1261	1325	1350	1338	1325	1314	1321	1306	1297	1346	1318	1335	1304	1344	1371	1311	1339	1282	1242	1295	1303	1326	1359	1341	1298	1151	1124	1133	1122	1098	1141	1166	1139	1175	1185	1149	1299	1135	1117	1121	1123	1100	1088	1115	1113	1143	1140	1137	1311	1177	1218
4:22:26	37.0	1348	1348	1327	1325	1274	1268	1271	1242	1256	1226	1226	1261	1321	1305	1308	1291	1195	1232	1202	1211	1225	1194	1217	1246	1335	1345	1351	1327	1290	1298	1290	1317	1316	1335	1342	1285	1358	1390	1327	1307	1268	1276	1287	1304	1329	1364	1354	1293	1139	1118	1116	1144	1099	1122	1148	1141	1158	1178	1119	1293	1137	1110	1111	1129	1088	1102	1079	1099	1129	1133	1125	1251	1187	1221
4:26:26	37.0	1347	1377	1350	1322	1300	1248	1273	1221	1236	1227	1233	1238	1335	1329	1303	1300	1213	1238	1215	1192	1212	1208	1191	1256	1314	1351	1335	1330	1316	1308	1307	1341	1339	1333	1345	1281	1372	1336	1329	1336	1301	1271	1284	1285	1311	1349	1354	1293	1123	1156	1146	1111	1084	1109	1137	1140	1163	1164	1116	1276	1120	1120	1132	1117	1083	1080	1099	1102	1133	1116	1150	1262	1176	1217
4:30:26	37.0	1351	1370	1350	1312	1283	1242	1270	1246	1231	1218	1248	1256	1316	1312	1289	1291	1222	1228	1238	1198	1205	1216	1205	1226	1321	1361	1346	1327	1305	1297	1319	1302	1338	1359	1329	1257	1382	1373	1342	1307	1296	1267	1312	1299	1333	1355	1375	1316	1147	1131	1141	1138	1082	1131	1144	1131	1157	1151	1111	1286	1116	1118	1126	1123	1096	1088	1086	1090	1112	1131	1125	1283	1195	1206
4:34:26	37.0	1366	1363	1339	1330	1279	1245	1258	1235	1245	1212	1242	1236	1325	1335	1323	1277	1199	1225	1217	1187	1195	1204	1207	1257	1329	1366	1336	1319	1306	1323	1310	1313	1353	1348	1323	1273	1353	1370	1357	1319	1292	1293	1294	1295	1345	1340	1358	1307	1125	1125	1140	1121	1095	1114	1134	1103	1136	1140	1118	1288	1128	1111	1141	1125	1092	1102	1096	1097	1128	1120	1129	1274	1178	1197
4:38:26	37.0	1358	1358	1364	1334	1277	1239	1229	1233	1227	1220	1227	1247	1334	1328	1323	1307	1198	1219	1203	1177	1201	1211	1220	1230	1333	1377	1318	1352	1320	1333	1311	1322	1319	1329	1348	1233	1362	1344	1375	1329	1296	1289	1307	1277	1322	1353	1353	1303	1125	1121	1127	1123	1082	1110	1124	1124	1145	1161	1114	1259	1115	1146	1144	1105	1081	1110	1095	1116	1124	1116	1128	1272	1189	1208
4:42:26	37.0	1380	1370	1358	1313	1274	1260	1243	1212	1226	1227	1221	1241	1353	1334	1328	1313	1218	1233	1232	1185	1206	1189	1206	1233	1317	1384	1327	1320	1332	1320	1315	1339	1339	1360	1362	1258	1353	1371	1366	1326	1310	1274	1298	1293	1336	1367	1383	1290	1143	1130	1146	1108	1066	1092	1137	1128	1151	1152	1115	1272	1121	1110	1144	1112	1093	1091	1121	1106	1111	1113	1154	1292	1179	1201
4:46:26	37.0	1347	1361	1374	1326	1299	1238	1240	1213	1230	1205	1227	1256	1340	1341	1318	1294	1193	1220	1187	1165	1192	1199	1192	1241	1314	1347	1346	1321	1304	1303	1315	1289	1345	1352	1369	1270	1388	1342	1353	1337	1303	1284	1295	1319	1349	1349	1368	1303	1113	1120	1131	1108	1089	1108	1109	1117	1143	1142	1116	1267	1119	1103	1124	1099	1088	1091	1101	1100	1129	1126	1137	1275	1196	1196
4:50:26	37.0	1367	1393	1371	1312	1278	1253	1223	1216	1219	1223	1204	1244	1336	1343	1329	1285	1198	1203	1225	1176	1184	1185	1184	1236	1337	1361	1349	1336	1310	1316	1311	1321	1368	1343	1357	1253	1354	1377	1380	1359	1295	1287	1293	1308	1350	1340	1357	1266	1104	1097	1127	1108	1088	1098	1115	1097	1142	1133	1114	1265	1131	1101	1124	1066	1096	1103	1092	1085	1105	1113	1121	1253	1204	1203
4:54:26	37.0	1374	1357	1344	1312	1291	1244	1251	1215	1230	1201	1189	1242	1352	1351	1305	1309	1225	1243	1207	1174	1197	1203	1186	1210	1337	1364	1342	1338	1323	1320	1311	1330	1367	1364	1346	1234	1367	1375	1351	1315	1307	1287	1302	1318	1338	1362	1369	1290	1132	1102	1124	1100	1072	1086	1110	1086	1154	1156	1116	1281	1108	1101	1112	1092	1086	1099	1083	1109	1092	1113	1125	1270	1206	1193
4:58:26	37.0	1390	1368	1375	1304	1280	1230	1217	1197	1195	1201	1212	1246	1334	1319	1322	1299	1197	1238	1178	1148	1184	1170	1159	1212	1337	1341	1321	1359	1307	1336	1305	1315	1331	1349	1372	1249	1381	1363	1351	1347	1293	1293	1326	1304	1335	1377	1366	1266	1107	1106	1114	1112	1064	1081	1101	1084	1128	1122	1112	1248	1108	1081	1095	1100	1076	1081	1078	1080	1101	1100	1105	1249	1179	1196
5:02:26	37.0	1363	1398	1362	1278	1286	1242	1240	1210	1205	1209	1206	1246	1352	1334	1327	1285	1203	1203	1176	1169	1189	1187	1161	1227	1310	1346	1341	1336	1313	1321	1324	1302	1341	1351	1361	1240	1367	1353	1356	1331	1312	1288	1311	1290	1361	1368	1368	1267	1127	1120	1126	1117	1096	1100	1087	1096	1146	1122	1098	1250	1115	1082	1089	1099	1092	1076	1074	1093	1116	1096	1126	1234	1176	1186
5:06:26	37.0	1380	1370	1354	1293	1280	1214	1241	1196	1190	1185	1209	1257	1342	1318	1300	1296	1197	1203	1193	1157	1179	1191	1191	1224	1332	1354	1333	1328	1306	1319	1322	1312	1323	1358	1342	1235	1376	1342	1372	1303	1292	1292	1278	1297	1354	1365	1327	1263	1119	1098	1113	1096	1084	1087	1061	1096	1123	1133	1101	1248	1115	1081	1086	1065	1076	1083	1094	1088	1099	1102	1119	1229	1193	1183
5:10:26	37.0	1369	1357	1347	1283	1274	1232	1224	1202	1189	1203	1203	1239	1344	1331	1332	1277	1187	1227	1203	1170	1173	1188	1177	1242	1332	1349	1335	1318	1330	1321	1323	1359	1340	1352	1351	1239	1362	1373	1346	1333	1303	1306	1330	1306	1345	1353	1373	1277	1102	1094	1111	1102	1057	1082	1080	1099	1108	1110	1080	1269	1107	1122	1106	1092	1077	1087	1105	1086	1105	1092	1123	1238	1184	1177
5:14:26	37.0	1378	1370	1366	1317	1267	1238	1231	1222	1191	1173	1197	1238	1387	1337	1329	1302	1192	1215	1207	1174	1177	1179	1189	1242	1328	1341	1350	1354	1352	1323	1322	1329	1331	1375	1366	1230	1397	1375	1360	1339	1309	1296	1319	1335	1346	1367	1395	1255	1095	1097	1138	1093	1086	1099	1100	1102	1135	1126	1104	1253	1101	1088	1132	1077	1061	1083	1114	1098	1130	1117	1108	1231	1192	1190
5:18:26	37.0	1388	1359	1365	1316	1254	1249	1228	1198	1184	1192	1191	1244	1370	1339	1322	1302	1210	1210	1191	1155	1157	1177	1186	1235	1331	1357	1329	1328	1301	1330	1329	1335	1333	1361	1369	1235	1373	1367	1335	1322	1311	1294	1326	1316	1341	1367	1375	1256	1121	1113	1116	1106	1053	1083	1086	1113	1124	1106	1096	1271	1095	1073	1105	1079	1085	1103	1095	1079	1093	1097	1102	1263	1188	1217
5:22:26	37.0	1402	1364	1362	1290	1260	1222	1215	1188	1171	1205	1174	1266	1370	1329	1337	1301	1202	1196	1164	1152	1200	1155	1155	1205	1336	1362	1330	1360	1329	1341	1327	1339	1346	1381	1360	1225	1382	1359	1357	1330	1340	1308	1324	1319	1357	1358	1373	1265	1130	1086	1100	1099	1060	1097	1094	1084	1114	1118	1111	1280	1087	1105	1089	1074	1063	1091	1096	1080	1111	1100	1128	1247	1166	1181
5:26:26	37.0	1380	1370	1366	1295	1265	1220	1229	1193	1171	1188	1191	1266	1361	1333	1350	1291	1206	1202	1184	1170	1169	1174	1172	1225	1338	1363	1341	1333	1324	1322	1317	1340	1344	1355	1382	1235	1383	1354	1352	1329	1306	1291	1323	1307	1331	1367	1380	1247	1087	1078	1094	1096	1053	1089	1083	1085	1108	1114	1090	1261	1092	1098	1086	1080	1081	1068	1099	1095	1079	1091	1111	1255	1179	1193
5:30:26	37.0	1377	1389	1357	1278	1270	1239	1227	1201	1196	1177	1196	1259	1354	1331	1363	1310	1201	1210	1167	1153	1178	1160	1153	1221	1329	1358	1335	1363	1320	1319	1319	1319	1344	1379	1358	1230	1361	1365	1366	1327	1302	1322	1336	1326	1333	1362	1359	1221	1098	1079	1098	1099	1076	1085	1073	1076	1109	1120	1101	1266	1066	1078	1073	1078	1057	1094	1113	1104	1093	1086	1093	1250	1181	1173
5:34:26	37.0	1399	1380	1374	1297	1261	1234	1231	1177	1187	1167	1193	1247	1373	1355	1365	1279	1200	1193	1194	1154	1179	1161	1157	1213	1366	1355	1342	1347	1325	1330	1319	1342	1345	1373	1360	1229	1390	1369	1352	1325	1312	1320	1317	1326	1360	1359	1369	1240	1099	1094	1097	1086	1074	1093	1067	1097	1125	1123	1103	1233	1094	1097	1093	1056	1066	1079	1087	1059	1083	1101	1103	1226	1166	1187
5:38:26	37.0	1396	1394	1372	1318	1259	1213	1219	1206	1186	1147	1200	1263	1365	1345	1333	1303	1218	1209	1189	1157	1194	1168	1164	1215	1345	1362	1343	1382	1337	1326	1337	1342	1354	1360	1359	1234	1372	1356	1352	1349	1329	1331	1319	1335	1350	1373	1366	1244	1104	1075	1093	1097	1063	1076	1088	1094	1102	1103	1107	1261	1085	1086	1094	1082	1069	1096	1088	1095	1098	1089	1107	1238	1169	1180
5:42:26	37.0	1404	1411	1351	1319	1252	1224	1219	1202	1204	1169	1199	1267	1351	1365	1357	1283	1214	1215	1186	1141	1188	1181	1178	1215	1332	1361	1352	1370	1344	1353	1347	1342	1356	1380	1366	1242	1385	1360	1377	1352	1353	1314	1315	1350	1353	1424	1380	1244	1114	1082	1125	1097	1083	1091	1116	1095	1120	1123	1086	1260	1100	1081	1072	1076	1103	1092	1101	1065	1079	1088	1109	1240	1159	1165
5:46:26	37.1	1424	1386	1375	1293	1270	1220	1244	1207	1199	1167	1174	1239	1358	1354	1360	1287	1209	1189	1204	1157	1158	1201	1151	1223	1349	1361	1366	1360	1338	1349	1358	1363	1347	1383	1383	1211	1402	1364	1386	1333	1357	1322	1317	1343	1357	1382	1391	1248	1117	1093	1123	1087	1088	1084	1076	1086	1130	1121	1093	1239	1074	1085	1091	1061	1092	1081	1096	1084	1077	1085	1119	1243	1174	1184
5:50:26	37.0	1407	1392	1360	1291	1248	1226	1224	1199	1181	1177	1176	1231	1387	1359	1341	1291	1211	1207	1202	1144	1155	1167	1154	1203	1358	1350	1348	1367	1345	1349	1358	1343	1365	1368	1370	1227	1363	1373	1383	1329	1331	1324	1321	1331	1366	1365	1411	1256	1095	1095	1109	1086	1064	1083	1080	1083	1097	1134	1121	1243	1076	1101	1078	1080	1060	1114	1107	1077	1109	1103	1101	1235	1151	1178
5:54:26	37.0	1392	1401	1371	1296	1264	1221	1219	1205	1178	1165	1197	1260	1384	1379	1369	1295	1193	1216	1162	1134	1187	1160	1137	1214	1349	1364	1334	1381	1331	1334	1338	1354	1357	1366	1405	1225	1391	1369	1379	1341	1369	1330	1312	1348	1351	1400	1394	1253	1097	1086	1106	1090	1078	1103	1078	1083	1098	1104	1094	1238	1091	1079	1084	1066	1075	1107	1090	1080	1092	1092	1091	1252	1138	1160
5:58:26	37.0	1417	1428	1388	1302	1245	1238	1200	1189	1175	1170	1174	1235	1385	1370	1348	1289	1188	1176	1173	1140	1139	1133	1152	1197	1368	1351	1355	1372	1338	1348	1331	1341	1364	1374	1397	1239	1386	1389	1404	1350	1353	1345	1329	1361	1360	1391	1373	1262	1098	1088	1111	1109	1089	1089	1091	1073	1100	1129	1087	1240	1082	1098	1080	1088	1064	1093	1105	1094	1109	1099	1089	1237	1182	1190
6:02:26	37.0	1402	1414	1388	1298	1276	1225	1194	1194	1153	1148	1195	1238	1391	1376	1353	1300	1200	1204	1169	1130	1150	1152	1164	1209	1376	1377	1363	1386	1333	1345	1358	1378	1375	1382	1382	1231	1407	1360	1390	1362	1345	1338	1334	1364	1351	1390	1383	1269	1092	1097	1103	1099	1060	1080	1082	1073	1083	1103	1101	1238	1089	1064	1070	1095	1071	1094	1109	1077	1086	1104	1091	1224	1171	1156
6:06:26	37.0	1421	1420	1375	1319	1261	1230	1207	1189	1178	1152	1182	1264	1384	1392	1356	1304	1196	1189	1194	1158	1155	1147	1145	1200	1383	1374	1350	1372	1348	1371	1367	1374	1368	1375	1403	1238	1419	1371	1370	1360	1351	1355	1350	1369	1379	1389	1413	1255	1116	1089	1101	1098	1079	1082	1097	1074	1104	1100	1121	1231	1090	1088	1094	1091	1063	1081	1105	1080	1101	1109	1112	1253	1168	1180
6:10:26	37.0	1413	1430	1372	1320	1264	1220	1200	1163	1175	1156	1181	1232	1391	1389	1340	1289	1224	1181	1167	1143	1154	1175	1141	1197	1375	1353	1356	1369	1345	1377	1370	1374	1385	1384	1410	1229	1403	1379	1393	1352	1347	1334	1329	1337	1375	1429	1414	1241	1096	1093	1104	1104	1071	1094	1095	1075	1096	1114	1105	1250	1091	1065	1072	1077	1098	1104	1104	1075	1079	1097	1091	1247	1162	1170
6:14:26	37.0	1445	1425	1386	1313	1252	1198	1203	1186	1166	1159	1161	1217	1387	1375	1362	1314	1214	1212	1186	1129	1163	1176	1158	1212	1369	1381	1350	1373	1354	1377	1354	1392	1377	1382	1382	1241	1390	1394	1402	1358	1352	1346	1352	1356	1383	1395	1412	1241	1102	1082	1099	1104	1078	1092	1087	1060	1108	1114	1113	1241	1083	1069	1065	1065	1055	1113	1118	1068	1080	1086	1098	1222	1154	1163
6:18:26	37.0	1425	1445	1375	1312	1246	1223	1214	1169	1179	1154	1173	1247	1402	1385	1365	1290	1212	1193	1180	1115	1159	1158	1136	1205	1360	1369	1363	1382	1370	1377	1379	1378	1378	1398	1400	1225	1379	1374	1386	1392	1338	1327	1353	1363	1387	1409	1402	1260	1141	1096	1076	1094	1059	1093	1092	1077	1090	1108	1096	1211	1078	1080	1071	1058	1075	1095	1095	1072	1083	1100	1125	1240	1160	1167
6:22:26	37.1	1433	1422	1380	1324	1247	1217	1207	1156	1164	1146	1148	1232	1389	1403	1358	1302	1210	1213	1158	1137	1163	1155	1145	1195	1381	1354	1361	1393	1377	1389	1369	1370	1378	1390	1400	1226	1394	1389	1387	1362	1344	1370	1356	1363	1377	1397	1405	1251	1121	1097	1096	1086	1069	1107	1094	1071	1113	1088	1099	1230	1082	1077	1071	1063	1084	1094	1116	1081	1098	1090	1104	1233	1143	1164
6:26:26	37.0	1444	1426	1380	1322	1262	1213	1222	1162	1173	1162	1166	1228	1420	1407	1381	1315	1232	1219	1189	1138	1164	1158	1145	1202	1389	1406	1408	1384	1396	1362	1380	1373	1403	1406	1405	1219	1410	1409	1395	1386	1359	1367	1342	1385	1409	1429	1420	1251	1132	1081	1118	1087	1091	1081	1085	1079	1097	1132	1094	1232	1076	1064	1078	1068	1095	1105	1103	1087	1107	1110	1104	1224	1165	1163
6:30:26	37.0	1422	1447	1391	1308	1255	1222	1207	1173	1172	1159	1170	1227	1398	1407	1383	1305	1227	1183	1166	1143	1145	1162	1143	1184	1403	1389	1391	1381	1378	1371	1380	1373	1359	1388	1407	1235	1395	1401	1400	1411	1368	1373	1359	1374	1386	1401	1418	1239	1110	1075	1083	1086	1081	1093	1075	1067	1093	1113	1096	1221	1061	1081	1071	1072	1094	1094	1115	1068	1069	1087	1093	1216	1160	1195
6:34:26	37.0	1412	1432	1374	1333	1247	1205	1193	1150	1158	1150	1175	1240	1405	1392	1376	1327	1218	1234	1173	1137	1164	1178	1161	1187	1362	1397	1379	1381	1391	1380	1387	1379	1390	1393	1411	1219	1405	1412	1418	1386	1354	1355	1367	1373	1407	1409	1423	1214	1116	1102	1107	1099	1093	1087	1056	1067	1108	1104	1094	1250	1076	1067	1113	1063	1100	1097	1114	1084	1093	1104	1108	1228	1153	1185
6:38:26	37.0	1436	1440	1400	1321	1255	1228	1216	1167	1152	1153	1165	1248	1404	1404	1396	1324	1211	1194	1176	1144	1162	1145	1132	1187	1393	1371	1375	1401	1387	1382	1373	1405	1402	1409	1402	1239	1402	1386	1418	1385	1379	1364	1380	1381	1416	1449	1421	1253	1097	1078	1104	1086	1069	1094	1097	1069	1115	1121	1090	1225	1072	1078	1089	1092	1102	1081	1129	1089	1111	1093	1103	1227	1171	1182
6:42:26	37.0	1441	1449	1379	1310	1271	1234	1216	1166	1160	1188	1176	1247	1398	1413	1393	1332	1223	1215	1174	1140	1153	1163	1158	1206	1393	1395	1398	1421	1409	1382	1403	1380	1411	1429	1438	1249	1430	1416	1413	1418	1381	1378	1375	1387	1410	1416	1411	1256	1112	1093	1087	1086	1077	1090	1097	1079	1098	1108	1107	1217	1087	1091	1101	1071	1089	1105	1114	1108	1098	1099	1083	1241	1156	1166
6:46:26	37.0	1443	1466	1411	1338	1261	1220	1221	1182	1170	1156	1186	1251	1433	1406	1380	1327	1207	1200	1184	1142	1156	1149	1145	1187	1370	1413	1399	1424	1400	1398	1429	1379	1414	1410	1407	1225	1429	1404	1438	1395	1400	1376	1391	1396	1419	1435	1423	1244	1102	1077	1091	1102	1076	1095	1086	1083	1099	1093	1078	1224	1076	1100	1079	1067	1086	1106	1101	1075	1102	1078	1078	1242	1167	1180
6:50:26	37.0	1443	1467	1392	1315	1252	1210	1197	1162	1144	1142	1164	1234	1411	1397	1380	1330	1207	1197	1173	1133	1157	1137	1137	1182	1374	1390	1371	1402	1374	1380	1385	1404	1407	1417	1418	1212	1410	1414	1405	1388	1370	1378	1379	1379	1411	1435	1433	1255	1109	1081	1093	1080	1065	1095	1076	1073	1108	1087	1110	1229	1083	1088	1089	1068	1073	1102	1106	1073	1078	1095	1123	1231	1171	1164
6:54:26	37.0	1452	1459	1399	1332	1266	1227	1198	1171	1161	1165	1180	1232	1410	1408	1395	1344	1246	1183	1159	1144	1160	1167	1156	1192	1398	1405	1408	1409	1409	1369	1401	1414	1422	1448	1414	1235	1440	1432	1427	1410	1403	1384	1375	1387	1418	1431	1438	1252	1100	1107	1093	1101	1067	1068	1086	1069	1094	1111	1107	1204	1079	1076	1076	1076	1078	1106	1085	1092	1096	1087	1101	1240	1152	1197
6:58:26	37.0	1464	1475	1403	1338	1276	1235	1218	1171	1173	1153	1176	1236	1435	1425	1386	1313	1244	1220	1176	1155	1140	1158	1133	1195	1397	1410	1401	1407	1397	1399	1410	1412	1401	1425	1450	1219	1455	1421	1429	1411	1388	1374	1410	1389	1421	1434	1457	1241	1082	1090	1105	1092	1063	1091	1096	1079	1085	1108	1112	1239	1107	1092	1094	1081	1091	1084	1114	1071	1101	1080	1100	1242	1152	1186
7:02:26	37.0	1442	1493	1448	1343	1277	1239	1197	1161	1163	1156	1178	1233	1411	1443	1403	1335	1223	1210	1183	1147	1159	1157	1140	1181	1388	1417	1407	1420	1388	1407	1425	1417	1435	1419	1450	1221	1432	1440	1412	1414	1378	1385	1392	1384	1421	1434	1437	1229	1096	1114	1094	1087	1080	1089	1119	1067	1087	1128	1106	1213	1100	1079	1087	1072	1083	1091	1107	1088	1078	1074	1117	1244	1144	1182
7:06:26	37.0	1454	1488	1456	1371	1302	1242	1228	1190	1153	1185	1166	1239	1403	1391	1399	1331	1230	1222	1158	1134	1155	1149	1132	1185	1389	1418	1410	1414	1382	1411	1398	1414	1444	1426	1457	1209	1452	1425	1436	1435	1386	1397	1413	1393	1412	1448	1450	1223	1098	1096	1106	1090	1066	1083	1089	1080	1098	1120	1079	1219	1063	1093	1093	1061	1077	1090	1094	1088	1091	1086	1103	1227	1163	1186
7:10:26	37.0	1464	1477	1452	1348	1299	1242	1211	1157	1184	1172	1185	1251	1455	1417	1422	1328	1220	1207	1187	1140	1163	1163	1140	1193	1389	1401	1425	1416	1398	1399	1400	1393	1437	1442	1443	1203	1437	1419	1413	1423	1389	1392	1392	1397	1425	1415	1449	1225	1089	1106	1106	1092	1072	1090	1065	1068	1099	1107	1079	1215	1087	1077	1077	1070	1086	1101	1104	1101	1105	1104	1118	1237	1141	1168
7:14:26	37.0	1466	1488	1465	1354	1302	1233	1229	1168	1182	1148	1169	1240	1448	1432	1419	1366	1228	1223	1170	1150	1178	1178	1144	1193	1431	1434	1418	1425	1420	1405	1405	1406	1453	1430	1442	1217	1451	1426	1414	1430	1415	1405	1408	1401	1444	1436	1452	1256	1094	1090	1100	1104	1064	1075	1070	1075	1092	1117	1106	1239	1088	1102	1083	1093	1086	1092	1093	1093	1102	1092	1109	1224	1175	1189
7:18:26	37.0	1494	1477	1446	1350	1295	1255	1212	1184	1155	1152	1163	1238	1432	1426	1439	1362	1246	1205	1170	1130	1172	1159	1160	1202	1411	1402	1434	1418	1422	1414	1403	1402	1432	1431	1442	1235	1449	1438	1428	1410	1404	1396	1382	1406	1442	1463	1451	1228	1111	1069	1123	1108	1065	1091	1078	1049	1108	1122	1082	1227	1089	1100	1088	1074	1089	1118	1110	1111	1112	1107	1104	1238	1166	1163
7:22:26	37.0	1483	1505	1466	1355	1300	1243	1225	1186	1166	1178	1171	1235	1453	1445	1446	1347	1247	1213	1170	1140	1174	1159	1148	1183	1409	1412	1398	1408	1394	1397	1424	1432	1422	1440	1442	1216	1462	1435	1443	1400	1409	1409	1415	1419	1420	1457	1493	1245	1081	1084	1100	1098	1072	1091	1072	1067	1099	1105	1089	1223	1101	1075	1079	1065	1080	1107	1105	1073	1078	1115	1129	1223	1142	1182
7:26:26	37.0	1513	1529	1486	1400	1299	1272	1214	1172	1180	1146	1171	1260	1428	1452	1439	1387	1245	1229	1196	1158	1152	1160	1133	1198	1384	1426	1405	1439	1422	1414	1412	1425	1445	1456	1473	1231	1478	1428	1445	1412	1411	1404	1420	1422	1451	1463	1465	1245	1121	1086	1095	1097	1076	1095	1076	1072	1103	1105	1090	1228	1087	1089	1074	1088	1081	1117	1123	1076	1109	1094	1100	1220	1155	1176
7:30:26	37.0	1484	1518	1482	1368	1308	1250	1201	1181	1177	1157	1171	1238	1449	1453	1446	1370	1262	1222	1191	1134	1153	1146	1151	1197	1433	1430	1416	1436	1424	1445	1412	1430	1446	1430	1453	1219	1465	1433	1481	1436	1401	1408	1412	1425	1429	1450	1444	1243	1074	1080	1100	1096	1065	1088	1085	1051	1094	1086	1086	1233	1084	1076	1099	1099	1076	1111	1114	1097	1109	1113	1102	1234	1150	1191
7:34:26	37.0	1528	1536	1481	1380	1315	1252	1231	1199	1173	1184	1173	1247	1448	1466	1473	1358	1251	1238	1204	1140	1163	1168	1137	1192	1399	1440	1441	1455	1418	1417	1410	1429	1468	1439	1469	1212	1464	1440	1453	1444	1415	1399	1415	1427	1441	1484	1456	1270	1092	1094	1096	1105	1092	1074	1093	1062	1090	1099	1095	1230	1097	1062	1105	1094	1101	1093	1109	1104	1098	1098	1101	1237	1145	1164
7:38:26	37.0	1546	1525	1494	1375	1313	1253	1241	1190	1159	1171	1171	1248	1454	1485	1470	1356	1264	1246	1186	1140	1158	1166	1140	1186	1413	1420	1432	1427	1412	1427	1411	1437	1454	1446	1464	1227	1469	1437	1456	1433	1424	1425	1407	1436	1435	1466	1470	1232	1087	1098	1097	1123	1055	1090	1075	1074	1091	1109	1111	1230	1071	1059	1076	1076	1085	1094	1106	1092	1100	1105	1108	1240	1145	1164
7:42:26	37.0	1544	1540	1511	1388	1312	1260	1223	1211	1177	1188	1194	1259	1442	1477	1456	1397	1268	1226	1210	1142	1170	1165	1160	1195	1438	1429	1423	1456	1429	1425	1432	1444	1449	1470	1487	1229	1484	1444	1461	1427	1417	1406	1417	1411	1432	1482	1478	1267	1096	1073	1090	1108	1093	1086	1096	1056	1108	1096	1100	1239	1077	1078	1095	1089	1087	1115	1123	1072	1082	1123	1126	1238	1166	1195
7:46:26	37.1	1531	1524	1539	1402	1309	1270	1238	1179	1169	1187	1204	1251	1460	1472	1470	1379	1251	1236	1194	1143	1169	1160	1160	1199	1431	1442	1446	1450	1436	1443	1460	1447	1472	1460	1485	1212	1471	1462	1458	1430	1423	1404	1445	1430	1439	1459	1468	1240	1105	1072	1080	1112	1078	1089	1100	1065	1094	1126	1097	1220	1063	1103	1066	1080	1095	1123	1106	1074	1104	1089	1121	1236	1155	1198
7:50:26	37.0	1529	1553	1499	1412	1335	1281	1223	1187	1174	1192	1201	1279	1472	1495	1465	1387	1256	1242	1200	1137	1159	1143	1143	1200	1437	1403	1424	1439	1417	1417	1429	1442	1449	1472	1474	1224	1469	1450	1472	1433	1414	1425	1424	1434	1436	1467	1481	1240	1093	1096	1083	1112	1087	1092	1093	1057	1078	1108	1093	1221	1078	1073	1086	1075	1077	1109	1108	1100	1102	1124	1107	1243	1165	1196
7:54:26	37.0	1565	1543	1518	1395	1328	1279	1244	1189	1196	1185	1216	1229	1476	1506	1477	1386	1285	1248	1183	1139	1166	1151	1138	1188	1420	1437	1454	1442	1449	1432	1422	1433	1474	1471	1473	1230	1480	1444	1484	1442	1420	1414	1446	1437	1447	1457	1470	1241	1080	1069	1093	1108	1082	1091	1069	1057	1091	1097	1111	1223	1070	1087	1079	1064	1079	1096	1105	1068	1093	1117	1107	1208	1154	1170
7:58:26	37.0	1569	1585	1527	1406	1312	1279	1242	1211	1191	1165	1197	1264	1474	1501	1509	1396	1294	1237	1204	1175	1169	1176	1148	1184	1448	1431	1439	1436	1440	1443	1436	1443	1458	1456	1486	1230	1474	1453	1463	1440	1430	1433	1425	1447	1451	1468	1496	1243	1091	1080	1100	1118	1068	1086	1085	1043	1097	1116	1104	1241	1061	1083	1068	1080	1078	1093	1120	1097	1103	1113	1113	1234	1155	1167
8:02:26	37.0	1577	1599	1527	1417	1322	1278	1238	1225	1185	1170	1209	1250	1473	1508	1511	1403	1264	1240	1200	1143	1172	1173	1156	1185	1439	1443	1447	1472	1455	1444	1442	1465	1455	1497	1483	1227	1477	1470	1474	1458	1444	1434	1419	1454	1466	1484	1499	1225	1098	1084	1103	1118	1076	1067	1081	1073	1097	1110	1111	1258	1084	1089	1082	1074	1095	1097	1114	1108	1103	1106	1104	1232	1163	1183
8:06:26	37.0	1570	1597	1562	1417	1323	1280	1252	1204	1175	1171	1184	1263	1459	1509	1498	1409	1272	1253	1230	1165	1177	1166	1158	1186	1432	1443	1447	1462	1450	1446	1442	1460	1474	1487	1508	1234	1498	1473	1486	1474	1455	1434	1450	1446	1449	1472	1480	1240	1098	1087	1089	1133	1090	1100	1103	1061	1088	1124	1109	1222	1062	1105	1088	1081	1085	1125	1099	1089	1102	1117	1125	1238	1146	1190
8:10:26	37.0	1608	1625	1558	1432	1343	1270	1265	1201	1204	1213	1193	1257	1481	1535	1527	1431	1263	1244	1200	1186	1182	1177	1149	1183	1437	1450	1465	1462	1435	1463	1439	1482	1472	1482	1485	1233	1508	1460	1483	1468	1467	1437	1440	1464	1479	1468	1499	1248	1114	1106	1111	1128	1100	1093	1088	1087	1104	1108	1100	1242	1075	1077	1085	1112	1108	1124	1135	1094	1120	1106	1123	1237	1167	1194
8:14:26	37.0	1602	1651	1571	1428	1357	1289	1263	1222	1211	1179	1206	1254	1479	1536	1513	1389	1282	1247	1204	1151	1177	1181	1166	1203	1440	1465	1469	1496	1439	1443	1438	1465	1462	1487	1486	1244	1480	1490	1487	1449	1448	1453	1444	1463	1459	1498	1494	1241	1106	1082	1102	1102	1074	1084	1079	1086	1098	1098	1118	1210	1092	1072	1081	1086	1118	1122	1118	1101	1101	1107	1110	1263	1161	1189
8:18:26	37.0	1591	1627	1556	1420	1329	1299	1242	1221	1194	1190	1199	1249	1483	1541	1541	1414	1267	1260	1221	1151	1191	1178	1183	1217	1428	1439	1445	1472	1440	1462	1448	1468	1485	1489	1487	1243	1491	1478	1483	1464	1446	1442	1442	1471	1483	1502	1513	1260	1088	1094	1099	1106	1087	1096	1105	1098	1122	1117	1099	1247	1068	1076	1094	1113	1094	1103	1118	1091	1092	1096	1113	1230	1135	1179
8:22:26	37.0	1632	1638	1592	1456	1343	1298	1250	1213	1165	1192	1213	1260	1507	1559	1562	1419	1303	1273	1210	1184	1157	1156	1155	1216	1439	1461	1451	1490	1449	1460	1469	1460	1478	1492	1512	1238	1486	1478	1493	1453	1463	1453	1443	1453	1457	1502	1499	1250	1104	1091	1119	1125	1084	1095	1089	1083	1091	1110	1102	1240	1075	1072	1090	1077	1102	1121	1116	1093	1119	1119	1115	1231	1165	1184
8:26:26	37.0	1636	1626	1577	1452	1378	1308	1254	1227	1203	1226	1178	1246	1478	1558	1545	1426	1279	1262	1192	1163	1172	1188	1163	1181	1433	1449	1447	1464	1473	1448	1432	1472	1471	1523	1507	1243	1481	1493	1492	1461	1458	1443	1454	1475	1458	1485	1511	1238	1095	1073	1104	1084	1087	1093	1086	1085	1104	1114	1115	1236	1069	1075	1068	1076	1101	1109	1123	1077	1114	1120	1109	1229	1154	1175
8:30:26	37.0	1637	1663	1587	1446	1347	1298	1266	1222	1184	1209	1211	1267	1495	1582	1540	1435	1294	1269	1205	1161	1199	1190	1184	1219	1455	1431	1469	1478	1452	1470	1472	1473	1480	1483	1507	1245	1513	1488	1505	1478	1457	1438	1452	1469	1481	1513	1512	1245	1108	1086	1104	1124	1115	1087	1098	1086	1084	1118	1128	1254	1086	1101	1100	1099	1104	1123	1131	1096	1122	1110	1113	1241	1151	1180
8:34:26	37.0	1657	1660	1598	1442	1367	1294	1251	1219	1184	1203	1206	1247	1520	1583	1579	1433	1295	1271	1187	1155	1169	1184	1196	1203	1467	1472	1482	1481	1455	1474	1467	1489	1490	1498	1503	1239	1517	1490	1504	1490	1471	1444	1450	1465	1460	1505	1497	1246	1118	1080	1100	1095	1093	1077	1078	1073	1086	1114	1127	1256	1079	1074	1085	1071	1098	1115	1118	1095	1105	1093	1111	1227	1163	1164
8:38:26	37.0	1658	1684	1608	1468	1353	1307	1263	1231	1203	1197	1210	1268	1524	1592	1551	1438	1291	1259	1207	1177	1213	1179	1165	1201	1429	1441	1478	1497	1467	1456	1453	1470	1477	1508	1489	1245	1506	1501	1481	1498	1459	1441	1468	1467	1488	1494	1503	1253	1112	1083	1098	1133	1085	1092	1078	1084	1111	1119	1101	1245	1096	1076	1100	1083	1095	1114	1119	1088	1106	1099	1099	1258	1151	1181
8:42:26	37.0	1662	1683	1632	1493	1384	1317	1252	1239	1198	1202	1226	1250	1530	1590	1578	1449	1305	1256	1220	1164	1176	1168	1180	1210	1450	1481	1466	1476	1440	1490	1459	1474	1488	1506	1503	1241	1521	1484	1513	1486	1470	1434	1465	1505	1485	1490	1505	1258	1102	1092	1095	1115	1101	1077	1114	1057	1114	1118	1108	1255	1087	1082	1101	1095	1097	1118	1124	1087	1118	1135	1121	1266	1147	1183
8:46:26	37.0	1658	1710	1621	1493	1379	1298	1259	1218	1203	1202	1208	1248	1510	1615	1580	1442	1297	1268	1213	1176	1194	1184	1180	1208	1459	1432	1482	1481	1460	1499	1458	1485	1493	1514	1500	1216	1517	1490	1499	1501	1454	1466	1444	1477	1469	1488	1514	1238	1109	1088	1111	1109	1091	1083	1083	1064	1126	1099	1107	1244	1082	1096	1081	1086	1081	1127	1120	1089	1089	1115	1106	1240	1139	1177
8:50:26	37.0	1679	1699	1627	1474	1363	1299	1257	1215	1184	1202	1204	1249	1531	1613	1567	1447	1305	1272	1236	1173	1193	1166	1153	1204	1459	1481	1475	1454	1470	1466	1457	1479	1488	1507	1479	1218	1512	1480	1511	1472	1458	1487	1466	1465	1466	1495	1496	1274	1098	1084	1108	1114	1106	1072	1089	1060	1085	1117	1131	1267	1073	1081	1068	1096	1089	1128	1117	1084	1097	1089	1110	1254	1128	1182
8:54:26	37.0	1699	1711	1616	1482	1409	1317	1256	1225	1203	1201	1224	1271	1521	1606	1585	1463	1308	1261	1217	1195	1202	1205	1162	1216	1452	1475	1482	1508	1450	1491	1500	1481	1492	1515	1510	1248	1544	1520	1530	1484	1480	1471	1481	1490	1470	1496	1511	1250	1117	1091	1128	1108	1119	1093	1092	1077	1118	1121	1122	1238	1100	1087	1102	1094	1092	1128	1119	1084	1116	1109	1107	1249	1158	1184
8:58:26	37.0	1698	1702	1619	1482	1400	1293	1247	1247	1225	1195	1217	1257	1527	1590	1579	1451	1316	1277	1230	1200	1191	1194	1182	1219	1448	1473	1453	1489	1445	1477	1438	1462	1471	1504	1524	1215	1530	1498	1496	1491	1456	1467	1440	1500	1499	1515	1516	1233	1097	1083	1112	1112	1096	1092	1097	1069	1109	1122	1117	1249	1080	1079	1098	1093	1080	1119	1111	1103	1081	1111	1124	1232	1137	1177
9:02:26	37.0	1717	1728	1646	1487	1373	1335	1261	1246	1209	1197	1214	1264	1559	1606	1615	1455	1314	1289	1224	1179	1190	1195	1172	1207	1438	1478	1445	1463	1484	1462	1471	1463	1479	1508	1507	1242	1541	1484	1526	1474	1464	1469	1457	1474	1471	1521	1513	1229	1108	1089	1100	1133	1092	1109	1100	1077	1094	1112	1097	1246	1094	1078	1093	1085	1085	1124	1121	1100	1096	1100	1098	1254	1168	1186
9:06:26	37.0	1743	1734	1653	1492	1385	1321	1260	1227	1218	1214	1206	1269	1572	1651	1616	1467	1316	1288	1236	1183	1197	1174	1150	1213	1460	1487	1480	1464	1484	1489	1463	1487	1490	1513	1520	1243	1585	1523	1502	1476	1465	1460	1476	1492	1492	1525	1510	1248	1119	1109	1098	1118	1101	1111	1126	1100	1132	1103	1111	1258	1078	1076	1094	1100	1080	1156	1131	1080	1080	1117	1108	1265	1156	1184
9:10:26	37.0	1711	1746	1663	1503	1386	1306	1297	1232	1224	1215	1201	1249	1526	1643	1591	1467	1346	1278	1232	1182	1200	1202	1185	1231	1472	1485	1486	1479	1474	1492	1470	1467	1505	1525	1497	1225	1552	1513	1527	1478	1478	1458	1465	1495	1486	1524	1516	1243	1126	1086	1097	1125	1102	1102	1104	1079	1106	1102	1130	1240	1084	1102	1075	1056	1090	1128	1125	1098	1122	1112	1109	1258	1143	1201
9:14:26	37.0	1730	1755	1644	1487	1404	1320	1244	1258	1212	1223	1220	1269	1564	1658	1625	1448	1328	1288	1232	1198	1182	1182	1175	1230	1458	1489	1490	1485	1488	1483	1472	1502	1515	1504	1519	1231	1553	1509	1516	1479	1484	1478	1473	1482	1498	1529	1528	1240	1120	1111	1114	1135	1087	1093	1098	1068	1095	1102	1123	1249	1087	1087	1090	1069	1116	1142	1127	1096	1092	1114	1106	1242	1157	1197
9:18:26	37.0	1722	1739	1642	1505	1393	1297	1237	1248	1211	1208	1198	1258	1575	1666	1617	1458	1318	1283	1234	1196	1176	1185	1160	1207	1432	1489	1474	1491	1466	1459	1490	1488	1494	1513	1505	1239	1585	1497	1509	1466	1465	1488	1474	1464	1471	1503	1514	1243	1141	1094	1097	1131	1094	1083	1089	1082	1102	1098	1107	1255	1067	1070	1081	1089	1070	1110	1129	1103	1103	1121	1128	1247	1143	1184
9:22:26	37.0	1743	1741	1655	1516	1407	1325	1262	1262	1217	1208	1203	1265	1574	1650	1633	1499	1338	1276	1223	1175	1185	1207	1182	1204	1467	1494	1492	1486	1486	1480	1482	1472	1493	1528	1530	1256	1574	1488	1519	1499	1461	1442	1479	1500	1493	1514	1527	1263	1114	1092	1108	1125	1099	1083	1089	1076	1099	1104	1114	1251	1095	1098	1084	1095	1091	1129	1135	1088	1109	1096	1105	1252	1154	1188
9:26:26	37.0	1758	1736	1649	1514	1402	1338	1253	1277	1209	1212	1213	1268	1587	1656	1605	1476	1343	1307	1252	1185	1207	1198	1177	1225	1453	1485	1469	1498	1515	1481	1484	1481	1493	1500	1518	1233	1596	1513	1523	1496	1481	1481	1494	1478	1487	1521	1538	1269	1123	1101	1093	1141	1091	1101	1109	1085	1093	1118	1117	1268	1106	1091	1097	1094	1106	1142	1163	1094	1101	1108	1126	1277	1160	1187
9:30:26	37.0	1760	1746	1680	1517	1384	1329	1295	1257	1218	1204	1232	1268	1595	1688	1619	1460	1319	1287	1235	1188	1189	1187	1176	1213	1480	1476	1487	1473	1474	1475	1466	1496	1494	1515	1533	1243	1607	1519	1500	1477	1478	1473	1478	1492	1514	1533	1509	1259	1121	1113	1118	1110	1106	1093	1096	1052	1102	1115	1108	1254	1089	1077	1094	1085	1098	1149	1130	1083	1106	1119	1123	1260	1152	1191
9:34:26	37.0	1765	1769	1660	1517	1418	1325	1266	1247	1230	1230	1213	1263	1581	1666	1656	1478	1340	1288	1262	1193	1201	1187	1174	1233	1442	1483	1498	1507	1472	1476	1482	1514	1504	1500	1551	1242	1596	1487	1494	1475	1479	1470	1470	1503	1486	1531	1522	1231	1120	1079	1103	1121	1094	1084	1089	1064	1091	1107	1143	1264	1083	1082	1071	1074	1100	1152	1131	1088	1098	1134	1115	1257	1142	1203
9:38:26	37.0	1758	1762	1662	1503	1426	1315	1276	1265	1215	1211	1235	1259	1604	1673	1642	1456	1322	1308	1249	1193	1193	1204	1184	1241	1460	1485	1485	1471	1476	1465	1494	1493	1514	1536	1520	1236	1591	1492	1507	1487	1501	1451	1461	1498	1466	1534	1528	1241	1130	1094	1113	1119	1097	1101	1098	1081	1116	1117	1120	1261	1080	1076	1091	1081	1098	1155	1121	1083	1121	1126	1091	1259	1172	1189
9:42:26	37.0	1784	1773	1671	1527	1430	1339	1303	1247	1209	1221	1206	1254	1628	1696	1667	1482	1332	1299	1241	1211	1217	1199	1186	1235	1464	1488	1467	1477	1488	1493	1487	1499	1500	1531	1514	1253	1591	1514	1511	1501	1498	1454	1491	1503	1468	1530	1540	1245	1138	1087	1117	1133	1108	1094	1093	1088	1108	1128	1113	1238	1097	1083	1097	1069	1115	1162	1120	1088	1118	1122	1128	1257	1154	1188
9:46:26	37.0	1790	1790	1683	1531	1425	1356	1312	1272	1241	1207	1207	1262	1632	1679	1648	1499	1343	1302	1239	1198	1209	1211	1196	1224	1471	1503	1482	1477	1497	1488	1485	1503	1493	1517	1511	1250	1620	1509	1504	1485	1500	1471	1484	1503	1487	1524	1507	1260	1123	1105	1108	1142	1115	1110	1117	1084	1111	1118	1131	1275	1093	1065	1097	1115	1105	1152	1131	1093	1114	1110	1119	1284	1159	1180
9:50:26	37.0	1782	1794	1680	1526	1415	1322	1284	1271	1232	1244	1226	1284	1635	1699	1666	1486	1348	1302	1239	1199	1211	1194	1181	1228	1472	1486	1482	1487	1483	1510	1483	1503	1510	1520	1534	1239	1613	1506	1521	1503	1480	1470	1467	1499	1491	1534	1533	1279	1118	1108	1123	1124	1116	1094	1110	1078	1123	1108	1112	1256	1091	1093	1080	1065	1107	1158	1149	1100	1100	1118	1111	1259	1152	1187
9:54:26	37.0	1790	1784	1694	1508	1419	1343	1299	1260	1218	1221	1221	1256	1612	1704	1657	1480	1347	1298	1248	1195	1208	1214	1175	1229	1443	1505	1493	1508	1473	1488	1485	1481	1498	1518	1534	1259	1619	1512	1496	1506	1493	1487	1467	1469	1498	1527	1540	1252	1142	1117	1119	1129	1115	1088	1090	1077	1113	1123	1115	1259	1110	1085	1074	1087	1111	1136	1140	1101	1112	1109	1102	1277	1141	1191
9:58:26	37.0	1816	1818	1694	1526	1417	1345	1295	1260	1233	1224	1235	1272	1633	1703	1685	1485	1365	1321	1265	1208	1203	1204	1219	1213	1472	1493	1469	1481	1471	1484	1485	1484	1490	1534	1524	1239	1634	1516	1535	1507	1468	1482	1461	1493	1516	1524	1537	1267	1105	1098	1104	1151	1106	1101	1106	1088	1116	1105	1105	1259	1101	1091	1080	1076	1107	1144	1145	1098	1114	1123	1103	1269	1141	1175
10:02:26	37.0	1823	1793	1702	1527	1407	1334	1279	1255	1213	1237	1233	1262	1659	1691	1683	1495	1346	1326	1253	1189	1213	1226	1209	1228	1460	1499	1503	1490	1476	1491	1490	1529	1528	1515	1548	1250	1649	1516	1496	1514	1484	1493	1456	1523	1502	1552	1516	1255	1136	1101	1130	1134	1120	1094	1104	1087	1093	1128	1107	1260	1083	1082	1092	1106	1116	1154	1156	1094	1096	1128	1114	1260	1188	1175
10:06:26	37.0	1831	1806	1719	1527	1440	1340	1292	1267	1244	1236	1220	1282	1652	1732	1670	1504	1376	1306	1264	1190	1204	1221	1194	1244	1474	1489	1466	1489	1491	1489	1493	1502	1506	1535	1553	1250	1639	1511	1498	1514	1507	1470	1469	1504	1507	1546	1547	1242	1142	1106	1129	1130	1097	1101	1106	1087	1118	1126	1124	1280	1102	1097	1104	1098	1131	1139	1131	1098	1130	1115	1100	1276	1167	1203
10:10:26	37.0	1849	1806	1732	1537	1427	1354	1315	1273	1229	1248	1237	1267	1652	1742	1675	1509	1344	1316	1259	1202	1222	1220	1198	1226	1465	1486	1507	1495	1491	1479	1499	1499	1512	1524	1522	1236	1651	1503	1502	1509	1513	1472	1466	1487	1488	1534	1556	1244	1119	1093	1129	1139	1108	1096	1118	1080	1101	1126	1132	1257	1109	1089	1096	1085	1112	1150	1146	1101	1120	1122	1128	1255	1153	1211
10:14:26	37.0	1844	1818	1729	1527	1391	1375	1285	1283	1245	1247	1235	1277	1664	1722	1686	1520	1354	1311	1261	1202	1212	1214	1193	1256	1452	1506	1501	1489	1504	1495	1474	1494	1508	1548	1531	1258	1665	1514	1500	1491	1494	1460	1481	1512	1501	1529	1554	1259	1121	1101	1115	1133	1110	1117	1098	1086	1108	1100	1142	1273	1097	1086	1112	1086	1121	1152	1166	1105	1098	1120	1121	1289	1180	1211
10:18:26	37.0	1871	1808	1721	1534	1436	1346	1293	1286	1245	1235	1250	1255	1670	1737	1690	1533	1344	1330	1247	1205	1247	1197	1183	1240	1466	1506	1488	1493	1479	1473	1470	1497	1498	1497	1558	1281	1672	1526	1510	1514	1489	1458	1466	1500	1486	1515	1529	1255	1126	1107	1107	1136	1117	1095	1101	1085	1097	1133	1133	1258	1078	1087	1101	1091	1114	1170	1140	1090	1117	1127	1105	1262	1153	1195
10:22:26	37.0	1881	1825	1718	1558	1445	1355	1313	1290	1250	1254	1242	1267	1691	1742	1698	1509	1374	1318	1274	1211	1227	1218	1188	1244	1461	1474	1477	1510	1484	1490	1486	1474	1505	1528	1552	1266	1683	1508	1518	1494	1497	1483	1488	1510	1508	1530	1535	1258	1140	1114	1112	1143	1127	1122	1095	1093	1111	1154	1119	1268	1108	1096	1094	1089	1138	1165	1166	1101	1107	1113	1142	1294	1146	1182
10:26:26	37.0	1887	1837	1748	1552	1429	1353	1320	1268	1221	1246	1239	1291	1692	1758	1700	1549	1369	1340	1258	1203	1231	1213	1200	1266	1455	1496	1485	1476	1488	1485	1500	1506	1518	1509	1542	1241	1690	1528	1505	1511	1482	1490	1487	1503	1504	1560	1534	1273	1142	1098	1123	1147	1123	1107	1106	1096	1102	1133	1128	1277	1093	1083	1104	1101	1131	1168	1145	1097	1122	1132	1122	1279	1170	1176
10:30:26	37.0	1884	1847	1764	1575	1453	1365	1295	1323	1249	1251	1256	1266	1715	1764	1701	1519	1361	1339	1266	1223	1229	1216	1220	1252	1456	1483	1490	1499	1493	1480	1492	1499	1504	1518	1553	1256	1706	1504	1527	1484	1479	1475	1481	1487	1497	1519	1521	1266	1160	1095	1122	1129	1117	1124	1103	1085	1127	1119	1115	1269	1103	1087	1100	1098	1118	1176	1157	1102	1107	1134	1127	1294	1183	1180
10:34:26	37.0	1920	1830	1737	1543	1446	1348	1317	1280	1248	1250	1262	1284	1708	1771	1717	1527	1371	1320	1259	1218	1220	1220	1224	1263	1460	1483	1496	1497	1486	1482	1476	1500	1498	1518	1544	1254	1690	1524	1529	1527	1506	1482	1484	1510	1501	1521	1529	1266	1145	1114	1140	1141	1125	1113	1106	1094	1114	1135	1128	1268	1104	1092	1115	1097	1117	1185	1156	1111	1097	1125	1131	1266	1176	1190
10:38:26	37.0	1908	1829	1784	1572	1428	1361	1329	1270	1246	1248	1251	1264	1723	1783	1725	1547	1378	1336	1277	1221	1234	1220	1194	1253	1481	1473	1511	1492	1490	1495	1462	1486	1509	1546	1524	1246	1707	1511	1527	1483	1506	1472	1472	1469	1489	1528	1518	1266	1140	1102	1125	1135	1136	1122	1113	1087	1127	1145	1142	1265	1099	1098	1092	1081	1129	1178	1164	1090	1136	1109	1130	1292	1157	1181
10:42:26	37.0	1920	1855	1744	1562	1430	1374	1323	1269	1254	1253	1260	1288	1732	1775	1753	1545	1385	1340	1266	1216	1227	1222	1211	1244	1461	1511	1493	1470	1481	1490	1463	1491	1496	1542	1549	1280	1732	1521	1523	1487	1462	1488	1492	1501	1516	1533	1538	1284	1133	1112	1111	1171	1135	1102	1118	1090	1102	1123	1124	1281	1110	1074	1101	1086	1147	1163	1169	1109	1125	1126	1148	1294	1160	1177
10:46:26	37.0	1921	1860	1743	1549	1451	1375	1331	1288	1236	1232	1245	1279	1733	1770	1717	1566	1356	1319	1270	1207	1228	1239	1212	1265	1459	1506	1501	1487	1486	1495	1491	1507	1496	1490	1535	1268	1716	1505	1559	1499	1480	1487	1480	1509	1489	1519	1518	1262	1128	1095	1135	1151	1130	1111	1115	1088	1110	1135	1119	1290	1111	1093	1092	1107	1119	1168	1170	1095	1088	1132	1138	1288	1193	1189
10:50:26	37.0	1963	1874	1770	1577	1451	1372	1317	1292	1235	1236	1251	1287	1747	1792	1745	1562	1372	1343	1271	1228	1245	1229	1209	1246	1448	1513	1504	1491	1477	1481	1476	1502	1511	1525	1559	1263	1736	1542	1551	1497	1530	1475	1483	1505	1493	1535	1549	1279	1126	1101	1143	1167	1125	1117	1095	1109	1121	1139	1129	1279	1107	1089	1109	1104	1113	1179	1174	1103	1144	1132	1142	1287	1173	1196
10:54:26	37.0	1919	1888	1769	1585	1444	1395	1325	1289	1250	1261	1252	1306	1729	1789	1754	1568	1390	1343	1241	1227	1223	1238	1218	1265	1444	1470	1487	1490	1482	1474	1475	1486	1510	1506	1536	1269	1743	1544	1560	1493	1500	1470	1491	1494	1494	1562	1521	1283	1146	1104	1111	1150	1127	1111	1112	1093	1110	1116	1121	1281	1114	1115	1093	1108	1134	1177	1173	1101	1133	1141	1129	1286	1182	1199
10:58:26	37.0	1972	1884	1767	1576	1462	1380	1324	1309	1273	1235	1283	1285	1742	1786	1752	1561	1381	1329	1259	1234	1233	1235	1233	1274	1471	1496	1520	1485	1502	1496	1502	1478	1510	1522	1542	1276	1746	1524	1546	1486	1489	1472	1475	1497	1510	1513	1538	1270	1173	1121	1124	1157	1153	1122	1127	1091	1132	1129	1141	1283	1105	1094	1108	1095	1141	1186	1171	1101	1132	1111	1137	1275	1157	1203
11:02:26	37.0	1979	1906	1774	1588	1453	1390	1302	1279	1274	1244	1246	1280	1750	1817	1758	1546	1373	1328	1251	1241	1220	1232	1228	1257	1445	1487	1494	1490	1467	1484	1494	1500	1487	1517	1545	1284	1754	1520	1549	1502	1510	1484	1460	1500	1495	1525	1539	1271	1135	1117	1128	1163	1137	1117	1103	1110	1135	1139	1138	1265	1096	1118	1092	1080	1133	1196	1172	1101	1147	1136	1133	1287	1180	1195
11:06:26	37.0	2004	1896	1775	1592	1462	1389	1340	1285	1249	1245	1252	1303	1771	1833	1772	1539	1384	1332	1255	1232	1245	1230	1232	1250	1445	1489	1513	1477	1483	1486	1476	1501	1479	1527	1516	1263	1772	1529	1535	1497	1499	1455	1480	1497	1481	1540	1521	1266	1138	1113	1140	1149	1130	1108	1121	1102	1115	1136	1147	1284	1109	1102	1104	1094	1135	1190	1148	1117	1119	1105	1140	1305	1180	1178
11:10:26	37.0	1996	1934	1803	1611	1472	1372	1325	1311	1256	1232	1263	1292	1783	1826	1763	1558	1392	1349	1275	1225	1234	1228	1232	1260	1481	1472	1490	1500	1472	1483	1486	1463	1514	1534	1528	1265	1769	1558	1539	1490	1505	1471	1464	1492	1472	1514	1535	1270	1141	1110	1120	1186	1136	1129	1121	1095	1128	1158	1132	1299	1101	1092	1098	1114	1133	1193	1190	1119	1143	1119	1135	1300	1176	1185
11:14:26	37.0	1995	1909	1809	1612	1465	1399	1330	1314	1257	1269	1266	1281	1797	1813	1767	1541	1410	1337	1272	1239	1254	1221	1224	1256	1461	1464	1489	1482	1476	1491	1471	1491	1499	1508	1553	1272	1798	1553	1577	1498	1480	1472	1467	1517	1489	1526	1541	1287	1145	1106	1121	1161	1138	1113	1117	1104	1105	1131	1138	1267	1078	1090	1113	1094	1145	1205	1180	1108	1139	1117	1131	1277	1167	1189
11:18:26	37.0	2007	1935	1791	1619	1445	1392	1334	1299	1265	1242	1252	1284	1799	1810	1745	1560	1406	1353	1266	1224	1265	1242	1203	1254	1473	1469	1495	1452	1498	1483	1481	1500	1510	1524	1545	1293	1783	1564	1569	1512	1499	1472	1475	1498	1486	1528	1544	1278	1138	1117	1140	1151	1139	1132	1130	1082	1131	1142	1136	1275	1116	1097	1104	1097	1122	1204	1180	1106	1132	1131	1139	1288	1181	1194
11:22:26	37.0	2034	1906	1824	1638	1467	1391	1335	1300	1279	1252	1246	1282	1814	1844	1789	1560	1389	1326	1275	1233	1254	1229	1216	1261	1455	1478	1494	1514	1502	1471	1492	1506	1488	1541	1540	1277	1788	1579	1568	1486	1494	1467	1469	1493	1500	1541	1529	1277	1142	1114	1138	1166	1159	1117	1101	1091	1134	1164	1134	1298	1108	1100	1107	1109	1135	1207	1189	1107	1125	1115	1136	1276	1172	1182
11:26:26	37.0	2025	1951	1815	1616	1477	1401	1340	1291	1256	1255	1260	1273	1813	1843	1770	1586	1382	1322	1297	1248	1249	1242	1220	1246	1456	1493	1511	1463	1480	1471	1477	1508	1514	1556	1553	1271	1777	1567	1577	1493	1489	1477	1460	1509	1484	1526	1547	1293	1155	1095	1128	1193	1145	1100	1134	1085	1117	1153	1142	1285	1118	1113	1107	1105	1149	1195	1177	1104	1129	1128	1124	1285	1167	1179
11:30:26	37.0	2023	1931	1824	1620	1489	1408	1333	1292	1280	1247	1259	1282	1843	1849	1768	1575	1383	1369	1271	1235	1252	1254	1232	1258	1468	1473	1507	1468	1493	1481	1481	1488	1508	1537	1537	1263	1826	1565	1609	1487	1497	1467	1475	1507	1485	1508	1553	1280	1158	1121	1140	1157	1136	1103	1110	1092	1130	1136	1140	1276	1104	1108	1102	1101	1123	1204	1180	1101	1124	1141	1133	1280	1171	1193
11:34:26	37.0	2050	1947	1842	1623	1469	1398	1341	1303	1264	1275	1287	1300	1826	1852	1762	1582	1393	1350	1273	1230	1249	1236	1239	1276	1466	1484	1504	1483	1509	1483	1490	1481	1517	1541	1529	1260	1847	1585	1613	1473	1520	1455	1476	1508	1480	1533	1555	1264	1150	1108	1144	1168	1130	1129	1135	1101	1115	1145	1129	1289	1079	1082	1105	1117	1145	1197	1186	1113	1124	1112	1135	1279	1152	1184
11:38:26	37.0	2060	1955	1844	1642	1494	1412	1370	1311	1281	1260	1276	1290	1832	1880	1799	1582	1411	1361	1295	1243	1259	1251	1233	1274	1481	1510	1514	1499	1501	1475	1489	1507	1525	1553	1550	1262	1826	1604	1617	1489	1488	1469	1485	1524	1483	1555	1554	1283	1151	1118	1152	1172	1152	1097	1130	1106	1121	1133	1140	1280	1100	1103	1099	1122	1164	1203	1210	1114	1125	1150	1139	1300	1159	1173
11:42:26	37.1	2073	1971	1841	1623	1485	1403	1354	1312	1293	1286	1274	1287	1844	1872	1792	1556	1390	1383	1303	1234	1262	1267	1231	1249	1479	1507	1524	1499	1507	1486	1496	1514	1512	1549	1548	1275	1838	1613	1616	1494	1507	1476	1483	1530	1510	1536	1570	1294	1169	1133	1155	1201	1155	1132	1111	1113	1135	1146	1145	1292	1100	1106	1107	1100	1155	1209	1212	1113	1141	1130	1174	1302	1171	1181
11:46:26	37.0	2093	1992	1854	1613	1487	1419	1336	1303	1282	1272	1285	1282	1856	1854	1799	1596	1421	1361	1291	1237	1268	1248	1218	1277	1487	1478	1516	1508	1509	1510	1510	1502	1496	1539	1536	1291	1839	1599	1615	1491	1497	1475	1497	1526	1515	1520	1542	1298	1162	1107	1143	1174	1150	1156	1117	1102	1126	1127	1138	1287	1116	1087	1090	1119	1165	1217	1218	1094	1139	1158	1149	1301	1198	1185
11:50:26	37.0	2080	1984	1860	1625	1495	1388	1343	1304	1275	1273	1255	1277	1859	1901	1818	1576	1421	1370	1304	1259	1255	1240	1226	1264	1483	1503	1522	1477	1509	1497	1509	1470	1512	1522	1561	1285	1870	1604	1623	1507	1503	1492	1457	1557	1475	1545	1574	1294	1172	1112	1144	1177	1146	1131	1119	1091	1131	1146	1124	1292	1104	1105	1113	1099	1146	1206	1210	1127	1113	1136	1148	1311	1164	1159
11:54:26	37.0	2136	1971	1903	1657	1499	1411	1348	1309	1294	1283	1277	1314	1853	1879	1834	1600	1442	1370	1288	1249	1245	1265	1231	1260	1497	1502	1501	1488	1503	1520	1518	1513	1541	1555	1557	1271	1874	1618	1624	1505	1484	1491	1484	1507	1473	1547	1559	1298	1177	1119	1159	1189	1163	1122	1144	1092	1125	1162	1131	1295	1110	1104	1125	1112	1164	1219	1190	1123	1118	1155	1154	1298	1176	1180
11:58:26	37.0	2108	1992	1889	1640	1497	1400	1324	1327	1286	1263	1273	1276	1882	1915	1827	1584	1421	1363	1307	1247	1253	1270	1230	1273	1505	1505	1502	1499	1509	1506	1506	1538	1521	1552	1560	1277	1870	1629	1623	1493	1510	1507	1494	1564	1492	1555	1563	1322	1166	1127	1145	1164	1150	1128	1152	1102	1119	1148	1138	1280	1117	1106	1105	1114	1161	1212	1216	1109	1144	1155	1130	1278	1150	1148
12:02:26	37.0	2143	1984	1868	1628	1516	1433	1341	1319	1288	1299	1256	1293	1891	1912	1808	1608	1438	1393	1297	1247	1263	1261	1252	1282	1498	1535	1531	1509	1509	1517	1505	1502	1536	1580	1563	1265	1896	1618	1663	1510	1484	1522	1471	1555	1502	1539	1590	1300	1166	1116	1158	1176	1161	1133	1123	1102	1141	1138	1147	1309	1116	1116	1125	1115	1174	1248	1180	1103	1131	1162	1157	1319	1176	1188
12:06:26	37.0	2098	1993	1879	1663	1502	1410	1361	1317	1274	1281	1279	1310	1908	1903	1844	1599	1419	1376	1319	1255	1260	1253	1249	1296	1493	1514	1513	1502	1527	1521	1512	1510	1556	1553	1565	1285	1911	1645	1657	1527	1513	1512	1490	1559	1494	1556	1562	1285	1165	1124	1152	1199	1178	1118	1138	1107	1137	1150	1144	1305	1100	1104	1107	1107	1151	1236	1214	1123	1139	1148	1156	1308	1171	1182
12:10:26	37.0	2127	2017	1905	1646	1503	1414	1381	1322	1281	1274	1276	1296	1940	1926	1822	1614	1421	1390	1306	1248	1251	1230	1272	1286	1488	1532	1521	1503	1536	1527	1534	1508	1556	1552	1555	1293	1917	1645	1642	1498	1507	1513	1491	1568	1489	1542	1574	1284	1177	1126	1139	1172	1162	1142	1144	1103	1140	1143	1153	1313	1111	1101	1126	1125	1140	1231	1198	1132	1112	1139	1150	1320	1163	1183
12:14:26	37.0	2163	2024	1879	1653	1529	1438	1374	1324	1294	1281	1296	1303	1913	1945	1836	1604	1430	1405	1327	1256	1265	1245	1250	1274	1506	1532	1538	1539	1506	1500	1512	1523	1536	1583	1550	1293	1933	1665	1666	1506	1517	1505	1517	1557	1500	1553	1576	1301	1181	1126	1150	1177	1166	1137	1130	1114	1128	1133	1160	1309	1122	1099	1109	1138	1158	1250	1206	1132	1148	1149	1152	1302	1141	1173
12:18:26	37.0	2157	2043	1906	1671	1510	1434	1358	1327	1302	1273	1283	1302	1933	1944	1835	1617	1419	1377	1301	1254	1255	1254	1231	1292	1512	1515	1540	1507	1536	1546	1550	1515	1545	1581	1572	1285	1926	1650	1672	1502	1542	1514	1518	1568	1485	1555	1577	1303	1171	1125	1159	1167	1155	1141	1148	1096	1137	1153	1138	1309	1118	1099	1117	1129	1173	1223	1205	1128	1118	1144	1154	1293	1157	1165
12:22:26	37.0	2176	2030	1883	1687	1504	1428	1352	1337	1283	1278	1268	1289	1951	1927	1836	1602	1442	1404	1289	1258	1264	1246	1239	1270	1508	1553	1547	1533	1537	1538	1548	1516	1558	1603	1576	1274	1948	1657	1668	1498	1500	1507	1520	1566	1504	1568	1609	1316	1157	1150	1129	1175	1181	1127	1139	1112	1153	1146	1171	1295	1123	1129	1114	1115	1151	1235	1214	1121	1135	1147	1146	1323	1187	1185
12:26:26	37.0	2187	2043	1898	1680	1521	1412	1361	1320	1314	1283	1275	1304	1955	1960	1853	1616	1457	1369	1311	1268	1251	1279	1242	1284	1513	1539	1524	1536	1538	1555	1545	1549	1556	1571	1531	1294	1937	1674	1660	1514	1530	1514	1519	1589	1481	1570	1576	1299	1167	1109	1152	1201	1175	1125	1142	1123	1127	1151	1157	1310	1105	1104	1129	1119	1153	1246	1220	1123	1149	1129	1163	1293	1163	1158
12:30:26	37.0	2175	2052	1904	1685	1526	1424	1362	1316	1301	1307	1303	1302	1955	1953	1850	1650	1456	1400	1305	1273	1287	1263	1253	1273	1500	1509	1559	1547	1535	1543	1548	1547	1545	1602	1581	1304	1981	1696	1686	1515	1542	1537	1513	1593	1500	1588	1588	1311	1160	1113	1154	1196	1171	1141	1115	1106	1143	1163	1151	1284	1109	1115	1116	1138	1157	1243	1235	1126	1145	1153	1173	1293	1161	1173
12:34:26	37.0	2197	2059	1932	1663	1536	1433	1356	1308	1294	1287	1269	1289	1989	1973	1858	1637	1436	1401	1295	1253	1248	1245	1248	1290	1521	1531	1562	1534	1542	1549	1534	1536	1558	1589	1572	1272	1955	1686	1690	1531	1535	1528	1529	1594	1515	1578	1611	1298	1164	1141	1142	1179	1174	1119	1130	1100	1150	1153	1155	1303	1114	1116	1104	1110	1165	1232	1215	1127	1168	1155	1158	1326	1174	1152
12:38:26	37.0	2178	2054	1960	1676	1538	1435	1370	1338	1305	1287	1295	1297	1990	1951	1855	1621	1450	1382	1291	1272	1262	1254	1261	1292	1522	1545	1557	1560	1559	1557	1544	1552	1584	1608	1550	1299	2026	1691	1708	1523	1551	1521	1528	1582	1536	1598	1620	1335	1174	1133	1148	1187	1164	1140	1148	1125	1163	1143	1140	1302	1113	1105	1142	1129	1165	1245	1211	1121	1149	1122	1153	1331	1135	1172
12:42:26	37.0	2208	2094	1954	1700	1533	1445	1379	1331	1307	1280	1300	1305	2006	1960	1876	1627	1474	1385	1301	1264	1284	1283	1269	1304	1543	1577	1577	1538	1556	1545	1582	1547	1579	1621	1578	1295	2003	1716	1693	1535	1542	1532	1521	1588	1522	1602	1643	1301	1188	1137	1153	1204	1190	1135	1140	1122	1132	1163	1158	1295	1117	1114	1119	1123	1148	1243	1205	1118	1140	1143	1157	1336	1184	1184
12:46:26	37.0	2212	2087	1966	1691	1529	1458	1369	1341	1319	1290	1322	1309	2015	1978	1884	1632	1463	1407	1309	1294	1270	1231	1261	1299	1535	1547	1559	1571	1574	1564	1562	1564	1566	1609	1541	1303	1995	1699	1726	1548	1524	1561	1517	1591	1529	1578	1618	1318	1166	1126	1156	1195	1188	1133	1136	1122	1126	1176	1132	1346	1117	1125	1127	1141	1162	1253	1239	1124	1152	1128	1169	1339	1152	1141
12:50:26	37.0	2245	2092	1948	1694	1543	1440	1388	1321	1288	1293	1287	1303	2016	1985	1861	1662	1461	1405	1300	1249	1273	1275	1254	1264	1533	1537	1569	1557	1559	1550	1560	1556	1559	1631	1578	1322	2003	1715	1723	1527	1553	1555	1547	1612	1506	1588	1629	1306	1183	1132	1148	1179	1181	1141	1116	1115	1125	1151	1156	1329	1141	1128	1133	1135	1175	1238	1232	1122	1154	1130	1149	1325	1171	1176
12:54:26	37.0	2258	2108	1943	1723	1538	1429	1394	1342	1346	1284	1320	1315	2064	2008	1899	1645	1462	1412	1320	1276	1277	1274	1279	1312	1549	1570	1565	1557	1560	1585	1600	1561	1587	1621	1598	1304	2054	1743	1739	1550	1559	1586	1527	1609	1532	1586	1641	1308	1189	1147	1157	1198	1192	1149	1139	1122	1157	1168	1169	1320	1130	1115	1108	1122	1174	1284	1240	1124	1155	1153	1176	1335	1160	1159
12:58:26	37.0	2250	2119	1958	1688	1556	1439	1381	1343	1344	1312	1332	1304	2044	2024	1895	1659	1459	1395	1340	1273	1282	1274	1275	1301	1557	1569	1622	1565	1574	1550	1588	1562	1597	1631	1610	1323	2056	1761	1777	1546	1566	1582	1568	1619	1547	1609	1653	1325	1187	1131	1160	1190	1189	1135	1149	1133	1167	1171	1173	1342	1123	1126	1133	1134	1184	1290	1242	1127	1155	1147	1157	1330	1148	1144
13:02:26	37.0	2290	2119	1963	1719	1538	1454	1398	1364	1334	1305	1316	1326	2095	1989	1893	1662	1453	1411	1330	1270	1283	1275	1267	1322	1575	1577	1604	1559	1587	1589	1610	1578	1596	1641	1608	1328	2043	1748	1772	1558	1574	1578	1537	1618	1548	1622	1675	1316	1184	1151	1157	1219	1187	1118	1150	1126	1146	1173	1175	1350	1152	1127	1158	1153	1200	1284	1272	1120	1158	1168	1151	1357	1171	1165
13:06:26	37.0	2277	2131	1947	1731	1555	1474	1389	1342	1313	1314	1293	1325	2079	2004	1914	1679	1446	1409	1324	1298	1301	1303	1281	1319	1569	1567	1603	1583	1584	1577	1591	1578	1613	1630	1609	1314	2046	1750	1749	1544	1581	1560	1554	1657	1537	1600	1659	1322	1189	1138	1167	1188	1184	1168	1147	1107	1145	1143	1169	1334	1128	1139	1145	1138	1172	1269	1241	1131	1167	1150	1166	1330	1162	1167
13:10:26	37.0	2262	2115	1964	1725	1548	1453	1411	1344	1305	1302	1311	1308	2071	2000	1886	1641	1478	1397	1326	1289	1276	1256	1247	1305	1575	1584	1619	1582	1587	1601	1607	1594	1597	1629	1570	1294	2088	1735	1779	1547	1559	1589	1568	1645	1516	1622	1655	1327	1187	1153	1166	1207	1185	1135	1159	1100	1160	1158	1155	1329	1138	1131	1103	1141	1177	1289	1237	1130	1149	1151	1173	1312	1152	1162
13:14:26	37.0	2274	2140	1965	1713	1568	1449	1383	1335	1332	1311	1306	1314	2093	2028	1913	1669	1482	1442	1314	1276	1290	1288	1254	1315	1560	1567	1616	1573	1599	1582	1589	1587	1597	1632	1607	1319	2095	1748	1772	1569	1570	1564	1572	1628	1539	1604	1666	1328	1181	1121	1168	1195	1195	1149	1150	1114	1145	1153	1149	1308	1129	1132	1108	1165	1187	1278	1246	1120	1149	1144	1188	1326	1160	1157
13:18:26	37.0	2288	2137	1992	1715	1562	1468	1414	1347	1336	1299	1317	1319	2135	2008	1910	1640	1503	1422	1328	1282	1298	1263	1266	1287	1570	1600	1608	1614	1609	1585	1622	1587	1608	1643	1588	1332	2101	1759	1796	1566	1578	1582	1562	1623	1566	1629	1671	1334	1194	1125	1153	1210	1196	1125	1141	1117	1128	1143	1162	1327	1108	1118	1148	1134	1192	1269	1257	1134	1172	1156	1156	1332	1145	1158
13:22:26	37.0	2313	2156	1980	1722	1553	1455	1383	1349	1316	1281	1307	1295	2123	2022	1911	1654	1498	1400	1325	1294	1294	1293	1274	1295	1563	1584	1630	1604	1617	1599	1604	1586	1637	1638	1588	1322	2085	1768	1776	1558	1573	1590	1568	1666	1565	1648	1700	1331	1191	1143	1151	1223	1203	1147	1145	1145	1151	1176	1166	1328	1144	1124	1129	1147	1173	1285	1263	1132	1160	1169	1162	1345	1148	1170
13:26:26	37.0	2313	2162	1985	1724	1569	1471	1377	1342	1326	1296	1325	1306	2153	2030	1929	1686	1479	1411	1321	1286	1289	1270	1270	1311	1602	1592	1617	1598	1598	1625	1635	1602	1634	1673	1626	1325	2136	1756	1804	1577	1578	1595	1587	1672	1558	1641	1687	1326	1192	1131	1150	1197	1194	1138	1126	1108	1148	1157	1158	1335	1147	1130	1138	1137	1145	1285	1248	1136	1157	1154	1173	1327	1133	1156
13:30:26	37.0	2316	2179	1986	1712	1578	1482	1415	1365	1306	1315	1317	1352	2183	2053	1924	1683	1477	1419	1340	1309	1285	1274	1301	1307	1614	1594	1660	1607	1617	1627	1627	1623	1656	1676	1602	1341	2141	1785	1798	1578	1611	1602	1603	1655	1547	1654	1717	1324	1186	1157	1167	1220	1195	1160	1145	1114	1155	1142	1166	1345	1125	1140	1131	1137	1182	1288	1252	1140	1152	1147	1202	1350	1156	1179
13:34:26	37.0	2323	2172	2019	1740	1564	1450	1402	1338	1302	1314	1313	1295	2202	2056	1933	1663	1503	1426	1310	1274	1295	1281	1279	1325	1615	1616	1639	1615	1617	1617	1643	1606	1636	1683	1629	1316	2142	1800	1818	1568	1594	1596	1600	1681	1566	1639	1709	1322	1191	1152	1178	1204	1190	1132	1150	1135	1138	1160	1147	1300	1120	1097	1106	1139	1183	1292	1271	1156	1155	1153	1152	1341	1151	1145
13:38:26	37.0	2333	2175	2002	1735	1567	1449	1417	1354	1346	1315	1330	1323	2184	2037	1930	1670	1487	1450	1355	1305	1285	1299	1260	1309	1622	1613	1638	1631	1633	1633	1675	1642	1657	1663	1601	1309	2163	1814	1828	1590	1609	1633	1594	1685	1581	1628	1731	1321	1179	1150	1154	1209	1202	1148	1148	1128	1148	1184	1158	1327	1121	1126	1127	1129	1194	1298	1266	1136	1162	1152	1180	1335	1140	1159
13:42:26	37.0	2328	2169	1988	1733	1572	1470	1395	1348	1337	1304	1322	1313	2181	2038	1928	1708	1491	1439	1327	1283	1296	1275	1277	1309	1603	1615	1644	1615	1624	1629	1665	1651	1652	1673	1618	1341	2168	1822	1837	1605	1592	1633	1609	1664	1566	1635	1725	1337	1187	1150	1158	1210	1207	1145	1128	1111	1156	1170	1159	1321	1135	1122	1136	1151	1191	1290	1291	1142	1156	1148	1208	1353	1145	1154
13:46:26	37.0	2357	2204	1995	1733	1557	1469	1398	1372	1335	1293	1325	1305	2166	2049	1936	1692	1493	1426	1343	1288	1278	1294	1278	1317	1596	1623	1668	1619	1642	1631	1677	1637	1658	1670	1622	1327	2161	1812	1825	1596	1604	1619	1608	1664	1568	1660	1690	1329	1191	1160	1155	1231	1214	1127	1154	1118	1137	1164	1169	1337	1133	1138	1110	1118	1177	1306	1267	1135	1143	1157	1162	1346	1139	1161
13:50:26	37.0	2378	2188	2026	1762	1572	1473	1389	1365	1338	1301	1318	1319	2200	2060	1919	1674	1482	1432	1339	1291	1303	1271	1261	1308	1640	1653	1685	1615	1643	1652	1652	1678	1674	1705	1646	1320	2195	1859	1827	1609	1606	1658	1615	1684	1580	1649	1740	1328	1202	1146	1149	1222	1208	1153	1145	1109	1165	1188	1166	1339	1144	1137	1124	1165	1185	1284	1278	1158	1170	1147	1164	1354	1145	1154
13:54:26	37.0	2341	2205	2007	1759	1580	1468	1420	1358	1346	1335	1317	1323	2216	2086	1953	1714	1483	1432	1348	1300	1290	1295	1270	1317	1647	1652	1666	1644	1660	1680	1658	1650	1681	1713	1625	1333	2160	1869	1832	1604	1630	1646	1612	1712	1578	1656	1739	1311	1199	1157	1160	1217	1208	1159	1147	1130	1144	1170	1150	1309	1145	1129	1134	1147	1166	1280	1280	1157	1160	1176	1173	1334	1148	1162
13:58:26	37.0	2342	2211	2050	1759	1594	1477	1416	1361	1338	1313	1318	1335	2203	2057	1960	1696	1499	1413	1345	1290	1294	1299	1290	1331	1642	1649	1662	1653	1667	1668	1684	1661	1679	1709	1609	1327	2237	1861	1856	1626	1642	1655	1625	1706	1592	1707	1761	1333	1178	1150	1177	1237	1208	1142	1134	1128	1159	1185	1154	1348	1139	1160	1149	1137	1188	1300	1287	1146	1157	1186	1178	1355	1153	1187
14:02:26	37.0	2384	2217	2030	1752	1624	1493	1413	1367	1344	1310	1314	1334	2223	2076	1947	1702	1496	1427	1334	1299	1289	1291	1304	1330	1630	1646	1692	1662	1672	1662	1657	1645	1704	1727	1651	1341	2232	1866	1849	1605	1660	1671	1634	1719	1582	1661	1761	1344	1184	1141	1174	1234	1211	1143	1128	1122	1149	1166	1164	1313	1155	1142	1133	1136	1193	1304	1292	1152	1171	1162	1178	1337	1140	1144
14:06:26	37.0	2373	2209	2055	1782	1590	1475	1442	1375	1355	1318	1330	1342	2245	2071	1961	1704	1504	1446	1340	1303	1317	1289	1292	1323	1644	1656	1689	1672	1668	1680	1688	1662	1713	1741	1667	1331	2232	1892	1858	1625	1642	1664	1642	1701	1622	1688	1749	1334	1195	1164	1180	1214	1216	1143	1149	1134	1152	1175	1173	1315	1149	1145	1120	1151	1191	1293	1286	1157	1187	1166	1185	1362	1144	1135
14:10:26	37.0	2355	2197	2027	1756	1589	1488	1429	1367	1359	1345	1335	1328	2231	2084	1971	1707	1497	1428	1327	1300	1297	1286	1293	1316	1644	1672	1728	1671	1710	1686	1702	1669	1689	1737	1657	1325	2230	1889	1884	1634	1627	1671	1653	1710	1621	1682	1772	1363	1185	1177	1166	1239	1216	1158	1137	1122	1145	1175	1164	1320	1132	1128	1124	1155	1181	1290	1285	1171	1153	1165	1199	1355	1138	1144
14:14:26	37.0	2413	2213	2037	1781	1589	1464	1416	1388	1348	1335	1349	1338	2282	2099	1994	1709	1489	1441	1335	1309	1288	1314	1300	1299	1678	1667	1710	1686	1668	1729	1687	1676	1709	1754	1646	1320	2245	1894	1892	1676	1672	1689	1656	1742	1622	1698	1764	1343	1200	1158	1174	1270	1203	1149	1153	1128	1171	1185	1187	1354	1128	1145	1133	1140	1205	1302	1290	1161	1161	1171	1192	1359	1181	1163
14:18:26	37.0	2417	2238	2053	1759	1586	1481	1418	1363	1348	1315	1354	1350	2234	2094	2004	1714	1514	1435	1353	1300	1310	1311	1299	1333	1647	1665	1701	1664	1681	1716	1690	1690	1712	1767	1695	1348	2280	1892	1900	1633	1651	1671	1691	1769	1610	1708	1800	1362	1194	1152	1159	1245	1222	1170	1157	1123	1144	1159	1174	1365	1138	1134	1134	1153	1203	1314	1299	1168	1173	1136	1167	1358	1142	1147
14:22:26	37.0	2424	2241	2066	1768	1592	1494	1435	1385	1326	1336	1363	1328	2248	2102	1969	1721	1500	1457	1338	1304	1313	1305	1287	1314	1653	1692	1729	1691	1677	1705	1709	1717	1749	1764	1655	1349	2289	1924	1913	1642	1657	1682	1679	1759	1605	1725	1789	1370	1203	1164	1163	1230	1206	1134	1133	1131	1167	1177	1166	1352	1171	1139	1140	1153	1194	1311	1303	1154	1170	1157	1191	1359	1131	1145
14:26:26	37.0	2391	2228	2035	1780	1586	1487	1437	1409	1355	1333	1329	1360	2239	2118	2010	1710	1503	1456	1352	1297	1292	1293	1316	1295	1686	1689	1725	1699	1685	1711	1717	1700	1736	1773	1660	1357	2292	1922	1892	1674	1672	1684	1658	1769	1630	1730	1800	1336	1211	1163	1178	1239	1222	1147	1146	1120	1158	1175	1168	1319	1123	1135	1151	1158	1196	1312	1312	1151	1204	1168	1194	1359	1140	1133
14:30:26	37.0	2390	2225	2051	1782	1585	1483	1447	1385	1346	1345	1339	1334	2285	2106	1991	1711	1525	1439	1361	1303	1290	1295	1295	1308	1679	1687	1742	1697	1708	1760	1732	1695	1746	1782	1716	1349	2292	1919	1922	1655	1671	1703	1658	1757	1644	1749	1803	1358	1231	1157	1154	1243	1229	1145	1152	1117	1164	1158	1171	1342	1139	1142	1133	1143	1211	1288	1310	1173	1172	1148	1178	1343	1140	1150
14:34:26	37.0	2429	2239	2048	1784	1588	1471	1451	1383	1348	1335	1355	1338	2271	2098	1991	1722	1550	1487	1350	1307	1298	1312	1276	1325	1687	1686	1748	1728	1697	1739	1746	1733	1753	1785	1694	1352	2324	1955	1908	1652	1691	1698	1675	1775	1647	1746	1787	1370	1215	1172	1183	1260	1232	1143	1153	1126	1154	1173	1161	1342	1152	1153	1142	1180	1180	1321	1299	1154	1185	1158	1169	1368	1148	1156
14:38:26	37.0	2414	2257	2083	1798	1604	1472	1439	1373	1359	1325	1374	1346	2283	2095	2025	1728	1520	1433	1363	1302	1308	1273	1289	1340	1687	1714	1741	1707	1750	1728	1737	1702	1768	1762	1710	1342	2334	1930	1924	1673	1705	1725	1688	1818	1653	1750	1808	1366	1213	1136	1155	1237	1224	1157	1139	1131	1153	1160	1155	1342	1156	1152	1136	1141	1203	1322	1293	1151	1168	1179	1189	1359	1125	1127
14:42:26	37.0	2447	2251	2084	1782	1609	1498	1431	1388	1373	1340	1340	1354	2283	2129	2010	1730	1560	1460	1377	1316	1309	1310	1287	1317	1713	1739	1753	1720	1725	1756	1766	1751	1766	1793	1697	1353	2338	1947	1964	1699	1687	1721	1702	1790	1660	1745	1830	1377	1193	1165	1158	1237	1222	1140	1134	1131	1169	1155	1177	1377	1141	1140	1137	1167	1209	1328	1306	1182	1182	1162	1211	1355	1156	1164
14:46:26	37.0	2448	2236	2060	1781	1613	1494	1465	1388	1362	1330	1366	1355	2303	2113	1996	1737	1552	1458	1346	1315	1321	1318	1323	1338	1718	1716	1782	1721	1725	1751	1782	1727	1787	1769	1688	1359	2342	1957	1983	1671	1713	1730	1696	1794	1638	1720	1849	1373	1210	1170	1177	1271	1230	1162	1152	1133	1172	1183	1191	1370	1127	1147	1143	1134	1227	1318	1305	1145	1181	1150	1194	1357	1126	1140
14:50:26	37.0	2459	2292	2091	1786	1601	1520	1448	1388	1376	1355	1357	1347	2309	2142	2004	1706	1535	1444	1375	1319	1311	1304	1280	1329	1718	1746	1782	1736	1760	1765	1745	1747	1811	1831	1724	1357	2383	1939	1976	1677	1692	1732	1704	1828	1704	1764	1845	1370	1226	1161	1179	1246	1213	1136	1147	1139	1152	1158	1184	1372	1146	1168	1153	1148	1205	1328	1293	1159	1182	1181	1184	1373	1148	1137
14:54:26	37.0	2462	2281	2080	1780	1619	1500	1455	1377	1367	1342	1369	1351	2304	2148	2004	1753	1523	1454	1370	1321	1293	1293	1298	1334	1726	1733	1796	1768	1773	1763	1786	1740	1772	1825	1731	1370	2366	1984	1993	1698	1728	1744	1711	1794	1658	1770	1876	1365	1225	1179	1173	1248	1247	1143	1174	1124	1143	1167	1185	1363	1135	1164	1131	1148	1238	1342	1311	1161	1184	1149	1188	1369	1149	1153
14:58:26	37.0	2457	2296	2088	1755	1628	1511	1455	1395	1359	1365	1388	1363	2329	2142	2046	1720	1518	1446	1365	1312	1305	1308	1307	1316	1724	1735	1797	1761	1753	1778	1811	1755	1782	1838	1732	1392	2364	1976	1997	1715	1703	1743	1720	1814	1686	1781	1877	1376	1223	1170	1182	1252	1245	1161	1164	1123	1160	1156	1171	1366	1124	1149	1158	1156	1222	1340	1310	1186	1188	1153	1198	1373	1152	1131
15:02:26	37.0	2475	2290	2111	1805	1600	1502	1457	1386	1362	1354	1360	1390	2307	2133	2017	1757	1544	1461	1377	1322	1315	1300	1306	1339	1723	1765	1791	1758	1763	1783	1772	1776	1811	1845	1727	1359	2425	1994	2014	1714	1738	1791	1750	1826	1658	1775	1867	1366	1222	1158	1161	1237	1244	1147	1145	1129	1161	1162	1170	1353	1141	1146	1145	1183	1211	1337	1308	1155	1165	1171	1215	1379	1154	1130
15:06:26	37.0	2497	2307	2083	1808	1626	1502	1455	1392	1374	1347	1363	1377	2332	2142	2023	1745	1538	1466	1386	1316	1309	1346	1326	1342	1753	1746	1810	1787	1788	1817	1809	1785	1823	1836	1750	1361	2410	2021	2022	1722	1745	1752	1744	1856	1674	1788	1868	1357	1211	1162	1168	1251	1228	1134	1167	1131	1176	1199	1193	1366	1145	1150	1159	1166	1224	1329	1313	1156	1162	1182	1196	1404	1136	1130
15:10:26	37.0	2505	2318	2087	1806	1610	1517	1443	1400	1368	1346	1394	1383	2332	2177	2026	1736	1533	1452	1369	1327	1319	1312	1295	1349	1749	1767	1820	1769	1785	1804	1809	1789	1832	1858	1727	1379	2422	1972	2044	1713	1759	1798	1752	1848	1672	1809	1888	1370	1211	1170	1183	1256	1243	1168	1163	1132	1169	1172	1185	1357	1137	1169	1174	1171	1230	1360	1314	1151	1176	1174	1189	1376	1143	1140
15:14:26	37.0	2514	2322	2096	1813	1632	1506	1452	1416	1369	1332	1363	1374	2335	2136	2017	1734	1555	1463	1380	1319	1331	1310	1312	1338	1749	1774	1814	1806	1796	1779	1810	1795	1838	1877	1785	1358	2460	2001	2033	1727	1760	1784	1753	1848	1689	1818	1900	1341	1207	1153	1178	1244	1238	1174	1140	1126	1163	1142	1181	1373	1156	1176	1160	1166	1214	1328	1336	1165	1177	1153	1205	1355	1154	1122
15:18:26	37.0	2512	2306	2103	1809	1630	1499	1482	1404	1372	1358	1379	1349	2328	2175	2016	1754	1536	1488	1358	1314	1308	1333	1315	1338	1745	1784	1846	1810	1807	1803	1832	1827	1850	1884	1762	1351	2462	2015	2035	1750	1771	1791	1757	1861	1728	1805	1922	1374	1212	1158	1184	1287	1239	1154	1163	1131	1154	1187	1165	1367	1151	1167	1147	1153	1229	1342	1329	1177	1191	1186	1221	1377	1131	1128
15:22:26	37.0	2542	2298	2095	1808	1615	1511	1473	1407	1356	1337	1386	1362	2349	2173	2060	1755	1540	1461	1369	1332	1330	1313	1289	1340	1762	1792	1853	1855	1824	1823	1844	1801	1849	1881	1763	1380	2458	2020	2041	1778	1767	1792	1760	1847	1749	1829	1928	1379	1224	1176	1177	1261	1254	1156	1156	1133	1171	1171	1171	1350	1149	1162	1152	1150	1221	1351	1346	1175	1193	1171	1185	1393	1145	1139
15:26:26	37.0	2523	2337	2101	1818	1634	1515	1477	1400	1382	1331	1352	1360	2349	2158	2026	1776	1574	1462	1382	1334	1328	1336	1317	1355	1770	1798	1865	1845	1812	1824	1825	1826	1858	1865	1759	1363	2483	2035	2056	1743	1789	1818	1804	1848	1733	1827	1884	1383	1227	1185	1176	1244	1256	1155	1153	1118	1166	1182	1169	1367	1165	1177	1140	1151	1245	1346	1343	1170	1183	1184	1216	1376	1142	1131
15:30:26	37.0	2547	2318	2114	1824	1655	1531	1486	1419	1375	1377	1402	1374	2361	2197	2024	1759	1563	1479	1357	1319	1326	1316	1327	1347	1796	1831	1866	1840	1832	1832	1893	1840	1853	1918	1802	1377	2484	2039	2080	1775	1798	1834	1796	1883	1742	1837	1904	1400	1229	1161	1192	1257	1255	1149	1183	1148	1166	1179	1179	1359	1163	1185	1157	1182	1198	1373	1369	1144	1201	1189	1216	1405	1138	1131
15:34:26	37.0	2551	2310	2095	1806	1639	1528	1470	1435	1387	1355	1387	1386	2403	2168	2038	1745	1542	1485	1360	1333	1319	1300	1330	1351	1786	1793	1867	1860	1809	1838	1858	1861	1869	1885	1771	1364	2522	2069	2106	1749	1802	1835	1798	1885	1744	1833	1948	1367	1228	1168	1185	1272	1251	1144	1150	1140	1174	1188	1192	1366	1162	1176	1173	1180	1214	1342	1360	1162	1196	1196	1197	1385	1148	1137
15:38:26	37.0	2533	2338	2123	1804	1634	1508	1483	1407	1377	1354	1378	1357	2388	2181	2053	1753	1544	1475	1403	1311	1333	1316	1309	1342	1781	1831	1890	1861	1839	1851	1858	1865	1862	1911	1803	1363	2517	2053	2101	1769	1784	1828	1802	1900	1735	1858	1938	1371	1239	1176	1202	1269	1273	1143	1161	1138	1168	1194	1178	1351	1173	1175	1173	1183	1210	1337	1357	1171	1208	1187	1218	1379	1157	1129
15:42:26	37.0	2563	2386	2123	1820	1628	1527	1503	1396	1394	1357	1350	1374	2412	2176	2021	1749	1565	1483	1387	1347	1318	1303	1322	1359	1827	1819	1888	1862	1856	1849	1880	1856	1864	1907	1802	1381	2519	2079	2110	1798	1821	1845	1826	1898	1753	1832	1939	1374	1227	1185	1181	1259	1256	1164	1171	1130	1159	1183	1199	1384	1165	1173	1149	1152	1231	1359	1374	1146	1188	1192	1223	1375	1136	1148
15:46:26	37.0	2598	2351	2134	1828	1636	1526	1465	1397	1386	1369	1362	1372	2412	2155	2065	1769	1556	1475	1381	1340	1307	1316	1325	1365	1834	1840	1905	1876	1869	1882	1898	1879	1886	1918	1815	1360	2532	2096	2141	1798	1818	1857	1822	1921	1754	1875	1963	1385	1251	1175	1182	1293	1270	1151	1140	1141	1182	1175	1194	1385	1166	1175	1153	1159	1221	1354	1386	1181	1206	1186	1215	1390	1123	1135
15:50:26	37.0	2566	2332	2118	1838	1633	1539	1498	1420	1373	1367	1374	1402	2431	2182	2080	1756	1575	1494	1396	1329	1319	1326	1335	1359	1829	1858	1877	1887	1843	1883	1888	1876	1875	1935	1802	1366	2531	2116	2132	1829	1813	1878	1838	1940	1790	1897	1968	1378	1230	1166	1164	1260	1247	1145	1169	1154	1172	1159	1194	1390	1163	1177	1150	1182	1225	1346	1367	1186	1194	1198	1221	1408	1133	1132
15:54:26	37.0	2599	2357	2131	1824	1655	1525	1484	1412	1412	1357	1375	1375	2412	2206	2046	1765	1531	1471	1399	1347	1320	1313	1340	1361	1840	1851	1928	1876	1871	1897	1897	1880	1898	1940	1815	1369	2536	2111	2181	1820	1838	1881	1834	1942	1771	1851	2000	1408	1226	1182	1204	1278	1259	1157	1149	1132	1178	1184	1189	1344	1162	1163	1155	1160	1231	1353	1393	1197	1195	1196	1215	1388	1147	1153
15:58:26	37.0	2616	2379	2159	1848	1670	1546	1488	1416	1385	1368	1365	1377	2406	2198	2049	1768	1570	1470	1393	1327	1328	1316	1315	1351	1817	1866	1926	1881	1901	1870	1901	1877	1888	1936	1841	1357	2566	2135	2148	1842	1879	1896	1843	1954	1794	1876	2005	1383	1253	1193	1185	1287	1268	1176	1154	1136	1172	1168	1181	1367	1163	1196	1163	1167	1212	1349	1371	1177	1188	1175	1208	1383	1135	1138
16:02:26	37.0	2609	2372	2117	1814	1657	1541	1491	1448	1397	1367	1368	1360	2422	2195	2081	1786	1570	1476	1383	1330	1321	1317	1326	1351	1864	1891	1942	1901	1881	1883	1914	1914	1926	1951	1844	1372	2613	2096	2155	1819	1854	1874	1866	1951	1811	1895	1994	1382	1224	1174	1187	1272	1257	1182	1167	1117	1168	1169	1176	1402	1158	1186	1169	1176	1231	1367	1378	1183	1210	1183	1192	1392	1148	1134
16:06:26	37.0	2605	2371	2149	1822	1648	1554	1497	1424	1384	1373	1375	1380	2432	2186	2058	1773	1576	1480	1372	1343	1333	1335	1330	1363	1858	1900	1924	1878	1900	1900	1933	1924	1943	1959	1840	1367	2602	2120	2159	1838	1887	1888	1877	1953	1802	1891	1991	1369	1238	1193	1188	1283	1270	1169	1157	1134	1178	1185	1194	1379	1150	1192	1166	1155	1244	1366	1378	1192	1185	1183	1220	1381	1132	1132
16:10:26	37.0	2599	2389	2148	1816	1653	1543	1492	1431	1422	1367	1394	1398	2422	2179	2056	1756	1586	1493	1383	1334	1318	1356	1330	1354	1847	1887	1947	1891	1923	1906	1933	1940	1938	1988	1858	1371	2619	2128	2181	1848	1870	1917	1881	1964	1809	1912	2001	1411	1254	1186	1185	1300	1263	1144	1179	1163	1178	1207	1193	1384	1188	1190	1168	1183	1232	1367	1371	1180	1178	1202	1210	1377	1139	1139
16:14:26	37.0	2602	2380	2122	1827	1675	1538	1489	1431	1399	1375	1393	1399	2432	2180	2067	1815	1579	1499	1393	1366	1346	1335	1317	1346	1849	1896	1973	1909	1936	1894	1913	1924	1933	1983	1831	1368	2629	2159	2196	1843	1870	1878	1891	1974	1821	1917	2004	1385	1231	1177	1194	1280	1273	1169	1193	1125	1166	1175	1192	1372	1179	1159	1184	1153	1250	1375	1370	1173	1176	1192	1205	1414	1136	1132
16:18:26	37.0	2644	2387	2159	1843	1652	1551	1502	1420	1407	1385	1401	1397	2469	2187	2075	1787	1570	1497	1387	1325	1313	1329	1314	1353	1869	1885	1947	1917	1942	1914	1935	1920	1951	1972	1851	1394	2648	2162	2197	1845	1892	1930	1918	1983	1802	1914	2007	1383	1236	1179	1184	1271	1280	1156	1158	1153	1185	1170	1197	1402	1180	1188	1168	1171	1254	1397	1369	1183	1191	1192	1225	1394	1140	1135
16:22:26	37.0	2628	2397	2169	1834	1687	1553	1500	1413	1412	1387	1394	1424	2462	2221	2092	1772	1590	1492	1417	1369	1324	1336	1337	1371	1875	1906	1970	1929	1940	1915	1965	1928	1984	1971	1891	1400	2644	2175	2216	1842	1899	1913	1900	1976	1856	1932	2017	1404	1233	1176	1191	1305	1294	1163	1137	1153	1174	1180	1184	1388	1179	1185	1167	1169	1261	1359	1384	1177	1201	1208	1215	1425	1163	1138
16:26:26	37.0	2622	2403	2161	1864	1628	1548	1489	1433	1394	1361	1396	1385	2461	2218	2071	1796	1561	1498	1398	1365	1319	1321	1328	1363	1869	1945	1978	1945	1943	1920	1948	1960	1953	2000	1867	1377	2684	2164	2216	1898	1889	1969	1904	2011	1839	1943	2023	1418	1239	1176	1191	1292	1289	1158	1160	1135	1171	1181	1194	1388	1163	1200	1166	1162	1276	1367	1364	1179	1180	1195	1219	1399	1149	1116
16:30:26	37.0	2630	2396	2145	1839	1650	1598	1505	1418	1408	1362	1392	1397	2461	2209	2086	1802	1570	1494	1390	1326	1346	1339	1331	1390	1865	1929	1991	1940	1952	1925	1986	1951	1981	1991	1894	1368	2714	2179	2238	1908	1897	1947	1902	1991	1852	1939	2060	1410	1250	1197	1205	1302	1282	1180	1154	1142	1170	1189	1179	1401	1173	1192	1164	1194	1244	1377	1365	1185	1193	1208	1233	1399	1126	1127
16:34:26	37.0	2640	2379	2138	1858	1683	1557	1507	1423	1391	1394	1406	1391	2457	2220	2104	1805	1579	1463	1399	1333	1317	1334	1310	1384	1918	1953	1995	1944	1936	1930	1989	1969	1996	2021	1923	1383	2704	2175	2242	1881	1942	1950	1913	2017	1865	1947	2039	1392	1257	1182	1189	1277	1289	1174	1163	1146	1170	1182	1166	1410	1170	1188	1164	1176	1263	1399	1358	1186	1208	1217	1206	1388	1115	1118
16:38:26	37.0	2676	2390	2143	1849	1669	1556	1525	1429	1405	1404	1406	1392	2463	2241	2088	1802	1567	1503	1406	1367	1332	1348	1330	1367	1896	1946	1999	1958	1956	1944	1986	1977	1992	1985	1902	1372	2718	2180	2268	1876	1925	1946	1921	2046	1869	1971	2064	1424	1252	1179	1213	1285	1255	1157	1184	1138	1173	1192	1205	1388	1154	1198	1184	1189	1234	1395	1367	1172	1202	1199	1204	1424	1124	1133
16:42:26	37.0	2673	2398	2147	1871	1679	1555	1505	1441	1420	1383	1436	1404	2468	2236	2088	1813	1580	1493	1383	1327	1324	1335	1340	1372	1895	1964	2015	1947	1952	1942	1983	2001	2000	2018	1914	1374	2715	2174	2268	1911	1943	1992	1932	2044	1864	1973	2079	1394	1250	1172	1195	1289	1293	1162	1160	1152	1180	1200	1199	1406	1165	1183	1168	1163	1231	1413	1396	1180	1193	1206	1222	1396	1139	1122
16:46:26	37.0	2656	2391	2170	1864	1706	1568	1508	1442	1393	1388	1400	1404	2479	2235	2068	1814	1584	1491	1416	1353	1333	1347	1338	1377	1940	1956	2017	1945	2019	1955	2019	2001	2007	2038	1943	1371	2726	2220	2292	1899	1962	1980	1957	2066	1873	1979	2097	1412	1258	1199	1176	1293	1288	1163	1166	1158	1171	1203	1214	1394	1168	1183	1179	1186	1279	1408	1372	1196	1205	1210	1239	1412	1133	1149
16:50:26	37.0	2696	2412	2152	1862	1685	1544	1510	1440	1429	1377	1404	1422	2500	2259	2089	1813	1593	1501	1399	1359	1336	1356	1340	1360	1922	1982	2041	1983	1990	1967	2020	2000	2004	2070	1955	1386	2765	2226	2293	1901	1963	2007	1956	2066	1884	2004	2104	1420	1246	1189	1201	1298	1288	1194	1177	1153	1184	1192	1187	1383	1163	1207	1180	1198	1255	1436	1375	1208	1203	1199	1251	1424	1140	1153
16:54:26	37.0	2694	2395	2166	1868	1686	1562	1499	1420	1396	1374	1414	1416	2495	2228	2106	1831	1582	1503	1395	1359	1343	1378	1364	1390	1923	1984	2045	1975	2010	1972	2023	2032	2021	2057	1947	1377	2761	2204	2308	1912	1955	1995	1928	2098	1880	1990	2079	1390	1251	1182	1209	1294	1267	1158	1177	1147	1179	1210	1187	1411	1168	1190	1178	1172	1261	1403	1356	1186	1217	1220	1233	1434	1129	1130
16:58:26	37.0	2655	2411	2172	1867	1669	1552	1522	1448	1415	1388	1407	1412	2487	2226	2097	1816	1610	1505	1404	1347	1365	1333	1336	1366	1936	1964	2044	1970	2013	1965	2027	2010	2021	2071	1958	1366	2768	2223	2339	1914	1959	2016	1958	2078	1882	2021	2118	1391	1254	1186	1182	1283	1280	1190	1168	1155	1183	1202	1183	1394	1195	1198	1187	1186	1252	1426	1395	1175	1208	1209	1236	1448	1109	1134
17:02:26	37.0	2706	2431	2181	1860	1676	1568	1497	1449	1419	1380	1426	1409	2492	2246	2096	1802	1610	1518	1421	1357	1342	1355	1345	1396	1933	1986	2060	1989	2034	1979	2070	2033	2031	2103	1949	1396	2757	2235	2321	1904	1990	1990	1956	2085	1890	2046	2097	1407	1266	1189	1203	1301	1279	1172	1174	1150	1183	1200	1193	1401	1184	1202	1164	1178	1283	1426	1379	1228	1213	1215	1245	1422	1119	1113
17:06:26	37.0	2715	2410	2185	1860	1705	1577	1501	1452	1416	1394	1425	1402	2483	2243	2114	1818	1592	1511	1389	1368	1322	1352	1344	1383	1957	1977	2042	2001	2035	1972	2039	2065	2087	2089	1973	1400	2821	2253	2366	1946	2000	1977	1982	2081	1919	2062	2123	1389	1292	1205	1214	1297	1300	1185	1173	1154	1181	1206	1180	1382	1181	1200	1177	1197	1257	1406	1384	1213	1224	1220	1237	1425	1117	1128
17:10:26	37.0	2700	2427	2180	1870	1692	1565	1522	1471	1425	1402	1413	1409	2477	2254	2112	1802	1601	1515	1431	1368	1343	1352	1355	1400	1944	1999	2078	2031	2026	1994	2093	2059	2071	2101	1991	1404	2782	2262	2387	1933	1983	1998	2006	2131	1932	2026	2135	1404	1270	1201	1194	1323	1294	1168	1191	1168	1176	1192	1219	1408	1184	1213	1195	1201	1268	1433	1372	1194	1201	1206	1236	1440	1135	1132
17:14:26	37.0	2715	2410	2203	1895	1685	1579	1523	1445	1402	1414	1419	1421	2501	2257	2110	1848	1594	1514	1416	1376	1335	1353	1336	1375	1978	1970	2071	2015	2063	2012	2066	2048	2069	2110	1993	1375	2805	2279	2393	1943	2018	2037	1994	2115	1903	2047	2145	1383	1259	1194	1195	1307	1295	1175	1185	1142	1179	1186	1194	1426	1180	1204	1164	1200	1274	1417	1387	1191	1199	1198	1246	1431	1148	1144
17:18:26	37.0	2741	2446	2203	1892	1673	1571	1525	1449	1429	1411	1442	1412	2538	2262	2111	1817	1611	1533	1398	1365	1348	1375	1343	1393	1962	1976	2070	2044	2038	2027	2108	2060	2080	2082	1989	1413	2808	2310	2396	1956	2001	2071	1988	2130	1914	2066	2162	1402	1267	1214	1206	1318	1310	1179	1193	1160	1179	1204	1205	1413	1192	1200	1182	1186	1294	1417	1383	1196	1204	1218	1250	1428	1143	1139
17:22:26	37.0	2755	2442	2221	1867	1669	1564	1527	1469	1406	1383	1422	1427	2517	2273	2127	1814	1623	1512	1422	1353	1337	1358	1357	1385	1975	2005	2091	2019	2083	2005	2106	2110	2076	2130	1978	1419	2818	2329	2418	1973	2035	2038	2017	2136	1950	2059	2184	1390	1255	1179	1222	1304	1297	1173	1179	1149	1202	1203	1191	1418	1192	1190	1179	1188	1269	1430	1417	1198	1204	1201	1233	1445	1132	1140
17:26:26	37.0	2746	2430	2175	1838	1692	1592	1508	1446	1424	1393	1438	1419	2507	2293	2116	1829	1596	1496	1430	1358	1344	1347	1344	1377	1986	2009	2103	2017	2066	2034	2114	2073	2074	2153	2025	1397	2846	2326	2416	1994	2017	2052	1994	2107	1937	2051	2174	1382	1276	1200	1195	1298	1324	1180	1170	1153	1189	1203	1206	1422	1194	1182	1180	1200	1270	1427	1382	1215	1207	1222	1250	1435	1137	1144
17:30:26	37.0	2744	2450	2206	1882	1688	1568	1529	1462	1410	1404	1413	1416	2530	2271	2120	1823	1597	1500	1404	1357	1374	1358	1373	1388	1980	2024	2077	2065	2086	2039	2065	2105	2097	2105	2031	1394	2862	2340	2433	1997	2027	2059	2008	2140	1981	2075	2172	1411	1284	1175	1196	1311	1303	1188	1168	1165	1209	1204	1210	1414	1183	1192	1192	1212	1284	1451	1387	1224	1204	1239	1249	1405	1124	1123
17:34:26	37.0	2730	2445	2208	1868	1723	1589	1526	1482	1421	1398	1410	1420	2540	2276	2124	1816	1625	1527	1415	1373	1356	1357	1375	1369	1997	2008	2119	2047	2076	2042	2116	2084	2078	2151	2009	1391	2854	2351	2470	1993	2036	2058	2052	2149	1950	2114	2196	1405	1297	1180	1216	1326	1315	1161	1171	1165	1196	1214	1205	1400	1191	1212	1197	1200	1277	1440	1409	1209	1228	1218	1249	1429	1141	1123
17:38:26	37.0	2755	2408	2200	1912	1702	1596	1538	1437	1407	1405	1437	1433	2548	2267	2126	1812	1608	1528	1421	1370	1336	1357	1362	1387	1989	2017	2118	2044	2107	2031	2097	2094	2109	2181	2046	1406	2831	2353	2435	2008	2022	2088	2024	2169	1935	2067	2187	1421	1271	1183	1210	1328	1309	1182	1173	1150	1166	1206	1181	1415	1199	1185	1194	1210	1283	1425	1414	1184	1207	1248	1253	1430	1133	1142
17:42:26	37.0	2764	2442	2214	1878	1699	1592	1526	1458	1413	1402	1428	1438	2551	2277	2148	1818	1611	1519	1417	1386	1333	1365	1357	1397	1970	2027	2128	2041	2095	2058	2115	2082	2109	2193	2029	1394	2866	2400	2492	2009	2036	2087	2049	2174	1976	2102	2206	1415	1281	1193	1206	1334	1314	1167	1189	1163	1164	1219	1210	1422	1197	1202	1191	1188	1248	1455	1409	1211	1224	1235	1246	1419	1139	1117
17:46:26	37.0	2758	2461	2198	1866	1710	1568	1530	1465	1407	1400	1406	1437	2557	2290	2126	1804	1586	1496	1416	1370	1357	1359	1351	1397	2018	2021	2117	2094	2087	2052	2128	2105	2103	2169	2048	1407	2876	2419	2492	2052	2060	2075	2051	2164	1972	2122	2224	1418	1259	1172	1205	1338	1318	1184	1168	1148	1187	1196	1197	1406	1189	1200	1186	1208	1260	1426	1438	1230	1211	1204	1245	1430	1127	1127
17:50:26	37.0	2802	2465	2221	1895	1712	1585	1544	1462	1424	1404	1418	1429	2563	2253	2130	1843	1631	1506	1416	1363	1336	1354	1366	1400	2011	2048	2123	2080	2118	2068	2124	2117	2156	2154	2052	1391	2891	2412	2504	2045	2059	2077	2063	2185	1984	2125	2209	1431	1272	1210	1229	1334	1316	1167	1181	1175	1175	1216	1212	1411	1177	1214	1191	1224	1268	1426	1428	1206	1209	1234	1289	1438	1115	1130
17:54:26	37.0	2776	2453	2209	1890	1710	1576	1533	1471	1408	1410	1412	1430	2513	2324	2138	1826	1598	1519	1413	1378	1352	1369	1362	1409	2008	2039	2125	2080	2101	2066	2136	2139	2112	2197	2087	1405	2900	2456	2547	2048	2063	2123	2087	2194	1977	2093	2229	1425	1269	1200	1181	1320	1320	1181	1201	1175	1196	1189	1187	1443	1202	1200	1182	1192	1268	1452	1433	1220	1220	1217	1260	1448	1133	1112
17:58:26	37.0	2746	2452	2216	1880	1703	1592	1537	1458	1413	1395	1411	1419	2529	2297	2169	1846	1609	1517	1424	1378	1353	1392	1352	1388	2024	2005	2137	2072	2108	2080	2148	2104	2138	2217	2089	1401	2888	2465	2551	2050	2071	2113	2099	2173	1975	2079	2242	1432	1278	1174	1212	1319	1329	1196	1183	1159	1162	1221	1220	1403	1180	1207	1192	1183	1266	1449	1422	1190	1215	1230	1240	1438	1107	1110
18:02:26	37.0	2759	2457	2203	1894	1696	1586	1528	1468	1426	1400	1409	1443	2551	2266	2117	1809	1606	1528	1400	1362	1363	1347	1339	1399	2035	2036	2159	2085	2118	2099	2153	2136	2137	2204	2088	1392	2898	2425	2562	2023	2065	2117	2115	2216	1995	2132	2236	1399	1280	1202	1223	1341	1324	1175	1179	1173	1184	1215	1224	1410	1203	1203	1196	1197	1228	1421	1409	1214	1215	1227	1247	1413	1119	1129
18:06:26	37.0	2781	2473	2249	1869	1695	1595	1557	1454	1425	1434	1429	1418	2593	2296	2144	1835	1623	1531	1423	1372	1364	1383	1377	1416	1999	2042	2141	2104	2146	2088	2178	2139	2125	2211	2128	1394	2906	2451	2544	2003	2124	2109	2101	2221	2014	2121	2267	1409	1278	1203	1211	1307	1326	1176	1186	1163	1208	1213	1215	1423	1193	1227	1187	1201	1268	1480	1434	1221	1232	1224	1269	1445	1121	1125
18:10:26	37.0	2789	2471	2238	1884	1718	1598	1534	1463	1425	1407	1454	1426	2623	2286	2125	1831	1648	1538	1428	1371	1354	1354	1397	1408	2037	2043	2145	2092	2154	2102	2180	2114	2144	2262	2114	1406	2891	2465	2536	2057	2127	2142	2110	2201	2011	2147	2249	1428	1303	1224	1217	1341	1315	1186	1190	1159	1203	1234	1211	1441	1195	1215	1197	1211	1251	1450	1451	1242	1248	1227	1270	1429	1118	1131
18:14:26	37.0	2789	2495	2268	1887	1728	1596	1531	1483	1417	1395	1433	1416	2566	2314	2162	1856	1622	1535	1423	1367	1346	1342	1369	1425	2012	2035	2147	2112	2161	2100	2156	2111	2135	2239	2114	1382	2898	2486	2557	2042	2082	2120	2102	2224	2038	2176	2264	1423	1295	1204	1219	1335	1335	1184	1172	1165	1178	1199	1204	1421	1211	1215	1200	1216	1245	1482	1440	1241	1233	1234	1247	1440	1095	1127
18:18:26	37.0	2804	2446	2231	1915	1702	1596	1530	1483	1425	1421	1415	1422	2591	2317	2165	1849	1620	1526	1430	1378	1361	1372	1369	1417	2042	2051	2185	2110	2179	2144	2177	2116	2164	2235	2097	1393	2943	2556	2611	2062	2117	2130	2149	2228	2059	2146	2265	1432	1285	1198	1213	1321	1337	1195	1167	1160	1203	1210	1213	1429	1207	1224	1218	1214	1256	1495	1452	1206	1237	1244	1253	1459	1107	1125
18:22:26	37.0	2808	2476	2233	1861	1719	1594	1538	1466	1437	1429	1413	1413	2602	2270	2149	1826	1613	1528	1430	1384	1372	1376	1363	1404	2069	2047	2157	2124	2153	2143	2200	2118	2181	2263	2129	1410	2912	2539	2589	2054	2103	2127	2112	2252	2051	2153	2285	1440	1278	1219	1213	1333	1335	1180	1192	1163	1188	1202	1228	1435	1206	1202	1195	1220	1259	1455	1429	1240	1216	1235	1253	1443	1121	1139
18:26:26	37.0	2836	2497	2229	1913	1704	1628	1566	1504	1426	1427	1436	1440	2623	2315	2179	1873	1650	1552	1446	1399	1366	1392	1380	1415	2056	2063	2193	2107	2151	2150	2193	2097	2165	2283	2125	1423	2949	2548	2655	2048	2103	2151	2138	2275	2081	2157	2309	1442	1311	1206	1222	1330	1313	1218	1186	1153	1182	1197	1206	1442	1218	1211	1201	1204	1255	1459	1459	1214	1224	1261	1290	1476	1121	1130
18:30:26	37.0	2799	2505	2247	1901	1708	1595	1562	1482	1441	1425	1425	1442	2635	2297	2171	1856	1629	1554	1429	1403	1348	1368	1375	1411	2070	2086	2199	2099	2175	2131	2191	2127	2183	2278	2110	1417	2935	2515	2649	2016	2123	2145	2134	2289	2065	2162	2286	1428	1286	1193	1242	1350	1325	1171	1197	1174	1194	1232	1223	1435	1206	1205	1203	1205	1256	1474	1460	1231	1232	1226	1272	1434	1125	1134
18:34:26	37.0	2836	2500	2241	1906	1698	1599	1533	1480	1416	1412	1450	1428	2623	2322	2174	1866	1628	1516	1431	1380	1361	1371	1346	1410	2060	2066	2190	2123	2195	2132	2177	2143	2171	2275	2098	1406	2980	2538	2635	2044	2127	2136	2142	2279	2080	2142	2313	1417	1297	1188	1190	1334	1337	1201	1181	1156	1210	1205	1218	1448	1222	1201	1198	1209	1269	1481	1462	1219	1245	1237	1267	1442	1120	1116
18:38:26	37.0	2859	2512	2259	1918	1723	1605	1553	1490	1440	1446	1434	1451	2626	2305	2149	1848	1648	1521	1421	1393	1375	1380	1371	1402	2089	2058	2191	2106	2194	2150	2210	2121	2186	2274	2152	1412	2928	2514	2668	2030	2133	2162	2142	2254	2073	2161	2298	1409	1295	1181	1204	1325	1323	1172	1183	1163	1199	1234	1211	1436	1207	1208	1206	1217	1278	1502	1464	1227	1228	1229	1273	1449	1120	1128
18:42:26	37.0	2848	2492	2245	1908	1719	1585	1579	1490	1461	1415	1420	1445	2642	2291	2147	1859	1620	1530	1445	1409	1385	1391	1373	1401	2061	2103	2202	2116	2206	2174	2221	2114	2213	2272	2179	1400	2968	2563	2715	2033	2128	2161	2161	2320	2066	2170	2319	1441	1287	1197	1201	1359	1348	1196	1189	1184	1197	1216	1224	1425	1200	1215	1218	1217	1270	1500	1465	1221	1204	1244	1253	1434	1114	1108
18:46:26	37.0	2866	2482	2274	1911	1723	1602	1562	1507	1440	1405	1458	1434	2627	2309	2154	1842	1630	1537	1440	1396	1367	1372	1364	1424	2084	2066	2223	2150	2225	2153	2264	2131	2200	2306	2171	1425	2931	2587	2685	2056	2125	2161	2173	2308	2094	2160	2336	1426	1266	1194	1197	1344	1348	1207	1188	1162	1177	1219	1245	1448	1207	1211	1200	1195	1283	1517	1472	1243	1220	1238	1277	1454	1112	1125
18:50:26	37.0	2879	2491	2245	1902	1741	1610	1589	1474	1428	1421	1445	1447	2662	2318	2182	1839	1659	1549	1442	1393	1377	1389	1391	1407	2087	2094	2227	2158	2256	2168	2252	2133	2208	2332	2171	1438	2957	2580	2700	2055	2125	2164	2181	2294	2093	2206	2345	1402	1304	1194	1206	1343	1340	1181	1202	1173	1197	1205	1208	1451	1188	1227	1199	1209	1270	1508	1472	1243	1221	1248	1264	1445	1112	1122
18:54:26	37.0	2836	2515	2265	1909	1720	1607	1569	1496	1430	1425	1428	1436	2666	2313	2184	1861	1634	1552	1454	1405	1375	1383	1367	1412	2092	2134	2220	2150	2208	2182	2272	2143	2225	2309	2174	1416	2972	2626	2720	2044	2111	2187	2179	2321	2112	2184	2350	1409	1302	1190	1198	1369	1345	1161	1181	1181	1191	1202	1189	1440	1196	1201	1226	1192	1299	1496	1459	1221	1219	1234	1248	1470	1113	1126
18:58:26	37.0	2878	2508	2299	1927	1741	1616	1568	1496	1442	1438	1441	1453	2683	2324	2175	1884	1632	1556	1434	1414	1370	1394	1386	1432	2079	2095	2227	2166	2221	2213	2264	2140	2223	2321	2139	1422	2989	2591	2716	2108	2131	2225	2202	2352	2102	2220	2379	1423	1311	1206	1230	1350	1340	1193	1184	1169	1201	1242	1200	1461	1194	1215	1207	1223	1286	1517	1481	1219	1234	1249	1255	1458	1142	1119
19:02:26	37.0	2866	2485	2287	1924	1747	1611	1589	1504	1433	1431	1449	1465	2630	2313	2154	1853	1651	1563	1427	1424	1370	1378	1361	1419	2132	2085	2230	2144	2225	2226	2312	2140	2223	2364	2154	1424	3006	2603	2739	2025	2132	2201	2181	2340	2098	2203	2377	1415	1318	1206	1222	1364	1352	1185	1206	1169	1190	1234	1208	1446	1190	1228	1185	1219	1282	1514	1495	1226	1253	1241	1256	1503	1130	1115
19:06:26	37.0	2862	2509	2273	1910	1744	1616	1551	1530	1456	1433	1439	1437	2666	2312	2150	1861	1623	1556	1453	1399	1368	1381	1394	1422	2105	2118	2242	2150	2270	2219	2277	2172	2253	2332	2155	1424	2974	2650	2741	2053	2133	2225	2206	2338	2117	2207	2384	1433	1307	1185	1213	1356	1335	1173	1191	1168	1191	1232	1223	1448	1210	1227	1205	1222	1295	1523	1495	1240	1247	1253	1291	1475	1102	1139
19:10:26	37.0	2875	2511	2301	1939	1757	1638	1567	1516	1430	1439	1446	1447	2686	2302	2181	1866	1647	1572	1459	1403	1389	1388	1414	1436	2118	2111	2279	2172	2267	2238	2292	2147	2248	2368	2182	1426	3003	2652	2793	2063	2183	2227	2191	2370	2115	2221	2398	1449	1300	1217	1204	1365	1360	1165	1203	1165	1194	1224	1220	1470	1217	1219	1185	1234	1287	1542	1486	1249	1248	1275	1296	1481	1120	1134
19:14:26	37.0	2914	2523	2276	1949	1738	1637	1574	1508	1471	1444	1457	1443	2666	2333	2202	1867	1643	1569	1435	1415	1396	1396	1393	1433	2126	2101	2250	2187	2280	2258	2298	2189	2256	2398	2190	1449	3010	2724	2803	2067	2193	2243	2188	2386	2099	2221	2415	1425	1314	1208	1234	1369	1364	1183	1197	1173	1203	1218	1242	1471	1206	1233	1238	1217	1306	1546	1513	1234	1222	1234	1271	1466	1125	1117
19:18:26	37.0	2915	2541	2299	1947	1762	1632	1580	1514	1437	1444	1461	1461	2654	2332	2187	1882	1668	1575	1435	1416	1383	1386	1391	1448	2166	2117	2297	2193	2279	2242	2358	2190	2257	2397	2175	1429	3002	2711	2804	2054	2144	2271	2245	2387	2119	2231	2430	1448	1330	1219	1217	1372	1367	1205	1206	1168	1207	1229	1231	1478	1242	1248	1178	1225	1298	1530	1485	1241	1248	1260	1300	1481	1115	1135
19:22:26	37.0	2911	2503	2293	1933	1750	1636	1588	1517	1453	1435	1478	1469	2724	2342	2237	1871	1632	1578	1460	1407	1380	1401	1405	1442	2133	2121	2284	2224	2264	2265	2335	2188	2267	2391	2188	1441	3039	2781	2817	2068	2159	2268	2237	2431	2112	2300	2498	1419	1323	1221	1204	1360	1375	1188	1207	1171	1224	1243	1219	1461	1201	1217	1230	1220	1307	1539	1518	1224	1265	1258	1285	1443	1112	1127
19:26:26	37.0	2929	2538	2303	1941	1726	1619	1558	1536	1445	1447	1455	1461	2691	2315	2167	1868	1659	1550	1466	1411	1387	1394	1377	1422	2154	2136	2305	2212	2300	2298	2341	2187	2299	2433	2201	1441	2990	2717	2846	2068	2152	2255	2233	2416	2158	2274	2442	1448	1313	1205	1258	1351	1366	1186	1197	1172	1195	1222	1221	1458	1215	1224	1210	1224	1295	1544	1498	1223	1230	1263	1301	1483	1109	1114
19:30:26	37.0	2916	2543	2314	1941	1779	1627	1594	1521	1469	1436	1476	1462	2705	2334	2214	1895	1642	1560	1476	1408	1398	1379	1384	1452	2158	2124	2311	2195	2301	2256	2335	2210	2275	2427	2197	1454	3017	2767	2846	2064	2167	2300	2265	2421	2121	2243	2465	1423	1296	1216	1226	1373	1377	1183	1197	1183	1207	1227	1236	1476	1212	1217	1203	1219	1320	1545	1504	1248	1245	1252	1289	1473	1093	1122
19:34:26	37.0	2902	2550	2307	1940	1745	1631	1616	1529	1452	1455	1465	1457	2695	2337	2218	1886	1648	1576	1471	1408	1405	1406	1386	1446	2147	2134	2353	2192	2281	2270	2325	2209	2261	2418	2213	1450	3009	2703	2867	2112	2167	2281	2245	2441	2145	2221	2455	1448	1354	1206	1229	1366	1396	1191	1193	1179	1225	1234	1201	1477	1220	1232	1225	1228	1302	1545	1506	1255	1262	1269	1300	1478	1096	1128
19:38:26	37.0	2919	2541	2273	1950	1781	1629	1583	1532	1437	1474	1441	1460	2724	2340	2204	1900	1662	1549	1452	1387	1391	1399	1403	1447	2173	2148	2325	2222	2326	2298	2343	2200	2278	2435	2188	1430	2999	2730	2892	2115	2175	2286	2248	2446	2146	2285	2444	1419	1315	1206	1222	1365	1369	1184	1205	1176	1193	1222	1197	1466	1224	1206	1214	1236	1336	1540	1506	1240	1262	1266	1291	1494	1110	1145
19:42:26	37.0	2931	2518	2312	1958	1764	1635	1594	1517	1457	1444	1454	1477	2726	2314	2193	1888	1658	1549	1470	1388	1375	1393	1400	1417	2185	2143	2334	2201	2327	2309	2371	2194	2296	2444	2185	1446	3006	2724	2885	2114	2197	2317	2268	2471	2165	2241	2494	1434	1325	1206	1229	1350	1365	1197	1221	1176	1221	1232	1227	1455	1219	1234	1242	1203	1305	1553	1529	1244	1258	1259	1282	1484	1091	1118
19:46:26	37.0	2957	2548	2328	1960	1775	1649	1574	1530	1446	1475	1461	1476	2740	2354	2190	1889	1667	1575	1452	1415	1380	1404	1394	1437	2179	2155	2369	2235	2316	2340	2392	2240	2326	2492	2182	1442	3043	2727	2894	2107	2171	2330	2265	2488	2148	2251	2480	1441	1330	1228	1232	1389	1392	1227	1196	1193	1201	1232	1230	1490	1218	1251	1232	1234	1318	1546	1518	1263	1254	1273	1283	1491	1121	1130
19:50:26	37.0	2946	2526	2294	1951	1759	1650	1614	1513	1451	1461	1479	1462	2761	2351	2232	1914	1648	1564	1455	1418	1379	1413	1389	1459	2199	2173	2372	2226	2312	2343	2415	2220	2310	2454	2211	1440	3028	2719	2911	2105	2175	2350	2291	2472	2136	2280	2529	1436	1346	1193	1215	1404	1388	1220	1216	1179	1213	1223	1223	1497	1232	1234	1234	1220	1341	1561	1523	1242	1270	1286	1287	1495	1128	1150
19:54:26	37.0	2944	2561	2344	1967	1778	1651	1607	1527	1459	1449	1483	1475	2738	2352	2265	1898	1649	1567	1484	1429	1402	1422	1385	1452	2215	2170	2371	2279	2346	2352	2425	2252	2318	2501	2250	1439	3048	2752	2968	2104	2187	2354	2306	2509	2162	2268	2536	1453	1332	1246	1241	1370	1398	1220	1199	1198	1205	1210	1224	1498	1221	1243	1218	1243	1337	1594	1520	1244	1258	1279	1291	1481	1121	1122
19:58:26	37.0	2940	2596	2297	1957	1763	1651	1608	1546	1456	1454	1487	1450	2747	2349	2202	1882	1671	1584	1467	1430	1405	1401	1404	1454	2209	2159	2400	2232	2363	2349	2413	2228	2332	2501	2193	1448	3052	2736	2943	2125	2208	2349	2301	2504	2138	2276	2535	1425	1352	1215	1225	1373	1398	1203	1207	1187	1213	1230	1243	1475	1245	1238	1219	1228	1308	1593	1548	1253	1257	1280	1295	1483	1105	1110
20:02:26	37.0	2970	2562	2293	1948	1773	1659	1640	1533	1480	1465	1480	1469	2798	2345	2245	1923	1689	1599	1474	1427	1401	1420	1410	1457	2241	2173	2397	2260	2382	2386	2429	2259	2369	2519	2221	1482	3077	2781	2947	2097	2210	2411	2330	2504	2173	2304	2528	1434	1318	1244	1250	1405	1424	1221	1205	1185	1204	1250	1229	1499	1229	1249	1219	1225	1332	1605	1556	1254	1256	1274	1312	1485	1106	1134
20:06:26	37.0	2967	2579	2319	1993	1817	1646	1610	1537	1450	1476	1484	1451	2744	2404	2226	1905	1685	1591	1459	1435	1396	1407	1405	1449	2245	2147	2396	2260	2408	2386	2433	2266	2354	2501	2180	1439	3081	2757	3027	2080	2192	2368	2302	2541	2171	2284	2568	1447	1343	1216	1229	1409	1391	1213	1212	1180	1197	1233	1212	1457	1229	1246	1220	1242	1333	1583	1533	1249	1280	1271	1305	1490	1121	1127
20:10:26	37.0	2965	2580	2341	1973	1778	1635	1595	1530	1466	1476	1475	1501	2734	2434	2222	1914	1661	1585	1486	1411	1387	1386	1394	1440	2252	2176	2433	2255	2385	2393	2447	2258	2360	2502	2217	1434	3081	2797	2993	2092	2203	2386	2328	2546	2168	2296	2574	1431	1336	1223	1231	1403	1386	1198	1213	1174	1210	1230	1227	1491	1237	1242	1234	1254	1330	1580	1555	1262	1264	1261	1299	1506	1118	1121
20:14:26	37.0	2988	2572	2350	1962	1779	1655	1587	1538	1490	1463	1461	1457	2769	2366	2220	1911	1683	1574	1465	1434	1391	1404	1416	1468	2240	2196	2415	2272	2400	2409	2428	2246	2373	2525	2237	1440	3082	2769	2988	2108	2216	2404	2342	2551	2190	2294	2600	1450	1351	1214	1230	1407	1403	1218	1196	1205	1221	1226	1223	1501	1214	1247	1245	1226	1341	1583	1546	1268	1272	1281	1297	1480	1088	1096
20:18:26	37.0	3014	2577	2308	1983	1805	1671	1599	1554	1458	1459	1481	1498	2790	2406	2219	1905	1686	1595	1480	1434	1392	1415	1436	1491	2256	2205	2472	2334	2407	2405	2457	2312	2374	2525	2235	1485	3070	2792	2995	2067	2233	2395	2362	2612	2199	2299	2598	1435	1342	1241	1246	1411	1391	1212	1207	1190	1209	1241	1243	1501	1231	1226	1257	1232	1323	1611	1556	1253	1269	1272	1312	1477	1112	1115
20:22:26	37.0	3021	2577	2341	1977	1768	1661	1632	1546	1487	1462	1476	1494	2767	2382	2252	1911	1686	1586	1490	1436	1386	1404	1399	1487	2278	2205	2434	2320	2426	2439	2485	2300	2365	2556	2243	1457	3099	2802	3006	2105	2222	2402	2408	2574	2185	2305	2610	1457	1342	1221	1235	1420	1401	1223	1247	1191	1212	1249	1239	1502	1247	1253	1214	1225	1335	1609	1568	1257	1260	1275	1318	1477	1119	1126
20:26:26	37.0	3016	2616	2351	1967	1766	1662	1602	1554	1474	1441	1481	1479	2793	2395	2224	1874	1687	1585	1457	1438	1386	1401	1388	1468	2263	2226	2488	2322	2441	2446	2511	2290	2381	2556	2191	1491	3114	2815	3013	2089	2260	2462	2373	2589	2184	2326	2660	1490	1324	1218	1240	1403	1415	1200	1216	1197	1232	1230	1216	1511	1236	1260	1240	1214	1351	1598	1555	1261	1244	1277	1325	1509	1125	1103
20:30:26	37.0	2989	2600	2332	1969	1780	1659	1625	1548	1489	1484	1493	1484	2805	2394	2231	1920	1695	1599	1454	1425	1382	1403	1405	1473	2299	2235	2486	2315	2438	2463	2508	2339	2382	2551	2230	1474	3081	2851	3041	2096	2260	2468	2402	2602	2177	2323	2675	1460	1344	1242	1237	1401	1428	1209	1211	1193	1227	1230	1228	1516	1238	1241	1251	1214	1334	1601	1545	1266	1257	1256	1314	1506	1121	1118
20:34:26	37.0	2993	2601	2359	1966	1780	1684	1607	1546	1470	1474	1488	1473	2791	2385	2244	1930	1677	1604	1488	1425	1392	1408	1401	1466	2325	2246	2510	2309	2456	2452	2504	2319	2395	2572	2213	1478	3114	2825	3012	2119	2250	2456	2390	2641	2197	2315	2647	1451	1329	1231	1245	1401	1401	1192	1244	1197	1198	1220	1233	1507	1261	1256	1238	1240	1352	1606	1576	1270	1274	1263	1309	1507	1105	1109
20:38:26	37.0	2995	2605	2339	1997	1790	1661	1605	1558	1460	1457	1466	1504	2820	2390	2266	1932	1696	1603	1463	1429	1403	1403	1411	1445	2313	2216	2520	2364	2469	2472	2523	2338	2414	2604	2237	1456	3071	2842	3086	2115	2256	2474	2416	2595	2199	2362	2657	1469	1370	1243	1231	1402	1401	1212	1235	1206	1221	1229	1232	1500	1236	1259	1235	1234	1353	1627	1572	1269	1264	1289	1322	1492	1134	1132
20:42:26	37.0	3003	2586	2357	1966	1782	1660	1608	1540	1493	1490	1481	1488	2827	2422	2265	1898	1695	1595	1474	1430	1402	1408	1445	1461	2336	2251	2539	2374	2473	2487	2513	2340	2399	2598	2243	1466	3131	2859	3060	2104	2238	2507	2434	2648	2240	2330	2663	1458	1315	1238	1224	1381	1416	1206	1223	1193	1208	1240	1237	1504	1252	1240	1239	1221	1338	1624	1568	1274	1269	1279	1304	1529	1107	1138
20:46:26	37.0	3042	2606	2366	2001	1801	1655	1635	1554	1453	1475	1479	1492	2825	2392	2293	1911	1696	1600	1462	1430	1418	1429	1398	1479	2330	2242	2540	2393	2487	2543	2561	2349	2444	2621	2223	1469	3091	2862	3067	2115	2289	2496	2432	2660	2234	2362	2677	1436	1347	1235	1236	1395	1397	1191	1223	1213	1234	1239	1231	1511	1229	1280	1236	1250	1343	1633	1554	1263	1289	1296	1321	1517	1112	1109
20:50:26	37.0	3044	2595	2386	1994	1807	1694	1615	1556	1495	1481	1495	1482	2828	2436	2270	1906	1693	1607	1485	1427	1421	1443	1416	1473	2322	2255	2572	2362	2496	2532	2561	2346	2467	2678	2257	1482	3144	2849	3030	2141	2287	2467	2448	2679	2218	2374	2683	1455	1360	1232	1242	1401	1411	1207	1224	1207	1221	1234	1231	1493	1242	1259	1225	1243	1359	1619	1581	1246	1262	1299	1318	1513	1119	1152
20:54:26	37.1	3045	2608	2414	2003	1813	1681	1637	1558	1480	1491	1514	1501	2826	2421	2265	1932	1697	1606	1500	1445	1409	1447	1420	1454	2363	2281	2510	2390	2520	2547	2575	2367	2463	2670	2283	1471	3149	2921	3057	2130	2307	2555	2451	2686	2237	2415	2734	1463	1357	1234	1251	1404	1383	1188	1226	1186	1204	1227	1239	1497	1246	1240	1263	1237	1346	1616	1575	1277	1277	1261	1301	1522	1133	1130
20:58:26	37.0	3049	2650	2422	2030	1818	1694	1628	1560	1501	1477	1503	1537	2852	2408	2294	1949	1714	1632	1492	1444	1430	1434	1437	1493	2376	2270	2552	2441	2530	2545	2582	2373	2482	2688	2254	1492	3141	2878	3118	2159	2267	2568	2478	2659	2243	2423	2719	1467	1369	1242	1247	1413	1426	1225	1218	1204	1232	1251	1257	1527	1243	1258	1229	1246	1347	1643	1606	1266	1284	1276	1345	1511	1114	1126
21:02:26	37.0	3072	2615	2415	2002	1801	1677	1639	1568	1468	1474	1493	1500	2845	2388	2286	1937	1710	1610	1489	1433	1421	1423	1418	1493	2393	2329	2592	2413	2514	2580	2579	2388	2508	2705	2253	1513	3140	2880	3093	2146	2309	2551	2478	2708	2262	2409	2752	1479	1361	1234	1243	1415	1426	1205	1230	1202	1226	1241	1236	1541	1251	1277	1244	1254	1355	1626	1592	1289	1285	1274	1316	1522	1110	1146
21:06:26	37.0	3044	2616	2405	2013	1811	1695	1644	1566	1499	1497	1503	1487	2853	2410	2289	1933	1724	1629	1496	1430	1410	1437	1422	1465	2395	2316	2575	2435	2532	2562	2617	2415	2511	2683	2253	1488	3190	2927	3140	2119	2338	2597	2499	2710	2240	2407	2749	1463	1351	1233	1226	1396	1408	1225	1236	1196	1227	1246	1276	1521	1251	1261	1232	1249	1371	1654	1619	1269	1316	1261	1323	1535	1127	1135
21:10:26	37.0	3088	2620	2396	2022	1820	1681	1660	1570	1512	1481	1508	1538	2842	2418	2273	1911	1728	1622	1492	1454	1433	1443	1439	1485	2428	2317	2583	2464	2589	2576	2642	2426	2514	2731	2249	1485	3172	2886	3116	2144	2299	2562	2525	2723	2258	2435	2769	1455	1365	1225	1237	1402	1412	1204	1245	1212	1238	1239	1243	1532	1255	1273	1234	1248	1365	1672	1607	1256	1309	1286	1303	1534	1117	1129
21:14:26	37.0	3087	2686	2436	2024	1828	1668	1660	1558	1488	1498	1496	1522	2846	2428	2299	1949	1724	1623	1480	1460	1415	1436	1448	1468	2443	2347	2627	2484	2572	2591	2631	2410	2503	2733	2299	1477	3117	2899	3119	2191	2347	2577	2546	2723	2281	2455	2787	1452	1347	1245	1243	1407	1436	1216	1249	1194	1224	1258	1236	1540	1277	1271	1247	1254	1365	1664	1596	1258	1273	1272	1317	1531	1133	1140
21:18:26	37.0	3087	2601	2405	2023	1824	1684	1655	1540	1511	1509	1528	1491	2865	2461	2281	1965	1702	1622	1481	1460	1424	1432	1425	1457	2431	2314	2624	2485	2592	2612	2635	2470	2534	2751	2288	1493	3159	2933	3128	2176	2347	2617	2543	2740	2265	2457	2811	1453	1330	1233	1226	1420	1423	1204	1220	1219	1217	1257	1257	1525	1274	1283	1236	1278	1366	1664	1616	1263	1286	1283	1347	1512	1107	1128
21:22:26	37.0	3103	2622	2398	2035	1838	1698	1628	1587	1504	1474	1482	1502	2823	2426	2268	1932	1714	1620	1496	1465	1418	1441	1437	1463	2439	2372	2630	2471	2626	2608	2632	2456	2574	2731	2298	1463	3173	2937	3129	2151	2339	2656	2543	2780	2291	2453	2800	1458	1350	1224	1251	1402	1444	1200	1223	1183	1233	1245	1250	1525	1253	1266	1238	1262	1336	1634	1618	1276	1294	1300	1324	1512	1100	1136
21:26:26	37.0	3089	2661	2419	2016	1808	1703	1634	1553	1480	1498	1526	1498	2863	2431	2269	1940	1700	1631	1517	1447	1392	1449	1446	1486	2494	2360	2618	2499	2622	2614	2674	2480	2506	2742	2318	1489	3195	2971	3139	2185	2337	2614	2569	2800	2260	2475	2842	1508	1352	1227	1266	1433	1417	1215	1235	1194	1220	1252	1231	1563	1242	1269	1246	1238	1378	1675	1618	1276	1273	1281	1330	1527	1090	1126
21:30:26	37.0	3127	2636	2412	2012	1820	1729	1645	1585	1484	1486	1505	1508	2880	2438	2295	1930	1718	1628	1488	1458	1415	1432	1434	1486	2494	2386	2669	2518	2650	2639	2686	2498	2585	2765	2322	1504	3197	2953	3225	2208	2378	2649	2592	2793	2272	2500	2861	1471	1378	1236	1243	1422	1412	1210	1240	1182	1218	1251	1254	1533	1245	1291	1247	1244	1357	1677	1630	1279	1267	1310	1330	1538	1121	1126
21:34:26	37.0	3099	2661	2429	2035	1837	1699	1667	1578	1487	1518	1515	1506	2868	2434	2290	1955	1710	1631	1500	1467	1435	1456	1457	1507	2522	2405	2649	2528	2631	2643	2702	2504	2562	2817	2328	1492	3155	2933	3207	2231	2389	2667	2563	2796	2286	2529	2872	1490	1366	1249	1240	1411	1437	1221	1211	1218	1232	1249	1247	1551	1250	1269	1273	1272	1378	1660	1662	1288	1307	1311	1308	1553	1122	1126
21:38:26	37.0	3112	2681	2413	2059	1859	1697	1652	1581	1517	1489	1536	1532	2881	2437	2313	1960	1727	1654	1503	1465	1408	1428	1451	1521	2522	2446	2714	2562	2651	2694	2727	2479	2602	2830	2329	1515	3195	2989	3212	2239	2416	2668	2618	2817	2303	2520	2891	1464	1353	1252	1268	1427	1430	1208	1225	1211	1235	1239	1237	1530	1248	1300	1265	1262	1371	1684	1645	1299	1309	1304	1328	1544	1117	1149
21:42:26	37.0	3126	2655	2446	2038	1845	1698	1677	1586	1510	1505	1522	1526	2885	2460	2319	1942	1731	1665	1480	1456	1410	1438	1453	1489	2502	2417	2693	2580	2688	2697	2717	2555	2622	2833	2313	1512	3196	2963	3226	2248	2419	2706	2616	2848	2283	2487	2884	1478	1357	1246	1242	1432	1423	1221	1238	1215	1232	1265	1272	1551	1255	1289	1259	1263	1388	1687	1627	1277	1301	1279	1336	1528	1109	1116
21:46:26	37.0	3098	2663	2431	2045	1841	1698	1656	1564	1489	1523	1526	1522	2886	2453	2298	1941	1724	1626	1493	1462	1416	1437	1446	1491	2536	2425	2729	2552	2706	2681	2730	2533	2606	2854	2322	1498	3248	2969	3209	2248	2419	2689	2605	2812	2308	2552	2884	1465	1363	1227	1234	1421	1424	1204	1240	1206	1220	1261	1272	1527	1275	1290	1256	1275	1378	1712	1650	1260	1290	1313	1323	1532	1107	1123
21:50:26	37.0	3130	2682	2401	2028	1857	1718	1653	1571	1517	1486	1518	1523	2912	2467	2328	1964	1731	1631	1513	1459	1437	1447	1470	1488	2569	2502	2754	2563	2693	2717	2750	2571	2646	2882	2311	1483	3240	2947	3212	2279	2467	2738	2658	2883	2324	2555	2913	1488	1380	1264	1263	1449	1451	1226	1243	1206	1247	1244	1256	1583	1271	1304	1249	1256	1392	1691	1685	1276	1309	1287	1340	1545	1128	1129
21:54:26	37.0	3137	2683	2474	2046	1851	1713	1672	1585	1509	1497	1515	1521	2870	2487	2303	1987	1715	1623	1519	1469	1452	1479	1445	1490	2578	2487	2763	2617	2748	2732	2774	2621	2679	2890	2358	1518	3238	3006	3258	2279	2435	2746	2647	2876	2333	2569	2935	1473	1382	1250	1271	1439	1437	1207	1224	1222	1236	1244	1252	1545	1260	1299	1250	1258	1376	1693	1653	1289	1309	1300	1330	1541	1104	1125
21:58:26	37.0	3162	2700	2478	2071	1877	1723	1680	1598	1501	1511	1532	1551	2926	2433	2333	1971	1731	1644	1505	1491	1427	1439	1470	1524	2566	2471	2798	2618	2756	2747	2785	2586	2682	2864	2325	1516	3288	3000	3226	2313	2459	2731	2659	2932	2324	2567	2949	1487	1360	1270	1280	1469	1425	1225	1234	1213	1249	1259	1256	1559	1295	1282	1283	1266	1374	1689	1688	1279	1286	1318	1352	1560	1118	1134
22:02:26	37.0	3149	2670	2440	2035	1853	1720	1659	1588	1526	1503	1530	1536	2902	2485	2318	1968	1753	1646	1509	1465	1439	1452	1451	1495	2604	2489	2790	2606	2733	2745	2816	2594	2710	2900	2338	1498	3233	2991	3221	2279	2454	2741	2703	2891	2301	2573	2942	1477	1350	1240	1251	1404	1452	1234	1238	1219	1223	1263	1243	1535	1267	1306	1252	1272	1351	1697	1653	1298	1287	1314	1348	1560	1114	1118
22:06:26	37.0	3171	2681	2463	2037	1844	1707	1674	1578	1533	1518	1543	1548	2937	2491	2337	1973	1738	1640	1506	1475	1427	1468	1466	1517	2611	2521	2795	2663	2796	2737	2790	2662	2734	2954	2334	1515	3253	3037	3242	2309	2480	2802	2734	2919	2306	2601	2944	1464	1389	1253	1260	1439	1451	1207	1231	1250	1246	1265	1254	1537	1271	1272	1259	1268	1381	1708	1691	1278	1315	1314	1372	1552	1127	1115
22:10:26	37.0	3143	2709	2468	2103	1893	1742	1683	1618	1519	1523	1544	1533	2924	2458	2323	1957	1741	1631	1522	1478	1446	1463	1456	1513	2621	2534	2845	2636	2738	2741	2821	2653	2743	2932	2367	1508	3297	3070	3252	2324	2504	2775	2715	2950	2357	2578	2976	1480	1391	1241	1251	1425	1442	1220	1237	1220	1253	1258	1254	1562	1273	1297	1259	1266	1381	1719	1675	1305	1314	1325	1358	1543	1112	1119
22:14:26	37.0	3177	2703	2477	2083	1880	1708	1689	1599	1506	1501	1541	1532	2939	2505	2310	1942	1724	1648	1516	1463	1436	1462	1455	1493	2635	2536	2841	2681	2755	2756	2837	2676	2700	2914	2391	1514	3271	3024	3264	2324	2472	2817	2718	2940	2356	2600	2985	1471	1382	1236	1271	1443	1471	1241	1248	1224	1220	1258	1259	1545	1287	1306	1273	1265	1401	1736	1680	1289	1319	1318	1366	1552	1122	1130
22:18:26	37.0	3174	2686	2488	2068	1849	1742	1677	1628	1521	1540	1531	1548	2908	2485	2320	1937	1752	1633	1534	1494	1440	1460	1467	1509	2656	2548	2824	2695	2812	2748	2827	2672	2730	2964	2391	1499	3266	3054	3256	2343	2531	2833	2750	2927	2358	2649	3013	1493	1374	1274	1265	1459	1454	1217	1229	1228	1238	1256	1284	1552	1269	1287	1249	1272	1386	1698	1699	1311	1287	1325	1385	1579	1103	1132
22:22:26	37.0	3227	2701	2500	2075	1849	1728	1676	1586	1520	1501	1530	1551	2989	2531	2331	1955	1749	1665	1489	1467	1423	1473	1438	1500	2654	2537	2858	2723	2835	2808	2837	2667	2713	2968	2402	1531	3272	3062	3258	2376	2518	2824	2774	2926	2356	2642	3051	1484	1400	1264	1260	1468	1444	1203	1243	1200	1247	1283	1245	1559	1277	1302	1265	1265	1379	1705	1698	1296	1300	1325	1327	1548	1091	1116
22:26:26	37.0	3221	2710	2495	2091	1852	1736	1713	1629	1514	1509	1527	1554	2961	2502	2335	2012	1771	1651	1517	1466	1423	1466	1466	1516	2677	2566	2853	2746	2809	2764	2849	2697	2708	2990	2406	1530	3294	3085	3295	2377	2534	2829	2771	2947	2363	2665	3009	1489	1389	1260	1270	1435	1465	1223	1244	1220	1226	1286	1262	1594	1291	1294	1257	1282	1399	1732	1716	1320	1316	1347	1361	1576	1112	1149
22:30:26	37.0	3159	2714	2532	2097	1867	1749	1687	1600	1526	1525	1560	1547	2971	2535	2375	1973	1749	1653	1521	1463	1429	1470	1478	1530	2658	2611	2844	2737	2819	2799	2860	2704	2680	3030	2388	1528	3319	3082	3312	2383	2516	2853	2767	2979	2374	2669	3031	1478	1381	1247	1262	1444	1463	1229	1257	1215	1239	1272	1267	1564	1288	1295	1259	1272	1408	1724	1716	1294	1318	1324	1369	1546	1122	1142
22:34:26	37.0	3227	2726	2492	2074	1879	1756	1696	1611	1522	1516	1529	1542	2980	2500	2355	1980	1750	1640	1523	1504	1452	1463	1463	1491	2707	2613	2872	2783	2860	2799	2855	2765	2737	3020	2403	1529	3366	3138	3309	2366	2517	2877	2784	2966	2396	2707	3057	1483	1390	1277	1248	1434	1461	1212	1247	1203	1250	1276	1264	1597	1306	1299	1281	1290	1403	1721	1701	1309	1320	1318	1364	1572	1105	1122
22:38:26	37.0	3181	2705	2519	2092	1893	1758	1687	1616	1529	1521	1528	1524	3004	2523	2333	1992	1761	1656	1517	1453	1464	1466	1450	1514	2670	2601	2909	2761	2880	2812	2880	2747	2744	3003	2415	1522	3323	3134	3274	2397	2557	2896	2768	3027	2379	2700	3080	1478	1386	1269	1266	1459	1473	1219	1247	1223	1233	1274	1262	1562	1275	1275	1261	1290	1375	1734	1695	1335	1309	1318	1353	1557	1103	1121
22:42:26	37.0	3228	2736	2526	2112	1857	1730	1677	1608	1524	1513	1517	1566	2986	2508	2355	1979	1749	1656	1522	1478	1457	1452	1459	1514	2686	2623	2887	2789	2899	2790	2912	2802	2714	3024	2417	1528	3323	3138	3283	2435	2551	2855	2814	3015	2447	2729	3044	1465	1373	1263	1275	1473	1456	1239	1249	1217	1250	1281	1253	1593	1283	1315	1265	1283	1409	1765	1686	1303	1298	1331	1367	1541	1109	1137
22:46:26	37.0	3201	2751	2539	2083	1876	1745	1697	1612	1532	1514	1528	1532	2982	2520	2350	1999	1781	1646	1512	1490	1465	1442	1479	1524	2701	2623	2877	2784	2904	2831	2965	2817	2746	3032	2414	1556	3364	3157	3352	2442	2591	2862	2822	3016	2397	2727	3087	1493	1401	1264	1259	1464	1487	1229	1230	1217	1251	1272	1267	1587	1294	1342	1269	1280	1391	1758	1707	1326	1327	1332	1346	1567	1114	1116
22:50:26	37.0	3264	2752	2528	2090	1906	1745	1704	1598	1520	1535	1536	1531	3010	2532	2346	1993	1771	1660	1525	1483	1441	1463	1455	1542	2718	2662	2871	2784	2913	2818	2901	2792	2731	3036	2433	1517	3359	3129	3340	2423	2590	2874	2836	3009	2395	2726	3133	1474	1366	1270	1270	1471	1471	1231	1234	1224	1242	1259	1274	1572	1284	1318	1263	1277	1409	1750	1717	1301	1307	1321	1362	1562	1114	1121
22:54:26	37.0	3230	2755	2524	2090	1836	1732	1702	1616	1561	1534	1541	1542	2999	2533	2372	2004	1758	1655	1516	1490	1447	1467	1471	1527	2701	2650	2900	2803	2957	2864	2941	2810	2764	3100	2475	1530	3361	3202	3356	2487	2627	2899	2868	3039	2422	2738	3114	1522	1388	1271	1283	1454	1501	1244	1244	1218	1257	1277	1266	1617	1288	1334	1286	1290	1401	1781	1736	1326	1309	1334	1359	1574	1113	1127
22:58:26	37.0	3240	2741	2546	2099	1899	1751	1677	1602	1541	1531	1559	1546	3000	2531	2358	1982	1760	1661	1551	1504	1479	1462	1479	1556	2671	2665	2917	2865	2971	2851	2955	2829	2774	3086	2453	1531	3402	3230	3343	2489	2623	2926	2864	3051	2444	2764	3131	1509	1403	1275	1271	1458	1472	1218	1234	1234	1261	1268	1268	1573	1301	1320	1271	1295	1421	1771	1725	1334	1298	1310	1368	1584	1124	1137
23:02:26	37.0	3258	2755	2519	2120	1902	1755	1707	1621	1556	1538	1558	1556	3025	2537	2321	1986	1761	1667	1520	1477	1455	1472	1457	1531	2723	2710	2941	2882	2997	2885	2954	2836	2760	3116	2455	1529	3409	3218	3339	2512	2605	2928	2858	3048	2468	2775	3157	1478	1436	1247	1283	1470	1468	1247	1254	1225	1247	1269	1263	1586	1270	1301	1284	1300	1391	1785	1723	1299	1311	1337	1377	1592	1113	1152
23:06:26	37.0	3260	2762	2539	2115	1892	1772	1717	1619	1540	1521	1545	1553	3014	2553	2385	1997	1769	1655	1540	1486	1460	1480	1462	1540	2732	2704	2932	2842	3030	2837	2988	2880	2779	3127	2473	1537	3416	3220	3396	2510	2642	2924	2889	3052	2504	2797	3161	1503	1415	1261	1273	1465	1469	1226	1257	1243	1250	1263	1271	1579	1289	1315	1276	1309	1406	1759	1741	1308	1327	1347	1365	1569	1128	1150
23:10:26	37.0	3245	2746	2537	2098	1911	1745	1702	1601	1556	1541	1552	1536	3040	2518	2345	2005	1765	1650	1540	1501	1470	1480	1478	1528	2760	2699	2943	2869	2966	2862	2977	2896	2780	3113	2480	1551	3427	3195	3376	2491	2641	2930	2888	3086	2487	2813	3164	1468	1394	1257	1270	1484	1471	1235	1271	1237	1267	1268	1286	1594	1300	1327	1279	1307	1394	1774	1746	1317	1331	1315	1395	1585	1114	1144
23:14:26	37.0	3290	2753	2577	2141	1912	1766	1711	1628	1573	1545	1557	1576	3049	2537	2379	2011	1796	1666	1542	1489	1455	1485	1482	1533	2793	2799	2951	2885	3035	2871	2996	2916	2826	3169	2481	1532	3467	3233	3332	2473	2713	2941	2897	3075	2473	2837	3152	1480	1393	1291	1290	1473	1487	1231	1267	1223	1260	1270	1282	1606	1298	1340	1289	1304	1401	1783	1758	1308	1319	1342	1394	1608	1108	1137
23:18:26	37.0	3283	2771	2564	2108	1904	1767	1736	1632	1546	1517	1558	1560	3071	2586	2358	2009	1758	1665	1536	1518	1481	1489	1474	1543	2772	2744	2996	2900	3041	2924	2979	2905	2836	3134	2491	1526	3441	3223	3352	2529	2718	2954	2959	3130	2497	2827	3173	1487	1422	1282	1271	1480	1474	1244	1276	1214	1261	1249	1292	1582	1289	1321	1281	1309	1414	1792	1756	1331	1314	1355	1382	1592	1111	1144
23:22:26	37.0	3300	2787	2583	2122	1898	1799	1728	1624	1550	1544	1575	1568	3048	2576	2384	1995	1791	1683	1544	1483	1475	1478	1483	1535	2754	2780	3001	2960	3026	2908	3020	2954	2824	3162	2486	1539	3466	3224	3389	2566	2683	2970	3003	3113	2504	2864	3228	1487	1416	1269	1254	1445	1489	1250	1260	1217	1257	1288	1290	1591	1290	1339	1308	1303	1423	1804	1765	1325	1336	1354	1383	1599	1112	1137
23:26:26	37.0	3311	2789	2554	2127	1922	1779	1717	1624	1549	1523	1565	1579	3030	2574	2369	2002	1760	1689	1539	1486	1467	1473	1479	1538	2792	2775	2959	2934	3079	2884	2977	2946	2832	3212	2491	1526	3464	3235	3392	2544	2690	2985	2972	3139	2533	2884	3205	1499	1409	1272	1272	1480	1492	1239	1253	1234	1265	1289	1271	1609	1309	1331	1299	1298	1434	1817	1755	1343	1310	1333	1375	1606	1113	1124
23:30:26	37.0	3351	2763	2582	2149	1917	1771	1745	1641	1576	1566	1555	1572	3097	2565	2395	2048	1793	1679	1557	1508	1466	1485	1506	1544	2816	2810	3033	2977	3084	2938	3015	2961	2860	3200	2511	1530	3488	3257	3414	2595	2717	2970	3000	3130	2533	2906	3274	1498	1424	1280	1274	1485	1499	1247	1257	1239	1255	1275	1300	1615	1304	1346	1277	1310	1426	1823	1755	1325	1322	1364	1374	1623	1105	1131
23:34:26	37.0	3312	2801	2586	2147	1918	1768	1739	1632	1574	1563	1577	1590	3074	2568	2406	1994	1760	1687	1545	1510	1481	1511	1495	1517	2846	2821	2996	2969	3088	2932	3022	2947	2861	3212	2521	1550	3503	3311	3423	2586	2745	2976	2999	3169	2536	2899	3245	1514	1411	1254	1280	1469	1491	1230	1251	1233	1240	1289	1273	1615	1294	1330	1309	1325	1451	1811	1778	1316	1345	1362	1375	1581	1106	1146
23:38:26	37.0	3346	2823	2618	2176	1912	1778	1755	1645	1581	1545	1578	1596	3099	2586	2397	2040	1787	1677	1556	1527	1497	1518	1458	1546	2859	2826	3021	3012	3090	2947	3059	2968	2923	3296	2510	1568	3452	3293	3445	2619	2755	2994	3024	3152	2609	2925	3260	1492	1400	1279	1289	1441	1488	1240	1269	1251	1260	1270	1278	1610	1295	1341	1296	1317	1429	1840	1775	1332	1335	1356	1383	1605	1116	1138
23:42:26	37.0	3315	2840	2611	2141	1919	1776	1758	1660	1596	1563	1587	1595	3104	2622	2397	2043	1802	1701	1548	1508	1490	1505	1496	1578	2837	2836	3033	2959	3122	2948	3073	3010	2923	3253	2533	1544	3505	3359	3432	2627	2768	3052	3033	3187	2608	2906	3292	1508	1419	1282	1304	1461	1515	1245	1267	1250	1272	1280	1292	1613	1289	1333	1300	1324	1431	1834	1795	1338	1340	1360	1401	1575	1124	1148
23:46:26	37.0	3309	2841	2625	2146	1950	1819	1779	1632	1581	1560	1619	1589	3156	2604	2430	2021	1804	1687	1579	1523	1478	1474	1508	1564	2850	2855	3065	2972	3110	2937	3087	3022	2903	3284	2555	1567	3526	3323	3438	2642	2799	3003	3049	3210	2611	2903	3324	1499	1438	1284	1273	1491	1492	1258	1277	1251	1244	1278	1297	1594	1289	1361	1280	1322	1420	1817	1786	1336	1354	1370	1390	1596	1115	1133
23:50:26	37.0	3319	2818	2614	2152	1930	1782	1747	1646	1581	1553	1584	1599	3109	2592	2366	2006	1829	1684	1568	1507	1480	1503	1503	1564	2864	2850	3072	3010	3103	2988	3095	3032	2921	3266	2552	1565	3515	3323	3414	2639	2785	3040	3042	3216	2615	2945	3339	1496	1410	1262	1279	1466	1488	1235	1271	1244	1282	1289	1288	1620	1275	1338	1304	1327	1428	1828	1774	1342	1336	1362	1402	1620	1112	1144
23:54:26	37.0	3368	2818	2647	2171	1920	1813	1772	1653	1594	1575	1599	1607	3156	2596	2416	2059	1838	1701	1570	1533	1489	1515	1498	1573	2903	2883	3093	3034	3137	2960	3080	3048	2947	3286	2552	1569	3576	3347	3416	2648	2841	3048	3056	3200	2669	2961	3357	1527	1415	1279	1287	1476	1490	1263	1252	1228	1273	1278	1287	1618	1287	1356	1301	1329	1445	1858	1814	1337	1361	1355	1401	1621	1123	1133
23:58:26	37.0	3337	2820	2666	2156	1951	1799	1766	1654	1601	1559	1598	1599	3125	2620	2416	2039	1807	1694	1569	1534	1494	1501	1499	1565	2924	2831	3073	3045	3154	3003	3106	3031	2956	3284	2552	1551	3544	3379	3451	2692	2804	3065	3074	3222	2634	3012	3326	1488	1410	1299	1288	1448	1489	1266	1289	1250	1269	1290	1292	1635	1292	1356	1316	1306	1442	1866	1813	1311	1331	1356	1415	1647	1111	1131
24:02:26	37.0	3336	2861	2628	2161	1952	1806	1779	1657	1612	1561	1608	1613	3112	2618	2420	2057	1818	1732	1564	1529	1491	1538	1486	1563	2900	2878	3127	3050	3145	3000	3136	3066	2959	3341	2588	1579	3561	3401	3481	2670	2843	3068	3062	3254	2636	3032	3364	1501	1426	1276	1270	1502	1527	1227	1274	1255	1270	1293	1279	1631	1297	1355	1305	1328	1445	1831	1809	1336	1355	1378	1416	1617	1124	1164

od600:600

Time	T° od600:600	B1	B2	B3	B4	B5	B6	B7	B8	B9	B10	B11	B12	C1	C2	C3	C4	C5	C6	C7	C8	C9	C10	C11	C12	D1	D2	D3	D4	D5	D6	D7	D8	D9	D10	D11	D12	E1	E2	E3	E4	E5	E6	E7	E8	E9	E10	E11	E12	F1	F2	F3	F4	F5	F6	F7	F8	F9	F10	F11	F12	G1	G2	G3	G4	G5	G6	G7	G8	G9	G10	G11	G12	H11	H12
0:03:12	37.0	0.157	0.160	0.154	0.149	0.161	0.151	0.160	0.157	0.149	0.152	0.149	0.150	0.161	0.161	0.155	0.160	0.153	0.151	0.157	0.151	0.159	0.156	0.151	0.144	0.157	0.157	0.156	0.147	0.150	0.145	0.151	0.146	0.158	0.147	0.147	0.147	0.155	0.156	0.152	0.144	0.158	0.155	0.155	0.155	0.147	0.148	0.149	0.151	0.151	0.169	0.155	0.161	0.155	0.155	0.155	0.165	0.158	0.152	0.161	0.148	0.163	0.156	0.160	0.152	0.150	0.151	0.152	0.155	0.153	0.149	0.149	0.147	0.148	0.147
0:07:12	37.0	0.157	0.160	0.154	0.150	0.162	0.151	0.158	0.155	0.147	0.150	0.150	0.152	0.160	0.163	0.157	0.162	0.156	0.153	0.157	0.150	0.156	0.154	0.152	0.146	0.161	0.159	0.157	0.148	0.152	0.146	0.153	0.146	0.158	0.149	0.148	0.147	0.156	0.159	0.154	0.145	0.160	0.157	0.156	0.156	0.147	0.147	0.149	0.152	0.151	0.165	0.154	0.161	0.154	0.155	0.158	0.165	0.158	0.153	0.159	0.149	0.162	0.157	0.162	0.152	0.150	0.151	0.152	0.155	0.151	0.149	0.149	0.148	0.149	0.149
0:11:12	37.0	0.158	0.162	0.155	0.151	0.162	0.152	0.160	0.156	0.148	0.151	0.152	0.153	0.159	0.163	0.156	0.164	0.157	0.155	0.158	0.151	0.156	0.156	0.150	0.147	0.161	0.158	0.158	0.149	0.153	0.148	0.154	0.146	0.158	0.150	0.149	0.149	0.156	0.159	0.154	0.147	0.162	0.158	0.158	0.157	0.147	0.149	0.149	0.152	0.151	0.165	0.153	0.161	0.155	0.155	0.157	0.165	0.157	0.154	0.159	0.151	0.162	0.157	0.162	0.152	0.150	0.151	0.152	0.154	0.150	0.149	0.148	0.150	0.149	0.149
0:15:12	37.0	0.159	0.165	0.157	0.154	0.164	0.155	0.162	0.159	0.150	0.154	0.152	0.155	0.159	0.164	0.156	0.165	0.158	0.156	0.160	0.153	0.158	0.159	0.152	0.148	0.159	0.159	0.158	0.150	0.153	0.149	0.155	0.148	0.160	0.151	0.149	0.150	0.156	0.159	0.155	0.148	0.162	0.159	0.158	0.157	0.148	0.150	0.149	0.152	0.152	0.165	0.153	0.162	0.155	0.156	0.158	0.164	0.159	0.154	0.161	0.154	0.163	0.157	0.162	0.153	0.150	0.152	0.153	0.154	0.151	0.149	0.149	0.150	0.150	0.150
0:19:12	37.0	0.161	0.167	0.160	0.158	0.165	0.158	0.164	0.162	0.152	0.157	0.153	0.157	0.160	0.166	0.158	0.167	0.161	0.160	0.163	0.156	0.161	0.162	0.153	0.150	0.160	0.160	0.159	0.152	0.154	0.150	0.156	0.149	0.161	0.152	0.150	0.151	0.157	0.160	0.156	0.149	0.162	0.159	0.159	0.158	0.150	0.151	0.150	0.154	0.153	0.166	0.153	0.163	0.157	0.158	0.159	0.165	0.160	0.155	0.163	0.156	0.164	0.158	0.163	0.153	0.151	0.153	0.153	0.155	0.152	0.150	0.150	0.151	0.151	0.151
0:23:12	37.0	0.162	0.170	0.162	0.161	0.166	0.160	0.166	0.164	0.153	0.159	0.153	0.161	0.161	0.167	0.161	0.171	0.165	0.164	0.167	0.159	0.164	0.166	0.154	0.151	0.162	0.162	0.161	0.154	0.156	0.151	0.158	0.151	0.161	0.153	0.151	0.153	0.158	0.161	0.158	0.151	0.163	0.161	0.161	0.160	0.154	0.153	0.153	0.152	0.154	0.167	0.154	0.164	0.157	0.160	0.160	0.166	0.162	0.156	0.165	0.157	0.164	0.159	0.164	0.152	0.152	0.153	0.154	0.156	0.153	0.151	0.152	0.149	0.152	0.151
0:27:12	37.0	0.164	0.172	0.163	0.162	0.167	0.162	0.168	0.166	0.154	0.160	0.154	0.167	0.162	0.169	0.163	0.174	0.168	0.168	0.170	0.162	0.169	0.169	0.156	0.152	0.164	0.164	0.163	0.157	0.158	0.154	0.160	0.154	0.163	0.155	0.153	0.154	0.160	0.163	0.159	0.152	0.165	0.163	0.163	0.162	0.159	0.156	0.156	0.153	0.155	0.168	0.156	0.166	0.159	0.162	0.161	0.168	0.165	0.157	0.168	0.159	0.166	0.160	0.164	0.153	0.153	0.154	0.155	0.157	0.154	0.152	0.153	0.150	0.154	0.152
0:31:12	37.0	0.166	0.172	0.165	0.162	0.168	0.162	0.168	0.166	0.156	0.161	0.155	0.170	0.164	0.171	0.165	0.177	0.168	0.170	0.173	0.164	0.171	0.171	0.159	0.153	0.166	0.167	0.166	0.159	0.161	0.157	0.163	0.157	0.166	0.157	0.155	0.155	0.161	0.164	0.161	0.155	0.167	0.167	0.165	0.165	0.165	0.159	0.160	0.154	0.158	0.170	0.157	0.167	0.160	0.165	0.163	0.170	0.167	0.160	0.172	0.160	0.169	0.161	0.166	0.155	0.154	0.155	0.156	0.159	0.154	0.154	0.155	0.150	0.157	0.153
0:35:12	37.0	0.168	0.174	0.166	0.163	0.169	0.163	0.169	0.167	0.157	0.162	0.158	0.174	0.167	0.172	0.166	0.178	0.169	0.170	0.175	0.166	0.173	0.172	0.162	0.154	0.169	0.169	0.168	0.162	0.164	0.159	0.165	0.159	0.169	0.159	0.157	0.156	0.164	0.167	0.163	0.157	0.170	0.169	0.168	0.168	0.167	0.162	0.162	0.156	0.160	0.172	0.160	0.170	0.163	0.167	0.165	0.171	0.169	0.163	0.175	0.161	0.171	0.163	0.168	0.156	0.155	0.157	0.158	0.161	0.156	0.156	0.158	0.151	0.160	0.155
0:39:12	37.0	0.170	0.176	0.168	0.165	0.170	0.165	0.170	0.169	0.160	0.164	0.160	0.176	0.170	0.175	0.169	0.180	0.171	0.172	0.176	0.168	0.176	0.173	0.165	0.155	0.172	0.172	0.169	0.163	0.166	0.162	0.167	0.161	0.170	0.161	0.159	0.158	0.168	0.169	0.165	0.159	0.173	0.171	0.170	0.170	0.168	0.164	0.165	0.157	0.163	0.175	0.162	0.171	0.166	0.169	0.167	0.173	0.171	0.165	0.178	0.163	0.174	0.166	0.169	0.158	0.157	0.159	0.160	0.163	0.158	0.159	0.160	0.152	0.162	0.156
0:43:12	37.0	0.172	0.179	0.170	0.167	0.173	0.167	0.173	0.171	0.163	0.166	0.164	0.180	0.173	0.177	0.171	0.181	0.172	0.173	0.179	0.171	0.178	0.176	0.169	0.156	0.174	0.173	0.172	0.166	0.168	0.164	0.170	0.164	0.172	0.163	0.162	0.161	0.171	0.172	0.167	0.161	0.174	0.173	0.172	0.172	0.170	0.167	0.168	0.159	0.166	0.177	0.166	0.174	0.167	0.172	0.170	0.175	0.173	0.168	0.180	0.165	0.178	0.168	0.171	0.160	0.159	0.161	0.162	0.165	0.160	0.161	0.162	0.154	0.166	0.159
0:47:12	37.0	0.176	0.182	0.173	0.171	0.175	0.170	0.176	0.174	0.166	0.170	0.167	0.183	0.176	0.180	0.173	0.184	0.175	0.176	0.182	0.174	0.182	0.179	0.173	0.158	0.178	0.177	0.174	0.169	0.171	0.167	0.172	0.167	0.176	0.166	0.164	0.165	0.175	0.174	0.170	0.164	0.176	0.175	0.174	0.175	0.172	0.170	0.171	0.163	0.169	0.180	0.169	0.177	0.170	0.175	0.172	0.178	0.176	0.171	0.183	0.167	0.181	0.171	0.174	0.163	0.161	0.163	0.165	0.168	0.163	0.164	0.165	0.156	0.168	0.162
0:51:12	37.0	0.179	0.186	0.177	0.175	0.179	0.173	0.179	0.178	0.170	0.174	0.171	0.187	0.180	0.183	0.176	0.187	0.179	0.179	0.186	0.177	0.186	0.183	0.177	0.161	0.181	0.180	0.177	0.172	0.174	0.170	0.175	0.170	0.179	0.169	0.167	0.167	0.178	0.178	0.173	0.167	0.180	0.178	0.177	0.178	0.174	0.173	0.175	0.166	0.172	0.183	0.172	0.180	0.173	0.178	0.176	0.182	0.179	0.174	0.187	0.170	0.185	0.175	0.177	0.166	0.164	0.167	0.168	0.171	0.166	0.167	0.168	0.159	0.170	0.165
0:55:12	37.0	0.183	0.190	0.181	0.180	0.183	0.177	0.184	0.183	0.174	0.178	0.176	0.192	0.183	0.187	0.180	0.191	0.184	0.184	0.191	0.182	0.191	0.188	0.183	0.164	0.185	0.184	0.181	0.175	0.177	0.173	0.178	0.174	0.183	0.172	0.172	0.170	0.182	0.182	0.177	0.170	0.183	0.182	0.181	0.181	0.178	0.176	0.179	0.168	0.176	0.187	0.176	0.184	0.178	0.182	0.179	0.185	0.183	0.177	0.191	0.173	0.189	0.179	0.180	0.170	0.168	0.170	0.171	0.175	0.170	0.171	0.171	0.162	0.173	0.168
0:59:12	37.0	0.188	0.196	0.185	0.186	0.188	0.182	0.189	0.189	0.180	0.183	0.181	0.197	0.189	0.192	0.184	0.196	0.190	0.189	0.196	0.187	0.197	0.193	0.189	0.167	0.190	0.188	0.184	0.179	0.181	0.178	0.183	0.178	0.187	0.176	0.176	0.174	0.187	0.186	0.181	0.174	0.186	0.185	0.185	0.186	0.182	0.180	0.184	0.172	0.180	0.192	0.181	0.188	0.182	0.186	0.183	0.190	0.187	0.181	0.195	0.177	0.194	0.183	0.184	0.175	0.171	0.175	0.176	0.179	0.175	0.175	0.176	0.164	0.177	0.172
1:03:12	37.0	0.193	0.201	0.191	0.192	0.193	0.188	0.195	0.195	0.186	0.189	0.188	0.204	0.194	0.197	0.190	0.204	0.194	0.195	0.201	0.194	0.203	0.202	0.196	0.171	0.196	0.194	0.189	0.184	0.187	0.182	0.187	0.183	0.192	0.181	0.181	0.181	0.192	0.191	0.186	0.179	0.191	0.190	0.190	0.190	0.188	0.185	0.189	0.177	0.184	0.196	0.184	0.192	0.189	0.191	0.188	0.194	0.192	0.185	0.200	0.182	0.200	0.188	0.189	0.179	0.176	0.179	0.180	0.183	0.179	0.180	0.180	0.168	0.181	0.176
1:07:12	37.0	0.199	0.207	0.197	0.198	0.199	0.194	0.202	0.200	0.192	0.196	0.194	0.210	0.199	0.202	0.195	0.208	0.200	0.200	0.207	0.200	0.210	0.208	0.203	0.174	0.202	0.199	0.194	0.190	0.192	0.187	0.192	0.188	0.197	0.186	0.186	0.184	0.197	0.196	0.191	0.183	0.196	0.196	0.194	0.195	0.193	0.190	0.195	0.183	0.190	0.202	0.190	0.199	0.194	0.196	0.194	0.199	0.197	0.190	0.206	0.186	0.206	0.194	0.193	0.185	0.181	0.184	0.185	0.189	0.184	0.186	0.186	0.172	0.185	0.181
1:11:12	37.0	0.206	0.214	0.203	0.204	0.204	0.200	0.208	0.207	0.198	0.202	0.201	0.218	0.206	0.209	0.201	0.214	0.208	0.207	0.214	0.206	0.217	0.215	0.210	0.180	0.208	0.204	0.200	0.196	0.198	0.194	0.198	0.194	0.203	0.193	0.193	0.192	0.203	0.201	0.197	0.189	0.203	0.202	0.199	0.201	0.200	0.195	0.201	0.187	0.196	0.207	0.197	0.204	0.200	0.203	0.200	0.206	0.203	0.195	0.213	0.192	0.212	0.200	0.199	0.191	0.186	0.191	0.191	0.196	0.191	0.193	0.192	0.177	0.192	0.187
1:15:12	37.0	0.214	0.221	0.210	0.212	0.212	0.207	0.215	0.214	0.206	0.208	0.209	0.226	0.212	0.215	0.209	0.221	0.217	0.215	0.221	0.214	0.226	0.224	0.219	0.186	0.215	0.211	0.206	0.202	0.204	0.199	0.204	0.201	0.209	0.199	0.198	0.201	0.211	0.208	0.204	0.195	0.210	0.208	0.205	0.207	0.208	0.202	0.208	0.193	0.203	0.213	0.204	0.211	0.208	0.209	0.207	0.213	0.210	0.202	0.221	0.198	0.221	0.208	0.207	0.198	0.193	0.198	0.197	0.202	0.198	0.199	0.200	0.183	0.198	0.193
1:19:12	37.0	0.221	0.229	0.217	0.222	0.218	0.215	0.224	0.221	0.214	0.216	0.218	0.238	0.219	0.222	0.215	0.229	0.222	0.222	0.230	0.222	0.236	0.232	0.228	0.192	0.223	0.218	0.213	0.209	0.211	0.207	0.211	0.208	0.217	0.205	0.205	0.207	0.218	0.215	0.210	0.202	0.216	0.215	0.212	0.214	0.216	0.209	0.216	0.200	0.211	0.222	0.212	0.219	0.216	0.217	0.214	0.221	0.218	0.209	0.230	0.206	0.229	0.215	0.214	0.205	0.202	0.205	0.204	0.211	0.205	0.208	0.208	0.188	0.204	0.199
1:23:12	37.0	0.230	0.238	0.226	0.230	0.228	0.224	0.233	0.230	0.223	0.226	0.227	0.245	0.227	0.230	0.223	0.237	0.232	0.231	0.239	0.232	0.245	0.242	0.239	0.199	0.230	0.225	0.220	0.216	0.218	0.214	0.218	0.216	0.225	0.213	0.212	0.214	0.226	0.222	0.218	0.209	0.222	0.222	0.219	0.221	0.224	0.216	0.225	0.206	0.219	0.229	0.220	0.227	0.225	0.226	0.223	0.230	0.227	0.217	0.238	0.212	0.239	0.223	0.221	0.212	0.210	0.212	0.212	0.220	0.214	0.216	0.217	0.195	0.210	0.206
1:27:12	37.0	0.240	0.247	0.235	0.242	0.236	0.235	0.243	0.240	0.233	0.236	0.238	0.254	0.237	0.239	0.232	0.246	0.243	0.241	0.249	0.241	0.256	0.252	0.251	0.210	0.239	0.233	0.228	0.224	0.226	0.222	0.226	0.224	0.232	0.222	0.220	0.227	0.236	0.229	0.226	0.217	0.231	0.231	0.227	0.229	0.233	0.224	0.234	0.214	0.228	0.238	0.229	0.236	0.234	0.234	0.232	0.240	0.236	0.226	0.249	0.222	0.248	0.233	0.230	0.222	0.218	0.221	0.220	0.229	0.224	0.226	0.227	0.202	0.217	0.214
1:31:12	37.0	0.251	0.261	0.247	0.257	0.248	0.247	0.255	0.251	0.246	0.247	0.250	0.265	0.249	0.248	0.240	0.257	0.254	0.251	0.260	0.252	0.268	0.264	0.262	0.218	0.249	0.241	0.235	0.232	0.234	0.231	0.234	0.233	0.241	0.231	0.229	0.236	0.247	0.238	0.235	0.225	0.239	0.239	0.235	0.237	0.242	0.231	0.243	0.226	0.238	0.247	0.238	0.245	0.244	0.244	0.242	0.250	0.246	0.235	0.260	0.232	0.258	0.243	0.240	0.232	0.228	0.232	0.230	0.239	0.234	0.237	0.236	0.212	0.227	0.225
1:35:12	37.0	0.264	0.272	0.261	0.271	0.264	0.261	0.269	0.266	0.263	0.260	0.266	0.268	0.255	0.261	0.253	0.270	0.268	0.266	0.273	0.267	0.283	0.279	0.278	0.220	0.260	0.252	0.247	0.243	0.246	0.241	0.245	0.243	0.251	0.241	0.239	0.240	0.255	0.248	0.244	0.234	0.250	0.248	0.243	0.248	0.251	0.242	0.254	0.234	0.250	0.258	0.250	0.256	0.257	0.255	0.253	0.263	0.258	0.245	0.272	0.237	0.271	0.254	0.250	0.241	0.240	0.242	0.241	0.251	0.246	0.248	0.248	0.216	0.238	0.234
1:39:12	37.0	0.276	0.282	0.274	0.285	0.276	0.274	0.284	0.280	0.276	0.274	0.280	0.283	0.266	0.270	0.266	0.281	0.280	0.281	0.289	0.281	0.295	0.290	0.290	0.228	0.271	0.264	0.258	0.255	0.258	0.253	0.257	0.256	0.263	0.249	0.249	0.252	0.267	0.259	0.256	0.246	0.262	0.262	0.255	0.260	0.265	0.254	0.266	0.243	0.263	0.270	0.263	0.268	0.270	0.268	0.265	0.277	0.271	0.257	0.285	0.245	0.285	0.266	0.263	0.255	0.252	0.254	0.254	0.264	0.259	0.262	0.261	0.222	0.245	0.242
1:43:12	37.0	0.286	0.294	0.285	0.294	0.286	0.285	0.296	0.289	0.287	0.285	0.290	0.301	0.277	0.283	0.278	0.293	0.291	0.292	0.300	0.294	0.307	0.301	0.301	0.237	0.283	0.274	0.268	0.265	0.267	0.263	0.266	0.267	0.274	0.260	0.262	0.262	0.278	0.269	0.266	0.256	0.272	0.272	0.266	0.270	0.278	0.266	0.277	0.255	0.276	0.284	0.276	0.281	0.285	0.283	0.279	0.290	0.284	0.271	0.299	0.257	0.300	0.279	0.275	0.266	0.265	0.267	0.266	0.277	0.271	0.277	0.275	0.231	0.253	0.253
1:47:12	37.0	0.301	0.305	0.295	0.301	0.298	0.295	0.304	0.298	0.298	0.294	0.301	0.313	0.290	0.292	0.287	0.303	0.299	0.299	0.305	0.304	0.318	0.309	0.310	0.248	0.295	0.284	0.277	0.275	0.278	0.274	0.277	0.278	0.285	0.270	0.269	0.279	0.288	0.279	0.277	0.267	0.282	0.283	0.276	0.281	0.289	0.276	0.289	0.271	0.291	0.297	0.290	0.297	0.303	0.298	0.296	0.304	0.299	0.288	0.311	0.269	0.314	0.290	0.287	0.278	0.277	0.278	0.279	0.290	0.284	0.293	0.289	0.240	0.267	0.267
1:51:12	37.0	0.316	0.314	0.307	0.309	0.308	0.303	0.311	0.307	0.311	0.305	0.311	0.322	0.300	0.302	0.294	0.308	0.303	0.305	0.309	0.310	0.329	0.316	0.317	0.259	0.307	0.294	0.289	0.285	0.289	0.284	0.288	0.289	0.296	0.281	0.281	0.290	0.300	0.290	0.287	0.277	0.292	0.294	0.287	0.293	0.299	0.287	0.301	0.285	0.305	0.311	0.304	0.310	0.316	0.313	0.310	0.319	0.313	0.303	0.325	0.280	0.329	0.301	0.299	0.290	0.289	0.289	0.292	0.302	0.297	0.306	0.302	0.250	0.282	0.282
1:55:12	37.0	0.331	0.326	0.317	0.317	0.316	0.312	0.319	0.317	0.318	0.312	0.317	0.325	0.315	0.310	0.301	0.314	0.313	0.314	0.314	0.320	0.340	0.324	0.323	0.270	0.319	0.305	0.300	0.298	0.300	0.296	0.299	0.302	0.307	0.294	0.294	0.301	0.312	0.303	0.301	0.289	0.306	0.305	0.298	0.305	0.311	0.300	0.313	0.299	0.320	0.323	0.316	0.323	0.327	0.324	0.322	0.331	0.325	0.315	0.339	0.289	0.343	0.314	0.313	0.303	0.303	0.302	0.306	0.318	0.312	0.320	0.317	0.259	0.298	0.298
1:59:12	37.0	0.338	0.340	0.325	0.320	0.324	0.318	0.325	0.322	0.322	0.318	0.325	0.329	0.323	0.320	0.306	0.324	0.318	0.321	0.322	0.327	0.352	0.332	0.329	0.278	0.333	0.316	0.311	0.309	0.312	0.308	0.310	0.314	0.321	0.306	0.306	0.304	0.322	0.314	0.313	0.302	0.317	0.318	0.309	0.317	0.324	0.313	0.325	0.303	0.335	0.337	0.328	0.335	0.340	0.335	0.334	0.345	0.336	0.328	0.354	0.296	0.357	0.328	0.327	0.318	0.319	0.317	0.321	0.334	0.326	0.336	0.333	0.264	0.309	0.308
2:03:12	37.0	0.341	0.346	0.327	0.324	0.327	0.320	0.327	0.325	0.321	0.321	0.322	0.337	0.327	0.327	0.313	0.316	0.323	0.325	0.329	0.330	0.359	0.335	0.327	0.284	0.342	0.330	0.325	0.322	0.325	0.322	0.324	0.327	0.334	0.320	0.318	0.305	0.329	0.327	0.326	0.314	0.331	0.331	0.323	0.331	0.337	0.327	0.340	0.305	0.347	0.350	0.339	0.346	0.351	0.347	0.346	0.354	0.347	0.343	0.370	0.304	0.370	0.341	0.341	0.331	0.333	0.332	0.335	0.350	0.341	0.352	0.350	0.266	0.319	0.318
2:07:12	37.0	0.346	0.356	0.335	0.338	0.336	0.330	0.335	0.335	0.330	0.323	0.326	0.328	0.331	0.328	0.327	0.332	0.332	0.333	0.338	0.337	0.367	0.334	0.331	0.283	0.351	0.342	0.338	0.337	0.340	0.337	0.339	0.344	0.348	0.335	0.334	0.311	0.330	0.339	0.339	0.331	0.349	0.345	0.340	0.347	0.352	0.343	0.356	0.316	0.360	0.359	0.347	0.356	0.359	0.354	0.352	0.361	0.354	0.349	0.384	0.300	0.383	0.355	0.355	0.345	0.349	0.348	0.352	0.368	0.357	0.369	0.367	0.268	0.327	0.321
2:11:12	37.0	0.351	0.365	0.344	0.343	0.348	0.339	0.347	0.342	0.339	0.331	0.336	0.325	0.336	0.340	0.338	0.337	0.342	0.343	0.350	0.347	0.371	0.342	0.339	0.287	0.355	0.353	0.351	0.351	0.355	0.351	0.353	0.359	0.365	0.348	0.347	0.321	0.340	0.349	0.352	0.346	0.364	0.360	0.356	0.363	0.365	0.361	0.371	0.318	0.372	0.366	0.351	0.362	0.366	0.360	0.358	0.367	0.361	0.353	0.396	0.298	0.392	0.367	0.369	0.358	0.366	0.364	0.369	0.384	0.374	0.385	0.382	0.264	0.343	0.327
2:15:12	37.0	0.357	0.374	0.349	0.348	0.352	0.344	0.354	0.346	0.339	0.336	0.345	0.329	0.344	0.348	0.346	0.346	0.349	0.350	0.351	0.353	0.379	0.348	0.345	0.287	0.358	0.366	0.363	0.363	0.369	0.366	0.366	0.374	0.378	0.364	0.361	0.318	0.353	0.360	0.360	0.357	0.377	0.373	0.370	0.377	0.381	0.375	0.384	0.316	0.383	0.374	0.360	0.369	0.375	0.370	0.367	0.374	0.369	0.362	0.408	0.305	0.401	0.379	0.381	0.371	0.382	0.379	0.385	0.398	0.388	0.400	0.395	0.274	0.357	0.334
2:19:12	37.0	0.365	0.377	0.354	0.354	0.353	0.349	0.355	0.352	0.345	0.343	0.351	0.333	0.356	0.357	0.354	0.346	0.348	0.354	0.353	0.359	0.380	0.350	0.349	0.291	0.364	0.374	0.373	0.377	0.383	0.380	0.378	0.385	0.388	0.376	0.373	0.324	0.362	0.368	0.371	0.367	0.390	0.386	0.383	0.391	0.392	0.390	0.395	0.325	0.394	0.383	0.367	0.378	0.383	0.380	0.377	0.381	0.378	0.371	0.420	0.309	0.412	0.389	0.392	0.384	0.397	0.393	0.401	0.411	0.400	0.413	0.408	0.282	0.360	0.336
2:23:12	37.0	0.371	0.382	0.362	0.356	0.363	0.354	0.360	0.360	0.352	0.349	0.355	0.340	0.365	0.360	0.354	0.352	0.353	0.361	0.358	0.361	0.383	0.357	0.356	0.294	0.372	0.385	0.385	0.390	0.395	0.393	0.393	0.399	0.402	0.389	0.387	0.341	0.372	0.385	0.384	0.381	0.404	0.400	0.399	0.403	0.403	0.404	0.408	0.326	0.404	0.393	0.378	0.388	0.393	0.389	0.387	0.390	0.388	0.383	0.431	0.318	0.420	0.402	0.404	0.397	0.411	0.406	0.416	0.425	0.414	0.427	0.421	0.286	0.363	0.343
2:27:12	37.0	0.378	0.386	0.364	0.358	0.365	0.357	0.363	0.364	0.357	0.356	0.361	0.337	0.373	0.361	0.358	0.358	0.363	0.358	0.359	0.367	0.389	0.367	0.366	0.300	0.379	0.393	0.394	0.398	0.404	0.403	0.406	0.411	0.411	0.400	0.399	0.339	0.379	0.388	0.391	0.392	0.414	0.409	0.409	0.416	0.413	0.415	0.419	0.336	0.414	0.402	0.387	0.395	0.403	0.396	0.395	0.397	0.394	0.391	0.439	0.331	0.429	0.413	0.415	0.409	0.425	0.420	0.428	0.438	0.427	0.440	0.432	0.292	0.366	0.346
2:31:12	37.0	0.389	0.392	0.372	0.364	0.371	0.366	0.370	0.368	0.367	0.361	0.372	0.337	0.382	0.370	0.363	0.363	0.361	0.362	0.368	0.372	0.392	0.370	0.365	0.308	0.386	0.402	0.404	0.408	0.414	0.410	0.416	0.422	0.422	0.412	0.411	0.361	0.388	0.396	0.404	0.400	0.423	0.418	0.420	0.427	0.421	0.425	0.429	0.342	0.422	0.412	0.398	0.406	0.414	0.404	0.403	0.404	0.401	0.397	0.448	0.333	0.438	0.424	0.426	0.420	0.439	0.432	0.443	0.451	0.437	0.451	0.444	0.301	0.365	0.350
2:35:12	37.0	0.398	0.397	0.373	0.366	0.376	0.370	0.376	0.373	0.374	0.368	0.375	0.344	0.391	0.375	0.368	0.371	0.366	0.371	0.371	0.377	0.396	0.376	0.374	0.320	0.392	0.408	0.413	0.417	0.423	0.421	0.423	0.430	0.428	0.423	0.422	0.362	0.394	0.402	0.411	0.408	0.432	0.428	0.426	0.436	0.432	0.436	0.439	0.347	0.430	0.421	0.407	0.418	0.423	0.411	0.410	0.412	0.410	0.405	0.460	0.338	0.448	0.434	0.436	0.431	0.449	0.446	0.457	0.462	0.450	0.462	0.457	0.312	0.363	0.355
2:39:12	37.0	0.403	0.402	0.382	0.372	0.382	0.379	0.384	0.382	0.379	0.376	0.389	0.368	0.399	0.381	0.374	0.376	0.380	0.376	0.377	0.383	0.398	0.384	0.382	0.324	0.399	0.414	0.422	0.423	0.430	0.431	0.434	0.441	0.438	0.433	0.433	0.349	0.397	0.411	0.420	0.419	0.442	0.438	0.436	0.444	0.440	0.447	0.449	0.342	0.438	0.433	0.413	0.425	0.428	0.419	0.413	0.414	0.417	0.410	0.472	0.342	0.458	0.444	0.446	0.443	0.457	0.456	0.470	0.472	0.462	0.474	0.468	0.317	0.372	0.361
2:43:12	37.0	0.409	0.405	0.387	0.373	0.384	0.382	0.386	0.387	0.385	0.382	0.389	0.370	0.408	0.387	0.380	0.376	0.376	0.381	0.384	0.387	0.404	0.390	0.385	0.342	0.404	0.419	0.429	0.431	0.440	0.439	0.442	0.445	0.449	0.446	0.445	0.360	0.403	0.419	0.426	0.430	0.450	0.447	0.446	0.455	0.449	0.456	0.460	0.346	0.446	0.440	0.418	0.434	0.433	0.423	0.419	0.426	0.420	0.413	0.482	0.350	0.469	0.456	0.457	0.457	0.468	0.468	0.482	0.484	0.472	0.485	0.479	0.327	0.376	0.369
2:47:12	37.0	0.414	0.407	0.392	0.381	0.383	0.387	0.392	0.396	0.385	0.387	0.396	0.372	0.416	0.393	0.383	0.384	0.385	0.390	0.389	0.397	0.414	0.398	0.393	0.354	0.408	0.427	0.435	0.437	0.448	0.447	0.451	0.456	0.458	0.455	0.451	0.362	0.416	0.424	0.434	0.440	0.456	0.455	0.457	0.461	0.458	0.468	0.468	0.357	0.457	0.446	0.422	0.443	0.445	0.430	0.427	0.433	0.428	0.421	0.491	0.353	0.480	0.466	0.467	0.468	0.480	0.482	0.494	0.496	0.484	0.496	0.491	0.334	0.381	0.372
2:51:12	37.0	0.423	0.416	0.398	0.391	0.398	0.390	0.397	0.401	0.400	0.397	0.405	0.376	0.420	0.402	0.388	0.390	0.392	0.400	0.393	0.404	0.415	0.400	0.407	0.359	0.414	0.432	0.443	0.445	0.457	0.455	0.460	0.466	0.469	0.466	0.461	0.364	0.416	0.430	0.443	0.445	0.465	0.463	0.464	0.473	0.468	0.477	0.479	0.360	0.466	0.455	0.433	0.450	0.456	0.441	0.437	0.440	0.438	0.432	0.504	0.363	0.491	0.476	0.478	0.479	0.490	0.496	0.509	0.505	0.495	0.507	0.502	0.338	0.396	0.382
2:55:12	37.0	0.427	0.420	0.401	0.389	0.399	0.399	0.405	0.410	0.403	0.404	0.409	0.381	0.425	0.397	0.393	0.397	0.396	0.396	0.401	0.403	0.413	0.405	0.406	0.361	0.425	0.439	0.446	0.455	0.464	0.464	0.463	0.475	0.475	0.479	0.469	0.374	0.424	0.434	0.448	0.451	0.475	0.472	0.474	0.483	0.475	0.485	0.491	0.373	0.476	0.464	0.446	0.462	0.466	0.452	0.449	0.453	0.443	0.445	0.515	0.365	0.501	0.485	0.490	0.488	0.501	0.508	0.523	0.517	0.507	0.519	0.513	0.342	0.400	0.387
2:59:12	37.0	0.434	0.418	0.405	0.404	0.401	0.399	0.408	0.407	0.393	0.408	0.408	0.388	0.428	0.409	0.399	0.401	0.404	0.405	0.403	0.409	0.419	0.409	0.412	0.376	0.427	0.449	0.458	0.462	0.473	0.473	0.472	0.485	0.486	0.488	0.481	0.384	0.426	0.442	0.456	0.459	0.481	0.480	0.479	0.493	0.484	0.494	0.499	0.369	0.486	0.475	0.457	0.473	0.475	0.460	0.459	0.460	0.448	0.454	0.529	0.370	0.512	0.496	0.499	0.499	0.514	0.522	0.537	0.529	0.517	0.531	0.525	0.352	0.398	0.387
3:03:12	37.0	0.435	0.431	0.408	0.398	0.412	0.402	0.406	0.414	0.403	0.408	0.412	0.381	0.436	0.409	0.405	0.410	0.408	0.409	0.407	0.416	0.422	0.414	0.416	0.385	0.432	0.455	0.463	0.466	0.480	0.482	0.476	0.494	0.486	0.497	0.492	0.384	0.429	0.446	0.463	0.465	0.487	0.484	0.488	0.497	0.488	0.504	0.505	0.362	0.497	0.485	0.467	0.481	0.482	0.467	0.468	0.468	0.453	0.462	0.536	0.373	0.526	0.506	0.508	0.510	0.526	0.533	0.549	0.541	0.526	0.540	0.535	0.357	0.401	0.391
3:07:12	37.0	0.443	0.433	0.413	0.409	0.410	0.405	0.410	0.416	0.400	0.416	0.416	0.391	0.435	0.418	0.401	0.414	0.414	0.414	0.405	0.398	0.418	0.406	0.419	0.395	0.436	0.460	0.467	0.470	0.485	0.484	0.482	0.490	0.493	0.509	0.500	0.394	0.429	0.446	0.468	0.465	0.490	0.491	0.495	0.499	0.493	0.502	0.512	0.385	0.506	0.496	0.476	0.488	0.490	0.473	0.474	0.472	0.458	0.468	0.544	0.374	0.529	0.515	0.518	0.519	0.536	0.546	0.564	0.551	0.539	0.551	0.544	0.361	0.396	0.392
3:11:12	37.0	0.452	0.435	0.420	0.407	0.414	0.409	0.412	0.419	0.413	0.417	0.418	0.386	0.443	0.417	0.413	0.418	0.407	0.404	0.403	0.422	0.417	0.411	0.423	0.395	0.445	0.464	0.472	0.470	0.490	0.493	0.487	0.498	0.497	0.507	0.505	0.393	0.440	0.450	0.464	0.471	0.496	0.493	0.500	0.504	0.497	0.512	0.520	0.388	0.517	0.506	0.484	0.497	0.496	0.480	0.483	0.479	0.468	0.476	0.552	0.375	0.539	0.525	0.528	0.531	0.549	0.558	0.577	0.560	0.550	0.562	0.556	0.367	0.395	0.394
3:15:12	37.1	0.452	0.436	0.420	0.416	0.411	0.409	0.413	0.419	0.411	0.415	0.416	0.402	0.445	0.424	0.421	0.424	0.411	0.411	0.407	0.408	0.421	0.408	0.412	0.404	0.451	0.470	0.484	0.475	0.500	0.500	0.491	0.505	0.508	0.513	0.510	0.393	0.448	0.448	0.477	0.483	0.503	0.503	0.506	0.503	0.507	0.514	0.526	0.384	0.525	0.515	0.490	0.506	0.507	0.489	0.492	0.484	0.478	0.483	0.559	0.391	0.548	0.535	0.538	0.541	0.560	0.569	0.591	0.573	0.560	0.573	0.566	0.371	0.393	0.395
3:19:12	37.0	0.457	0.446	0.423	0.413	0.410	0.411	0.410	0.414	0.417	0.419	0.418	0.399	0.454	0.427	0.418	0.421	0.407	0.408	0.409	0.414	0.419	0.415	0.415	0.414	0.450	0.479	0.483	0.483	0.503	0.507	0.492	0.508	0.518	0.511	0.513	0.401	0.452	0.472	0.485	0.488	0.507	0.501	0.507	0.514	0.511	0.516	0.534	0.381	0.533	0.521	0.497	0.514	0.517	0.495	0.497	0.488	0.482	0.488	0.564	0.398	0.556	0.543	0.547	0.551	0.571	0.580	0.605	0.583	0.570	0.583	0.576	0.375	0.397	0.401
3:23:12	37.0	0.461	0.445	0.428	0.409	0.413	0.408	0.419	0.422	0.408	0.423	0.420	0.401	0.452	0.424	0.419	0.420	0.411	0.408	0.409	0.405	0.407	0.407	0.413	0.414	0.459	0.481	0.485	0.486	0.505	0.505	0.495	0.519	0.526	0.526	0.519	0.384	0.459	0.460	0.484	0.488	0.513	0.508	0.509	0.517	0.512	0.516	0.536	0.378	0.542	0.529	0.503	0.523	0.527	0.502	0.503	0.492	0.486	0.493	0.569	0.399	0.567	0.553	0.556	0.564	0.584	0.593	0.617	0.593	0.581	0.593	0.585	0.384	0.385	0.401
3:27:12	37.0	0.473	0.445	0.428	0.408	0.426	0.413	0.418	0.418	0.416	0.425	0.426	0.404	0.452	0.429	0.419	0.424	0.407	0.409	0.407	0.410	0.413	0.417	0.413	0.416	0.466	0.486	0.489	0.490	0.512	0.514	0.498	0.528	0.530	0.536	0.522	0.411	0.460	0.470	0.490	0.489	0.519	0.508	0.515	0.520	0.511	0.520	0.538	0.391	0.549	0.537	0.509	0.531	0.535	0.507	0.506	0.496	0.489	0.497	0.577	0.402	0.576	0.564	0.566	0.572	0.596	0.606	0.629	0.604	0.589	0.603	0.595	0.390	0.405	0.415
3:31:12	37.0	0.479	0.449	0.423	0.415	0.428	0.418	0.426	0.410	0.419	0.418	0.417	0.407	0.459	0.432	0.425	0.421	0.403	0.407	0.417	0.427	0.415	0.400	0.409	0.427	0.472	0.482	0.495	0.494	0.508	0.514	0.507	0.534	0.537	0.538	0.529	0.421	0.461	0.463	0.495	0.501	0.523	0.511	0.522	0.529	0.524	0.526	0.535	0.387	0.556	0.544	0.515	0.538	0.542	0.508	0.509	0.498	0.489	0.499	0.584	0.411	0.585	0.571	0.574	0.582	0.608	0.616	0.640	0.613	0.599	0.613	0.604	0.388	0.425	0.415
3:35:12	37.0	0.485	0.463	0.424	0.410	0.419	0.407	0.415	0.416	0.424	0.426	0.426	0.404	0.462	0.436	0.417	0.429	0.413	0.405	0.406	0.411	0.435	0.395	0.408	0.441	0.475	0.487	0.493	0.492	0.521	0.520	0.500	0.530	0.543	0.537	0.527	0.410	0.468	0.474	0.502	0.504	0.522	0.512	0.526	0.528	0.519	0.530	0.537	0.388	0.564	0.550	0.521	0.546	0.547	0.509	0.514	0.506	0.496	0.503	0.591	0.426	0.593	0.580	0.584	0.592	0.618	0.629	0.652	0.623	0.609	0.624	0.615	0.386	0.430	0.419
3:39:12	36.9	0.487	0.446	0.426	0.410	0.427	0.425	0.417	0.427	0.411	0.451	0.422	0.410	0.477	0.435	0.427	0.427	0.396	0.410	0.432	0.410	0.451	0.409	0.420	0.435	0.481	0.490	0.500	0.505	0.525	0.522	0.513	0.542	0.546	0.534	0.532	0.418	0.472	0.465	0.503	0.502	0.525	0.515	0.526	0.531	0.526	0.522	0.540	0.405	0.572	0.555	0.527	0.549	0.554	0.509	0.517	0.510	0.504	0.509	0.597	0.413	0.602	0.589	0.594	0.602	0.629	0.642	0.662	0.634	0.618	0.634	0.624	0.377	0.439	0.420
3:43:12	37.0	0.482	0.453	0.428	0.424	0.421	0.430	0.434	0.458	0.430	0.449	0.435	0.424	0.469	0.450	0.421	0.424	0.415	0.422	0.413	0.442	0.440	0.435	0.432	0.433	0.483	0.497	0.502	0.511	0.530	0.526	0.514	0.544	0.542	0.540	0.532	0.425	0.470	0.458	0.503	0.511	0.519	0.517	0.530	0.535	0.526	0.527	0.546	0.420	0.582	0.561	0.531	0.558	0.558	0.508	0.514	0.513	0.491	0.503	0.602	0.407	0.610	0.598	0.603	0.611	0.640	0.651	0.673	0.643	0.628	0.643	0.633	0.389	0.450	0.426
3:47:12	37.0	0.478	0.443	0.440	0.400	0.444	0.438	0.453	0.453	0.436	0.453	0.447	0.429	0.472	0.446	0.435	0.442	0.435	0.442	0.440	0.451	0.450	0.442	0.442	0.433	0.477	0.487	0.502	0.511	0.530	0.530	0.511	0.549	0.549	0.539	0.539	0.432	0.473	0.478	0.499	0.516	0.526	0.524	0.533	0.538	0.527	0.534	0.555	0.429	0.588	0.566	0.534	0.564	0.573	0.522	0.521	0.520	0.508	0.509	0.606	0.410	0.619	0.608	0.613	0.624	0.650	0.662	0.683	0.654	0.638	0.653	0.644	0.394	0.458	0.429
3:51:12	37.0	0.484	0.450	0.456	0.431	0.443	0.433	0.449	0.456	0.442	0.453	0.451	0.430	0.482	0.444	0.427	0.459	0.433	0.443	0.451	0.444	0.443	0.442	0.453	0.434	0.496	0.511	0.500	0.509	0.526	0.527	0.507	0.550	0.556	0.545	0.532	0.439	0.475	0.473	0.502	0.517	0.528	0.521	0.538	0.530	0.516	0.527	0.542	0.434	0.596	0.573	0.538	0.567	0.580	0.534	0.532	0.524	0.514	0.518	0.613	0.414	0.627	0.620	0.621	0.632	0.660	0.671	0.695	0.664	0.647	0.662	0.652	0.402	0.467	0.436
3:55:12	37.0	0.490	0.467	0.450	0.435	0.450	0.434	0.440	0.457	0.438	0.448	0.451	0.432	0.476	0.442	0.435	0.450	0.436	0.440	0.448	0.441	0.457	0.440	0.446	0.442	0.491	0.503	0.501	0.520	0.527	0.531	0.524	0.552	0.550	0.545	0.541	0.442	0.479	0.477	0.501	0.511	0.522	0.532	0.541	0.538	0.537	0.518	0.547	0.451	0.605	0.579	0.542	0.574	0.585	0.543	0.541	0.532	0.521	0.529	0.620	0.414	0.637	0.625	0.631	0.644	0.671	0.683	0.706	0.674	0.659	0.672	0.662	0.408	0.474	0.443
3:59:12	37.0	0.497	0.473	0.453	0.438	0.446	0.433	0.440	0.462	0.446	0.447	0.453	0.434	0.476	0.453	0.422	0.460	0.443	0.441	0.450	0.451	0.459	0.448	0.447	0.439	0.491	0.507	0.511	0.513	0.535	0.542	0.536	0.552	0.554	0.552	0.547	0.445	0.476	0.466	0.491	0.520	0.520	0.529	0.535	0.516	0.537	0.513	0.540	0.454	0.613	0.580	0.546	0.583	0.594	0.550	0.548	0.538	0.529	0.537	0.626	0.421	0.645	0.637	0.642	0.654	0.681	0.694	0.717	0.683	0.667	0.681	0.672	0.411	0.479	0.456
4:03:12	37.0	0.496	0.464	0.448	0.436	0.445	0.431	0.449	0.462	0.453	0.454	0.458	0.442	0.497	0.466	0.431	0.463	0.440	0.444	0.447	0.458	0.467	0.455	0.457	0.441	0.492	0.498	0.518	0.515	0.538	0.533	0.546	0.554	0.555	0.548	0.546	0.447	0.455	0.488	0.490	0.519	0.524	0.527	0.533	0.524	0.546	0.510	0.546	0.438	0.622	0.587	0.549	0.590	0.602	0.556	0.554	0.545	0.535	0.545	0.632	0.422	0.656	0.645	0.649	0.665	0.690	0.706	0.727	0.694	0.677	0.690	0.680	0.417	0.483	0.469
4:07:12	37.0	0.499	0.463	0.436	0.433	0.442	0.443	0.460	0.469	0.456	0.460	0.464	0.443	0.478	0.462	0.440	0.456	0.439	0.449	0.457	0.463	0.470	0.462	0.463	0.443	0.494	0.516	0.516	0.522	0.541	0.533	0.545	0.549	0.565	0.548	0.547	0.451	0.465	0.481	0.495	0.512	0.518	0.535	0.545	0.520	0.548	0.511	0.548	0.442	0.632	0.594	0.550	0.596	0.612	0.562	0.560	0.551	0.542	0.551	0.638	0.421	0.664	0.653	0.660	0.674	0.700	0.717	0.738	0.702	0.687	0.699	0.689	0.419	0.492	0.485
4:11:12	37.0	0.490	0.459	0.453	0.439	0.444	0.448	0.466	0.473	0.459	0.464	0.466	0.446	0.482	0.461	0.450	0.460	0.440	0.453	0.460	0.468	0.474	0.466	0.468	0.446	0.480	0.497	0.512	0.537	0.532	0.532	0.551	0.554	0.555	0.549	0.552	0.455	0.494	0.497	0.486	0.517	0.526	0.541	0.545	0.515	0.543	0.525	0.547	0.447	0.640	0.599	0.552	0.601	0.620	0.568	0.567	0.557	0.548	0.558	0.641	0.424	0.670	0.662	0.668	0.681	0.709	0.727	0.746	0.708	0.697	0.708	0.697	0.423	0.487	0.494
4:15:12	37.0	0.498	0.475	0.440	0.442	0.447	0.451	0.469	0.477	0.462	0.468	0.470	0.448	0.479	0.481	0.446	0.457	0.444	0.457	0.468	0.472	0.479	0.472	0.472	0.451	0.518	0.495	0.525	0.535	0.538	0.529	0.550	0.556	0.563	0.559	0.557	0.463	0.493	0.503	0.486	0.513	0.530	0.554	0.546	0.496	0.553	0.521	0.556	0.449	0.648	0.606	0.555	0.608	0.628	0.574	0.573	0.563	0.554	0.563	0.645	0.425	0.679	0.672	0.676	0.692	0.721	0.735	0.756	0.716	0.704	0.716	0.705	0.426	0.500	0.497
4:19:12	37.0	0.497	0.470	0.448	0.437	0.453	0.457	0.473	0.479	0.465	0.469	0.474	0.449	0.488	0.466	0.450	0.447	0.450	0.460	0.472	0.475	0.484	0.477	0.475	0.452	0.508	0.501	0.527	0.538	0.543	0.520	0.555	0.558	0.562	0.562	0.546	0.466	0.480	0.506	0.498	0.528	0.543	0.549	0.542	0.511	0.560	0.536	0.556	0.450	0.654	0.611	0.557	0.614	0.636	0.578	0.581	0.570	0.560	0.570	0.648	0.427	0.688	0.683	0.686	0.703	0.729	0.746	0.765	0.724	0.715	0.724	0.714	0.428	0.518	0.505
4:23:12	37.0	0.485	0.471	0.453	0.444	0.465	0.462	0.479	0.487	0.471	0.476	0.481	0.453	0.481	0.461	0.449	0.456	0.460	0.463	0.476	0.481	0.490	0.481	0.480	0.458	0.498	0.504	0.531	0.533	0.543	0.525	0.547	0.550	0.573	0.560	0.550	0.470	0.485	0.502	0.491	0.532	0.547	0.547	0.551	0.514	0.570	0.539	0.561	0.455	0.662	0.618	0.559	0.619	0.643	0.583	0.588	0.578	0.567	0.577	0.650	0.429	0.697	0.693	0.698	0.714	0.737	0.755	0.774	0.733	0.723	0.733	0.722	0.431	0.521	0.510
4:27:12	37.0	0.495	0.474	0.451	0.449	0.469	0.466	0.484	0.488	0.475	0.482	0.482	0.457	0.469	0.473	0.454	0.451	0.465	0.466	0.481	0.485	0.495	0.486	0.483	0.461	0.497	0.510	0.529	0.538	0.548	0.514	0.554	0.561	0.566	0.568	0.550	0.474	0.465	0.504	0.504	0.527	0.547	0.558	0.545	0.522	0.568	0.543	0.560	0.459	0.668	0.623	0.564	0.624	0.650	0.589	0.593	0.583	0.575	0.582	0.653	0.429	0.703	0.701	0.705	0.721	0.745	0.764	0.784	0.741	0.732	0.740	0.728	0.433	0.516	0.516
4:31:12	37.0	0.491	0.470	0.452	0.450	0.474	0.472	0.490	0.493	0.481	0.484	0.487	0.461	0.473	0.479	0.450	0.456	0.469	0.471	0.486	0.491	0.499	0.489	0.486	0.465	0.503	0.516	0.533	0.542	0.546	0.517	0.552	0.566	0.567	0.566	0.552	0.475	0.473	0.494	0.503	0.522	0.539	0.558	0.554	0.526	0.567	0.540	0.569	0.459	0.674	0.629	0.567	0.629	0.656	0.595	0.599	0.589	0.580	0.588	0.655	0.433	0.712	0.710	0.714	0.731	0.755	0.772	0.793	0.749	0.739	0.748	0.736	0.439	0.527	0.522
4:35:12	37.0	0.493	0.474	0.458	0.456	0.477	0.479	0.491	0.496	0.486	0.487	0.490	0.463	0.487	0.475	0.450	0.460	0.472	0.476	0.492	0.495	0.501	0.492	0.490	0.469	0.515	0.516	0.530	0.539	0.556	0.511	0.552	0.573	0.567	0.570	0.556	0.481	0.477	0.506	0.507	0.535	0.548	0.562	0.553	0.532	0.561	0.549	0.567	0.463	0.679	0.635	0.571	0.633	0.661	0.600	0.604	0.593	0.585	0.592	0.657	0.435	0.719	0.719	0.724	0.742	0.762	0.781	0.802	0.756	0.748	0.754	0.742	0.442	0.535	0.530
4:39:12	37.0	0.495	0.475	0.465	0.462	0.484	0.485	0.492	0.503	0.492	0.494	0.498	0.465	0.475	0.481	0.452	0.467	0.477	0.482	0.496	0.499	0.506	0.497	0.494	0.473	0.519	0.515	0.543	0.544	0.560	0.516	0.554	0.573	0.575	0.569	0.563	0.484	0.467	0.512	0.514	0.536	0.557	0.565	0.553	0.529	0.570	0.556	0.566	0.463	0.685	0.641	0.577	0.637	0.666	0.604	0.608	0.597	0.590	0.596	0.659	0.436	0.728	0.730	0.730	0.749	0.771	0.791	0.811	0.762	0.753	0.761	0.749	0.447	0.543	0.533
4:43:12	37.0	0.496	0.476	0.464	0.467	0.485	0.486	0.494	0.506	0.496	0.500	0.504	0.467	0.473	0.479	0.461	0.470	0.483	0.485	0.497	0.505	0.510	0.501	0.498	0.479	0.517	0.519	0.542	0.546	0.563	0.520	0.553	0.583	0.579	0.576	0.569	0.489	0.472	0.506	0.518	0.541	0.564	0.574	0.556	0.541	0.574	0.569	0.569	0.470	0.692	0.648	0.582	0.642	0.670	0.608	0.612	0.602	0.594	0.600	0.662	0.440	0.735	0.738	0.739	0.758	0.780	0.799	0.821	0.769	0.760	0.769	0.756	0.455	0.548	0.541
4:47:12	37.0	0.493	0.476	0.473	0.475	0.495	0.489	0.502	0.513	0.501	0.504	0.511	0.470	0.479	0.475	0.462	0.473	0.489	0.489	0.504	0.512	0.517	0.509	0.507	0.485	0.514	0.515	0.543	0.549	0.569	0.522	0.559	0.587	0.583	0.578	0.574	0.494	0.473	0.494	0.511	0.542	0.565	0.586	0.558	0.545	0.579	0.572	0.580	0.472	0.696	0.653	0.588	0.648	0.673	0.612	0.615	0.606	0.598	0.604	0.663	0.440	0.742	0.748	0.747	0.767	0.789	0.808	0.829	0.776	0.766	0.774	0.762	0.455	0.551	0.540
4:51:12	37.1	0.502	0.482	0.478	0.481	0.501	0.495	0.507	0.521	0.505	0.512	0.517	0.473	0.472	0.482	0.464	0.477	0.496	0.492	0.511	0.518	0.525	0.512	0.512	0.490	0.524	0.526	0.547	0.551	0.574	0.530	0.564	0.595	0.588	0.586	0.583	0.500	0.473	0.506	0.513	0.546	0.568	0.594	0.563	0.552	0.589	0.579	0.582	0.480	0.699	0.658	0.594	0.653	0.677	0.616	0.618	0.609	0.601	0.607	0.664	0.444	0.748	0.756	0.754	0.774	0.794	0.814	0.838	0.782	0.771	0.779	0.768	0.462	0.563	0.549
4:55:12	37.0	0.495	0.485	0.482	0.487	0.508	0.502	0.512	0.523	0.511	0.518	0.524	0.474	0.488	0.486	0.468	0.481	0.499	0.497	0.519	0.524	0.528	0.519	0.520	0.493	0.526	0.533	0.546	0.558	0.580	0.541	0.566	0.594	0.597	0.588	0.588	0.505	0.476	0.511	0.519	0.543	0.575	0.606	0.568	0.560	0.588	0.589	0.590	0.483	0.702	0.664	0.600	0.659	0.681	0.619	0.621	0.612	0.603	0.611	0.667	0.448	0.755	0.764	0.763	0.783	0.800	0.820	0.844	0.787	0.776	0.784	0.774	0.469	0.562	0.564
4:59:12	37.0	0.502	0.487	0.486	0.491	0.513	0.510	0.520	0.529	0.519	0.522	0.531	0.475	0.489	0.483	0.471	0.486	0.500	0.504	0.523	0.527	0.535	0.525	0.526	0.498	0.518	0.530	0.545	0.566	0.583	0.553	0.567	0.601	0.602	0.595	0.590	0.507	0.482	0.513	0.522	0.553	0.575	0.614	0.576	0.566	0.597	0.600	0.595	0.488	0.707	0.667	0.608	0.665	0.685	0.622	0.623	0.615	0.607	0.614	0.669	0.448	0.761	0.772	0.771	0.788	0.807	0.828	0.852	0.793	0.781	0.789	0.781	0.471	0.563	0.568
5:03:12	37.0	0.502	0.492	0.491	0.496	0.517	0.514	0.525	0.538	0.526	0.527	0.538	0.478	0.488	0.487	0.475	0.495	0.503	0.513	0.526	0.534	0.538	0.531	0.533	0.505	0.521	0.537	0.551	0.570	0.590	0.558	0.575	0.603	0.610	0.605	0.598	0.512	0.485	0.518	0.522	0.553	0.576	0.620	0.579	0.578	0.598	0.603	0.602	0.496	0.711	0.672	0.614	0.670	0.687	0.626	0.625	0.619	0.612	0.616	0.670	0.455	0.767	0.778	0.776	0.793	0.813	0.835	0.858	0.797	0.787	0.793	0.785	0.475	0.570	0.572
5:07:12	37.0	0.505	0.498	0.496	0.502	0.519	0.519	0.530	0.543	0.532	0.534	0.544	0.478	0.490	0.488	0.481	0.500	0.508	0.519	0.526	0.538	0.546	0.537	0.536	0.509	0.521	0.538	0.557	0.576	0.597	0.574	0.580	0.616	0.616	0.612	0.602	0.514	0.490	0.513	0.528	0.562	0.581	0.625	0.587	0.591	0.609	0.614	0.604	0.494	0.713	0.676	0.620	0.676	0.690	0.631	0.630	0.624	0.615	0.620	0.673	0.460	0.774	0.785	0.784	0.800	0.819	0.841	0.866	0.803	0.792	0.799	0.793	0.477	0.568	0.581
5:11:12	37.0	0.508	0.505	0.501	0.509	0.525	0.523	0.531	0.546	0.533	0.542	0.549	0.478	0.493	0.493	0.486	0.504	0.515	0.519	0.532	0.548	0.552	0.541	0.540	0.515	0.523	0.541	0.560	0.580	0.603	0.580	0.583	0.621	0.621	0.618	0.607	0.518	0.489	0.515	0.531	0.565	0.584	0.631	0.591	0.603	0.617	0.620	0.612	0.499	0.716	0.680	0.623	0.682	0.692	0.634	0.633	0.628	0.618	0.622	0.675	0.460	0.779	0.789	0.792	0.803	0.824	0.847	0.873	0.808	0.797	0.804	0.801	0.481	0.569	0.594
5:15:12	37.0	0.514	0.512	0.507	0.517	0.533	0.529	0.538	0.552	0.541	0.550	0.559	0.480	0.499	0.492	0.490	0.510	0.522	0.526	0.540	0.556	0.560	0.550	0.550	0.519	0.527	0.538	0.565	0.586	0.609	0.595	0.590	0.629	0.627	0.628	0.617	0.521	0.496	0.521	0.532	0.570	0.589	0.639	0.598	0.613	0.627	0.626	0.617	0.504	0.718	0.686	0.628	0.688	0.694	0.638	0.636	0.631	0.622	0.627	0.678	0.465	0.787	0.794	0.797	0.807	0.830	0.853	0.879	0.814	0.802	0.808	0.807	0.486	0.574	0.599
5:19:12	37.0	0.516	0.519	0.515	0.524	0.541	0.533	0.546	0.554	0.549	0.555	0.564	0.480	0.500	0.494	0.497	0.517	0.528	0.528	0.546	0.562	0.567	0.554	0.556	0.522	0.529	0.546	0.567	0.591	0.616	0.601	0.596	0.636	0.635	0.635	0.623	0.524	0.493	0.518	0.538	0.576	0.599	0.647	0.603	0.625	0.631	0.634	0.622	0.507	0.719	0.691	0.634	0.691	0.698	0.640	0.639	0.635	0.626	0.629	0.680	0.471	0.791	0.799	0.803	0.812	0.836	0.858	0.886	0.820	0.807	0.814	0.814	0.492	0.573	0.605
5:23:12	37.0	0.522	0.526	0.524	0.531	0.548	0.542	0.554	0.565	0.558	0.563	0.572	0.484	0.504	0.497	0.503	0.526	0.534	0.535	0.553	0.569	0.572	0.562	0.564	0.530	0.531	0.548	0.571	0.593	0.620	0.610	0.600	0.642	0.643	0.642	0.634	0.529	0.500	0.521	0.549	0.582	0.602	0.655	0.608	0.636	0.637	0.642	0.628	0.509	0.719	0.695	0.640	0.696	0.703	0.643	0.644	0.640	0.629	0.634	0.682	0.475	0.796	0.804	0.810	0.818	0.843	0.863	0.892	0.825	0.813	0.818	0.818	0.494	0.573	0.612
5:27:12	37.0	0.525	0.532	0.532	0.537	0.552	0.547	0.559	0.573	0.564	0.569	0.579	0.486	0.509	0.502	0.510	0.536	0.542	0.542	0.560	0.577	0.580	0.570	0.571	0.536	0.529	0.547	0.575	0.598	0.622	0.617	0.609	0.648	0.649	0.650	0.645	0.529	0.505	0.524	0.551	0.591	0.614	0.663	0.617	0.643	0.644	0.649	0.638	0.511	0.723	0.700	0.646	0.699	0.707	0.644	0.645	0.643	0.632	0.636	0.683	0.481	0.798	0.808	0.816	0.825	0.849	0.868	0.899	0.828	0.819	0.825	0.825	0.498	0.580	0.619
5:31:12	37.0	0.530	0.537	0.541	0.541	0.554	0.552	0.566	0.578	0.570	0.575	0.585	0.487	0.512	0.507	0.517	0.543	0.548	0.550	0.565	0.581	0.585	0.576	0.577	0.540	0.531	0.553	0.582	0.602	0.626	0.623	0.616	0.655	0.656	0.658	0.657	0.531	0.505	0.527	0.558	0.597	0.624	0.669	0.627	0.654	0.654	0.658	0.644	0.513	0.727	0.704	0.650	0.704	0.711	0.646	0.650	0.647	0.635	0.641	0.686	0.480	0.803	0.814	0.820	0.830	0.854	0.874	0.906	0.832	0.824	0.831	0.829	0.503	0.583	0.622
5:35:12	37.0	0.538	0.543	0.552	0.546	0.556	0.558	0.572	0.582	0.577	0.580	0.591	0.488	0.519	0.511	0.526	0.553	0.551	0.557	0.572	0.589	0.591	0.583	0.585	0.545	0.537	0.558	0.587	0.607	0.632	0.631	0.624	0.663	0.663	0.666	0.668	0.535	0.510	0.525	0.565	0.602	0.630	0.676	0.635	0.664	0.661	0.667	0.651	0.516	0.730	0.708	0.654	0.712	0.714	0.647	0.652	0.651	0.639	0.645	0.689	0.486	0.806	0.818	0.825	0.837	0.859	0.880	0.912	0.835	0.832	0.837	0.834	0.504	0.590	0.626
5:39:12	37.0	0.546	0.550	0.561	0.552	0.564	0.564	0.578	0.590	0.583	0.587	0.598	0.488	0.524	0.514	0.534	0.559	0.554	0.561	0.578	0.594	0.598	0.588	0.591	0.551	0.545	0.565	0.592	0.611	0.638	0.642	0.633	0.671	0.669	0.674	0.676	0.536	0.518	0.529	0.572	0.611	0.641	0.687	0.642	0.673	0.667	0.675	0.658	0.519	0.733	0.714	0.657	0.717	0.718	0.647	0.656	0.654	0.643	0.648	0.692	0.492	0.810	0.822	0.829	0.841	0.865	0.887	0.917	0.839	0.836	0.840	0.839	0.503	0.591	0.634
5:43:12	37.0	0.552	0.557	0.570	0.558	0.573	0.573	0.584	0.598	0.590	0.593	0.605	0.489	0.532	0.520	0.541	0.565	0.559	0.568	0.586	0.600	0.604	0.594	0.598	0.555	0.555	0.568	0.597	0.617	0.645	0.651	0.644	0.677	0.678	0.685	0.686	0.538	0.523	0.535	0.578	0.617	0.653	0.695	0.652	0.683	0.677	0.682	0.666	0.523	0.737	0.718	0.658	0.723	0.722	0.648	0.659	0.655	0.646	0.652	0.694	0.496	0.814	0.828	0.833	0.847	0.870	0.893	0.922	0.842	0.842	0.844	0.845	0.512	0.593	0.635
5:47:12	37.0	0.561	0.565	0.577	0.564	0.579	0.578	0.592	0.602	0.595	0.599	0.610	0.491	0.539	0.527	0.551	0.573	0.566	0.575	0.593	0.607	0.612	0.601	0.604	0.563	0.562	0.570	0.605	0.625	0.654	0.663	0.654	0.688	0.689	0.693	0.697	0.539	0.531	0.537	0.588	0.626	0.662	0.705	0.663	0.693	0.687	0.695	0.671	0.523	0.742	0.724	0.661	0.728	0.728	0.652	0.663	0.659	0.650	0.656	0.697	0.497	0.818	0.835	0.837	0.849	0.877	0.897	0.928	0.848	0.848	0.850	0.851	0.513	0.593	0.635
5:51:12	37.0	0.569	0.573	0.584	0.571	0.584	0.587	0.600	0.610	0.603	0.607	0.618	0.492	0.548	0.534	0.560	0.579	0.575	0.582	0.600	0.617	0.618	0.608	0.613	0.569	0.569	0.574	0.614	0.633	0.664	0.671	0.664	0.696	0.697	0.700	0.704	0.540	0.539	0.547	0.596	0.632	0.672	0.711	0.672	0.701	0.695	0.703	0.680	0.526	0.744	0.729	0.663	0.731	0.731	0.653	0.666	0.664	0.652	0.659	0.699	0.501	0.822	0.840	0.841	0.854	0.882	0.903	0.936	0.852	0.853	0.852	0.855	0.517	0.614	0.639
5:55:12	37.1	0.578	0.581	0.589	0.577	0.590	0.593	0.606	0.616	0.609	0.612	0.624	0.492	0.556	0.541	0.567	0.584	0.583	0.588	0.605	0.620	0.624	0.612	0.617	0.572	0.576	0.579	0.624	0.642	0.673	0.678	0.674	0.703	0.705	0.707	0.711	0.540	0.549	0.556	0.604	0.641	0.680	0.717	0.681	0.711	0.703	0.711	0.684	0.527	0.749	0.734	0.668	0.734	0.734	0.657	0.669	0.667	0.655	0.662	0.701	0.505	0.825	0.844	0.844	0.857	0.887	0.906	0.942	0.855	0.857	0.856	0.859	0.519	0.623	0.648
5:59:12	37.1	0.588	0.590	0.596	0.583	0.598	0.597	0.612	0.622	0.614	0.618	0.629	0.494	0.566	0.546	0.574	0.589	0.588	0.595	0.613	0.628	0.631	0.618	0.625	0.574	0.584	0.587	0.636	0.653	0.684	0.689	0.685	0.714	0.714	0.713	0.718	0.545	0.558	0.565	0.612	0.644	0.689	0.723	0.689	0.718	0.709	0.718	0.695	0.535	0.754	0.737	0.672	0.739	0.738	0.661	0.671	0.671	0.659	0.665	0.704	0.510	0.830	0.848	0.849	0.859	0.891	0.913	0.947	0.859	0.862	0.860	0.865	0.526	0.602	0.654
6:03:12	37.0	0.599	0.601	0.602	0.591	0.606	0.606	0.620	0.631	0.623	0.626	0.638	0.498	0.573	0.554	0.583	0.596	0.596	0.604	0.621	0.635	0.639	0.626	0.634	0.585	0.590	0.594	0.647	0.663	0.693	0.697	0.695	0.721	0.722	0.721	0.726	0.550	0.567	0.573	0.620	0.657	0.695	0.729	0.698	0.725	0.716	0.726	0.699	0.539	0.760	0.740	0.675	0.745	0.743	0.663	0.675	0.675	0.663	0.668	0.707	0.521	0.835	0.854	0.854	0.865	0.898	0.918	0.952	0.866	0.866	0.864	0.870	0.530	0.600	0.653
6:07:12	37.0	0.608	0.610	0.609	0.599	0.614	0.614	0.628	0.638	0.630	0.634	0.645	0.499	0.583	0.564	0.592	0.604	0.608	0.612	0.629	0.644	0.648	0.634	0.643	0.592	0.599	0.602	0.659	0.673	0.702	0.705	0.703	0.729	0.729	0.727	0.733	0.552	0.576	0.585	0.629	0.668	0.704	0.735	0.705	0.734	0.724	0.732	0.709	0.540	0.763	0.745	0.678	0.750	0.750	0.665	0.679	0.679	0.666	0.670	0.710	0.525	0.841	0.859	0.860	0.872	0.904	0.923	0.958	0.872	0.872	0.870	0.877	0.541	0.602	0.651
6:11:12	37.0	0.616	0.618	0.616	0.606	0.619	0.619	0.634	0.644	0.637	0.642	0.652	0.500	0.591	0.571	0.599	0.613	0.614	0.619	0.635	0.650	0.654	0.640	0.649	0.598	0.607	0.609	0.668	0.681	0.711	0.714	0.712	0.735	0.735	0.733	0.737	0.557	0.586	0.594	0.638	0.677	0.711	0.739	0.713	0.739	0.732	0.739	0.713	0.543	0.762	0.751	0.680	0.755	0.758	0.669	0.682	0.682	0.670	0.673	0.713	0.529	0.847	0.863	0.863	0.880	0.908	0.929	0.963	0.875	0.875	0.875	0.881	0.542	0.615	0.657
6:15:12	37.0	0.625	0.627	0.624	0.613	0.627	0.626	0.641	0.651	0.644	0.649	0.660	0.501	0.600	0.579	0.607	0.621	0.622	0.624	0.642	0.656	0.661	0.646	0.655	0.605	0.615	0.619	0.679	0.691	0.719	0.720	0.719	0.746	0.742	0.740	0.744	0.559	0.595	0.602	0.647	0.684	0.718	0.744	0.719	0.748	0.739	0.747	0.720	0.547	0.756	0.758	0.681	0.762	0.766	0.672	0.684	0.687	0.674	0.677	0.715	0.537	0.852	0.868	0.867	0.883	0.913	0.936	0.969	0.881	0.880	0.882	0.884	0.547	0.625	0.650
6:19:12	37.0	0.635	0.637	0.631	0.621	0.634	0.634	0.650	0.660	0.652	0.657	0.668	0.507	0.608	0.590	0.613	0.626	0.631	0.634	0.650	0.666	0.669	0.655	0.665	0.613	0.624	0.628	0.688	0.699	0.728	0.726	0.727	0.750	0.748	0.746	0.748	0.562	0.605	0.613	0.656	0.692	0.725	0.752	0.727	0.756	0.745	0.751	0.728	0.552	0.752	0.762	0.682	0.767	0.773	0.676	0.687	0.690	0.678	0.681	0.718	0.543	0.857	0.873	0.874	0.888	0.919	0.944	0.974	0.884	0.886	0.886	0.891	0.554	0.631	0.657
6:23:12	37.0	0.645	0.648	0.639	0.629	0.642	0.643	0.659	0.667	0.660	0.664	0.675	0.509	0.617	0.598	0.619	0.634	0.639	0.640	0.657	0.671	0.676	0.661	0.674	0.620	0.630	0.637	0.697	0.706	0.734	0.734	0.733	0.756	0.756	0.751	0.756	0.566	0.612	0.621	0.665	0.700	0.730	0.757	0.733	0.760	0.751	0.758	0.735	0.554	0.751	0.764	0.681	0.771	0.779	0.679	0.690	0.694	0.680	0.684	0.721	0.552	0.860	0.879	0.879	0.892	0.922	0.946	0.977	0.889	0.889	0.890	0.896	0.561	0.640	0.670
6:27:12	37.0	0.653	0.659	0.646	0.638	0.651	0.651	0.665	0.675	0.667	0.672	0.682	0.511	0.624	0.605	0.628	0.642	0.648	0.648	0.665	0.680	0.684	0.669	0.681	0.629	0.640	0.646	0.705	0.715	0.741	0.738	0.739	0.762	0.761	0.758	0.762	0.569	0.621	0.631	0.674	0.709	0.736	0.761	0.739	0.766	0.758	0.763	0.741	0.556	0.755	0.767	0.682	0.775	0.786	0.682	0.693	0.696	0.684	0.687	0.724	0.557	0.863	0.882	0.883	0.897	0.927	0.954	0.984	0.894	0.894	0.896	0.901	0.568	0.652	0.643
6:31:12	37.0	0.663	0.667	0.655	0.648	0.658	0.657	0.673	0.684	0.675	0.681	0.691	0.516	0.633	0.616	0.637	0.652	0.657	0.656	0.672	0.689	0.694	0.677	0.690	0.638	0.651	0.654	0.712	0.722	0.748	0.743	0.746	0.766	0.767	0.762	0.765	0.572	0.631	0.638	0.683	0.716	0.743	0.767	0.745	0.773	0.764	0.769	0.752	0.561	0.758	0.770	0.683	0.779	0.792	0.686	0.696	0.701	0.688	0.691	0.728	0.560	0.862	0.885	0.885	0.900	0.932	0.962	0.990	0.898	0.900	0.901	0.904	0.570	0.644	0.648
6:35:12	37.0	0.671	0.676	0.663	0.655	0.666	0.666	0.680	0.691	0.682	0.688	0.699	0.519	0.643	0.623	0.645	0.660	0.663	0.663	0.680	0.694	0.699	0.685	0.698	0.645	0.661	0.661	0.719	0.729	0.753	0.748	0.753	0.773	0.771	0.767	0.772	0.573	0.639	0.647	0.690	0.721	0.752	0.772	0.750	0.778	0.769	0.775	0.758	0.562	0.761	0.774	0.683	0.784	0.798	0.689	0.699	0.705	0.691	0.694	0.730	0.565	0.865	0.891	0.890	0.904	0.937	0.970	0.994	0.902	0.904	0.906	0.909	0.575	0.653	0.654
6:39:12	37.1	0.680	0.685	0.672	0.663	0.674	0.675	0.689	0.699	0.692	0.697	0.709	0.526	0.653	0.634	0.653	0.669	0.672	0.672	0.690	0.704	0.708	0.693	0.706	0.654	0.669	0.671	0.727	0.736	0.761	0.754	0.759	0.779	0.779	0.776	0.778	0.581	0.650	0.657	0.699	0.729	0.758	0.779	0.756	0.785	0.775	0.780	0.767	0.568	0.768	0.778	0.683	0.788	0.804	0.694	0.704	0.709	0.697	0.699	0.735	0.574	0.866	0.895	0.893	0.907	0.944	0.980	1.000	0.908	0.910	0.913	0.914	0.584	0.646	0.643
6:43:12	37.1	0.689	0.695	0.680	0.672	0.682	0.683	0.697	0.707	0.699	0.705	0.716	0.528	0.662	0.642	0.662	0.677	0.680	0.680	0.695	0.710	0.714	0.699	0.713	0.660	0.678	0.678	0.736	0.742	0.767	0.759	0.765	0.784	0.783	0.781	0.785	0.585	0.658	0.664	0.708	0.736	0.763	0.784	0.761	0.790	0.782	0.786	0.773	0.571	0.775	0.780	0.684	0.792	0.807	0.698	0.706	0.711	0.698	0.702	0.737	0.578	0.869	0.898	0.894	0.910	0.949	0.982	1.002	0.912	0.912	0.918	0.919	0.590	0.652	0.643
6:47:12	37.0	0.697	0.704	0.689	0.681	0.690	0.692	0.704	0.715	0.706	0.712	0.723	0.532	0.673	0.653	0.672	0.685	0.689	0.688	0.702	0.719	0.722	0.707	0.721	0.667	0.688	0.688	0.742	0.750	0.774	0.765	0.771	0.788	0.789	0.785	0.789	0.591	0.670	0.675	0.716	0.743	0.770	0.787	0.767	0.795	0.786	0.789	0.777	0.576	0.779	0.783	0.685	0.798	0.815	0.702	0.710	0.715	0.702	0.705	0.740	0.585	0.872	0.902	0.902	0.913	0.954	0.986	1.007	0.919	0.917	0.924	0.922	0.601	0.647	0.647
6:51:12	37.0	0.708	0.712	0.699	0.690	0.699	0.701	0.713	0.724	0.715	0.722	0.732	0.537	0.683	0.663	0.681	0.694	0.698	0.696	0.709	0.727	0.729	0.714	0.729	0.680	0.695	0.695	0.752	0.756	0.778	0.769	0.775	0.793	0.795	0.790	0.795	0.594	0.678	0.682	0.721	0.748	0.775	0.793	0.773	0.800	0.792	0.796	0.783	0.575	0.786	0.787	0.689	0.802	0.818	0.706	0.712	0.719	0.705	0.709	0.743	0.589	0.875	0.908	0.908	0.918	0.959	0.993	1.014	0.924	0.920	0.929	0.926	0.610	0.627	0.637
6:55:12	37.1	0.716	0.721	0.708	0.699	0.707	0.707	0.719	0.730	0.721	0.727	0.736	0.541	0.692	0.673	0.690	0.701	0.704	0.702	0.714	0.732	0.735	0.720	0.735	0.685	0.703	0.703	0.759	0.762	0.785	0.774	0.782	0.798	0.800	0.797	0.802	0.597	0.690	0.691	0.728	0.754	0.783	0.795	0.779	0.806	0.796	0.801	0.789	0.578	0.792	0.789	0.694	0.808	0.824	0.709	0.715	0.723	0.708	0.713	0.746	0.599	0.879	0.913	0.913	0.921	0.966	1.000	1.016	0.929	0.924	0.934	0.930	0.617	0.630	0.637
6:59:12	37.0	0.727	0.729	0.718	0.709	0.715	0.716	0.728	0.740	0.730	0.737	0.745	0.543	0.702	0.683	0.699	0.710	0.712	0.710	0.723	0.740	0.743	0.729	0.744	0.698	0.710	0.711	0.765	0.768	0.789	0.780	0.787	0.805	0.805	0.802	0.805	0.599	0.701	0.697	0.735	0.760	0.789	0.801	0.784	0.811	0.801	0.807	0.794	0.583	0.803	0.791	0.696	0.812	0.829	0.713	0.719	0.726	0.713	0.716	0.749	0.604	0.883	0.918	0.917	0.924	0.967	1.006	1.018	0.933	0.928	0.940	0.933	0.624	0.630	0.635
7:03:12	37.0	0.736	0.737	0.728	0.718	0.724	0.726	0.737	0.746	0.739	0.745	0.754	0.548	0.712	0.694	0.709	0.719	0.721	0.719	0.729	0.749	0.751	0.736	0.752	0.706	0.720	0.718	0.774	0.774	0.795	0.786	0.792	0.810	0.810	0.807	0.810	0.602	0.710	0.707	0.742	0.768	0.794	0.809	0.791	0.815	0.805	0.813	0.801	0.586	0.816	0.794	0.697	0.817	0.835	0.715	0.722	0.729	0.716	0.720	0.752	0.610	0.889	0.920	0.922	0.929	0.970	1.015	1.024	0.938	0.931	0.945	0.937	0.632	0.660	0.643
7:07:12	37.0	0.747	0.745	0.738	0.725	0.731	0.733	0.744	0.752	0.746	0.751	0.762	0.549	0.722	0.704	0.718	0.726	0.728	0.725	0.736	0.755	0.757	0.743	0.758	0.714	0.729	0.726	0.781	0.779	0.799	0.792	0.799	0.814	0.815	0.812	0.814	0.604	0.721	0.715	0.748	0.773	0.800	0.812	0.798	0.821	0.811	0.818	0.805	0.587	0.832	0.796	0.697	0.821	0.840	0.715	0.724	0.731	0.718	0.723	0.755	0.619	0.893	0.923	0.926	0.933	0.976	1.022	1.028	0.942	0.935	0.949	0.941	0.642	0.663	0.646
7:11:12	37.0	0.759	0.751	0.745	0.734	0.738	0.741	0.751	0.758	0.753	0.758	0.770	0.551	0.732	0.713	0.727	0.734	0.735	0.732	0.743	0.763	0.762	0.750	0.765	0.724	0.737	0.734	0.788	0.786	0.805	0.799	0.803	0.820	0.821	0.818	0.818	0.604	0.733	0.723	0.756	0.779	0.807	0.818	0.802	0.827	0.817	0.824	0.810	0.589	0.847	0.800	0.702	0.826	0.846	0.715	0.728	0.734	0.722	0.726	0.759	0.623	0.896	0.926	0.926	0.938	0.980	1.028	1.032	0.947	0.937	0.953	0.945	0.647	0.646	0.645
7:15:12	37.1	0.768	0.760	0.754	0.742	0.746	0.747	0.758	0.767	0.760	0.765	0.777	0.554	0.741	0.723	0.736	0.740	0.742	0.740	0.748	0.767	0.769	0.756	0.770	0.732	0.743	0.742	0.794	0.791	0.810	0.804	0.808	0.826	0.826	0.824	0.822	0.611	0.746	0.731	0.764	0.785	0.812	0.823	0.807	0.832	0.821	0.831	0.816	0.595	0.859	0.803	0.706	0.830	0.853	0.716	0.732	0.738	0.725	0.730	0.764	0.634	0.900	0.929	0.928	0.944	0.986	1.035	1.037	0.952	0.941	0.958	0.949	0.657	0.638	0.647
7:19:12	37.0	0.779	0.766	0.763	0.749	0.752	0.755	0.766	0.773	0.766	0.772	0.783	0.558	0.751	0.732	0.745	0.748	0.749	0.746	0.754	0.774	0.775	0.762	0.777	0.741	0.752	0.750	0.800	0.797	0.816	0.810	0.814	0.830	0.831	0.829	0.827	0.617	0.757	0.738	0.771	0.792	0.816	0.827	0.812	0.837	0.825	0.835	0.821	0.600	0.872	0.807	0.708	0.835	0.857	0.717	0.734	0.741	0.728	0.733	0.765	0.643	0.904	0.930	0.928	0.950	0.989	1.041	1.040	0.954	0.945	0.961	0.951	0.666	0.641	0.648
7:23:12	37.1	0.791	0.773	0.771	0.757	0.759	0.763	0.773	0.778	0.773	0.778	0.790	0.560	0.760	0.742	0.755	0.755	0.756	0.752	0.760	0.780	0.780	0.769	0.784	0.750	0.760	0.758	0.808	0.803	0.822	0.816	0.820	0.837	0.835	0.834	0.833	0.622	0.769	0.749	0.780	0.799	0.824	0.834	0.820	0.843	0.830	0.840	0.829	0.606	0.881	0.810	0.710	0.841	0.865	0.720	0.738	0.745	0.732	0.737	0.770	0.651	0.909	0.932	0.929	0.953	0.994	1.049	1.045	0.960	0.949	0.967	0.957	0.674	0.668	0.652
7:27:12	37.0	0.803	0.782	0.780	0.765	0.766	0.769	0.781	0.788	0.779	0.785	0.797	0.563	0.769	0.752	0.763	0.763	0.762	0.758	0.765	0.787	0.785	0.774	0.790	0.760	0.767	0.764	0.815	0.809	0.826	0.821	0.824	0.841	0.842	0.841	0.838	0.627	0.778	0.756	0.788	0.805	0.829	0.838	0.824	0.849	0.834	0.846	0.834	0.608	0.889	0.812	0.713	0.845	0.867	0.721	0.741	0.747	0.736	0.740	0.773	0.655	0.914	0.935	0.930	0.956	0.998	1.053	1.052	0.965	0.953	0.971	0.961	0.679	0.670	0.655
7:31:12	37.0	0.814	0.788	0.788	0.772	0.773	0.776	0.789	0.793	0.786	0.791	0.802	0.566	0.779	0.760	0.771	0.768	0.769	0.765	0.771	0.792	0.791	0.779	0.794	0.765	0.777	0.772	0.821	0.815	0.831	0.826	0.830	0.845	0.846	0.845	0.842	0.629	0.790	0.766	0.796	0.813	0.836	0.843	0.830	0.855	0.839	0.851	0.838	0.613	0.899	0.816	0.715	0.850	0.869	0.724	0.744	0.750	0.740	0.744	0.776	0.663	0.917	0.939	0.937	0.960	1.002	1.056	1.057	0.968	0.955	0.974	0.963	0.684	0.658	0.652
7:35:12	37.0	0.825	0.796	0.796	0.780	0.779	0.782	0.794	0.798	0.792	0.796	0.808	0.568	0.788	0.769	0.779	0.773	0.774	0.770	0.776	0.796	0.794	0.785	0.798	0.771	0.785	0.779	0.827	0.820	0.836	0.831	0.834	0.851	0.852	0.849	0.847	0.633	0.800	0.774	0.804	0.819	0.842	0.848	0.835	0.861	0.844	0.857	0.845	0.616	0.906	0.820	0.720	0.855	0.871	0.727	0.746	0.754	0.743	0.746	0.778	0.665	0.920	0.939	0.941	0.962	1.005	1.060	1.060	0.971	0.960	0.976	0.966	0.691	0.656	0.658
7:39:12	37.0	0.835	0.804	0.803	0.786	0.785	0.788	0.800	0.804	0.797	0.802	0.813	0.571	0.798	0.776	0.786	0.779	0.779	0.777	0.782	0.801	0.800	0.791	0.803	0.780	0.794	0.786	0.834	0.826	0.843	0.837	0.840	0.854	0.859	0.856	0.852	0.636	0.810	0.783	0.811	0.825	0.847	0.853	0.841	0.866	0.849	0.862	0.851	0.633	0.912	0.822	0.727	0.859	0.876	0.730	0.750	0.757	0.746	0.750	0.781	0.669	0.923	0.941	0.948	0.966	1.010	1.069	1.066	0.975	0.962	0.981	0.969	0.691	0.668	0.660
7:43:12	37.0	0.843	0.811	0.810	0.792	0.792	0.794	0.806	0.810	0.804	0.809	0.820	0.579	0.810	0.785	0.794	0.786	0.786	0.782	0.786	0.807	0.806	0.798	0.810	0.789	0.803	0.795	0.840	0.832	0.849	0.844	0.847	0.863	0.866	0.863	0.859	0.647	0.821	0.793	0.818	0.830	0.853	0.858	0.847	0.872	0.855	0.867	0.857	0.627	0.918	0.825	0.736	0.864	0.883	0.733	0.754	0.761	0.750	0.754	0.785	0.679	0.929	0.944	0.954	0.970	1.013	1.074	1.069	0.978	0.969	0.985	0.972	0.697	0.658	0.660
7:47:12	37.0	0.852	0.818	0.818	0.798	0.797	0.801	0.811	0.817	0.809	0.813	0.824	0.579	0.820	0.793	0.800	0.791	0.791	0.787	0.791	0.812	0.810	0.802	0.814	0.796	0.811	0.802	0.846	0.838	0.853	0.850	0.852	0.868	0.872	0.868	0.863	0.648	0.831	0.803	0.826	0.838	0.859	0.866	0.853	0.878	0.860	0.873	0.864	0.623	0.923	0.828	0.745	0.868	0.890	0.738	0.759	0.765	0.754	0.759	0.789	0.690	0.935	0.946	0.957	0.974	1.017	1.079	1.075	0.979	0.974	0.988	0.978	0.701	0.683	0.662
7:51:12	37.0	0.861	0.826	0.825	0.805	0.802	0.805	0.815	0.820	0.813	0.818	0.829	0.583	0.829	0.801	0.807	0.795	0.795	0.792	0.794	0.816	0.815	0.805	0.817	0.800	0.819	0.809	0.852	0.843	0.859	0.855	0.857	0.873	0.876	0.872	0.868	0.652	0.840	0.812	0.835	0.843	0.865	0.870	0.856	0.881	0.864	0.877	0.869	0.624	0.926	0.833	0.752	0.872	0.896	0.740	0.762	0.768	0.757	0.761	0.790	0.689	0.936	0.950	0.962	0.980	1.020	1.081	1.079	0.980	0.976	0.990	0.981	0.706	0.683	0.664
7:55:12	37.0	0.869	0.832	0.832	0.811	0.809	0.811	0.819	0.826	0.819	0.824	0.836	0.592	0.838	0.809	0.813	0.801	0.800	0.797	0.800	0.821	0.819	0.812	0.824	0.807	0.827	0.816	0.857	0.848	0.864	0.861	0.861	0.877	0.882	0.877	0.872	0.658	0.848	0.821	0.843	0.849	0.871	0.877	0.863	0.888	0.871	0.882	0.873	0.629	0.930	0.836	0.758	0.877	0.902	0.743	0.765	0.771	0.762	0.765	0.794	0.693	0.937	0.953	0.965	0.984	1.023	1.085	1.081	0.982	0.980	0.992	0.984	0.710	0.678	0.666
7:59:12	37.0	0.878	0.840	0.839	0.817	0.814	0.816	0.825	0.830	0.823	0.828	0.839	0.593	0.847	0.816	0.819	0.805	0.804	0.800	0.803	0.825	0.823	0.815	0.826	0.813	0.835	0.825	0.864	0.855	0.869	0.866	0.867	0.882	0.886	0.881	0.876	0.663	0.858	0.828	0.850	0.856	0.876	0.881	0.867	0.893	0.875	0.887	0.878	0.639	0.934	0.840	0.762	0.879	0.908	0.746	0.768	0.775	0.765	0.768	0.797	0.701	0.938	0.955	0.967	0.988	1.027	1.087	1.085	0.984	0.984	0.996	0.986	0.713	0.675	0.669
8:03:12	37.0	0.886	0.848	0.844	0.821	0.819	0.820	0.832	0.835	0.828	0.832	0.843	0.597	0.854	0.823	0.825	0.809	0.808	0.805	0.807	0.828	0.827	0.820	0.830	0.816	0.843	0.832	0.870	0.860	0.874	0.871	0.872	0.886	0.892	0.886	0.881	0.664	0.866	0.838	0.858	0.861	0.882	0.889	0.873	0.899	0.881	0.892	0.884	0.632	0.938	0.842	0.765	0.881	0.912	0.750	0.772	0.778	0.768	0.771	0.800	0.703	0.941	0.961	0.971	0.992	1.032	1.092	1.091	0.988	0.986	1.001	0.989	0.718	0.671	0.673
8:07:12	37.1	0.894	0.854	0.851	0.826	0.823	0.824	0.836	0.839	0.832	0.836	0.849	0.601	0.862	0.830	0.832	0.814	0.812	0.809	0.812	0.832	0.831	0.825	0.834	0.822	0.850	0.841	0.877	0.867	0.880	0.876	0.877	0.893	0.898	0.892	0.887	0.673	0.874	0.847	0.865	0.866	0.888	0.894	0.878	0.904	0.885	0.896	0.888	0.636	0.939	0.844	0.766	0.884	0.917	0.752	0.774	0.781	0.771	0.774	0.802	0.709	0.942	0.964	0.975	0.995	1.034	1.097	1.093	0.991	0.991	1.004	0.989	0.724	0.694	0.675
8:11:12	37.0	0.902	0.860	0.857	0.832	0.828	0.830	0.842	0.844	0.839	0.841	0.852	0.603	0.870	0.836	0.836	0.819	0.816	0.814	0.817	0.836	0.835	0.829	0.838	0.827	0.858	0.847	0.882	0.871	0.885	0.882	0.883	0.898	0.903	0.897	0.890	0.676	0.883	0.857	0.874	0.873	0.892	0.896	0.883	0.909	0.892	0.902	0.895	0.643	0.943	0.847	0.772	0.888	0.923	0.755	0.777	0.785	0.775	0.778	0.805	0.709	0.948	0.966	0.979	0.999	1.038	1.103	1.097	0.994	0.995	1.006	0.990	0.731	0.708	0.673
8:15:12	37.0	0.910	0.866	0.861	0.835	0.831	0.833	0.842	0.847	0.842	0.843	0.854	0.607	0.877	0.842	0.841	0.823	0.820	0.817	0.818	0.838	0.837	0.831	0.840	0.829	0.866	0.855	0.887	0.877	0.890	0.886	0.886	0.901	0.907	0.901	0.895	0.675	0.891	0.865	0.881	0.879	0.901	0.905	0.887	0.915	0.896	0.905	0.898	0.640	0.947	0.850	0.779	0.890	0.927	0.758	0.780	0.788	0.778	0.780	0.808	0.712	0.950	0.965	0.981	1.003	1.043	1.107	1.103	0.997	0.998	1.011	0.995	0.733	0.708	0.675
8:19:12	37.0	0.919	0.870	0.866	0.840	0.835	0.837	0.849	0.850	0.845	0.847	0.855	0.609	0.885	0.849	0.846	0.826	0.822	0.820	0.822	0.841	0.839	0.835	0.843	0.834	0.874	0.863	0.893	0.882	0.895	0.892	0.892	0.908	0.913	0.907	0.900	0.679	0.898	0.872	0.888	0.884	0.902	0.908	0.893	0.920	0.901	0.910	0.905	0.645	0.951	0.852	0.783	0.894	0.932	0.763	0.783	0.791	0.781	0.783	0.810	0.718	0.954	0.966	0.986	1.007	1.047	1.108	1.107	1.001	1.000	1.014	0.999	0.739	0.716	0.677
8:23:12	37.0	0.926	0.880	0.871	0.843	0.839	0.840	0.852	0.854	0.851	0.849	0.853	0.628	0.891	0.855	0.850	0.828	0.826	0.824	0.826	0.843	0.843	0.838	0.846	0.840	0.880	0.870	0.899	0.888	0.900	0.895	0.895	0.911	0.916	0.910	0.902	0.684	0.904	0.878	0.894	0.889	0.906	0.912	0.897	0.924	0.904	0.914	0.908	0.648	0.953	0.855	0.785	0.896	0.936	0.767	0.787	0.794	0.784	0.786	0.813	0.724	0.955	0.969	0.988	1.012	1.049	1.112	1.110	1.003	1.002	1.014	0.999	0.746	0.705	0.681
8:27:12	37.0	0.932	0.883	0.875	0.848	0.843	0.843	0.856	0.858	0.856	0.854	0.854	0.628	0.899	0.861	0.855	0.832	0.829	0.828	0.828	0.848	0.846	0.841	0.849	0.846	0.886	0.879	0.905	0.892	0.904	0.900	0.901	0.915	0.921	0.916	0.906	0.689	0.911	0.887	0.901	0.895	0.913	0.918	0.901	0.928	0.909	0.918	0.912	0.649	0.956	0.857	0.788	0.898	0.941	0.773	0.790	0.798	0.787	0.791	0.816	0.728	0.956	0.971	0.992	1.017	1.052	1.113	1.116	1.008	1.007	1.017	1.006	0.750	0.712	0.679
8:31:12	37.0	0.939	0.888	0.879	0.850	0.847	0.846	0.858	0.859	0.860	0.856	0.856	0.619	0.906	0.867	0.860	0.835	0.833	0.832	0.834	0.850	0.850	0.845	0.853	0.850	0.893	0.884	0.910	0.897	0.909	0.905	0.906	0.921	0.926	0.920	0.911	0.695	0.919	0.895	0.908	0.902	0.920	0.923	0.907	0.935	0.913	0.923	0.917	0.652	0.958	0.860	0.793	0.901	0.947	0.779	0.794	0.802	0.791	0.794	0.819	0.732	0.957	0.973	0.995	1.017	1.056	1.115	1.119	1.010	1.011	1.021	1.007	0.755	0.717	0.689
8:35:12	37.0	0.946	0.895	0.883	0.856	0.849	0.849	0.859	0.862	0.861	0.860	0.858	0.622	0.914	0.873	0.864	0.839	0.835	0.835	0.834	0.854	0.855	0.848	0.855	0.856	0.898	0.891	0.914	0.902	0.913	0.908	0.910	0.926	0.930	0.925	0.916	0.695	0.924	0.902	0.914	0.906	0.923	0.928	0.912	0.939	0.918	0.929	0.922	0.648	0.961	0.863	0.798	0.905	0.951	0.784	0.797	0.806	0.794	0.797	0.821	0.732	0.962	0.974	0.998	1.020	1.059	1.118	1.123	1.015	1.014	1.025	1.010	0.757	0.716	0.696
8:39:12	37.0	0.951	0.906	0.886	0.857	0.851	0.851	0.863	0.865	0.863	0.862	0.857	0.628	0.918	0.878	0.868	0.841	0.836	0.835	0.836	0.855	0.856	0.850	0.857	0.855	0.904	0.896	0.920	0.906	0.918	0.913	0.915	0.930	0.935	0.927	0.920	0.696	0.930	0.908	0.920	0.910	0.924	0.931	0.916	0.942	0.921	0.933	0.926	0.651	0.965	0.865	0.800	0.908	0.955	0.788	0.800	0.809	0.798	0.801	0.825	0.738	0.968	0.977	1.002	1.024	1.062	1.121	1.124	1.019	1.016	1.026	1.015	0.762	0.729	0.698
8:43:12	37.0	0.960	0.919	0.891	0.860	0.855	0.854	0.865	0.869	0.865	0.864	0.857	0.630	0.924	0.883	0.872	0.844	0.839	0.839	0.835	0.858	0.856	0.853	0.860	0.859	0.910	0.904	0.925	0.912	0.922	0.917	0.919	0.935	0.940	0.933	0.924	0.702	0.936	0.914	0.926	0.914	0.929	0.936	0.921	0.948	0.926	0.937	0.930	0.655	0.968	0.869	0.803	0.913	0.959	0.792	0.804	0.812	0.800	0.804	0.829	0.743	0.970	0.981	1.004	1.025	1.063	1.124	1.127	1.023	1.018	1.028	1.016	0.773	0.730	0.685
8:47:12	37.0	0.965	0.919	0.894	0.863	0.857	0.856	0.868	0.873	0.867	0.867	0.859	0.639	0.929	0.889	0.875	0.847	0.841	0.842	0.842	0.859	0.860	0.857	0.863	0.863	0.915	0.911	0.930	0.917	0.927	0.921	0.923	0.941	0.944	0.938	0.928	0.708	0.943	0.922	0.933	0.920	0.934	0.942	0.926	0.952	0.931	0.941	0.935	0.658	0.973	0.872	0.807	0.917	0.962	0.795	0.808	0.813	0.805	0.808	0.832	0.750	0.973	0.981	1.009	1.030	1.066	1.128	1.130	1.024	1.021	1.033	1.018	0.775	0.723	0.690
8:51:12	37.0	0.970	0.922	0.897	0.866	0.860	0.858	0.868	0.874	0.868	0.869	0.860	0.643	0.933	0.893	0.878	0.849	0.843	0.842	0.842	0.860	0.860	0.858	0.865	0.864	0.920	0.916	0.935	0.921	0.931	0.926	0.928	0.944	0.948	0.941	0.932	0.712	0.950	0.927	0.937	0.924	0.938	0.945	0.930	0.956	0.934	0.945	0.939	0.661	0.974	0.874	0.810	0.920	0.965	0.799	0.809	0.814	0.807	0.811	0.833	0.752	0.976	0.982	1.010	1.030	1.069	1.133	1.132	1.024	1.022	1.033	1.021	0.777	0.723	0.689
8:55:12	37.0	0.973	0.921	0.900	0.865	0.861	0.860	0.870	0.875	0.869	0.869	0.861	0.647	0.939	0.897	0.881	0.851	0.844	0.845	0.846	0.863	0.862	0.859	0.866	0.867	0.926	0.922	0.938	0.925	0.933	0.929	0.932	0.949	0.951	0.943	0.934	0.715	0.955	0.934	0.943	0.928	0.941	0.949	0.935	0.960	0.938	0.951	0.942	0.662	0.978	0.879	0.815	0.926	0.970	0.804	0.813	0.816	0.810	0.814	0.836	0.756	0.982	0.983	1.012	1.033	1.071	1.133	1.135	1.027	1.025	1.035	1.023	0.781	0.730	0.690
8:59:12	37.1	0.979	0.930	0.903	0.870	0.866	0.864	0.875	0.878	0.872	0.874	0.866	0.653	0.944	0.902	0.885	0.853	0.849	0.848	0.847	0.868	0.867	0.863	0.868	0.877	0.929	0.927	0.941	0.929	0.936	0.932	0.936	0.952	0.954	0.948	0.939	0.721	0.959	0.938	0.947	0.933	0.948	0.953	0.938	0.963	0.942	0.954	0.946	0.664	0.983	0.883	0.820	0.931	0.975	0.808	0.817	0.819	0.813	0.818	0.840	0.758	0.988	0.984	1.014	1.036	1.073	1.137	1.136	1.028	1.028	1.039	1.027	0.783	0.731	0.689
9:03:12	37.0	0.984	0.932	0.907	0.873	0.868	0.865	0.874	0.879	0.872	0.880	0.865	0.652	0.949	0.905	0.888	0.855	0.849	0.850	0.850	0.870	0.869	0.864	0.870	0.881	0.936	0.933	0.946	0.934	0.942	0.937	0.941	0.958	0.960	0.953	0.944	0.721	0.964	0.946	0.953	0.936	0.952	0.958	0.944	0.969	0.946	0.959	0.951	0.668	0.987	0.887	0.826	0.937	0.982	0.813	0.821	0.823	0.817	0.822	0.845	0.757	0.993	0.987	1.017	1.039	1.075	1.141	1.139	1.031	1.033	1.042	1.028	0.789	0.731	0.691
9:07:12	37.1	0.987	0.935	0.910	0.874	0.872	0.869	0.875	0.882	0.877	0.882	0.867	0.658	0.954	0.910	0.892	0.857	0.853	0.852	0.849	0.872	0.872	0.866	0.872	0.887	0.940	0.938	0.949	0.937	0.944	0.941	0.945	0.961	0.962	0.956	0.946	0.722	0.968	0.951	0.958	0.941	0.957	0.961	0.947	0.973	0.949	0.962	0.954	0.672	0.988	0.889	0.832	0.940	0.987	0.816	0.825	0.827	0.819	0.824	0.845	0.758	0.995	0.991	1.019	1.041	1.078	1.143	1.140	1.033	1.035	1.045	1.028	0.790	0.726	0.690
9:11:12	37.0	0.991	0.936	0.912	0.876	0.873	0.870	0.875	0.883	0.877	0.886	0.870	0.661	0.958	0.914	0.895	0.859	0.853	0.855	0.853	0.874	0.873	0.867	0.874	0.891	0.945	0.945	0.954	0.942	0.948	0.944	0.949	0.964	0.966	0.961	0.950	0.728	0.973	0.957	0.962	0.945	0.960	0.964	0.951	0.975	0.953	0.967	0.958	0.680	0.992	0.893	0.835	0.944	0.991	0.819	0.828	0.829	0.822	0.827	0.844	0.763	1.000	0.993	1.023	1.045	1.080	1.145	1.139	1.034	1.036	1.049	1.030	0.795	0.737	0.690
9:15:12	37.0	0.995	0.940	0.914	0.877	0.875	0.871	0.877	0.885	0.878	0.882	0.871	0.667	0.964	0.918	0.897	0.861	0.855	0.857	0.857	0.876	0.874	0.870	0.876	0.895	0.951	0.951	0.958	0.944	0.952	0.948	0.953	0.969	0.969	0.963	0.953	0.732	0.975	0.961	0.966	0.948	0.966	0.968	0.956	0.979	0.956	0.969	0.961	0.690	0.996	0.895	0.837	0.946	0.995	0.822	0.831	0.832	0.825	0.830	0.846	0.764	1.001	0.993	1.022	1.046	1.083	1.148	1.141	1.036	1.038	1.050	1.032	0.793	0.740	0.686
9:19:12	37.0	0.992	0.941	0.916	0.880	0.876	0.872	0.880	0.887	0.881	0.885	0.873	0.668	0.967	0.921	0.900	0.862	0.854	0.858	0.861	0.876	0.874	0.871	0.877	0.895	0.954	0.951	0.962	0.949	0.955	0.951	0.957	0.973	0.973	0.968	0.959	0.735	0.980	0.966	0.970	0.953	0.970	0.972	0.960	0.983	0.961	0.975	0.967	0.698	0.999	0.898	0.840	0.950	1.000	0.826	0.835	0.835	0.828	0.834	0.849	0.768	1.004	0.996	1.024	1.050	1.084	1.149	1.141	1.040	1.041	1.051	1.034	0.799	0.748	0.690
9:23:12	37.0	0.997	0.944	0.918	0.878	0.879	0.874	0.877	0.888	0.882	0.887	0.875	0.677	0.972	0.924	0.902	0.864	0.857	0.859	0.863	0.879	0.877	0.872	0.878	0.896	0.958	0.959	0.965	0.952	0.957	0.954	0.960	0.974	0.977	0.971	0.960	0.735	0.983	0.970	0.975	0.957	0.973	0.975	0.962	0.986	0.964	0.977	0.968	0.700	1.002	0.900	0.841	0.953	1.003	0.828	0.837	0.838	0.830	0.837	0.851	0.771	1.004	0.997	1.026	1.048	1.084	1.151	1.143	1.041	1.044	1.055	1.037	0.800	0.744	0.690
9:27:12	37.0	1.004	0.948	0.920	0.884	0.881	0.877	0.877	0.890	0.884	0.890	0.877	0.672	0.976	0.927	0.905	0.866	0.859	0.862	0.863	0.881	0.878	0.874	0.880	0.900	0.962	0.964	0.970	0.956	0.961	0.958	0.966	0.978	0.980	0.976	0.964	0.739	0.987	0.975	0.978	0.960	0.978	0.979	0.966	0.989	0.968	0.981	0.973	0.709	1.005	0.903	0.843	0.957	1.007	0.830	0.841	0.842	0.834	0.841	0.856	0.775	1.004	1.002	1.027	1.049	1.086	1.153	1.148	1.044	1.047	1.058	1.038	0.805	0.739	0.696
9:31:12	37.0	1.007	0.951	0.921	0.884	0.878	0.877	0.878	0.891	0.884	0.890	0.878	0.678	0.979	0.929	0.906	0.867	0.859	0.862	0.861	0.881	0.878	0.875	0.881	0.898	0.967	0.971	0.974	0.960	0.964	0.961	0.968	0.984	0.984	0.979	0.968	0.744	0.992	0.980	0.983	0.965	0.983	0.983	0.970	0.995	0.972	0.985	0.977	0.715	1.009	0.907	0.846	0.960	1.011	0.830	0.843	0.844	0.836	0.843	0.859	0.778	1.005	1.007	1.025	1.050	1.088	1.155	1.149	1.043	1.048	1.055	1.042	0.807	0.747	0.701
9:35:12	37.0	1.010	0.951	0.923	0.885	0.884	0.881	0.881	0.893	0.885	0.893	0.880	0.683	0.983	0.933	0.910	0.868	0.859	0.864	0.862	0.882	0.881	0.878	0.884	0.904	0.971	0.971	0.978	0.964	0.968	0.964	0.972	0.986	0.988	0.982	0.971	0.746	0.996	0.983	0.987	0.966	0.985	0.985	0.974	0.997	0.975	0.989	0.980	0.711	1.012	0.909	0.852	0.965	1.015	0.834	0.847	0.847	0.839	0.846	0.864	0.782	1.005	1.012	1.028	1.053	1.090	1.158	1.151	1.045	1.049	1.060	1.043	0.812	0.770	0.699
9:39:12	37.0	1.014	0.955	0.925	0.886	0.885	0.884	0.882	0.895	0.888	0.895	0.883	0.683	0.986	0.935	0.912	0.870	0.864	0.866	0.863	0.884	0.883	0.880	0.886	0.909	0.975	0.974	0.982	0.968	0.970	0.967	0.975	0.989	0.990	0.986	0.973	0.749	1.001	0.986	0.990	0.971	0.989	0.988	0.977	1.000	0.978	0.992	0.983	0.719	1.014	0.914	0.859	0.970	1.020	0.837	0.851	0.851	0.842	0.850	0.869	0.786	1.007	1.013	1.030	1.055	1.093	1.162	1.155	1.048	1.053	1.064	1.048	0.818	0.761	0.697
9:43:12	37.0	1.017	0.958	0.926	0.889	0.885	0.887	0.884	0.896	0.889	0.897	0.884	0.688	0.990	0.938	0.914	0.871	0.866	0.870	0.864	0.886	0.884	0.879	0.887	0.909	0.979	0.979	0.987	0.972	0.975	0.971	0.979	0.992	0.994	0.990	0.976	0.751	1.004	0.989	0.993	0.974	0.990	0.992	0.979	1.003	0.980	0.994	0.986	0.727	1.018	0.917	0.864	0.974	1.023	0.840	0.854	0.852	0.845	0.853	0.871	0.786	1.010	1.019	1.031	1.057	1.093	1.163	1.156	1.051	1.052	1.066	1.049	0.818	0.775	0.694
9:47:12	37.0	1.021	0.961	0.931	0.894	0.888	0.889	0.886	0.901	0.891	0.899	0.888	0.692	0.994	0.941	0.916	0.873	0.871	0.870	0.865	0.888	0.888	0.884	0.889	0.914	0.983	0.982	0.990	0.975	0.977	0.974	0.981	0.995	0.997	0.993	0.980	0.753	1.008	0.993	0.995	0.977	0.995	0.994	0.982	1.006	0.984	0.998	0.988	0.732	1.022	0.919	0.868	0.977	1.027	0.844	0.857	0.855	0.848	0.856	0.874	0.789	1.011	1.023	1.032	1.061	1.093	1.166	1.157	1.048	1.054	1.066	1.051	0.820	0.779	0.695
9:51:12	37.0	1.024	0.963	0.930	0.896	0.890	0.889	0.885	0.901	0.891	0.899	0.890	0.696	0.997	0.943	0.918	0.873	0.871	0.874	0.864	0.888	0.890	0.887	0.888	0.916	0.986	0.986	0.994	0.978	0.980	0.977	0.985	0.999	1.000	0.996	0.983	0.758	1.012	0.996	0.999	0.982	1.003	0.999	0.987	1.010	0.988	1.002	0.994	0.740	1.024	0.923	0.871	0.983	1.032	0.847	0.859	0.858	0.850	0.859	0.877	0.796	1.013	1.026	1.035	1.063	1.094	1.171	1.157	1.052	1.057	1.067	1.053	0.828	0.782	0.699
9:55:12	37.0	1.027	0.965	0.932	0.898	0.894	0.892	0.888	0.904	0.894	0.902	0.895	0.700	1.000	0.946	0.926	0.878	0.873	0.873	0.865	0.890	0.896	0.900	0.892	0.924	0.990	0.990	0.997	0.981	0.983	0.979	0.988	1.002	1.003	0.998	0.986	0.761	1.016	1.001	1.002	0.984	1.006	1.000	0.988	1.012	0.990	1.004	0.996	0.747	1.027	0.925	0.873	0.986	1.036	0.849	0.863	0.860	0.853	0.862	0.881	0.801	1.016	1.026	1.036	1.064	1.094	1.174	1.158	1.054	1.058	1.068	1.054	0.826	0.779	0.701
9:59:12	37.0	1.030	0.966	0.935	0.901	0.893	0.893	0.889	0.905	0.895	0.906	0.896	0.706	1.004	0.947	0.935	0.877	0.875	0.872	0.865	0.891	0.898	0.893	0.893	0.925	0.994	0.995	1.000	0.985	0.987	0.982	0.991	1.005	1.006	1.001	0.990	0.769	1.018	1.003	1.005	0.987	1.010	1.003	0.992	1.015	0.993	1.008	1.000	0.753	1.029	0.928	0.874	0.991	1.040	0.853	0.865	0.863	0.856	0.864	0.884	0.807	1.022	1.027	1.039	1.067	1.096	1.176	1.161	1.055	1.059	1.069	1.056	0.824	0.778	0.702
10:03:12	37.0	1.035	0.960	0.939	0.903	0.899	0.895	0.892	0.906	0.898	0.905	0.899	0.708	1.008	0.949	0.938	0.880	0.875	0.882	0.867	0.892	0.901	0.890	0.894	0.928	0.999	0.998	1.004	0.988	0.990	0.987	0.994	1.008	1.008	1.004	0.995	0.773	1.024	1.008	1.009	0.992	1.014	1.007	0.995	1.019	0.996	1.009	1.003	0.750	1.033	0.931	0.876	0.997	1.043	0.856	0.869	0.867	0.859	0.868	0.886	0.814	1.024	1.028	1.042	1.067	1.097	1.178	1.164	1.058	1.062	1.072	1.060	0.827	0.781	0.706
10:07:12	37.0	1.038	0.961	0.943	0.905	0.897	0.898	0.895	0.909	0.901	0.907	0.902	0.712	1.012	0.952	0.938	0.885	0.877	0.886	0.869	0.895	0.906	0.897	0.899	0.929	1.003	1.003	1.008	0.992	0.996	0.990	0.998	1.011	1.012	1.008	0.999	0.775	1.027	1.012	1.012	0.995	1.016	1.009	0.999	1.022	1.000	1.012	1.006	0.755	1.036	0.937	0.881	1.002	1.047	0.860	0.874	0.870	0.862	0.872	0.889	0.819	1.030	1.028	1.044	1.067	1.099	1.177	1.167	1.058	1.063	1.072	1.060	0.830	0.787	0.700
10:11:12	37.0	1.042	0.961	0.946	0.907	0.899	0.901	0.898	0.912	0.904	0.909	0.906	0.716	1.015	0.955	0.940	0.887	0.879	0.884	0.871	0.899	0.908	0.898	0.903	0.937	1.007	1.009	1.012	0.995	0.998	0.992	1.000	1.015	1.016	1.012	1.003	0.777	1.030	1.014	1.015	0.998	1.022	1.012	1.000	1.025	1.003	1.017	1.010	0.763	1.041	0.939	0.886	1.007	1.051	0.863	0.876	0.873	0.865	0.875	0.892	0.823	1.033	1.032	1.044	1.068	1.100	1.178	1.168	1.060	1.063	1.077	1.063	0.835	0.789	0.695
10:15:12	37.0	1.045	0.961	0.951	0.909	0.900	0.903	0.900	0.914	0.906	0.910	0.909	0.721	1.018	0.957	0.945	0.887	0.880	0.886	0.870	0.899	0.909	0.902	0.904	0.939	1.011	1.012	1.015	0.998	1.000	0.996	1.004	1.019	1.018	1.015	1.005	0.780	1.035	1.018	1.019	1.002	1.022	1.015	1.004	1.027	1.006	1.020	1.013	0.768	1.046	0.943	0.889	1.011	1.054	0.865	0.879	0.876	0.868	0.877	0.893	0.828	1.038	1.033	1.046	1.068	1.101	1.179	1.169	1.062	1.064	1.075	1.065	0.843	0.757	0.701
10:19:12	37.0	1.048	0.964	0.951	0.912	0.900	0.905	0.902	0.916	0.909	0.911	0.911	0.726	1.023	0.959	0.941	0.894	0.881	0.887	0.872	0.902	0.915	0.900	0.906	0.941	1.014	1.016	1.020	1.001	1.003	0.998	1.008	1.020	1.021	1.018	1.009	0.781	1.039	1.024	1.023	1.005	1.025	1.017	1.007	1.030	1.009	1.023	1.016	0.774	1.049	0.946	0.893	1.015	1.058	0.867	0.882	0.879	0.871	0.880	0.896	0.832	1.042	1.034	1.046	1.070	1.104	1.184	1.171	1.061	1.066	1.077	1.066	0.851	0.749	0.706
10:23:12	37.0	1.052	0.964	0.953	0.915	0.900	0.907	0.904	0.917	0.911	0.912	0.914	0.725	1.026	0.962	0.936	0.898	0.882	0.890	0.873	0.904	0.919	0.900	0.909	0.945	1.019	1.018	1.022	1.004	1.007	1.001	1.010	1.024	1.024	1.020	1.011	0.785	1.042	1.025	1.026	1.009	1.028	1.019	1.009	1.033	1.012	1.025	1.017	0.779	1.052	0.949	0.896	1.018	1.063	0.869	0.885	0.881	0.873	0.882	0.899	0.834	1.046	1.036	1.046	1.070	1.105	1.184	1.173	1.066	1.068	1.077	1.067	0.856	0.749	0.707
10:27:12	37.0	1.055	0.966	0.956	0.918	0.901	0.911	0.909	0.921	0.916	0.915	0.917	0.724	1.030	0.966	0.937	0.900	0.885	0.894	0.875	0.909	0.925	0.906	0.913	0.950	1.023	1.024	1.026	1.006	1.010	1.004	1.013	1.028	1.026	1.024	1.016	0.787	1.046	1.030	1.032	1.011	1.034	1.022	1.014	1.036	1.015	1.028	1.022	0.778	1.055	0.953	0.899	1.025	1.069	0.873	0.889	0.886	0.877	0.885	0.904	0.837	1.049	1.036	1.051	1.071	1.108	1.188	1.175	1.068	1.071	1.078	1.070	0.856	0.704	0.702
10:31:12	37.0	1.059	0.968	0.959	0.920	0.904	0.913	0.911	0.923	0.918	0.917	0.920	0.726	1.033	0.967	0.952	0.900	0.886	0.891	0.875	0.910	0.928	0.903	0.914	0.951	1.026	1.028	1.030	1.010	1.014	1.007	1.017	1.029	1.029	1.025	1.020	0.793	1.048	1.035	1.037	1.015	1.035	1.024	1.016	1.038	1.017	1.032	1.025	0.782	1.059	0.956	0.901	1.028	1.072	0.874	0.891	0.887	0.879	0.887	0.906	0.842	1.050	1.037	1.054	1.073	1.111	1.192	1.173	1.072	1.070	1.082	1.073	0.855	0.723	0.708
10:35:12	37.0	1.061	0.971	0.960	0.926	0.905	0.914	0.912	0.924	0.918	0.917	0.922	0.726	1.037	0.968	0.955	0.898	0.887	0.891	0.875	0.912	0.928	0.905	0.914	0.950	1.030	1.031	1.033	1.011	1.017	1.009	1.019	1.032	1.031	1.028	1.023	0.799	1.053	1.040	1.042	1.018	1.039	1.027	1.018	1.041	1.020	1.034	1.028	0.785	1.060	0.960	0.904	1.031	1.076	0.876	0.893	0.890	0.882	0.890	0.910	0.846	1.053	1.037	1.056	1.075	1.111	1.193	1.172	1.074	1.072	1.082	1.074	0.855	0.761	0.703
10:39:12	37.0	1.065	0.973	0.963	0.929	0.908	0.918	0.916	0.928	0.923	0.921	0.926	0.730	1.040	0.970	0.954	0.901	0.890	0.897	0.877	0.915	0.933	0.908	0.918	0.955	1.033	1.036	1.035	1.014	1.019	1.012	1.021	1.034	1.034	1.032	1.025	0.796	1.056	1.046	1.047	1.022	1.042	1.030	1.022	1.043	1.022	1.036	1.030	0.779	1.064	0.963	0.907	1.037	1.079	0.879	0.897	0.893	0.884	0.894	0.913	0.847	1.055	1.039	1.057	1.078	1.114	1.195	1.172	1.076	1.073	1.081	1.074	0.856	0.745	0.705
10:43:12	37.0	1.067	0.976	0.965	0.929	0.908	0.919	0.917	0.928	0.923	0.921	0.927	0.735	1.044	0.972	0.954	0.903	0.891	0.898	0.877	0.916	0.935	0.909	0.919	0.958	1.037	1.040	1.039	1.017	1.023	1.015	1.025	1.038	1.038	1.034	1.030	0.803	1.059	1.048	1.051	1.024	1.046	1.033	1.024	1.046	1.026	1.039	1.034	0.796	1.067	0.964	0.910	1.041	1.084	0.882	0.899	0.895	0.887	0.897	0.915	0.853	1.059	1.040	1.058	1.079	1.116	1.198	1.173	1.077	1.072	1.081	1.075	0.859	0.738	0.701
10:47:12	37.0	1.071	0.979	0.969	0.932	0.912	0.924	0.922	0.934	0.929	0.927	0.932	0.736	1.048	0.976	0.955	0.908	0.894	0.902	0.881	0.922	0.939	0.913	0.923	0.966	1.040	1.043	1.042	1.020	1.026	1.018	1.029	1.039	1.038	1.037	1.033	0.804	1.063	1.052	1.055	1.027	1.051	1.035	1.026	1.048	1.029	1.043	1.035	0.791	1.070	0.968	0.913	1.047	1.089	0.884	0.903	0.899	0.890	0.901	0.919	0.855	1.060	1.042	1.062	1.080	1.119	1.200	1.174	1.077	1.075	1.082	1.078	0.861	0.734	0.689
10:51:12	37.0	1.075	0.982	0.972	0.933	0.914	0.926	0.923	0.935	0.931	0.928	0.934	0.741	1.052	0.978	0.955	0.910	0.896	0.906	0.883	0.924	0.941	0.915	0.926	0.969	1.044	1.047	1.046	1.023	1.029	1.020	1.032	1.042	1.042	1.040	1.037	0.806	1.066	1.056	1.059	1.030	1.057	1.039	1.030	1.052	1.031	1.046	1.039	0.799	1.073	0.970	0.917	1.053	1.094	0.888	0.907	0.902	0.894	0.905	0.923	0.858	1.065	1.044	1.064	1.083	1.122	1.205	1.177	1.079	1.076	1.075	1.080	0.865	0.742	0.689
10:55:12	37.1	1.077	0.983	0.974	0.934	0.915	0.926	0.925	0.936	0.932	0.929	0.935	0.744	1.055	0.979	0.954	0.908	0.897	0.904	0.884	0.926	0.941	0.917	0.927	0.965	1.047	1.048	1.049	1.026	1.032	1.024	1.034	1.046	1.044	1.044	1.039	0.808	1.069	1.059	1.063	1.033	1.058	1.042	1.033	1.054	1.034	1.047	1.040	0.798	1.075	0.973	0.919	1.058	1.097	0.888	0.909	0.905	0.895	0.907	0.926	0.863	1.068	1.044	1.063	1.083	1.123	1.206	1.183	1.079	1.077	1.073	1.081	0.866	0.749	0.697
10:59:12	37.0	1.079	0.987	0.977	0.935	0.917	0.930	0.928	0.940	0.936	0.933	0.937	0.747	1.059	0.982	0.955	0.909	0.900	0.906	0.886	0.928	0.943	0.920	0.930	0.967	1.051	1.052	1.052	1.028	1.034	1.027	1.037	1.048	1.047	1.047	1.044	0.811	1.073	1.062	1.065	1.037	1.060	1.043	1.035	1.058	1.037	1.052	1.044	0.799	1.077	0.976	0.922	1.063	1.102	0.892	0.912	0.907	0.898	0.910	0.927	0.866	1.070	1.043	1.063	1.084	1.125	1.209	1.187	1.077	1.081	1.074	1.082	0.869	0.753	0.697
11:03:12	37.0	1.082	0.989	0.980	0.937	0.918	0.933	0.930	0.943	0.937	0.935	0.941	0.755	1.061	0.985	0.957	0.910	0.903	0.910	0.889	0.930	0.946	0.923	0.933	0.969	1.054	1.057	1.056	1.031	1.038	1.029	1.039	1.051	1.050	1.049	1.047	0.815	1.077	1.065	1.069	1.040	1.067	1.047	1.038	1.062	1.039	1.054	1.048	0.802	1.080	0.979	0.925	1.069	1.106	0.894	0.915	0.911	0.901	0.912	0.930	0.870	1.073	1.043	1.063	1.087	1.127	1.212	1.190	1.077	1.080	1.076	1.080	0.873	0.755	0.704
11:07:12	37.1	1.085	0.991	0.982	0.939	0.919	0.935	0.933	0.945	0.941	0.939	0.945	0.757	1.064	0.988	0.957	0.911	0.904	0.912	0.891	0.933	0.948	0.925	0.935	0.968	1.057	1.061	1.058	1.034	1.039	1.032	1.042	1.053	1.051	1.051	1.048	0.816	1.079	1.068	1.071	1.042	1.065	1.048	1.040	1.064	1.041	1.057	1.049	0.798	1.080	0.981	0.927	1.074	1.110	0.896	0.917	0.914	0.903	0.915	0.933	0.877	1.074	1.048	1.064	1.088	1.129	1.214	1.194	1.080	1.081	1.081	1.082	0.877	0.757	0.705
11:11:12	37.0	1.087	0.993	0.986	0.942	0.921	0.937	0.935	0.948	0.942	0.940	0.946	0.762	1.068	0.990	0.959	0.911	0.907	0.913	0.893	0.934	0.949	0.927	0.936	0.968	1.060	1.065	1.061	1.037	1.042	1.035	1.045	1.056	1.055	1.054	1.052	0.819	1.083	1.071	1.074	1.045	1.067	1.051	1.044	1.067	1.044	1.058	1.052	0.800	1.081	0.984	0.929	1.079	1.114	0.898	0.920	0.916	0.905	0.918	0.934	0.881	1.076	1.049	1.065	1.089	1.131	1.215	1.196	1.082	1.084	1.084	1.086	0.880	0.737	0.699
11:15:12	37.0	1.090	0.998	0.990	0.944	0.925	0.942	0.939	0.952	0.948	0.947	0.952	0.768	1.071	0.993	0.960	0.914	0.910	0.917	0.899	0.939	0.953	0.932	0.942	0.974	1.063	1.067	1.065	1.041	1.046	1.038	1.048	1.059	1.057	1.057	1.057	0.823	1.089	1.075	1.077	1.048	1.071	1.055	1.046	1.071	1.047	1.062	1.056	0.803	1.086	0.989	0.934	1.085	1.119	0.902	0.924	0.920	0.909	0.923	0.939	0.885	1.077	1.049	1.065	1.089	1.130	1.218	1.200	1.084	1.084	1.087	1.087	0.884	0.738	0.698
11:19:12	37.0	1.093	1.003	0.992	0.946	0.925	0.942	0.940	0.952	0.947	0.946	0.952	0.771	1.075	0.995	0.961	0.915	0.912	0.919	0.899	0.940	0.954	0.932	0.940	0.970	1.067	1.070	1.068	1.044	1.049	1.042	1.051	1.061	1.060	1.060	1.059	0.825	1.090	1.077	1.078	1.050	1.074	1.057	1.048	1.075	1.049	1.064	1.058	0.807	1.086	0.989	0.934	1.087	1.121	0.903	0.925	0.920	0.909	0.923	0.940	0.885	1.079	1.049	1.065	1.092	1.131	1.220	1.200	1.084	1.085	1.089	1.089	0.882	0.737	0.708
11:23:12	37.0	1.096	1.006	0.996	0.947	0.928	0.946	0.943	0.956	0.951	0.950	0.956	0.777	1.077	0.998	0.963	0.917	0.913	0.921	0.903	0.944	0.957	0.936	0.944	0.973	1.069	1.073	1.071	1.046	1.051	1.045	1.054	1.065	1.063	1.064	1.063	0.829	1.095	1.082	1.082	1.055	1.077	1.061	1.051	1.079	1.052	1.067	1.063	0.817	1.089	0.993	0.938	1.092	1.126	0.907	0.929	0.924	0.913	0.927	0.943	0.891	1.080	1.050	1.069	1.092	1.134	1.222	1.202	1.085	1.086	1.091	1.092	0.886	0.732	0.712
11:27:12	37.0	1.098	1.011	0.998	0.951	0.931	0.950	0.947	0.959	0.955	0.954	0.959	0.780	1.082	1.002	0.966	0.920	0.918	0.926	0.906	0.946	0.960	0.938	0.947	0.979	1.074	1.078	1.075	1.050	1.055	1.049	1.058	1.067	1.066	1.067	1.065	0.832	1.098	1.084	1.087	1.058	1.085	1.064	1.054	1.083	1.054	1.070	1.065	0.821	1.094	0.995	0.941	1.097	1.131	0.911	0.933	0.928	0.917	0.930	0.946	0.896	1.082	1.052	1.069	1.095	1.134	1.224	1.203	1.086	1.087	1.095	1.091	0.890	0.731	0.718
11:31:12	37.0	1.101	1.016	1.002	0.953	0.933	0.952	0.950	0.963	0.959	0.958	0.963	0.786	1.085	1.005	0.968	0.922	0.921	0.930	0.908	0.949	0.965	0.943	0.949	0.986	1.077	1.081	1.079	1.053	1.058	1.053	1.062	1.069	1.069	1.072	1.068	0.835	1.103	1.088	1.089	1.061	1.084	1.068	1.058	1.086	1.056	1.073	1.069	0.826	1.098	0.998	0.947	1.100	1.135	0.914	0.937	0.931	0.920	0.934	0.950	0.901	1.084	1.057	1.071	1.096	1.138	1.228	1.206	1.089	1.088	1.100	1.095	0.895	0.728	0.727
11:35:12	37.0	1.104	1.020	1.005	0.957	0.936	0.954	0.953	0.966	0.960	0.959	0.966	0.787	1.088	1.007	0.970	0.924	0.923	0.932	0.912	0.952	0.965	0.944	0.952	0.982	1.080	1.076	1.082	1.056	1.062	1.057	1.067	1.073	1.072	1.076	1.073	0.839	1.106	1.092	1.092	1.063	1.086	1.071	1.061	1.088	1.058	1.076	1.074	0.829	1.099	1.000	0.948	1.103	1.139	0.917	0.939	0.933	0.922	0.937	0.952	0.898	1.085	1.060	1.073	1.095	1.139	1.230	1.206	1.090	1.091	1.101	1.096	0.894	0.727	0.736
11:39:12	37.0	1.106	1.023	1.008	0.959	0.939	0.958	0.957	0.968	0.965	0.963	0.970	0.793	1.092	1.010	0.972	0.926	0.925	0.935	0.914	0.955	0.969	0.947	0.955	0.983	1.082	1.085	1.086	1.061	1.066	1.060	1.070	1.075	1.076	1.079	1.075	0.843	1.109	1.093	1.094	1.067	1.089	1.075	1.064	1.091	1.060	1.078	1.076	0.834	1.102	1.002	0.951	1.108	1.143	0.921	0.942	0.937	0.926	0.940	0.955	0.903	1.087	1.063	1.076	1.098	1.143	1.234	1.208	1.090	1.091	1.102	1.097	0.897	0.731	0.747
11:43:12	37.0	1.108	1.025	1.010	0.961	0.940	0.959	0.957	0.970	0.967	0.965	0.972	0.799	1.095	1.012	0.975	0.928	0.928	0.937	0.916	0.957	0.972	0.949	0.957	0.980	1.085	1.085	1.090	1.064	1.069	1.063	1.073	1.079	1.079	1.081	1.078	0.845	1.112	1.097	1.097	1.069	1.094	1.079	1.067	1.093	1.063	1.081	1.079	0.838	1.105	1.004	0.953	1.111	1.145	0.922	0.943	0.937	0.927	0.941	0.956	0.904	1.090	1.063	1.076	1.098	1.143	1.235	1.208	1.092	1.091	1.101	1.099	0.896	0.737	0.756
11:47:12	37.0	1.110	1.029	1.014	0.964	0.943	0.963	0.961	0.973	0.969	0.969	0.975	0.800	1.097	1.015	0.976	0.931	0.931	0.940	0.919	0.960	0.974	0.952	0.960	0.983	1.089	1.091	1.093	1.067	1.071	1.066	1.074	1.083	1.083	1.084	1.081	0.846	1.117	1.100	1.101	1.071	1.095	1.081	1.071	1.095	1.064	1.083	1.083	0.838	1.109	1.006	0.957	1.115	1.150	0.927	0.946	0.941	0.929	0.944	0.958	0.906	1.091	1.063	1.077	1.100	1.146	1.237	1.209	1.093	1.093	1.102	1.100	0.899	0.734	0.767
11:51:12	37.0	1.114	1.031	1.016	0.967	0.946	0.965	0.963	0.976	0.972	0.971	0.977	0.805	1.100	1.016	0.978	0.933	0.933	0.942	0.921	0.962	0.978	0.955	0.962	0.988	1.092	1.095	1.096	1.070	1.073	1.068	1.075	1.085	1.085	1.086	1.084	0.852	1.120	1.104	1.103	1.075	1.099	1.084	1.075	1.098	1.068	1.088	1.084	0.844	1.107	1.009	0.960	1.118	1.153	0.928	0.949	0.943	0.931	0.946	0.960	0.910	1.093	1.063	1.078	1.101	1.147	1.240	1.209	1.093	1.093	1.103	1.101	0.903	0.731	0.752
11:55:12	37.0	1.115	1.036	1.020	0.970	0.949	0.969	0.967	0.979	0.975	0.974	0.981	0.807	1.104	1.020	0.982	0.936	0.937	0.945	0.924	0.965	0.981	0.958	0.965	0.989	1.096	1.102	1.099	1.075	1.077	1.071	1.079	1.089	1.088	1.089	1.088	0.854	1.123	1.106	1.106	1.078	1.102	1.087	1.077	1.100	1.071	1.092	1.088	0.851	1.111	1.012	0.964	1.124	1.158	0.931	0.952	0.946	0.934	0.950	0.965	0.911	1.097	1.063	1.080	1.102	1.148	1.243	1.212	1.093	1.095	1.106	1.103	0.906	0.729	0.770
11:59:12	37.0	1.117	1.038	1.021	0.972	0.949	0.969	0.967	0.980	0.976	0.975	0.981	0.812	1.107	1.022	0.982	0.938	0.939	0.946	0.925	0.966	0.983	0.959	0.966	0.990	1.098	1.104	1.101	1.076	1.078	1.072	1.081	1.090	1.090	1.089	1.088	0.857	1.125	1.110	1.109	1.080	1.109	1.089	1.080	1.102	1.072	1.093	1.090	0.854	1.112	1.014	0.967	1.125	1.160	0.932	0.953	0.948	0.935	0.950	0.967	0.915	1.098	1.056	1.082	1.104	1.149	1.246	1.210	1.095	1.096	1.105	1.104	0.909	0.740	0.775
12:03:12	37.0	1.118	1.042	1.025	0.976	0.954	0.973	0.972	0.983	0.980	0.978	0.985	0.814	1.110	1.024	0.986	0.941	0.942	0.949	0.928	0.970	0.985	0.962	0.970	0.987	1.101	1.109	1.103	1.079	1.080	1.075	1.083	1.093	1.092	1.091	1.092	0.860	1.129	1.113	1.112	1.084	1.110	1.091	1.082	1.105	1.076	1.098	1.093	0.863	1.114	1.019	0.970	1.131	1.165	0.935	0.956	0.951	0.937	0.953	0.970	0.915	1.100	1.057	1.083	1.105	1.150	1.247	1.210	1.094	1.097	1.105	1.105	0.912	0.771	0.763
12:07:12	37.0	1.121	1.044	1.027	0.979	0.956	0.975	0.973	0.985	0.983	0.982	0.989	0.819	1.112	1.026	0.987	0.943	0.944	0.952	0.930	0.972	0.986	0.965	0.972	0.991	1.103	1.112	1.105	1.080	1.083	1.075	1.085	1.095	1.094	1.094	1.095	0.860	1.133	1.117	1.115	1.087	1.116	1.093	1.085	1.106	1.079	1.101	1.095	0.864	1.117	1.021	0.972	1.134	1.168	0.937	0.957	0.953	0.939	0.955	0.972	0.916	1.102	1.056	1.085	1.106	1.148	1.252	1.211	1.096	1.098	1.105	1.106	0.915	0.779	0.776
12:11:12	37.0	1.121	1.047	1.029	0.980	0.958	0.978	0.976	0.987	0.983	0.982	0.989	0.824	1.115	1.028	0.988	0.945	0.946	0.953	0.932	0.973	0.988	0.967	0.974	0.992	1.106	1.114	1.108	1.083	1.085	1.077	1.087	1.098	1.096	1.096	1.099	0.868	1.135	1.119	1.117	1.090	1.119	1.095	1.087	1.108	1.081	1.103	1.098	0.868	1.118	1.024	0.975	1.137	1.171	0.938	0.959	0.954	0.941	0.957	0.974	0.915	1.102	1.054	1.086	1.106	1.149	1.254	1.214	1.098	1.099	1.101	1.106	0.916	0.783	0.773
12:15:12	37.0	1.124	1.050	1.032	0.984	0.961	0.980	0.978	0.991	0.986	0.984	0.992	0.827	1.117	1.031	0.992	0.948	0.950	0.956	0.934	0.976	0.987	0.970	0.975	0.992	1.108	1.117	1.111	1.086	1.087	1.079	1.090	1.101	1.099	1.099	1.100	0.873	1.139	1.123	1.121	1.095	1.124	1.098	1.090	1.111	1.085	1.107	1.101	0.866	1.119	1.027	0.978	1.140	1.174	0.940	0.961	0.956	0.943	0.958	0.977	0.922	1.104	1.058	1.088	1.105	1.147	1.258	1.218	1.099	1.101	1.102	1.111	0.923	0.784	0.774
12:19:12	37.0	1.126	1.053	1.035	0.986	0.963	0.982	0.980	0.992	0.989	0.987	0.994	0.831	1.120	1.034	0.994	0.950	0.952	0.959	0.935	0.978	0.989	0.971	0.977	0.995	1.111	1.120	1.113	1.088	1.090	1.081	1.092	1.102	1.100	1.101	1.103	0.875	1.142	1.126	1.124	1.097	1.125	1.099	1.091	1.112	1.087	1.109	1.103	0.872	1.119	1.029	0.980	1.144	1.177	0.940	0.962	0.958	0.944	0.959	0.977	0.922	1.106	1.057	1.087	1.107	1.147	1.261	1.218	1.100	1.102	1.101	1.110	0.926	0.764	0.783
12:23:12	37.0	1.127	1.056	1.038	0.990	0.966	0.987	0.985	0.996	0.993	0.992	0.997	0.835	1.123	1.036	0.999	0.954	0.957	0.961	0.939	0.982	0.991	0.975	0.981	0.996	1.113	1.123	1.116	1.090	1.090	1.080	1.095	1.104	1.101	1.103	1.105	0.873	1.145	1.131	1.127	1.099	1.128	1.101	1.093	1.113	1.091	1.111	1.105	0.876	1.119	1.032	0.984	1.148	1.182	0.944	0.966	0.961	0.947	0.961	0.979	0.927	1.107	1.060	1.091	1.111	1.150	1.266	1.222	1.103	1.101	1.090	1.113	0.931	0.791	0.781
12:27:12	37.0	1.130	1.060	1.042	0.994	0.969	0.990	0.988	0.999	0.996	0.995	1.002	0.838	1.127	1.039	1.002	0.957	0.959	0.964	0.942	0.985	0.993	0.979	0.985	0.999	1.115	1.125	1.118	1.092	1.094	1.085	1.099	1.107	1.104	1.106	1.109	0.883	1.149	1.131	1.130	1.100	1.130	1.103	1.095	1.115	1.094	1.113	1.107	0.886	1.118	1.035	0.986	1.152	1.186	0.947	0.969	0.964	0.949	0.965	0.982	0.927	1.108	1.064	1.094	1.113	1.150	1.271	1.225	1.103	1.102	1.081	1.114	0.934	0.776	0.785
12:31:12	37.0	1.131	1.063	1.043	0.995	0.970	0.990	0.990	1.000	0.997	0.996	1.002	0.843	1.130	1.041	1.003	0.959	0.961	0.966	0.944	0.986	0.993	0.981	0.986	0.998	1.118	1.127	1.121	1.095	1.097	1.088	1.100	1.108	1.103	1.108	1.113	0.887	1.151	1.135	1.132	1.103	1.132	1.105	1.097	1.119	1.096	1.117	1.110	0.889	1.120	1.038	0.988	1.155	1.189	0.948	0.970	0.965	0.951	0.966	0.983	0.932	1.111	1.066	1.095	1.115	1.155	1.274	1.226	1.107	1.104	1.084	1.115	0.937	0.765	0.771
12:35:12	37.0	1.133	1.069	1.046	0.998	0.974	0.993	0.993	1.003	1.000	0.999	1.005	0.846	1.134	1.044	1.006	0.962	0.964	0.968	0.947	0.989	0.995	0.984	0.989	1.000	1.121	1.127	1.123	1.098	1.099	1.089	1.102	1.111	1.117	1.110	1.115	0.887	1.155	1.139	1.135	1.107	1.135	1.108	1.099	1.121	1.098	1.119	1.112	0.890	1.125	1.042	0.991	1.159	1.192	0.950	0.973	0.966	0.953	0.968	0.986	0.933	1.112	1.071	1.097	1.115	1.159	1.277	1.229	1.108	1.106	1.090	1.115	0.939	0.787	0.776
12:39:12	37.0	1.135	1.073	1.050	1.002	0.977	0.997	0.998	1.006	1.003	1.002	1.008	0.851	1.136	1.047	1.010	0.965	0.968	0.971	0.950	0.993	0.997	0.988	0.994	1.002	1.123	1.124	1.126	1.098	1.101	1.093	1.104	1.113	1.114	1.113	1.116	0.890	1.158	1.143	1.138	1.107	1.136	1.110	1.101	1.122	1.102	1.120	1.114	0.885	1.130	1.044	0.993	1.162	1.196	0.952	0.974	0.969	0.955	0.969	0.989	0.937	1.116	1.073	1.099	1.114	1.163	1.280	1.231	1.110	1.107	1.092	1.117	0.943	0.796	0.789
12:43:12	37.0	1.136	1.075	1.051	1.003	0.977	0.997	0.998	1.006	1.004	1.002	1.009	0.851	1.138	1.050	1.011	0.966	0.968	0.971	0.948	0.993	0.997	0.988	0.993	1.000	1.126	1.132	1.128	1.100	1.104	1.095	1.106	1.114	1.113	1.115	1.119	0.891	1.162	1.146	1.141	1.110	1.138	1.113	1.103	1.126	1.104	1.122	1.117	0.882	1.131	1.046	0.993	1.165	1.197	0.953	0.976	0.970	0.956	0.970	0.989	0.941	1.117	1.075	1.101	1.116	1.164	1.284	1.233	1.112	1.108	1.083	1.117	0.944	0.807	0.801
12:47:12	37.0	1.138	1.077	1.053	1.004	0.979	0.999	0.999	1.007	1.005	1.004	1.010	0.856	1.143	1.052	1.012	0.967	0.970	0.971	0.950	0.994	0.998	0.990	0.994	0.999	1.128	1.125	1.131	1.103	1.107	1.097	1.109	1.117	1.115	1.117	1.120	0.891	1.164	1.147	1.143	1.111	1.140	1.114	1.105	1.128	1.106	1.124	1.121	0.885	1.133	1.046	0.994	1.167	1.199	0.953	0.976	0.970	0.956	0.972	0.991	0.942	1.119	1.075	1.104	1.115	1.165	1.289	1.235	1.115	1.109	1.083	1.117	0.943	0.820	0.799
12:51:12	37.0	1.141	1.080	1.056	1.007	0.982	1.001	1.003	1.011	1.008	1.007	1.013	0.860	1.150	1.055	1.016	0.970	0.973	0.974	0.953	0.998	1.000	0.994	0.997	1.002	1.131	1.133	1.134	1.106	1.109	1.098	1.111	1.119	1.114	1.118	1.122	0.896	1.166	1.149	1.145	1.113	1.142	1.116	1.106	1.130	1.108	1.127	1.123	0.887	1.134	1.048	0.995	1.170	1.202	0.955	0.978	0.972	0.958	0.973	0.993	0.945	1.121	1.078	1.105	1.116	1.165	1.295	1.238	1.117	1.112	1.089	1.119	0.945	0.772	0.812
12:55:12	37.1	1.142	1.083	1.058	1.011	0.983	1.003	1.006	1.012	1.010	1.010	1.016	0.862	1.153	1.058	1.019	0.972	0.976	0.977	0.955	1.000	1.001	0.997	1.000	1.005	1.133	1.141	1.136	1.109	1.111	1.101	1.114	1.121	1.124	1.121	1.124	0.896	1.170	1.152	1.148	1.116	1.144	1.120	1.109	1.133	1.110	1.128	1.126	0.883	1.138	1.050	0.998	1.175	1.206	0.957	0.981	0.975	0.961	0.975	0.995	0.949	1.124	1.078	1.108	1.119	1.165	1.300	1.240	1.117	1.115	1.087	1.121	0.947	0.766	0.812
12:59:12	37.0	1.144	1.085	1.061	1.012	0.986	1.006	1.008	1.015	1.013	1.012	1.019	0.867	1.156	1.061	1.022	0.974	0.978	0.978	0.957	1.002	1.004	0.999	1.002	1.008	1.135	1.142	1.139	1.111	1.114	1.104	1.116	1.123	1.117	1.123	1.125	0.901	1.172	1.155	1.151	1.117	1.146	1.122	1.111	1.136	1.112	1.131	1.129	0.892	1.141	1.051	1.000	1.177	1.211	0.959	0.982	0.976	0.963	0.976	0.997	0.949	1.127	1.079	1.109	1.122	1.169	1.305	1.243	1.119	1.117	1.088	1.122	0.948	0.780	0.818
13:03:12	37.0	1.146	1.087	1.064	1.015	0.989	1.008	1.012	1.018	1.017	1.014	1.022	0.867	1.160	1.067	1.025	0.978	0.981	0.982	0.960	1.006	1.005	1.004	1.006	1.009	1.138	1.142	1.142	1.114	1.118	1.107	1.118	1.126	1.126	1.126	1.128	0.901	1.176	1.158	1.153	1.119	1.149	1.124	1.114	1.139	1.114	1.132	1.132	0.897	1.144	1.054	1.001	1.181	1.215	0.961	0.984	0.978	0.964	0.978	0.999	0.951	1.130	1.080	1.111	1.122	1.168	1.310	1.243	1.121	1.119	1.088	1.124	0.950	0.794	0.818
13:07:12	37.0	1.147	1.088	1.066	1.017	0.990	1.010	1.014	1.021	1.019	1.017	1.025	0.873	1.163	1.070	1.027	0.980	0.982	0.982	0.962	1.008	1.007	1.005	1.007	1.014	1.141	1.139	1.144	1.116	1.121	1.109	1.122	1.127	1.129	1.129	1.130	0.907	1.179	1.159	1.155	1.121	1.151	1.127	1.116	1.141	1.115	1.135	1.135	0.902	1.145	1.055	1.003	1.186	1.218	0.962	0.986	0.980	0.967	0.981	1.002	0.954	1.132	1.083	1.113	1.125	1.168	1.313	1.245	1.124	1.120	1.094	1.125	0.955	0.835	0.822
13:11:12	37.0	1.149	1.090	1.069	1.020	0.992	1.013	1.017	1.024	1.022	1.021	1.029	0.878	1.165	1.073	1.031	0.982	0.985	0.986	0.965	1.012	1.010	1.011	1.011	1.018	1.144	1.149	1.147	1.119	1.123	1.112	1.125	1.130	1.131	1.131	1.133	0.912	1.182	1.163	1.158	1.123	1.153	1.130	1.118	1.144	1.118	1.137	1.137	0.901	1.146	1.057	1.004	1.190	1.221	0.964	0.989	0.982	0.968	0.983	1.003	0.955	1.134	1.086	1.114	1.127	1.168	1.318	1.249	1.126	1.122	1.092	1.128	0.958	0.851	0.825
13:15:12	37.0	1.152	1.091	1.071	1.022	0.995	1.015	1.019	1.026	1.024	1.023	1.031	0.878	1.169	1.075	1.033	0.985	0.987	0.988	0.966	1.016	1.010	1.012	1.012	1.015	1.147	1.154	1.150	1.121	1.127	1.111	1.127	1.134	1.135	1.135	1.135	0.918	1.184	1.165	1.160	1.126	1.154	1.133	1.121	1.147	1.120	1.140	1.141	0.904	1.148	1.059	1.006	1.193	1.225	0.966	0.991	0.985	0.970	0.984	1.005	0.955	1.133	1.087	1.116	1.128	1.168	1.321	1.250	1.125	1.123	1.100	1.127	0.961	0.852	0.830
13:19:12	37.0	1.158	1.092	1.074	1.025	0.998	1.018	1.022	1.029	1.026	1.026	1.033	0.884	1.191	1.078	1.036	0.987	0.991	0.991	0.970	1.019	1.012	1.014	1.016	1.019	1.149	1.157	1.153	1.123	1.129	1.116	1.130	1.135	1.135	1.136	1.136	0.918	1.188	1.169	1.162	1.128	1.157	1.135	1.124	1.150	1.122	1.142	1.143	0.904	1.151	1.061	1.009	1.196	1.228	0.968	0.994	0.986	0.972	0.987	1.007	0.960	1.134	1.089	1.119	1.129	1.165	1.322	1.254	1.127	1.124	1.095	1.131	0.964	0.851	0.842
13:23:12	37.0	1.158	1.094	1.077	1.026	0.998	1.018	1.024	1.031	1.030	1.029	1.037	0.888	1.194	1.079	1.039	0.988	0.991	0.992	0.971	1.022	1.014	1.014	1.018	1.022	1.152	1.160	1.155	1.125	1.133	1.117	1.132	1.137	1.136	1.140	1.139	0.922	1.190	1.171	1.164	1.129	1.158	1.137	1.125	1.152	1.124	1.144	1.146	0.910	1.153	1.062	1.010	1.200	1.231	0.970	0.996	0.987	0.974	0.988	1.006	0.958	1.131	1.090	1.119	1.130	1.167	1.327	1.256	1.127	1.125	1.095	1.133	0.966	0.856	0.848
13:27:12	37.0	1.156	1.096	1.079	1.028	1.001	1.021	1.027	1.032	1.031	1.030	1.039	0.891	1.195	1.081	1.042	0.990	0.993	0.994	0.972	1.024	1.014	1.016	1.019	1.022	1.155	1.161	1.158	1.127	1.133	1.124	1.134	1.139	1.142	1.141	1.141	0.925	1.192	1.172	1.167	1.133	1.161	1.140	1.128	1.154	1.126	1.147	1.148	0.908	1.156	1.063	1.011	1.202	1.233	0.970	0.997	0.989	0.975	0.989	1.007	0.958	1.132	1.092	1.121	1.130	1.166	1.330	1.257	1.129	1.127	1.098	1.131	0.966	0.856	0.851
13:31:12	37.0	1.154	1.097	1.081	1.030	1.002	1.022	1.029	1.035	1.034	1.033	1.041	0.893	1.200	1.083	1.044	0.992	0.995	0.995	0.974	1.026	1.015	1.017	1.022	1.023	1.158	1.162	1.161	1.130	1.137	1.123	1.137	1.143	1.144	1.144	1.143	0.929	1.194	1.176	1.169	1.133	1.163	1.142	1.130	1.157	1.126	1.150	1.152	0.906	1.157	1.064	1.012	1.205	1.236	0.972	0.998	0.990	0.976	0.991	1.008	0.960	1.131	1.094	1.121	1.133	1.159	1.332	1.259	1.131	1.129	1.101	1.132	0.970	0.859	0.853
13:35:12	37.0	1.152	1.100	1.084	1.033	1.005	1.026	1.032	1.038	1.037	1.037	1.045	0.897	1.199	1.085	1.047	0.995	0.998	0.999	0.978	1.029	1.017	1.018	1.025	1.027	1.161	1.156	1.165	1.133	1.137	1.127	1.140	1.145	1.155	1.147	1.145	0.934	1.197	1.178	1.171	1.136	1.165	1.144	1.133	1.160	1.129	1.152	1.154	0.903	1.159	1.066	1.015	1.208	1.241	0.974	1.001	0.993	0.978	0.993	1.010	0.961	1.129	1.095	1.123	1.135	1.158	1.336	1.261	1.132	1.130	1.107	1.133	0.973	0.862	0.856
13:39:12	37.1	1.151	1.100	1.086	1.035	1.006	1.026	1.034	1.040	1.040	1.039	1.049	0.903	1.199	1.086	1.050	0.996	0.999	0.999	0.980	1.033	1.019	1.020	1.028	1.028	1.164	1.158	1.167	1.136	1.138	1.135	1.143	1.149	1.150	1.150	1.147	0.936	1.200	1.181	1.173	1.137	1.168	1.147	1.135	1.163	1.131	1.156	1.158	0.905	1.162	1.067	1.016	1.212	1.244	0.975	1.002	0.994	0.980	0.994	1.012	0.959	1.125	1.098	1.123	1.137	1.155	1.338	1.264	1.131	1.131	1.112	1.134	0.973	0.865	0.862
13:43:12	37.0	1.150	1.101	1.089	1.037	1.008	1.028	1.037	1.042	1.042	1.042	1.050	0.905	1.197	1.086	1.052	0.999	1.001	1.002	0.982	1.035	1.020	1.020	1.030	1.029	1.165	1.160	1.170	1.139	1.140	1.134	1.146	1.151	1.154	1.152	1.150	0.932	1.202	1.183	1.176	1.139	1.170	1.150	1.139	1.166	1.133	1.158	1.160	0.909	1.162	1.069	1.018	1.214	1.248	0.976	1.003	0.996	0.981	0.996	1.013	0.959	1.122	1.098	1.122	1.137	1.151	1.343	1.269	1.131	1.131	1.115	1.134	0.975	0.866	0.864
13:47:12	37.1	1.151	1.104	1.090	1.039	1.010	1.030	1.040	1.046	1.045	1.045	1.054	0.913	1.197	1.088	1.055	1.001	1.003	1.004	0.985	1.038	1.022	1.023	1.033	1.032	1.169	1.164	1.173	1.141	1.143	1.140	1.149	1.154	1.159	1.154	1.152	0.941	1.204	1.185	1.179	1.141	1.171	1.152	1.142	1.169	1.135	1.161	1.163	0.920	1.166	1.071	1.020	1.218	1.251	0.977	1.007	0.998	0.983	0.998	1.015	0.961	1.123	1.100	1.122	1.137	1.152	1.342	1.271	1.131	1.132	1.117	1.135	0.981	0.868	0.867
13:51:12	37.0	1.151	1.106	1.093	1.040	1.012	1.032	1.042	1.048	1.047	1.046	1.055	0.920	1.198	1.089	1.056	1.003	1.005	1.005	0.987	1.040	1.023	1.024	1.035	1.036	1.172	1.177	1.177	1.145	1.146	1.145	1.151	1.156	1.162	1.157	1.153	0.946	1.207	1.192	1.180	1.144	1.174	1.155	1.143	1.172	1.138	1.163	1.167	0.918	1.168	1.071	1.021	1.221	1.255	0.979	1.008	1.000	0.986	1.000	1.015	0.961	1.127	1.101	1.124	1.137	1.160	1.343	1.274	1.134	1.133	1.118	1.136	0.985	0.872	0.870
13:55:12	37.0	1.152	1.107	1.095	1.042	1.014	1.034	1.044	1.050	1.050	1.049	1.059	0.926	1.197	1.090	1.059	1.005	1.008	1.008	0.990	1.041	1.025	1.025	1.037	1.040	1.174	1.180	1.180	1.147	1.149	1.149	1.155	1.159	1.167	1.161	1.156	0.947	1.209	1.193	1.183	1.147	1.177	1.158	1.145	1.175	1.140	1.166	1.170	0.918	1.169	1.073	1.023	1.224	1.258	0.981	1.010	1.002	0.987	1.001	1.017	0.964	1.128	1.103	1.124	1.138	1.165	1.338	1.277	1.135	1.134	1.118	1.136	0.987	0.878	0.875
13:59:12	37.0	1.153	1.110	1.098	1.044	1.016	1.037	1.048	1.054	1.053	1.052	1.063	0.926	1.196	1.092	1.062	1.006	1.009	1.010	0.992	1.044	1.027	1.028	1.040	1.040	1.178	1.182	1.182	1.150	1.152	1.152	1.157	1.162	1.169	1.164	1.159	0.950	1.212	1.196	1.185	1.150	1.180	1.161	1.149	1.177	1.142	1.168	1.172	0.925	1.173	1.076	1.026	1.228	1.261	0.982	1.012	1.004	0.989	1.003	1.018	0.961	1.132	1.103	1.126	1.140	1.169	1.341	1.279	1.136	1.135	1.118	1.138	0.987	0.881	0.877
14:03:12	37.0	1.153	1.112	1.100	1.047	1.019	1.039	1.050	1.058	1.057	1.056	1.067	0.932	1.196	1.093	1.064	1.009	1.012	1.013	0.996	1.046	1.029	1.029	1.044	1.044	1.180	1.181	1.185	1.152	1.154	1.155	1.160	1.164	1.173	1.166	1.161	0.952	1.215	1.202	1.188	1.152	1.182	1.164	1.152	1.181	1.144	1.171	1.176	0.931	1.176	1.078	1.028	1.233	1.265	0.983	1.015	1.006	0.991	1.006	1.021	0.969	1.133	1.105	1.129	1.139	1.171	1.343	1.282	1.138	1.138	1.119	1.139	0.993	0.883	0.879
14:07:12	37.0	1.154	1.114	1.102	1.049	1.021	1.041	1.054	1.060	1.059	1.058	1.068	0.940	1.198	1.094	1.066	1.010	1.014	1.016	0.999	1.047	1.030	1.031	1.046	1.047	1.183	1.176	1.188	1.156	1.159	1.158	1.162	1.168	1.180	1.170	1.164	0.957	1.217	1.205	1.190	1.154	1.185	1.167	1.154	1.183	1.147	1.174	1.179	0.936	1.177	1.078	1.030	1.237	1.268	0.983	1.018	1.008	0.993	1.008	1.023	0.969	1.136	1.108	1.130	1.142	1.176	1.346	1.285	1.139	1.140	1.118	1.141	0.995	0.889	0.887
14:11:12	37.0	1.155	1.116	1.103	1.050	1.022	1.042	1.057	1.063	1.062	1.061	1.071	0.942	1.198	1.095	1.068	1.012	1.015	1.018	1.001	1.047	1.031	1.031	1.048	1.043	1.185	1.180	1.190	1.156	1.161	1.160	1.164	1.169	1.178	1.171	1.164	0.956	1.218	1.206	1.192	1.156	1.188	1.169	1.156	1.186	1.149	1.176	1.181	0.940	1.180	1.079	1.031	1.238	1.270	0.983	1.018	1.009	0.993	1.008	1.023	0.968	1.137	1.108	1.131	1.141	1.177	1.346	1.287	1.136	1.138	1.115	1.140	0.994	0.893	0.892
14:15:12	37.0	1.155	1.117	1.104	1.051	1.024	1.043	1.059	1.065	1.064	1.063	1.072	0.941	1.200	1.096	1.069	1.014	1.017	1.020	1.004	1.048	1.032	1.033	1.050	1.039	1.189	1.188	1.193	1.161	1.164	1.163	1.167	1.173	1.184	1.174	1.166	0.957	1.220	1.208	1.194	1.158	1.190	1.172	1.158	1.189	1.151	1.178	1.184	0.946	1.181	1.081	1.032	1.241	1.272	0.983	1.019	1.009	0.995	1.009	1.024	0.970	1.137	1.110	1.133	1.141	1.180	1.347	1.289	1.136	1.138	1.116	1.139	0.994	0.894	0.895
14:19:12	37.0	1.156	1.119	1.106	1.053	1.026	1.045	1.063	1.069	1.066	1.066	1.075	0.952	1.200	1.099	1.071	1.017	1.020	1.023	1.007	1.049	1.034	1.035	1.054	1.044	1.192	1.198	1.196	1.163	1.168	1.166	1.171	1.175	1.190	1.177	1.170	0.962	1.223	1.211	1.197	1.163	1.194	1.175	1.162	1.193	1.154	1.181	1.188	0.960	1.184	1.083	1.035	1.246	1.276	0.986	1.021	1.012	0.997	1.012	1.027	0.975	1.138	1.112	1.133	1.142	1.181	1.351	1.293	1.135	1.139	1.116	1.141	0.998	0.892	0.903
14:23:12	37.0	1.156	1.120	1.107	1.055	1.027	1.047	1.066	1.072	1.068	1.067	1.076	0.959	1.204	1.100	1.072	1.018	1.021	1.025	1.010	1.050	1.035	1.035	1.054	1.044	1.193	1.201	1.198	1.166	1.171	1.168	1.174	1.177	1.191	1.179	1.170	0.964	1.225	1.212	1.199	1.165	1.195	1.178	1.165	1.194	1.156	1.183	1.191	0.959	1.189	1.084	1.036	1.248	1.278	0.988	1.024	1.014	0.999	1.014	1.029	0.982	1.139	1.115	1.135	1.144	1.184	1.355	1.296	1.136	1.141	1.117	1.142	1.002	0.895	0.905
14:27:12	37.0	1.157	1.122	1.109	1.057	1.029	1.049	1.069	1.075	1.069	1.068	1.079	0.966	1.204	1.102	1.073	1.020	1.024	1.028	1.012	1.052	1.037	1.038	1.057	1.048	1.196	1.205	1.201	1.170	1.173	1.170	1.177	1.181	1.187	1.183	1.174	0.971	1.226	1.214	1.202	1.168	1.198	1.181	1.167	1.197	1.159	1.186	1.194	0.966	1.192	1.085	1.038	1.250	1.280	0.990	1.025	1.015	1.000	1.015	1.029	0.984	1.139	1.109	1.135	1.144	1.186	1.355	1.293	1.136	1.141	1.117	1.141	1.002	0.897	0.910
14:31:12	37.0	1.157	1.124	1.109	1.060	1.032	1.052	1.071	1.077	1.069	1.069	1.079	0.966	1.201	1.103	1.074	1.022	1.025	1.030	1.013	1.052	1.038	1.038	1.057	1.047	1.198	1.208	1.204	1.170	1.176	1.172	1.178	1.183	1.197	1.185	1.175	0.974	1.228	1.218	1.203	1.170	1.201	1.182	1.170	1.199	1.161	1.188	1.195	0.975	1.190	1.086	1.039	1.253	1.282	0.992	1.026	1.016	1.002	1.017	1.030	0.989	1.141	1.116	1.135	1.145	1.187	1.361	1.289	1.138	1.143	1.120	1.141	1.004	0.898	0.915
14:35:12	37.1	1.158	1.125	1.111	1.061	1.034	1.054	1.074	1.080	1.071	1.071	1.081	0.969	1.204	1.105	1.076	1.024	1.028	1.033	1.015	1.054	1.040	1.041	1.059	1.050	1.201	1.210	1.206	1.176	1.175	1.174	1.181	1.186	1.201	1.188	1.177	0.982	1.231	1.219	1.206	1.173	1.203	1.185	1.172	1.202	1.164	1.191	1.198	0.978	1.192	1.088	1.042	1.256	1.286	0.994	1.029	1.018	1.003	1.018	1.032	0.995	1.139	1.121	1.136	1.147	1.189	1.365	1.294	1.138	1.143	1.118	1.141	1.008	0.897	0.919
14:39:12	37.0	1.160	1.128	1.113	1.063	1.036	1.057	1.077	1.083	1.073	1.073	1.083	0.973	1.202	1.106	1.077	1.026	1.030	1.036	1.018	1.057	1.041	1.044	1.062	1.054	1.203	1.212	1.209	1.178	1.178	1.178	1.185	1.190	1.205	1.192	1.180	0.983	1.234	1.219	1.209	1.175	1.206	1.189	1.174	1.205	1.167	1.194	1.201	0.970	1.193	1.089	1.044	1.259	1.289	0.996	1.032	1.021	1.005	1.020	1.036	1.000	1.143	1.124	1.139	1.149	1.191	1.375	1.295	1.141	1.145	1.120	1.144	1.011	0.899	0.926
14:43:12	37.0	1.160	1.128	1.113	1.065	1.039	1.059	1.080	1.083	1.073	1.074	1.083	0.977	1.204	1.108	1.078	1.028	1.032	1.038	1.019	1.058	1.042	1.044	1.061	1.053	1.206	1.214	1.211	1.182	1.181	1.180	1.187	1.193	1.209	1.194	1.182	0.985	1.236	1.222	1.212	1.178	1.208	1.192	1.180	1.209	1.169	1.197	1.205	0.972	1.196	1.090	1.046	1.261	1.291	0.997	1.034	1.023	1.007	1.022	1.038	1.004	1.143	1.126	1.140	1.149	1.195	1.373	1.292	1.143	1.146	1.122	1.144	1.012	0.905	0.929
14:47:12	37.0	1.161	1.131	1.116	1.067	1.042	1.062	1.083	1.086	1.075	1.075	1.086	0.989	1.207	1.111	1.079	1.030	1.035	1.041	1.021	1.060	1.044	1.047	1.064	1.058	1.208	1.218	1.215	1.185	1.184	1.183	1.191	1.196	1.208	1.197	1.185	0.992	1.240	1.224	1.216	1.181	1.212	1.195	1.182	1.212	1.173	1.199	1.208	0.975	1.202	1.093	1.049	1.264	1.295	0.999	1.036	1.026	1.009	1.025	1.040	1.011	1.147	1.130	1.141	1.150	1.199	1.377	1.296	1.145	1.148	1.123	1.146	1.018	0.906	0.932
14:51:12	37.0	1.162	1.133	1.117	1.069	1.045	1.064	1.087	1.088	1.076	1.076	1.087	0.988	1.207	1.112	1.081	1.033	1.038	1.043	1.023	1.062	1.045	1.048	1.064	1.059	1.211	1.218	1.218	1.187	1.188	1.185	1.194	1.198	1.212	1.199	1.186	0.991	1.241	1.224	1.217	1.184	1.214	1.197	1.185	1.213	1.176	1.202	1.210	0.973	1.202	1.096	1.050	1.266	1.297	1.000	1.038	1.027	1.011	1.027	1.040	1.013	1.146	1.132	1.141	1.150	1.200	1.381	1.300	1.146	1.145	1.126	1.147	1.019	0.905	0.940
14:55:12	37.0	1.163	1.134	1.118	1.071	1.046	1.067	1.089	1.089	1.077	1.077	1.089	0.992	1.209	1.113	1.081	1.035	1.040	1.045	1.024	1.063	1.046	1.050	1.066	1.063	1.214	1.220	1.221	1.191	1.191	1.188	1.197	1.201	1.215	1.201	1.190	0.993	1.243	1.224	1.219	1.188	1.216	1.200	1.188	1.216	1.178	1.205	1.213	0.975	1.204	1.098	1.052	1.268	1.298	1.001	1.039	1.027	1.012	1.028	1.040	1.014	1.144	1.134	1.142	1.150	1.200	1.380	1.303	1.147	1.147	1.127	1.147	1.019	0.908	0.943
14:59:12	37.0	1.163	1.136	1.120	1.072	1.049	1.068	1.091	1.089	1.079	1.079	1.090	0.995	1.210	1.116	1.082	1.037	1.042	1.046	1.024	1.065	1.048	1.051	1.068	1.067	1.217	1.223	1.224	1.194	1.194	1.190	1.199	1.204	1.219	1.204	1.194	1.001	1.246	1.226	1.221	1.190	1.219	1.203	1.191	1.218	1.180	1.208	1.216	0.975	1.207	1.102	1.055	1.271	1.303	1.005	1.043	1.032	1.015	1.031	1.042	1.019	1.144	1.136	1.145	1.151	1.199	1.385	1.311	1.150	1.148	1.130	1.150	1.025	0.907	0.948
15:03:12	37.0	1.165	1.138	1.121	1.074	1.052	1.071	1.093	1.090	1.080	1.081	1.092	1.000	1.211	1.117	1.084	1.039	1.045	1.048	1.026	1.067	1.049	1.054	1.070	1.068	1.220	1.226	1.227	1.196	1.198	1.192	1.202	1.207	1.218	1.207	1.197	1.004	1.248	1.229	1.224	1.193	1.222	1.206	1.194	1.221	1.184	1.210	1.218	0.979	1.208	1.103	1.057	1.274	1.304	1.007	1.043	1.032	1.016	1.033	1.041	1.020	1.141	1.137	1.146	1.153	1.199	1.390	1.318	1.152	1.149	1.131	1.151	1.026	0.905	0.952
15:07:12	37.0	1.166	1.139	1.122	1.076	1.053	1.074	1.096	1.092	1.083	1.083	1.094	1.004	1.211	1.119	1.085	1.041	1.048	1.049	1.028	1.070	1.051	1.056	1.072	1.072	1.222	1.228	1.230	1.201	1.200	1.194	1.205	1.210	1.221	1.210	1.200	1.011	1.249	1.228	1.226	1.197	1.224	1.210	1.197	1.223	1.187	1.214	1.221	0.988	1.212	1.105	1.059	1.276	1.307	1.009	1.044	1.035	1.018	1.034	1.043	1.023	1.139	1.138	1.147	1.153	1.194	1.393	1.321	1.153	1.150	1.132	1.155	1.027	0.908	0.959
15:11:12	37.0	1.166	1.140	1.123	1.077	1.054	1.075	1.095	1.092	1.082	1.082	1.095	0.994	1.211	1.119	1.085	1.040	1.048	1.048	1.027	1.069	1.051	1.055	1.071	1.067	1.224	1.229	1.232	1.203	1.202	1.195	1.206	1.212	1.222	1.212	1.200	1.005	1.250	1.228	1.228	1.200	1.227	1.212	1.199	1.225	1.189	1.217	1.224	0.978	1.210	1.104	1.059	1.278	1.307	1.010	1.044	1.034	1.017	1.034	1.044	1.019	1.139	1.139	1.148	1.153	1.189	1.391	1.327	1.153	1.151	1.135	1.152	1.026	0.905	0.960
15:15:12	37.0	1.168	1.142	1.125	1.079	1.058	1.079	1.098	1.094	1.085	1.084	1.097	1.001	1.212	1.121	1.087	1.044	1.052	1.050	1.030	1.072	1.053	1.058	1.074	1.073	1.227	1.232	1.234	1.212	1.206	1.198	1.208	1.215	1.225	1.215	1.205	1.010	1.252	1.230	1.230	1.202	1.229	1.215	1.203	1.226	1.192	1.218	1.225	0.982	1.214	1.107	1.062	1.282	1.311	1.013	1.048	1.038	1.020	1.038	1.049	1.022	1.142	1.144	1.149	1.154	1.185	1.384	1.332	1.154	1.152	1.136	1.153	1.027	0.904	0.962
15:19:12	37.0	1.169	1.144	1.127	1.081	1.060	1.081	1.099	1.097	1.087	1.086	1.099	1.004	1.213	1.124	1.088	1.046	1.054	1.051	1.031	1.073	1.055	1.060	1.076	1.074	1.230	1.234	1.238	1.228	1.208	1.201	1.210	1.219	1.227	1.217	1.208	1.013	1.253	1.233	1.232	1.206	1.232	1.218	1.207	1.229	1.196	1.222	1.228	0.992	1.215	1.107	1.063	1.284	1.313	1.016	1.049	1.040	1.022	1.039	1.051	1.024	1.146	1.148	1.150	1.157	1.177	1.383	1.336	1.158	1.156	1.139	1.157	1.032	0.904	0.970
15:23:12	37.0	1.170	1.145	1.128	1.082	1.061	1.081	1.100	1.097	1.087	1.086	1.099	1.003	1.213	1.125	1.089	1.047	1.055	1.052	1.032	1.074	1.055	1.061	1.076	1.073	1.233	1.236	1.241	1.240	1.211	1.203	1.212	1.221	1.228	1.218	1.209	1.012	1.255	1.236	1.234	1.208	1.234	1.220	1.208	1.230	1.198	1.224	1.229	0.997	1.218	1.108	1.065	1.285	1.314	1.017	1.051	1.040	1.023	1.040	1.052	1.023	1.148	1.149	1.149	1.156	1.172	1.389	1.337	1.159	1.157	1.140	1.156	1.032	0.908	0.972
15:27:12	37.0	1.171	1.146	1.129	1.084	1.063	1.083	1.101	1.098	1.089	1.088	1.100	1.009	1.212	1.126	1.089	1.048	1.057	1.053	1.034	1.075	1.056	1.062	1.078	1.077	1.236	1.238	1.244	1.229	1.214	1.206	1.215	1.224	1.231	1.220	1.213	1.017	1.257	1.239	1.237	1.212	1.238	1.223	1.212	1.234	1.201	1.228	1.232	1.007	1.219	1.110	1.067	1.288	1.317	1.020	1.053	1.044	1.026	1.043	1.052	1.031	1.152	1.152	1.151	1.158	1.173	1.394	1.343	1.160	1.159	1.143	1.159	1.037	0.905	0.976
15:31:12	37.0	1.172	1.149	1.131	1.086	1.066	1.085	1.103	1.101	1.092	1.090	1.103	1.014	1.213	1.129	1.092	1.050	1.060	1.055	1.036	1.078	1.058	1.064	1.081	1.081	1.238	1.241	1.248	1.235	1.217	1.208	1.216	1.225	1.233	1.222	1.215	1.017	1.258	1.240	1.238	1.215	1.240	1.226	1.214	1.235	1.203	1.230	1.233	1.013	1.221	1.111	1.069	1.291	1.319	1.023	1.055	1.045	1.028	1.045	1.053	1.030	1.155	1.155	1.152	1.159	1.171	1.393	1.350	1.159	1.159	1.145	1.159	1.037	0.904	0.979
15:35:12	37.0	1.173	1.150	1.133	1.087	1.068	1.085	1.105	1.101	1.093	1.091	1.104	1.015	1.213	1.130	1.092	1.051	1.062	1.056	1.038	1.079	1.059	1.066	1.083	1.081	1.241	1.242	1.250	1.235	1.219	1.210	1.217	1.227	1.235	1.223	1.218	1.024	1.259	1.242	1.240	1.218	1.244	1.230	1.216	1.238	1.206	1.232	1.236	1.021	1.224	1.112	1.071	1.294	1.321	1.024	1.056	1.046	1.029	1.046	1.054	1.034	1.157	1.155	1.153	1.160	1.169	1.396	1.363	1.160	1.160	1.148	1.161	1.041	0.904	0.984
15:39:12	37.0	1.175	1.151	1.134	1.089	1.071	1.087	1.106	1.103	1.095	1.093	1.107	1.018	1.213	1.132	1.094	1.052	1.064	1.058	1.040	1.082	1.061	1.067	1.084	1.082	1.243	1.245	1.252	1.233	1.221	1.212	1.220	1.229	1.237	1.224	1.220	1.023	1.260	1.244	1.241	1.220	1.247	1.231	1.218	1.240	1.208	1.235	1.236	1.020	1.224	1.113	1.073	1.295	1.323	1.026	1.059	1.048	1.030	1.049	1.056	1.038	1.157	1.153	1.150	1.159	1.166	1.399	1.374	1.161	1.160	1.150	1.162	1.044	0.907	0.990
15:43:12	37.0	1.177	1.153	1.136	1.091	1.073	1.089	1.109	1.105	1.097	1.096	1.109	1.022	1.213	1.133	1.095	1.054	1.065	1.059	1.041	1.083	1.063	1.069	1.085	1.085	1.246	1.248	1.255	1.233	1.224	1.213	1.221	1.231	1.239	1.225	1.223	1.024	1.263	1.245	1.244	1.224	1.250	1.234	1.220	1.241	1.211	1.238	1.237	1.023	1.226	1.114	1.075	1.297	1.324	1.029	1.061	1.050	1.033	1.051	1.058	1.040	1.159	1.158	1.152	1.161	1.168	1.402	1.377	1.163	1.163	1.151	1.162	1.046	0.909	0.992
15:47:12	37.0	1.178	1.155	1.137	1.093	1.074	1.089	1.110	1.106	1.097	1.096	1.109	1.023	1.213	1.135	1.097	1.056	1.066	1.060	1.042	1.084	1.063	1.070	1.086	1.087	1.248	1.251	1.256	1.233	1.226	1.215	1.221	1.231	1.240	1.226	1.226	1.027	1.264	1.246	1.246	1.226	1.253	1.236	1.223	1.242	1.213	1.240	1.240	1.027	1.228	1.115	1.076	1.300	1.326	1.030	1.062	1.052	1.034	1.052	1.061	1.043	1.161	1.158	1.153	1.160	1.173	1.405	1.377	1.164	1.163	1.151	1.165	1.049	0.908	0.997
15:51:12	37.0	1.180	1.156	1.138	1.094	1.075	1.090	1.113	1.108	1.099	1.098	1.112	1.027	1.213	1.137	1.098	1.056	1.068	1.063	1.044	1.087	1.065	1.072	1.089	1.089	1.251	1.252	1.259	1.234	1.230	1.217	1.223	1.233	1.243	1.226	1.228	1.030	1.264	1.251	1.247	1.229	1.256	1.238	1.224	1.244	1.215	1.242	1.240	1.024	1.230	1.116	1.078	1.303	1.328	1.033	1.065	1.053	1.036	1.054	1.064	1.045	1.162	1.159	1.155	1.161	1.182	1.408	1.381	1.167	1.164	1.153	1.167	1.051	0.911	1.001
15:55:12	37.0	1.181	1.157	1.140	1.095	1.076	1.091	1.114	1.110	1.101	1.099	1.113	1.028	1.212	1.138	1.099	1.057	1.068	1.063	1.045	1.087	1.066	1.073	1.089	1.090	1.253	1.254	1.260	1.233	1.232	1.219	1.224	1.235	1.245	1.228	1.231	1.024	1.266	1.252	1.249	1.231	1.258	1.239	1.224	1.245	1.217	1.244	1.241	1.018	1.229	1.117	1.079	1.303	1.329	1.033	1.065	1.054	1.037	1.056	1.063	1.044	1.162	1.159	1.158	1.159	1.193	1.410	1.385	1.167	1.163	1.153	1.166	1.052	0.912	1.005
15:59:12	37.0	1.182	1.158	1.140	1.095	1.076	1.091	1.114	1.110	1.101	1.100	1.113	1.030	1.212	1.139	1.100	1.058	1.068	1.064	1.046	1.088	1.067	1.073	1.091	1.089	1.255	1.255	1.262	1.234	1.233	1.220	1.226	1.234	1.247	1.230	1.233	1.023	1.268	1.253	1.251	1.234	1.260	1.242	1.227	1.247	1.221	1.246	1.243	1.018	1.231	1.119	1.081	1.305	1.330	1.034	1.066	1.055	1.039	1.057	1.063	1.046	1.162	1.160	1.160	1.161	1.203	1.409	1.385	1.169	1.164	1.153	1.167	1.054	0.913	1.007
16:03:12	37.0	1.182	1.158	1.141	1.096	1.077	1.091	1.116	1.112	1.102	1.100	1.114	1.032	1.210	1.140	1.101	1.058	1.069	1.065	1.046	1.089	1.067	1.073	1.091	1.090	1.257	1.273	1.263	1.235	1.235	1.221	1.229	1.238	1.250	1.229	1.234	1.021	1.269	1.254	1.252	1.236	1.263	1.243	1.228	1.249	1.223	1.247	1.243	1.016	1.234	1.119	1.081	1.306	1.331	1.035	1.066	1.053	1.039	1.057	1.063	1.043	1.163	1.160	1.158	1.160	1.212	1.407	1.389	1.168	1.162	1.152	1.167	1.050	0.910	1.009
16:07:12	37.0	1.185	1.160	1.143	1.098	1.079	1.092	1.117	1.113	1.104	1.102	1.115	1.037	1.212	1.142	1.101	1.060	1.071	1.067	1.049	1.091	1.069	1.075	1.093	1.093	1.260	1.277	1.266	1.236	1.238	1.222	1.231	1.246	1.250	1.232	1.238	1.023	1.271	1.254	1.255	1.238	1.266	1.245	1.230	1.253	1.225	1.249	1.245	1.018	1.236	1.123	1.085	1.310	1.334	1.038	1.070	1.056	1.043	1.060	1.066	1.048	1.163	1.162	1.158	1.162	1.222	1.410	1.391	1.169	1.165	1.154	1.169	1.056	0.915	1.012
16:11:12	37.0	1.186	1.161	1.144	1.099	1.080	1.093	1.118	1.114	1.105	1.103	1.116	1.037	1.212	1.143	1.102	1.061	1.071	1.068	1.050	1.092	1.070	1.076	1.094	1.091	1.261	1.280	1.270	1.237	1.240	1.223	1.233	1.250	1.252	1.232	1.240	1.023	1.272	1.254	1.258	1.240	1.268	1.247	1.231	1.254	1.227	1.249	1.246	1.016	1.238	1.123	1.085	1.311	1.335	1.038	1.071	1.058	1.043	1.061	1.070	1.049	1.165	1.162	1.157	1.163	1.224	1.413	1.390	1.170	1.165	1.156	1.170	1.056	0.919	1.019
16:15:12	37.0	1.188	1.162	1.145	1.100	1.081	1.095	1.120	1.116	1.107	1.105	1.118	1.042	1.212	1.145	1.103	1.063	1.073	1.069	1.052	1.094	1.071	1.078	1.096	1.096	1.264	1.282	1.274	1.239	1.242	1.224	1.236	1.256	1.254	1.234	1.245	1.026	1.274	1.255	1.260	1.243	1.271	1.250	1.234	1.257	1.229	1.252	1.248	1.016	1.241	1.125	1.088	1.314	1.338	1.040	1.073	1.061	1.045	1.063	1.070	1.052	1.168	1.164	1.156	1.165	1.230	1.417	1.392	1.172	1.168	1.156	1.171	1.059	0.919	1.020
16:19:12	37.0	1.190	1.163	1.147	1.102	1.083	1.096	1.123	1.119	1.109	1.107	1.120	1.046	1.211	1.147	1.105	1.064	1.075	1.071	1.054	1.095	1.073	1.080	1.097	1.098	1.265	1.285	1.276	1.240	1.244	1.224	1.239	1.248	1.256	1.235	1.246	1.027	1.277	1.258	1.262	1.244	1.272	1.251	1.235	1.259	1.231	1.255	1.249	1.010	1.242	1.127	1.090	1.315	1.340	1.042	1.075	1.063	1.047	1.065	1.073	1.058	1.168	1.165	1.155	1.166	1.233	1.411	1.390	1.172	1.169	1.157	1.172	1.063	0.921	1.025
16:23:12	37.0	1.192	1.164	1.148	1.102	1.083	1.096	1.124	1.120	1.111	1.108	1.121	1.049	1.211	1.148	1.106	1.065	1.076	1.073	1.056	1.097	1.075	1.081	1.099	1.100	1.268	1.287	1.278	1.241	1.246	1.225	1.242	1.250	1.258	1.236	1.250	1.030	1.279	1.258	1.264	1.245	1.274	1.252	1.236	1.261	1.234	1.255	1.250	1.020	1.243	1.127	1.091	1.317	1.341	1.043	1.077	1.065	1.049	1.067	1.075	1.059	1.169	1.166	1.153	1.167	1.235	1.408	1.389	1.172	1.171	1.158	1.174	1.065	0.926	1.027
16:27:12	37.0	1.193	1.165	1.149	1.104	1.085	1.098	1.126	1.122	1.112	1.110	1.122	1.049	1.209	1.149	1.107	1.066	1.076	1.073	1.057	1.099	1.075	1.082	1.100	1.100	1.270	1.288	1.281	1.242	1.248	1.226	1.245	1.254	1.260	1.238	1.252	1.029	1.281	1.259	1.266	1.246	1.276	1.255	1.238	1.264	1.236	1.257	1.251	1.020	1.245	1.128	1.092	1.319	1.343	1.044	1.079	1.067	1.050	1.068	1.076	1.059	1.170	1.170	1.153	1.167	1.241	1.408	1.385	1.173	1.169	1.161	1.175	1.065	0.926	1.030
16:31:12	37.0	1.195	1.167	1.151	1.105	1.087	1.100	1.127	1.123	1.113	1.111	1.123	1.055	1.209	1.151	1.109	1.068	1.078	1.076	1.058	1.100	1.077	1.083	1.102	1.103	1.271	1.296	1.283	1.243	1.250	1.227	1.247	1.259	1.261	1.240	1.255	1.035	1.285	1.260	1.269	1.247	1.279	1.256	1.241	1.266	1.237	1.260	1.253	1.028	1.249	1.130	1.095	1.321	1.345	1.046	1.081	1.071	1.054	1.071	1.079	1.063	1.171	1.171	1.153	1.166	1.244	1.412	1.383	1.173	1.170	1.164	1.177	1.068	0.926	1.034
16:35:12	37.0	1.196	1.167	1.152	1.105	1.087	1.101	1.129	1.124	1.114	1.112	1.123	1.056	1.209	1.152	1.110	1.068	1.079	1.075	1.059	1.101	1.077	1.084	1.102	1.103	1.273	1.298	1.285	1.244	1.252	1.229	1.250	1.262	1.263	1.244	1.258	1.036	1.286	1.261	1.270	1.249	1.281	1.257	1.242	1.269	1.239	1.258	1.255	1.031	1.246	1.133	1.096	1.323	1.346	1.047	1.082	1.071	1.055	1.072	1.081	1.068	1.170	1.174	1.154	1.167	1.244	1.417	1.382	1.176	1.171	1.165	1.178	1.071	0.926	1.038
16:39:12	37.0	1.196	1.168	1.152	1.106	1.088	1.101	1.129	1.125	1.115	1.113	1.124	1.056	1.209	1.154	1.110	1.069	1.079	1.077	1.060	1.102	1.078	1.085	1.103	1.104	1.275	1.299	1.287	1.246	1.253	1.229	1.254	1.265	1.265	1.244	1.261	1.036	1.289	1.263	1.273	1.249	1.282	1.258	1.244	1.270	1.241	1.261	1.256	1.032	1.246	1.133	1.097	1.325	1.347	1.048	1.082	1.072	1.056	1.072	1.082	1.066	1.171	1.174	1.155	1.168	1.244	1.422	1.381	1.176	1.172	1.167	1.179	1.071	0.929	1.039
16:43:12	37.0	1.198	1.168	1.153	1.107	1.089	1.103	1.131	1.126	1.116	1.115	1.125	1.058	1.208	1.154	1.110	1.070	1.081	1.078	1.062	1.103	1.080	1.087	1.105	1.107	1.276	1.299	1.289	1.248	1.255	1.231	1.257	1.268	1.267	1.246	1.262	1.038	1.290	1.266	1.274	1.249	1.284	1.261	1.245	1.272	1.242	1.266	1.258	1.033	1.246	1.135	1.099	1.326	1.350	1.051	1.085	1.075	1.058	1.074	1.084	1.069	1.172	1.175	1.155	1.169	1.246	1.426	1.381	1.175	1.172	1.169	1.181	1.073	0.929	1.042
16:47:12	37.1	1.200	1.169	1.155	1.109	1.091	1.104	1.133	1.129	1.119	1.117	1.127	1.061	1.208	1.156	1.111	1.072	1.082	1.079	1.064	1.105	1.081	1.089	1.107	1.109	1.278	1.299	1.289	1.250	1.256	1.231	1.260	1.270	1.269	1.249	1.264	1.037	1.291	1.268	1.277	1.248	1.285	1.262	1.245	1.272	1.244	1.265	1.258	1.024	1.246	1.138	1.101	1.327	1.351	1.052	1.087	1.076	1.060	1.076	1.085	1.073	1.171	1.175	1.156	1.171	1.248	1.429	1.379	1.179	1.173	1.170	1.181	1.075	0.932	1.045
16:51:12	37.0	1.200	1.170	1.156	1.109	1.093	1.105	1.135	1.130	1.119	1.118	1.128	1.063	1.206	1.157	1.112	1.072	1.083	1.081	1.064	1.106	1.081	1.089	1.107	1.110	1.280	1.298	1.291	1.252	1.258	1.232	1.262	1.273	1.270	1.252	1.265	1.038	1.291	1.270	1.278	1.248	1.287	1.263	1.247	1.274	1.246	1.266	1.261	1.025	1.250	1.139	1.101	1.329	1.352	1.053	1.088	1.078	1.061	1.076	1.086	1.072	1.173	1.176	1.157	1.173	1.251	1.433	1.381	1.180	1.172	1.172	1.181	1.075	0.931	1.048
16:55:12	37.0	1.202	1.172	1.158	1.112	1.094	1.107	1.137	1.132	1.121	1.119	1.130	1.063	1.206	1.158	1.112	1.074	1.085	1.083	1.066	1.107	1.083	1.091	1.109	1.112	1.281	1.299	1.292	1.253	1.259	1.232	1.266	1.275	1.272	1.254	1.268	1.041	1.292	1.273	1.282	1.248	1.290	1.265	1.249	1.276	1.247	1.276	1.264	1.025	1.253	1.141	1.104	1.331	1.354	1.055	1.091	1.080	1.063	1.079	1.088	1.073	1.173	1.178	1.160	1.174	1.255	1.435	1.386	1.181	1.171	1.174	1.181	1.077	0.934	1.050
16:59:12	37.0	1.203	1.172	1.158	1.112	1.096	1.108	1.139	1.132	1.122	1.120	1.131	1.067	1.206	1.160	1.113	1.075	1.086	1.084	1.067	1.109	1.084	1.092	1.110	1.114	1.282	1.299	1.293	1.253	1.260	1.233	1.267	1.277	1.274	1.257	1.267	1.043	1.292	1.274	1.282	1.248	1.291	1.266	1.250	1.278	1.249	1.266	1.265	1.031	1.256	1.143	1.105	1.332	1.355	1.057	1.092	1.081	1.065	1.079	1.090	1.076	1.175	1.178	1.160	1.173	1.260	1.438	1.388	1.182	1.171	1.176	1.183	1.079	0.937	1.053
17:03:12	37.0	1.205	1.173	1.160	1.113	1.097	1.109	1.139	1.134	1.124	1.122	1.133	1.071	1.206	1.162	1.114	1.076	1.087	1.085	1.069	1.110	1.086	1.094	1.112	1.115	1.283	1.298	1.295	1.256	1.263	1.235	1.270	1.280	1.277	1.260	1.271	1.046	1.292	1.278	1.285	1.249	1.293	1.269	1.253	1.280	1.250	1.277	1.268	1.037	1.256	1.146	1.107	1.334	1.357	1.059	1.094	1.084	1.067	1.082	1.092	1.081	1.176	1.181	1.161	1.175	1.266	1.441	1.392	1.181	1.170	1.179	1.184	1.082	0.939	1.057
17:07:12	37.0	1.206	1.173	1.161	1.115	1.098	1.111	1.141	1.136	1.126	1.124	1.134	1.071	1.206	1.163	1.114	1.077	1.089	1.086	1.069	1.112	1.087	1.096	1.113	1.115	1.285	1.298	1.296	1.257	1.264	1.236	1.271	1.280	1.278	1.264	1.272	1.049	1.292	1.280	1.285	1.250	1.296	1.270	1.254	1.281	1.251	1.279	1.270	1.040	1.257	1.148	1.109	1.336	1.358	1.061	1.096	1.085	1.069	1.084	1.094	1.080	1.177	1.181	1.164	1.177	1.267	1.443	1.394	1.183	1.171	1.179	1.184	1.083	0.938	1.058
17:11:12	37.0	1.208	1.174	1.162	1.116	1.100	1.112	1.142	1.137	1.127	1.125	1.136	1.073	1.205	1.164	1.115	1.079	1.091	1.088	1.071	1.113	1.088	1.096	1.114	1.118	1.285	1.297	1.296	1.260	1.265	1.237	1.273	1.283	1.280	1.265	1.273	1.049	1.292	1.283	1.291	1.251	1.297	1.271	1.256	1.282	1.252	1.276	1.271	1.042	1.260	1.149	1.111	1.338	1.360	1.063	1.097	1.087	1.071	1.085	1.094	1.082	1.180	1.183	1.167	1.177	1.273	1.445	1.397	1.187	1.170	1.178	1.182	1.084	0.935	1.061
17:15:12	37.0	1.209	1.175	1.163	1.116	1.101	1.113	1.143	1.138	1.128	1.126	1.137	1.074	1.205	1.165	1.116	1.080	1.092	1.090	1.073	1.115	1.089	1.097	1.116	1.120	1.287	1.296	1.297	1.260	1.267	1.238	1.275	1.294	1.281	1.267	1.276	1.049	1.292	1.285	1.294	1.253	1.299	1.272	1.257	1.282	1.252	1.287	1.272	1.044	1.263	1.151	1.111	1.339	1.360	1.064	1.098	1.089	1.072	1.087	1.095	1.085	1.181	1.184	1.168	1.177	1.276	1.448	1.401	1.187	1.170	1.179	1.184	1.085	0.924	1.062
17:19:12	37.0	1.212	1.176	1.164	1.118	1.103	1.114	1.145	1.139	1.130	1.128	1.139	1.077	1.206	1.166	1.117	1.081	1.093	1.091	1.074	1.116	1.091	1.099	1.117	1.122	1.288	1.296	1.298	1.262	1.268	1.238	1.276	1.282	1.282	1.270	1.277	1.053	1.292	1.287	1.295	1.256	1.302	1.274	1.261	1.284	1.254	1.288	1.273	1.048	1.265	1.152	1.114	1.341	1.362	1.066	1.101	1.091	1.074	1.090	1.099	1.089	1.182	1.187	1.169	1.179	1.264	1.449	1.406	1.189	1.172	1.180	1.186	1.087	0.909	1.065
17:23:12	37.0	1.214	1.177	1.166	1.118	1.104	1.115	1.147	1.141	1.130	1.128	1.140	1.076	1.205	1.167	1.117	1.081	1.094	1.091	1.075	1.117	1.092	1.100	1.119	1.122	1.290	1.296	1.299	1.264	1.271	1.240	1.279	1.284	1.284	1.272	1.280	1.053	1.291	1.289	1.295	1.258	1.304	1.276	1.263	1.286	1.255	1.292	1.275	1.047	1.265	1.153	1.116	1.342	1.363	1.067	1.101	1.092	1.075	1.091	1.099	1.089	1.182	1.186	1.171	1.180	1.275	1.450	1.407	1.188	1.172	1.179	1.188	1.088	0.916	1.067
17:27:12	37.0	1.215	1.178	1.167	1.120	1.106	1.117	1.149	1.142	1.132	1.129	1.141	1.077	1.205	1.169	1.118	1.082	1.095	1.093	1.076	1.118	1.093	1.101	1.120	1.124	1.290	1.296	1.299	1.264	1.272	1.241	1.280	1.286	1.284	1.274	1.280	1.056	1.292	1.292	1.300	1.270	1.306	1.277	1.267	1.287	1.256	1.290	1.276	1.054	1.267	1.155	1.118	1.343	1.364	1.068	1.103	1.094	1.077	1.094	1.102	1.093	1.182	1.186	1.173	1.181	1.280	1.451	1.409	1.188	1.175	1.181	1.189	1.091	0.924	1.070
17:31:12	37.1	1.216	1.179	1.167	1.121	1.107	1.117	1.149	1.143	1.133	1.131	1.143	1.080	1.207	1.170	1.118	1.083	1.097	1.095	1.077	1.119	1.094	1.102	1.122	1.126	1.292	1.295	1.300	1.267	1.273	1.242	1.280	1.289	1.285	1.276	1.282	1.057	1.291	1.295	1.307	1.277	1.307	1.278	1.270	1.288	1.257	1.294	1.277	1.059	1.267	1.157	1.119	1.345	1.366	1.071	1.107	1.097	1.079	1.096	1.105	1.097	1.183	1.190	1.173	1.183	1.278	1.452	1.412	1.190	1.178	1.183	1.190	1.093	0.936	1.073
17:35:12	37.0	1.217	1.179	1.168	1.121	1.108	1.118	1.150	1.145	1.134	1.132	1.143	1.081	1.207	1.171	1.119	1.084	1.097	1.096	1.078	1.120	1.095	1.103	1.122	1.126	1.292	1.293	1.300	1.267	1.273	1.243	1.280	1.291	1.286	1.277	1.285	1.056	1.290	1.295	1.307	1.283	1.308	1.278	1.271	1.287	1.257	1.291	1.277	1.052	1.268	1.158	1.119	1.345	1.366	1.070	1.106	1.095	1.079	1.096	1.105	1.094	1.181	1.191	1.172	1.185	1.283	1.449	1.417	1.189	1.178	1.180	1.190	1.092	0.945	1.073
17:39:12	37.0	1.218	1.180	1.169	1.122	1.109	1.119	1.150	1.145	1.135	1.133	1.144	1.081	1.208	1.171	1.119	1.085	1.098	1.096	1.079	1.121	1.095	1.103	1.123	1.125	1.293	1.292	1.300	1.266	1.274	1.245	1.281	1.287	1.286	1.278	1.286	1.061	1.290	1.295	1.307	1.293	1.310	1.279	1.273	1.289	1.258	1.294	1.277	1.059	1.268	1.159	1.121	1.346	1.367	1.072	1.107	1.097	1.080	1.099	1.106	1.096	1.182	1.192	1.172	1.187	1.282	1.452	1.422	1.190	1.181	1.183	1.191	1.093	0.951	1.075
17:43:12	37.0	1.219	1.180	1.170	1.123	1.110	1.121	1.152	1.147	1.136	1.134	1.145	1.085	1.208	1.172	1.119	1.085	1.099	1.098	1.080	1.122	1.097	1.106	1.124	1.127	1.295	1.291	1.300	1.268	1.276	1.247	1.282	1.282	1.287	1.280	1.289	1.062	1.290	1.298	1.311	1.290	1.312	1.280	1.276	1.291	1.266	1.297	1.279	1.056	1.269	1.161	1.123	1.347	1.369	1.072	1.109	1.099	1.083	1.101	1.107	1.098	1.181	1.194	1.174	1.189	1.283	1.454	1.423	1.192	1.183	1.182	1.193	1.094	0.961	1.078
17:47:12	37.0	1.220	1.181	1.171	1.124	1.111	1.123	1.155	1.149	1.137	1.136	1.147	1.087	1.208	1.174	1.120	1.087	1.101	1.099	1.082	1.124	1.099	1.107	1.126	1.130	1.296	1.290	1.300	1.268	1.276	1.247	1.282	1.286	1.287	1.282	1.291	1.064	1.290	1.303	1.309	1.296	1.313	1.281	1.276	1.291	1.270	1.298	1.281	1.060	1.271	1.163	1.125	1.349	1.370	1.074	1.111	1.101	1.084	1.103	1.110	1.102	1.181	1.192	1.176	1.189	1.273	1.456	1.426	1.195	1.183	1.183	1.194	1.096	0.965	1.079
17:51:12	37.0	1.222	1.182	1.172	1.125	1.112	1.123	1.155	1.149	1.139	1.137	1.147	1.090	1.208	1.175	1.121	1.088	1.102	1.100	1.083	1.126	1.099	1.109	1.127	1.132	1.297	1.291	1.300	1.269	1.278	1.249	1.284	1.277	1.288	1.284	1.294	1.069	1.291	1.305	1.313	1.290	1.315	1.282	1.279	1.293	1.271	1.297	1.282	1.064	1.283	1.165	1.127	1.351	1.372	1.077	1.114	1.104	1.087	1.106	1.112	1.105	1.184	1.193	1.179	1.189	1.276	1.458	1.427	1.197	1.185	1.185	1.197	1.099	0.970	1.081
17:55:12	37.0	1.224	1.183	1.174	1.127	1.115	1.125	1.158	1.152	1.140	1.139	1.150	1.097	1.209	1.176	1.122	1.089	1.104	1.102	1.086	1.128	1.102	1.112	1.130	1.138	1.297	1.290	1.301	1.269	1.280	1.250	1.285	1.300	1.288	1.284	1.298	1.070	1.292	1.313	1.320	1.284	1.317	1.284	1.281	1.294	1.274	1.300	1.284	1.062	1.275	1.168	1.129	1.353	1.374	1.081	1.116	1.106	1.089	1.108	1.115	1.106	1.187	1.195	1.179	1.190	1.272	1.459	1.432	1.197	1.185	1.186	1.200	1.101	0.975	1.084
17:59:12	37.0	1.224	1.184	1.174	1.128	1.115	1.125	1.158	1.152	1.142	1.139	1.150	1.094	1.210	1.177	1.122	1.089	1.105	1.103	1.086	1.127	1.102	1.111	1.130	1.135	1.297	1.289	1.301	1.270	1.281	1.252	1.285	1.292	1.289	1.286	1.302	1.071	1.293	1.316	1.319	1.282	1.318	1.284	1.281	1.293	1.277	1.302	1.284	1.063	1.277	1.169	1.129	1.354	1.374	1.083	1.117	1.107	1.091	1.109	1.117	1.110	1.188	1.197	1.181	1.188	1.268	1.460	1.435	1.200	1.186	1.188	1.200	1.102	0.976	1.085
18:03:12	37.0	1.226	1.184	1.175	1.128	1.116	1.127	1.159	1.154	1.143	1.141	1.151	1.098	1.210	1.178	1.123	1.090	1.105	1.103	1.087	1.129	1.104	1.113	1.131	1.137	1.297	1.288	1.300	1.270	1.282	1.253	1.285	1.290	1.290	1.286	1.304	1.072	1.292	1.318	1.323	1.279	1.319	1.284	1.282	1.294	1.280	1.305	1.286	1.064	1.277	1.169	1.129	1.355	1.374	1.084	1.118	1.108	1.091	1.111	1.118	1.109	1.189	1.199	1.182	1.190	1.259	1.460	1.438	1.201	1.186	1.190	1.201	1.102	0.983	1.088
18:07:12	37.0	1.226	1.185	1.176	1.129	1.117	1.127	1.160	1.154	1.143	1.141	1.151	1.097	1.211	1.179	1.123	1.090	1.106	1.104	1.087	1.129	1.104	1.113	1.131	1.135	1.296	1.287	1.300	1.269	1.283	1.255	1.286	1.285	1.289	1.288	1.307	1.072	1.292	1.320	1.325	1.275	1.320	1.284	1.286	1.295	1.283	1.305	1.286	1.065	1.279	1.171	1.129	1.356	1.375	1.086	1.120	1.109	1.093	1.112	1.120	1.114	1.191	1.201	1.184	1.189	1.248	1.463	1.442	1.205	1.185	1.192	1.205	1.105	0.991	1.093
18:11:12	37.0	1.228	1.185	1.177	1.130	1.119	1.129	1.161	1.156	1.145	1.142	1.152	1.098	1.212	1.180	1.124	1.092	1.108	1.105	1.089	1.131	1.105	1.115	1.133	1.137	1.296	1.287	1.301	1.270	1.284	1.258	1.287	1.284	1.291	1.289	1.310	1.075	1.291	1.322	1.326	1.270	1.321	1.285	1.286	1.297	1.288	1.308	1.288	1.069	1.281	1.173	1.130	1.357	1.377	1.089	1.122	1.112	1.096	1.115	1.121	1.114	1.192	1.202	1.184	1.190	1.254	1.465	1.445	1.206	1.186	1.192	1.204	1.105	0.994	1.092
18:15:12	37.1	1.229	1.186	1.178	1.131	1.120	1.130	1.163	1.157	1.146	1.144	1.153	1.101	1.213	1.181	1.125	1.092	1.109	1.107	1.090	1.132	1.107	1.116	1.135	1.141	1.296	1.286	1.301	1.270	1.284	1.258	1.287	1.282	1.291	1.290	1.311	1.075	1.292	1.326	1.328	1.269	1.321	1.286	1.286	1.298	1.292	1.303	1.288	1.070	1.281	1.175	1.130	1.359	1.378	1.089	1.123	1.113	1.097	1.117	1.123	1.116	1.192	1.203	1.185	1.189	1.253	1.467	1.447	1.206	1.186	1.193	1.205	1.107	0.998	1.094
18:19:12	37.0	1.230	1.186	1.179	1.132	1.121	1.130	1.164	1.159	1.147	1.144	1.153	1.099	1.213	1.181	1.126	1.093	1.110	1.107	1.091	1.133	1.108	1.117	1.135	1.141	1.294	1.286	1.302	1.268	1.284	1.258	1.288	1.280	1.292	1.291	1.313	1.075	1.292	1.326	1.334	1.267	1.321	1.286	1.288	1.297	1.294	1.304	1.290	1.071	1.283	1.177	1.129	1.359	1.378	1.092	1.125	1.115	1.098	1.118	1.124	1.118	1.192	1.202	1.186	1.190	1.257	1.469	1.449	1.206	1.187	1.194	1.206	1.109	1.001	1.097
18:23:12	37.0	1.231	1.188	1.180	1.134	1.122	1.132	1.166	1.160	1.148	1.147	1.156	1.104	1.214	1.182	1.127	1.095	1.111	1.108	1.093	1.134	1.109	1.119	1.137	1.144	1.296	1.285	1.303	1.267	1.286	1.260	1.289	1.278	1.292	1.292	1.317	1.079	1.291	1.329	1.333	1.266	1.321	1.287	1.289	1.300	1.298	1.302	1.292	1.074	1.282	1.179	1.130	1.360	1.379	1.093	1.127	1.116	1.100	1.121	1.126	1.120	1.194	1.203	1.187	1.191	1.264	1.472	1.454	1.208	1.189	1.196	1.209	1.111	1.006	1.098
18:27:12	37.1	1.233	1.189	1.181	1.135	1.124	1.133	1.168	1.162	1.150	1.149	1.157	1.107	1.216	1.184	1.128	1.095	1.113	1.110	1.094	1.136	1.112	1.121	1.139	1.146	1.296	1.285	1.304	1.270	1.286	1.261	1.289	1.277	1.292	1.292	1.318	1.079	1.291	1.323	1.336	1.265	1.321	1.286	1.288	1.298	1.301	1.302	1.293	1.074	1.285	1.181	1.131	1.362	1.380	1.097	1.129	1.119	1.102	1.123	1.127	1.119	1.195	1.205	1.188	1.192	1.269	1.476	1.456	1.209	1.190	1.196	1.212	1.112	1.009	1.097
18:31:12	37.0	1.233	1.189	1.182	1.135	1.124	1.133	1.168	1.162	1.150	1.148	1.157	1.105	1.216	1.184	1.128	1.096	1.113	1.111	1.095	1.136	1.112	1.121	1.140	1.145	1.295	1.285	1.304	1.270	1.287	1.262	1.290	1.276	1.293	1.295	1.319	1.083	1.292	1.325	1.342	1.262	1.320	1.287	1.290	1.308	1.306	1.303	1.295	1.075	1.287	1.182	1.132	1.363	1.382	1.099	1.131	1.121	1.104	1.125	1.130	1.122	1.196	1.207	1.190	1.192	1.269	1.477	1.458	1.211	1.192	1.196	1.213	1.113	1.014	1.100
18:35:12	37.0	1.235	1.189	1.183	1.137	1.126	1.136	1.170	1.164	1.152	1.150	1.158	1.108	1.218	1.185	1.129	1.097	1.115	1.113	1.096	1.139	1.113	1.123	1.141	1.147	1.296	1.285	1.304	1.270	1.288	1.264	1.290	1.276	1.294	1.295	1.320	1.083	1.293	1.327	1.345	1.262	1.320	1.288	1.289	1.307	1.309	1.301	1.296	1.075	1.289	1.184	1.134	1.364	1.383	1.099	1.133	1.124	1.107	1.127	1.132	1.124	1.199	1.206	1.192	1.191	1.282	1.482	1.460	1.212	1.195	1.201	1.214	1.115	1.018	1.101
18:39:12	37.0	1.236	1.190	1.183	1.137	1.126	1.136	1.170	1.164	1.153	1.151	1.159	1.112	1.218	1.186	1.129	1.097	1.115	1.113	1.097	1.139	1.114	1.124	1.142	1.149	1.296	1.285	1.305	1.270	1.288	1.264	1.291	1.276	1.294	1.296	1.321	1.086	1.292	1.329	1.348	1.263	1.319	1.288	1.289	1.310	1.310	1.304	1.296	1.074	1.290	1.185	1.135	1.365	1.383	1.099	1.134	1.124	1.107	1.128	1.133	1.126	1.201	1.207	1.192	1.190	1.283	1.484	1.463	1.213	1.195	1.201	1.218	1.117	1.020	1.103
18:43:12	37.0	1.238	1.190	1.184	1.138	1.128	1.137	1.172	1.166	1.154	1.153	1.160	1.115	1.219	1.187	1.130	1.098	1.117	1.115	1.099	1.141	1.116	1.125	1.143	1.151	1.295	1.285	1.304	1.270	1.288	1.265	1.292	1.274	1.294	1.297	1.321	1.086	1.292	1.334	1.344	1.254	1.318	1.289	1.289	1.310	1.312	1.301	1.297	1.066	1.292	1.186	1.136	1.366	1.384	1.100	1.136	1.126	1.109	1.130	1.134	1.129	1.200	1.206	1.192	1.190	1.290	1.486	1.465	1.215	1.196	1.203	1.219	1.119	1.024	1.103
18:47:12	37.0	1.238	1.190	1.185	1.139	1.129	1.138	1.173	1.167	1.154	1.153	1.160	1.113	1.220	1.187	1.130	1.098	1.117	1.115	1.099	1.141	1.117	1.125	1.144	1.149	1.296	1.284	1.305	1.270	1.288	1.268	1.292	1.274	1.294	1.296	1.321	1.084	1.292	1.342	1.347	1.256	1.317	1.289	1.289	1.310	1.312	1.303	1.297	1.062	1.292	1.186	1.137	1.366	1.384	1.101	1.137	1.125	1.109	1.131	1.135	1.127	1.194	1.208	1.194	1.190	1.298	1.489	1.466	1.212	1.196	1.204	1.218	1.119	1.025	1.103
18:51:12	37.0	1.239	1.191	1.186	1.140	1.130	1.139	1.174	1.169	1.156	1.154	1.163	1.114	1.220	1.188	1.131	1.099	1.118	1.116	1.100	1.143	1.118	1.127	1.145	1.152	1.295	1.285	1.305	1.270	1.290	1.270	1.294	1.274	1.295	1.298	1.323	1.087	1.292	1.337	1.346	1.256	1.315	1.290	1.291	1.311	1.312	1.301	1.299	1.065	1.294	1.189	1.140	1.367	1.385	1.103	1.139	1.128	1.111	1.133	1.137	1.131	1.190	1.208	1.196	1.190	1.302	1.491	1.468	1.212	1.198	1.206	1.221	1.122	1.031	1.107
18:55:12	37.0	1.241	1.192	1.187	1.141	1.131	1.141	1.176	1.170	1.157	1.156	1.164	1.117	1.221	1.190	1.133	1.101	1.121	1.118	1.102	1.145	1.121	1.129	1.148	1.155	1.296	1.286	1.306	1.272	1.291	1.272	1.294	1.279	1.296	1.300	1.323	1.093	1.292	1.339	1.352	1.250	1.315	1.291	1.291	1.313	1.312	1.302	1.300	1.071	1.297	1.191	1.143	1.369	1.387	1.105	1.142	1.131	1.114	1.136	1.139	1.135	1.191	1.211	1.196	1.191	1.309	1.493	1.469	1.214	1.201	1.206	1.224	1.124	1.032	1.108
18:59:12	37.0	1.242	1.193	1.188	1.142	1.133	1.142	1.178	1.172	1.159	1.158	1.166	1.120	1.222	1.192	1.133	1.102	1.121	1.120	1.104	1.147	1.122	1.130	1.149	1.157	1.298	1.286	1.307	1.272	1.292	1.274	1.297	1.276	1.298	1.301	1.323	1.095	1.292	1.343	1.351	1.255	1.314	1.291	1.291	1.314	1.312	1.303	1.302	1.073	1.297	1.193	1.144	1.371	1.388	1.107	1.144	1.132	1.116	1.138	1.141	1.137	1.192	1.213	1.196	1.194	1.310	1.495	1.472	1.216	1.202	1.209	1.226	1.126	1.036	1.109
19:03:12	37.1	1.243	1.193	1.189	1.143	1.133	1.142	1.178	1.174	1.160	1.159	1.167	1.121	1.223	1.192	1.134	1.102	1.122	1.121	1.105	1.148	1.125	1.133	1.150	1.158	1.298	1.285	1.307	1.272	1.292	1.276	1.298	1.274	1.297	1.302	1.324	1.097	1.291	1.344	1.349	1.252	1.313	1.293	1.294	1.316	1.311	1.306	1.304	1.076	1.299	1.194	1.147	1.371	1.389	1.109	1.145	1.134	1.118	1.139	1.143	1.140	1.194	1.213	1.196	1.195	1.317	1.497	1.473	1.216	1.204	1.210	1.223	1.128	1.040	1.113
19:07:12	37.0	1.244	1.194	1.190	1.143	1.134	1.144	1.180	1.175	1.161	1.160	1.168	1.122	1.224	1.193	1.135	1.103	1.123	1.123	1.106	1.148	1.125	1.134	1.151	1.160	1.298	1.286	1.309	1.271	1.294	1.276	1.299	1.274	1.298	1.303	1.323	1.099	1.291	1.345	1.358	1.249	1.312	1.293	1.292	1.316	1.311	1.303	1.306	1.079	1.300	1.195	1.149	1.372	1.390	1.110	1.147	1.135	1.118	1.140	1.143	1.140	1.196	1.214	1.198	1.200	1.321	1.500	1.476	1.216	1.205	1.211	1.226	1.129	1.044	1.116
19:11:12	37.0	1.246	1.194	1.191	1.145	1.135	1.145	1.181	1.176	1.163	1.161	1.169	1.123	1.226	1.194	1.135	1.104	1.125	1.124	1.108	1.150	1.127	1.135	1.153	1.162	1.300	1.287	1.309	1.276	1.295	1.283	1.300	1.274	1.299	1.305	1.325	1.102	1.291	1.346	1.354	1.249	1.312	1.295	1.295	1.316	1.309	1.301	1.309	1.084	1.301	1.197	1.152	1.374	1.392	1.113	1.150	1.139	1.122	1.143	1.147	1.144	1.200	1.214	1.200	1.201	1.322	1.502	1.476	1.217	1.207	1.212	1.229	1.134	1.046	1.118
19:15:12	36.9	1.245	1.194	1.192	1.144	1.136	1.145	1.182	1.177	1.163	1.162	1.169	1.123	1.225	1.194	1.134	1.105	1.125	1.124	1.108	1.151	1.128	1.136	1.154	1.162	1.300	1.285	1.309	1.276	1.296	1.282	1.300	1.275	1.300	1.306	1.323	1.102	1.291	1.363	1.364	1.248	1.311	1.296	1.294	1.318	1.309	1.301	1.310	1.089	1.303	1.198	1.153	1.374	1.392	1.113	1.149	1.139	1.122	1.144	1.147	1.145	1.201	1.215	1.202	1.202	1.327	1.504	1.478	1.216	1.209	1.213	1.228	1.133	1.050	1.120
19:19:12	37.1	1.249	1.196	1.193	1.146	1.137	1.147	1.184	1.179	1.165	1.164	1.170	1.126	1.226	1.196	1.136	1.106	1.127	1.126	1.110	1.153	1.130	1.138	1.156	1.165	1.302	1.287	1.311	1.278	1.297	1.283	1.304	1.276	1.299	1.307	1.322	1.105	1.292	1.363	1.357	1.251	1.310	1.298	1.296	1.320	1.308	1.304	1.311	1.090	1.304	1.200	1.157	1.376	1.393	1.116	1.152	1.141	1.124	1.145	1.149	1.143	1.203	1.218	1.204	1.206	1.334	1.506	1.481	1.220	1.209	1.215	1.231	1.134	1.049	1.122
19:23:12	37.0	1.248	1.196	1.194	1.147	1.138	1.148	1.185	1.180	1.166	1.164	1.171	1.127	1.227	1.196	1.136	1.106	1.126	1.127	1.111	1.153	1.131	1.139	1.157	1.166	1.303	1.287	1.312	1.278	1.298	1.282	1.305	1.285	1.300	1.308	1.322	1.107	1.292	1.376	1.365	1.248	1.310	1.299	1.297	1.319	1.307	1.304	1.312	1.089	1.306	1.202	1.159	1.377	1.394	1.117	1.153	1.143	1.126	1.148	1.151	1.148	1.205	1.220	1.208	1.206	1.337	1.506	1.481	1.219	1.210	1.216	1.230	1.138	1.052	1.123
19:27:12	37.0	1.250	1.197	1.196	1.149	1.139	1.150	1.188	1.182	1.168	1.167	1.173	1.130	1.228	1.198	1.137	1.108	1.129	1.129	1.113	1.156	1.133	1.142	1.159	1.169	1.304	1.287	1.313	1.276	1.299	1.285	1.304	1.283	1.301	1.310	1.323	1.111	1.294	1.358	1.364	1.250	1.309	1.301	1.298	1.322	1.308	1.302	1.314	1.094	1.309	1.205	1.163	1.379	1.396	1.121	1.156	1.146	1.129	1.151	1.153	1.152	1.212	1.222	1.211	1.208	1.338	1.509	1.484	1.222	1.211	1.219	1.230	1.141	1.056	1.128
19:31:12	37.0	1.250	1.197	1.196	1.149	1.140	1.150	1.188	1.183	1.169	1.168	1.174	1.132	1.229	1.198	1.138	1.109	1.130	1.130	1.115	1.156	1.134	1.143	1.160	1.169	1.305	1.286	1.314	1.276	1.301	1.285	1.305	1.283	1.301	1.311	1.322	1.111	1.294	1.355	1.366	1.246	1.309	1.301	1.298	1.322	1.308	1.303	1.314	1.093	1.329	1.205	1.163	1.378	1.395	1.120	1.156	1.145	1.129	1.151	1.152	1.151	1.213	1.223	1.211	1.208	1.341	1.509	1.484	1.222	1.210	1.220	1.231	1.141	1.061	1.129
19:35:12	37.0	1.253	1.198	1.197	1.150	1.141	1.152	1.190	1.184	1.171	1.169	1.175	1.134	1.229	1.199	1.139	1.111	1.131	1.131	1.115	1.158	1.136	1.144	1.162	1.171	1.305	1.286	1.317	1.276	1.301	1.286	1.305	1.284	1.303	1.313	1.320	1.112	1.295	1.353	1.371	1.268	1.309	1.302	1.299	1.323	1.307	1.304	1.314	1.097	1.311	1.207	1.164	1.379	1.396	1.123	1.158	1.148	1.131	1.152	1.154	1.153	1.214	1.223	1.213	1.210	1.343	1.511	1.489	1.224	1.210	1.224	1.233	1.143	1.063	1.129
19:39:12	37.0	1.253	1.198	1.198	1.150	1.143	1.152	1.191	1.185	1.172	1.170	1.177	1.137	1.231	1.200	1.139	1.111	1.131	1.132	1.117	1.159	1.137	1.146	1.163	1.174	1.307	1.286	1.319	1.277	1.302	1.288	1.307	1.285	1.304	1.314	1.319	1.116	1.296	1.352	1.368	1.284	1.311	1.304	1.301	1.325	1.309	1.305	1.316	1.102	1.332	1.208	1.165	1.379	1.396	1.124	1.160	1.151	1.133	1.154	1.157	1.156	1.216	1.221	1.216	1.213	1.349	1.513	1.490	1.225	1.212	1.227	1.235	1.145	1.067	1.133
19:43:12	37.0	1.254	1.199	1.199	1.151	1.143	1.154	1.192	1.187	1.172	1.172	1.178	1.137	1.233	1.201	1.140	1.112	1.133	1.133	1.118	1.161	1.138	1.148	1.164	1.173	1.308	1.286	1.321	1.278	1.303	1.290	1.307	1.286	1.304	1.315	1.320	1.117	1.296	1.349	1.369	1.284	1.311	1.306	1.302	1.326	1.309	1.304	1.317	1.100	1.338	1.210	1.168	1.380	1.398	1.127	1.163	1.153	1.136	1.156	1.158	1.157	1.216	1.222	1.216	1.217	1.351	1.514	1.492	1.225	1.215	1.231	1.236	1.147	1.071	1.139
19:47:12	37.0	1.255	1.199	1.199	1.151	1.144	1.154	1.193	1.188	1.173	1.172	1.179	1.135	1.232	1.201	1.140	1.112	1.133	1.134	1.118	1.161	1.139	1.149	1.164	1.172	1.309	1.285	1.321	1.278	1.304	1.291	1.309	1.287	1.304	1.316	1.319	1.115	1.295	1.348	1.372	1.281	1.310	1.308	1.303	1.327	1.307	1.304	1.319	1.097	1.333	1.211	1.167	1.380	1.398	1.127	1.163	1.154	1.137	1.157	1.160	1.156	1.214	1.224	1.215	1.218	1.355	1.515	1.492	1.223	1.215	1.233	1.236	1.147	1.074	1.137
19:51:12	37.0	1.256	1.200	1.200	1.153	1.145	1.155	1.195	1.189	1.175	1.174	1.180	1.140	1.234	1.203	1.141	1.113	1.134	1.135	1.120	1.163	1.140	1.151	1.165	1.175	1.310	1.285	1.322	1.279	1.306	1.294	1.310	1.288	1.304	1.316	1.317	1.121	1.296	1.348	1.372	1.276	1.311	1.309	1.303	1.328	1.307	1.306	1.320	1.103	1.319	1.214	1.170	1.382	1.399	1.130	1.165	1.156	1.139	1.159	1.162	1.161	1.216	1.224	1.216	1.217	1.354	1.516	1.492	1.224	1.217	1.238	1.238	1.149	1.080	1.140
19:55:12	37.1	1.257	1.201	1.201	1.154	1.146	1.157	1.197	1.190	1.176	1.175	1.182	1.140	1.234	1.203	1.142	1.114	1.135	1.135	1.121	1.164	1.141	1.153	1.168	1.177	1.311	1.286	1.322	1.279	1.307	1.296	1.310	1.289	1.305	1.318	1.316	1.121	1.296	1.349	1.375	1.273	1.311	1.311	1.304	1.330	1.307	1.306	1.322	1.099	1.320	1.215	1.171	1.382	1.398	1.131	1.166	1.157	1.140	1.161	1.164	1.160	1.216	1.226	1.218	1.217	1.356	1.518	1.492	1.225	1.218	1.240	1.238	1.149	1.081	1.141
19:59:12	37.0	1.258	1.202	1.202	1.155	1.148	1.158	1.198	1.193	1.177	1.177	1.184	1.143	1.234	1.205	1.143	1.115	1.136	1.137	1.123	1.166	1.143	1.155	1.169	1.179	1.311	1.286	1.323	1.280	1.308	1.299	1.311	1.292	1.306	1.318	1.318	1.127	1.296	1.350	1.378	1.271	1.311	1.313	1.306	1.331	1.308	1.305	1.324	1.106	1.319	1.218	1.174	1.383	1.400	1.134	1.170	1.161	1.143	1.164	1.168	1.163	1.218	1.233	1.219	1.218	1.356	1.520	1.496	1.231	1.220	1.242	1.241	1.152	1.087	1.143
20:03:12	37.0	1.260	1.204	1.204	1.157	1.149	1.160	1.200	1.194	1.179	1.178	1.185	1.147	1.236	1.206	1.145	1.115	1.138	1.139	1.124	1.168	1.145	1.157	1.171	1.181	1.313	1.287	1.325	1.281	1.309	1.301	1.313	1.293	1.309	1.321	1.319	1.130	1.298	1.352	1.381	1.270	1.312	1.315	1.308	1.335	1.308	1.307	1.327	1.108	1.322	1.220	1.176	1.385	1.402	1.137	1.172	1.163	1.146	1.167	1.169	1.169	1.220	1.232	1.220	1.213	1.355	1.523	1.499	1.236	1.222	1.245	1.245	1.157	1.089	1.147
20:07:12	37.0	1.261	1.204	1.205	1.157	1.150	1.161	1.201	1.196	1.180	1.180	1.187	1.151	1.236	1.207	1.145	1.116	1.138	1.140	1.126	1.170	1.146	1.157	1.173	1.183	1.313	1.288	1.325	1.283	1.310	1.300	1.313	1.294	1.309	1.322	1.317	1.132	1.298	1.353	1.385	1.267	1.312	1.317	1.308	1.335	1.308	1.307	1.327	1.109	1.323	1.221	1.178	1.386	1.402	1.137	1.174	1.165	1.147	1.168	1.171	1.168	1.222	1.233	1.221	1.199	1.355	1.524	1.500	1.240	1.223	1.246	1.247	1.158	1.091	1.148
20:11:12	37.0	1.262	1.205	1.205	1.158	1.150	1.162	1.202	1.197	1.182	1.181	1.188	1.150	1.238	1.208	1.146	1.117	1.140	1.141	1.127	1.171	1.147	1.158	1.174	1.181	1.315	1.289	1.327	1.283	1.311	1.295	1.314	1.294	1.310	1.323	1.316	1.131	1.298	1.353	1.379	1.265	1.313	1.317	1.309	1.336	1.308	1.306	1.328	1.106	1.323	1.222	1.178	1.386	1.402	1.137	1.174	1.165	1.147	1.168	1.171	1.167	1.225	1.235	1.222	1.213	1.356	1.524	1.502	1.240	1.223	1.247	1.248	1.157	1.095	1.149
20:15:12	37.0	1.263	1.206	1.207	1.160	1.152	1.163	1.205	1.199	1.184	1.184	1.190	1.153	1.238	1.209	1.148	1.117	1.141	1.143	1.129	1.173	1.149	1.160	1.176	1.186	1.315	1.289	1.328	1.285	1.313	1.295	1.316	1.295	1.311	1.325	1.316	1.137	1.300	1.354	1.378	1.263	1.314	1.319	1.312	1.339	1.309	1.307	1.332	1.111	1.325	1.226	1.180	1.388	1.404	1.141	1.178	1.169	1.151	1.172	1.174	1.172	1.227	1.236	1.228	1.216	1.358	1.527	1.505	1.242	1.228	1.247	1.250	1.161	1.100	1.150
20:19:12	37.0	1.264	1.207	1.208	1.160	1.153	1.165	1.206	1.201	1.185	1.185	1.192	1.154	1.239	1.210	1.148	1.119	1.143	1.144	1.130	1.175	1.151	1.162	1.178	1.187	1.315	1.290	1.330	1.287	1.316	1.289	1.317	1.298	1.312	1.326	1.316	1.139	1.300	1.355	1.379	1.262	1.314	1.320	1.314	1.341	1.309	1.307	1.333	1.116	1.327	1.227	1.181	1.388	1.405	1.142	1.179	1.170	1.153	1.173	1.177	1.176	1.229	1.238	1.228	1.215	1.364	1.529	1.508	1.244	1.229	1.249	1.253	1.164	1.103	1.151
20:23:12	37.0	1.264	1.208	1.209	1.161	1.154	1.166	1.208	1.201	1.186	1.186	1.193	1.154	1.240	1.211	1.148	1.119	1.143	1.145	1.131	1.176	1.151	1.162	1.179	1.187	1.319	1.290	1.330	1.288	1.318	1.295	1.317	1.298	1.313	1.327	1.313	1.140	1.301	1.355	1.389	1.260	1.315	1.322	1.316	1.342	1.310	1.307	1.334	1.114	1.329	1.228	1.182	1.388	1.405	1.144	1.180	1.173	1.155	1.175	1.179	1.176	1.227	1.240	1.228	1.216	1.364	1.532	1.509	1.244	1.230	1.249	1.254	1.164	1.105	1.151
20:27:12	37.0	1.265	1.209	1.209	1.162	1.155	1.167	1.210	1.203	1.188	1.188	1.194	1.157	1.241	1.212	1.149	1.119	1.145	1.146	1.133	1.178	1.153	1.164	1.181	1.188	1.317	1.291	1.332	1.291	1.319	1.304	1.319	1.301	1.314	1.329	1.315	1.142	1.301	1.354	1.379	1.259	1.317	1.324	1.317	1.343	1.311	1.308	1.336	1.117	1.331	1.231	1.185	1.390	1.406	1.147	1.182	1.175	1.157	1.177	1.181	1.178	1.230	1.244	1.228	1.218	1.368	1.535	1.512	1.245	1.232	1.250	1.257	1.166	1.111	1.153
20:31:12	37.0	1.266	1.210	1.212	1.164	1.157	1.168	1.211	1.205	1.190	1.189	1.196	1.158	1.242	1.213	1.150	1.120	1.147	1.148	1.135	1.180	1.154	1.165	1.182	1.190	1.320	1.292	1.333	1.291	1.321	1.308	1.320	1.302	1.315	1.331	1.315	1.143	1.301	1.354	1.381	1.258	1.316	1.325	1.320	1.344	1.310	1.309	1.337	1.118	1.333	1.231	1.187	1.389	1.406	1.147	1.183	1.176	1.158	1.178	1.182	1.180	1.232	1.247	1.230	1.220	1.371	1.536	1.511	1.248	1.234	1.250	1.259	1.167	1.114	1.155
20:35:12	37.0	1.268	1.211	1.212	1.164	1.157	1.169	1.212	1.206	1.191	1.191	1.197	1.161	1.243	1.213	1.150	1.121	1.146	1.149	1.136	1.181	1.155	1.166	1.183	1.191	1.322	1.292	1.335	1.292	1.323	1.312	1.322	1.304	1.316	1.332	1.315	1.144	1.302	1.355	1.399	1.258	1.318	1.328	1.321	1.346	1.311	1.309	1.338	1.118	1.336	1.233	1.189	1.390	1.407	1.150	1.185	1.179	1.160	1.180	1.183	1.182	1.233	1.250	1.233	1.222	1.375	1.538	1.511	1.251	1.237	1.252	1.261	1.170	1.117	1.155
20:39:12	37.1	1.268	1.212	1.214	1.165	1.158	1.170	1.214	1.207	1.193	1.193	1.199	1.164	1.243	1.215	1.151	1.121	1.148	1.150	1.137	1.182	1.156	1.167	1.185	1.193	1.324	1.293	1.336	1.294	1.325	1.313	1.323	1.305	1.317	1.333	1.316	1.146	1.303	1.355	1.385	1.258	1.318	1.329	1.322	1.348	1.312	1.308	1.339	1.120	1.338	1.235	1.192	1.391	1.407	1.152	1.186	1.179	1.161	1.182	1.185	1.182	1.237	1.249	1.236	1.223	1.378	1.540	1.511	1.253	1.239	1.251	1.263	1.170	1.118	1.157
20:43:12	37.0	1.270	1.214	1.215	1.167	1.160	1.172	1.216	1.210	1.195	1.195	1.201	1.165	1.246	1.216	1.152	1.123	1.149	1.152	1.139	1.184	1.157	1.168	1.186	1.195	1.319	1.294	1.338	1.295	1.325	1.316	1.324	1.305	1.318	1.333	1.314	1.149	1.305	1.355	1.381	1.256	1.318	1.331	1.324	1.350	1.312	1.315	1.341	1.122	1.340	1.237	1.194	1.392	1.409	1.153	1.188	1.181	1.163	1.184	1.188	1.185	1.241	1.252	1.238	1.226	1.379	1.541	1.513	1.249	1.240	1.251	1.264	1.172	1.124	1.159
20:47:12	37.0	1.270	1.215	1.215	1.167	1.161	1.174	1.217	1.212	1.196	1.196	1.202	1.167	1.246	1.217	1.152	1.123	1.150	1.153	1.141	1.185	1.159	1.169	1.187	1.195	1.323	1.294	1.340	1.296	1.327	1.318	1.325	1.305	1.319	1.336	1.314	1.146	1.306	1.356	1.384	1.256	1.319	1.332	1.325	1.350	1.312	1.315	1.341	1.119	1.340	1.237	1.195	1.392	1.409	1.154	1.189	1.182	1.164	1.185	1.190	1.186	1.242	1.253	1.240	1.229	1.378	1.543	1.513	1.252	1.242	1.242	1.266	1.174	1.127	1.160
20:51:12	37.0	1.272	1.216	1.217	1.169	1.162	1.175	1.219	1.214	1.198	1.198	1.205	1.170	1.247	1.218	1.155	1.124	1.151	1.155	1.143	1.186	1.161	1.172	1.189	1.198	1.323	1.297	1.343	1.300	1.329	1.319	1.328	1.308	1.322	1.337	1.313	1.149	1.308	1.358	1.381	1.259	1.321	1.334	1.328	1.352	1.314	1.317	1.345	1.121	1.343	1.239	1.198	1.394	1.410	1.157	1.192	1.184	1.168	1.188	1.192	1.190	1.242	1.260	1.239	1.230	1.378	1.546	1.514	1.255	1.246	1.244	1.266	1.177	1.129	1.162
20:55:12	37.0	1.273	1.218	1.218	1.170	1.163	1.176	1.220	1.216	1.200	1.199	1.206	1.172	1.248	1.219	1.156	1.125	1.152	1.156	1.144	1.188	1.162	1.173	1.190	1.199	1.326	1.298	1.343	1.301	1.329	1.321	1.329	1.310	1.322	1.339	1.313	1.151	1.308	1.357	1.386	1.260	1.322	1.336	1.329	1.352	1.313	1.318	1.347	1.122	1.345	1.241	1.200	1.394	1.411	1.158	1.194	1.184	1.169	1.190	1.192	1.191	1.238	1.262	1.238	1.233	1.373	1.547	1.516	1.255	1.247	1.246	1.267	1.178	1.133	1.163
20:59:12	37.0	1.274	1.218	1.219	1.170	1.164	1.177	1.221	1.217	1.201	1.200	1.207	1.175	1.248	1.220	1.156	1.126	1.153	1.158	1.145	1.189	1.163	1.173	1.192	1.200	1.327	1.300	1.347	1.303	1.331	1.325	1.331	1.311	1.324	1.341	1.313	1.152	1.309	1.358	1.386	1.260	1.323	1.337	1.331	1.354	1.314	1.319	1.348	1.122	1.347	1.242	1.200	1.394	1.409	1.159	1.194	1.185	1.170	1.190	1.193	1.192	1.239	1.264	1.235	1.233	1.375	1.548	1.516	1.252	1.249	1.250	1.269	1.179	1.134	1.166
21:03:12	37.0	1.275	1.219	1.219	1.170	1.165	1.179	1.223	1.218	1.201	1.201	1.208	1.175	1.250	1.221	1.158	1.127	1.155	1.160	1.146	1.190	1.164	1.175	1.192	1.201	1.328	1.301	1.347	1.303	1.333	1.325	1.333	1.313	1.325	1.343	1.314	1.152	1.310	1.359	1.399	1.261	1.323	1.339	1.332	1.356	1.315	1.321	1.348	1.122	1.349	1.244	1.202	1.395	1.410	1.162	1.197	1.189	1.173	1.193	1.196	1.198	1.242	1.265	1.234	1.230	1.377	1.549	1.517	1.259	1.250	1.255	1.273	1.183	1.139	1.167
21:07:12	37.0	1.277	1.222	1.221	1.172	1.167	1.181	1.225	1.220	1.203	1.202	1.210	1.178	1.251	1.223	1.158	1.128	1.156	1.161	1.148	1.192	1.166	1.176	1.194	1.203	1.331	1.303	1.350	1.306	1.335	1.327	1.334	1.315	1.326	1.344	1.315	1.157	1.311	1.365	1.386	1.263	1.323	1.341	1.333	1.356	1.315	1.321	1.350	1.125	1.352	1.245	1.204	1.396	1.411	1.163	1.198	1.190	1.174	1.195	1.198	1.196	1.242	1.268	1.234	1.231	1.379	1.550	1.518	1.261	1.252	1.255	1.275	1.183	1.143	1.169
21:11:12	37.0	1.278	1.224	1.222	1.173	1.168	1.183	1.227	1.222	1.205	1.204	1.211	1.178	1.251	1.224	1.160	1.129	1.157	1.163	1.149	1.193	1.167	1.177	1.195	1.204	1.333	1.304	1.351	1.309	1.337	1.328	1.336	1.317	1.327	1.347	1.316	1.156	1.312	1.361	1.388	1.265	1.326	1.343	1.335	1.361	1.315	1.323	1.354	1.122	1.353	1.247	1.206	1.396	1.411	1.164	1.198	1.191	1.174	1.196	1.199	1.196	1.241	1.272	1.235	1.233	1.381	1.550	1.518	1.259	1.253	1.256	1.273	1.184	1.145	1.166
21:15:12	37.0	1.279	1.225	1.223	1.175	1.169	1.184	1.229	1.224	1.206	1.205	1.212	1.179	1.252	1.225	1.162	1.129	1.158	1.165	1.150	1.194	1.169	1.178	1.197	1.206	1.335	1.305	1.353	1.309	1.339	1.330	1.338	1.320	1.329	1.349	1.316	1.159	1.313	1.363	1.389	1.267	1.327	1.345	1.337	1.363	1.315	1.326	1.357	1.121	1.355	1.248	1.208	1.397	1.412	1.167	1.201	1.194	1.177	1.198	1.202	1.198	1.242	1.278	1.241	1.235	1.386	1.554	1.521	1.262	1.256	1.259	1.276	1.186	1.147	1.163
21:19:12	37.0	1.279	1.225	1.224	1.175	1.170	1.185	1.230	1.224	1.207	1.205	1.212	1.181	1.252	1.226	1.162	1.130	1.159	1.167	1.151	1.195	1.169	1.180	1.197	1.207	1.337	1.307	1.353	1.311	1.341	1.332	1.340	1.321	1.331	1.352	1.316	1.161	1.315	1.362	1.393	1.268	1.329	1.347	1.339	1.364	1.315	1.327	1.361	1.123	1.356	1.249	1.210	1.397	1.412	1.166	1.202	1.196	1.178	1.199	1.202	1.201	1.241	1.279	1.243	1.236	1.387	1.554	1.524	1.262	1.256	1.258	1.277	1.188	1.149	1.163
21:23:12	37.1	1.280	1.226	1.225	1.176	1.171	1.186	1.232	1.226	1.208	1.206	1.213	1.183	1.254	1.227	1.163	1.131	1.161	1.168	1.151	1.196	1.171	1.181	1.198	1.208	1.338	1.310	1.354	1.314	1.343	1.334	1.342	1.324	1.333	1.353	1.317	1.163	1.315	1.364	1.393	1.270	1.331	1.348	1.339	1.365	1.315	1.328	1.361	1.124	1.357	1.250	1.211	1.398	1.412	1.168	1.204	1.198	1.180	1.201	1.204	1.202	1.243	1.283	1.242	1.238	1.389	1.556	1.529	1.267	1.257	1.263	1.279	1.189	1.153	1.166
21:27:12	37.0	1.283	1.228	1.227	1.179	1.173	1.190	1.235	1.228	1.210	1.208	1.214	1.185	1.255	1.229	1.165	1.132	1.163	1.170	1.154	1.198	1.173	1.183	1.200	1.210	1.341	1.312	1.354	1.317	1.347	1.338	1.345	1.328	1.335	1.357	1.318	1.168	1.318	1.366	1.398	1.273	1.334	1.352	1.343	1.370	1.317	1.331	1.362	1.127	1.361	1.254	1.215	1.399	1.414	1.171	1.208	1.201	1.183	1.204	1.207	1.205	1.247	1.283	1.244	1.239	1.394	1.559	1.535	1.273	1.260	1.266	1.282	1.193	1.155	1.168
21:31:12	37.0	1.283	1.229	1.228	1.179	1.174	1.191	1.236	1.228	1.211	1.210	1.215	1.188	1.255	1.230	1.166	1.133	1.164	1.171	1.154	1.199	1.174	1.184	1.201	1.211	1.344	1.314	1.355	1.319	1.350	1.340	1.347	1.329	1.337	1.358	1.318	1.167	1.319	1.365	1.400	1.275	1.335	1.354	1.343	1.370	1.316	1.332	1.367	1.127	1.359	1.255	1.216	1.399	1.414	1.172	1.207	1.201	1.183	1.204	1.208	1.206	1.245	1.285	1.246	1.237	1.397	1.558	1.534	1.271	1.260	1.266	1.283	1.193	1.157	1.170
21:35:12	37.0	1.284	1.230	1.229	1.180	1.175	1.192	1.238	1.229	1.212	1.210	1.215	1.186	1.256	1.231	1.166	1.133	1.165	1.171	1.155	1.199	1.174	1.185	1.202	1.211	1.346	1.315	1.357	1.319	1.351	1.341	1.348	1.331	1.338	1.360	1.318	1.167	1.320	1.365	1.396	1.275	1.338	1.355	1.344	1.373	1.316	1.333	1.366	1.126	1.360	1.256	1.217	1.398	1.413	1.171	1.207	1.202	1.183	1.204	1.207	1.207	1.246	1.286	1.247	1.240	1.399	1.558	1.535	1.272	1.260	1.267	1.284	1.194	1.160	1.173
21:39:12	37.0	1.285	1.231	1.229	1.182	1.177	1.194	1.240	1.231	1.214	1.212	1.218	1.190	1.257	1.233	1.168	1.134	1.168	1.173	1.156	1.200	1.176	1.186	1.204	1.213	1.348	1.317	1.361	1.321	1.353	1.343	1.350	1.335	1.341	1.362	1.319	1.170	1.321	1.366	1.393	1.278	1.341	1.357	1.347	1.375	1.317	1.335	1.367	1.128	1.362	1.258	1.219	1.399	1.414	1.173	1.209	1.204	1.186	1.207	1.209	1.208	1.251	1.287	1.247	1.241	1.401	1.561	1.537	1.278	1.261	1.268	1.287	1.196	1.162	1.174
21:43:12	37.1	1.286	1.232	1.230	1.183	1.179	1.196	1.241	1.232	1.215	1.214	1.219	1.193	1.258	1.233	1.168	1.136	1.169	1.174	1.157	1.202	1.177	1.187	1.204	1.215	1.350	1.319	1.364	1.323	1.353	1.345	1.350	1.337	1.346	1.363	1.319	1.171	1.322	1.366	1.393	1.280	1.343	1.357	1.348	1.376	1.316	1.336	1.367	1.129	1.363	1.259	1.219	1.400	1.414	1.175	1.211	1.206	1.188	1.208	1.211	1.212	1.256	1.288	1.251	1.242	1.402	1.563	1.541	1.275	1.260	1.270	1.290	1.199	1.166	1.178
21:47:12	37.0	1.288	1.234	1.233	1.185	1.181	1.198	1.243	1.234	1.216	1.215	1.220	1.195	1.259	1.235	1.169	1.138	1.171	1.175	1.159	1.204	1.179	1.189	1.206	1.217	1.354	1.321	1.367	1.325	1.355	1.348	1.354	1.340	1.350	1.367	1.319	1.172	1.323	1.366	1.395	1.282	1.344	1.361	1.351	1.380	1.317	1.339	1.370	1.130	1.365	1.261	1.222	1.400	1.414	1.175	1.214	1.208	1.190	1.209	1.212	1.213	1.261	1.290	1.250	1.246	1.400	1.564	1.542	1.276	1.260	1.270	1.291	1.200	1.169	1.181
21:51:12	37.0	1.288	1.234	1.234	1.185	1.182	1.200	1.244	1.234	1.218	1.216	1.220	1.195	1.260	1.236	1.170	1.139	1.173	1.177	1.159	1.205	1.180	1.190	1.206	1.217	1.356	1.324	1.370	1.328	1.358	1.350	1.355	1.341	1.355	1.367	1.321	1.174	1.325	1.365	1.395	1.284	1.344	1.363	1.353	1.381	1.319	1.339	1.371	1.134	1.366	1.262	1.224	1.401	1.415	1.176	1.216	1.210	1.192	1.212	1.216	1.217	1.265	1.294	1.249	1.247	1.401	1.565	1.543	1.277	1.260	1.274	1.295	1.203	1.170	1.184
21:55:12	37.0	1.290	1.236	1.236	1.188	1.184	1.203	1.246	1.237	1.219	1.217	1.221	1.200	1.261	1.237	1.172	1.140	1.175	1.178	1.161	1.206	1.182	1.192	1.208	1.220	1.359	1.326	1.372	1.330	1.362	1.352	1.357	1.344	1.362	1.370	1.321	1.176	1.327	1.366	1.393	1.286	1.344	1.365	1.354	1.385	1.319	1.342	1.375	1.129	1.369	1.265	1.227	1.401	1.415	1.178	1.218	1.212	1.194	1.214	1.217	1.214	1.270	1.297	1.250	1.250	1.403	1.567	1.545	1.276	1.262	1.277	1.298	1.203	1.173	1.188
21:59:12	37.0	1.291	1.237	1.238	1.189	1.186	1.205	1.248	1.238	1.219	1.219	1.223	1.200	1.262	1.238	1.173	1.142	1.179	1.179	1.162	1.208	1.183	1.194	1.210	1.221	1.362	1.328	1.375	1.333	1.365	1.352	1.358	1.347	1.351	1.372	1.322	1.179	1.327	1.367	1.395	1.289	1.346	1.365	1.355	1.387	1.320	1.342	1.375	1.137	1.369	1.268	1.228	1.402	1.416	1.178	1.218	1.214	1.195	1.215	1.219	1.217	1.277	1.296	1.252	1.249	1.403	1.567	1.548	1.280	1.264	1.278	1.303	1.205	1.176	1.190
22:03:12	37.0	1.292	1.237	1.239	1.190	1.187	1.206	1.248	1.239	1.221	1.219	1.224	1.200	1.263	1.239	1.174	1.143	1.179	1.179	1.162	1.208	1.184	1.195	1.211	1.222	1.362	1.330	1.377	1.334	1.366	1.354	1.361	1.348	1.374	1.373	1.322	1.178	1.328	1.367	1.396	1.290	1.346	1.368	1.356	1.389	1.320	1.344	1.376	1.132	1.368	1.268	1.230	1.401	1.415	1.176	1.218	1.213	1.195	1.216	1.219	1.218	1.284	1.298	1.254	1.250	1.405	1.568	1.549	1.280	1.267	1.280	1.309	1.207	1.176	1.193
22:07:12	37.0	1.293	1.239	1.240	1.193	1.190	1.207	1.250	1.240	1.222	1.222	1.226	1.203	1.264	1.240	1.175	1.144	1.183	1.181	1.163	1.209	1.186	1.196	1.213	1.225	1.372	1.332	1.378	1.336	1.368	1.357	1.362	1.350	1.371	1.375	1.323	1.183	1.331	1.371	1.397	1.292	1.349	1.370	1.359	1.392	1.321	1.348	1.379	1.136	1.372	1.270	1.233	1.403	1.416	1.178	1.222	1.218	1.199	1.218	1.222	1.222	1.291	1.301	1.256	1.253	1.406	1.571	1.551	1.280	1.270	1.282	1.316	1.210	1.180	1.196
22:11:12	37.0	1.294	1.240	1.242	1.194	1.192	1.208	1.251	1.242	1.223	1.223	1.227	1.204	1.265	1.241	1.176	1.146	1.183	1.182	1.165	1.210	1.187	1.197	1.214	1.225	1.365	1.334	1.380	1.338	1.369	1.357	1.362	1.353	1.365	1.378	1.323	1.183	1.331	1.371	1.397	1.295	1.350	1.372	1.360	1.391	1.321	1.349	1.380	1.136	1.372	1.271	1.234	1.402	1.416	1.178	1.222	1.219	1.199	1.219	1.223	1.224	1.294	1.304	1.258	1.256	1.408	1.574	1.552	1.283	1.274	1.284	1.319	1.210	1.183	1.196
22:15:12	37.0	1.295	1.241	1.244	1.197	1.193	1.210	1.252	1.243	1.225	1.224	1.229	1.207	1.267	1.242	1.178	1.148	1.185	1.183	1.166	1.212	1.188	1.199	1.215	1.227	1.366	1.336	1.379	1.339	1.372	1.359	1.363	1.355	1.362	1.379	1.325	1.185	1.333	1.374	1.397	1.296	1.352	1.374	1.363	1.393	1.322	1.352	1.382	1.138	1.374	1.274	1.235	1.402	1.416	1.181	1.224	1.221	1.202	1.221	1.225	1.224	1.296	1.307	1.260	1.258	1.409	1.576	1.555	1.286	1.277	1.285	1.320	1.212	1.185	1.199
22:19:12	37.1	1.295	1.241	1.245	1.197	1.194	1.211	1.254	1.244	1.226	1.225	1.230	1.206	1.268	1.243	1.180	1.149	1.186	1.183	1.167	1.213	1.190	1.200	1.216	1.227	1.367	1.337	1.381	1.340	1.372	1.357	1.364	1.357	1.356	1.379	1.324	1.185	1.333	1.376	1.396	1.298	1.352	1.373	1.363	1.395	1.322	1.352	1.383	1.139	1.374	1.274	1.235	1.401	1.415	1.181	1.224	1.221	1.203	1.222	1.225	1.225	1.297	1.309	1.259	1.260	1.411	1.576	1.557	1.288	1.276	1.286	1.320	1.213	1.187	1.202
22:23:12	37.0	1.296	1.243	1.248	1.200	1.196	1.213	1.255	1.245	1.226	1.226	1.231	1.209	1.268	1.244	1.181	1.151	1.188	1.184	1.167	1.214	1.191	1.201	1.218	1.228	1.364	1.339	1.379	1.343	1.375	1.357	1.369	1.359	1.352	1.382	1.325	1.187	1.334	1.376	1.396	1.300	1.352	1.377	1.365	1.395	1.323	1.354	1.383	1.138	1.375	1.276	1.237	1.402	1.416	1.181	1.225	1.223	1.204	1.223	1.227	1.228	1.300	1.313	1.260	1.264	1.413	1.578	1.560	1.291	1.278	1.289	1.322	1.216	1.188	1.203
22:27:12	37.0	1.298	1.245	1.251	1.203	1.198	1.214	1.257	1.247	1.229	1.228	1.233	1.214	1.271	1.246	1.183	1.153	1.189	1.186	1.170	1.216	1.193	1.204	1.219	1.233	1.362	1.342	1.381	1.347	1.380	1.359	1.370	1.363	1.348	1.385	1.326	1.193	1.337	1.379	1.397	1.303	1.354	1.377	1.368	1.397	1.324	1.357	1.390	1.144	1.377	1.280	1.241	1.404	1.417	1.185	1.230	1.228	1.208	1.226	1.231	1.230	1.310	1.313	1.264	1.268	1.415	1.582	1.562	1.294	1.281	1.291	1.323	1.218	1.194	1.207
22:31:12	37.0	1.300	1.246	1.253	1.205	1.199	1.216	1.258	1.248	1.230	1.229	1.233	1.213	1.272	1.247	1.183	1.155	1.192	1.188	1.171	1.218	1.194	1.204	1.220	1.234	1.364	1.343	1.381	1.352	1.381	1.361	1.372	1.366	1.348	1.387	1.328	1.194	1.338	1.380	1.398	1.305	1.354	1.380	1.369	1.397	1.326	1.357	1.390	1.146	1.378	1.280	1.241	1.403	1.417	1.185	1.231	1.229	1.210	1.227	1.232	1.232	1.312	1.313	1.268	1.270	1.416	1.585	1.566	1.298	1.283	1.294	1.324	1.222	1.196	1.208
22:35:12	37.0	1.301	1.246	1.254	1.208	1.200	1.217	1.260	1.250	1.232	1.231	1.234	1.217	1.273	1.248	1.185	1.156	1.192	1.189	1.172	1.218	1.196	1.206	1.222	1.236	1.368	1.345	1.382	1.356	1.383	1.361	1.374	1.367	1.348	1.389	1.329	1.194	1.339	1.384	1.398	1.306	1.356	1.381	1.370	1.399	1.327	1.358	1.391	1.147	1.379	1.283	1.242	1.403	1.417	1.187	1.232	1.230	1.210	1.230	1.233	1.233	1.314	1.316	1.272	1.272	1.417	1.586	1.567	1.301	1.284	1.296	1.324	1.222	1.198	1.210
22:39:12	37.0	1.301	1.246	1.255	1.209	1.201	1.217	1.261	1.250	1.232	1.231	1.235	1.216	1.274	1.249	1.185	1.157	1.193	1.190	1.173	1.219	1.196	1.207	1.223	1.234	1.371	1.347	1.382	1.356	1.385	1.360	1.373	1.370	1.349	1.391	1.329	1.196	1.341	1.384	1.398	1.309	1.357	1.381	1.371	1.399	1.327	1.359	1.393	1.150	1.381	1.283	1.242	1.402	1.415	1.187	1.232	1.230	1.210	1.229	1.234	1.234	1.317	1.324	1.276	1.275	1.418	1.587	1.567	1.308	1.286	1.297	1.327	1.222	1.201	1.211
22:43:12	37.1	1.303	1.248	1.257	1.211	1.202	1.219	1.261	1.252	1.234	1.233	1.236	1.219	1.276	1.250	1.186	1.158	1.194	1.191	1.174	1.221	1.198	1.208	1.224	1.236	1.373	1.349	1.382	1.359	1.389	1.361	1.375	1.373	1.348	1.391	1.330	1.198	1.343	1.387	1.397	1.311	1.359	1.382	1.374	1.398	1.329	1.361	1.395	1.151	1.381	1.284	1.245	1.403	1.416	1.190	1.234	1.232	1.212	1.231	1.235	1.236	1.315	1.333	1.277	1.276	1.418	1.589	1.568	1.315	1.287	1.300	1.327	1.224	1.203	1.213
22:47:12	37.0	1.304	1.248	1.257	1.213	1.203	1.220	1.263	1.253	1.235	1.233	1.239	1.219	1.276	1.250	1.187	1.158	1.195	1.191	1.175	1.221	1.199	1.209	1.225	1.237	1.371	1.352	1.383	1.360	1.391	1.363	1.377	1.375	1.350	1.394	1.331	1.198	1.344	1.387	1.398	1.313	1.361	1.385	1.376	1.399	1.329	1.363	1.395	1.151	1.383	1.286	1.248	1.402	1.416	1.191	1.236	1.233	1.215	1.232	1.236	1.235	1.315	1.341	1.275	1.275	1.420	1.591	1.568	1.321	1.287	1.301	1.330	1.224	1.205	1.215
22:51:12	37.1	1.304	1.249	1.260	1.214	1.204	1.220	1.264	1.254	1.236	1.235	1.240	1.220	1.278	1.251	1.188	1.159	1.196	1.191	1.175	1.222	1.200	1.210	1.225	1.239	1.371	1.354	1.384	1.363	1.393	1.361	1.375	1.378	1.350	1.396	1.334	1.200	1.345	1.389	1.400	1.313	1.361	1.387	1.377	1.401	1.330	1.364	1.397	1.151	1.382	1.287	1.248	1.402	1.415	1.194	1.236	1.235	1.216	1.234	1.238	1.237	1.309	1.347	1.277	1.279	1.420	1.593	1.568	1.326	1.288	1.302	1.330	1.226	1.208	1.217
22:55:12	37.0	1.305	1.250	1.261	1.216	1.205	1.222	1.265	1.255	1.237	1.237	1.242	1.224	1.279	1.253	1.188	1.161	1.197	1.193	1.176	1.223	1.202	1.212	1.228	1.242	1.370	1.358	1.385	1.365	1.395	1.363	1.378	1.380	1.352	1.399	1.342	1.203	1.346	1.391	1.402	1.315	1.363	1.387	1.379	1.400	1.333	1.367	1.400	1.156	1.385	1.290	1.250	1.402	1.415	1.197	1.240	1.237	1.218	1.236	1.241	1.240	1.304	1.349	1.278	1.280	1.421	1.595	1.569	1.326	1.292	1.302	1.332	1.230	1.209	1.220
22:59:12	37.0	1.307	1.252	1.262	1.218	1.207	1.224	1.267	1.256	1.238	1.238	1.244	1.226	1.281	1.254	1.189	1.162	1.199	1.193	1.178	1.225	1.204	1.213	1.228	1.244	1.372	1.361	1.387	1.366	1.397	1.364	1.379	1.384	1.353	1.401	1.344	1.206	1.347	1.390	1.399	1.316	1.366	1.389	1.382	1.401	1.335	1.367	1.400	1.157	1.385	1.292	1.253	1.403	1.416	1.201	1.242	1.239	1.219	1.238	1.242	1.240	1.300	1.350	1.279	1.285	1.420	1.599	1.573	1.324	1.291	1.305	1.335	1.231	1.210	1.222
23:03:12	37.0	1.307	1.253	1.263	1.219	1.208	1.224	1.267	1.258	1.240	1.239	1.245	1.224	1.282	1.254	1.191	1.163	1.199	1.194	1.180	1.226	1.205	1.215	1.230	1.242	1.375	1.362	1.386	1.369	1.400	1.364	1.379	1.385	1.354	1.402	1.343	1.205	1.349	1.393	1.401	1.317	1.368	1.389	1.383	1.402	1.335	1.368	1.403	1.158	1.386	1.292	1.252	1.401	1.415	1.202	1.242	1.239	1.220	1.238	1.244	1.242	1.304	1.347	1.282	1.289	1.416	1.599	1.574	1.329	1.294	1.304	1.337	1.233	1.213	1.226
23:07:12	37.0	1.308	1.254	1.265	1.221	1.209	1.226	1.269	1.259	1.241	1.240	1.247	1.228	1.284	1.257	1.192	1.165	1.201	1.195	1.181	1.228	1.207	1.216	1.230	1.245	1.380	1.365	1.387	1.373	1.401	1.365	1.380	1.386	1.356	1.405	1.341	1.206	1.351	1.394	1.403	1.319	1.369	1.389	1.385	1.403	1.337	1.371	1.402	1.158	1.388	1.296	1.255	1.402	1.416	1.205	1.244	1.242	1.222	1.241	1.247	1.243	1.315	1.348	1.285	1.294	1.418	1.601	1.575	1.333	1.297	1.304	1.341	1.233	1.216	1.227
23:11:12	37.0	1.310	1.255	1.266	1.221	1.210	1.227	1.270	1.260	1.242	1.242	1.249	1.231	1.284	1.257	1.192	1.165	1.201	1.196	1.182	1.228	1.208	1.217	1.233	1.247	1.382	1.367	1.388	1.375	1.402	1.367	1.380	1.389	1.358	1.406	1.341	1.209	1.351	1.394	1.403	1.321	1.372	1.390	1.388	1.405	1.338	1.377	1.406	1.161	1.388	1.297	1.257	1.401	1.416	1.206	1.246	1.243	1.223	1.242	1.248	1.247	1.322	1.348	1.290	1.295	1.420	1.602	1.574	1.335	1.298	1.302	1.341	1.235	1.217	1.230
23:15:12	37.0	1.311	1.257	1.267	1.223	1.212	1.229	1.271	1.262	1.245	1.243	1.250	1.233	1.286	1.259	1.194	1.167	1.203	1.198	1.184	1.230	1.210	1.218	1.233	1.250	1.383	1.368	1.389	1.378	1.405	1.367	1.381	1.391	1.361	1.408	1.340	1.211	1.353	1.395	1.404	1.323	1.374	1.391	1.390	1.407	1.341	1.376	1.407	1.164	1.386	1.299	1.259	1.402	1.416	1.210	1.249	1.245	1.226	1.244	1.252	1.252	1.323	1.350	1.297	1.300	1.422	1.604	1.577	1.340	1.300	1.306	1.346	1.239	1.218	1.232
23:19:12	37.0	1.312	1.258	1.268	1.225	1.213	1.230	1.274	1.264	1.247	1.245	1.252	1.236	1.287	1.260	1.195	1.169	1.206	1.199	1.185	1.232	1.211	1.220	1.236	1.251	1.385	1.371	1.390	1.383	1.408	1.368	1.383	1.393	1.363	1.409	1.340	1.214	1.355	1.394	1.406	1.325	1.379	1.393	1.391	1.407	1.343	1.379	1.409	1.169	1.387	1.301	1.261	1.403	1.417	1.213	1.250	1.247	1.229	1.246	1.252	1.251	1.317	1.355	1.305	1.300	1.420	1.605	1.578	1.343	1.301	1.310	1.347	1.240	1.218	1.235
23:23:12	37.1	1.313	1.259	1.270	1.226	1.214	1.231	1.275	1.265	1.248	1.246	1.253	1.236	1.286	1.261	1.196	1.169	1.206	1.200	1.186	1.234	1.212	1.222	1.238	1.253	1.386	1.373	1.392	1.384	1.409	1.370	1.384	1.396	1.365	1.410	1.340	1.216	1.355	1.396	1.408	1.325	1.379	1.393	1.392	1.409	1.344	1.382	1.413	1.171	1.388	1.302	1.261	1.402	1.416	1.214	1.251	1.250	1.230	1.248	1.254	1.253	1.310	1.357	1.308	1.301	1.421	1.606	1.579	1.342	1.304	1.318	1.349	1.242	1.220	1.234
23:27:12	37.0	1.315	1.261	1.271	1.227	1.216	1.233	1.277	1.267	1.250	1.247	1.255	1.238	1.289	1.262	1.197	1.170	1.208	1.201	1.187	1.235	1.214	1.223	1.238	1.253	1.387	1.374	1.393	1.387	1.408	1.369	1.385	1.400	1.369	1.413	1.340	1.217	1.357	1.396	1.407	1.326	1.380	1.394	1.394	1.410	1.347	1.383	1.412	1.172	1.389	1.303	1.262	1.401	1.416	1.216	1.252	1.249	1.230	1.247	1.255	1.252	1.313	1.359	1.307	1.302	1.423	1.607	1.582	1.342	1.308	1.322	1.351	1.242	1.222	1.235
23:31:12	37.0	1.315	1.262	1.271	1.228	1.216	1.232	1.276	1.267	1.250	1.248	1.257	1.237	1.289	1.262	1.197	1.170	1.207	1.202	1.187	1.234	1.215	1.224	1.238	1.253	1.387	1.374	1.392	1.390	1.409	1.369	1.385	1.399	1.370	1.415	1.339	1.214	1.357	1.397	1.410	1.328	1.383	1.395	1.397	1.410	1.348	1.385	1.414	1.169	1.389	1.304	1.263	1.400	1.415	1.217	1.253	1.251	1.231	1.248	1.256	1.256	1.311	1.361	1.311	1.305	1.427	1.608	1.582	1.335	1.315	1.329	1.352	1.244	1.223	1.236
23:35:12	37.0	1.317	1.264	1.274	1.230	1.218	1.235	1.279	1.270	1.253	1.250	1.258	1.241	1.291	1.265	1.198	1.172	1.209	1.203	1.190	1.237	1.217	1.226	1.240	1.255	1.390	1.377	1.395	1.393	1.413	1.371	1.388	1.403	1.371	1.418	1.339	1.219	1.360	1.400	1.407	1.330	1.385	1.395	1.398	1.411	1.350	1.385	1.416	1.175	1.392	1.308	1.267	1.401	1.417	1.221	1.257	1.254	1.235	1.251	1.258	1.256	1.304	1.361	1.315	1.306	1.429	1.610	1.585	1.332	1.319	1.335	1.355	1.246	1.225	1.237
23:39:12	37.0	1.317	1.264	1.275	1.230	1.219	1.236	1.281	1.271	1.255	1.251	1.260	1.243	1.293	1.265	1.199	1.173	1.210	1.204	1.192	1.239	1.219	1.228	1.243	1.257	1.391	1.377	1.398	1.392	1.414	1.371	1.388	1.403	1.374	1.418	1.339	1.220	1.361	1.401	1.407	1.334	1.386	1.398	1.401	1.414	1.353	1.390	1.415	1.175	1.392	1.310	1.268	1.401	1.417	1.223	1.259	1.256	1.237	1.254	1.261	1.258	1.305	1.361	1.317	1.308	1.430	1.612	1.587	1.328	1.323	1.339	1.356	1.249	1.226	1.236
23:43:12	37.0	1.319	1.266	1.276	1.231	1.220	1.237	1.282	1.272	1.255	1.252	1.262	1.246	1.293	1.266	1.200	1.174	1.211	1.205	1.192	1.240	1.220	1.229	1.243	1.258	1.392	1.378	1.399	1.393	1.415	1.371	1.389	1.404	1.375	1.418	1.339	1.221	1.362	1.399	1.409	1.335	1.387	1.399	1.404	1.414	1.355	1.391	1.417	1.174	1.392	1.311	1.269	1.400	1.416	1.225	1.260	1.257	1.237	1.255	1.261	1.259	1.306	1.362	1.319	1.308	1.429	1.612	1.588	1.332	1.328	1.344	1.357	1.250	1.228	1.237
23:47:12	37.0	1.320	1.267	1.278	1.232	1.222	1.238	1.282	1.273	1.257	1.253	1.263	1.246	1.295	1.267	1.200	1.175	1.212	1.206	1.194	1.242	1.221	1.229	1.244	1.258	1.393	1.380	1.401	1.394	1.415	1.371	1.390	1.407	1.376	1.421	1.340	1.224	1.364	1.403	1.408	1.336	1.389	1.400	1.404	1.414	1.358	1.392	1.418	1.174	1.393	1.312	1.271	1.400	1.417	1.227	1.261	1.258	1.240	1.256	1.262	1.260	1.306	1.365	1.319	1.309	1.427	1.613	1.591	1.328	1.332	1.344	1.357	1.250	1.227	1.239
23:51:12	37.0	1.320	1.268	1.279	1.232	1.223	1.239	1.284	1.275	1.258	1.255	1.264	1.247	1.296	1.268	1.201	1.176	1.213	1.207	1.195	1.243	1.222	1.231	1.245	1.260	1.394	1.379	1.402	1.395	1.415	1.373	1.391	1.408	1.377	1.423	1.339	1.225	1.365	1.400	1.408	1.340	1.389	1.401	1.406	1.417	1.359	1.394	1.419	1.175	1.394	1.315	1.274	1.400	1.417	1.229	1.262	1.260	1.242	1.257	1.263	1.264	1.314	1.369	1.320	1.311	1.429	1.615	1.593	1.336	1.333	1.340	1.359	1.252	1.228	1.240
23:55:12	37.0	1.322	1.269	1.280	1.234	1.224	1.240	1.285	1.275	1.259	1.257	1.266	1.250	1.297	1.268	1.201	1.176	1.214	1.208	1.196	1.243	1.224	1.232	1.246	1.260	1.395	1.380	1.404	1.395	1.417	1.374	1.394	1.410	1.380	1.424	1.341	1.226	1.366	1.401	1.411	1.342	1.391	1.401	1.410	1.418	1.362	1.396	1.421	1.175	1.393	1.316	1.275	1.400	1.417	1.230	1.264	1.261	1.244	1.259	1.265	1.266	1.322	1.373	1.324	1.313	1.432	1.617	1.595	1.338	1.337	1.340	1.363	1.254	1.230	1.242
23:59:12	37.0	1.323	1.271	1.282	1.235	1.226	1.242	1.287	1.277	1.262	1.258	1.267	1.252	1.298	1.270	1.202	1.178	1.216	1.209	1.198	1.244	1.225	1.233	1.248	1.263	1.396	1.380	1.406	1.396	1.418	1.375	1.396	1.412	1.382	1.424	1.341	1.228	1.367	1.403	1.404	1.343	1.392	1.402	1.411	1.418	1.364	1.399	1.422	1.176	1.395	1.317	1.276	1.399	1.416	1.232	1.264	1.263	1.245	1.260	1.265	1.266	1.322	1.375	1.330	1.310	1.432	1.617	1.597	1.340	1.339	1.342	1.365	1.255	1.228	1.242
24:03:12	37.0	1.325	1.272	1.283	1.236	1.228	1.244	1.289	1.279	1.264	1.260	1.269	1.253	1.299	1.271	1.203	1.179	1.217	1.211	1.200	1.247	1.227	1.235	1.251	1.264	1.398	1.381	1.407	1.397	1.420	1.375	1.396	1.411	1.384	1.426	1.343	1.230	1.369	1.404	1.408	1.348	1.393	1.403	1.413	1.419	1.366	1.402	1.423	1.175	1.396	1.320	1.279	1.400	1.418	1.234	1.267	1.266	1.248	1.263	1.267	1.268	1.329	1.376	1.331	1.307	1.435	1.618	1.599	1.349	1.337	1.345	1.367	1.257	1.230	1.244

Results
	1	2	3	4	5	6	7	8	9	10	11	12
A													Max V [mcherry:580,610]
													R-Squared [mcherry:580,610]
													t at Max V [mcherry:580,610]
													Lagtime [mcherry:580,610]
													Max V [BFP and GFP:370,445]
													R-Squared [BFP and GFP:370,445]
													t at Max V [BFP and GFP:370,445]
													Lagtime [BFP and GFP:370,445]
													Max V [BFP and GFP:485,510]
													R-Squared [BFP and GFP:485,510]
													t at Max V [BFP and GFP:485,510]
													Lagtime [BFP and GFP:485,510]
													Max V [od600:600]
													R-Squared [od600:600]
													t at Max V [od600:600]
													Lagtime [od600:600]
B	3550.000	2225.000	2450.000	1650.000	1850.000	1375.000	1050.000	950.000	875.000	1100.000	1150.000	900.000	Max V [mcherry:580,610]
	0.731	0.974	0.855	0.917	0.777	0.866	0.526	0.685	0.920	0.777	0.965	0.786	R-Squared [mcherry:580,610]
	21:28:57	23:00:57	22:28:57	10:40:57	21:40:57	23:32:57	23:48:57	18:24:57	22:16:57	22:24:57	22:00:57	19:52:57	t at Max V [mcherry:580,610]
	16:08:27	16:52:08	17:59:29	8:21:48	19:02:08	20:41:45	20:29:31	16:09:22	19:40:50	20:28:02	20:07:34	17:29:24	Lagtime [mcherry:580,610]
	-90500.000	-98250.000	-101100.000	-107725.000	-118750.000	-110575.000	-120825.000	-114350.000	-99350.000	-105925.000	-104700.000	-125175.000	Max V [BFP and GFP:370,445]
	0.890	0.984	0.955	0.958	0.934	0.960	0.989	0.957	0.951	0.955	0.949	0.930	R-Squared [BFP and GFP:370,445]
	0:09:40	0:09:40	0:09:40	0:09:40	0:09:40	0:09:40	0:09:40	0:09:40	0:09:40	0:09:40	0:09:40	0:09:40	t at Max V [BFP and GFP:370,445]
	?????	?????	?????	?????	?????	?????	?????	?????	?????	?????	?????	?????	Lagtime [BFP and GFP:370,445]
	10050.000	14175.000	13850.000	14775.000	16925.000	15125.000	16375.000	20125.000	13800.000	16875.000	13800.000	11650.000	Max V [BFP and GFP:485,510]
	0.714	0.933	0.924	0.885	0.982	0.928	0.919	0.903	0.940	0.940	0.932	0.748	R-Squared [BFP and GFP:485,510]
	0:10:26	0:10:26	0:10:26	0:10:26	0:10:26	0:10:26	0:10:26	0:10:26	0:10:26	0:10:26	0:10:26	0:10:26	t at Max V [BFP and GFP:485,510]
	?????	?????	?????	?????	?????	?????	?????	?????	?????	?????	?????	?????	Lagtime [BFP and GFP:485,510]
	3.452	2.885	3.150	3.485	3.175	3.185	3.392	3.202	3.435	3.148	3.350	3.442	Max V [od600:600]
	0.996	0.998	0.999	0.998	0.997	0.999	0.998	0.874	0.994	0.998	0.994	0.982	R-Squared [od600:600]
	1:47:12	1:35:12	1:35:12	1:31:12	1:35:12	1:35:12	1:35:12	3:39:12	1:35:12	1:35:12	1:35:12	1:43:12	t at Max V [od600:600]
	1:05:10	0:56:41	1:01:36	1:00:20	1:03:14	1:00:57	1:02:51	2:13:01	1:02:33	1:00:40	1:00:35	1:00:21	Lagtime [od600:600]
C	4025.000	2500.000	2200.000	1700.000	1275.000	900.000	1025.000	875.000	975.000	725.000	925.000	-825.000	Max V [mcherry:580,610]
	0.984	0.959	0.820	0.858	0.963	0.750	0.816	0.771	0.821	0.733	0.998	0.661	R-Squared [mcherry:580,610]
	13:12:57	11:32:57	23:52:57	12:24:57	10:16:57	17:20:57	18:52:57	15:24:57	20:00:57	15:48:57	17:32:57	21:56:57	t at Max V [mcherry:580,610]
	10:22:37	8:53:26	19:18:24	10:00:08	8:38:55	14:36:17	16:56:51	13:37:18	18:24:57	14:00:16	15:57:10	?????	Lagtime [mcherry:580,610]
	-85775.000	-87575.000	-104850.000	-104275.000	-102575.000	-120850.000	-121275.000	-113625.000	-114025.000	-116025.000	-115825.000	-119775.000	Max V [BFP and GFP:370,445]
	0.847	0.936	0.940	0.975	0.975	0.984	0.991	0.952	0.995	0.951	0.984	0.955	R-Squared [BFP and GFP:370,445]
	0:09:40	0:09:40	0:09:40	0:09:40	0:09:40	0:09:40	0:09:40	0:09:40	0:09:40	0:09:40	0:09:40	0:09:40	t at Max V [BFP and GFP:370,445]
	?????	?????	?????	?????	?????	?????	?????	?????	?????	?????	?????	?????	Lagtime [BFP and GFP:370,445]
	11250.000	14525.000	12550.000	10800.000	-24725.000	12325.000	14050.000	14625.000	13675.000	11675.000	14600.000	11500.000	Max V [BFP and GFP:485,510]
	0.896	0.977	0.912	0.908	0.907	0.949	0.879	0.936	0.930	0.882	0.943	0.826	R-Squared [BFP and GFP:485,510]
	0:10:26	0:10:26	0:10:26	0:10:26	0:50:26	0:10:26	0:10:26	0:10:26	0:10:26	0:10:26	0:10:26	0:10:26	t at Max V [BFP and GFP:485,510]
	?????	?????	?????	?????	0:56:32	?????	?????	?????	?????	?????	?????	?????	Lagtime [BFP and GFP:485,510]
	3.045	2.800	2.983	2.955	3.042	3.287	3.310	3.357	3.242	3.125	3.243	2.863	Max V [od600:600]
	0.998	0.997	0.996	0.999	0.998	0.996	0.997	0.997	0.998	0.875	0.997	0.973	R-Squared [od600:600]
	1:47:12	1:39:12	1:39:12	1:35:12	1:35:12	1:35:12	1:35:12	1:35:12	1:35:12	3:43:12	1:35:12	2:39:12	t at Max V [od600:600]
	1:04:52	1:00:00	1:02:19	0:58:14	0:57:33	1:00:16	0:59:38	1:00:34	0:57:14	2:17:23	0:56:45	1:34:33	Lagtime [od600:600]
D	5700.000	5475.000	5950.000	4850.000	4475.000	5600.000	4625.000	6000.000	4250.000	4475.000	4475.000	875.000	Max V [mcherry:580,610]
	0.934	0.996	0.953	0.936	0.891	0.990	0.970	0.974	0.950	0.835	0.841	0.476	R-Squared [mcherry:580,610]
	23:08:57	22:56:57	23:52:57	23:12:57	23:20:57	20:24:57	21:28:57	23:00:57	23:52:57	21:48:57	22:44:57	22:12:57	t at Max V [mcherry:580,610]
	18:13:41	17:45:39	18:58:10	17:27:45	16:57:02	16:45:23	16:22:08	18:24:37	17:34:25	16:27:31	17:20:29	19:31:21	Lagtime [mcherry:580,610]
	-91975.000	-92375.000	-92125.000	-101350.000	-100000.000	-106100.000	-116525.000	-100150.000	-113400.000	-103000.000	-96775.000	-115325.000	Max V [BFP and GFP:370,445]
	0.946	0.933	0.940	0.962	0.965	0.972	0.985	0.977	0.921	0.974	0.985	0.988	R-Squared [BFP and GFP:370,445]
	0:09:40	0:09:40	0:09:40	0:09:40	0:09:40	0:09:40	0:09:40	0:09:40	0:09:40	0:09:40	0:09:40	0:09:40	t at Max V [BFP and GFP:370,445]
	?????	?????	?????	?????	?????	?????	?????	?????	?????	?????	?????	?????	Lagtime [BFP and GFP:370,445]
	13425.000	14425.000	12150.000	14100.000	-9125.000	9450.000	8850.000	10850.000	11000.000	11450.000	9300.000	15550.000	Max V [BFP and GFP:485,510]
	0.969	0.797	0.773	0.892	0.923	0.927	0.996	0.819	0.907	0.806	0.858	0.937	R-Squared [BFP and GFP:485,510]
	0:10:26	0:10:26	0:10:26	0:10:26	1:30:26	0:10:26	0:10:26	0:10:26	0:10:26	0:10:26	0:10:26	0:10:26	t at Max V [BFP and GFP:485,510]
	?????	?????	?????	?????	1:38:38	?????	0:02:33	?????	?????	?????	?????	?????	Lagtime [BFP and GFP:485,510]
	3.110	3.057	3.270	3.370	3.638	3.640	3.532	3.762	3.618	3.577	3.485	3.148	Max V [od600:600]
	0.998	0.998	0.999	0.999	1.000	1.000	0.999	0.999	0.998	0.999	0.999	0.993	R-Squared [od600:600]
	1:51:12	2:07:12	2:07:12	2:07:12	2:07:12	2:07:12	2:07:12	2:07:12	2:07:12	2:07:12	2:07:12	1:47:12	t at Max V [od600:600]
	1:03:01	1:06:47	1:11:41	1:10:57	1:14:51	1:14:37	1:14:17	1:14:49	1:14:24	1:14:51	1:13:41	1:05:57	Lagtime [od600:600]
E	4200.000	4700.000	4675.000	5125.000	4200.000	4625.000	4825.000	4175.000	4275.000	4300.000	4625.000	725.000	Max V [mcherry:580,610]
	0.984	0.952	0.820	0.923	0.873	0.796	0.973	0.783	0.909	0.955	0.949	0.713	R-Squared [mcherry:580,610]
	16:32:57	15:40:57	19:28:57	17:32:57	21:16:57	16:52:57	20:20:57	21:28:57	23:40:57	20:40:57	20:08:57	14:40:57	t at Max V [mcherry:580,610]
	12:17:26	12:32:19	14:46:26	14:33:03	16:02:06	13:49:28	16:06:51	16:00:25	17:42:55	16:03:14	15:40:30	12:34:03	Lagtime [mcherry:580,610]
	-98075.000	-81300.000	-94950.000	-99325.000	-99250.000	-105850.000	-102400.000	-99050.000	-111300.000	-108650.000	-116375.000	-109050.000	Max V [BFP and GFP:370,445]
	0.966	0.961	0.937	0.996	0.959	0.998	0.973	0.931	0.985	0.981	0.968	0.909	R-Squared [BFP and GFP:370,445]
	0:09:40	0:09:40	0:09:40	0:09:40	0:09:40	0:09:40	0:09:40	0:09:40	0:09:40	0:09:40	0:09:40	0:09:40	t at Max V [BFP and GFP:370,445]
	?????	?????	?????	?????	?????	?????	?????	?????	?????	?????	?????	?????	Lagtime [BFP and GFP:370,445]
	14450.000	11375.000	10725.000	8325.000	12625.000	12600.000	10925.000	-8125.000	13425.000	15725.000	15525.000	11100.000	Max V [BFP and GFP:485,510]
	0.890	0.984	0.954	0.904	0.912	0.937	0.954	0.925	0.914	0.949	0.909	0.890	R-Squared [BFP and GFP:485,510]
	0:10:26	0:10:26	0:10:26	0:18:26	0:18:26	0:26:26	0:10:26	1:34:26	0:10:26	0:10:26	0:10:26	0:10:26	t at Max V [BFP and GFP:485,510]
	?????	?????	?????	0:04:53	0:10:07	0:15:22	0:03:31	1:37:51	?????	?????	?????	?????	Lagtime [BFP and GFP:485,510]
	3.030	3.043	3.237	3.570	3.838	3.515	3.840	3.777	3.560	3.955	3.745	3.525	Max V [od600:600]
	0.999	0.999	1.000	0.997	0.997	0.999	0.999	0.999	1.000	0.998	0.999	0.998	R-Squared [od600:600]
	7:15:12	1:59:12	1:59:12	2:07:12	2:07:12	2:07:12	2:07:12	2:07:12	2:07:12	2:07:12	2:07:12	1:47:12	t at Max V [od600:600]
	4:00:25	1:07:09	1:09:16	1:15:11	1:17:48	1:12:55	1:19:06	1:16:28	1:09:37	1:17:52	1:12:12	1:13:18	Lagtime [od600:600]
F	1450.000	1000.000	875.000	1750.000	1875.000	700.000	750.000	850.000	700.000	-625.000	500.000	750.000	Max V [mcherry:580,610]
	0.870	0.909	0.779	0.989	0.903	0.669	0.843	0.986	0.891	0.517	0.893	0.542	R-Squared [mcherry:580,610]
	23:52:57	9:36:57	23:48:57	19:16:57	22:28:57	15:44:57	12:52:57	20:44:57	5:20:57	7:08:57	18:04:57	22:12:57	t at Max V [mcherry:580,610]
	19:35:51	8:27:57	21:05:59	16:14:54	18:35:02	14:44:23	12:19:21	20:06:50	5:16:40	7:20:28	17:06:33	19:06:17	Lagtime [mcherry:580,610]
	-75900.000	-95775.000	-106900.000	-106425.000	-108900.000	-104025.000	-94600.000	-126950.000	-98525.000	-105175.000	-117025.000	-109375.000	Max V [BFP and GFP:370,445]
	0.888	0.925	0.974	0.981	0.981	0.971	0.961	0.944	0.939	0.944	0.978	0.925	R-Squared [BFP and GFP:370,445]
	0:09:40	0:09:40	0:09:40	0:09:40	0:09:40	0:09:40	0:09:40	0:09:40	0:09:40	0:09:40	0:09:40	0:09:40	t at Max V [BFP and GFP:370,445]
	?????	?????	?????	?????	?????	?????	?????	?????	?????	?????	?????	?????	Lagtime [BFP and GFP:370,445]
	14350.000	16250.000	13725.000	-3950.000	-5450.000	10000.000	16875.000	9050.000	9450.000	-10075.000	-14625.000	13300.000	Max V [BFP and GFP:485,510]
	0.943	0.878	0.885	0.922	0.884	0.779	0.821	0.987	0.976	0.937	0.939	0.879	R-Squared [BFP and GFP:485,510]
	0:10:26	0:10:26	0:10:26	0:14:26	1:46:26	0:22:26	0:10:26	0:10:26	0:18:26	1:34:26	2:06:26	0:10:26	t at Max V [BFP and GFP:485,510]
	?????	?????	?????	0:18:56	1:16:51	0:09:02	?????	?????	?????	1:38:43	1:52:04	?????	Lagtime [BFP and GFP:485,510]
	3.640	3.368	3.390	3.462	3.805	3.622	3.662	3.510	3.483	3.717	3.770	2.737	Max V [od600:600]
	1.000	0.999	0.999	0.999	0.998	0.999	0.997	0.999	0.999	0.997	0.999	0.998	R-Squared [od600:600]
	1:51:12	1:43:12	1:43:12	1:47:12	1:43:12	1:43:12	1:43:12	1:43:12	1:43:12	1:47:12	1:59:12	1:47:12	t at Max V [od600:600]
	1:08:54	1:08:56	1:07:13	1:08:16	1:08:49	1:07:48	1:08:50	1:07:23	1:06:42	1:10:52	1:07:51	1:03:22	Lagtime [od600:600]
G	2300.000	1800.000	1575.000	1775.000	3350.000	3300.000	3550.000	2225.000	1700.000	2125.000	1550.000	700.000	Max V [mcherry:580,610]
	0.951	0.813	0.701	0.821	0.904	0.852	0.944	0.721	0.659	0.923	0.879	0.754	R-Squared [mcherry:580,610]
	21:44:57	18:24:57	18:36:57	22:32:57	14:36:57	22:52:57	15:36:57	22:40:57	23:04:57	23:36:57	19:36:57	16:20:57	t at Max V [mcherry:580,610]
	18:28:00	15:33:17	15:10:36	18:07:36	11:59:53	16:48:28	12:00:03	19:08:49	18:37:53	19:50:30	15:54:07	14:23:48	Lagtime [mcherry:580,610]
	-84100.000	-110000.000	-89300.000	-101100.000	-113425.000	-119825.000	-113300.000	-110050.000	-103575.000	-116200.000	-126725.000	-112075.000	Max V [BFP and GFP:370,445]
	0.886	0.947	0.898	0.983	0.950	0.942	0.943	0.948	0.936	0.972	0.983	0.945	R-Squared [BFP and GFP:370,445]
	0:09:40	0:09:40	0:09:40	0:09:40	0:09:40	0:09:40	0:09:40	0:09:40	0:09:40	0:09:40	0:09:40	0:09:40	t at Max V [BFP and GFP:370,445]
	?????	?????	?????	?????	?????	?????	?????	?????	?????	?????	?????	?????	Lagtime [BFP and GFP:370,445]
	16425.000	16025.000	13775.000	13075.000	-27450.000	-4200.000	-3925.000	13275.000	12750.000	9700.000	12000.000	14725.000	Max V [BFP and GFP:485,510]
	0.800	0.890	0.911	0.908	0.870	0.829	0.702	0.895	0.869	0.899	0.930	0.920	R-Squared [BFP and GFP:485,510]
	0:10:26	0:10:26	0:10:26	0:10:26	1:18:26	0:14:26	1:54:26	0:10:26	0:10:26	0:10:26	0:10:26	0:10:26	t at Max V [BFP and GFP:485,510]
	?????	?????	?????	?????	1:20:12	0:14:09	1:15:18	?????	?????	?????	?????	?????	Lagtime [BFP and GFP:485,510]
	3.630	3.380	3.510	3.458	4.012	3.875	4.083	4.140	3.900	4.052	4.077	2.370	Max V [od600:600]
	1.000	1.000	1.000	0.999	0.999	1.000	1.000	0.999	0.999	1.000	0.999	1.000	R-Squared [od600:600]
	1:47:12	1:59:12	1:59:12	1:59:12	2:11:12	2:07:12	2:11:12	2:03:12	2:07:12	2:03:12	1:59:12	1:47:12	t at Max V [od600:600]
	1:05:36	1:08:14	1:11:44	1:11:22	1:17:26	1:16:16	1:18:16	1:15:58	1:14:48	1:12:52	1:13:58	1:07:40	Lagtime [od600:600]
H											550.000	-475.000	Max V [mcherry:580,610]
											0.605	0.970	R-Squared [mcherry:580,610]
											18:36:57	8:00:57	t at Max V [mcherry:580,610]
											18:53:19	7:53:48	Lagtime [mcherry:580,610]
											-122375.000	-106550.000	Max V [BFP and GFP:370,445]
											0.920	0.932	R-Squared [BFP and GFP:370,445]
											0:09:40	0:09:40	t at Max V [BFP and GFP:370,445]
											?????	?????	Lagtime [BFP and GFP:370,445]
											-8625.000	11875.000	Max V [BFP and GFP:485,510]
											0.918	0.863	R-Squared [BFP and GFP:485,510]
											1:54:26	0:10:26	t at Max V [BFP and GFP:485,510]
											1:21:53	?????	Lagtime [BFP and GFP:485,510]
											5.593	3.540	Max V [od600:600]
											0.958	0.995	R-Squared [od600:600]
											13:03:12	1:47:12	t at Max V [od600:600]
											11:05:49	1:13:00	Lagtime [od600:600]

