

Software Version	3.10.06



Experiment File Path:	C:\Users\Public\Documents\Experiments\Kevin\KC_Experiment 5 6Bplate.xpt
Protocol File Path:	C:\Users\yeung\Downloads\KC - GFP  RFP BFP H1-3.prt



Plate Number	Plate 1
Date	1/25/2025
Time	4:02:54 PM
Reader Type:	Synergy H1
Reader Serial Number:	1811261C
Reading Type	Reader

Procedure Details

Plate Type	96 WELL PLATE
Well Selection	Runtime
Eject plate on completion	
Set Temperature	Setpoint 37°C
	Preheat before moving to next step
Start Kinetic	Runtime 24:00:00 (HH:MM:SS), Interval 0:04:00, 361 Reads
    Shake	Double Orbital: Continuous
	Frequency: 237 cpm (4 mm)
    Read	mcherry
	Fluorescence Endpoint
	Full Plate
	Filter Set 1
	    Excitation: 580,  Emission: 610
	    Optics: Bottom,  Gain: 80
	Light Source: Xenon Flash,  Lamp Energy: High
	Read Speed: Normal,  Delay: 100 msec,  Measurements/Data Point: 10
	Read Height: 7 mm
    Read	BFP and GFP
	Fluorescence Endpoint
	Full Plate
	Filter Set 1
	    Excitation: 370,  Emission: 445
	    Optics: Bottom,  Gain: 80
	Filter Set 2
	    Excitation: 485,  Emission: 510
	    Optics: Bottom,  Gain: 60
	Light Source: Xenon Flash,  Lamp Energy: High
	Read Speed: Normal,  Delay: 100 msec,  Measurements/Data Point: 10
	Read Height: 7 mm
    Read	od600
	Absorbance Endpoint
	Full Plate
	Wavelengths:  600
	Read Speed: Normal,  Delay: 100 msec,  Measurements/Data Point: 8
End Kinetic	
Set Temperature	Incubator off

Layout
	1	2	3	4	5	6	7	8	9	10	11	12
A													Well ID
B	SPL1	SPL7	SPL13	SPL19	SPL25	SPL31	SPL37	SPL43	SPL49	SPL55	SPL61	SPL67	Well ID
C	SPL2	SPL8	SPL14	SPL20	SPL26	SPL32	SPL38	SPL44	SPL50	SPL56	SPL62	SPL68	Well ID
D	SPL3	SPL9	SPL15	SPL21	SPL27	SPL33	SPL39	SPL45	SPL51	SPL57	SPL63	SPL69	Well ID
E	SPL4	SPL10	SPL16	SPL22	SPL28	SPL34	SPL40	SPL46	SPL52	SPL58	SPL64	SPL70	Well ID
F	SPL5	SPL11	SPL17	SPL23	SPL29	SPL35	SPL41	SPL47	SPL53	SPL59	SPL65	SPL71	Well ID
G	SPL6	SPL12	SPL18	SPL24	SPL30	SPL36	SPL42	SPL48	SPL54	SPL60	SPL66	SPL72	Well ID
H											SPL73	SPL74	Well ID

mcherry:580,610

Time	T° mcherry:580,610	B1	B2	B3	B4	B5	B6	B7	B8	B9	B10	B11	B12	C1	C2	C3	C4	C5	C6	C7	C8	C9	C10	C11	C12	D1	D2	D3	D4	D5	D6	D7	D8	D9	D10	D11	D12	E1	E2	E3	E4	E5	E6	E7	E8	E9	E10	E11	E12	F1	F2	F3	F4	F5	F6	F7	F8	F9	F10	F11	F12	G1	G2	G3	G4	G5	G6	G7	G8	G9	G10	G11	G12	H11	H12
0:00:57	37.0	7	21	16	14	5	6	22	13	20	16	17	9	16	5	4	14	12	10	10	16	12	16	12	16	14	17	7	12	17	18	16	12	4	12	0	3	23	9	18	18	12	16	14	10	8	26	16	12	18	11	18	17	4	15	15	12	15	15	19	17	8	9	15	13	21	15	12	24	13	5	22	10	7	8
0:04:57	37.0	8	7	11	19	18	10	18	15	13	19	10	10	10	19	20	11	9	11	18	19	18	16	2	15	18	18	2	10	9	13	17	10	16	11	10	8	15	11	9	11	15	8	18	15	9	11	14	9	10	12	10	4	24	18	8	10	11	12	16	13	14	12	18	19	11	8	12	6	10	4	6	15	24	16
0:08:57	37.0	10	21	11	14	0	9	11	1	6	1	19	7	26	17	20	15	13	7	10	4	10	20	20	17	15	12	11	11	17	13	13	14	16	11	18	3	10	27	11	18	14	13	18	6	18	11	15	11	15	10	12	8	12	19	19	18	17	9	9	17	14	13	13	12	8	9	18	5	13	25	2	18	16	14
0:12:57	37.0	3	10	9	15	14	12	18	15	10	6	14	4	11	19	5	17	15	16	13	19	11	8	15	11	15	11	7	8	14	15	13	13	20	10	13	11	14	18	17	13	17	18	11	12	16	7	14	17	26	16	11	19	17	11	14	11	11	10	7	25	14	7	11	20	22	20	12	16	15	22	8	14	15	10
0:16:57	37.0	9	15	8	9	14	18	15	17	24	10	16	10	14	19	15	12	9	12	13	11	13	10	15	13	14	9	2	12	15	14	23	6	5	17	15	14	10	13	10	7	12	11	20	2	9	14	6	17	13	17	16	10	4	18	18	13	5	8	6	9	22	12	21	7	24	12	8	12	14	18	14	12	16	16
0:20:57	37.0	1	11	19	15	15	7	10	17	15	20	16	22	20	15	18	21	12	19	21	19	11	14	10	13	23	10	7	18	18	14	13	13	13	18	21	26	11	7	12	2	11	13	7	7	10	15	12	7	18	11	12	11	16	12	14	11	9	18	14	12	11	7	9	14	20	9	12	12	10	18	12	12	22	11
0:24:57	37.0	17	12	11	21	9	12	24	13	12	20	7	12	13	16	15	13	24	19	13	24	20	14	12	9	20	5	16	9	13	11	6	17	12	9	10	14	9	8	14	8	13	15	10	2	13	9	11	15	11	12	15	6	12	25	13	18	12	17	12	13	5	17	16	6	13	13	3	16	11	21	12	13	13	22
0:28:57	37.0	4	7	15	11	6	2	3	11	21	13	11	7	12	6	16	0	11	3	9	19	13	12	13	13	16	6	13	13	20	22	18	5	15	12	18	11	8	19	8	13	6	14	11	7	10	20	7	10	19	14	13	13	18	12	8	13	18	12	16	9	5	7	17	6	19	15	17	5	5	10	6	15	14	18
0:32:57	37.0	3	9	9	19	14	7	10	11	10	16	14	15	13	9	8	12	9	16	13	12	18	14	11	21	13	10	16	2	5	10	10	11	8	8	12	18	14	14	12	7	6	18	0	8	23	19	8	21	11	16	14	11	9	14	19	7	18	9	4	21	11	12	16	13	18	1	14	9	12	10	9	17	16	18
0:36:57	37.0	12	10	9	13	10	15	7	18	14	10	9	17	9	17	11	12	8	11	16	13	13	10	15	13	14	14	16	11	11	7	12	13	26	17	11	17	13	5	14	9	8	3	13	24	14	13	20	18	11	16	16	11	16	21	8	12	7	24	9	18	18	17	7	16	7	20	13	16	14	8	7	21	9	13
0:40:57	37.0	8	15	17	19	6	16	14	0	15	16	14	13	16	17	7	10	16	16	12	10	16	16	14	16	17	10	13	12	10	17	18	16	13	13	17	12	13	9	2	22	16	16	16	9	10	17	14	16	17	15	8	8	8	12	15	12	16	10	7	6	5	15	11	11	16	13	13	7	18	19	17	14	15	16
0:44:57	37.0	16	18	24	10	9	11	17	14	12	11	11	16	23	16	6	8	11	15	12	16	9	11	16	15	13	19	14	19	9	9	11	9	13	14	11	13	6	11	9	16	7	7	14	12	13	22	15	10	15	22	15	10	10	19	17	11	11	6	14	13	14	15	8	10	6	16	11	6	13	17	14	16	12	13
0:48:57	37.0	15	2	14	27	7	15	10	9	27	13	9	11	17	11	6	0	8	11	10	17	13	6	22	16	15	15	12	4	5	8	7	12	20	16	13	8	14	11	16	19	18	14	13	9	23	8	19	14	10	13	13	19	9	17	15	14	8	16	16	3	17	15	15	19	8	16	12	15	19	21	9	23	14	24
0:52:57	37.0	16	18	15	7	15	5	16	11	13	12	18	18	15	16	18	8	17	12	6	14	13	20	10	13	16	13	10	13	1	13	11	8	6	13	6	16	9	6	18	11	11	11	8	1	9	16	14	15	15	14	9	18	19	15	17	5	3	5	14	15	12	19	14	7	16	16	18	8	17	12	16	13	14	17
0:56:57	37.0	30	15	12	12	14	15	18	17	6	15	22	15	5	6	16	17	25	19	11	22	11	13	6	14	17	3	11	16	15	11	10	8	7	11	15	17	20	14	11	13	10	12	17	15	19	34	11	21	16	15	24	21	10	12	12	13	8	7	19	7	2	18	11	6	11	15	2	20	10	13	12	14	7	12
1:00:57	37.0	23	17	9	13	17	24	5	19	15	18	17	10	8	6	24	5	14	13	14	16	16	11	10	9	18	10	22	8	9	16	21	18	8	18	15	8	10	20	7	11	13	12	11	7	18	22	14	18	15	17	8	12	8	17	14	11	6	15	23	20	14	9	20	21	11	12	8	18	14	21	26	14	23	14
1:04:57	37.0	12	15	17	7	16	16	11	14	2	12	17	16	13	23	11	15	11	2	5	15	15	8	13	11	15	8	6	13	14	13	10	15	16	10	18	13	17	17	14	11	14	13	13	9	20	19	8	10	15	8	11	10	15	18	21	12	13	5	15	14	11	9	4	15	17	12	21	24	10	12	24	12	22	16
1:08:57	37.0	21	12	5	24	7	3	10	21	11	19	12	7	17	15	2	10	15	0	21	20	8	13	7	6	10	20	5	19	19	12	19	12	16	6	3	15	7	16	14	2	22	19	14	6	28	9	5	19	8	25	14	17	2	8	7	6	15	17	12	9	11	22	2	22	9	21	20	10	10	8	17	15	23	24
1:12:57	37.0	25	19	17	14	8	20	15	13	17	10	9	21	14	4	20	12	17	21	9	25	6	12	16	18	11	8	8	22	11	13	14	20	15	11	3	5	17	6	10	22	13	12	12	17	14	17	22	11	15	16	15	8	9	8	21	8	7	8	15	15	8	9	13	14	11	10	20	5	16	6	9	15	13	20
1:16:57	37.0	20	12	16	13	15	14	11	21	10	13	20	15	8	17	13	11	7	12	8	15	13	9	19	13	22	17	13	12	21	21	12	13	13	15	8	10	3	18	19	14	17	9	15	5	17	8	19	17	17	16	9	5	13	20	11	8	10	20	20	21	15	19	19	14	15	10	10	17	13	18	11	15	25	24
1:20:57	37.0	9	13	13	6	14	15	10	7	13	13	11	19	22	16	9	15	20	4	12	10	10	17	11	11	20	14	14	9	19	10	22	17	16	14	9	4	12	10	3	4	15	14	17	6	12	12	10	16	13	13	16	12	19	13	13	13	13	11	7	17	9	20	12	17	20	12	11	24	13	17	17	7	12	22
1:24:57	37.0	10	4	13	9	12	5	6	15	18	8	18	13	16	5	19	5	20	2	20	19	10	18	10	11	15	8	15	11	2	21	15	14	19	18	14	0	14	6	13	14	11	13	4	21	12	10	3	14	19	12	13	17	15	7	10	5	20	15	2	9	10	6	13	9	9	15	19	11	15	13	12	19	16	12
1:28:57	37.0	15	10	14	24	8	9	22	19	6	20	10	16	21	0	11	14	11	13	13	7	20	2	14	16	18	4	10	9	4	13	17	7	1	10	9	9	16	9	7	19	5	21	8	23	16	6	7	9	6	11	10	15	10	17	18	12	9	12	8	10	10	12	18	14	15	5	2	18	11	9	11	13	22	12
1:32:57	37.0	6	13	13	14	9	11	1	0	17	14	5	16	13	15	14	7	17	13	17	17	19	8	24	14	12	12	17	16	16	15	14	14	18	9	0	13	18	15	18	17	17	17	17	12	22	23	12	21	15	23	10	20	13	11	19	10	13	9	14	7	11	10	15	19	15	8	13	13	20	14	13	15	8	15
1:36:57	37.0	15	8	8	5	13	19	8	13	8	3	5	14	9	21	16	4	15	13	11	16	17	4	16	17	12	10	12	17	5	6	8	15	14	9	11	16	12	15	15	15	9	9	14	18	16	0	3	10	12	12	16	8	14	13	10	18	7	17	18	13	13	5	16	14	8	12	17	18	16	13	8	20	12	13
1:40:57	37.0	0	12	19	19	14	21	14	17	18	12	15	12	8	12	19	10	13	8	13	15	20	12	10	13	13	18	8	18	12	15	7	14	10	20	19	24	12	13	14	10	17	14	9	12	8	15	24	13	9	8	16	2	16	18	23	11	10	12	9	18	12	13	15	15	21	12	8	16	15	13	15	5	23	23
1:44:57	37.0	2	10	20	0	15	18	19	11	1	13	8	13	10	15	17	15	10	10	14	19	15	17	16	16	12	11	7	7	15	9	11	11	21	17	10	18	14	12	6	18	13	16	11	17	12	10	19	17	9	15	3	23	16	12	19	7	8	17	15	15	8	12	10	9	12	11	14	14	21	18	18	20	8	22
1:48:57	37.0	15	1	15	14	5	18	6	11	15	13	10	14	16	15	20	15	14	15	17	9	0	17	16	7	5	16	13	3	20	17	10	11	5	6	7	20	20	11	17	9	11	18	12	7	11	16	19	16	16	9	22	23	11	11	13	12	22	9	17	6	16	16	19	12	18	13	15	14	17	10	9	11	21	11
1:52:57	37.0	15	3	18	15	19	19	21	13	20	10	23	17	18	16	13	15	16	8	17	10	12	10	16	19	9	10	19	11	13	10	23	14	15	22	17	10	17	6	17	7	18	19	17	15	10	17	11	9	16	17	21	14	7	6	6	20	10	7	12	10	17	14	10	7	24	3	17	17	16	0	23	9	6	5
1:56:57	37.0	19	14	16	18	13	13	12	7	15	16	16	11	13	11	18	12	20	14	11	12	17	14	12	10	14	13	9	16	23	11	12	22	28	14	10	12	13	13	13	16	12	17	17	15	12	15	22	17	6	9	6	17	6	13	16	17	20	12	22	5	13	13	16	15	12	18	9	10	14	13	13	20	11	34
2:00:57	37.0	16	19	0	11	14	14	16	12	10	12	18	16	10	15	9	14	10	16	16	23	12	11	20	7	16	21	14	18	18	18	20	13	10	10	14	14	12	5	6	22	26	13	24	11	16	6	23	17	24	12	10	21	7	13	11	10	4	15	9	11	12	17	16	22	13	12	17	26	23	13	14	2	17	15
2:04:57	37.0	14	16	22	14	11	17	13	15	18	8	12	16	13	16	19	12	15	12	12	14	22	11	6	16	10	18	15	24	16	28	4	4	18	8	8	7	27	12	15	20	17	19	18	18	34	13	11	8	20	14	13	18	12	17	10	13	17	22	10	18	12	14	12	10	15	10	8	19	18	4	17	22	8	20
2:08:57	37.0	15	20	9	16	12	14	9	11	13	7	10	13	23	17	11	13	17	10	25	9	10	25	7	19	19	18	9	20	24	15	9	15	21	11	15	16	12	4	10	9	12	1	17	14	26	13	14	13	9	17	26	14	21	3	17	8	20	12	15	20	18	12	17	11	13	18	14	21	13	8	11	8	16	23
2:12:57	37.0	37	17	8	8	15	15	12	18	13	16	11	12	15	13	4	13	21	15	15	15	12	14	12	11	18	10	20	14	25	20	19	10	25	16	17	8	14	18	18	17	20	20	12	30	33	0	19	13	22	20	12	15	0	18	10	15	18	8	10	11	26	12	18	25	13	13	17	23	21	15	24	20	16	9
2:16:57	37.0	22	18	12	10	15	14	15	6	26	20	10	14	14	23	17	20	12	9	19	11	13	17	19	16	16	23	13	23	23	7	14	9	14	15	16	16	28	15	14	24	18	17	17	19	18	4	15	9	10	8	1	13	15	10	13	15	20	17	16	16	15	16	27	13	15	21	26	5	10	16	24	13	5	21
2:20:57	37.0	19	12	17	14	10	10	17	9	29	16	15	4	26	21	12	11	10	12	14	22	12	8	12	17	13	20	23	18	13	22	16	25	18	14	16	15	13	18	20	16	22	22	28	18	26	10	18	22	17	14	9	18	16	8	8	18	21	10	21	14	18	13	17	16	12	13	16	25	10	14	22	7	8	11
2:24:57	37.0	10	11	21	19	13	17	6	19	18	13	13	14	19	7	7	5	15	1	13	15	10	5	5	14	19	15	16	11	20	20	14	19	22	21	24	22	14	20	16	21	10	13	20	18	32	9	11	14	5	17	17	13	10	7	12	11	14	17	11	13	18	8	21	18	10	25	14	23	23	17	20	12	17	18
2:28:57	37.0	21	22	17	22	23	5	6	10	11	8	16	9	21	3	11	15	7	22	13	17	19	14	12	17	18	16	13	19	19	18	24	17	18	12	8	3	10	15	17	25	23	23	7	19	28	5	20	1	19	13	14	18	15	15	10	9	20	17	16	17	16	24	18	15	9	18	19	20	24	13	19	23	15	12
2:32:57	37.0	9	24	13	13	11	16	23	6	10	16	18	9	22	9	10	13	18	17	15	13	17	9	9	11	21	13	24	22	14	29	15	18	20	15	23	26	21	13	19	15	17	20	26	15	24	18	20	8	21	11	20	24	9	13	13	16	20	12	8	7	21	21	19	12	21	19	15	25	11	25	13	7	13	0
2:36:57	37.0	3	15	14	6	11	16	11	20	10	22	14	21	20	24	21	0	20	19	9	20	14	3	24	6	22	18	22	20	27	14	19	26	11	12	21	14	20	17	25	21	27	15	24	28	15	24	18	17	16	10	10	10	20	18	14	7	17	20	15	12	13	20	13	22	25	21	11	34	17	8	13	22	28	13
2:40:57	37.0	27	15	9	17	20	16	18	9	16	12	10	7	23	24	20	15	16	19	11	5	17	17	21	16	29	21	19	19	17	33	31	28	13	15	22	14	26	19	19	24	20	26	17	32	31	13	19	14	14	23	17	21	14	14	19	13	12	13	17	23	12	17	18	18	18	20	20	29	21	22	14	23	7	10
2:44:57	37.0	38	18	26	19	11	18	16	12	23	18	16	17	19	13	20	14	19	15	14	2	9	17	15	8	31	25	30	34	35	22	23	21	20	16	22	16	25	20	14	38	21	20	19	21	18	26	21	7	11	16	10	22	9	10	13	11	15	7	11	9	21	19	12	22	19	22	19	11	28	18	23	27	9	32
2:48:57	37.0	16	28	20	20	15	17	12	18	15	14	10	14	20	32	7	13	8	10	9	23	16	10	3	23	32	23	28	19	19	15	23	16	16	11	23	23	28	21	23	26	33	6	23	21	26	20	24	8	12	15	15	13	16	8	9	13	14	14	11	19	15	22	21	18	11	17	13	25	26	13	18	3	20	14
2:52:57	37.0	24	18	17	19	10	15	15	16	19	17	29	21	30	23	21	19	21	24	9	19	17	18	11	9	24	28	23	18	27	29	25	25	25	19	36	20	20	18	24	22	24	24	20	29	18	28	23	15	6	28	15	3	18	18	22	19	10	23	28	9	21	16	16	22	25	25	18	21	16	26	28	16	9	16
2:56:57	37.0	24	23	22	10	25	13	17	18	19	17	9	16	29	28	15	16	16	16	12	16	18	11	16	13	22	24	25	30	34	27	21	25	18	19	25	16	25	31	18	27	27	25	29	29	21	19	23	14	21	11	13	13	11	14	12	11	9	17	21	12	27	8	8	16	6	25	21	15	22	19	17	21	6	10
3:00:57	37.0	29	21	11	16	8	11	12	18	17	18	14	6	27	40	24	13	8	8	12	20	18	7	8	9	26	31	39	22	22	21	28	24	15	20	28	17	30	25	20	24	28	29	22	25	37	30	22	14	17	21	8	18	19	16	11	17	9	7	16	7	10	11	18	10	13	17	16	20	16	18	25	21	10	22
3:04:57	37.0	32	17	23	13	12	14	12	10	12	16	24	19	25	19	22	13	18	0	24	18	9	15	13	7	34	26	15	18	23	25	21	24	28	11	28	17	25	19	19	23	27	28	31	41	25	33	19	24	24	22	6	15	17	16	10	1	15	18	21	16	23	11	19	16	15	15	39	38	4	25	29	23	16	19
3:08:57	37.0	39	27	22	16	22	17	16	15	14	20	14	24	28	24	24	24	17	25	16	4	20	11	25	16	32	23	15	31	37	21	18	15	18	15	28	9	28	26	29	26	23	25	27	38	20	33	30	18	25	16	15	18	13	7	17	22	19	16	19	25	17	19	17	21	8	20	25	16	26	25	23	11	5	14
3:12:57	37.0	37	28	8	6	23	7	18	12	21	12	13	18	29	25	5	11	19	10	12	8	15	13	18	25	34	15	24	29	34	36	29	30	23	14	37	11	19	34	25	28	25	16	30	34	37	21	25	13	23	13	24	17	12	15	14	11	16	11	7	22	26	29	30	30	14	13	21	24	26	32	26	12	16	15
3:16:57	37.0	35	31	26	11	17	10	19	19	21	8	21	17	31	30	23	16	17	13	20	5	9	15	12	10	28	24	26	26	25	31	28	21	25	8	26	13	43	32	36	25	30	30	33	25	32	18	33	2	15	17	18	16	16	15	20	14	11	8	10	0	15	22	19	26	23	18	18	23	26	21	16	13	14	20
3:20:57	37.0	25	27	26	25	6	10	16	17	2	4	12	12	29	32	32	19	12	15	17	6	5	14	13	19	34	34	25	30	29	27	27	23	23	17	36	18	29	24	23	30	26	15	36	42	18	32	29	17	22	13	11	23	6	18	11	13	27	21	12	14	26	27	19	23	26	20	17	16	17	25	17	6	20	17
3:24:57	37.0	25	17	20	15	20	20	15	14	7	17	15	19	32	28	35	10	16	14	18	16	19	16	17	11	34	28	23	32	33	24	28	28	31	11	24	17	26	32	38	22	29	26	29	37	34	32	32	11	14	20	15	23	11	15	16	18	15	17	20	4	33	13	19	29	24	29	28	22	15	21	22	7	18	27
3:28:57	37.0	25	21	15	15	26	13	9	8	7	5	14	11	22	31	28	21	23	13	9	13	11	14	12	13	28	36	34	31	40	39	26	24	31	19	33	13	30	29	31	37	24	31	37	26	15	11	27	11	12	12	17	8	18	6	8	15	10	16	6	9	19	26	19	22	23	23	36	25	22	19	23	19	14	10
3:32:57	37.0	43	19	13	15	11	19	17	15	21	16	16	12	33	24	32	18	19	9	16	11	18	17	5	17	32	14	29	36	32	38	32	33	21	9	28	19	32	35	26	46	36	29	29	35	31	21	24	10	23	13	28	21	6	7	20	10	12	15	9	15	34	26	26	29	21	20	28	16	29	31	21	23	18	19
3:36:57	37.0	33	29	20	17	21	18	21	9	19	20	16	23	39	23	28	25	14	21	13	21	15	14	19	21	25	33	31	32	37	47	36	33	22	26	21	14	36	28	37	25	34	30	40	37	31	21	36	5	17	16	11	14	13	11	7	11	10	10	8	12	24	32	26	13	24	29	21	29	31	31	29	7	16	11
3:40:57	37.0	40	30	26	8	18	13	24	13	12	21	14	12	31	42	34	17	21	17	10	19	19	10	14	27	34	38	25	44	46	43	41	26	32	15	20	23	30	23	36	39	35	37	36	39	36	32	28	17	14	27	14	15	7	16	16	11	1	22	5	15	16	22	30	22	28	29	16	23	15	20	20	11	21	23
3:44:57	37.0	36	25	20	22	16	17	15	12	20	9	12	9	36	39	21	22	13	12	13	17	15	14	20	12	36	36	31	41	46	40	35	30	26	7	40	19	35	34	28	31	32	22	50	41	33	34	34	13	14	32	20	21	20	12	19	18	13	13	7	7	21	15	29	24	25	22	26	37	21	25	24	11	22	12
3:48:57	37.0	42	33	45	21	17	21	23	22	12	11	16	16	45	49	33	27	20	24	12	15	10	11	15	14	34	41	41	42	39	40	46	32	42	20	36	18	37	35	32	35	37	28	44	48	30	33	35	16	24	21	6	24	1	8	20	12	20	16	13	17	27	25	21	20	24	25	23	25	34	34	31	17	16	6
3:52:57	37.0	49	34	31	24	23	19	22	19	20	24	16	16	38	45	35	15	22	16	20	21	14	7	11	12	40	32	31	40	41	40	46	31	20	16	43	17	35	25	35	30	36	42	43	45	42	19	35	23	28	13	18	13	12	18	15	24	7	10	19	14	29	17	28	27	25	25	28	21	25	18	35	13	22	23
3:56:57	37.0	44	35	24	24	17	21	13	10	19	15	15	18	45	40	34	31	14	18	10	22	20	7	11	11	45	39	40	53	48	34	32	42	33	23	38	19	27	28	38	28	41	27	45	43	32	35	34	13	29	25	17	13	20	21	10	21	8	9	16	16	26	40	25	12	18	26	21	27	22	20	27	14	10	12
4:00:57	37.0	31	42	26	26	23	20	7	17	17	16	6	15	40	51	38	26	26	12	17	21	21	15	18	22	48	35	43	50	53	49	32	37	38	13	44	20	35	44	37	43	42	42	48	45	34	39	36	9	30	19	24	17	9	14	14	13	19	11	12	16	24	30	28	20	21	25	24	28	19	29	30	13	14	9
4:04:57	37.0	44	50	36	27	31	18	19	14	21	15	17	22	37	51	54	27	15	20	15	26	21	11	12	19	45	35	43	42	47	41	41	39	33	22	39	26	30	43	39	50	44	43	44	53	46	40	42	23	21	24	26	17	16	15	15	20	17	24	16	11	28	27	16	24	33	28	35	25	28	34	31	24	15	27
4:08:57	37.0	42	38	32	28	24	17	17	14	7	10	19	22	45	49	49	26	19	16	18	14	13	25	21	15	41	41	41	57	52	54	31	40	40	25	31	26	49	43	29	38	45	40	50	47	54	43	36	21	17	28	11	14	16	20	19	12	17	9	9	17	28	32	29	23	27	26	24	22	24	36	33	13	9	10
4:12:57	37.0	49	38	32	21	17	10	16	25	14	10	20	16	40	64	46	28	16	29	29	15	13	8	16	15	50	36	42	66	57	58	39	33	45	25	53	15	37	35	33	49	37	51	61	59	31	38	34	17	23	15	19	15	21	3	16	18	13	13	14	13	29	25	27	28	24	24	25	29	15	34	36	8	22	4
4:16:57	37.0	51	35	39	22	27	23	28	10	17	18	23	21	39	62	46	33	19	22	21	22	9	16	15	15	37	39	42	55	51	55	27	36	40	14	41	15	45	45	33	47	37	31	59	57	40	34	41	17	24	22	16	18	16	19	13	18	19	23	24	7	34	28	22	25	29	33	22	22	30	32	33	3	13	13
4:20:57	37.0	46	30	30	22	23	14	17	11	26	17	16	15	40	69	48	29	27	15	17	16	10	21	19	16	44	44	49	69	66	57	45	44	41	21	41	16	45	47	38	45	46	37	59	49	40	40	51	20	24	20	10	26	20	17	14	22	21	20	6	12	29	33	23	24	27	16	19	31	25	33	39	21	13	9
4:24:57	37.0	48	34	42	36	22	17	21	28	16	9	18	26	52	67	51	25	16	20	25	20	15	12	10	10	41	39	52	65	55	69	56	39	35	13	45	17	36	44	43	39	46	46	64	61	49	47	36	15	23	22	25	7	18	23	18	7	22	9	19	15	30	32	26	15	27	31	23	23	28	40	32	18	14	15
4:28:57	37.0	47	33	34	29	20	19	16	24	11	17	26	20	38	66	55	24	20	20	17	26	15	20	11	18	46	43	45	67	64	74	44	43	53	12	46	29	52	45	38	37	48	48	58	58	48	43	46	14	24	23	11	12	18	14	23	23	10	14	20	10	26	36	30	21	39	22	26	20	28	35	39	19	16	14
4:32:57	37.0	50	45	32	29	32	26	27	22	19	17	22	25	46	63	59	22	17	20	20	16	22	18	12	20	52	43	41	64	70	63	52	51	50	12	43	20	51	47	52	52	37	43	70	73	48	36	45	7	32	19	19	12	25	17	19	14	22	24	17	6	36	25	37	19	22	28	27	24	33	40	34	20	15	20
4:36:57	37.0	52	41	35	33	21	24	15	15	23	9	20	17	37	77	48	37	21	13	18	17	22	17	9	17	51	43	50	78	73	63	52	54	42	16	44	22	45	53	41	37	50	44	70	79	50	33	44	24	32	23	17	18	19	28	14	17	17	15	12	9	35	35	29	36	28	25	25	28	20	36	31	23	11	18
4:40:57	37.0	51	38	52	32	31	23	21	12	15	22	26	18	44	71	53	39	31	22	16	22	17	15	24	21	45	48	53	69	65	70	37	42	44	32	47	23	44	45	44	43	56	39	68	71	41	43	43	19	24	27	17	21	20	14	18	12	20	11	16	13	32	31	29	29	34	22	30	24	31	30	38	16	16	18
4:44:57	37.0	47	44	47	36	35	25	22	14	20	20	20	19	44	68	63	19	28	20	22	22	29	22	19	22	45	55	64	72	81	77	27	41	33	25	49	17	43	55	53	49	51	33	70	69	49	54	42	22	26	30	15	11	24	17	13	15	16	26	19	28	35	41	22	35	18	30	35	31	38	37	41	11	12	13
4:48:57	37.0	74	41	45	39	36	28	22	15	26	8	24	19	57	74	68	42	29	22	17	31	16	19	19	19	50	63	44	83	75	70	56	55	38	21	47	21	45	51	53	58	47	46	74	81	46	39	39	31	29	27	13	23	19	18	18	15	8	17	13	18	32	31	40	30	29	38	32	33	33	46	43	14	18	21
4:52:57	37.0	42	42	45	44	40	18	25	19	19	16	18	23	47	66	80	39	31	25	25	21	18	25	23	18	60	49	50	73	86	85	54	45	45	20	50	14	51	54	48	51	46	64	77	82	46	46	53	23	31	36	23	22	13	23	27	25	15	20	18	16	24	44	27	41	33	26	34	35	26	40	55	23	13	15
4:56:57	37.0	53	56	47	39	28	29	20	24	17	21	19	19	55	81	59	36	28	22	16	15	9	11	26	25	62	51	51	79	91	90	56	44	49	21	47	14	54	50	54	46	55	60	75	81	46	47	48	22	35	20	30	32	18	18	17	21	11	12	12	21	41	27	36	23	35	30	28	44	31	41	46	26	9	3
5:00:57	37.0	75	44	43	43	34	24	32	18	28	11	23	17	54	81	75	33	33	26	27	17	16	31	20	13	52	59	50	95	87	88	47	45	37	22	50	14	51	47	47	60	35	41	85	97	49	40	61	21	44	26	27	25	20	21	19	17	22	20	20	12	36	40	28	32	34	37	37	24	29	41	49	26	13	13
5:04:57	37.0	53	45	61	43	34	33	24	15	17	22	26	17	61	95	79	38	36	15	14	26	14	24	24	25	58	54	59	94	93	88	41	56	47	12	61	22	56	67	55	57	55	51	95	81	50	43	48	24	25	29	32	23	26	20	23	25	13	13	18	27	39	37	29	31	19	38	43	46	34	53	50	26	15	11
5:08:57	37.0	61	58	56	50	31	30	30	24	24	19	23	20	59	89	84	44	26	28	20	18	19	27	29	22	62	56	51	107	94	100	48	55	53	23	45	27	51	53	46	59	53	52	94	86	58	54	58	14	30	34	26	34	18	16	14	13	18	12	14	14	41	34	40	30	32	31	38	38	40	48	40	26	25	17
5:12:57	37.0	60	65	52	49	44	26	33	29	22	25	16	20	53	98	91	37	48	27	18	15	33	25	21	18	64	53	53	104	97	103	58	55	51	21	63	15	61	58	57	61	45	61	106	90	61	44	62	18	45	33	29	24	21	25	15	15	29	25	15	18	45	38	24	41	28	38	35	25	28	52	51	22	20	11
5:16:57	37.0	51	63	62	53	36	35	21	28	17	20	22	27	57	104	83	41	41	31	22	17	22	21	15	27	66	53	59	106	107	92	53	55	55	26	60	21	44	56	65	60	54	52	100	92	55	54	65	20	33	30	26	19	19	17	17	19	17	9	9	22	23	36	40	38	27	34	30	30	36	49	49	19	22	12
5:20:57	37.0	68	82	50	43	38	26	23	28	33	25	29	29	55	100	96	43	26	31	23	11	23	15	26	23	62	60	71	108	98	96	55	54	65	24	53	21	57	52	58	52	59	53	105	114	59	49	48	23	34	28	23	27	25	10	16	14	25	20	6	22	41	28	44	36	23	34	41	48	32	55	51	18	13	15
5:24:57	37.0	57	60	63	50	40	24	25	30	10	34	26	20	66	104	95	38	29	14	34	22	33	29	16	18	69	57	61	93	109	106	59	55	52	18	60	23	36	50	50	65	53	54	110	119	63	50	51	20	30	25	31	26	22	14	24	24	22	15	16	28	30	43	38	34	25	32	29	38	35	51	59	30	18	19
5:28:57	37.0	68	70	62	36	35	36	28	22	16	26	27	26	60	113	93	36	42	28	21	13	24	20	26	24	76	59	60	118	108	101	49	53	59	19	59	19	54	62	57	57	58	62	112	101	51	57	61	23	33	24	31	36	11	19	16	14	28	15	29	20	31	38	35	28	23	36	37	39	36	61	52	33	14	19
5:32:57	37.0	66	66	74	51	46	41	24	26	23	28	25	22	61	107	110	52	40	36	25	17	29	21	15	22	65	71	62	121	112	108	59	63	64	25	63	23	50	62	59	68	67	66	106	117	50	58	64	21	47	35	27	33	26	27	19	15	19	28	22	14	30	40	23	35	35	34	33	39	32	56	57	33	14	11
5:36:57	37.0	73	75	65	61	45	39	31	27	23	33	18	22	62	121	111	55	46	34	23	28	32	18	22	21	70	52	65	110	118	99	62	60	68	18	72	22	58	63	62	74	52	63	119	115	68	53	68	19	34	32	26	27	22	12	13	17	21	24	15	1	41	39	31	41	37	44	41	33	30	57	66	26	9	20
5:40:57	37.0	71	71	71	55	39	33	25	32	31	24	31	24	67	137	119	58	35	26	24	30	23	26	10	28	56	74	61	123	118	113	70	63	63	24	71	23	60	69	72	79	67	65	119	110	53	59	67	23	37	29	38	18	22	20	8	22	17	17	21	21	41	42	34	49	43	30	35	42	56	56	61	32	6	25
5:44:57	37.0	63	84	78	49	43	34	28	28	31	31	25	28	66	130	115	46	35	23	27	20	18	35	24	23	73	64	57	133	128	110	64	78	75	21	61	22	62	63	66	76	61	65	116	113	73	52	66	21	37	44	27	19	16	18	15	12	28	11	25	23	39	33	42	44	38	29	46	45	41	57	75	35	11	24
5:48:57	37.0	75	84	71	59	46	35	34	18	25	18	35	27	67	144	121	57	41	24	20	17	30	23	28	31	75	64	80	132	134	118	67	53	61	25	68	20	60	62	69	68	57	72	124	124	70	58	67	21	46	32	26	23	21	11	14	21	20	13	14	19	47	38	39	36	34	33	42	40	38	60	68	25	6	15
5:52:57	37.0	68	72	76	51	41	49	34	34	32	28	26	24	73	138	138	58	41	32	27	25	20	34	20	32	69	74	60	139	129	125	72	59	77	27	83	22	75	79	84	65	76	74	130	126	65	72	65	25	29	34	26	28	23	23	18	18	27	8	19	28	38	33	40	30	41	37	36	39	34	63	67	35	16	16
5:56:57	37.0	82	80	88	66	51	39	34	35	22	27	24	27	70	149	130	56	49	32	31	31	19	24	34	22	84	70	70	126	131	130	71	70	73	34	74	26	72	65	66	72	63	73	129	128	77	84	73	19	32	38	24	32	22	20	21	11	22	13	12	18	40	33	38	35	41	34	44	39	45	69	71	33	12	8
6:00:57	37.0	78	92	94	55	53	46	33	37	10	39	26	26	83	152	144	56	46	32	27	43	28	24	18	29	68	79	78	133	138	130	69	72	81	26	80	15	79	65	69	82	75	77	142	150	75	88	78	35	41	35	31	35	16	21	15	16	24	17	19	24	48	46	42	37	46	36	36	35	35	76	73	42	23	14
6:04:57	37.0	80	87	90	77	54	42	33	30	29	34	34	24	75	158	134	55	38	30	35	28	33	31	13	24	75	73	76	148	160	145	68	72	79	31	83	24	66	76	82	77	73	76	152	156	76	77	81	27	49	24	30	28	27	19	8	10	22	21	21	34	43	39	25	35	34	34	39	46	45	66	73	45	7	13
6:08:57	37.0	86	91	78	71	59	43	41	29	21	32	21	30	77	164	166	74	47	32	35	34	27	22	28	25	81	72	69	155	155	144	88	83	75	35	68	27	74	74	77	78	83	75	137	163	75	76	75	30	41	38	39	28	26	26	17	17	18	8	14	27	48	40	47	41	40	49	41	44	53	76	70	36	19	13
6:12:57	37.0	75	83	80	69	47	44	36	27	33	32	21	36	83	164	144	70	47	38	49	30	37	28	30	22	81	76	73	161	152	149	83	78	79	28	88	29	86	73	90	82	85	75	151	147	73	81	90	25	44	45	26	37	25	25	19	20	25	14	18	31	41	48	46	32	34	37	39	48	41	72	79	38	14	12
6:16:57	37.0	96	93	91	84	56	35	45	33	27	24	39	21	71	183	158	58	47	35	29	21	17	33	20	21	94	82	73	161	162	152	80	81	83	24	88	23	78	78	92	80	81	89	158	166	84	84	83	26	48	40	25	32	22	14	29	16	31	13	13	14	45	41	51	44	43	41	46	43	40	68	90	35	16	12
6:20:57	37.0	104	93	88	87	63	41	37	38	29	36	36	24	76	193	165	59	48	36	37	36	27	32	25	36	118	76	75	155	167	157	80	79	80	25	87	27	82	78	80	91	72	92	170	169	70	82	85	22	40	48	34	25	17	23	26	14	24	24	21	29	41	42	44	38	46	43	45	35	47	74	80	35	16	8
6:24:57	37.0	85	92	93	74	66	41	33	28	35	27	28	15	77	207	167	71	37	43	32	31	32	25	22	30	123	81	89	186	177	168	75	82	98	23	93	27	92	82	88	87	94	95	174	179	80	72	80	36	39	38	36	33	20	15	17	16	29	14	13	27	51	49	49	46	43	55	49	47	46	84	88	50	12	11
6:28:57	37.0	90	90	91	72	74	41	37	30	29	23	33	32	94	184	180	76	60	43	36	26	30	31	34	36	109	82	85	187	199	183	95	79	91	26	94	18	75	91	94	85	91	90	176	184	91	90	87	20	47	43	35	31	23	22	14	20	27	12	12	37	51	41	36	54	34	51	46	46	40	80	81	38	13	21
6:32:57	37.0	123	98	104	81	71	50	32	35	34	37	28	32	92	193	177	69	55	35	20	32	29	41	21	24	121	89	91	184	179	188	91	91	100	20	102	30	90	89	93	89	91	96	180	199	77	96	92	25	46	41	36	32	30	25	19	20	36	29	30	38	51	56	44	39	37	49	38	51	47	86	90	52	11	15
6:36:57	37.0	98	98	96	87	70	47	36	30	45	39	27	31	91	210	203	80	53	38	30	33	35	36	30	28	128	87	96	192	193	188	89	80	89	35	100	30	79	95	89	92	92	92	208	195	80	108	101	23	60	33	40	28	23	30	23	7	26	22	22	31	45	45	53	49	49	56	41	48	49	93	88	59	16	19
6:40:57	37.0	115	101	114	75	76	45	44	40	35	35	35	31	84	225	195	74	67	37	38	26	34	27	24	30	120	85	95	214	205	199	97	93	104	37	105	23	96	100	85	96	101	95	210	217	90	95	102	30	51	42	41	27	24	24	23	19	29	12	30	20	50	57	49	58	52	48	49	51	53	103	107	46	23	13
6:44:57	37.0	104	112	104	88	77	56	34	31	34	28	31	26	105	219	224	73	54	32	37	31	29	23	39	35	118	95	98	201	212	209	109	96	103	38	99	28	88	89	94	92	97	97	222	230	100	100	96	24	45	40	43	30	29	30	27	22	25	29	21	22	49	53	49	47	44	51	45	44	44	87	97	45	15	7
6:48:57	37.0	102	112	115	88	68	56	46	42	30	38	40	34	89	242	239	73	58	38	37	30	31	38	30	28	125	86	110	229	227	203	101	104	95	44	116	41	102	82	102	104	105	99	223	234	101	121	101	28	63	44	48	34	29	23	31	19	31	30	34	31	54	51	58	39	46	55	45	45	50	94	107	37	6	19
6:52:57	37.0	119	111	121	99	78	50	56	44	30	31	25	35	103	243	217	91	54	43	44	34	30	33	33	28	131	107	105	245	234	228	106	104	96	33	111	22	108	105	92	93	107	100	234	238	117	121	104	32	53	44	42	34	32	26	16	18	20	16	29	25	54	52	53	45	53	52	43	50	39	108	100	46	15	8
6:56:57	37.0	128	110	118	91	79	55	38	33	35	29	34	23	110	265	239	83	65	46	24	43	32	31	36	26	116	99	104	261	248	220	101	93	104	38	108	34	103	103	113	110	109	107	238	254	111	119	106	18	42	44	39	31	28	30	18	20	31	27	16	26	53	36	50	52	54	54	62	52	49	109	107	54	15	14
7:00:57	37.0	112	115	117	98	84	53	43	35	35	37	39	33	111	271	243	84	66	40	36	33	39	34	40	29	127	108	109	261	259	244	106	102	113	34	104	32	101	98	114	114	110	109	246	271	92	139	104	27	52	53	55	38	28	23	26	17	27	33	20	20	65	57	53	41	53	50	48	49	47	110	115	52	11	23
7:04:57	37.0	112	114	132	99	91	52	47	41	41	28	42	24	113	270	255	92	66	48	34	35	35	33	35	30	130	112	109	276	276	269	106	118	105	38	117	31	92	116	103	108	114	110	247	269	126	127	114	28	57	47	46	54	35	27	20	21	33	24	28	25	45	55	51	57	52	55	53	51	51	108	116	55	10	15
7:08:57	37.0	120	142	118	100	76	64	50	29	37	32	29	22	101	277	252	85	70	55	41	27	42	32	40	36	133	103	115	278	291	271	111	110	115	38	122	30	119	103	112	112	116	128	270	278	106	135	109	31	59	54	36	33	37	16	18	21	35	21	23	45	50	45	55	53	47	50	57	60	54	111	108	66	12	14
7:12:57	37.0	149	139	147	110	77	57	45	36	43	37	39	36	113	287	267	84	71	50	41	38	27	23	35	32	122	113	122	299	293	274	117	112	128	39	120	32	119	114	120	111	123	114	283	311	117	128	112	32	55	53	36	29	20	25	21	22	29	19	16	29	66	53	61	46	54	56	54	53	56	117	109	66	5	7
7:16:57	37.0	125	140	140	114	84	68	51	37	41	45	40	39	113	299	275	85	69	50	42	27	38	36	33	28	141	109	125	320	302	289	121	112	116	34	135	38	122	112	111	123	121	122	300	304	113	131	117	39	55	55	40	36	31	19	21	22	26	18	21	20	51	48	50	38	54	55	46	63	52	114	112	71	7	9
7:20:57	37.0	134	147	152	106	86	59	51	41	44	48	40	29	135	311	284	99	80	40	40	41	29	36	26	36	136	122	123	319	324	303	116	117	128	38	126	27	121	120	125	132	119	127	311	338	114	129	129	30	72	38	42	44	30	25	16	18	24	18	21	24	58	52	57	62	65	61	59	59	54	108	115	70	8	21
7:24:57	37.0	143	144	142	117	91	74	39	45	28	46	46	32	132	325	299	102	79	53	38	52	30	34	30	35	157	113	112	331	335	314	126	123	137	27	139	33	134	116	138	127	121	125	315	342	120	137	133	32	56	57	51	45	18	27	24	23	31	21	11	35	53	48	54	60	53	51	48	67	65	129	123	64	19	12
7:28:57	37.0	148	161	151	117	111	58	46	45	48	44	37	38	133	337	315	109	90	57	39	41	42	33	40	41	149	123	129	363	335	324	133	123	132	34	139	31	127	128	131	139	124	126	358	345	134	136	120	39	48	51	46	34	30	27	17	22	28	13	11	24	53	62	56	49	58	60	46	62	56	131	129	75	13	21
7:32:57	37.0	152	163	161	123	98	65	44	44	41	43	32	30	128	343	327	106	77	54	44	43	34	40	47	34	150	134	130	371	355	342	127	136	149	36	160	27	131	138	140	139	125	120	344	366	137	146	134	27	60	57	41	36	27	29	24	14	30	20	22	33	60	56	56	57	54	61	55	65	53	135	135	68	4	9
7:36:57	37.0	145	172	161	127	93	60	57	47	53	43	41	30	157	355	317	108	69	61	50	39	37	39	41	36	147	124	140	410	376	358	123	128	153	29	152	35	149	135	126	145	143	126	365	379	144	155	133	33	58	54	53	37	37	32	23	13	36	32	23	40	63	53	53	51	57	71	58	57	62	131	137	85	11	0
7:40:57	37.0	174	181	174	133	98	63	64	50	29	36	31	35	152	369	329	110	79	66	41	39	39	35	45	33	154	124	130	417	399	363	140	139	154	38	158	34	147	140	134	140	141	147	371	399	155	162	142	33	57	54	47	44	29	23	22	17	30	20	14	38	57	59	52	58	59	63	47	63	54	135	136	77	12	10
7:44:57	37.0	164	175	174	123	107	72	53	58	42	44	52	40	146	382	331	108	92	53	48	41	36	38	38	30	150	146	146	419	426	379	146	137	159	39	166	36	128	159	142	142	154	153	394	441	129	145	146	35	68	52	52	35	34	23	18	23	38	18	23	35	56	62	60	60	52	60	65	60	57	139	145	79	17	22
7:48:57	37.0	162	170	169	137	108	66	56	44	50	40	41	37	158	380	333	109	78	53	42	47	35	30	35	27	157	146	157	436	446	404	146	144	160	40	166	38	146	154	146	158	164	160	421	452	152	159	153	39	57	58	52	40	36	27	27	23	50	17	27	25	67	60	73	56	56	70	63	54	70	143	146	75	17	17
7:52:57	37.0	189	192	178	142	109	61	60	39	38	41	40	34	166	426	362	112	88	65	48	41	34	44	40	35	159	138	148	458	456	407	151	147	169	51	168	44	152	155	146	156	161	144	442	452	166	160	156	37	58	58	53	37	27	34	30	31	40	25	18	39	68	70	66	62	55	61	55	74	58	145	156	77	14	19
7:56:57	37.0	189	203	200	141	116	62	63	51	44	54	50	33	157	419	363	116	89	64	53	37	45	30	36	33	160	144	147	480	473	443	165	151	161	39	175	40	156	159	152	161	173	162	434	458	153	170	171	33	66	65	54	46	40	32	23	26	45	37	27	40	59	70	58	70	54	73	60	70	66	146	149	76	14	4
8:00:57	37.0	209	201	188	141	114	70	63	37	53	45	51	36	170	426	366	121	82	60	51	57	35	38	50	35	165	156	173	510	492	450	150	154	181	37	180	35	162	170	171	187	178	178	454	499	167	167	151	33	69	52	59	50	35	25	23	22	42	15	8	41	52	73	72	66	57	62	62	69	62	149	159	92	25	13
8:04:57	37.0	191	205	192	133	113	80	65	54	45	47	35	35	174	434	357	122	97	69	55	46	48	31	46	30	178	154	160	520	509	479	166	163	178	39	181	40	169	166	164	179	186	164	462	510	173	171	173	43	65	60	51	42	38	23	26	16	36	24	15	30	74	57	63	69	61	60	64	63	67	152	159	75	14	26
8:08:57	37.0	184	218	190	161	105	77	58	52	56	52	39	31	181	438	393	126	92	64	50	31	58	54	39	38	182	157	164	559	536	485	170	165	191	40	196	27	161	184	171	185	179	175	501	512	168	189	163	37	64	63	42	47	30	37	27	21	41	29	26	36	51	65	63	68	64	67	67	73	60	139	161	87	16	15
8:12:57	37.0	198	209	207	154	125	85	61	56	45	52	60	31	173	457	380	124	85	65	54	40	45	39	37	45	165	163	175	574	544	497	193	186	203	48	197	36	173	187	172	187	189	184	527	559	177	197	184	35	60	69	55	40	31	26	21	28	50	27	21	37	66	70	70	56	58	76	50	79	62	146	162	91	12	8
8:16:57	37.0	205	231	200	150	121	73	58	51	52	50	35	49	182	481	404	133	97	66	53	46	47	39	41	43	186	160	168	582	582	515	187	183	206	32	199	41	182	186	188	188	214	168	536	564	187	194	197	40	71	63	61	50	39	30	25	23	43	23	23	41	64	63	61	65	68	62	63	74	66	163	165	91	16	17
8:20:57	37.0	222	234	234	146	116	81	60	52	62	44	41	38	187	455	390	125	96	59	47	44	46	41	40	40	186	173	181	621	591	530	193	165	213	50	199	36	176	200	189	206	198	179	553	600	179	209	199	38	80	66	52	43	44	31	34	20	46	25	22	39	67	57	65	57	70	67	60	78	70	155	175	96	18	18
8:24:57	37.0	231	230	217	155	112	91	59	51	50	41	51	47	196	495	402	130	93	64	54	60	54	52	47	35	186	190	192	645	609	586	183	183	221	39	216	36	179	192	199	199	208	189	581	601	186	212	193	39	69	73	57	44	40	33	18	26	44	14	27	43	74	68	76	51	64	66	57	80	71	173	174	99	10	17
8:28:57	37.0	226	239	223	146	121	82	67	50	50	42	56	29	209	481	417	138	92	69	52	50	45	50	49	43	192	176	202	655	651	596	195	195	208	50	218	33	202	204	197	204	204	194	618	639	182	226	196	39	68	77	72	48	32	33	33	27	50	26	17	45	61	78	69	69	69	78	64	72	72	168	174	100	15	21
8:32:57	37.0	235	242	224	169	125	90	69	54	48	44	49	40	200	523	427	148	104	69	64	50	45	47	44	37	200	195	195	683	680	589	218	198	229	54	231	39	195	200	201	205	209	192	618	667	196	236	192	37	83	65	53	36	30	35	35	25	52	21	29	33	59	70	80	56	63	67	68	77	74	178	193	103	15	6
8:36:57	37.0	231	247	242	176	119	86	65	47	56	49	53	37	202	508	419	137	108	75	59	61	49	51	56	34	208	190	206	713	693	607	215	197	229	46	218	38	207	207	214	230	211	208	666	715	194	224	219	38	69	62	56	46	42	34	26	30	43	21	18	46	61	63	69	74	63	77	67	81	68	184	187	101	14	8
8:40:57	37.0	249	263	219	174	135	89	60	61	65	51	41	36	206	536	437	139	110	70	60	59	54	41	46	37	216	198	204	743	707	627	215	214	231	52	242	46	222	231	221	247	232	214	693	706	213	232	220	44	83	75	55	56	39	42	33	19	49	25	24	42	58	77	71	64	75	74	69	80	73	188	193	108	12	14
8:44:57	37.0	259	270	232	178	142	81	63	58	60	56	61	40	232	560	457	144	119	67	56	52	51	39	48	40	212	188	206	768	728	667	209	208	233	55	252	35	218	234	226	235	226	217	686	737	231	247	220	46	71	67	65	47	34	29	37	25	46	26	23	31	61	75	73	70	73	75	66	83	70	190	204	109	17	6
8:48:57	37.0	263	259	247	177	134	92	57	52	66	55	46	41	208	562	437	138	97	76	60	44	49	54	64	47	212	210	234	791	744	681	228	215	244	40	240	34	233	233	229	232	234	213	707	749	221	234	214	38	90	71	58	49	33	20	24	33	39	28	26	35	76	70	78	74	76	81	71	77	67	199	192	105	11	12
8:52:57	37.0	235	257	241	186	133	76	65	55	55	47	53	33	233	573	446	128	119	77	63	55	56	49	53	35	235	205	226	795	769	706	219	218	238	57	251	38	225	233	233	247	251	230	735	768	233	239	234	45	84	75	61	55	40	36	33	26	52	14	20	40	71	79	80	66	70	71	65	70	79	189	197	110	12	15
8:56:57	37.0	260	285	253	182	139	87	68	57	48	49	57	36	220	557	455	137	113	74	59	51	48	55	49	37	229	219	228	820	787	704	238	229	244	43	260	32	233	236	236	258	252	242	759	821	233	236	241	39	75	70	64	41	41	29	23	24	45	15	17	45	74	74	71	74	71	86	75	76	72	201	212	101	18	18
9:00:57	37.0	280	291	236	180	147	98	59	58	64	53	49	34	239	580	487	139	108	79	59	58	50	43	53	45	228	211	238	833	816	750	242	230	248	57	273	43	240	254	249	248	249	234	779	818	244	246	235	36	71	64	65	53	41	33	25	22	54	27	17	32	67	81	78	73	78	88	68	73	62	210	220	119	6	11
9:04:57	37.0	266	276	256	175	140	89	62	71	56	62	65	48	236	589	474	155	103	74	61	54	54	66	47	38	239	222	264	866	824	754	241	212	261	51	261	40	244	252	248	269	268	251	809	814	266	239	249	41	87	60	57	50	36	35	23	14	53	26	31	49	60	74	75	66	73	82	67	79	77	215	227	115	12	14
9:08:57	37.0	269	279	261	182	145	102	72	62	58	57	56	35	254	606	470	139	110	73	65	52	57	56	55	42	242	231	243	885	839	789	250	242	257	48	284	38	241	275	248	270	254	251	813	849	228	244	242	39	90	69	63	48	41	34	26	22	60	36	31	37	81	79	75	68	75	76	79	79	75	218	229	125	20	17
9:12:57	37.0	274	282	259	214	140	93	73	59	58	53	47	40	248	623	495	149	121	85	57	54	46	58	62	41	241	226	248	930	868	788	254	255	272	52	277	35	241	253	257	270	277	260	847	888	241	254	261	31	82	71	65	47	42	36	23	32	50	30	38	39	68	71	81	66	76	93	72	77	73	219	237	131	17	6
9:16:57	37.0	279	291	245	188	150	100	85	71	58	56	49	40	251	639	497	157	121	83	66	49	43	38	51	44	244	227	240	914	895	816	248	254	278	44	278	37	245	257	261	288	278	276	879	892	279	269	264	44	95	75	69	45	43	35	32	19	55	32	34	42	79	81	64	71	64	75	82	88	79	213	225	125	10	9
9:20:57	37.0	287	314	273	195	144	103	77	65	65	63	46	46	257	626	520	153	116	82	69	51	52	35	46	36	250	243	275	946	935	856	261	256	282	40	304	43	251	269	266	278	277	277	890	929	264	269	270	39	84	72	77	55	39	31	44	13	55	21	33	42	72	70	69	72	72	85	63	85	77	222	236	130	16	17
9:24:57	37.0	298	333	285	204	148	93	83	63	54	56	60	43	263	657	501	158	114	69	62	44	71	54	57	38	241	253	262	988	961	850	269	265	285	52	313	35	269	281	277	280	290	286	915	949	268	273	276	42	98	71	77	48	34	40	32	35	58	31	35	43	87	80	74	85	68	87	65	78	69	231	248	133	10	9
9:28:57	37.0	287	312	280	190	150	101	71	70	71	53	62	43	270	645	508	153	119	87	72	56	55	45	57	39	244	246	277	1011	969	899	245	257	290	48	291	31	252	289	267	288	284	287	913	979	279	265	278	37	96	77	77	50	37	35	29	36	47	31	26	33	74	84	88	76	81	83	65	91	79	241	252	146	9	14
9:32:57	37.0	295	315	264	189	147	97	76	67	66	56	54	45	275	673	506	160	130	74	60	52	67	60	55	49	265	269	277	1029	998	896	268	276	299	51	325	50	260	283	268	305	293	277	941	1002	285	277	284	42	89	79	68	51	41	31	27	29	58	16	15	40	67	87	84	77	81	82	86	77	76	230	239	146	8	15
9:36:57	37.0	331	306	278	195	156	102	80	59	68	69	62	50	278	674	516	165	123	85	58	61	48	45	58	36	261	263	285	1047	982	920	268	259	301	59	315	47	258	295	268	304	303	271	958	992	281	279	291	42	103	79	71	51	35	40	41	26	58	41	30	38	81	91	86	86	78	81	78	74	85	251	263	148	7	17
9:40:57	37.0	302	315	271	198	162	102	85	59	57	56	54	45	259	673	534	176	125	88	72	58	49	60	47	35	266	268	277	1052	1042	967	277	262	310	45	328	34	262	277	283	298	297	278	990	1039	310	301	308	35	94	82	65	62	39	33	35	22	66	34	33	42	81	87	84	84	76	94	71	96	83	264	264	163	11	18
9:44:57	37.0	308	337	274	193	143	112	87	66	64	54	57	33	297	683	537	166	116	80	76	60	66	51	60	41	266	272	279	1085	1038	980	289	284	303	62	322	44	287	298	291	304	305	299	991	1053	310	289	311	47	100	88	70	58	39	34	26	22	55	24	34	43	80	82	90	81	81	84	75	86	80	254	278	162	13	15
9:48:57	37.0	337	316	297	218	158	104	86	64	74	72	56	52	288	699	560	160	118	92	73	63	62	56	63	46	272	285	304	1099	1056	994	293	285	319	54	321	43	288	298	289	303	317	296	1055	1116	311	271	309	42	108	77	81	51	44	39	35	29	70	29	36	38	86	82	86	83	86	87	76	87	82	255	261	166	11	21
9:52:57	37.0	320	330	283	223	163	111	84	66	63	56	55	48	295	726	547	166	121	86	66	56	61	63	55	41	277	264	312	1118	1074	1004	265	295	334	57	339	44	273	297	290	313	325	294	1054	1108	326	297	296	52	112	81	66	64	40	25	37	26	68	23	29	34	82	93	91	80	85	95	90	76	84	272	270	168	17	10
9:56:57	37.0	321	333	289	207	165	102	76	69	64	66	65	43	311	701	562	168	133	83	63	55	55	48	47	46	279	278	294	1152	1128	1044	286	277	331	63	320	56	297	313	302	308	320	301	1069	1121	301	291	327	44	102	81	80	52	43	38	32	26	70	21	31	39	95	89	81	72	81	85	81	102	93	284	284	181	14	24
10:00:57	37.0	354	346	296	205	166	108	68	75	65	69	61	47	308	733	563	172	137	82	77	59	55	62	56	47	283	296	309	1174	1122	1025	292	289	328	60	339	52	296	320	317	320	343	305	1101	1128	315	292	319	44	94	88	93	56	52	41	26	24	69	26	34	45	77	86	80	84	94	100	73	95	89	270	303	176	3	10
10:04:57	37.0	345	352	300	213	151	109	90	74	63	71	66	49	314	727	576	177	120	98	58	72	53	61	55	45	291	303	328	1201	1155	1092	299	306	324	52	348	43	300	333	314	326	342	302	1126	1145	327	316	312	37	118	75	74	63	45	47	36	38	69	17	30	42	84	76	86	92	82	89	89	82	105	283	304	181	24	17
10:08:57	37.0	364	344	282	210	162	110	86	62	72	58	58	52	320	750	599	182	134	83	72	62	55	57	71	50	290	293	318	1216	1169	1097	304	295	341	61	349	47	310	337	302	342	332	313	1148	1195	333	304	322	42	97	93	72	65	38	52	35	26	75	21	35	38	83	103	92	91	96	89	80	96	82	283	303	186	25	11
10:12:57	37.0	364	341	297	216	162	110	84	66	59	60	60	44	323	745	592	175	128	90	71	54	70	60	65	50	284	311	324	1270	1165	1114	309	311	356	59	348	46	298	340	321	329	339	316	1152	1210	329	310	334	42	107	84	83	55	45	40	35	34	61	24	32	45	83	86	85	78	75	94	95	96	85	289	302	193	9	16
10:16:57	37.0	389	341	302	213	173	109	88	68	78	72	75	41	336	757	605	178	129	90	67	55	60	65	59	52	297	311	319	1273	1205	1157	319	323	359	53	359	43	311	343	321	334	363	310	1160	1238	327	306	325	50	109	85	89	57	56	42	41	26	76	32	34	43	85	83	95	90	97	102	89	99	89	311	323	200	10	9
10:20:57	37.0	391	352	326	215	162	113	89	71	72	71	69	53	337	734	602	163	133	103	71	64	51	61	67	55	315	311	337	1271	1248	1157	318	319	354	66	370	41	316	335	310	357	361	327	1191	1300	337	323	314	48	111	71	68	65	46	31	44	22	79	35	27	53	89	87	101	80	90	80	90	102	88	318	318	215	5	7
10:24:57	37.0	375	359	310	210	166	102	91	76	64	85	67	49	334	767	605	168	138	93	73	64	55	56	65	53	321	305	326	1309	1239	1182	323	320	369	68	370	44	321	340	326	356	339	310	1219	1264	334	322	332	46	103	86	68	54	47	37	37	29	67	39	37	32	87	95	99	77	94	93	82	100	97	321	317	182	20	14
10:28:57	37.0	379	390	311	216	178	117	86	77	68	68	70	48	339	798	622	177	132	102	71	62	62	73	60	49	301	319	356	1314	1241	1213	327	331	374	61	380	41	331	351	333	373	359	329	1228	1304	342	320	349	52	105	73	81	66	49	47	32	26	80	27	37	40	88	93	93	79	89	93	91	99	96	318	326	209	18	10
10:32:57	37.0	394	386	315	219	174	119	92	78	71	76	67	43	371	788	612	186	130	98	68	61	56	65	71	67	308	324	353	1340	1305	1213	323	335	362	54	375	47	320	358	362	359	364	335	1217	1319	367	334	346	46	95	90	73	59	50	44	29	30	81	21	25	47	80	86	106	103	95	96	88	105	104	312	328	214	20	13
10:36:57	37.0	406	366	333	235	173	115	93	76	72	75	61	61	374	804	622	182	153	103	66	65	69	65	66	55	327	329	354	1367	1294	1228	321	332	382	60	398	55	324	377	340	352	380	324	1279	1358	348	320	348	39	110	83	81	63	46	46	38	30	85	32	31	50	88	101	93	88	93	93	105	104	92	314	335	218	18	19
10:40:57	37.0	408	376	307	211	180	110	91	75	69	74	59	49	369	805	634	169	133	109	80	71	61	64	57	47	326	314	348	1393	1347	1253	321	331	389	59	386	57	346	351	358	379	371	324	1271	1374	350	330	345	45	102	91	82	69	48	34	36	34	82	27	32	52	93	87	103	94	92	92	97	103	85	346	331	219	4	8
10:44:57	37.0	387	387	314	241	180	110	81	67	72	80	70	45	357	802	641	187	131	95	72	64	77	66	77	53	322	337	363	1424	1338	1272	336	334	384	71	380	42	347	381	343	386	384	334	1322	1387	367	325	342	54	109	93	84	75	43	38	37	32	82	23	32	36	98	99	104	101	106	110	93	104	104	335	354	224	9	16
10:48:57	37.0	410	370	329	234	178	116	84	80	84	75	56	48	367	829	643	184	142	104	70	79	60	54	65	49	335	339	370	1477	1349	1299	353	351	392	56	392	39	328	363	345	378	382	342	1335	1431	374	314	355	46	104	81	84	64	56	37	34	29	76	34	38	42	87	94	93	100	90	103	94	94	99	334	362	242	8	19
10:52:57	37.0	417	384	331	235	176	121	95	77	72	71	74	52	377	839	650	190	137	89	84	68	55	62	68	61	331	335	362	1449	1385	1338	351	343	375	65	414	49	348	377	362	364	394	337	1325	1428	390	335	349	42	114	96	86	66	48	43	33	30	85	25	21	44	83	90	98	95	97	107	87	117	101	363	360	226	19	23
10:56:57	37.0	421	384	335	237	173	116	95	71	65	70	72	50	388	835	660	179	144	105	73	73	63	62	82	63	332	345	361	1497	1393	1361	346	355	395	56	405	49	359	391	355	382	385	334	1376	1455	379	340	383	49	101	90	88	71	50	40	33	29	83	35	28	52	108	105	111	102	86	104	108	112	107	348	365	244	13	7
11:00:57	37.0	418	392	332	240	185	121	93	81	74	82	71	45	370	854	646	187	140	103	71	79	68	62	67	54	346	342	375	1544	1426	1372	341	346	403	71	411	55	368	382	356	385	392	331	1360	1482	383	356	354	48	115	94	86	70	53	40	42	32	95	32	35	42	92	104	113	94	93	105	104	109	95	364	370	238	19	17
11:04:57	37.0	419	395	327	255	202	119	102	90	74	68	77	52	385	842	682	188	154	100	79	74	64	57	63	60	348	356	391	1542	1430	1387	347	372	422	62	418	47	358	407	360	390	411	340	1411	1498	388	354	368	53	107	82	85	75	52	44	33	24	83	30	33	49	102	102	113	99	93	114	107	112	109	368	366	262	14	8
11:08:57	37.0	429	401	343	242	182	121	108	69	74	81	78	54	387	865	691	192	145	100	77	58	72	71	65	50	327	362	382	1579	1456	1420	377	377	411	69	426	52	358	400	369	382	421	352	1427	1567	373	346	378	47	122	113	82	57	52	43	52	43	87	37	37	43	101	108	102	91	99	98	98	103	100	379	403	255	11	14
11:12:57	37.0	439	404	358	238	182	130	96	77	81	63	83	45	401	862	677	200	148	100	72	62	70	65	64	57	339	364	401	1580	1467	1449	366	370	400	65	420	45	364	386	362	399	409	350	1409	1547	404	352	376	43	125	96	91	59	50	42	33	34	95	29	34	47	100	108	115	94	109	112	111	114	109	383	381	266	7	16
11:16:57	37.0	452	398	354	244	195	128	106	80	78	70	67	58	413	885	683	194	147	110	84	77	58	73	71	64	372	347	400	1630	1478	1473	377	380	416	61	431	46	376	405	392	400	426	357	1448	1588	397	340	387	50	120	104	78	63	55	42	37	29	85	26	30	54	90	108	107	96	98	109	98	108	108	397	409	276	11	20
11:20:57	37.0	446	413	349	258	207	131	100	96	84	71	77	61	418	874	681	204	166	108	81	76	80	53	68	55	363	376	382	1652	1499	1487	373	380	442	62	439	42	378	402	386	400	401	364	1492	1627	403	357	388	41	127	101	93	69	56	48	36	32	100	36	38	60	90	108	113	105	100	109	108	126	105	389	403	279	14	13
11:24:57	37.0	445	427	349	251	182	126	91	76	83	78	76	56	427	897	705	214	155	104	94	79	69	69	74	58	359	383	408	1661	1522	1504	367	375	431	76	450	51	372	400	406	407	424	362	1497	1626	408	360	390	51	127	85	86	74	49	46	39	30	87	33	30	48	95	112	107	100	100	107	107	117	114	402	404	268	19	26
11:28:57	37.0	443	414	357	260	198	128	100	82	74	81	77	65	429	884	714	188	157	109	73	72	71	83	81	49	354	372	434	1671	1500	1519	365	392	438	61	451	55	387	412	400	406	439	364	1500	1642	394	360	391	62	127	104	90	67	61	43	35	37	99	27	30	52	106	120	116	106	96	106	106	113	98	402	429	273	15	20
11:32:57	37.0	458	423	357	253	208	134	107	87	84	89	74	57	435	909	709	197	136	119	86	76	72	73	80	60	360	381	434	1745	1524	1525	387	385	453	73	448	50	383	406	397	406	420	361	1540	1684	402	395	408	51	138	102	87	74	60	41	34	41	106	39	39	48	118	121	124	104	104	111	108	129	107	402	418	288	20	8
11:36:57	37.0	465	428	375	256	195	134	101	92	81	90	86	50	439	902	708	202	158	101	91	74	70	76	77	54	377	388	439	1724	1500	1547	382	393	446	67	456	46	382	418	390	411	451	360	1575	1675	406	374	409	42	140	100	86	66	46	51	31	41	104	24	41	61	117	116	114	105	112	115	108	118	105	423	419	281	15	13
11:40:57	37.0	491	431	370	247	200	127	100	90	85	82	78	66	443	922	710	206	163	109	96	72	66	61	77	63	365	385	440	1778	1519	1590	390	396	460	70	467	47	380	427	397	420	440	349	1573	1712	415	370	411	55	128	114	100	77	47	51	34	36	104	35	34	54	111	107	115	97	99	102	113	111	116	412	425	281	19	13
11:44:57	37.0	489	434	367	255	200	126	100	93	67	82	77	55	438	923	726	208	162	108	84	80	81	70	86	64	373	396	433	1787	1538	1624	401	399	486	73	476	53	404	442	403	427	438	363	1615	1738	408	382	406	60	143	107	95	74	57	42	49	34	101	39	33	47	119	119	128	118	91	106	104	131	122	422	420	290	4	14
11:48:57	37.0	487	448	383	265	208	142	109	93	89	82	76	62	464	926	726	216	154	115	93	79	76	63	86	70	369	397	437	1824	1587	1622	399	404	473	75	458	43	402	430	403	431	434	370	1626	1810	440	387	415	48	137	112	87	77	52	50	34	32	109	28	38	48	117	106	119	110	116	113	118	130	110	428	440	304	14	6
11:52:57	37.0	463	452	361	261	214	137	103	96	83	72	86	60	484	930	731	216	162	113	97	69	73	66	73	57	380	402	436	1839	1566	1692	410	420	473	74	481	54	416	433	394	419	441	374	1665	1780	431	395	421	48	139	111	114	68	60	43	40	39	108	34	27	48	106	115	115	125	107	114	114	134	111	438	445	308	16	18
11:56:57	37.0	475	438	391	251	201	140	100	83	83	79	85	64	453	950	725	210	167	111	90	66	86	78	83	59	395	404	438	1864	1605	1679	407	412	483	79	471	64	417	438	427	452	467	370	1670	1827	425	391	438	57	145	116	89	71	53	50	29	30	102	43	31	53	121	119	122	108	109	111	112	129	110	429	457	297	14	15
12:00:57	37.0	483	448	380	283	209	130	115	84	78	83	76	55	474	940	759	202	166	110	98	77	82	83	67	64	377	407	448	1899	1607	1725	402	410	505	73	498	59	403	450	433	433	450	356	1697	1836	439	412	442	42	148	119	95	71	56	53	35	27	105	43	39	56	120	117	110	116	104	117	112	112	115	458	464	319	20	14
12:04:57	37.0	504	455	398	284	205	133	106	94	99	85	70	73	489	944	735	207	161	113	82	80	89	80	78	75	380	419	441	1937	1574	1728	424	423	507	69	486	43	413	454	435	447	470	381	1728	1829	447	399	427	57	143	115	88	76	51	40	37	38	120	28	38	50	118	110	121	108	112	121	105	131	120	460	457	315	6	11
12:08:57	37.0	517	452	390	268	220	136	113	83	86	89	70	66	475	958	759	193	160	103	94	68	78	70	74	65	379	413	441	1962	1597	1764	392	412	483	72	490	53	413	466	433	450	473	382	1762	1860	447	398	435	59	137	108	100	81	64	46	39	28	112	32	22	61	108	120	130	115	105	109	116	117	127	463	484	328	19	16
12:12:57	37.0	513	451	377	271	221	143	108	96	82	80	77	63	475	986	749	218	169	125	79	75	65	78	78	56	385	404	467	1993	1599	1773	423	420	504	77	484	51	439	454	452	446	472	380	1777	1886	439	385	435	54	143	121	101	74	54	50	47	33	113	30	31	46	120	123	130	127	113	124	106	121	124	466	492	324	12	7
12:16:57	37.0	519	457	391	263	212	147	112	99	92	90	74	58	504	977	769	221	158	114	86	81	82	74	96	64	405	408	435	1981	1620	1822	421	440	501	67	499	44	425	477	436	452	495	386	1819	1916	468	398	459	54	144	127	102	80	61	40	33	31	111	34	42	54	123	111	131	117	115	123	116	139	114	469	484	332	7	15
12:20:57	37.0	534	463	395	283	226	138	108	91	78	78	92	74	497	978	776	211	172	123	83	84	85	80	84	73	415	431	454	2023	1625	1816	412	444	516	85	498	48	436	462	454	479	491	395	1821	1969	459	410	445	60	148	109	97	69	52	59	36	40	123	31	30	35	133	126	125	120	115	119	102	123	125	479	480	339	1	15
12:24:57	37.0	537	463	390	261	217	135	106	91	93	95	76	66	507	985	773	224	171	128	91	90	70	72	79	69	395	432	474	2051	1658	1818	417	431	512	81	522	48	436	471	467	472	495	383	1869	1935	461	435	453	52	160	114	97	76	62	48	40	36	122	31	43	58	135	110	126	117	122	124	115	129	120	483	479	332	24	14
12:28:57	37.0	541	456	385	281	218	144	110	101	98	87	86	69	492	993	771	230	160	125	94	82	88	72	73	55	408	446	466	2082	1663	1877	429	440	500	69	494	59	442	488	479	483	509	394	1846	1975	471	419	467	43	154	126	95	75	66	45	41	38	115	34	27	62	132	128	142	114	116	117	121	134	130	495	500	347	17	17
12:32:57	37.0	537	469	395	269	216	150	121	93	86	80	77	74	513	992	786	229	175	133	91	83	72	72	81	63	404	459	461	2137	1655	1857	422	432	514	77	511	55	444	490	475	492	488	397	1904	1979	478	415	468	51	162	124	89	81	57	51	43	38	123	28	32	67	128	128	134	108	114	123	115	148	139	504	496	349	8	19
12:36:57	37.0	545	448	412	279	211	143	108	87	93	90	78	70	507	1027	787	222	181	112	89	89	79	77	88	63	408	422	477	2086	1685	1878	434	442	539	76	508	63	422	489	465	479	508	379	1890	2028	481	443	466	48	152	120	100	71	63	60	48	37	116	38	35	54	125	127	139	125	106	133	125	141	130	492	527	358	15	26
12:40:57	37.0	534	481	397	278	217	154	114	102	90	91	83	68	499	1010	815	224	171	123	102	91	77	78	87	64	404	463	480	2115	1700	1901	435	460	520	85	510	59	470	490	472	468	502	391	1935	2016	475	433	459	51	162	117	91	71	59	42	44	36	133	41	28	57	126	133	132	139	116	129	129	148	136	500	518	362	4	17
12:44:57	37.0	545	470	403	289	210	153	111	86	87	84	82	69	525	992	818	231	184	114	98	88	84	93	80	65	422	476	475	2101	1732	1897	446	468	543	84	531	59	454	483	463	494	503	415	1925	2024	479	423	477	69	159	126	105	84	59	47	44	37	120	34	44	63	131	123	140	141	115	117	124	141	139	497	531	355	15	26
12:48:57	37.0	549	466	417	284	228	145	113	104	93	95	89	68	518	1011	811	228	180	135	85	95	85	88	77	74	428	453	479	2108	1737	1956	439	467	530	80	529	61	457	514	476	479	512	416	1968	2047	458	406	501	61	166	126	93	81	51	53	48	25	124	40	46	52	122	133	136	124	120	136	133	141	148	505	547	372	23	4
12:52:57	37.0	566	491	415	280	227	146	119	105	89	79	94	78	523	1038	838	240	183	125	84	82	83	87	88	78	434	477	472	2154	1728	1966	462	470	525	68	534	51	464	510	470	505	528	406	1969	2051	485	448	476	58	170	118	104	69	57	48	45	28	123	31	43	54	125	139	135	124	125	136	130	147	142	519	524	361	19	19
12:56:57	37.0	574	480	421	278	225	156	116	105	93	86	90	77	544	1008	823	239	175	131	94	95	90	84	83	65	405	465	482	2164	1731	1982	440	473	550	78	538	55	472	518	480	504	531	415	1964	2120	512	426	503	61	178	124	105	78	65	59	47	40	131	39	34	54	132	121	134	125	123	125	119	156	150	511	541	378	22	8
13:00:57	37.0	559	468	433	289	235	156	118	103	90	93	83	77	523	1049	815	235	182	139	98	94	84	89	98	70	455	468	464	2205	1814	1993	461	458	541	75	566	55	478	535	499	505	504	410	1988	2132	500	456	484	53	156	121	101	86	68	51	40	34	141	41	41	52	134	142	149	130	129	141	135	167	149	526	551	379	12	18
13:04:57	37.0	579	504	422	284	223	150	125	108	89	93	90	77	522	1034	812	234	176	138	99	74	98	91	82	65	436	479	481	2190	1831	2040	465	479	534	85	563	61	472	523	483	502	533	423	2052	2119	518	443	517	58	180	128	104	82	57	38	52	43	141	39	45	64	138	139	142	155	122	134	120	149	141	514	542	370	22	10
13:08:57	37.0	576	506	426	285	227	157	123	106	97	86	85	73	563	1058	824	215	189	130	98	85	92	85	99	76	428	506	492	2251	1837	2043	466	508	563	84	550	58	477	538	500	500	529	431	2073	2130	502	455	516	55	165	122	95	77	63	48	40	38	140	35	42	64	138	133	148	118	127	143	135	155	136	535	534	386	12	12
13:12:57	37.0	569	509	411	287	220	136	121	105	99	96	83	76	563	1058	836	240	177	128	102	88	88	99	90	68	444	500	479	2220	1819	2065	462	494	564	83	570	57	487	539	494	512	535	411	2069	2169	529	453	529	56	168	120	112	88	62	58	49	34	149	31	44	64	138	144	143	130	134	147	134	141	152	533	559	389	17	17
13:16:57	37.0	588	484	441	275	233	164	114	103	91	101	92	75	546	1055	838	206	177	134	90	83	92	93	89	80	428	510	489	2292	1871	2072	471	500	586	96	580	59	486	556	507	517	522	431	2101	2197	515	462	534	62	182	137	102	77	66	46	38	30	135	48	35	55	131	141	144	142	122	144	132	153	139	526	567	391	15	21
13:20:57	37.0	592	518	444	294	227	144	127	97	89	90	85	83	560	1061	843	234	183	140	107	91	83	82	98	63	471	487	487	2327	1865	2123	500	501	568	79	580	54	497	555	501	535	544	430	2099	2213	511	472	511	60	170	128	93	68	60	57	42	42	143	39	44	69	142	148	146	138	130	149	147	148	161	535	566	392	14	27
13:24:57	37.0	611	503	458	301	235	162	129	97	97	93	97	88	560	1057	853	245	184	127	108	98	88	99	91	76	468	516	513	2272	1865	2137	494	494	581	85	562	61	508	578	515	515	531	435	2156	2180	520	475	526	57	181	131	113	71	65	53	39	44	137	44	32	69	149	153	136	135	140	147	143	165	167	539	560	395	14	20
13:28:57	37.0	591	508	448	298	231	164	127	110	97	89	79	77	564	1082	876	246	186	130	98	89	91	78	96	86	453	494	522	2343	1855	2172	498	510	586	81	567	60	523	564	509	522	547	438	2149	2215	538	478	520	63	179	133	103	78	69	57	40	40	142	46	42	67	148	147	159	143	134	137	128	157	155	551	573	397	4	14
13:32:57	37.0	577	510	455	293	224	156	123	113	103	89	82	89	582	1099	880	244	187	129	105	100	90	83	97	84	457	519	513	2327	1899	2164	513	512	588	88	587	56	504	579	523	531	549	457	2165	2254	549	470	545	61	175	126	112	80	56	48	30	34	153	31	41	59	151	139	149	131	141	148	141	168	163	570	567	403	19	6
13:36:57	37.0	592	523	436	292	242	167	127	113	95	84	83	80	572	1087	876	249	188	131	111	105	103	80	88	88	466	506	516	2386	1888	2163	485	495	600	86	581	57	531	593	517	547	551	470	2164	2258	534	482	574	58	180	127	104	81	70	50	47	39	141	41	41	53	141	151	160	152	146	160	137	156	174	589	591	402	22	6
13:40:57	37.0	609	509	451	301	239	160	129	96	100	88	100	90	581	1071	864	254	180	133	99	109	95	87	92	72	468	513	517	2331	1901	2168	507	524	597	92	575	62	531	599	517	553	566	443	2198	2287	545	500	544	59	181	122	110	75	61	53	42	44	137	44	34	55	150	147	154	133	152	153	160	175	172	573	584	404	21	8
13:44:57	37.0	617	542	448	288	238	163	125	111	83	95	92	92	591	1093	885	245	186	141	91	97	100	88	100	78	477	531	526	2362	1967	2214	489	544	592	74	575	72	541	573	515	560	584	465	2233	2302	557	508	562	59	183	127	107	81	61	53	47	44	157	42	40	53	166	158	156	133	127	157	142	147	159	595	607	422	12	16
13:48:57	37.0	604	532	450	309	242	155	121	123	99	89	93	81	585	1111	881	244	198	132	104	86	96	90	97	76	475	519	544	2391	1921	2173	522	531	605	78	590	71	529	598	540	568	587	445	2242	2348	562	505	575	61	194	135	107	91	68	48	44	41	153	38	41	67	159	165	155	145	136	157	145	174	160	587	607	434	9	8
13:52:57	37.0	613	537	447	308	236	164	125	108	91	87	84	92	613	1110	899	242	192	139	108	108	86	90	95	83	494	543	525	2394	1959	2280	515	548	600	81	573	64	527	608	541	579	578	458	2272	2355	571	493	559	57	177	121	107	89	62	52	41	36	157	43	44	65	163	138	162	143	142	153	157	175	168	584	635	432	10	16
13:56:57	37.0	621	528	455	323	239	160	128	104	104	94	91	88	586	1101	897	246	184	149	108	89	86	88	79	79	470	548	532	2369	1972	2260	523	548	593	89	590	68	563	600	553	577	574	466	2279	2394	584	499	593	71	192	121	108	83	62	47	45	39	161	39	36	68	157	157	147	151	144	165	151	171	172	590	603	426	19	16
14:00:57	37.0	604	550	467	301	250	176	137	113	103	88	92	80	599	1124	902	248	191	131	97	102	97	82	90	70	503	541	556	2430	2013	2268	543	555	635	90	600	56	566	596	549	568	589	465	2276	2383	585	503	612	62	197	144	109	81	60	50	43	46	163	36	33	56	157	153	152	148	157	165	161	169	172	609	622	436	9	24
14:04:57	37.0	632	536	465	312	247	164	151	111	109	101	102	94	600	1115	923	258	185	140	109	97	82	86	100	88	487	523	544	2449	1991	2286	537	566	582	81	584	69	577	621	558	570	594	476	2299	2401	567	510	587	65	200	133	110	78	64	50	45	42	163	51	36	66	169	166	159	152	141	176	159	177	173	606	658	431	11	8
14:08:57	37.0	627	537	461	299	246	164	140	114	97	96	96	93	613	1143	922	244	191	142	114	94	106	89	106	70	502	554	538	2418	2053	2272	561	576	593	85	592	63	566	644	567	602	596	490	2310	2413	578	513	626	57	186	135	106	88	73	61	40	51	165	40	47	63	166	151	158	154	158	165	159	181	182	618	667	455	15	16
14:12:57	37.0	614	554	448	306	253	170	130	115	96	107	93	89	608	1174	933	249	211	140	104	102	88	84	112	78	510	567	563	2462	2046	2336	563	587	632	78	634	69	558	624	554	577	630	487	2380	2432	603	534	600	64	199	130	108	85	66	61	61	42	173	41	35	63	158	169	147	173	152	172	159	188	174	629	664	454	13	22
14:16:57	37.0	613	538	475	319	259	170	127	121	99	92	99	93	608	1180	935	261	185	144	97	98	91	88	107	74	505	570	543	2459	2010	2270	569	582	635	87	620	63	562	654	556	592	640	495	2349	2424	583	516	623	57	217	145	120	85	70	49	49	46	179	40	47	70	170	163	168	170	163	170	172	169	177	631	648	466	7	9
14:20:57	37.0	610	538	459	317	251	164	137	111	97	104	101	94	624	1151	924	257	184	140	101	92	103	96	90	76	512	579	548	2488	2021	2325	558	600	629	84	617	64	564	638	577	616	619	508	2382	2449	583	546	643	62	199	139	109	89	70	49	50	46	179	38	39	74	169	179	163	161	160	170	174	185	185	628	682	469	20	22
14:24:57	37.0	637	556	478	329	252	169	149	111	101	104	105	89	613	1135	914	256	198	139	110	120	106	87	102	78	505	599	562	2505	2071	2349	582	598	621	95	631	61	601	647	567	625	627	500	2410	2521	609	525	617	64	192	131	104	95	61	47	47	50	171	44	37	56	180	161	178	157	151	176	175	187	173	635	670	449	17	6
14:28:57	37.0	638	556	484	318	246	170	145	115	98	102	98	97	629	1158	957	259	190	143	105	100	91	84	90	79	530	569	584	2490	2109	2341	575	609	633	90	637	67	598	666	591	641	647	513	2409	2531	632	539	629	62	204	148	107	87	58	54	48	32	189	46	44	69	171	173	175	166	156	176	173	187	170	661	679	481	12	9
14:32:57	37.0	634	549	487	323	257	170	132	124	110	106	95	89	638	1173	936	244	196	139	105	93	94	85	108	75	525	584	573	2500	2117	2348	578	601	627	92	619	79	603	680	595	640	633	494	2412	2513	596	566	629	73	207	143	101	93	69	58	61	45	178	35	42	75	177	172	169	164	156	173	188	185	181	632	698	463	15	17
14:36:57	37.0	649	566	480	311	247	180	136	119	98	100	105	101	629	1205	933	259	188	142	101	104	96	89	96	90	539	594	573	2517	2108	2370	582	630	629	86	618	59	600	664	589	629	637	517	2401	2502	618	542	662	68	203	129	104	90	66	51	50	33	186	29	40	72	186	168	178	154	154	174	178	209	191	656	702	480	22	17
14:40:57	37.0	627	568	482	321	261	173	152	121	110	95	100	95	639	1176	965	254	199	147	108	102	98	97	105	83	542	602	600	2532	2141	2352	593	628	646	87	612	58	612	666	604	659	670	495	2448	2540	632	564	653	56	206	139	93	93	67	48	53	44	203	39	50	65	181	183	173	161	156	178	185	202	178	658	683	492	21	12
14:44:57	37.0	646	567	482	335	256	176	145	118	102	107	93	87	628	1190	948	267	197	147	108	112	93	87	98	85	546	631	610	2514	2158	2390	594	610	642	82	648	68	604	665	624	644	650	547	2470	2581	654	566	667	57	209	147	107	98	74	55	44	39	189	49	40	79	194	171	177	177	171	188	186	188	186	663	690	486	21	11
14:48:57	37.0	639	573	478	323	260	162	141	118	102	100	102	91	656	1178	961	265	202	151	107	95	100	103	101	82	546	611	619	2527	2172	2418	612	625	647	80	660	56	624	687	599	664	663	520	2441	2598	632	576	654	64	204	152	103	95	68	55	48	46	175	42	50	71	179	183	192	165	167	182	180	189	178	685	687	490	10	22
14:52:57	37.0	653	562	496	321	251	167	135	121	104	93	94	94	656	1199	999	255	204	152	104	106	106	79	98	78	543	610	601	2537	2132	2392	603	629	666	87	648	58	609	700	623	657	684	535	2499	2597	653	583	659	65	211	150	117	92	67	56	46	44	202	41	45	60	181	183	191	171	165	169	198	189	189	684	693	484	7	6
14:56:57	37.0	670	570	492	330	260	176	148	122	110	106	102	103	664	1197	969	265	199	148	102	97	106	99	104	87	549	626	615	2535	2165	2375	613	656	670	87	650	72	621	704	626	662	692	551	2533	2589	664	595	685	65	211	150	101	88	64	52	44	45	203	36	39	72	194	179	203	170	166	186	189	205	189	675	692	493	16	4
15:00:57	37.0	653	570	509	329	265	182	149	123	110	90	105	96	651	1206	956	265	199	152	117	109	92	100	106	79	571	604	635	2537	2168	2403	634	642	645	75	631	70	638	708	627	662	690	554	2525	2614	651	572	687	64	207	154	100	105	59	51	52	44	210	48	60	71	188	191	193	170	172	185	179	205	185	654	697	506	25	11
15:04:57	37.0	640	580	503	320	268	183	140	114	110	120	113	101	662	1234	970	267	203	150	104	115	113	100	104	88	575	621	646	2568	2151	2416	632	654	658	94	659	65	637	719	651	685	715	568	2568	2606	675	605	687	72	213	157	111	95	71	51	57	40	203	31	42	69	184	192	183	180	175	188	199	195	196	683	723	510	21	25
15:08:57	37.0	642	575	491	332	260	178	140	133	98	104	103	94	659	1222	995	257	200	145	100	106	100	88	101	88	578	640	624	2580	2171	2419	630	654	684	81	666	66	650	728	646	696	723	547	2552	2708	658	588	708	62	218	160	112	102	73	58	45	34	215	50	44	71	189	168	200	187	173	186	186	203	183	689	715	525	14	13
15:12:57	37.0	655	570	517	331	255	170	149	117	109	105	112	87	666	1221	998	283	201	148	116	107	99	99	110	85	578	638	629	2606	2148	2456	631	636	665	80	688	66	663	705	650	676	722	559	2590	2711	687	620	716	71	223	134	113	101	71	63	49	35	214	43	46	75	200	172	195	179	174	186	203	211	198	692	732	519	21	15
15:16:57	37.0	662	592	523	321	266	174	156	138	108	105	108	97	695	1242	1006	270	207	145	111	105	94	87	110	77	589	652	627	2645	2208	2460	648	655	642	87	678	63	672	733	642	692	705	579	2588	2643	695	615	726	72	227	150	112	97	70	60	47	46	199	38	54	74	193	180	204	165	172	184	196	204	195	680	724	513	14	9
15:20:57	37.0	645	579	500	337	255	176	145	144	107	104	116	93	697	1231	998	265	202	156	114	94	98	103	97	89	592	671	640	2601	2194	2450	644	675	666	96	665	74	661	725	658	709	727	548	2639	2668	711	623	724	68	216	148	110	79	74	66	70	39	211	31	39	70	204	187	203	188	180	197	193	203	198	701	753	534	10	21
15:24:57	37.0	676	609	500	337	259	179	151	127	101	107	105	99	682	1272	1010	272	206	141	104	109	115	97	106	80	607	657	640	2638	2208	2447	673	686	669	88	685	66	667	747	679	738	727	577	2619	2629	721	620	717	72	221	149	102	93	78	57	46	48	204	52	47	76	202	192	208	185	175	199	213	205	190	718	734	533	13	9
15:28:57	37.0	671	592	512	344	265	189	147	128	116	95	99	99	676	1272	982	276	212	146	106	102	96	92	102	86	608	644	656	2634	2210	2459	686	690	663	96	689	74	676	767	664	717	737	598	2656	2623	720	628	735	75	225	153	109	90	76	55	63	38	217	48	41	84	193	211	207	197	173	190	211	207	191	724	719	536	8	17
15:32:57	37.0	673	592	510	333	274	176	149	122	111	102	104	91	698	1258	1019	262	209	155	118	101	105	99	126	91	607	665	665	2680	2202	2458	662	683	691	95	685	69	686	755	676	733	772	587	2694	2695	744	637	746	78	214	162	107	104	65	62	59	37	228	53	48	77	203	187	198	194	174	205	210	209	207	732	730	533	6	15
15:36:57	37.0	696	617	529	340	271	181	153	129	119	105	105	108	706	1262	1032	281	202	161	118	115	107	96	117	89	621	667	655	2669	2203	2475	668	691	676	90	694	74	724	737	693	742	761	596	2716	2650	725	629	767	72	226	156	96	105	71	65	59	34	232	47	45	82	210	219	206	187	178	202	214	224	206	733	741	556	3	8
15:40:57	37.0	686	604	515	338	275	191	148	137	118	115	112	99	691	1269	1022	271	213	156	114	107	100	105	107	84	631	683	662	2693	2240	2463	663	712	666	84	715	80	704	762	664	745	754	603	2711	2665	710	659	764	64	225	160	112	84	68	58	54	44	226	50	54	85	208	196	214	201	176	190	223	211	213	752	751	547	14	14
15:44:57	37.0	658	606	550	333	262	190	144	116	107	110	108	97	707	1286	1037	283	223	143	120	92	103	97	114	92	627	698	676	2729	2258	2453	683	705	673	104	726	68	708	773	682	731	755	585	2660	2689	729	666	732	70	233	156	116	102	78	60	62	37	236	46	42	76	204	213	218	211	186	217	235	198	215	748	749	569	2	16
15:48:57	37.0	694	596	548	349	267	175	149	139	110	114	103	96	699	1270	1025	282	201	158	115	120	105	93	117	82	629	672	671	2686	2272	2485	693	716	683	100	710	64	712	782	714	754	750	629	2720	2684	753	656	763	67	247	146	110	95	76	68	50	41	250	42	47	70	204	203	219	185	172	201	227	212	205	748	760	562	16	14
15:52:57	37.0	687	602	529	341	261	184	147	124	114	111	108	99	739	1310	1047	291	206	161	120	106	92	98	110	80	639	701	694	2741	2255	2459	719	696	685	110	725	82	709	795	719	762	750	639	2763	2718	769	677	761	71	232	159	108	97	86	51	53	49	222	49	48	77	210	200	213	196	169	209	222	224	221	740	736	553	17	10
15:56:57	37.0	707	602	516	338	282	182	156	123	123	106	110	93	710	1304	1050	272	213	156	123	117	106	101	107	91	652	708	704	2699	2268	2508	683	725	691	91	735	62	749	811	710	766	761	618	2690	2709	756	656	763	73	240	154	123	85	79	66	54	38	233	38	41	73	211	217	227	192	169	209	223	223	209	750	769	570	22	14
16:00:57	37.0	698	605	522	335	284	178	163	129	108	102	112	101	735	1341	1021	278	212	147	126	117	105	97	106	89	676	697	698	2769	2285	2512	716	727	697	101	745	62	745	789	691	755	741	649	2697	2750	778	678	767	67	231	149	119	90	69	56	53	47	247	39	41	74	215	211	226	197	174	212	221	234	221	749	764	554	13	18
16:04:57	37.0	714	629	530	335	279	188	146	131	115	110	102	95	742	1322	1033	283	217	155	112	127	102	94	110	87	675	724	703	2744	2282	2486	716	740	691	105	728	75	742	794	710	780	785	628	2732	2756	778	699	783	79	242	155	116	99	72	62	50	49	251	48	67	83	206	210	223	218	158	220	223	228	238	754	747	554	11	20
16:08:57	37.0	722	595	544	347	272	194	153	128	120	113	99	98	723	1301	1058	275	213	146	132	107	114	105	118	88	641	724	703	2738	2303	2527	706	730	689	96	746	72	748	812	733	801	781	645	2759	2740	769	711	791	71	240	169	115	92	80	63	58	52	252	48	56	88	224	215	225	200	180	215	229	220	227	783	789	575	14	22
16:12:57	37.0	730	621	545	343	263	190	161	133	114	115	110	101	708	1274	1052	277	224	164	122	118	107	95	114	108	684	731	726	2739	2305	2528	733	747	687	90	784	67	778	842	739	796	783	643	2736	2761	799	730	794	76	242	150	117	97	76	69	65	40	242	49	45	83	227	214	234	209	179	216	237	236	240	791	809	589	21	20
16:16:57	37.0	725	625	567	344	267	181	159	141	119	125	110	98	754	1331	1078	274	218	167	117	107	90	101	117	86	663	740	736	2775	2334	2524	728	753	682	99	751	81	740	850	737	800	780	659	2762	2777	788	697	796	77	233	145	109	92	73	52	55	42	269	52	60	76	223	224	220	203	179	216	235	217	228	777	775	606	19	14
16:20:57	37.0	730	618	533	353	284	192	161	130	122	107	114	106	722	1329	1072	280	234	159	120	119	106	115	117	96	682	749	751	2818	2372	2524	759	770	696	92	767	88	770	830	717	803	780	666	2726	2766	797	708	811	80	227	159	109	101	80	70	59	46	256	38	58	84	216	225	221	201	191	224	238	231	234	796	791	596	7	17
16:24:57	37.0	749	612	528	355	280	190	153	132	130	107	102	105	735	1342	1085	288	218	153	115	109	112	104	104	92	691	759	717	2825	2360	2535	758	759	699	96	772	59	768	840	740	800	784	638	2746	2837	809	730	810	81	245	160	116	100	77	66	52	38	264	50	40	88	234	241	221	190	183	225	235	247	242	803	796	602	16	15
16:28:57	37.0	744	617	540	376	296	199	160	131	127	109	112	104	734	1358	1063	287	215	160	118	117	112	116	109	94	684	744	769	2812	2384	2558	758	761	726	97	792	77	791	843	762	820	801	666	2766	2798	811	745	810	67	237	154	123	88	79	62	52	41	259	50	58	80	239	218	239	203	192	221	234	247	250	822	789	613	7	21
16:32:57	37.0	749	620	548	347	280	189	151	128	117	114	106	103	736	1327	1082	288	220	168	122	122	111	107	129	95	705	779	742	2833	2381	2543	754	776	693	94	769	77	802	884	742	789	759	678	2750	2812	843	740	827	80	248	163	124	96	75	58	61	54	262	47	53	93	235	216	236	206	190	231	237	233	260	801	810	624	13	25
16:36:57	37.0	755	633	550	370	298	189	156	140	119	120	121	105	750	1366	1101	276	224	160	115	127	117	98	111	94	706	762	762	2844	2427	2509	779	795	704	97	766	71	751	881	765	826	788	674	2717	2831	828	744	836	65	254	163	118	103	78	63	53	49	266	45	50	79	237	237	220	209	189	226	246	234	246	784	808	615	18	13
16:40:57	37.0	734	648	560	361	294	190	159	138	115	111	110	106	748	1309	1084	302	234	163	132	106	106	116	120	96	730	775	753	2862	2443	2566	774	787	712	92	803	75	802	875	752	843	793	694	2742	2840	853	774	846	78	262	152	128	100	66	62	57	50	271	50	46	96	225	226	235	218	203	230	239	242	263	817	840	613	10	22
16:44:57	37.0	765	628	554	357	291	193	164	143	124	117	112	107	739	1377	1099	291	218	157	117	122	106	101	115	100	732	783	774	2832	2459	2565	776	768	697	101	791	73	788	880	753	859	781	697	2729	2805	840	766	875	94	246	162	121	91	73	69	46	49	283	38	60	94	231	229	230	206	184	231	245	235	239	829	829	619	17	10
16:48:57	37.0	747	660	553	355	291	197	155	126	110	123	120	102	787	1408	1081	284	221	164	118	112	118	102	121	97	710	803	766	2875	2495	2563	813	797	704	95	806	69	806	895	780	845	805	714	2763	2797	861	759	858	78	253	174	118	100	70	55	57	46	288	52	55	91	241	239	238	221	210	229	253	234	260	808	851	622	14	16
16:52:57	37.0	774	633	568	365	281	200	155	126	116	113	115	110	757	1363	1106	290	226	171	134	131	107	124	121	105	733	803	806	2917	2470	2558	768	783	702	96	807	67	807	884	772	859	809	722	2789	2898	881	776	829	89	256	169	132	93	88	58	64	48	293	52	55	88	247	227	236	226	189	235	254	256	267	835	847	623	7	31
16:56:57	37.0	757	645	575	364	290	188	145	128	126	106	117	114	766	1386	1129	310	222	162	119	120	111	107	123	101	737	783	788	2915	2513	2615	806	796	702	101	836	75	844	916	787	865	796	723	2809	2848	856	791	881	89	254	157	117	96	76	66	53	43	286	45	51	102	247	243	247	229	199	233	253	241	246	864	823	629	20	19
17:00:57	37.0	782	649	591	365	274	193	157	143	124	122	120	97	767	1387	1112	292	233	159	135	122	105	116	118	104	753	816	813	3004	2459	2638	789	804	713	109	828	79	805	906	779	866	830	708	2815	2886	897	777	874	74	256	167	126	92	69	69	64	34	281	53	53	89	253	258	261	219	207	233	260	239	265	830	833	655	21	24
17:04:57	37.0	793	668	567	356	290	199	153	134	129	118	127	108	768	1419	1119	302	212	167	134	113	107	107	110	91	764	800	799	2924	2525	2584	794	802	711	99	847	74	832	922	809	860	817	750	2775	2898	862	814	865	78	255	173	123	113	81	55	63	49	274	53	50	100	235	238	254	236	226	227	247	270	259	825	853	656	14	18
17:08:57	37.0	781	652	544	357	300	190	150	144	128	119	114	106	778	1398	1124	304	224	165	133	120	111	106	118	102	762	812	836	2986	2520	2611	812	806	713	98	856	88	850	915	786	874	835	748	2800	2887	895	812	905	85	266	165	122	98	86	63	53	39	293	51	48	94	242	260	248	206	212	233	256	262	267	852	847	654	11	23
17:12:57	37.0	780	677	582	370	289	207	169	148	135	116	122	103	753	1398	1127	306	226	168	129	113	115	112	124	104	782	824	847	2988	2543	2611	831	814	715	95	854	69	851	922	816	896	838	757	2737	2924	896	812	909	77	262	169	131	98	74	61	56	48	297	45	47	87	241	251	251	220	204	240	267	259	258	854	871	657	13	15
17:16:57	37.0	787	656	573	373	295	188	163	143	119	107	119	113	799	1430	1132	284	242	171	122	118	115	113	118	96	763	830	821	2953	2565	2614	847	838	746	101	867	72	874	931	799	901	844	774	2761	2958	908	821	927	83	264	177	121	108	75	69	55	43	296	50	50	107	262	239	244	225	216	240	276	291	269	822	843	677	20	12
17:20:57	37.0	809	653	582	339	296	210	158	148	108	106	113	104	779	1418	1139	301	236	156	116	119	111	110	128	103	781	850	837	3019	2579	2661	856	816	731	95	877	75	874	932	837	911	848	776	2830	2902	922	833	913	90	270	167	110	108	79	69	63	38	305	53	52	105	247	267	251	211	236	253	265	274	287	824	845	674	14	10
17:24:57	37.0	775	668	591	382	292	189	164	131	114	123	112	109	781	1419	1153	311	222	171	137	117	111	108	135	105	799	859	830	3012	2591	2606	838	844	710	97	874	66	873	958	836	944	844	760	2789	2963	934	836	956	76	253	160	130	102	89	62	54	50	304	49	49	93	234	249	255	222	241	245	266	264	268	840	859	676	11	22
17:28:57	37.0	787	652	583	373	297	199	173	148	119	123	115	117	795	1423	1134	304	241	177	128	133	108	116	125	102	787	851	858	2941	2593	2628	853	838	716	107	873	80	893	982	823	934	836	783	2821	2934	954	828	899	83	275	167	121	106	88	62	53	48	317	48	47	92	255	263	254	230	237	245	305	268	279	867	878	687	26	11
17:32:57	37.0	798	674	579	355	297	201	164	144	124	123	115	117	780	1460	1149	311	236	170	125	120	109	100	122	97	794	872	866	3018	2577	2636	882	870	732	107	899	69	879	972	834	926	842	786	2785	2926	926	840	933	75	267	175	134	102	75	60	59	47	317	44	54	94	263	260	270	230	238	240	274	281	276	836	863	676	12	22
17:36:57	37.0	802	657	596	379	285	200	175	142	123	124	112	116	818	1447	1156	300	236	173	134	117	113	102	118	109	790	866	869	3013	2584	2616	860	877	745	108	883	77	931	989	836	925	828	771	2771	2949	957	831	977	82	268	170	125	114	91	63	59	42	334	52	60	99	251	268	259	229	250	238	281	262	285	854	872	710	7	12
17:40:57	37.0	793	649	593	377	298	203	169	141	121	122	118	114	793	1456	1155	305	236	170	129	119	117	113	120	103	821	857	853	3071	2610	2628	875	872	740	95	918	67	892	1022	850	951	855	794	2837	2925	960	859	961	78	275	167	134	102	89	71	61	60	324	45	46	97	253	265	250	227	245	253	263	269	280	851	884	701	21	16
17:44:57	37.0	806	660	611	387	308	192	174	150	123	121	123	119	807	1451	1165	319	239	175	123	128	113	96	128	106	818	883	892	3023	2584	2668	889	859	719	100	922	79	924	985	857	947	845	791	2822	2982	960	858	947	82	271	172	136	104	82	69	67	53	338	44	46	102	260	254	248	224	241	250	292	277	262	869	875	708	3	14
17:48:57	37.0	816	679	612	374	304	208	177	150	128	122	130	117	808	1430	1161	302	240	177	125	128	102	123	124	99	839	889	899	3022	2672	2686	890	868	748	108	929	84	912	989	874	941	852	776	2883	2987	956	879	963	91	269	171	131	101	79	64	62	51	323	52	43	101	259	276	267	226	245	257	280	278	302	866	876	725	17	18
17:52:57	37.0	812	656	607	384	310	208	171	152	129	120	119	125	806	1458	1166	289	237	174	133	120	113	105	124	93	820	878	911	3037	2635	2695	910	850	735	115	931	68	929	994	856	961	848	790	2863	2952	958	861	969	89	262	181	123	101	83	69	58	41	332	52	48	93	264	258	266	231	236	259	278	275	291	849	867	700	7	18
17:56:57	37.0	799	667	608	379	306	208	168	141	127	109	124	109	825	1474	1185	310	243	169	139	122	116	107	119	106	832	898	869	3075	2669	2673	926	885	736	107	933	69	931	1017	847	971	867	832	2882	3015	966	872	973	92	270	176	147	108	80	74	64	58	341	48	43	96	279	270	261	246	236	273	289	279	289	860	908	712	15	3
18:00:57	37.0	799	672	585	387	317	207	175	150	134	127	123	111	797	1477	1162	301	243	177	129	126	126	114	116	105	835	924	934	3139	2615	2723	896	910	754	105	932	79	947	1029	867	939	861	820	2838	3027	975	888	983	80	275	172	128	117	87	65	69	55	352	48	49	111	271	278	245	233	254	270	296	276	289	884	879	723	22	11
18:04:57	37.0	798	704	628	380	291	198	184	150	131	135	120	104	816	1475	1181	312	236	170	129	115	122	107	126	105	834	909	916	3115	2678	2719	905	894	753	97	964	83	936	1021	859	966	849	836	2862	3017	993	909	988	80	272	169	136	111	83	67	59	52	349	53	50	101	285	269	266	249	259	262	289	300	289	863	898	740	10	9
18:08:57	37.0	830	696	604	369	304	213	177	141	138	119	113	127	826	1460	1142	302	246	181	134	125	128	117	124	111	852	915	933	3107	2677	2732	914	893	738	108	983	88	953	1026	890	983	889	821	2896	3031	969	887	990	79	269	175	132	106	80	68	62	48	337	44	57	109	286	268	251	250	254	267	292	306	299	860	907	732	15	17
18:12:57	37.0	820	708	626	393	301	207	180	151	137	133	124	125	810	1477	1192	304	233	182	150	123	113	119	130	112	877	923	932	3154	2710	2774	931	897	758	108	959	74	942	1025	909	977	867	837	2847	3034	989	897	1004	75	278	164	132	109	70	73	51	53	359	57	51	105	264	283	270	256	264	277	311	301	289	850	881	740	21	12
18:16:57	37.0	830	676	624	399	301	212	184	158	127	131	121	117	796	1493	1189	323	237	175	132	130	127	123	126	103	891	935	937	3162	2727	2686	926	896	763	101	973	73	948	1058	906	975	895	844	2857	3042	992	908	1009	84	273	179	128	106	81	70	61	59	373	56	53	102	266	270	263	257	245	277	295	286	309	844	901	759	16	5
18:20:57	37.0	856	685	631	387	310	209	164	144	121	126	129	113	841	1501	1211	303	242	184	139	122	106	123	124	105	867	947	928	3173	2701	2732	947	931	777	112	1001	74	942	1046	906	982	881	867	2902	3029	979	914	1010	82	280	174	134	104	98	69	63	53	373	52	65	101	279	283	260	254	253	270	303	301	309	832	921	791	12	18
18:24:57	37.0	841	717	618	382	309	212	177	145	128	122	116	116	849	1483	1198	313	235	178	138	130	127	126	128	111	845	948	945	3169	2701	2718	938	939	774	110	977	73	954	1061	917	1018	881	872	2901	3019	1007	930	989	98	283	177	142	116	79	75	63	53	361	60	45	106	274	308	256	261	248	281	304	301	297	821	905	776	4	20
18:28:57	37.0	843	714	618	383	313	215	176	154	133	121	122	120	839	1526	1223	299	242	180	134	124	121	115	130	106	873	930	930	3252	2756	2734	942	907	779	109	1011	70	979	1054	933	999	896	852	2877	3078	1022	916	995	85	286	157	136	97	83	68	72	46	359	56	69	99	274	278	268	278	284	270	290	294	309	831	903	762	15	31
18:32:57	37.0	869	697	621	386	307	210	184	139	132	125	119	113	817	1506	1221	301	252	168	138	127	114	118	121	109	884	954	942	3253	2754	2744	972	961	778	118	1013	81	970	1056	910	1003	905	883	2926	3009	993	933	968	88	283	183	132	105	95	69	64	50	375	59	45	105	283	292	278	271	271	271	313	301	307	860	926	806	21	13
18:36:57	37.0	864	702	617	385	315	212	179	161	132	128	130	119	845	1529	1203	300	226	177	141	122	112	117	138	105	891	962	932	3165	2757	2753	966	953	769	99	1022	77	991	1074	955	1031	915	874	2933	3083	1025	948	991	85	290	179	141	110	73	76	61	45	378	44	54	106	296	296	274	274	256	286	303	302	312	849	928	774	21	17
18:40:57	37.0	864	720	654	381	308	207	173	161	129	131	118	122	843	1498	1246	318	242	193	142	133	129	126	131	105	915	942	941	3239	2730	2753	969	948	788	107	1043	68	986	1087	937	1032	891	893	2921	3048	1031	948	986	82	278	186	133	112	84	71	46	58	375	52	65	110	298	293	280	272	269	294	308	296	324	871	923	774	12	19
18:44:57	37.0	852	710	626	397	322	221	185	150	124	133	126	121	831	1528	1225	326	253	183	147	134	112	126	127	110	920	961	906	3245	2799	2749	981	933	801	108	1037	71	992	1078	955	1045	921	883	2943	3085	1019	976	995	91	288	190	139	110	84	69	76	51	371	56	42	113	285	295	290	272	263	291	310	288	313	869	924	806	18	23
18:48:57	37.0	864	724	634	405	318	214	179	160	136	130	132	116	847	1509	1204	315	241	177	132	128	133	115	142	110	916	972	974	3316	2800	2806	970	957	783	134	1036	73	1003	1095	940	1037	918	897	2959	3100	1034	987	998	89	283	189	135	119	82	75	63	55	374	49	44	114	283	296	289	262	248	286	332	300	313	842	951	802	11	25
18:52:57	37.0	847	723	651	407	311	207	183	156	129	128	131	134	859	1575	1239	314	245	177	145	128	116	121	141	100	922	979	960	3299	2798	2792	1002	981	780	103	1047	79	995	1092	962	1070	890	898	2982	3120	1056	965	1000	86	265	178	137	108	92	67	64	46	386	44	68	107	290	306	305	265	266	278	327	290	312	882	964	796	17	17
18:56:57	37.0	860	714	615	393	327	221	180	167	132	128	122	123	859	1564	1244	327	230	181	131	135	125	117	135	102	925	973	952	3344	2798	2808	1000	986	781	106	1048	78	995	1102	965	1064	919	906	2964	3136	1046	975	999	92	280	185	130	109	79	62	51	62	389	57	45	109	291	309	284	270	295	283	329	292	324	883	940	824	14	17
19:00:57	37.0	865	716	636	400	308	217	190	147	139	130	125	126	861	1551	1221	326	245	188	140	136	113	106	133	113	932	999	980	3314	2808	2823	1024	998	786	116	1080	94	1021	1089	976	1033	899	941	3009	3143	1075	1000	1002	84	281	180	140	104	76	80	59	47	404	53	53	109	310	304	295	292	282	292	332	296	321	887	945	805	18	21
19:04:57	37.0	885	734	639	401	319	217	187	159	143	128	111	126	875	1573	1222	317	255	187	142	140	117	132	126	105	914	977	962	3325	2841	2826	1014	1004	793	117	1061	74	1002	1109	956	1061	919	918	3012	3130	1056	968	993	87	284	180	130	113	95	74	53	54	379	51	59	119	299	312	293	282	297	290	322	288	311	887	962	793	12	21
19:08:57	37.0	861	712	640	388	315	207	186	146	124	121	125	132	852	1556	1265	327	252	179	135	138	129	121	142	114	928	992	957	3378	2839	2819	1023	987	776	105	1047	68	1006	1100	1006	1064	922	909	3037	3187	1054	989	1004	83	285	175	148	124	91	73	61	53	406	52	44	114	299	309	305	280	293	299	335	280	308	917	943	838	13	6
19:12:57	37.0	854	731	644	403	328	219	188	151	132	137	135	130	888	1575	1234	315	245	174	148	139	131	123	122	107	953	1005	982	3442	2880	2820	1013	1008	784	120	1073	75	1021	1128	981	1088	926	928	3027	3161	1078	996	1026	101	289	185	143	114	79	70	63	50	419	46	51	100	288	308	319	288	292	291	329	277	323	908	937	826	19	14
19:16:57	37.0	898	730	652	384	334	215	186	164	130	139	129	128	864	1566	1264	317	245	185	135	149	126	120	145	104	941	1015	996	3395	2881	2871	1039	1007	798	121	1096	68	1038	1137	995	1091	928	922	2992	3161	1085	1020	1025	100	291	186	142	117	84	63	66	45	410	52	53	118	307	314	313	280	291	291	340	284	316	929	953	847	15	19
19:20:57	37.0	908	735	635	407	321	204	181	169	135	140	127	123	891	1565	1253	330	256	182	136	142	120	132	131	116	937	1029	1016	3389	2906	2816	1035	1023	805	118	1102	71	1022	1141	1016	1086	939	923	3002	3199	1079	998	1015	96	284	171	144	101	94	76	76	52	420	42	53	119	304	325	314	303	293	301	341	279	333	926	955	842	11	17
19:24:57	37.0	900	735	625	395	329	221	179	168	133	145	138	125	885	1596	1250	336	258	189	134	130	113	135	122	101	943	1023	1014	3414	2891	2882	1050	1010	773	115	1078	72	1024	1134	1026	1078	956	973	3064	3196	1089	1023	1015	104	301	180	139	119	89	68	55	56	431	47	54	113	310	313	319	302	300	274	354	290	333	960	941	862	13	27
19:28:57	37.0	893	756	662	412	329	238	188	171	147	145	124	129	918	1595	1293	323	256	180	139	134	133	125	126	109	978	1031	997	3445	2908	2901	1025	1025	822	123	1093	74	1045	1156	1036	1097	950	966	3061	3218	1109	1033	1022	90	297	180	142	123	85	68	71	58	431	38	68	118	321	325	336	303	311	280	347	296	325	992	969	877	16	26
19:32:57	37.0	908	760	682	403	326	207	189	152	130	119	135	120	909	1586	1292	352	260	177	145	137	126	127	143	109	971	1039	974	3454	2900	2849	1074	1020	818	101	1112	79	1019	1169	1006	1096	948	967	3084	3260	1118	1020	1037	87	288	204	129	117	86	79	67	57	447	46	40	114	301	325	307	298	291	299	348	271	334	962	970	847	7	3
19:36:57	37.0	930	733	666	414	323	217	198	167	134	143	136	124	881	1592	1274	334	257	191	142	138	135	120	145	111	998	1055	992	3534	2935	2896	1055	1013	793	123	1121	86	1051	1178	1043	1102	987	973	3111	3250	1120	1040	1076	87	297	196	143	101	85	77	63	55	432	51	61	117	306	318	314	292	312	286	349	287	368	990	962	881	7	18
19:40:57	37.0	929	744	684	404	331	221	202	159	140	135	133	123	903	1606	1320	335	243	196	131	129	136	116	137	107	966	1065	999	3513	2914	2910	1099	1060	797	113	1113	82	1040	1168	1050	1101	945	980	3088	3196	1157	1058	1068	95	284	182	145	104	94	71	62	59	458	61	57	127	320	319	316	297	314	285	362	307	327	994	948	878	9	16
19:44:57	37.0	913	730	673	399	321	227	192	163	139	129	125	129	881	1589	1271	325	251	180	150	134	130	137	136	115	985	1072	1014	3505	2925	2930	1090	1050	791	106	1134	74	1042	1189	1051	1099	969	995	3117	3316	1141	1056	1055	94	295	187	148	115	82	64	62	60	436	60	62	123	320	310	317	305	324	287	346	285	328	971	999	880	17	22
19:48:57	37.0	924	739	665	425	334	222	191	170	137	130	140	128	917	1636	1325	345	248	183	147	141	134	117	144	104	970	1096	1028	3499	2949	2955	1100	1056	803	101	1158	63	1042	1211	1051	1118	972	1000	3075	3301	1149	1093	1083	84	292	179	155	104	81	67	66	56	447	52	59	123	333	338	325	296	324	290	365	283	325	1012	999	901	19	20
19:52:57	37.0	918	779	673	417	318	234	194	167	138	134	126	145	910	1612	1313	341	257	185	142	136	124	125	140	98	1021	1098	1043	3492	2977	2903	1098	1069	829	101	1160	76	1022	1196	1076	1121	997	1026	3164	3327	1168	1091	1095	104	311	184	144	117	86	74	64	45	452	55	53	110	323	334	322	319	306	286	379	278	338	992	983	909	8	20
19:56:57	37.0	936	732	682	422	332	221	189	159	138	135	130	139	907	1627	1297	323	257	192	153	142	141	115	143	102	987	1088	1002	3539	3013	2943	1092	1087	823	121	1149	78	1032	1207	1064	1121	1004	1008	3145	3261	1164	1072	1083	98	305	190	144	104	86	71	73	60	476	53	63	123	328	330	318	308	314	298	368	283	356	1003	1031	904	7	23
20:00:57	37.0	951	767	685	410	341	224	193	159	124	118	119	144	920	1635	1303	341	268	194	137	133	124	134	133	100	1019	1067	1017	3550	3008	2974	1114	1092	784	124	1178	85	1070	1241	1054	1156	1020	1024	3185	3318	1179	1108	1102	103	294	192	145	122	93	76	63	62	463	50	59	130	339	346	310	325	331	292	358	295	329	1031	1005	923	18	19
20:04:57	37.0	934	776	690	428	339	225	187	157	142	144	137	136	927	1649	1343	349	261	200	154	126	125	122	130	106	1000	1100	1050	3579	3013	2971	1098	1091	836	120	1174	75	1079	1214	1079	1158	1050	1016	3131	3332	1157	1115	1113	99	303	194	147	116	91	67	71	64	448	52	50	124	338	324	335	296	332	290	357	295	356	1058	1025	943	10	7
20:08:57	37.0	949	770	667	410	333	213	187	160	140	133	115	147	937	1638	1333	341	262	199	144	140	131	130	144	98	1023	1099	1066	3570	3001	2987	1142	1104	836	115	1192	75	1058	1237	1099	1155	1031	1042	3166	3336	1195	1121	1099	105	311	185	143	105	88	64	66	56	467	49	61	128	320	335	323	315	331	292	359	289	338	1028	1014	919	15	11
20:12:57	37.0	922	769	695	420	340	223	187	165	155	136	132	142	936	1603	1292	359	255	191	160	125	126	131	133	108	1036	1119	1053	3596	3058	3006	1139	1121	848	115	1174	79	1064	1231	1099	1164	1013	1028	3165	3380	1206	1102	1121	98	316	198	143	114	89	67	62	65	484	61	65	128	337	340	316	320	328	295	385	303	337	1065	1040	936	12	15
20:16:57	37.0	953	752	687	415	335	232	198	174	134	140	123	134	904	1643	1319	348	276	193	146	155	129	122	145	99	1047	1137	1055	3620	3104	3033	1172	1125	857	112	1196	77	1051	1214	1099	1178	1025	1021	3225	3374	1189	1150	1158	102	313	198	161	117	99	74	73	56	490	59	66	129	344	332	333	322	334	304	389	300	365	1058	1016	937	12	19
20:20:57	37.0	966	773	696	435	346	239	202	165	145	137	142	142	913	1650	1343	340	272	204	148	142	140	133	141	105	1034	1126	1085	3623	3053	3022	1146	1121	837	125	1220	81	1058	1231	1109	1196	1068	1054	3193	3376	1238	1168	1150	99	318	201	148	106	88	74	65	55	480	60	55	124	376	342	311	336	327	299	384	288	351	1065	1038	958	17	15
20:24:57	37.0	978	774	684	417	339	230	202	174	144	144	139	131	944	1625	1325	352	257	186	157	136	135	129	129	104	1007	1119	1064	3662	3064	3053	1159	1130	822	122	1218	74	1070	1263	1115	1200	1054	1043	3190	3390	1208	1174	1142	98	332	211	154	120	104	71	67	51	491	57	50	129	365	356	325	347	328	307	392	294	362	1068	1042	934	10	16
20:28:57	37.0	961	769	705	432	341	222	195	159	144	148	133	134	950	1619	1354	335	266	202	154	144	137	133	140	113	1051	1135	1084	3688	3082	3053	1155	1124	821	118	1209	84	1058	1275	1124	1206	1065	1047	3227	3454	1256	1143	1153	100	310	196	143	112	98	82	65	58	497	55	60	117	364	358	307	334	348	298	383	312	370	1091	1064	962	25	22
20:32:57	37.0	967	774	693	431	344	234	195	163	155	149	148	141	934	1662	1330	355	257	196	150	144	134	123	130	94	1033	1150	1086	3667	3050	3063	1192	1132	848	120	1216	73	1096	1270	1108	1218	1052	1052	3267	3444	1233	1161	1155	95	305	202	153	111	94	80	66	61	499	64	67	127	356	342	312	335	333	314	387	329	362	1092	1046	970	9	25
20:36:57	37.0	979	790	702	413	337	224	207	165	149	141	148	138	938	1661	1372	339	256	191	149	144	137	137	142	107	1043	1146	1114	3740	3119	3025	1231	1135	870	116	1236	79	1092	1279	1137	1211	1094	1073	3277	3526	1261	1173	1160	104	314	204	159	125	93	78	78	53	504	45	61	135	370	349	313	342	364	320	376	327	372	1102	1083	980	13	10
20:40:57	37.0	977	807	696	446	337	252	194	178	144	134	141	139	967	1666	1347	355	263	196	142	135	144	128	145	103	1068	1160	1086	3728	3095	3095	1173	1172	870	114	1214	79	1080	1278	1147	1229	1075	1059	3259	3436	1263	1184	1177	96	315	209	143	119	96	72	71	65	493	49	61	131	369	341	311	339	332	308	392	312	383	1106	1052	970	9	25
20:44:57	37.0	966	805	702	439	346	222	209	169	149	147	148	135	986	1719	1358	350	274	205	157	146	135	139	156	101	1056	1169	1095	3736	3115	3055	1205	1154	885	127	1254	82	1084	1305	1187	1214	1095	1078	3255	3519	1245	1203	1193	102	305	190	155	128	98	87	63	53	518	61	58	109	361	334	301	348	330	292	387	330	368	1089	1093	1007	21	29
20:48:57	37.0	972	785	700	449	358	243	186	172	140	130	131	137	938	1659	1348	346	265	198	149	145	137	136	156	109	1050	1159	1097	3788	3142	3069	1215	1169	871	118	1263	71	1094	1294	1186	1207	1078	1071	3259	3495	1270	1241	1179	104	318	196	149	113	93	66	59	53	509	68	56	131	350	333	291	340	360	315	376	318	358	1111	1083	1001	22	13
20:52:57	37.0	991	798	705	424	351	240	199	176	152	144	132	141	959	1684	1389	356	273	215	146	144	140	131	152	111	1069	1178	1132	3759	3168	3107	1213	1199	860	122	1244	70	1100	1305	1191	1237	1109	1110	3327	3502	1289	1191	1193	97	329	203	162	112	84	83	66	49	534	63	61	125	367	360	323	332	326	322	371	315	388	1128	1084	1009	15	21
20:56:57	37.0	985	802	711	427	347	234	198	169	162	129	149	141	955	1734	1374	358	276	187	144	135	137	134	145	109	1096	1179	1121	3805	3160	3110	1242	1216	868	121	1237	80	1143	1317	1192	1260	1088	1087	3272	3568	1302	1248	1173	106	322	198	166	121	110	72	61	64	550	56	62	121	367	346	314	334	347	302	377	317	384	1116	1108	1042	9	32
21:00:57	37.0	979	805	723	442	360	237	198	174	144	152	131	147	985	1718	1371	360	273	196	146	141	131	135	137	112	1084	1191	1124	3756	3183	3115	1248	1229	888	123	1250	76	1132	1328	1206	1267	1109	1110	3319	3527	1306	1209	1179	93	324	205	157	112	95	78	70	61	521	47	67	137	380	343	309	350	349	329	377	303	386	1144	1123	1068	12	19
21:04:57	37.0	1013	805	711	447	343	247	220	182	141	137	149	153	962	1709	1405	361	275	196	155	136	129	128	140	109	1088	1217	1140	3775	3216	3147	1247	1233	895	126	1242	62	1119	1338	1191	1281	1133	1098	3320	3613	1329	1240	1233	109	334	191	161	121	93	68	62	62	536	54	58	129	370	340	319	353	345	330	366	315	396	1158	1130	1074	12	15
21:08:57	37.0	1018	796	733	443	356	235	211	170	140	151	162	130	976	1706	1376	345	287	208	151	156	134	144	141	109	1093	1216	1179	3790	3196	3214	1263	1203	893	114	1255	78	1143	1360	1198	1300	1154	1129	3283	3569	1320	1253	1223	107	323	208	152	129	91	76	68	48	537	51	61	130	380	347	304	339	351	330	372	328	376	1152	1118	1076	13	11
21:12:57	37.0	973	808	706	437	358	242	207	171	138	136	134	147	997	1708	1403	371	285	207	160	144	136	140	141	126	1090	1231	1182	3841	3203	3220	1286	1225	884	124	1241	78	1159	1361	1216	1310	1166	1131	3395	3649	1328	1271	1241	103	323	208	141	116	98	79	69	60	545	59	60	125	365	350	314	331	354	344	377	319	402	1148	1093	1097	17	21
21:16:57	37.0	1014	814	733	442	364	240	213	174	157	144	130	146	995	1749	1375	367	267	202	160	145	130	133	154	112	1118	1241	1152	3855	3237	3220	1266	1227	885	123	1284	83	1168	1365	1243	1297	1165	1121	3373	3704	1322	1284	1240	100	331	204	160	124	99	75	71	57	561	52	57	124	380	330	314	344	336	338	365	331	388	1124	1110	1120	10	19
21:20:57	37.0	1024	802	708	427	341	250	194	177	145	151	142	140	1001	1760	1412	367	273	204	154	160	133	145	148	120	1113	1247	1197	3904	3242	3183	1300	1223	888	120	1279	74	1165	1358	1224	1299	1172	1151	3483	3633	1365	1264	1273	92	330	199	159	122	101	75	65	61	555	53	56	136	381	343	321	340	356	353	374	345	403	1155	1087	1109	14	15
21:24:57	37.0	1030	825	713	447	355	231	211	185	153	158	146	138	998	1757	1402	355	285	205	162	154	144	141	151	110	1146	1214	1203	3933	3270	3224	1282	1235	909	114	1288	79	1179	1349	1223	1323	1172	1130	3403	3699	1329	1319	1235	116	337	205	160	115	98	86	71	61	561	59	67	140	393	329	317	331	365	340	381	341	392	1134	1086	1121	13	22
21:28:57	37.0	1031	828	711	442	347	243	215	172	146	143	143	130	1007	1758	1426	356	273	218	159	141	141	143	142	112	1129	1266	1188	3946	3297	3160	1319	1247	924	117	1313	74	1179	1355	1233	1339	1182	1149	3423	3746	1371	1312	1264	105	327	215	156	121	101	80	74	63	587	59	69	133	379	327	319	334	359	331	393	339	402	1147	1117	1176	6	15
21:32:57	37.0	1008	826	726	459	349	239	209	181	155	149	160	152	1001	1731	1423	354	274	221	165	152	147	129	147	102	1135	1232	1191	3972	3236	3241	1307	1289	893	121	1309	71	1225	1383	1247	1347	1201	1163	3454	3644	1366	1333	1308	103	339	205	153	124	90	78	70	66	561	51	58	129	401	331	312	323	368	346	402	354	406	1167	1099	1154	20	13
21:36:57	37.0	1024	833	747	442	365	252	219	183	159	150	147	144	1020	1740	1426	374	277	210	160	158	138	124	154	113	1172	1261	1197	4042	3284	3300	1322	1262	934	123	1327	76	1202	1405	1268	1327	1190	1169	3419	3699	1375	1339	1292	95	329	204	155	121	103	75	65	60	570	58	69	132	385	335	333	311	368	356	395	358	412	1159	1106	1188	18	15
21:40:57	37.0	1019	834	731	447	369	242	199	176	145	139	133	148	1024	1783	1442	363	286	197	158	155	154	136	162	113	1151	1267	1211	3984	3305	3279	1345	1286	928	122	1333	89	1206	1398	1257	1384	1230	1149	3415	3743	1346	1346	1320	103	340	203	157	120	101	74	74	65	582	59	62	123	396	339	350	313	367	345	406	344	430	1153	1107	1195	19	12
21:44:57	37.0	1020	834	742	442	366	246	205	177	149	147	142	139	1009	1758	1407	370	287	212	163	143	141	142	155	103	1169	1280	1218	3974	3358	3285	1345	1334	921	126	1346	79	1221	1367	1267	1364	1218	1200	3491	3761	1417	1333	1274	106	344	197	157	127	95	64	75	59	584	57	64	139	398	339	348	304	353	351	404	370	411	1180	1140	1228	21	15
21:48:57	37.0	1047	836	730	452	368	256	216	187	153	156	148	140	1014	1777	1460	360	288	202	162	149	144	148	160	101	1173	1285	1207	4037	3341	3279	1341	1320	912	127	1365	69	1229	1399	1244	1373	1208	1180	3479	3742	1401	1355	1292	103	330	204	162	124	97	78	74	57	601	53	61	126	396	346	351	317	354	374	401	359	408	1135	1143	1218	7	17
21:52:57	37.0	1045	856	781	466	362	252	222	184	147	146	142	148	1012	1771	1441	356	287	216	156	149	155	134	168	104	1143	1272	1225	4061	3378	3325	1342	1309	916	129	1324	64	1251	1389	1261	1367	1264	1222	3525	3744	1418	1364	1326	96	343	200	153	133	101	77	71	68	596	51	61	129	397	355	345	305	350	363	422	362	417	1173	1164	1284	30	6
21:56:57	37.0	1045	868	742	460	357	248	212	177	154	152	154	141	1016	1809	1480	370	288	236	150	148	152	131	162	109	1158	1293	1256	4097	3368	3306	1337	1335	917	129	1350	75	1257	1404	1284	1393	1244	1206	3468	3840	1366	1342	1338	99	334	214	174	123	107	78	70	75	602	60	65	126	384	362	362	318	361	360	427	380	415	1187	1176	1278	13	21
22:00:57	37.0	1052	859	766	463	374	235	199	190	156	147	146	142	1016	1782	1485	376	293	213	162	148	134	139	134	122	1176	1316	1253	4132	3440	3368	1362	1341	932	126	1371	72	1263	1434	1285	1399	1262	1220	3535	3830	1460	1361	1338	108	339	212	166	125	93	84	63	54	609	72	57	125	427	350	362	313	350	365	432	357	427	1206	1171	1307	13	24
22:04:57	37.0	1067	851	758	459	369	248	214	187	145	149	143	145	1041	1765	1473	383	274	208	162	150	141	146	157	116	1195	1297	1242	4102	3376	3391	1390	1287	944	126	1366	74	1248	1446	1295	1399	1240	1228	3572	3871	1422	1411	1354	100	337	227	160	121	102	73	75	67	614	52	63	135	412	381	350	331	342	347	438	387	410	1194	1195	1320	1	25
22:08:57	37.0	1070	863	723	444	357	250	219	180	147	153	138	149	1039	1770	1458	369	290	216	161	150	146	142	153	124	1199	1317	1281	4083	3420	3427	1352	1347	944	117	1354	78	1270	1428	1310	1385	1269	1220	3548	3927	1443	1390	1339	101	342	211	162	110	94	83	75	61	640	53	59	135	404	369	369	316	361	361	419	373	450	1196	1161	1363	17	26
22:12:57	37.0	1086	885	770	468	367	242	215	177	153	158	159	138	1049	1787	1464	363	294	207	153	142	146	139	150	109	1188	1301	1285	4168	3409	3421	1356	1374	949	124	1349	74	1305	1431	1301	1398	1321	1233	3572	3889	1459	1422	1378	97	329	208	163	124	97	87	69	67	610	51	65	134	426	380	372	330	362	372	424	384	412	1221	1158	1362	15	16
22:16:57	37.0	1093	865	746	448	362	253	215	176	151	161	163	140	1088	1806	1502	388	298	216	162	152	153	151	159	110	1188	1305	1283	4178	3450	3401	1362	1339	940	139	1348	74	1291	1427	1308	1394	1308	1199	3558	3876	1468	1384	1360	104	331	216	162	118	93	81	76	68	636	58	59	131	429	375	375	351	365	378	425	369	440	1209	1198	1375	6	12
22:20:57	37.0	1079	862	767	470	379	247	217	186	147	151	164	137	1049	1823	1480	369	292	206	149	160	160	135	147	113	1204	1316	1257	4214	3481	3400	1359	1341	955	138	1363	81	1306	1376	1296	1431	1313	1235	3579	3884	1477	1419	1394	107	338	201	154	120	99	88	73	57	628	55	57	138	413	400	370	331	373	398	410	369	451	1206	1181	1385	13	17
22:24:57	37.0	1078	892	763	472	368	257	207	183	156	149	165	141	1053	1809	1493	409	287	228	158	151	145	131	153	114	1195	1332	1271	4163	3469	3457	1373	1357	968	136	1377	75	1280	1427	1345	1440	1337	1230	3651	3958	1473	1457	1434	107	336	211	171	126	100	80	62	62	645	59	65	138	422	383	401	335	368	400	434	372	439	1224	1219	1414	14	13
22:28:57	37.0	1077	865	781	484	389	248	219	192	168	145	152	165	1056	1819	1504	346	278	228	168	140	146	145	163	110	1208	1346	1299	4235	3507	3498	1400	1371	958	121	1390	77	1320	1438	1343	1439	1318	1257	3653	3981	1494	1438	1428	111	338	225	163	120	101	81	63	64	632	66	60	133	436	400	409	328	373	382	431	364	434	1245	1209	1423	14	5
22:32:57	37.0	1095	863	775	460	376	259	228	185	161	149	157	146	1064	1849	1496	378	285	215	163	152	148	139	149	125	1233	1343	1285	4307	3485	3465	1400	1369	955	123	1360	71	1283	1419	1320	1463	1338	1255	3650	3997	1506	1473	1437	101	359	200	175	117	106	76	78	60	681	47	57	137	434	400	412	338	374	383	460	374	440	1250	1200	1391	11	14
22:36:57	37.0	1076	863	782	464	372	256	220	189	157	155	143	146	1053	1820	1466	380	309	223	163	163	141	137	145	121	1264	1335	1324	4183	3468	3432	1373	1381	953	127	1367	75	1312	1436	1339	1460	1336	1242	3666	3987	1486	1452	1419	118	359	212	171	119	117	79	73	64	677	59	75	128	444	398	411	342	383	388	449	376	456	1228	1210	1495	24	21
22:40:57	37.0	1113	889	785	477	379	256	224	188	167	150	160	151	1071	1827	1499	375	306	212	154	150	152	128	149	114	1249	1321	1333	4328	3507	3488	1362	1361	948	126	1354	74	1352	1436	1352	1445	1361	1251	3711	4042	1503	1478	1423	99	350	233	163	116	92	69	81	65	666	56	57	140	458	399	424	357	380	382	454	379	443	1268	1230	1469	17	24
22:44:57	37.0	1110	870	780	467	376	258	229	183	147	148	148	143	1076	1847	1521	383	297	236	168	157	150	153	159	115	1222	1348	1356	4283	3550	3477	1390	1385	978	136	1400	80	1374	1429	1370	1448	1376	1272	3698	4032	1516	1506	1431	113	342	215	146	129	105	76	73	58	663	51	60	145	430	393	428	328	390	391	468	395	454	1270	1245	1481	20	26
22:48:57	37.0	1112	900	790	479	373	262	222	179	149	165	158	144	1079	1873	1503	367	290	218	162	151	150	127	160	114	1252	1349	1331	4307	3530	3500	1384	1416	982	135	1380	66	1360	1440	1366	1444	1372	1310	3703	4082	1481	1463	1432	99	354	221	170	124	99	78	71	61	675	58	69	141	436	392	395	314	388	404	457	391	447	1287	1219	1506	11	21
22:52:57	37.0	1144	904	802	451	383	274	215	185	152	155	141	140	1087	1850	1501	388	293	220	163	158	159	141	156	116	1245	1398	1371	4326	3578	3525	1368	1437	972	124	1389	72	1382	1425	1361	1439	1361	1277	3720	4085	1511	1504	1472	108	352	233	160	120	110	82	74	65	684	51	70	141	425	382	404	323	411	399	473	398	458	1269	1247	1494	12	18
22:56:57	37.0	1095	899	791	478	380	251	226	177	154	149	140	152	1103	1866	1526	384	299	209	174	154	158	147	159	110	1246	1369	1341	4393	3571	3498	1406	1452	981	122	1353	72	1393	1423	1353	1457	1379	1284	3748	4027	1489	1512	1523	108	354	226	185	134	101	77	60	57	687	55	63	136	434	393	417	317	400	409	480	381	455	1280	1252	1501	8	9
23:00:57	37.0	1131	903	782	472	382	251	212	181	159	156	149	147	1115	1844	1520	372	313	228	161	162	153	151	159	123	1268	1377	1344	4383	3564	3591	1366	1421	987	131	1391	74	1398	1456	1377	1480	1393	1282	3761	4055	1515	1521	1492	110	360	219	178	121	103	79	78	62	674	67	54	133	425	386	416	348	409	393	485	409	470	1287	1244	1525	17	18
23:04:57	37.0	1132	925	778	495	386	259	231	179	156	163	154	159	1101	1856	1554	394	301	214	175	160	145	136	158	114	1243	1409	1376	4438	3669	3588	1399	1450	983	136	1388	83	1402	1450	1393	1469	1406	1301	3814	4166	1522	1494	1512	106	338	221	176	128	99	84	75	61	692	66	61	136	427	401	422	348	420	396	486	406	481	1300	1326	1561	8	17
23:08:57	37.0	1126	931	822	483	387	257	215	200	165	155	162	141	1141	1903	1504	390	312	220	173	176	145	152	165	107	1290	1380	1400	4444	3688	3597	1417	1429	987	118	1399	73	1438	1410	1388	1442	1413	1308	3782	4125	1504	1518	1487	104	346	234	166	122	102	86	76	67	694	47	63	139	461	403	423	320	410	390	461	405	455	1310	1284	1552	12	13
23:12:57	37.0	1130	936	788	465	389	259	227	193	149	164	157	152	1119	1877	1537	392	297	219	155	149	155	147	158	117	1288	1383	1412	4481	3666	3624	1402	1432	1001	131	1401	61	1409	1396	1407	1451	1433	1300	3835	4158	1566	1556	1514	108	351	243	171	125	96	85	73	63	703	55	57	135	463	392	444	328	414	412	485	425	480	1294	1318	1585	19	15
23:16:57	37.0	1164	907	814	488	389	268	229	185	162	167	157	146	1115	1890	1568	387	313	230	168	157	146	146	156	116	1296	1398	1396	4533	3713	3605	1429	1432	995	130	1407	79	1424	1447	1419	1479	1452	1297	3846	4148	1537	1513	1507	102	362	229	167	131	98	78	75	68	711	57	62	135	469	402	447	337	422	401	479	430	470	1313	1309	1578	19	22
23:20:57	37.0	1161	924	803	484	386	250	219	192	166	157	167	153	1115	1942	1557	391	309	231	169	152	143	155	157	106	1324	1407	1432	4459	3743	3630	1420	1443	1005	134	1415	72	1423	1424	1404	1473	1419	1306	3837	4161	1535	1547	1544	106	355	244	169	124	99	90	74	66	704	60	74	143	468	413	466	325	430	428	498	427	467	1322	1345	1640	12	9
23:24:57	37.0	1162	893	829	494	378	264	220	190	161	160	146	134	1136	1914	1583	384	317	229	162	163	149	141	162	115	1290	1387	1417	4515	3687	3650	1435	1450	1018	130	1396	71	1441	1427	1418	1482	1423	1327	3896	4182	1541	1535	1550	110	360	233	169	128	104	78	74	59	699	63	74	150	464	383	436	347	424	440	490	429	484	1365	1308	1665	10	20
23:28:57	37.0	1143	909	806	480	379	255	225	198	166	162	155	156	1138	1903	1554	387	307	227	175	149	166	156	160	123	1299	1400	1431	4513	3743	3638	1405	1449	994	127	1387	82	1482	1428	1427	1475	1437	1328	3865	4230	1529	1556	1513	107	346	233	172	126	99	82	70	67	720	75	66	140	466	397	427	355	441	413	507	427	484	1343	1335	1623	26	9
23:32:57	37.0	1165	938	810	490	388	282	222	207	159	152	151	141	1124	1951	1546	401	301	236	172	157	169	156	154	123	1329	1402	1410	4537	3701	3632	1419	1456	999	125	1394	78	1497	1442	1428	1518	1457	1315	3933	4256	1536	1551	1544	110	358	225	182	133	108	82	69	59	736	59	62	142	463	396	419	351	433	415	513	444	474	1376	1357	1659	17	20
23:36:57	37.0	1149	913	810	498	389	267	218	194	150	170	164	153	1158	1911	1566	394	308	228	165	166	149	151	159	124	1346	1403	1406	4600	3717	3712	1404	1469	987	140	1384	75	1445	1451	1401	1511	1490	1323	3989	4263	1531	1582	1539	117	347	232	172	133	105	77	83	61	738	55	57	135	475	399	429	364	418	428	516	445	490	1335	1373	1657	15	21
23:40:57	37.0	1165	955	825	490	390	248	221	202	145	157	172	142	1153	1947	1583	397	312	221	171	149	180	159	168	115	1345	1396	1459	4631	3776	3746	1427	1501	1000	128	1367	76	1468	1453	1413	1516	1480	1317	3942	4275	1560	1574	1562	108	367	251	170	134	105	79	72	59	748	55	64	149	496	422	433	352	449	418	513	445	474	1360	1367	1675	13	20
23:44:57	37.0	1182	946	822	510	390	264	237	203	148	174	162	159	1152	1940	1585	395	313	218	169	171	160	153	158	126	1338	1348	1462	4587	3782	3705	1394	1466	1009	145	1385	83	1498	1431	1386	1520	1461	1331	3926	4300	1524	1570	1589	105	354	237	168	130	112	90	68	70	750	51	76	146	492	436	420	385	457	403	502	450	480	1365	1362	1675	13	22
23:48:57	37.0	1197	934	809	496	383	276	224	197	175	157	159	147	1138	1908	1600	408	323	225	170	164	159	158	144	127	1356	1392	1467	4593	3802	3742	1417	1465	1015	142	1381	63	1480	1435	1410	1513	1517	1334	3998	4371	1528	1574	1561	97	368	241	183	118	97	95	77	62	760	70	63	144	486	424	417	383	457	441	507	457	471	1372	1370	1694	17	21
23:52:57	37.0	1193	953	837	493	386	269	245	195	173	158	161	142	1153	1959	1596	390	321	237	184	164	156	150	156	112	1370	1408	1467	4655	3816	3711	1450	1477	1022	138	1410	76	1510	1446	1418	1528	1461	1377	3964	4335	1510	1617	1598	108	356	243	175	133	100	93	72	55	752	49	65	145	489	427	435	377	455	408	500	453	487	1371	1379	1748	15	13
23:56:57	37.0	1179	943	829	512	409	275	227	191	160	160	155	156	1163	1947	1591	393	321	231	171	159	164	159	160	123	1351	1397	1476	4608	3848	3746	1445	1492	1019	138	1362	73	1508	1464	1419	1515	1448	1353	3977	4366	1513	1606	1554	107	353	238	185	127	91	78	70	62	761	55	81	145	513	440	462	375	465	432	498	440	513	1405	1376	1767	16	17
24:00:57	37.0	1192	941	839	518	405	263	230	204	165	164	151	145	1165	1951	1618	401	323	225	182	172	171	149	171	122	1406	1423	1503	4601	3868	3757	1431	1469	1022	143	1390	68	1536	1471	1417	1511	1457	1352	4039	4375	1492	1621	1556	109	360	225	169	128	108	83	74	63	773	59	67	145	490	444	447	370	458	405	501	455	497	1392	1356	1800	18	10

BFP and GFP:370,445

Time	T° BFP and GFP:370,445	B1	B2	B3	B4	B5	B6	B7	B8	B9	B10	B11	B12	C1	C2	C3	C4	C5	C6	C7	C8	C9	C10	C11	C12	D1	D2	D3	D4	D5	D6	D7	D8	D9	D10	D11	D12	E1	E2	E3	E4	E5	E6	E7	E8	E9	E10	E11	E12	F1	F2	F3	F4	F5	F6	F7	F8	F9	F10	F11	F12	G1	G2	G3	G4	G5	G6	G7	G8	G9	G10	G11	G12	H11	H12
0:01:40	37.1	13913	14252	14192	14235	14142	14196	13866	14102	14169	14248	14039	14469	14124	14413	14251	14516	14795	14478	14637	14819	14313	14323	14628	14551	13909	14136	14192	14390	14281	14586	14625	14659	14564	14372	14562	14836	13736	14092	14246	15366	14681	14597	14615	14741	14744	14446	14377	14941	13875	14730	14454	14293	14881	14630	14558	15029	14479	14631	14636	14789	14040	14394	14309	15502	14637	14648	14411	14638	14583	14539	14458	15025	13287	13389
0:05:40	37.0	13528	13583	13507	13742	13540	13678	13591	13685	13696	13688	13511	13900	13607	14146	13843	13979	14426	14027	14146	14415	14076	13986	14073	14219	13658	13909	14047	13842	14052	14168	14161	14267	14062	13935	14051	14172	13362	13731	13713	14995	14160	14064	14156	14230	14252	14045	13958	14332	13661	14338	13955	14148	14274	14122	14048	14480	14093	14004	14066	14324	13547	13779	13970	15045	13952	13966	13994	14022	14176	14014	14091	14634	12501	12765
0:09:40	37.0	13288	13363	13171	13352	13363	13184	13201	13270	13272	13198	13169	13560	13425	13839	13586	13692	14068	13723	13785	14138	13565	13699	13747	13729	13289	13554	13724	13653	13733	13798	13775	13907	13732	13755	13748	13826	13211	13358	13667	14626	13882	13905	13958	13858	13977	13712	13699	13842	13238	14026	13647	13643	13874	13812	13809	14071	13852	13789	13774	14014	13398	13617	13635	14817	13853	13762	13567	13679	13676	13792	13766	14395	12127	12403
0:13:40	37.0	13201	13125	13240	13140	13172	13095	13153	13090	13214	12971	12896	13167	13160	13524	13290	13376	13922	13530	13517	13958	13284	13358	13501	13599	13210	13141	13464	13493	13575	13577	13652	13670	13527	13459	13451	13635	13009	13240	13353	14378	13620	13708	13591	13695	13558	13360	13424	13727	13094	13817	13523	13381	13739	13490	13704	13979	13467	13397	13631	13805	13038	13444	13264	14453	13443	13444	13476	13379	13518	13453	13318	14031	12038	12270
0:17:40	37.0	13163	13063	13018	13000	12929	12985	12909	12969	13006	12858	12764	13087	13070	13369	13210	13264	13770	13488	13273	13659	13056	13066	13230	13314	13035	13139	13291	13222	13322	13372	13484	13536	13405	13172	13263	13521	12956	13180	13180	14330	13446	13454	13347	13571	13520	13357	13378	13675	12847	13696	13392	13225	13529	13492	13357	13699	13372	13349	13433	13511	12952	13323	13355	14395	13403	13399	13091	13323	13141	13230	13359	13889	11942	12132
0:21:40	37.0	12958	12871	12839	13054	12858	12691	12779	12917	12831	12702	12818	12927	12867	13199	12932	13100	13478	13401	13180	13479	13010	13003	13111	13189	12978	13064	13240	13068	13158	13363	13356	13289	13211	13045	13205	13325	12773	12925	13148	14197	13275	13308	13263	13284	13299	13221	13059	13512	12962	13568	13062	13207	13352	13373	13249	13524	13247	13293	13376	13389	12831	13142	13198	14208	13295	13314	13103	13236	13202	13128	13114	13646	11876	12089
0:25:40	37.0	12829	12833	12944	12938	12681	12747	12738	12699	12780	12750	12632	12879	12746	13246	12930	13178	13397	13056	13243	13447	12826	13017	12909	13145	12884	13062	13097	12949	12999	13068	13250	13206	13220	12921	13170	13402	12682	12878	12995	14060	13178	13222	13000	13224	13355	13003	13020	13303	12757	13392	13051	12983	13345	13102	13219	13248	13089	13052	13326	13450	12727	13002	13113	14079	13265	13185	13053	13025	13010	13147	13145	13475	11694	11957
0:29:40	37.0	12813	12976	12741	12789	12909	12660	12779	12764	12748	12774	12639	12908	12847	13135	12748	13112	13435	13082	13114	13321	12778	13011	13021	13117	12886	12911	12932	12927	12961	13060	13082	12984	13083	12980	13123	13202	12581	12814	12930	13818	13285	13233	12914	13019	13059	12882	12913	13193	12709	13311	12931	12995	13211	13055	12952	13192	13059	13153	13165	13318	12692	13041	13008	13948	13093	13191	12956	13227	12962	13006	12860	13544	11639	11787
0:33:40	37.0	12915	12770	12799	12722	12737	12554	12713	12654	12716	12771	12560	12905	12788	13000	12657	13014	13371	13067	12977	13205	12799	12884	13007	13094	12778	12818	13067	12587	12778	12904	13047	13134	12963	12928	13050	13275	12491	12727	12807	13906	13224	13057	12976	12971	13932	12885	12755	13248	12676	13334	12909	13111	13118	13003	12958	13160	12771	12829	13157	13190	12725	12879	13156	13945	13114	12955	12983	12967	12916	12922	12888	13142	11512	11835
0:37:40	37.0	12772	12701	12733	12667	12618	12594	12579	12599	12698	12685	12579	12896	12721	12983	12757	13029	13377	13029	12866	13204	12782	12886	12916	13093	12714	12810	12969	12734	12858	12859	13072	13091	13018	12840	12905	13089	12316	12693	12802	13615	13021	12994	12802	13109	13706	12846	12727	13270	12705	13118	12770	12847	13144	12895	12986	13236	12959	12782	12893	13223	12649	12763	12916	13850	12901	13064	12902	13039	12924	12901	12838	13251	11600	11773
0:41:40	37.0	12848	12746	12678	12657	12710	12638	12598	12614	12537	12526	12418	12813	12643	12961	12667	12813	13301	12933	12986	13262	12762	12824	12858	12992	12596	12755	13066	12660	12769	12849	12928	13068	12857	12772	12846	13122	12242	12785	12719	13881	12999	12933	12887	12879	13646	12769	12737	13175	12581	13152	12884	12756	13088	12929	12933	13081	12765	12902	12967	13202	12669	12790	13076	13861	12981	12986	12979	12886	12909	12804	12838	13233	11575	11756
0:45:40	37.0	12650	12751	12664	12553	12678	12505	12694	12520	12704	12681	12449	12799	12702	12870	12528	12858	13266	12962	12886	13067	12691	12920	12706	12963	12616	12777	12923	12613	12677	12832	12960	12992	12756	12860	12857	13195	12370	12600	12678	13673	12952	12843	12876	12826	13610	12949	12603	13318	12604	13149	12801	12750	12997	12904	12943	13059	12618	12843	12970	13030	12535	12881	12759	13835	12963	12938	12928	12840	12857	12722	12645	13049	11568	11662
0:49:40	37.0	12759	12785	12677	12695	12510	12529	12426	12531	12577	12508	12402	12758	12650	12778	12664	12897	13295	12895	12761	13125	12665	12697	12663	12910	12537	12617	12887	12550	12684	12614	12920	12965	12854	12776	12793	12966	12339	12408	12623	13784	12942	12812	12810	12826	13690	12730	12640	13276	12682	12851	12879	12684	13034	12806	12822	12929	12719	12692	12977	13278	12486	12647	12788	13833	12909	12957	12788	12776	12896	12729	12744	13110	11559	11639
0:53:40	37.0	12594	12618	12738	12650	12527	12430	12434	12628	12522	12416	12330	12725	12612	12777	12651	12925	13080	12897	12889	13021	12619	12703	12664	12915	12570	12693	12789	12592	12719	12724	12849	12940	12899	12707	12687	13081	12217	12487	12638	13617	12855	12939	12716	12806	13627	12583	12723	13143	12360	13020	12778	12733	12943	12839	12871	12942	12691	12707	12811	13082	12521	12582	12836	13779	13050	12942	12769	12776	12825	12623	12698	13109	11457	11613
0:57:40	37.0	12685	12551	12587	12422	12585	12388	12475	12516	12393	12413	12277	12798	12768	12814	12525	12746	13143	12909	12693	12840	12550	12558	12598	12799	12566	12613	12761	12500	12569	12656	12810	13001	12763	12660	12942	13088	12152	12630	12530	13671	12839	12771	12776	12735	13593	12611	12593	13220	12469	13072	12859	12667	13010	12896	12625	13000	12590	12639	12870	13089	12511	12593	12787	13623	12833	12961	12740	12770	12667	12621	12622	13019	11591	11716
1:01:40	37.0	12733	12536	12497	12593	12480	12426	12323	12379	12422	12361	12322	12621	12502	12758	12502	12667	13114	12768	12947	12971	12451	12566	12732	12899	12488	12573	12737	12594	12538	12713	12817	12845	12759	12494	12763	12981	12319	12490	12499	13760	12969	12843	12748	12843	13657	12656	12613	13192	12386	13000	12726	12592	12756	12686	12877	12988	12629	12775	12880	13056	12543	12534	12712	13804	12766	12860	12791	12748	12624	12557	12711	13037	11444	11606
1:05:40	36.9	12657	12478	12475	12662	12517	12411	12272	12451	12515	12434	12160	12776	12521	12479	12327	12794	13048	12722	12780	13061	12494	12602	12575	12867	12444	12620	12775	12367	12584	12589	12797	12749	12805	12585	12584	12844	12335	12475	12410	13529	12872	12658	12618	12731	13443	12714	12529	13090	12416	13053	12602	12592	12973	12725	12960	13049	12624	12605	12643	12997	12436	12733	12794	13696	12828	12769	12865	12910	12755	12531	12561	12972	11338	11538
1:09:40	37.0	12557	12347	12452	12436	12308	12470	12346	12426	12448	12461	12287	12869	12532	12665	12382	12461	13018	12772	12752	12898	12601	12640	12589	12745	12441	12423	12659	12495	12447	12606	12959	12691	12799	12429	12619	12822	12144	12541	12495	13501	12849	12739	12666	12757	13485	12670	12562	13070	12270	13058	12566	12627	12781	12527	12740	12881	12589	12766	12660	12988	12329	12628	12692	13669	12890	12704	12810	12602	12729	12579	12563	12992	11407	11731
1:13:40	37.0	12557	12519	12437	12491	12442	12348	12353	12301	12471	12371	12292	12606	12377	12609	12400	12827	12878	12651	12669	12792	12291	12555	12520	12658	12511	12568	12713	12402	12625	12598	12758	12659	12699	12522	12743	12939	12116	12429	12434	13546	12841	12643	12520	12732	13510	12534	12509	12966	12412	12901	12674	12480	12848	12695	12804	12854	12465	12569	12610	12964	12487	12540	12594	13543	12815	12703	12692	12419	12684	12577	12529	12973	11315	11641
1:17:40	37.0	12394	12369	12391	12401	12325	12231	12217	12409	12325	12339	12306	12685	12627	12606	12353	12605	12989	12727	12541	12922	12391	12595	12597	12745	12355	12489	12581	12383	12321	12576	12685	12710	12727	12463	12568	12810	12153	12478	12559	13533	12790	12674	12515	12705	13547	12711	12539	13107	12309	12779	12592	12607	12921	12692	12744	12746	12400	12756	12748	13063	12420	12615	12528	13505	12852	12794	12734	12670	12564	12531	12346	12842	11357	11481
1:21:40	37.0	12499	12495	12190	12400	12262	12418	12228	12424	12395	12318	12229	12740	12416	12550	12281	12681	12876	12720	12617	12894	12322	12480	12496	12811	12410	12442	12651	12265	12438	12460	12735	12625	12571	12576	12605	12830	12053	12278	12547	13311	12687	12716	12426	12589	13495	12499	12515	12988	12249	12856	12612	12423	12841	12641	12634	12842	12450	12663	12598	12970	12261	12629	12497	13631	12787	12786	12652	12620	12608	12555	12506	12832	11418	11541
1:25:40	37.0	12528	12485	12276	12317	12281	12209	12208	12424	12161	12426	12206	12585	12422	12542	12304	12638	12963	12666	12468	12762	12308	12420	12537	12796	12465	12398	12608	12241	12412	12536	12724	12643	12586	12324	12655	12930	12076	12358	12375	13313	12686	12421	12550	12575	13336	12552	12445	13040	12334	12807	12617	12486	12772	12502	12620	12632	12473	12473	12691	12874	12331	12414	12707	13529	12731	12688	12498	12613	12506	12494	12383	12809	11228	11422
1:29:40	37.0	12471	12405	12333	12434	12253	12191	12148	12264	12238	12204	12087	12510	12253	12484	12371	12719	12860	12570	12573	12581	12262	12455	12409	12727	12342	12374	12576	12249	12353	12515	12615	12668	12579	12355	12613	12891	12051	12438	12403	13398	12752	12495	12395	12497	13398	12432	12441	12984	12260	12747	12371	12327	12481	12523	12610	12541	12272	12468	12455	12919	12278	12364	12392	13393	12681	12582	12553	12629	12442	12424	12275	12921	11259	11456
1:33:40	37.0	12464	12267	12274	12339	12206	12158	12120	12180	12138	12353	12051	12416	12286	12449	12306	12569	12911	12522	12433	12691	12292	12520	12231	12566	12346	12404	12586	12228	12272	12390	12481	12606	12602	12408	12453	12881	12010	12245	12248	13308	12549	12469	12457	12457	13400	12445	12576	12909	12081	12675	12373	12328	12594	12406	12462	12643	12374	12363	12358	12817	12090	12268	12532	13436	12509	12534	12399	12507	12377	12331	12418	12800	11082	11365
1:37:40	37.0	12375	12214	12189	12274	12092	12336	12140	12173	12193	11931	12015	12519	12238	12366	12140	12483	12653	12454	12359	12657	12143	12270	12377	12512	12263	12230	12547	12180	12201	12355	12516	12462	12477	12222	12558	12726	11953	12248	12338	13147	12570	12390	12355	12551	13322	12419	12288	12791	12001	12546	12323	12313	12529	12331	12410	12590	12182	12342	12496	12721	12199	12149	12506	13351	12524	12479	12373	12525	12360	12338	12249	12779	11138	11378
1:41:40	37.0	12376	12247	12262	12220	12147	12047	11883	12098	12105	12073	11939	12575	12203	12330	12135	12379	12679	12357	12318	12354	12071	12257	12199	12469	12254	12330	12493	12116	12110	12147	12330	12555	12410	12257	12361	12716	11920	12074	12194	13079	12548	12339	12296	12438	13142	12327	12294	12865	12071	12514	12225	12289	12458	12319	12240	12447	12190	12372	12359	12797	12155	12373	12373	13401	12407	12531	12358	12262	12271	12075	12200	12710	11143	11446
1:45:40	37.0	12230	12200	12118	12152	12009	12104	11902	11919	12119	11818	11859	12474	12180	12219	12115	12453	12632	12329	12314	12477	12017	12148	12144	12468	12098	12186	12419	12072	12079	12195	12405	12469	12245	12175	12202	12722	11870	12059	12101	13236	12424	12421	12157	12292	13314	12244	12231	12911	12053	12554	12360	12141	12378	12308	12356	12357	12132	12375	12309	12699	11999	12238	12223	13276	12348	12424	12352	12318	12230	12033	12081	12796	11160	11367
1:49:40	37.0	12294	12231	12057	12114	12072	11879	11893	11987	11957	11997	11895	12379	12102	12166	12021	12324	12489	12270	12253	12524	12007	12132	12099	12225	12076	12009	12262	12036	12082	12133	12360	12270	12357	12325	12247	12816	11758	11827	12113	13099	12471	12231	12176	12289	13176	12137	12174	12830	11795	12385	12248	12094	12348	12186	12065	12474	11974	12373	12163	12654	11892	12148	12221	13132	12259	12266	12210	12215	12217	11962	12163	12634	11319	11450
1:53:40	37.0	12319	11995	12116	12158	12082	11928	11960	11906	11925	11863	11725	12384	12117	12228	11855	12326	12391	12224	12256	12485	11971	12138	12076	12101	12173	12183	12228	12004	12041	12046	12327	12177	12211	12108	12121	12670	11676	11929	12029	13033	12259	12234	12219	12244	12905	12136	12018	12751	11780	12393	12063	12005	12276	12118	12149	12389	12099	12206	12194	12686	11969	12171	12171	13139	12265	12232	12201	12177	12179	12103	11969	12490	11228	11354
1:57:40	37.0	12232	12107	11957	12108	12055	11949	11888	12074	11776	11841	11851	12271	12020	12060	11990	12243	12374	12207	12241	12546	11998	11944	12142	12240	12033	12001	12198	12087	11938	12147	12333	12346	12125	11945	12279	12796	11732	12076	11999	13034	12289	12257	12048	12256	13131	12117	12031	12858	11690	12294	12005	11952	12109	11937	12033	12331	12068	12044	12151	12569	11853	11985	12161	13074	12140	12207	12012	12134	12020	11899	11938	12510	11182	11440
2:01:40	37.0	12181	12062	11996	12072	12102	12020	12023	12041	11814	11756	11734	12412	12116	12039	11965	12266	12460	12305	12319	12400	11955	12066	12277	12109	11960	12027	12109	11866	11935	12135	12209	12261	12090	11901	12166	12781	11702	12017	12057	12932	12132	12198	12035	12100	12918	12093	12031	12845	11589	12206	12075	12073	12088	12052	12148	12215	12030	12169	12103	12569	11803	11921	11972	12999	12078	12099	12005	12060	12086	11939	11769	12543	11114	11291
2:05:40	37.0	12331	12121	11942	12134	11895	12078	12022	12022	11715	11734	11658	12409	12144	12119	11882	12325	12525	12088	12231	12467	12081	12126	12276	12193	11953	11988	12110	11751	11959	12080	12120	12146	12106	11920	11941	12790	11624	11811	11781	12823	12075	12085	11967	11966	12824	11948	11895	12758	11650	12229	11885	11933	12056	11988	11978	12214	11919	11988	12109	12536	11616	11826	11937	12876	12073	12016	11930	11984	12017	11765	11789	12650	11023	11309
2:09:40	37.0	12232	12138	12070	12060	12055	12048	11943	12066	11793	11844	11687	12486	12048	12097	12138	12287	12596	12324	12282	12502	12103	12094	12194	12105	11798	11977	11910	11754	11899	11808	11988	12125	12028	11956	12033	12720	11619	11821	11813	12841	11984	12034	11909	11937	12888	11762	11914	12850	11662	12008	12020	11849	12119	11907	11968	12203	11808	11967	11986	12509	11801	11733	11839	12833	11933	11843	11895	11787	11753	11581	11617	12698	11093	11276
2:13:40	37.0	12234	11991	12035	11920	11918	11915	11929	12089	11790	11883	11789	12455	12033	12109	11955	12316	12547	12295	12210	12426	12075	12118	12179	12222	11903	11951	12053	11762	11857	11858	12055	12058	12078	11946	11900	12775	11731	11739	11838	12797	11988	11962	11904	11938	12866	11804	11751	12880	11519	12037	11847	11747	12122	11954	11885	12171	11970	11973	11948	12672	11520	11718	11790	12803	11900	11864	11753	11844	11757	11457	11507	12691	11081	11076
2:17:40	37.0	12184	12094	11903	12123	11996	11978	11851	12074	11853	11785	11894	12591	12078	12182	11971	12247	12489	12216	12333	12524	12057	12159	12226	12258	11881	11914	11924	11693	11793	11763	12034	11977	12015	12009	11900	12747	11798	11750	11744	12581	11974	11870	11751	11873	12784	11814	11802	12694	11542	12124	11795	11785	11990	12011	11914	12118	11866	11937	11845	12626	11521	11594	11720	12740	11710	11788	11714	11860	11670	11424	11400	12743	10931	11245
2:21:40	37.0	12055	12098	11959	12118	12025	12000	11881	12117	11930	11753	11679	12403	11998	11989	11948	12264	12539	12251	12306	12619	12016	12171	12201	12284	11895	11870	12117	11586	11655	11717	11977	11999	11854	11862	11703	12670	11762	11746	11675	12647	11908	11832	11613	11779	12717	11813	11738	12843	11615	12139	11797	11669	12140	11912	11877	12141	11691	11929	12023	12619	11540	11591	11542	12631	11703	11861	11632	11779	11645	11456	11434	12631	11034	11229
2:25:40	37.0	12058	12009	12025	12041	11959	12058	11940	12020	11753	11899	11750	12453	12034	12081	11900	12135	12555	12338	12342	12569	12090	12222	12273	12255	11968	11730	11863	11568	11833	11742	11870	11962	11837	12019	11801	12790	11628	11706	11659	12741	11790	11876	11672	11668	12736	11670	11751	12903	11476	11922	11841	11806	11906	11725	11873	11988	11844	11986	11749	12552	11625	11459	11434	12463	11533	11649	11525	11608	11627	11311	11345	12632	11014	11188
2:29:40	37.0	11984	11977	11906	12121	12015	11856	11909	12163	11835	11806	11815	12566	11840	12072	12012	12268	12549	12299	12238	12628	12141	12075	12202	12338	11908	11842	11854	11608	11662	11685	11802	11847	11843	11994	11805	12583	11709	11798	11713	12526	11777	11646	11740	11758	12707	11660	11708	12917	11452	11902	11852	11810	11943	11796	11926	12107	11765	11991	11757	12608	11527	11490	11539	12344	11525	11605	11462	11608	11581	11304	11273	12635	10979	11227
2:33:40	37.0	12081	11935	11945	12097	11928	12089	12047	11981	11887	11892	11738	12485	12027	12076	12037	12216	12428	12260	12350	12493	12081	12030	12285	12453	12024	11834	11902	11488	11681	11714	11829	11825	11888	11997	11714	12550	11661	11607	11659	12504	11803	11753	11641	11689	12724	11569	11708	12788	11289	11885	11689	11735	11924	11821	11822	11998	11671	11970	11830	12626	11515	11419	11457	12382	11457	11453	11319	11465	11441	11229	11237	12637	10963	11182
2:37:40	37.0	12095	12096	12045	12108	11947	11982	12022	12032	11856	11907	11735	12515	11941	11956	11986	12288	12448	12156	12266	12604	12108	12239	12211	12516	11930	11772	11810	11719	11632	11699	11738	11859	11736	11933	11659	12691	11702	11672	11563	12711	11731	11766	11575	11689	12595	11586	11517	12664	11274	11876	11711	11639	11843	11788	11769	11993	11602	11979	11724	12684	11492	11412	11265	12371	11406	11525	11259	11431	11423	11110	11194	12473	10981	11162
2:41:40	37.0	11910	11968	11958	12036	12108	12095	11956	11933	11879	11899	11881	12458	11985	11985	11889	12175	12374	12355	12340	12504	12125	12103	12178	12424	11861	11861	11924	11426	11631	11645	11778	11858	11658	12052	11621	12701	11570	11748	11595	12393	11644	11716	11543	11584	12555	11623	11591	12796	11219	11803	11762	11715	11856	11781	11763	11985	11658	11797	11760	12635	11356	11302	11339	12316	11308	11342	11259	11307	11252	11183	11166	12548	10988	11139
2:45:40	37.0	12050	12030	11936	12147	12008	11968	11922	12182	11990	11826	11781	12468	11901	12052	12021	12360	12487	12336	12229	12721	12093	12127	12338	12505	11861	11791	11815	11476	11720	11510	11709	11674	11783	12132	11645	12717	11598	11628	11746	12529	11692	11644	11465	11707	12378	11559	11537	12756	11234	11773	11681	11658	11873	11747	11833	12006	11666	11864	11800	12732	11400	11330	11335	12335	11278	11294	11272	11270	11287	11009	10921	12598	10981	11099
2:49:40	37.0	12252	11968	11949	11994	12044	11982	11888	11938	11826	11884	11836	12513	12027	11978	11918	12180	12434	12328	12343	12477	12068	12077	12232	12537	11953	11780	11845	11505	11537	11566	11564	11861	11704	12107	11633	12509	11788	11614	11628	12454	11658	11661	11442	11565	12474	11566	11478	12794	11232	11797	11488	11735	11804	11659	11792	11957	11583	11873	11744	12654	11369	11325	11121	12129	11287	11270	11107	11280	11177	10979	10978	12460	11055	11064
2:53:40	37.0	12041	12024	12092	12130	11992	12005	12021	12085	11935	11832	11790	12378	11896	12065	11863	12259	12378	12210	12303	12488	12158	12123	12169	12513	12022	11882	11898	11543	11568	11605	11739	11702	11674	12202	11617	12462	11747	11695	11639	12448	11678	11549	11490	11596	12420	11459	11624	12708	11287	11756	11637	11673	11688	11697	11594	11915	11649	11790	11717	12659	11293	11202	11038	12161	11132	11210	10963	11183	11144	11017	10907	12484	10919	11114
2:57:40	37.0	12080	12061	12130	12051	11944	11922	12044	12147	11719	11849	11813	12309	12109	12230	11934	12290	12476	12224	12310	12512	12138	12141	12186	12564	11994	11838	11884	11447	11514	11514	11638	11813	11748	12118	11561	12569	11608	11711	11735	12553	11743	11765	11506	11844	12445	11537	11409	12715	11246	11792	11671	11490	11610	11653	11651	11969	11582	11832	11727	12769	11433	11184	11169	12111	11076	11078	10946	11138	11014	10988	10940	12474	10951	10946
3:01:40	37.0	12092	12081	11946	11916	11933	11997	11860	12121	11796	11950	11801	12357	12086	12093	12004	12313	12442	12194	12290	12632	12076	12188	12277	12483	11855	11928	11898	11456	11650	11616	11783	11939	11760	12057	11638	12594	11707	11756	11600	12456	11704	11670	11439	11588	12576	11502	11609	12680	11231	11761	11673	11463	11735	11586	11766	11960	11674	11866	11799	12625	11285	11176	10950	11985	11070	10978	10978	11086	10940	10808	10769	12531	10867	11120
3:05:40	37.0	12008	12096	12138	11981	11919	11907	11830	11980	11836	11860	11895	12287	11976	12130	11956	12293	12501	12212	12286	12435	12093	12078	12213	12472	12044	11864	11933	11488	11529	11477	11710	11756	11796	12183	11594	12649	11694	11894	11649	12475	11689	11780	11460	11536	12646	11661	11589	12592	11158	11658	11538	11661	11652	11576	11611	11984	11589	11897	11717	12549	11238	11041	10982	12024	11095	10991	10823	10931	11000	10820	10798	12463	10969	10893
3:09:40	37.0	12056	12104	11929	12054	11981	12002	11833	12108	11937	11788	11835	12417	12023	11935	12032	12156	12516	12219	12385	12519	12101	12141	12162	12468	11912	12009	11866	11597	11493	11559	11721	11938	11670	12077	11551	12722	11815	11737	11641	12459	11720	11725	11465	11691	12342	11506	11427	12565	11179	11604	11542	11504	11587	11721	11611	12006	11603	11832	11804	12556	11245	10886	10969	11881	10983	11001	10956	11029	11048	10772	10803	12471	10852	10708
3:13:40	37.0	12082	11983	11999	12028	11899	11987	11928	12192	11888	11732	11946	12296	11976	12163	11911	12284	12464	12340	12285	12487	12174	12112	12267	12504	11993	11852	12028	11685	11584	11554	11721	11816	11881	12028	11507	12471	11858	11792	11679	12563	11627	11746	11504	11531	12386	11532	11605	12730	11131	11623	11483	11475	11679	11835	11706	11956	11708	11823	11809	12643	11259	11087	10925	11946	11020	10934	10764	11050	10924	10667	10766	12515	10743	10869
3:17:40	37.0	12056	12021	11940	12039	11912	12050	11978	12044	11935	11946	11889	12356	12078	12095	12003	12105	12336	12061	12334	12428	12076	12017	12201	12430	11851	11809	11888	11546	11560	11532	11689	11836	11701	12073	11569	12530	11830	11729	11588	12420	11673	11806	11430	11587	12586	11559	11463	12553	11019	11559	11594	11547	11665	11508	11590	11944	11713	11828	11702	12665	11196	10934	10889	11897	11033	10760	10797	11058	10904	10559	10706	12431	10645	10981
3:21:40	37.0	11963	11898	11994	12018	11775	12067	11897	12029	11924	11997	11854	12247	11894	12094	12015	12207	12300	12218	12114	12416	12127	12215	12329	12557	11975	11923	11941	11644	11622	11441	11675	11719	11759	12167	11559	12479	11629	11670	11671	12498	11919	11811	11367	11667	12502	11431	11618	12524	11134	11638	11608	11532	11656	11654	11583	11922	11480	11836	11699	12564	11122	10836	10929	11790	10927	10833	10766	10933	10796	10590	10679	12352	10810	10905
3:25:40	37.0	12110	12089	11821	12005	11896	12080	11953	11997	11845	11947	11897	12306	11933	12109	11885	12062	12556	12201	12197	12506	12202	12045	12209	12455	12034	11956	11982	11669	11642	11682	11786	11798	11830	12121	11552	12510	11731	11741	11659	12545	11723	11691	11616	11638	12414	11505	11545	12657	10986	11649	11497	11553	11737	11670	11607	11835	11565	11745	11764	12638	11288	10922	10814	11823	10869	10742	10646	10842	10781	10702	10599	12447	10727	10912
3:29:40	37.0	12149	12166	11933	11976	12059	12009	11936	12111	11927	11918	11892	12323	11962	12086	11915	12188	12464	12203	12182	12419	12122	12143	12286	12568	12065	11901	11943	11767	11609	11601	11573	11823	11795	12156	11622	12548	11739	11773	11645	12486	11796	11651	11483	11698	12509	11574	11498	12596	11095	11629	11485	11462	11676	11687	11576	11882	11583	11714	11668	12673	11124	10881	10793	11797	10847	10802	10702	10830	10777	10562	10574	12492	10661	10902
3:33:40	37.0	12116	11956	12024	12062	11926	11957	11835	12081	11952	11902	11828	12258	11916	12111	11957	12253	12527	12273	12228	12450	12013	12065	12248	12434	12015	11892	12025	11722	11660	11638	11764	11733	11871	12104	11622	12439	11782	11744	11729	12591	11902	11774	11450	11699	12498	11615	11638	12788	11051	11660	11417	11438	11526	11674	11515	12005	11436	11579	11827	12710	11225	10802	10715	11822	10739	10754	10719	10851	10762	10577	10598	12539	10642	10891
3:37:40	37.0	12150	11964	11968	12035	11937	11931	11911	11981	11840	11816	11601	12455	11954	12014	11959	12222	12449	12235	12236	12491	11998	12105	12200	12528	11979	11854	11970	11708	11658	11657	11770	11934	11770	12119	11750	12555	11720	11943	11789	12562	11818	11641	11497	11713	12476	11529	11461	12678	10916	11607	11507	11458	11570	11655	11536	11906	11530	11675	11726	12659	11012	10712	10678	11638	10683	10760	10515	10704	10702	10601	10422	12482	10676	10947
3:41:40	37.0	12102	12041	11975	11992	11927	12021	11875	11975	11752	11729	11709	12313	12119	12209	11911	12241	12435	12225	12252	12411	11878	12087	12067	12385	12048	12044	12002	11716	11668	11621	11626	11686	11844	11984	11567	12526	11723	11948	11682	12541	11926	11647	11585	11689	12546	11651	11557	12622	10986	11408	11446	11296	11565	11620	11515	11982	11576	11660	11720	12589	11186	10775	10730	11572	10755	10653	10636	10761	10703	10543	10660	12281	10628	10820
3:45:40	37.0	12027	12076	11926	11935	11942	11848	11649	11810	11830	11803	11722	12110	12015	12132	11794	12179	12420	12046	12060	12172	11706	11888	11980	12296	11997	11979	11979	11721	11704	11702	11810	11701	11838	11916	11720	12430	11858	11958	11764	12420	11891	11696	11689	11643	12343	11569	11490	12489	10952	11569	11405	11304	11622	11567	11620	11936	11602	11762	11735	12430	10935	10757	10670	11465	10652	10592	10577	10700	10571	10539	10460	12350	10627	10638
3:49:40	37.0	12081	11977	11983	11828	11629	11657	11686	11821	11633	11709	11724	12143	12069	11866	11730	12152	12221	12026	12035	12168	11904	11748	12025	12208	12102	12079	12017	11914	11737	11757	11793	11746	11780	11833	11673	12444	11861	11954	11793	12416	11958	11629	11583	11645	12325	11578	11533	12536	10992	11512	11325	11362	11614	11585	11522	11704	11493	11722	11592	12396	11078	10669	10730	11556	10699	10581	10596	10624	10640	10430	10568	12263	10704	10789
3:53:40	37.0	12001	11964	11745	11821	11779	11867	11657	11805	11700	11710	11757	12185	12018	12021	11777	11900	12140	12000	12049	12199	11849	12005	11947	12138	11959	11979	12013	11914	11830	11658	11516	11872	11868	12054	11727	12368	11860	11849	11732	12616	11942	11678	11697	11650	12343	11629	11564	12520	10817	11520	11409	11482	11624	11600	11402	11783	11597	11692	11639	12452	10957	10653	10562	11513	10635	10477	10650	10776	10594	10262	10490	12283	10462	10727
3:57:40	37.0	12133	11760	11694	11747	11748	11718	11696	11845	11889	11684	11531	12150	12070	11812	11672	11936	12225	11974	11994	12261	11775	11927	11995	12182	11959	11945	11964	11872	11812	11753	11776	11816	11888	11967	11628	12296	11715	11836	11817	12611	11947	11646	11579	11823	12470	11587	11437	12483	10912	11398	11344	11454	11507	11402	11496	11771	11516	11689	11657	12296	11019	10629	10508	11383	10641	10567	10522	10646	10523	10326	10521	12093	10304	10677
4:01:40	37.0	12089	11804	11800	11796	11935	11835	11698	11772	11748	11666	11562	12092	12043	11871	11688	11844	12158	12041	12052	12192	11819	11779	11916	12165	11984	12087	12130	11849	11844	11725	11703	11905	11906	11880	11650	12424	11854	11875	11802	12550	11943	11763	11730	11670	12418	11575	11563	12416	10838	11458	11254	11327	11469	11365	11368	11698	11358	11490	11570	12323	11055	10611	10565	11399	10596	10514	10437	10544	10659	10347	10404	12055	10320	10592
4:05:40	37.0	11942	11829	11736	11773	11825	11776	11730	11858	11692	11744	11637	12022	11980	11834	11850	11986	12217	11979	11924	12089	11741	11888	12033	12067	12127	12002	12111	12011	11831	11902	11688	11811	11951	11807	11666	12298	11906	11881	11966	12661	11954	11708	11626	11840	12632	11656	11590	12407	10808	11431	11257	11327	11507	11560	11377	11816	11286	11510	11518	12478	10953	10447	10530	11391	10501	10491	10404	10530	10478	10263	10426	12110	10131	10688
4:09:40	37.0	11943	11988	11828	11845	11836	11773	11668	11665	11673	11642	11585	12082	11922	12073	11768	11938	12144	11954	12063	12170	11773	11901	11911	12124	11831	12087	12035	11887	11835	11810	11616	11893	11949	11890	11712	12298	11727	11888	11926	12598	12027	11804	11769	11765	12578	11597	11621	12307	10781	11422	11207	11344	11502	11332	11356	11793	11244	11493	11490	12275	10930	10559	10391	11442	10505	10443	10408	10700	10456	10304	10241	11999	10201	10526
4:13:40	37.0	12093	11867	11700	11794	11768	11763	11623	11838	11668	11672	11549	12038	11956	11935	11792	12137	12269	12002	11853	12147	11817	11818	11831	12036	11984	12055	12169	11839	11803	11873	11794	11938	11824	11920	11703	12334	11848	11898	11968	12645	12009	11845	11724	11852	12576	11659	11589	12368	10636	11320	11205	11336	11373	11446	11312	11683	11381	11437	11389	12344	10886	10524	10377	11302	10470	10363	10250	10425	10389	10312	10497	12234	10144	10484
4:17:40	37.0	12014	11907	11769	11800	11782	11580	11576	11780	11598	11514	11510	11844	12049	11975	11735	12005	12329	12118	12019	12147	11656	11849	11858	12016	11918	12160	12125	11783	11852	11847	11760	11814	11924	11865	11743	12161	11765	11869	11943	12824	12174	11692	11789	11953	12580	11744	11585	12322	10795	11310	11242	11186	11453	11326	11289	11717	11205	11441	11501	12253	10795	10491	10471	11262	10471	10402	10282	10453	10419	10242	10270	12056	10032	10669
4:21:40	37.0	12056	11820	11860	11798	11714	11764	11612	11714	11636	11700	11434	12079	11997	11924	11787	12090	12223	11872	11991	12129	11787	11746	11815	11965	11953	11902	12096	11949	11968	11904	11780	11982	11991	11729	11705	12117	11771	11976	11908	12682	12021	11714	11786	11920	12668	11706	11561	12271	10729	11336	11183	11294	11392	11251	11247	11537	11134	11317	11376	12164	10804	10383	10364	11382	10462	10421	10228	10506	10335	10237	10317	11988	10115	10562
4:25:40	37.0	12093	12019	11860	11824	11833	11601	11689	11793	11577	11664	11476	11959	11986	11970	11753	12022	12070	12031	11864	11974	11749	11698	11942	11986	11984	11942	12145	11980	12043	12047	11827	12158	11973	11704	11802	12158	11856	11988	11907	12669	12012	11813	12011	11886	12512	11827	11756	12248	10727	11353	11124	11205	11347	11176	11241	11524	11187	11334	11240	12119	10906	10474	10270	11316	10593	10365	10289	10350	10352	10391	10257	11992	10077	10458
4:29:40	37.0	11963	11794	11788	11806	11626	11811	11594	11723	11491	11607	11522	11938	12116	11989	11871	12163	12230	11894	11933	12050	11703	11720	11761	11921	12020	12000	12194	11905	11983	12058	11829	11929	11981	11848	11905	12225	11858	11864	11958	12707	12119	11809	11912	11986	12516	11717	11664	12154	10660	11204	11201	11055	11389	11243	11132	11511	11038	11238	11310	12171	10710	10394	10290	11244	10433	10359	10288	10365	10400	10198	10413	11949	10158	10337
4:33:40	37.0	12167	11891	11839	11846	11720	11704	11631	11667	11520	11487	11502	11974	12032	12030	11764	11931	12211	11964	11879	12167	11707	11868	11790	11831	12050	12050	12141	11896	11964	11952	11867	12040	11927	11699	11914	12186	11826	11980	11986	12750	12033	11894	12048	11961	12679	11722	11708	12137	10719	11403	11214	11107	11284	11162	11138	11511	11070	11339	11285	12088	10762	10410	10315	11220	10353	10433	10346	10368	10402	10092	10363	11895	10102	10311
4:37:40	37.0	12107	11955	11747	11719	11775	11662	11487	11605	11654	11684	11519	11983	12114	12054	11796	11989	12113	12023	11878	12126	11573	11790	11586	11849	12024	12091	12215	12020	12123	11955	11857	12111	12018	11851	11907	12122	11795	12050	11943	12814	12045	11908	11774	12127	12698	11885	11882	12193	10669	11365	11119	11138	11297	11105	11044	11358	10969	11252	11273	12141	10543	10418	10304	11182	10438	10326	10272	10307	10289	10177	10219	11944	9789	10182
4:41:40	37.0	12145	11871	11744	11806	11662	11698	11537	11651	11294	11420	11456	11842	12148	12058	11536	11990	12181	11837	11845	12011	11619	11581	11718	11885	11960	12079	12269	11947	12054	12091	11889	12075	12070	11793	11924	12222	11988	11934	11922	12897	12069	11928	11997	12043	12657	11761	11760	12296	10599	11182	11115	11037	11398	11148	11081	11367	10910	11275	11154	12218	10724	10374	10260	11303	10480	10353	10208	10312	10343	10219	10359	11851	9910	10042
4:45:40	37.0	12272	11883	11915	11806	11632	11587	11385	11536	11482	11463	11476	11957	12050	12013	11731	11853	12126	11866	11804	11957	11674	11710	11606	11826	12137	12025	12136	11916	12031	12087	11886	12081	12105	11722	11973	12165	11894	12080	11950	12733	12126	11939	11958	12062	12717	11868	11880	12221	10578	11186	11170	11098	11173	11076	10972	11205	10940	11184	11134	11937	10584	10358	10261	11203	10377	10254	10190	10392	10280	10231	10461	11871	9716	9984
4:49:40	37.0	12126	11879	11855	11807	11659	11525	11462	11498	11458	11437	11326	11877	12077	12058	11683	11914	12101	11881	11744	11893	11536	11442	11673	11590	12167	12130	12281	12011	12123	12026	11908	12221	12082	11665	11858	12072	11940	12130	11941	12716	12137	11965	12127	12100	12745	11755	11777	12231	10558	11233	11087	10990	11175	11031	11008	11271	10897	11238	11118	11896	10636	10321	10181	11252	10457	10196	10251	10437	10323	10155	10249	11793	9881	9905
4:53:40	37.0	12166	11985	11909	11710	11730	11465	11366	11519	11401	11523	11324	11824	12137	11973	11727	12007	12014	11761	11814	11891	11530	11587	11530	11789	11968	12089	12269	11949	12226	12012	12007	12064	11999	11578	11942	12158	11888	11997	12094	12924	12156	12013	12145	12128	12731	11815	11873	11965	10573	11263	11047	10981	11055	10852	10922	11205	10901	11152	11077	11964	10795	10347	10261	11065	10405	10286	10119	10358	10176	10007	10261	11782	9820	9798
4:57:40	37.0	12086	11847	11683	11704	11582	11496	11314	11431	11407	11278	11273	11810	12201	11902	11746	11979	12172	11736	11794	11868	11509	11410	11431	11567	11980	12138	12338	12062	12003	12010	11954	12052	11947	11581	11848	12030	11905	12090	12087	12812	12118	12132	12220	12131	12648	11863	11773	11968	10623	11166	11086	10870	11016	11065	10925	11296	10800	10996	11138	11912	10611	10217	10280	11061	10359	10225	10110	10265	10212	10126	10180	11844	9828	9599
5:01:40	37.0	12128	11922	11716	11723	11618	11452	11405	11350	11400	11428	11325	11859	12075	11918	11550	11856	11946	11795	11572	11728	11404	11514	11450	11684	11872	12094	12308	12072	12227	12093	12084	12070	11816	11368	11804	12051	11839	12065	12094	12792	12125	11982	11996	12250	12748	11811	11879	11970	10579	11094	11007	10822	11006	10949	10795	11154	10891	11081	11004	12001	10453	10302	10204	11180	10238	10167	10188	10290	10223	10227	10298	11742	9666	9640
5:05:40	37.0	12176	11862	11633	11772	11513	11406	11223	11319	11406	11337	11204	11760	12162	11924	11632	11915	11871	11592	11671	11792	11342	11304	11408	11590	11927	12001	12172	12024	12125	12076	11975	12164	11939	11546	11860	12053	11929	12070	11944	12710	12190	11984	12100	12259	12755	11928	11908	11962	10552	11019	10935	10787	10958	10885	10855	11002	10741	10879	10940	11808	10491	10274	10187	11026	10388	10197	10159	10223	10141	10096	10160	11634	9630	9556
5:09:40	37.0	12110	11800	11760	11722	11444	11307	11164	11366	11188	11273	11252	11794	12122	12060	11757	12004	11899	11649	11661	11633	11183	11300	11369	11540	11791	12141	12126	12031	11982	12068	12027	12098	12013	11392	11882	12009	11949	12041	12180	12732	12162	12060	12151	12168	12716	11890	11892	12053	10536	11078	10898	10749	11031	10787	10910	11078	10723	11082	10921	11808	10645	10371	10141	10970	10387	10242	10156	10231	10158	10055	10282	11693	9642	9550
5:13:40	37.0	12126	11879	11841	11776	11403	11434	11019	11144	11277	11255	11150	11714	12152	12005	11615	11822	11874	11595	11386	11665	11298	11268	11217	11556	11821	12026	12319	12019	12100	12036	12017	12072	12069	11289	11710	12123	11896	11986	11976	12746	12106	12134	11989	12188	12726	11837	11776	11984	10482	11133	10991	10921	10922	10813	10892	11169	10663	11043	10847	11786	10665	10173	10167	11075	10413	10101	10121	10242	10171	10107	10248	11494	9580	9502
5:17:40	37.0	12102	11922	11744	11668	11416	11436	11218	11059	11190	11088	11111	11820	12131	11913	11725	11805	11752	11431	11398	11457	11254	11126	11253	11605	12038	12196	12271	11964	12151	12151	11906	12026	11970	11334	11949	11890	11803	11984	12122	12927	12073	12048	11966	12239	12764	11813	11851	12038	10385	11045	10902	10814	11025	10738	10822	11073	10632	11071	10983	11768	10664	10351	10213	11053	10389	10121	10246	10256	10204	10117	10213	11591	9585	9431
5:21:40	37.0	12142	11831	11839	11571	11399	11176	11015	11224	11162	11221	10969	11679	12161	11924	11675	11660	11693	11567	11475	11577	11047	11169	11170	11643	11810	12092	12254	12031	12117	12042	11972	12037	11876	11230	11864	11912	11828	11989	12061	12887	12064	12078	12043	12111	12777	11974	11829	11966	10323	10981	10833	10793	10776	10721	10784	10969	10633	10906	10913	11675	10598	10218	10203	11018	10434	10085	10059	10298	10218	10006	10182	11603	9469	9501
5:25:40	37.0	12140	11994	11668	11591	11433	11206	10971	11009	11005	11005	11001	11744	12211	11988	11520	11745	11710	11253	11324	11417	11223	11042	11201	11499	11874	12124	12332	11983	12198	12119	11911	12064	11714	11257	11920	11953	11923	12004	12118	12934	12037	11972	12141	12157	12638	11918	11862	11956	10314	10911	10781	10702	10852	10733	10700	10997	10685	10809	10812	11739	10495	10226	10181	11012	10372	10099	10169	10130	10174	10061	10167	11510	9518	9488
5:29:40	37.0	12094	11818	11708	11605	11288	11126	10961	11031	11054	10985	10977	11598	12287	12006	11595	11603	11653	11358	11296	11385	11063	10929	11151	11470	11805	12105	12272	11947	12083	12079	11959	11860	11872	11192	11872	11913	11814	11974	12048	12781	12213	11993	12074	12196	12688	11929	11875	11922	10448	10761	10703	10587	10680	10753	10822	10852	10589	10868	10806	11600	10660	10219	10242	10976	10330	10073	10197	10161	10062	10144	10101	11424	9516	9385
5:33:40	37.0	12119	11781	11673	11645	11186	11044	10975	10975	10912	10931	10879	11580	12146	12046	11484	11656	11522	11226	11276	11418	11028	10986	11007	11505	12084	12129	12253	12035	12099	12073	11804	12097	11793	11078	11899	11870	11864	11838	12024	12749	12139	11937	12116	12125	12851	11859	11802	11950	10290	10965	10711	10533	10675	10657	10771	10780	10668	10742	10840	11746	10548	10143	10052	11118	10299	10042	10110	10209	10081	9987	10224	11682	9427	9422
5:37:40	37.0	12053	11798	11611	11508	11265	11127	10885	11007	10973	10811	10938	11661	12225	11891	11524	11589	11671	11271	11297	11453	11049	11066	10980	11493	11847	12140	12330	11906	12231	12138	11920	11991	11741	11168	11945	11993	11903	11840	11966	12989	11946	12033	11931	12244	12801	11983	11945	11988	10450	10876	10875	10553	10673	10692	10684	10921	10494	10766	10769	11624	10577	10202	10177	10976	10271	9995	9973	10324	10141	10003	10094	11378	9496	9342
5:41:40	37.0	12159	11879	11655	11290	11104	10991	10837	10981	10958	10831	10841	11625	12124	11961	11661	11455	11617	11272	11216	11302	10914	10933	10982	11435	11925	12036	12265	12000	12213	12092	11901	12073	11843	10966	11793	11917	11998	11937	11945	12874	11958	11920	12157	12289	12660	11826	11731	11874	10418	10967	10845	10567	10706	10738	10662	10779	10531	10703	10681	11625	10501	10109	10122	10968	10317	10137	10074	10154	10051	10040	10186	11429	9415	9323
5:45:40	37.0	12174	11794	11722	11409	11094	11018	10860	10987	10836	10766	10731	11563	12051	11937	11563	11493	11489	11198	11052	11177	10915	11005	10901	11575	11981	12089	12192	11966	12217	12113	11831	12195	11725	11032	11839	11937	11936	11968	12051	12810	12100	11928	12134	12318	12838	11728	11692	12015	10347	10927	10700	10469	10636	10521	10618	10762	10331	10693	10733	11643	10640	10212	10228	10938	10244	10073	10162	10270	10102	10086	10143	11376	9447	9297
5:49:40	37.0	12074	11807	11519	11297	11097	10903	10890	10796	10827	10671	10697	11481	12018	11853	11444	11400	11389	11119	11185	11089	10869	10838	10953	11457	11939	12115	12257	12072	12131	11952	11887	12071	11772	11039	11911	11916	11868	12064	12000	12885	11922	11895	12089	12171	12667	11763	11759	11803	10421	10736	10703	10534	10816	10524	10625	10815	10455	10689	10706	11618	10517	10105	10135	10970	10389	10001	10088	10175	10108	10040	10090	11373	9317	9158
5:53:40	37.0	12132	11835	11569	11263	10962	10857	10783	10895	10731	10699	10772	11586	12003	11848	11411	11385	11406	11189	11076	11234	10828	10850	10781	11524	11911	12226	12147	11982	12058	12282	11864	11886	11805	10951	11870	11823	11805	11984	12075	12863	11939	11872	12142	12177	12719	11746	11671	11869	10391	10767	10645	10506	10667	10455	10599	10830	10428	10626	10563	11720	10633	10151	10007	11110	10186	10041	10034	10183	10097	10024	10153	11455	9328	9133
5:57:40	37.0	12058	11940	11433	11191	11010	10903	10793	10850	10808	10699	10744	11484	12048	11985	11338	11407	11431	11095	10957	11126	10853	10844	10611	11492	11856	12028	12174	12006	12104	12126	11915	11973	11753	10940	11718	11933	11849	12057	12010	12780	11943	11913	12073	12213	12644	11711	11885	11751	10412	10879	10640	10452	10568	10600	10503	10718	10369	10665	10624	11580	10654	10103	10101	11054	10285	10004	9985	10270	10048	10048	10100	11392	9255	9264
6:01:40	37.0	12110	11775	11579	11166	10961	10740	10760	10796	10736	10738	10635	11612	12077	11929	11245	11320	11429	11090	11023	10898	10700	10788	10775	11284	11865	12100	12180	12010	11986	12119	11751	11968	11756	10880	11859	11788	11796	12103	12020	12686	11909	11773	12149	12219	12686	11665	11589	11689	10279	10886	10611	10330	10582	10491	10499	10693	10302	10569	10650	11740	10584	10186	9971	11018	10292	9960	10111	10134	10136	10012	10094	11277	9355	9206
6:05:40	37.0	12037	11787	11498	11237	10869	10818	10707	10799	10770	10546	10573	11497	12013	12011	11221	11308	11367	11056	11014	11075	10715	10727	10821	11421	11788	12197	12323	12015	12065	12119	11674	11906	11662	10865	11775	11841	11692	11925	11985	12655	11834	11878	12058	12272	12740	11604	11613	11812	10396	10771	10593	10390	10495	10466	10522	10698	10306	10507	10500	11687	10573	10044	9949	11027	10243	10040	10010	10079	9985	10015	10094	11357	9311	9273
6:09:40	37.0	12117	11774	11399	11181	10885	10744	10607	10698	10620	10574	10469	11448	12034	11996	11236	11196	11230	10853	10836	10925	10644	10678	10764	11538	11885	12026	12230	11983	12098	12093	11816	11919	11662	10859	11830	11890	11853	12008	12035	12517	11800	11834	12011	12280	12587	11703	11761	11649	10349	10942	10651	10287	10517	10494	10520	10572	10316	10538	10477	11599	10571	10044	10104	10959	10249	10050	10021	10175	10200	10039	10185	11285	9351	9089
6:13:40	37.0	12021	11807	11361	10962	10749	10792	10550	10579	10774	10606	10477	11578	12055	12015	11174	11166	11110	10860	10921	10798	10594	10676	10648	11465	11841	12206	12197	12171	12000	12047	11815	11800	11739	10737	11680	11853	11844	12111	11979	12632	11916	11758	12127	12144	12642	11548	11753	11718	10326	10769	10524	10334	10493	10488	10515	10607	10170	10479	10422	11580	10656	10150	10046	11098	10262	10080	10055	10215	10028	10097	10129	11264	9242	9151
6:17:40	37.0	11978	11675	11395	11036	10900	10714	10504	10643	10533	10539	10486	11527	12081	11880	11058	11136	11050	10790	10841	10936	10673	10589	10552	11369	11591	12018	12278	12056	12050	12101	11772	11885	11764	10763	11729	11751	11719	11914	11856	12777	11891	11753	12091	12196	12594	11637	11664	11731	10240	10799	10501	10254	10428	10332	10528	10548	10061	10560	10534	11607	10561	10128	10039	11023	10267	9900	10076	10238	10099	10120	10024	11194	9306	9140
6:21:40	37.0	12015	11726	11407	11033	10739	10642	10558	10571	10627	10507	10415	11631	12028	11889	10957	11102	10983	10884	10904	10793	10703	10594	10441	11340	11422	12129	12215	12026	12096	12087	11780	11743	11677	10673	11589	11665	11808	12070	11908	12501	11804	11698	12068	12084	12615	11676	11577	11659	10275	10787	10567	10389	10499	10511	10394	10489	10028	10442	10574	11582	10664	10091	10094	10965	10208	9963	10139	10097	10068	10053	10144	11188	9285	9018
6:25:40	37.0	12191	11695	11240	10993	10866	10553	10529	10617	10476	10276	10425	11427	11996	11758	10913	11007	11058	10702	10738	10708	10451	10545	10500	11281	11428	12017	12174	12112	12089	12000	11748	11866	11835	10586	11603	11857	11861	11942	11772	12654	11818	11766	12013	12105	12583	11592	11611	11553	10308	10909	10418	10206	10461	10516	10339	10533	10133	10501	10483	11499	10509	10089	9927	10958	10177	10021	10186	10060	10008	10013	10129	11250	9229	8951
6:29:40	37.0	12014	11766	11119	10890	10710	10559	10459	10563	10468	10315	10375	11551	11969	11743	10735	10943	10848	10715	10643	10743	10401	10542	10525	11435	11369	12061	12158	12082	12018	12014	11634	11754	11770	10667	11689	11831	11821	11861	11781	12562	11788	11790	12017	12151	12567	11567	11737	11721	10254	10904	10428	10236	10522	10397	10270	10533	10134	10463	10469	11516	10570	10114	10020	10969	10275	9920	10255	10172	10092	10060	10241	11158	9160	9015
6:33:40	37.0	11933	11563	11045	10833	10575	10485	10395	10432	10424	10423	10346	11509	11962	11616	10759	10937	10989	10683	10750	10609	10512	10503	10435	11426	11389	12184	12104	12061	12035	11968	11739	11632	11696	10540	11626	11718	11557	11879	11818	12478	11787	11648	12149	12120	12509	11658	11619	11680	10218	10853	10431	10243	10608	10285	10270	10391	10018	10416	10536	11535	10581	10192	10085	11052	10244	9966	10302	10196	9960	10138	10147	11283	9168	9053
6:37:40	37.0	11908	11658	11066	10663	10524	10482	10401	10459	10447	10249	10440	11433	11875	11550	10722	10869	10876	10713	10470	10666	10355	10378	10360	11305	11357	11998	12025	12063	11985	12011	11729	11699	11602	10504	11681	11880	11640	11861	11703	12527	11728	11598	11973	12024	12572	11609	11670	11578	10263	10815	10385	10165	10354	10357	10312	10452	10039	10441	10420	11623	10530	9999	10027	11011	10200	9913	10336	10108	10060	9970	10083	11200	9124	8985
6:41:40	37.0	12065	11639	11060	10839	10565	10540	10342	10437	10285	10251	10299	11570	11924	11502	10667	10777	10822	10638	10532	10558	10448	10410	10316	11412	11421	11948	12007	12015	12060	11909	11762	11682	11667	10480	11501	11790	11676	11681	11796	12454	11603	11590	11959	12091	12435	11586	11592	11558	10252	10762	10365	10192	10511	10358	10243	10432	9949	10406	10428	11583	10565	9962	9986	10965	10256	9950	10332	9954	10004	10070	10038	11070	9158	9051
6:45:40	37.0	11834	11583	10927	10697	10528	10465	10231	10380	10274	10185	10289	11559	11959	11464	10662	10885	10724	10721	10449	10491	10194	10264	10260	11317	11462	11945	12077	11970	12041	11998	11616	11793	11482	10387	11566	11771	11662	11839	11749	12577	11671	11439	11847	12104	12481	11562	11546	11616	10132	10624	10398	10150	10414	10279	10269	10410	9924	10396	10359	11463	10667	10123	10101	10979	10286	9862	10313	10129	10062	10048	10230	11118	9088	9080
6:49:40	37.0	11902	11443	11031	10700	10322	10415	10217	10407	10259	10223	10224	11512	11944	11398	10640	10606	10684	10449	10428	10343	10253	10297	10236	11353	11297	11718	12034	11900	11856	11935	11581	11619	11612	10408	11559	11786	11594	11688	11571	12450	11695	11593	11964	12149	12520	11463	11483	11623	10222	10721	10314	10110	10512	10309	10162	10410	9946	10405	10312	11448	10603	10118	10091	10886	10211	9878	10373	10010	10023	10076	10138	11120	9112	8924
6:53:40	37.0	11898	11510	10852	10604	10477	10281	10103	10245	10258	10060	10178	11581	11808	11288	10405	10628	10648	10473	10413	10331	10279	10182	10276	11325	11252	11951	12039	11898	11878	11991	11613	11760	11461	10334	11601	11793	11590	11747	11530	12240	11646	11504	11867	11949	12457	11402	11677	11581	10279	10753	10305	10152	10383	10262	10220	10393	9942	10321	10391	11559	10688	10096	9932	10920	10081	9891	10294	10084	10026	10015	10059	11147	9088	9129
6:57:40	37.0	11863	11368	10617	10475	10270	10251	10049	10311	10281	10222	10074	11534	11795	11288	10425	10614	10557	10386	10367	10510	10214	10231	10084	11343	11278	11913	11955	11846	11843	11883	11527	11721	11524	10407	11432	11755	11522	11787	11670	12474	11510	11430	11958	12042	12339	11429	11524	11676	10110	10646	10335	9977	10418	10137	10091	10362	9831	10273	10365	11449	10584	10036	9876	10914	10167	9924	10475	10041	9988	10040	10100	11069	8998	9008
7:01:40	37.0	11650	11388	10709	10504	10241	10125	10090	10198	10128	10121	10093	11450	11802	11237	10363	10426	10585	10321	10308	10264	10159	10128	10124	11257	11316	11752	11877	11791	11959	11845	11596	11645	11541	10129	11513	11683	11505	11635	11593	12463	11589	11462	11785	11902	12361	11330	11577	11620	10257	10651	10282	10136	10397	10117	10059	10310	9795	10361	10246	11525	10550	10184	9888	11001	10172	9908	10501	10121	9923	9912	10097	10887	9042	8956
7:05:40	37.0	11677	11362	10652	10454	10305	10133	10141	10010	10154	10121	10070	11544	11658	11180	10389	10475	10571	10329	10317	10217	10019	10103	10075	11316	11231	11843	11853	11889	12050	11746	11620	11536	11523	10157	11345	11617	11489	11655	11481	12256	11557	11468	11930	11973	12321	11467	11586	11604	10244	10535	10249	10048	10372	10285	10086	10455	9738	10257	10319	11559	10573	10228	9992	10809	10233	9891	10445	10029	10041	10110	10028	10907	9045	8877
7:09:40	37.0	11629	11296	10601	10394	10280	10245	10069	9955	10127	9962	9964	11598	11582	10947	10278	10435	10528	10295	10200	10177	10033	10149	9986	11252	11215	11893	11929	11707	11837	11831	11448	11547	11441	10143	11411	11860	11344	11639	11529	12480	11410	11480	11841	11939	12388	11474	11469	11583	10104	10603	10383	10020	10366	10093	10145	10469	9820	10259	10364	11475	10535	10088	9979	10859	10002	10017	10454	9982	10027	10038	10030	11043	9023	8954
7:13:40	37.0	11580	11055	10520	10333	10261	10076	9942	10120	10059	10018	9925	11495	11644	10964	10282	10377	10374	10236	10228	10212	10079	10060	10051	11227	11286	11791	11741	11690	11710	11825	11511	11484	11421	10011	11464	11808	11373	11589	11580	12244	11524	11455	11812	11895	12439	11410	11467	11493	10094	10460	10258	10049	10439	10102	10172	10327	9686	10259	10261	11428	10557	10119	9967	10923	10193	9954	10336	10054	9970	10046	10090	11019	8958	8879
7:17:40	37.0	11755	11061	10541	10273	10162	10158	10010	10064	9961	10044	9996	11535	11627	10837	10145	10536	10392	10210	10196	10224	10035	10015	9970	11214	11205	11777	11787	11736	11831	11750	11445	11540	11362	10102	11360	11756	11394	11455	11471	12406	11432	11349	11754	11809	12247	11337	11415	11488	10135	10566	10272	10113	10368	10080	10063	10298	9782	10220	10249	11400	10465	10044	10055	11005	10200	9912	10467	10073	10096	10028	10154	10903	8981	8944
7:21:40	37.0	11480	10952	10599	10231	10113	9958	9989	10043	10126	10008	10053	11577	11633	10863	10147	10384	10316	10254	10063	10167	9954	9978	9930	11213	11347	11609	11784	11617	11827	11677	11457	11408	11328	10017	11345	11675	11373	11380	11519	12285	11297	11350	11800	11773	12315	11403	11456	11406	10098	10392	10254	10005	10287	10061	10080	10360	9736	10199	10180	11490	10538	10055	10122	10898	10125	9864	10440	9982	10021	9991	10008	10997	8827	8879
7:25:40	37.0	11416	10930	10365	10181	10141	9928	9959	9977	10031	9975	10002	11509	11479	10785	10191	10342	10263	10151	10211	10189	9859	9955	9836	11286	11261	11709	11675	11577	11778	11686	11364	11430	11387	10113	11213	11691	11276	11555	11385	12158	11373	11355	11700	11713	12229	11290	11573	11417	10044	10487	10211	9923	10221	10024	10105	10144	9592	10214	10125	11405	10489	10142	9963	10832	10272	9843	10541	9982	10093	10064	10117	11033	8870	8865
7:29:40	37.0	11512	10843	10477	10089	10101	9896	9813	9888	10013	9810	9935	11429	11519	10640	10094	10297	10257	9982	9993	10137	9909	10008	9829	11237	11181	11577	11689	11545	11665	11578	11453	11413	11311	10085	11378	11774	11277	11326	11429	12182	11354	11394	11571	11682	12087	11330	11471	11485	10016	10409	10228	10035	10264	9959	10123	10355	9762	10197	10169	11369	10566	10128	9937	10961	10226	9916	10423	10035	9908	10011	10124	10983	8918	8889
7:33:40	37.0	11422	10784	10266	10120	10103	9935	9819	9892	9956	9879	9885	11569	11405	10598	10036	10280	10182	10149	10045	10059	9819	10018	9871	11146	11110	11576	11758	11461	11696	11512	11379	11441	11332	10070	11254	11741	11294	11405	11259	12075	11371	11218	11683	11747	12167	11278	11374	11484	10065	10360	10237	9994	10176	9980	10059	10157	9654	10192	10145	11435	10503	10063	10114	10814	10191	9903	10549	9896	9902	10051	10008	10829	8794	8899
7:37:40	37.0	11397	10782	10227	10121	10008	10043	9999	9856	9870	9804	9845	11516	11508	10562	9956	10149	10100	10084	10171	9963	9920	9914	9869	11229	11168	11581	11481	11461	11655	11559	11360	11334	11225	9999	11303	11719	11144	11306	11273	12170	11281	11273	11582	11610	12187	11257	11446	11604	9995	10351	10216	9874	10370	10039	10159	10177	9694	10211	10069	11467	10536	10076	10005	10760	10286	9783	10543	9855	10059	10052	10091	10862	8906	8829
7:41:40	37.0	11436	10801	10180	9983	10023	9822	9832	9790	9820	9762	9782	11454	11448	10436	9938	10122	10021	9997	9964	10017	9882	9955	9813	11192	11183	11559	11584	11411	11540	11496	11229	11297	11109	10023	11200	11735	11097	11331	11120	12081	11195	11114	11532	11611	11973	11295	11434	11585	10055	10426	10233	10014	10224	10022	10216	10204	9616	10088	10093	11251	10423	10188	10030	10754	10212	9826	10431	9958	10077	10044	10131	10791	8881	8796
7:45:40	37.0	11226	10585	10216	9950	9924	9796	9792	9865	9910	9823	9787	11525	11357	10389	9987	10203	10041	10017	10025	9961	9785	9804	9866	11169	11257	11512	11527	11412	11571	11575	11336	11314	11035	9925	11254	11644	11163	11300	11258	11953	11165	11258	11452	11572	12065	11215	11251	11506	10007	10440	10201	9869	10211	9888	10186	10136	9550	10126	10091	11419	10455	10104	10062	10900	10175	9780	10515	9987	10058	10168	10123	10777	8782	8937
7:49:40	37.0	11261	10635	10269	10019	10031	9837	9806	9746	9855	9778	9832	11420	11188	10381	9946	10145	10042	9961	9932	10049	9668	9846	9786	11176	11194	11503	11435	11419	11546	11484	11137	11271	11020	9913	11178	11756	11036	11149	11114	11940	11216	11155	11520	11570	12067	11160	11268	11456	10040	10397	10110	9957	10176	9976	10126	10200	9698	9999	10192	11498	10504	10029	10098	10816	10254	9802	10473	9970	9975	10153	10177	10741	8859	8822
7:53:40	37.0	11214	10583	10085	10017	9882	9789	9681	9778	9842	9743	9647	11543	11294	10367	9889	10208	9998	9950	9826	9887	9766	9779	9808	11166	11005	11509	11492	11406	11403	11409	11232	11425	11017	9842	11154	11774	11007	11290	11138	11923	11102	11119	11432	11433	11892	11187	11400	11464	9937	10359	10164	9942	10265	10008	10087	10176	9595	10061	10098	11486	10435	10001	9984	10791	10256	9882	10366	9901	10044	10039	10205	10796	8809	8981
7:57:40	37.0	11180	10555	10090	9900	9843	9832	9795	9802	9781	9695	9793	11473	11200	10355	9951	9997	9981	9833	9998	9963	9682	9780	9792	11191	11099	11441	11439	11363	11484	11514	11341	11231	10941	9800	11081	11715	10901	11234	11033	11957	10956	11069	11414	11419	12001	11176	11308	11699	9944	10374	10096	9852	10264	9959	10077	10148	9647	10137	10026	11395	10571	10075	10152	11016	10317	9722	10391	9969	10036	10109	10082	10779	8812	8961
8:01:40	37.0	11114	10447	10020	9893	9877	9865	9643	9813	9841	9798	9685	11565	11139	10344	9860	10012	10003	9930	9796	9987	9812	9824	9867	11207	11117	11416	11474	11295	11315	11461	11103	11234	10952	9934	11107	11709	10943	11166	11048	11827	11130	11015	11439	11325	11915	11147	11155	11430	9952	10335	10167	10006	10180	9871	10119	10165	9592	10134	10037	11465	10610	9910	9951	10875	10316	9723	10485	9896	10052	10101	10107	10746	8786	8838
8:05:40	37.0	11090	10375	10000	9732	9807	9709	9673	9886	9735	9758	9796	11518	10978	10227	9929	9936	9975	9942	9824	9892	9803	9712	9780	11221	10959	11421	11357	11135	11263	11320	11200	11142	10908	9815	11199	11788	10845	11097	10974	11934	11093	10941	11353	11363	11988	11189	11221	11431	9987	10296	10094	9830	10101	9928	10070	10063	9436	10032	10014	11498	10492	10027	10063	10773	10280	9844	10527	9882	9981	10124	10060	10770	8782	8826
8:09:40	37.0	11018	10314	9983	9901	9770	9720	9774	9801	9807	9719	9667	11490	10984	10213	9866	9997	10020	9966	9887	9864	9768	9761	9748	11221	10910	11476	11336	11192	11384	11325	11160	11308	10919	9909	11076	11752	10923	11056	11003	11800	11048	11019	11152	11348	11792	11117	11320	11454	10053	10413	10045	9908	10102	9874	10035	10147	9531	10137	9995	11316	10585	10044	10026	10841	10233	9848	10554	9903	10136	10129	10114	10626	8856	8908
8:13:40	37.0	10931	10345	9938	9857	9726	9706	9740	9694	9755	9626	9830	11397	10905	10160	9889	9997	9844	9823	9726	9802	9815	9747	9705	11305	10892	11287	11490	11067	11339	11212	11049	11132	10875	9798	11050	11603	10889	11120	10971	11734	11025	10872	11249	11317	11843	11195	11260	11398	9999	10389	10076	9942	10078	9763	9989	10002	9604	10072	9888	11429	10605	10029	10033	10829	10268	9880	10373	9792	10107	10143	10033	10706	8774	8842
8:17:40	37.0	10922	10238	9953	9796	9728	9686	9722	9732	9825	9739	9582	11526	10937	10126	9936	9851	9791	9848	9896	9861	9768	9657	9721	11183	10927	11190	11167	11170	11220	11271	10965	11141	10916	9824	11014	11834	10771	10851	10956	11778	11023	10864	11249	11284	11848	10978	11147	11487	9939	10296	10042	9801	10078	9912	9925	9959	9496	9842	9927	11410	10487	9949	9916	10757	10190	9887	10425	9942	10089	10202	10071	10587	8864	8954
8:21:40	37.0	10894	10276	9782	9959	9724	9639	9772	9689	9616	9653	9721	11445	10909	10205	9895	10017	9849	9712	9848	9813	9653	9763	9732	11178	10880	11290	11168	11094	11196	11099	11046	11180	10864	9858	10962	11706	10878	10927	10860	11737	10939	10846	11064	11371	11818	10773	11203	11370	9978	10440	10058	9868	10006	9915	9966	10050	9499	9996	9996	11575	10559	10054	10016	10737	10215	9767	10544	9838	10159	10085	10129	10680	8805	8715
8:25:40	37.0	10908	10239	9866	9851	9733	9629	9733	9725	9750	9603	9723	11441	11058	10037	9833	10000	9954	9938	9806	9801	9727	9800	9781	11236	10904	11182	11206	11070	11237	11118	10960	11084	10864	9748	10991	11665	10774	10990	10778	11691	10853	10783	11034	11307	11870	10919	11078	11484	10045	10395	10054	9836	9947	9890	9774	10013	9413	9958	9998	11610	10555	10027	9951	10851	10220	9865	10365	9857	10036	10053	10012	10578	8807	8825
8:29:40	37.0	10842	10077	9850	9806	9710	9573	9740	9758	9721	9715	9623	11437	10866	10123	9878	9837	9905	9808	9817	9796	9689	9704	9736	11165	10817	11187	11178	11055	11173	11089	10885	11033	10751	9787	10863	11612	10707	10928	10951	11675	10844	10807	11307	11225	11758	10875	11040	11483	10054	10421	9924	9853	10016	9835	9791	10037	9468	9941	9839	11498	10626	10009	10063	10832	10289	9804	10585	10002	10002	10071	10060	10579	8827	8850
8:33:40	37.0	10861	10160	9803	9828	9789	9626	9686	9646	9811	9652	9630	11491	10780	10093	9874	9951	9785	9810	9818	9853	9741	9702	9589	11181	10801	11100	11095	10894	11147	11101	10992	10963	10786	9767	10962	11680	10645	10941	10837	11699	10862	10802	10995	11211	11722	10883	10909	11430	9991	10553	9994	9633	9930	9775	9932	9889	9501	10058	9890	11440	10553	10019	10080	10753	10234	9879	10627	9850	10048	10059	10107	10559	8724	8749
8:37:40	37.0	10781	10183	9770	9763	9732	9639	9712	9606	9715	9664	9623	11413	10792	10074	9815	9889	9841	9851	9788	9778	9631	9655	9711	11156	10726	11091	11140	10907	11094	11121	10887	10983	10721	9859	10895	11648	10761	10807	10760	11678	10765	10796	10974	11153	11740	10806	10959	11344	9982	10460	9993	9797	9864	9748	9846	9977	9463	9880	9779	11417	10594	9954	9969	10739	10402	9852	10365	9888	9966	10044	10177	10566	8807	8771
8:41:40	37.0	10834	10011	9753	9738	9742	9542	9591	9668	9740	9686	9670	11348	10871	10108	9802	10000	9799	9857	9876	9836	9647	9728	9575	11257	10843	11056	11122	10986	11030	11055	10921	11021	10626	9622	10790	11701	10619	10752	10758	11601	10781	10757	11025	11009	11674	10866	10966	11269	9806	10421	9962	9927	9998	9741	9867	9856	9360	9945	9869	11452	10408	9970	10100	10849	10273	9839	10618	9904	9925	9874	10149	10462	8856	8806
8:45:40	37.0	10835	10008	9819	9674	9751	9678	9550	9690	9708	9634	9694	11554	10758	10100	9831	9922	9858	9852	9714	9818	9658	9557	9663	11272	10665	11067	11137	10834	11126	11006	10786	10848	10578	9789	10820	11646	10672	10771	10752	11549	10791	10621	11002	11156	11614	10887	10933	11394	9896	10357	9939	9824	9892	9752	9846	9868	9363	9971	9814	11397	10365	10005	10012	10789	10267	9814	10599	9871	9876	10151	10172	10505	8784	8861
8:49:40	37.0	10753	9981	9766	9728	9758	9602	9545	9626	9691	9645	9654	11440	10700	9986	9851	9869	9788	9828	9811	9852	9680	9693	9678	11273	10807	10910	10960	10939	11077	10984	10866	10916	10612	9723	10877	11683	10536	10724	10518	11494	10920	10693	10881	11060	11575	10881	10974	11420	9828	10519	9879	9762	9755	9750	9732	9871	9444	9859	9764	11458	10424	10015	9983	10931	10152	9855	10399	9977	10018	10042	10095	10504	8751	8781
8:53:40	37.0	10556	9953	9854	9710	9744	9711	9618	9721	9575	9595	9680	11354	10699	10021	9776	9923	9748	9753	9731	9734	9525	9630	9696	11297	10821	11095	10897	10948	11108	10947	10827	10903	10634	9712	10895	11805	10666	10699	10751	11640	10723	10662	11003	11156	11635	10717	10788	11407	9937	10551	9910	9800	9844	9773	9927	9846	9308	9957	9853	11447	10417	10071	9950	10845	10298	9819	10407	10026	9963	10143	10175	10466	8854	8839
8:57:40	37.0	10652	10065	9752	9846	9773	9663	9582	9589	9631	9641	9694	11488	10688	9977	9912	9979	9797	9832	9706	9811	9680	9713	9516	11250	10772	10962	10946	10903	11058	11141	10864	10837	10601	9681	10781	11654	10551	10830	10638	11500	10814	10722	10954	11090	11659	10799	10832	11411	9917	10331	9833	9739	9854	9658	9904	9902	9388	9851	9764	11486	10446	9918	9905	10796	10207	9839	10578	9758	9921	10178	10152	10401	8906	8904
9:01:40	37.0	10551	9939	9794	9812	9699	9634	9611	9720	9598	9644	9633	11506	10614	9865	9814	9777	9843	9833	9796	9779	9670	9625	9737	11308	10658	10904	10876	10806	11100	10825	10857	10960	10538	9778	10672	11712	10629	10783	10649	11608	10806	10555	10927	11125	11580	10707	10861	11551	9945	10446	9925	9657	9881	9681	9769	9831	9389	9700	9819	11491	10379	9947	10043	10901	10050	9700	10564	9972	10002	10122	10192	10447	8813	8811
9:05:40	37.0	10453	9882	9704	9689	9630	9605	9648	9670	9779	9685	9595	11524	10484	9949	9870	9786	9725	9810	9814	9729	9592	9592	9661	11310	10673	10926	10787	10840	10976	10977	10778	10813	10462	9841	10778	11613	10608	10645	10590	11599	10655	10571	10982	10964	11634	10756	10773	11461	9926	10437	9790	9784	9811	9642	9854	9851	9316	9852	9786	11505	10475	9992	9864	10674	10146	9851	10426	10034	10058	10015	10165	10515	8671	8786
9:09:40	37.0	10484	9962	9703	9688	9850	9700	9623	9704	9699	9791	9755	11436	10565	10101	9924	9894	9863	9776	9644	9749	9600	9786	9638	11254	10627	10832	10828	10776	10982	10984	10770	10819	10439	9856	10681	11611	10418	10688	10616	11499	10605	10531	10851	11057	11526	10783	10912	11435	9947	10455	9847	9739	9739	9688	9696	9810	9417	9854	9703	11437	10403	10001	10059	10673	10142	9849	10536	10061	10091	10242	10148	10427	8830	8796
9:13:40	37.0	10589	9903	9859	9665	9658	9623	9616	9643	9604	9677	9738	11439	10606	9974	9751	9787	9777	9710	9783	9768	9625	9649	9661	11248	10624	10860	10874	10784	11036	10847	10783	10761	10401	9757	10736	11621	10589	10723	10592	11517	10551	10537	10780	10959	11561	10717	10755	11482	9852	10469	9904	9743	9815	9811	9816	9849	9341	9739	9706	11411	10503	10016	10042	10741	10094	9794	10422	9966	10042	10135	10118	10390	8757	8855
9:17:40	37.0	10472	9779	9871	9808	9653	9579	9654	9710	9716	9719	9644	11485	10689	9905	9923	9776	9824	9696	9639	9764	9672	9607	9698	11223	10708	10749	10796	10783	10978	10808	10852	10756	10464	9781	10652	11700	10533	10601	10587	11427	10713	10541	10991	10889	11500	10630	10666	11463	9814	10576	9874	9742	9837	9665	9802	9761	9372	9836	9806	11303	10459	10032	10037	10823	10231	9731	10521	9906	10080	10066	10061	10403	8851	8955
9:21:40	37.0	10415	9825	9752	9697	9676	9630	9537	9625	9677	9647	9656	11482	10556	9936	9808	9807	9713	9740	9655	9725	9600	9733	9658	11194	10510	10825	10712	10911	10941	10848	10587	10838	10316	9723	10731	11529	10503	10539	10387	11354	10555	10363	10763	10980	11421	10787	10637	11481	9904	10483	9768	9661	9708	9665	9692	9697	9402	9783	9751	11542	10430	10065	9918	10821	10057	9789	10503	9966	10088	10050	10075	10279	8830	8938
9:25:40	37.0	10399	9934	9761	9685	9755	9498	9567	9567	9614	9653	9645	11391	10560	9982	9803	9883	9885	9736	9647	9765	9583	9619	9574	11361	10699	10817	10719	10742	10884	10884	10677	10773	10299	9720	10674	11627	10280	10529	10504	11410	10555	10420	10849	10952	11462	10678	10718	11415	9866	10345	9869	9546	9750	9666	9759	9725	9290	9709	9711	11369	10450	10115	9997	10814	10169	9805	10532	9985	10118	10144	9926	10287	8739	8830
9:29:40	37.0	10472	9807	9758	9760	9648	9602	9587	9706	9602	9664	9556	11235	10274	9900	9832	9811	9739	9660	9716	9741	9615	9644	9557	11299	10691	10711	10695	10776	10859	10924	10690	10703	10307	9617	10732	11700	10504	10541	10430	11296	10614	10411	10763	10798	11412	10687	10858	11491	9833	10495	9832	9518	9701	9644	9762	9756	9244	9722	9718	11501	10454	9962	9980	10749	10135	9855	10385	9897	10186	9993	10059	10324	8768	8857
9:33:40	37.0	10256	9947	9691	9601	9733	9551	9566	9588	9660	9714	9717	11492	10407	9954	9867	9816	9757	9696	9741	9687	9644	9730	9656	11237	10573	10681	10673	10641	10884	10720	10684	10609	10274	9642	10612	11609	10302	10528	10442	11380	10562	10402	10827	10742	11469	10696	10650	11374	9863	10366	9823	9596	9794	9590	9627	9731	9281	9743	9671	11531	10382	10076	9982	10721	10034	9751	10512	9832	10195	10164	10171	10360	8716	8766
9:37:40	37.0	10368	9971	9821	9744	9665	9463	9615	9522	9567	9612	9788	11311	10323	9949	9850	9845	9847	9643	9777	9754	9628	9686	9631	11269	10508	10732	10656	10692	11006	10793	10611	10690	10487	9757	10696	11545	10380	10558	10415	11337	10642	10497	10873	10921	11479	10716	10572	11415	9703	10499	9801	9665	9766	9598	9697	9662	9325	9739	9615	11414	10280	10084	10091	10728	10182	9798	10451	9955	9987	10135	10068	10244	8699	8890
9:41:40	37.0	10333	9894	9845	9784	9549	9605	9654	9541	9675	9573	9595	11396	10304	9942	9817	9810	9878	9806	9634	9828	9651	9641	9632	11375	10552	10754	10616	10831	10955	10783	10628	10616	10224	9688	10695	11653	10512	10512	10529	11348	10465	10489	10708	10910	11451	10597	10567	11618	9901	10372	9874	9742	9734	9689	9720	9749	9271	9649	9687	11421	10417	10054	9931	10832	10126	9738	10335	9943	10169	10167	10114	10252	8703	8787
9:45:40	37.0	10373	9821	9747	9678	9598	9477	9583	9660	9606	9619	9536	11373	10346	9926	9835	9893	9876	9800	9748	9653	9647	9646	9667	11166	10511	10738	10718	10636	10918	10760	10745	10694	10255	9661	10587	11692	10290	10412	10454	11385	10637	10439	10743	10796	11419	10576	10656	11412	9689	10400	9764	9681	9767	9632	9627	9816	9227	9635	9575	11519	10366	10171	9942	10805	10078	9830	10293	9957	10037	10080	10115	10157	8824	8843
9:49:40	37.0	10484	9807	9717	9679	9724	9693	9659	9607	9636	9641	9666	11344	10323	9969	9862	9963	9779	9737	9686	9735	9730	9739	9739	11148	10604	10723	10595	10808	10867	10635	10595	10681	10234	9692	10643	11690	10279	10410	10465	11302	10620	10490	10722	10828	11367	10620	10607	11419	9723	10445	9722	9586	9747	9569	9690	9736	9194	9696	9710	11394	10348	9996	10030	10792	10130	9848	10404	9937	10178	10077	10009	10172	8835	8852
9:53:40	37.0	10302	9804	9759	9720	9677	9683	9622	9654	9666	9653	9585	11403	10275	9997	9754	9854	9855	9730	9686	9726	9655	9709	9731	11142	10477	10638	10555	10708	10821	10734	10586	10652	10227	9724	10680	11537	10374	10434	10464	11391	10572	10386	10767	10888	11485	10659	10591	11412	9826	10353	9729	9708	9764	9644	9716	9756	9239	9572	9613	11555	10404	10154	9914	10828	10104	9769	10403	9991	10069	10171	10161	10099	8688	8891
9:57:40	37.0	10315	9837	9769	9746	9683	9645	9602	9649	9616	9608	9557	11522	10350	9972	9765	9705	9857	9824	9630	9821	9649	9635	9712	11295	10428	10619	10652	10637	10951	10683	10643	10757	10199	9748	10661	11734	10350	10565	10443	11417	10635	10463	10703	11022	11433	10550	10651	11435	9835	10506	9661	9500	9600	9563	9616	9636	9300	9421	9719	11544	10446	10120	10156	10684	9992	9844	10318	10056	10150	10129	10168	10087	8830	8876
10:01:40	37.0	10276	9947	9784	9738	9618	9707	9633	9575	9730	9570	9556	11403	10308	9951	9883	9900	9792	9818	9774	9739	9685	9629	9678	11234	10391	10611	10562	10610	10851	10696	10704	10560	10234	9655	10647	11541	10286	10306	10360	11441	10557	10432	10771	10840	11500	10568	10580	11493	9699	10508	9814	9668	9726	9506	9660	9652	9164	9620	9516	11372	10416	10064	10041	10781	10061	9791	10391	9929	10141	10174	10063	9988	8790	8937
10:05:40	37.0	10259	9833	9806	9709	9626	9627	9575	9542	9594	9674	9670	11232	10171	9886	9915	9756	9779	9720	9785	9661	9603	9589	9651	11186	10562	10610	10593	10707	10979	10741	10562	10556	10300	9697	10547	11527	10273	10445	10436	11318	10490	10382	10733	10829	11455	10661	10585	11370	9748	10387	9697	9587	9593	9576	9493	9639	9226	9628	9534	11467	10300	9996	10049	10841	10055	9824	10479	9964	10245	10160	10143	10060	8726	8949
10:09:40	37.0	10255	9851	9745	9753	9626	9581	9693	9606	9622	9500	9637	11443	10216	9897	9925	9837	9881	9743	9718	9619	9645	9480	9698	11192	10526	10528	10691	10613	10891	10695	10538	10731	10224	9737	10606	11671	10352	10519	10425	11154	10492	10500	10792	10956	11406	10748	10614	11392	9885	10464	9631	9541	9612	9590	9502	9628	9208	9547	9538	11506	10481	10162	10145	10777	10106	9836	10369	9848	10140	10072	10119	10125	8758	8953
10:13:40	37.0	10184	9867	9665	9710	9760	9631	9696	9621	9650	9646	9498	11328	10179	9986	9817	9868	9704	9633	9717	9708	9560	9729	9684	11229	10474	10440	10613	10728	10852	10666	10465	10676	10158	9659	10506	11703	10234	10406	10335	11270	10403	10444	10833	10784	11318	10736	10599	11289	9770	10459	9653	9573	9548	9534	9516	9652	9284	9605	9626	11458	10353	10024	9993	10912	10193	9764	10322	9959	10190	10152	10093	10113	8748	9007
10:17:40	37.0	10308	9806	9745	9665	9711	9688	9649	9616	9604	9742	9657	11359	10090	9943	9890	9901	9827	9800	9590	9646	9657	9751	9723	11144	10439	10526	10473	10602	10799	10609	10453	10632	10255	9646	10640	11647	10326	10394	10427	11404	10380	10341	10653	10798	11444	10656	10513	11448	9867	10340	9662	9521	9644	9487	9505	9682	9166	9525	9601	11280	10400	10128	10046	10744	10219	9965	10401	9887	10062	10047	10096	10018	8665	8983
10:21:40	37.0	10274	9896	9698	9746	9725	9545	9545	9639	9666	9713	9761	11270	10200	9996	9883	9782	9722	9746	9819	9669	9600	9656	9631	11035	10431	10674	10503	10588	10816	10637	10593	10666	10322	9649	10581	11533	10221	10474	10448	11251	10357	10364	10675	10930	11366	10587	10635	11362	9817	10495	9686	9600	9713	9502	9566	9564	9292	9521	9603	11350	10340	10061	9988	10795	10089	9748	10222	9915	10295	10190	10091	10098	8647	8826
10:25:40	37.0	10225	9967	9724	9742	9777	9580	9618	9595	9747	9614	9706	11426	10259	9878	9911	9826	9804	9716	9708	9662	9569	9636	9712	11280	10499	10587	10607	10643	10894	10584	10539	10584	10211	9621	10526	11614	10405	10355	10264	11299	10398	10408	10728	10813	11382	10665	10579	11327	9897	10300	9632	9468	9590	9489	9543	9562	9227	9575	9677	11386	10264	10054	9912	10795	10134	9858	10271	10008	10092	10110	10132	10041	8640	8839
10:29:40	37.0	10213	9892	9766	9690	9695	9568	9702	9676	9764	9665	9636	11322	10131	9907	9809	9767	9839	9717	9799	9714	9685	9605	9709	11103	10565	10531	10519	10634	10811	10720	10358	10497	10201	9661	10563	11633	10243	10424	10269	11355	10553	10394	10686	10875	11258	10661	10469	11420	10003	10244	9548	9509	9644	9520	9511	9772	9268	9510	9534	11486	10364	10016	9937	10864	10172	9784	10300	9874	10073	10100	10326	10170	8726	8880
10:33:40	37.0	10267	9815	9865	9826	9618	9636	9630	9700	9691	9738	9674	11250	10307	9982	9905	9760	9787	9790	9793	9690	9692	9627	9728	11165	10371	10500	10571	10613	10812	10533	10535	10548	10117	9727	10426	11680	10238	10353	10312	11171	10447	10330	10673	10879	11452	10571	10561	11481	9984	10145	9615	9503	9692	9498	9522	9690	9253	9706	9498	11367	10323	10136	10031	10665	10204	9778	10341	10009	10168	10080	10192	10018	8814	8940
10:37:40	37.0	10265	9838	9778	9712	9657	9671	9712	9623	9697	9715	9708	11383	10193	9902	9967	9768	9814	9858	9790	9674	9512	9645	9718	11209	10412	10560	10393	10624	10804	10477	10566	10732	10126	9776	10645	11520	10269	10404	10321	11328	10395	10342	10650	10881	11382	10453	10565	11507	9971	10260	9708	9585	9619	9547	9486	9600	9174	9476	9454	11422	10260	10124	9976	10860	10155	9864	10335	9911	10153	10228	10149	10139	8799	9031
10:41:40	37.0	10252	9934	9665	9623	9736	9673	9637	9666	9563	9643	9645	11210	10134	9984	9901	9853	9781	9748	9734	9716	9649	9587	9738	11089	10423	10560	10474	10523	10674	10620	10525	10627	10164	9651	10493	11581	10251	10329	10247	11330	10442	10417	10878	10824	11351	10601	10496	11485	9979	10141	9754	9576	9647	9497	9466	9578	9125	9512	9568	11533	10351	10051	10032	10862	10280	9756	10184	9888	10065	10218	10140	10138	8783	8921
10:45:40	37.0	10199	9793	9818	9607	9681	9682	9688	9643	9707	9755	9707	11286	10155	9784	9927	9727	9814	9790	9632	9700	9815	9566	9643	11281	10393	10505	10581	10663	10784	10522	10518	10521	10224	9695	10523	11594	10141	10379	10354	11267	10408	10360	10811	10851	11353	10575	10622	11387	9951	10187	9589	9518	9590	9419	9460	9553	9163	9474	9511	11483	10366	9987	9998	10852	10179	9803	10290	9971	10284	10185	10013	10087	8806	8921
10:49:40	37.0	10082	9852	9768	9684	9675	9609	9665	9677	9729	9745	9756	11362	10018	9952	9852	9729	9787	9753	9771	9806	9673	9599	9694	11023	10319	10529	10403	10517	10720	10653	10634	10594	10159	9812	10593	11605	10317	10375	10307	11224	10452	10452	10719	10747	11342	10745	10633	11454	9985	10023	9580	9584	9456	9550	9462	9534	9272	9445	9461	11262	10284	10090	9957	10866	10201	9877	10387	10018	10151	10171	10146	10130	8678	8909
10:53:40	37.0	10084	9803	9853	9578	9688	9522	9556	9733	9628	9715	9743	11154	10023	9945	9999	9737	9836	9706	9852	9746	9563	9639	9731	11032	10441	10460	10458	10605	10714	10615	10512	10542	10247	9909	10470	11671	10215	10319	10358	11185	10447	10412	10747	10839	11291	10596	10394	11398	9995	10059	9662	9557	9507	9345	9454	9460	9255	9578	9524	11456	10200	9953	9964	10836	10110	9814	10313	9956	10105	10141	10230	10081	8745	8964
10:57:40	37.0	10215	9737	9763	9716	9647	9624	9608	9634	9672	9703	9765	11160	10068	10008	9890	9853	9780	9672	9642	9751	9669	9688	9697	11054	10343	10442	10458	10578	10817	10574	10593	10656	10161	9780	10357	11581	10271	10268	10179	11201	10397	10488	10720	10798	11370	10589	10530	11394	9936	10059	9663	9583	9561	9403	9506	9531	9224	9490	9479	11358	10284	10070	10007	10784	10257	9872	10319	9949	10134	10037	10090	9987	8791	8845
11:01:40	37.0	10158	9903	9768	9692	9705	9646	9682	9628	9809	9654	9681	11240	10134	10046	9890	9816	9734	9760	9773	9870	9635	9617	9653	11019	10298	10498	10439	10519	10753	10501	10537	10452	10179	9718	10566	11578	10197	10428	10383	11097	10424	10416	10719	10798	11377	10581	10544	11406	9919	10064	9662	9583	9572	9465	9466	9532	9279	9394	9423	11487	10281	10027	9851	10720	10199	9949	10323	9892	10202	10218	10267	9985	8760	9005
11:05:40	37.0	10125	9831	9655	9673	9751	9599	9578	9702	9659	9739	9794	11253	10032	9995	9936	9846	9780	9795	9687	9697	9604	9640	9717	11042	10351	10572	10477	10611	10674	10521	10511	10558	10112	9723	10564	11491	10219	10253	10325	11318	10495	10325	10768	10815	11322	10598	10530	11463	9838	10097	9636	9567	9575	9470	9496	9568	9221	9513	9463	11366	10471	10114	10047	10913	10216	9884	10272	9963	10171	10122	10154	10039	8701	8981
11:09:40	37.0	10154	9847	9862	9707	9726	9631	9724	9744	9630	9819	9822	11212	10147	10054	9965	9772	9783	9832	9779	9657	9612	9681	9747	10986	10469	10479	10470	10590	10861	10555	10478	10557	10051	9681	10562	11531	10128	10298	10398	11171	10382	10480	10805	10754	11274	10581	10632	11483	9818	10018	9657	9525	9419	9437	9420	9651	9249	9554	9470	11262	10417	10143	9965	10938	10238	9958	10311	9940	10187	10030	10169	10010	8764	9000
11:13:40	37.0	10281	9997	9713	9857	9797	9745	9739	9670	9802	9699	9625	11061	10035	10037	9918	9876	9828	9690	9742	9639	9606	9622	9746	11091	10400	10396	10473	10586	10705	10440	10536	10577	10155	9694	10396	11439	10154	10190	10273	11160	10499	10338	10695	10786	11302	10470	10610	11519	9871	10000	9661	9551	9575	9453	9394	9539	9182	9431	9415	11364	10287	10149	9925	10791	10306	9976	10313	9976	10136	10143	10213	10066	8794	8900
11:17:40	37.0	10160	9905	9893	9748	9617	9661	9600	9706	9748	9630	9791	11207	10004	10001	10036	9758	9817	9744	9700	9848	9662	9614	9797	11062	10328	10354	10413	10613	10637	10446	10483	10638	10216	9689	10459	11536	10139	10259	10335	11235	10371	10442	10800	10823	11297	10595	10461	11356	9877	9974	9546	9572	9502	9385	9571	9624	9276	9418	9525	11478	10214	10072	9980	10834	10329	9949	10182	9883	10198	10219	10148	10076	8703	9033
11:21:40	37.0	10132	9850	9814	9826	9776	9582	9693	9787	9855	9732	9705	11147	10086	10070	9955	9903	9836	9710	9761	9762	9624	9630	9775	10982	10328	10445	10477	10701	10769	10530	10430	10540	10254	9770	10362	11542	10111	10305	10236	11196	10449	10366	10598	10708	11216	10513	10485	11408	9801	10024	9680	9476	9525	9306	9407	9561	9307	9503	9444	11324	10223	10026	9971	10852	10196	10021	10472	9851	10137	10254	10142	10109	8769	9021
11:25:40	37.0	10236	9977	9850	9684	9643	9678	9748	9558	9711	9703	9650	11137	9985	10009	9986	9779	9925	9700	9702	9747	9721	9712	9835	11039	10342	10440	10381	10518	10732	10482	10527	10488	10051	9757	10534	11538	10204	10263	10245	11250	10423	10409	10573	10713	11239	10565	10537	11401	9762	9875	9491	9600	9416	9444	9442	9505	9265	9559	9381	11318	10121	10061	10001	10884	10229	9904	10379	9985	10133	10114	10078	9984	8743	8940
11:29:40	37.0	10134	9863	9758	9759	9705	9535	9720	9644	9665	9829	9743	11153	9992	9986	9954	9867	9785	9696	9756	9808	9706	9691	9706	10966	10339	10447	10316	10476	10779	10551	10465	10437	10055	9727	10474	11443	10189	10194	10268	11202	10327	10359	10684	10802	11266	10570	10466	11547	9836	9965	9653	9562	9454	9474	9440	9560	9297	9444	9447	11507	10256	10087	10016	10911	10278	9977	10329	9993	10198	10134	10258	10113	8798	8918
11:33:40	37.0	10138	9976	9726	9657	9786	9624	9683	9614	9736	9865	9732	11051	10031	10068	9968	9892	9757	9671	9689	9627	9615	9750	9720	11065	10445	10402	10469	10638	10776	10568	10543	10434	10172	9623	10395	11487	10163	10271	10146	11252	10328	10393	10692	10736	11243	10449	10573	11516	9761	9948	9726	9479	9583	9467	9433	9536	9316	9508	9358	11280	10124	10093	9922	10919	10208	10082	10382	9968	10164	10093	10222	10127	8755	9000
11:37:40	37.0	10124	9909	9760	9751	9760	9701	9601	9619	9631	9689	9725	11018	10173	9963	9924	9800	9736	9816	9790	9707	9725	9668	9879	11155	10403	10529	10378	10639	10757	10553	10398	10444	10108	9803	10394	11453	10110	10239	10329	11180	10456	10420	10765	10790	11374	10566	10505	11513	9665	9939	9567	9611	9486	9404	9462	9412	9185	9350	9462	11316	10293	9994	9942	10847	10186	9926	10213	9944	10251	10180	10231	10070	8798	8980
11:41:40	37.0	10192	10026	9847	9750	9756	9667	9613	9720	9737	9733	9806	10954	9947	9998	10050	9706	9711	9772	9726	9711	9630	9669	9841	11048	10298	10420	10341	10693	10652	10497	10514	10528	10100	9784	10356	11493	10082	10245	10237	11262	10504	10498	10720	10858	11395	10498	10555	11368	9765	9912	9531	9479	9535	9454	9336	9503	9241	9490	9453	11292	10304	10007	9992	10774	10310	9949	10393	10002	10227	10071	10235	10095	8809	8939
11:45:40	37.0	10201	9904	9744	9653	9714	9673	9566	9776	9748	9658	9826	11014	10030	10089	10035	9929	9866	9740	9698	9755	9626	9703	9763	10948	10378	10307	10499	10568	10688	10484	10350	10491	10059	9879	10339	11421	10069	10124	10303	11203	10310	10377	10654	10829	11248	10510	10448	11366	9681	9855	9528	9584	9422	9423	9350	9550	9254	9440	9448	11430	10247	10054	9994	10717	10319	10037	10444	9825	10180	10150	10188	10022	8712	8888
11:49:40	37.0	10192	9933	9787	9638	9712	9607	9660	9747	9749	9734	9706	10978	10071	10144	9937	9862	9798	9760	9875	9788	9633	9798	9713	11118	10291	10357	10490	10544	10661	10568	10468	10515	10225	9779	10496	11496	10152	10122	10186	11265	10306	10364	10601	10790	11245	10457	10410	11356	9703	9935	9520	9502	9527	9322	9432	9476	9257	9437	9402	11364	10371	10084	10003	10885	10222	10026	10317	10013	10126	10205	10102	10073	8653	8969
11:53:40	37.0	10098	9931	9739	9707	9767	9600	9720	9671	9785	9781	9616	10918	10067	10185	9992	9937	9765	9747	9669	9731	9622	9723	9797	10962	10401	10453	10399	10592	10750	10463	10471	10542	10079	9867	10283	11411	10116	10157	10286	11186	10307	10322	10592	10808	11321	10498	10444	11437	9663	9905	9590	9545	9327	9442	9447	9550	9332	9490	9448	11317	10293	10020	9991	11045	10270	10056	10437	10003	10081	10255	10187	10191	8685	8889
11:57:40	37.0	10172	9905	9735	9769	9815	9729	9693	9719	9689	9718	9792	10914	9997	10184	9987	9885	9851	9745	9692	9721	9622	9668	9756	11054	10370	10473	10425	10593	10744	10462	10467	10531	10105	9775	10439	11478	10169	10090	10281	11195	10441	10322	10710	10739	11255	10537	10328	11348	9739	9842	9649	9562	9498	9440	9379	9429	9123	9377	9374	11268	10224	9977	9893	10934	10272	9973	10379	9883	10039	10171	10190	10008	8693	9005
12:01:40	37.0	10120	9835	9741	9721	9773	9644	9691	9778	9756	9782	9791	10810	9920	10095	10038	9911	9782	9752	9718	9632	9719	9728	9779	11151	10307	10441	10399	10551	10727	10484	10386	10535	10010	9764	10342	11555	10235	10150	10183	11204	10330	10444	10602	10832	11326	10581	10414	11470	9599	9863	9504	9430	9386	9445	9432	9478	9299	9386	9425	11393	10291	10000	10133	10938	10253	9886	10381	9894	10126	10202	10258	10165	8787	9032
12:05:40	37.0	10186	9920	9854	9704	9741	9648	9693	9651	9759	9752	9798	10835	9964	10013	9945	9695	9918	9737	9805	9702	9694	9732	9818	11070	10371	10402	10334	10631	10703	10456	10362	10462	10103	9743	10462	11425	10077	10105	10205	11175	10268	10290	10664	10817	11216	10578	10444	11305	9652	9818	9451	9560	9497	9377	9388	9540	9215	9379	9290	11211	10223	10080	10041	10866	10274	9915	10326	9928	9993	10169	10135	10064	8677	9001
12:09:40	37.0	10136	9858	9822	9838	9713	9682	9756	9733	9790	9786	9759	10759	10010	10068	10015	9801	9750	9865	9722	9791	9720	9867	9730	11057	10315	10302	10390	10585	10803	10648	10395	10498	10158	9881	10530	11384	10053	10206	10224	11059	10410	10391	10550	10875	11286	10561	10371	11331	9591	9757	9493	9450	9523	9416	9395	9451	9263	9371	9415	11267	10121	9991	9977	10947	10222	10054	10402	9995	10097	10196	10223	10093	8696	8965
12:13:40	37.0	10118	9880	9759	9788	9767	9727	9614	9595	9856	9768	9725	10695	10057	10026	9937	9776	9857	9712	9699	9777	9761	9703	9716	10909	10369	10465	10436	10733	10758	10588	10266	10320	10182	9814	10332	11432	10200	10267	10149	11051	10457	10321	10650	10783	11177	10578	10437	11274	9643	9838	9469	9493	9496	9397	9203	9559	9283	9483	9277	11310	10252	10121	10132	10783	10361	10087	10347	9984	10183	10416	10280	10148	8776	8922
12:17:40	37.0	10231	9937	9765	9692	9758	9688	9636	9641	9837	9743	9731	10759	9993	10130	10068	9932	9754	9786	9666	9780	9729	9736	9816	11128	10368	10297	10315	10705	10824	10518	10347	10486	10089	9822	10382	11424	10166	10132	10253	11003	10301	10328	10687	10897	11115	10513	10427	11474	9665	9756	9562	9492	9521	9337	9407	9440	9239	9383	9355	11289	10309	10020	9983	10875	10366	9976	10294	10067	10143	10084	10142	10055	8708	8992
12:21:40	37.0	10181	9910	9921	9800	9769	9695	9699	9761	9858	9818	9720	10780	9971	10107	9953	9809	9953	9785	9831	9758	9665	9675	9742	10878	10320	10369	10504	10601	10787	10618	10208	10419	10075	9758	10371	11380	10132	10222	10130	11175	10373	10307	10674	10805	11340	10465	10562	11416	9525	9861	9494	9435	9507	9446	9420	9462	9286	9441	9323	11217	10196	10035	10109	10872	10414	9963	10384	9947	10210	10335	10227	10032	8760	8992
12:25:40	37.0	10130	9823	9823	9746	9797	9664	9782	9731	9819	9842	9809	10655	10099	10139	10088	9827	9725	9800	9681	9724	9718	9766	9848	11004	10346	10324	10410	10702	10712	10511	10328	10490	10161	9689	10453	11401	10096	10047	10101	11048	10314	10324	10582	10956	11299	10499	10372	11484	9631	9727	9529	9485	9476	9402	9344	9493	9299	9388	9401	11328	10170	10024	10049	10852	10266	10040	10373	9986	10106	10271	10207	10121	8756	8946
12:29:40	37.0	10025	9987	9826	9760	9731	9699	9768	9687	9815	9717	9854	10856	10081	10040	10014	9774	9851	9841	9798	9782	9798	9702	9739	10948	10265	10254	10328	10654	10733	10642	10246	10308	10024	9811	10350	11288	10050	10078	10103	11066	10366	10344	10662	10888	11176	10447	10384	11582	9602	9777	9522	9506	9475	9357	9365	9418	9201	9370	9409	11327	10087	9980	10218	10908	10276	10034	10316	9856	10071	10116	10203	10206	8756	9003
12:33:40	37.0	10186	9877	9764	9873	9666	9596	9691	9729	9825	9797	9710	10796	9923	10205	10016	9804	9832	9728	9728	9788	9843	9649	9811	11049	10296	10358	10489	10818	10740	10475	10329	10392	10138	9908	10408	11378	10126	10196	10039	11112	10335	10279	10722	10825	11233	10368	10291	11382	9658	9874	9581	9516	9491	9361	9296	9459	9257	9371	9366	11104	10242	9992	10104	10928	10222	10003	10265	10010	10055	10153	10197	10073	8733	8973
12:37:40	37.0	10224	9865	9849	9742	9802	9758	9714	9826	9804	9788	9865	10692	9948	10108	10115	9804	9802	9839	9762	9868	9734	9736	9792	10919	10204	10229	10448	10711	10851	10493	10265	10459	10142	9763	10316	11323	10078	10143	10160	11105	10333	10368	10641	10856	11186	10405	10402	11439	9683	9860	9548	9446	9378	9312	9391	9562	9144	9309	9334	11252	10167	10107	10030	10767	10368	9978	10399	10020	10085	10197	10159	10197	8746	8995
12:41:40	37.0	10157	9893	9834	9848	9734	9805	9733	9678	9707	9868	9848	10637	10095	10123	10097	9840	9892	9760	9753	9842	9728	9833	9921	10963	10290	10326	10315	10790	10837	10570	10288	10436	10124	9718	10362	11356	9946	10073	10083	11098	10388	10310	10621	10963	11176	10464	10462	11353	9623	9850	9620	9479	9428	9307	9341	9475	9319	9419	9291	11280	10231	10024	10063	10899	10287	10037	10253	9986	10167	10107	10172	10172	8764	9062
12:45:40	37.0	10244	9924	9778	9853	9680	9792	9739	9748	9804	9804	9690	10652	9941	10124	10149	9858	9744	9806	9725	9878	9765	9727	9795	11024	10253	10256	10338	10760	10847	10445	10342	10443	10146	9814	10365	11456	10014	10110	10081	11102	10382	10259	10711	10941	11130	10384	10261	11348	9639	9767	9620	9505	9338	9355	9445	9414	9285	9435	9287	11230	10151	10031	10109	10968	10271	10096	10330	9951	10124	10246	10240	10135	8713	8996
12:49:40	37.0	10090	10084	9908	9843	9808	9714	9672	9723	9819	9705	9817	10598	10062	10171	10073	9915	9855	9869	9715	9790	9759	9752	9782	10984	10222	10267	10312	10776	10740	10580	10202	10384	10098	9755	10324	11361	10111	10110	10106	11125	10281	10321	10812	10814	11245	10400	10350	11393	9563	9734	9523	9515	9459	9405	9251	9483	9288	9275	9313	11193	10222	10100	9964	10993	10312	9988	10362	9873	10099	10262	10068	10133	8690	8981
12:53:40	37.0	10074	10016	9925	9810	9790	9769	9666	9875	9788	9836	9775	10683	10012	10190	10106	9884	9980	9791	9769	9763	9751	9684	9830	10910	10210	10205	10299	10693	10703	10663	10296	10280	10273	9929	10448	11268	10042	10164	10063	11205	10341	10380	10794	10885	11251	10300	10329	11491	9567	9834	9539	9516	9386	9305	9360	9488	9293	9298	9296	11309	10121	10100	9994	10910	10317	10011	10382	9984	10062	10355	10321	10249	8738	9082
12:57:40	37.0	10173	9926	9801	9830	9769	9691	9737	9754	9902	9789	9785	10551	9975	10069	10122	9814	9922	9866	9851	9658	9638	9771	9861	10990	10346	10206	10383	10767	10859	10514	10285	10363	10058	9678	10367	11314	10045	10096	10080	11052	10169	10172	10671	10789	11220	10322	10402	11366	9653	9815	9592	9473	9417	9332	9358	9440	9194	9406	9213	11284	10147	9995	9956	10876	10239	9986	10368	9923	10095	10203	10200	10087	8752	8990
13:01:40	37.0	10118	9972	9854	9836	9787	9705	9673	9841	9838	9748	9832	10592	9932	10175	10177	9862	9831	9808	9683	9820	9768	9707	9857	10880	10257	10254	10362	10922	10776	10550	10317	10389	10176	9782	10318	11272	9993	10092	10100	10978	10326	10256	10859	10840	11224	10490	10434	11314	9570	9681	9608	9433	9429	9317	9339	9416	9251	9400	9350	11241	10226	10063	10112	10878	10332	10038	10373	9941	10108	10255	10041	10161	8703	9036
13:05:40	37.0	10119	10047	9945	9758	9681	9764	9733	9813	9838	9799	9863	10472	9977	10180	9956	9841	9890	9732	9793	9716	9782	9763	9859	10974	10319	10196	10235	10789	10794	10542	10221	10452	10170	9914	10170	11240	9964	10059	10152	10973	10222	10228	10796	10947	11202	10434	10323	11350	9627	9823	9577	9484	9316	9319	9305	9454	9301	9345	9303	11130	10070	10055	9992	10921	10254	9954	10288	9958	10108	10071	10220	10122	8802	8960
13:09:40	37.0	10204	10043	9911	9875	9830	9800	9855	9767	9919	9874	9819	10538	9981	10198	10122	9934	9841	9899	9757	9726	9761	9872	9890	10999	10104	10122	10291	10946	10771	10671	10294	10305	10286	9845	10338	11308	10041	10034	10035	10991	10298	10329	10750	10872	11208	10310	10321	11362	9527	9684	9580	9325	9347	9216	9289	9424	9200	9209	9308	11197	10135	10064	10024	10967	10344	10009	10394	10004	10083	10313	10262	10153	8823	9079
13:13:40	37.0	10107	9988	9988	9768	9896	9740	9772	9681	9822	9899	9897	10613	9957	10061	10084	9915	9880	9883	9789	9865	9732	9847	9768	11127	10174	10346	10219	10858	10790	10624	10302	10428	10210	9751	10401	11319	10023	10217	10104	10957	10190	10269	10701	10983	11274	10318	10413	11457	9570	9788	9503	9354	9379	9301	9340	9397	9255	9376	9253	11176	10299	10011	10064	10865	10292	9925	10311	9914	10068	10306	10210	10212	8757	9048
13:17:40	37.0	10204	10141	9798	9833	9856	9724	9783	9789	9711	9820	9815	10491	9995	10209	10205	9866	9891	9828	9924	9895	9662	9797	9948	11041	10330	10167	10365	10812	10906	10568	10376	10331	10234	9849	10348	11378	10000	10095	10128	11059	10321	10285	10753	10914	11254	10446	10404	11452	9522	9745	9493	9494	9303	9368	9351	9325	9351	9302	9203	11055	10185	9930	9947	10821	10347	9872	10408	10083	10122	10244	10207	10206	8697	9073
13:21:40	37.0	10195	10022	9908	9875	9883	9686	9730	9722	9793	9865	9877	10496	9997	10245	10047	9896	9887	9682	9790	9759	9833	9885	9910	10982	10313	10207	10466	11002	10832	10610	10348	10425	10219	9935	10272	11293	10004	10153	10223	11134	10229	10338	10780	10914	11076	10358	10449	11163	9566	9829	9507	9444	9337	9244	9312	9452	9346	9348	9284	11181	10138	9964	10109	10827	10338	10151	10354	10182	9991	10224	10300	10252	8785	9015
13:25:40	37.0	10132	9948	9984	9825	9816	9669	9754	9723	9978	9825	9805	10479	9981	10140	10187	9940	9772	9905	9851	9851	9772	9811	9842	11032	10253	10189	10307	10950	10848	10526	10225	10286	10188	9785	10348	11445	10075	10186	10142	10977	10203	10279	10763	10957	11169	10438	10351	11333	9476	9878	9560	9430	9383	9255	9332	9388	9334	9351	9310	11160	10153	9953	10076	10910	10297	9983	10363	10000	10075	10251	10162	10158	8718	8962
13:29:40	37.0	10209	9978	9867	9842	9738	9815	9845	9832	9865	9839	9741	10485	10094	10160	10083	9807	9767	9936	9762	9860	9768	9772	9913	10952	10171	10151	10255	10937	10906	10670	10284	10305	10250	9865	10236	11241	10078	10024	10064	11036	10262	10195	10801	10904	11128	10330	10277	11270	9442	9741	9579	9430	9363	9326	9397	9406	9194	9334	9244	11345	10262	10076	10122	11022	10359	9908	10327	10061	10043	10276	10134	10121	8732	9032
13:33:40	37.0	10069	10002	9867	9810	9741	9667	9813	9783	9847	9900	9901	10431	10064	10254	10079	9942	9878	9866	9833	9814	9726	9907	9789	11041	10254	10275	10353	11034	10938	10667	10238	10188	10258	9853	10337	11259	10077	9987	10140	11037	10192	10251	10814	11052	11273	10340	10240	11251	9517	9753	9484	9383	9338	9277	9413	9308	9216	9282	9289	11082	10229	10004	10049	10904	10441	10072	10307	10116	10055	10300	10150	10332	8782	9162
13:37:40	37.0	10208	10032	9862	9855	9804	9923	9845	9811	9867	9736	9822	10376	9957	10242	10076	9876	9811	9724	9732	9820	9727	9837	9832	10997	10321	10190	10225	11044	10810	10641	10168	10264	10210	9844	10376	11176	10054	10207	10158	11094	10311	10323	10813	10960	11101	10380	10366	11242	9586	9653	9537	9330	9370	9273	9352	9354	9255	9314	9329	11136	10233	10026	10099	10993	10398	9948	10215	10046	10032	10335	10129	10254	8749	9019
13:41:40	37.0	10231	9911	9898	9967	9769	9862	9779	9763	9877	9814	9828	10372	10030	10172	10248	9758	9795	9839	9811	9959	9777	9856	9882	10891	10105	10286	10369	11023	10847	10685	10260	10330	10220	9888	10384	11297	9943	10053	10117	10979	10249	10281	10677	10899	11271	10342	10368	11322	9553	9670	9557	9314	9292	9360	9326	9321	9302	9221	9255	11086	10156	9988	10191	10897	10524	9982	10257	10042	9988	10282	10221	10264	8697	9079
13:45:40	37.0	10177	10014	9949	9885	9823	9866	9746	9790	9854	9803	9714	10420	9991	10235	10122	9884	9911	9857	9705	9793	9778	9869	9881	10989	10277	10218	10359	11015	10907	10730	10222	10310	10283	9772	10407	11365	10073	10143	10087	11010	10338	10207	10905	10975	11167	10267	10205	11142	9581	9822	9558	9469	9356	9291	9405	9412	9267	9329	9190	11202	10164	10083	10123	10930	10298	9986	10129	9945	10020	10305	10294	10267	8839	9029
13:49:40	37.0	10306	9933	9885	9851	9889	9733	9811	9819	9795	9842	9948	10289	10047	10182	10181	9844	9931	9876	9757	9986	9818	9851	9847	11033	10300	10206	10322	11078	10919	10733	10391	10325	10343	9774	10448	11261	9981	10160	10039	10932	10315	10228	10697	10956	11235	10344	10352	11188	9496	9704	9450	9253	9440	9243	9220	9398	9283	9303	9350	11123	10305	10096	10203	10953	10356	10025	10317	9949	10052	10213	10262	10276	8772	9095
13:53:40	37.0	10211	9981	9916	9895	9795	9832	9845	9823	9787	9780	9833	10487	10078	10163	10157	9862	9954	9794	9912	9903	9752	9797	9926	10951	10288	10168	10217	11038	10862	10630	10223	10314	10193	9896	10334	11167	10049	10153	10114	10971	10281	10262	10833	11013	11258	10272	10398	11215	9458	9618	9624	9372	9279	9252	9256	9440	9358	9175	9242	11037	10099	10059	10140	10970	10409	10025	10304	9985	10068	10183	10230	10240	8830	9120
13:57:40	37.0	10154	9951	10030	9984	9907	9816	9834	9895	9805	9756	9830	10443	10131	10138	10182	9919	9995	10008	9893	9938	9765	9964	9782	11130	10156	10203	10352	10953	10797	10676	10187	10315	10334	9837	10445	11275	10078	10098	10081	11115	10242	10343	10784	10994	11180	10446	10342	11200	9454	9719	9425	9350	9414	9265	9267	9344	9282	9276	9359	11207	10240	10137	10167	10909	10350	9937	10308	9997	10075	10302	10180	10330	8778	9067
14:01:40	37.0	10209	9990	9945	9948	9751	9868	9839	9841	9872	9755	9787	10444	10158	10303	10156	9858	9887	9832	9872	9977	9837	9904	9945	10988	10195	10240	10317	11077	10703	10781	10278	10327	10294	9986	10432	11055	10221	10167	10137	11115	10317	10302	10885	11167	11227	10451	10316	11176	9566	9759	9423	9482	9242	9303	9334	9506	9312	9349	9254	11022	10172	10079	10196	10890	10374	10108	10165	9979	10120	10290	10236	10432	8733	9093
14:05:40	37.0	10324	10042	10000	9910	9861	9799	9840	9902	9941	9913	9972	10442	9967	10228	10167	9881	9950	10019	9911	9858	9860	9832	9943	11027	10187	10305	10315	11213	10886	10720	10271	10354	10328	9950	10423	11224	9979	10175	10162	11053	10345	10203	10872	10969	11150	10467	10290	11226	9545	9663	9465	9446	9312	9354	9348	9396	9335	9272	9188	11078	10208	9995	10188	10934	10326	9983	10226	10081	10139	10285	10172	10246	8799	9103
14:09:40	37.0	10308	10145	10023	9884	9756	9791	9846	9883	9890	9868	9953	10375	10166	10200	10246	9795	9864	9868	9789	9997	9892	9833	9899	10925	10202	10272	10320	11121	10910	10809	10205	10343	10285	9808	10467	11124	10066	10214	10113	11012	10308	10137	10878	11185	11207	10444	10442	11282	9494	9490	9513	9364	9284	9332	9325	9332	9329	9205	9254	11071	10187	9930	10116	10924	10375	9999	10216	10107	10098	10211	10149	10328	8825	9131
14:13:40	37.0	10301	10028	9973	9950	9926	9840	9797	9803	9880	9901	9817	10544	9925	10237	10212	9973	9890	9895	9938	10050	9842	9863	9988	10995	10192	10232	10308	11124	10888	10837	10318	10315	10295	9915	10418	11199	9917	10195	10204	11105	10178	10343	10944	11069	11300	10503	10443	11310	9514	9777	9481	9297	9300	9230	9148	9401	9284	9304	9240	11051	10180	10007	10059	10948	10363	9852	10254	9990	10198	10425	10074	10237	8725	9098
14:17:40	37.0	10278	9998	9910	9950	9867	9795	9913	9804	9847	9877	9887	10379	10186	10282	10261	9876	10006	9943	9910	9972	9975	9820	9968	10973	10132	10249	10252	11191	11016	10918	10208	10430	10379	9933	10329	10935	9990	10063	9990	10986	10301	10165	10805	11095	11179	10412	10395	11241	9378	9643	9462	9446	9296	9276	9244	9396	9362	9279	9214	11037	10236	9988	10104	10918	10321	9998	10314	10102	10081	10270	10233	10424	8807	8999
14:21:40	37.0	10178	10174	10095	9912	9933	9861	9805	9894	9888	9858	9838	10422	10089	10294	10278	10023	9924	9953	9858	9965	9870	9938	10044	10995	10219	10187	10328	11170	10962	10814	10234	10399	10272	9840	10389	11047	10095	10195	10088	11104	10380	10202	10852	11092	11239	10465	10390	11168	9546	9700	9599	9408	9337	9295	9310	9323	9252	9239	9291	11171	10224	10060	10061	10805	10434	10097	10234	10002	10087	10266	10137	10401	8857	9076
14:25:40	37.0	10323	10162	10031	9874	9941	9872	9894	9781	9848	9893	9913	10324	10096	10311	10364	9911	9895	9856	9852	9860	9804	9909	10005	11033	10221	10216	10344	11184	10978	10815	10310	10432	10437	9912	10527	11193	10027	10066	10024	11007	10316	10226	10857	11112	11179	10465	10356	11130	9535	9592	9602	9341	9387	9324	9266	9303	9306	9217	9296	11134	10225	10082	10080	11017	10341	10089	10246	10094	10038	10200	10256	10269	8790	9167
14:29:40	37.0	10333	10079	10046	9970	9919	9831	9923	9843	9855	9739	9986	10311	10129	10315	10216	10005	9938	9802	9955	9875	9806	9885	9985	10944	10201	10186	10298	11139	10928	10834	10243	10374	10355	9968	10357	11175	10010	10139	9993	11162	10350	10262	10959	11057	11263	10380	10315	11074	9519	9726	9564	9393	9321	9184	9129	9394	9353	9269	9221	11083	10100	10015	10004	11004	10254	9989	10219	10022	10265	10283	10194	10352	8866	9079
14:33:40	37.0	10344	10036	9949	10002	9918	9897	9862	9893	9860	9901	9813	10477	10053	10225	10253	9945	9978	9926	9834	9892	9832	9935	9911	11017	10084	10269	10343	11245	10868	11002	10277	10307	10415	9740	10287	11198	10037	10157	10053	10933	10274	10271	10872	11012	11155	10391	10354	11213	9579	9688	9580	9349	9312	9261	9141	9243	9332	9322	9251	11031	10087	10069	10098	10904	10340	10009	10289	10178	10105	10325	10244	10366	8864	9150
14:37:40	37.0	10312	10203	10041	9887	10004	9811	9848	9937	9893	9809	9892	10338	10293	10235	10330	9953	9925	10030	9966	9986	9814	9959	10037	10976	10264	10254	10297	11269	10975	10849	10197	10340	10320	9806	10298	11045	9983	10156	10133	11077	10250	10365	10983	11145	11146	10363	10399	11051	9424	9650	9566	9285	9319	9347	9238	9232	9446	9186	9187	11140	10184	10006	10132	10823	10396	10086	10102	10115	10100	10308	10278	10294	8848	9107
14:41:40	37.0	10364	10125	9999	10035	10037	9879	9985	9884	9884	9943	9857	10381	10084	10258	10311	9977	9941	9966	9935	9944	9889	9917	9986	11000	10263	10209	10235	11239	10981	10924	10302	10375	10430	9833	10354	11174	9997	10098	10119	10967	10329	10250	10952	11192	11276	10393	10351	11189	9601	9691	9622	9347	9319	9299	9277	9257	9363	9210	9239	11027	10235	10164	10137	10872	10458	10029	10187	10019	10176	10330	10226	10338	8855	9131
14:45:40	37.0	10345	10084	10050	9949	9852	9921	9914	9831	9891	9966	9958	10408	10103	10347	10230	9890	9959	9947	10009	9978	9819	9909	9904	11045	10224	10241	10395	11252	11027	10817	10324	10316	10428	9843	10403	11171	10028	10065	10131	10939	10413	10316	10922	11305	11230	10382	10462	11197	9501	9602	9557	9352	9284	9255	9193	9347	9413	9288	9284	11136	10166	10234	10093	10949	10293	10099	10244	10186	10173	10269	10113	10367	8803	9135
14:49:40	37.0	10333	10072	10151	10000	9968	9926	9968	9957	9810	9860	9763	10411	10243	10247	10167	10011	9997	9947	9835	9876	9929	9905	10083	10968	10192	10252	10327	11321	10997	11002	10244	10427	10523	9850	10439	11089	10044	10185	10106	11159	10357	10249	10914	11237	11187	10534	10340	11081	9424	9607	9636	9350	9326	9271	9151	9298	9410	9311	9265	10850	10165	10044	10055	10937	10350	10062	10253	10003	10167	10300	10195	10413	8817	9162
14:53:40	37.0	10267	10094	9973	10006	9990	9864	9954	9870	9913	9865	9881	10324	10244	10308	10268	9975	10056	10007	10025	9957	9844	9911	9983	11138	10164	10284	10214	11312	11065	10888	10285	10353	10494	9906	10372	11191	9859	10037	10077	10970	10322	10222	11002	11149	11238	10423	10273	11158	9428	9625	9678	9443	9331	9118	9276	9361	9397	9240	9281	11016	10193	10195	10024	10935	10262	10012	10275	9983	10233	10313	10230	10371	8749	9018
14:57:40	37.0	10310	10085	10085	9973	9900	9950	9940	9938	9925	9887	9940	10439	10134	10307	10296	9945	9940	9965	9913	10013	9867	10053	9979	11059	10221	10188	10325	11424	11057	10879	10245	10402	10454	9928	10415	11089	9979	10271	10092	11069	10389	10277	10949	11322	11202	10354	10358	10978	9438	9536	9602	9396	9285	9167	9130	9343	9441	9207	9199	10864	10162	10087	9980	10879	10411	10106	10142	10176	10276	10175	10328	10402	8818	9016
15:01:40	37.0	10308	10036	9984	9919	9906	9877	9941	9841	9873	9882	9970	10340	10230	10335	10312	10035	10042	10011	9897	9976	9876	9934	10054	10964	10239	10321	10309	11265	11034	10995	10314	10382	10428	9870	10424	11022	9989	10135	10180	11104	10220	10288	11005	11348	11229	10411	10360	11056	9492	9676	9557	9371	9337	9187	9227	9399	9399	9254	9222	11061	10298	10073	10037	10900	10276	10045	10202	10061	10290	10271	10186	10422	8814	9126
15:05:40	37.0	10322	10058	10000	10024	9913	9800	10061	9925	9860	9831	9820	10325	10205	10403	10261	10013	9975	10022	9893	9847	9885	9971	9954	10997	10171	10162	10318	11480	11236	10957	10292	10478	10432	9999	10427	11123	10077	10087	10217	11051	10408	10207	10934	11286	11159	10332	10359	11212	9358	9604	9662	9318	9243	9313	9155	9365	9340	9191	9166	10960	10226	10153	10088	10990	10164	10003	10194	10105	10155	10292	10184	10521	8866	9123
15:09:40	37.0	10374	10131	10017	10051	9948	9889	10030	9968	9925	9935	9993	10440	10269	10330	10271	9933	9956	9964	9932	9982	9951	9911	9921	11012	10333	10278	10189	11420	11176	11092	10362	10271	10377	9876	10374	11048	10042	10150	10140	10928	10287	10286	11085	11411	11283	10368	10285	10951	9578	9624	9633	9366	9209	9329	9182	9320	9450	9348	9168	10956	10217	10090	10015	10897	10327	10070	10317	10233	10238	10251	10099	10328	8777	9073
15:13:40	37.0	10366	10119	10072	10036	10043	9878	10085	10072	9957	10045	9953	10376	10333	10256	10306	9988	10017	9878	10148	9967	9905	9974	10070	11042	10177	10191	10447	11185	10928	11132	10330	10368	10387	9895	10456	11083	10040	10186	10079	11045	10366	10286	11098	11356	11174	10474	10324	11090	9506	9533	9571	9370	9369	9245	9190	9329	9440	9334	9150	10923	10169	10171	10066	10918	10351	10013	10231	10028	10346	10283	10258	10493	8807	9079
15:17:40	37.0	10371	10167	10031	9956	9961	9960	9977	9975	9971	9925	9913	10317	10296	10377	10298	9935	10044	9967	9936	9995	9939	9961	10098	10901	10168	10347	10320	11438	11132	11059	10265	10361	10508	9903	10411	11210	10001	10257	10099	11028	10343	10191	11088	11346	11112	10317	10312	11153	9510	9598	9613	9492	9303	9227	9099	9364	9534	9284	9144	11006	10172	10323	10079	10966	10361	10109	10177	10050	10150	10292	10225	10324	8882	9056
15:21:40	37.0	10421	10122	9982	9982	9965	9930	9930	9897	9814	9950	9900	10518	10331	10311	10296	9947	9866	9980	10033	9973	9797	9849	9988	10944	10162	10237	10345	11244	11094	10986	10282	10337	10523	9851	10426	11027	10003	10081	10206	11044	10281	10202	11143	11444	11163	10416	10410	10886	9350	9533	9608	9329	9504	9192	9181	9284	9405	9266	9274	10901	10234	10004	10049	11164	10302	10084	10171	10135	10232	10355	10305	10381	8854	9008
15:25:40	37.0	10414	10149	10117	9973	10064	9915	10006	10013	10005	10011	9986	10455	10350	10304	10351	10026	9968	9921	10002	9920	9943	9934	10063	11000	10172	10242	10325	11584	11149	11164	10354	10440	10538	9849	10514	11168	9982	10222	10184	11004	10347	10224	11128	11474	11168	10372	10379	11024	9510	9588	9580	9352	9229	9155	9209	9276	9345	9254	9305	10907	10257	10216	10072	10963	10395	10191	10273	10082	10215	10257	10148	10432	8861	9082
15:29:40	37.0	10499	10064	10046	10069	10015	9970	10007	9931	9873	9961	9928	10303	10176	10316	10369	9916	10008	9965	9964	10037	9862	10089	10066	10943	10139	10297	10443	11541	11133	11003	10230	10294	10518	9871	10366	11065	10102	10304	10111	11043	10338	10333	11090	11413	11259	10355	10429	10920	9359	9573	9615	9284	9347	9244	9131	9272	9469	9297	9154	10912	10069	10130	10116	10923	10483	10139	10168	10048	10202	10288	10140	10376	8854	9067
15:33:40	37.0	10350	10098	10079	9952	10007	9937	10088	9968	9891	9987	9923	10409	10399	10382	10441	9996	10088	10005	9964	9986	9929	9993	10001	10941	10277	10254	10254	11410	11166	11105	10308	10436	10488	9954	10475	11072	10070	10169	10090	11137	10342	10198	11135	11588	11253	10337	10361	10911	9407	9517	9560	9326	9312	9153	9201	9405	9408	9331	9275	10885	10163	10238	10082	10939	10238	10038	10187	10235	10201	10246	10157	10463	8808	9122
15:37:40	37.0	10503	10061	10112	10037	9964	9955	9946	9876	9846	9980	9801	10402	10342	10350	10416	10009	10062	10069	9984	9987	9918	10007	10035	10937	10254	10235	10209	11511	11266	11170	10309	10425	10557	9923	10474	11065	10017	10124	10101	11185	10349	10199	11183	11339	11106	10376	10432	10996	9417	9513	9617	9385	9268	9328	9128	9411	9474	9247	9185	10876	10243	10093	10186	11094	10470	10038	10177	10179	10082	10273	10241	10468	8873	9088
15:41:40	37.0	10383	10036	10055	10142	10001	9959	10090	9998	9935	9925	9814	10525	10322	10295	10303	10109	9956	9996	9941	10066	9955	10014	10041	10955	10219	10334	10378	11455	11232	11092	10152	10481	10543	9992	10411	10964	10055	10253	10088	11084	10391	10270	11131	11455	11227	10413	10358	11004	9461	9499	9545	9385	9282	9152	9181	9334	9358	9333	9195	11032	10236	10219	9980	10958	10460	10021	10180	10101	10150	10305	10259	10464	8889	9083
15:45:40	37.0	10421	10130	10108	9959	9980	9908	10093	9951	9949	9943	9894	10305	10397	10371	10376	10044	9969	10006	10053	9960	10012	10018	10058	10888	10218	10240	10377	11663	11268	11157	10275	10376	10601	9935	10537	11088	10085	10089	10107	11169	10459	10207	11083	11572	11055	10404	10373	10991	9443	9499	9515	9373	9364	9175	9089	9273	9462	9178	9106	10865	10056	10140	10045	11113	10457	10090	10198	10052	10201	10200	10266	10516	8870	9018
15:49:40	37.0	10563	10202	10193	10147	9927	9795	9967	10053	9918	9957	9988	10394	10394	10338	10332	10014	9993	9958	9934	9952	9861	9947	9970	10879	10106	10264	10505	11599	11154	11278	10295	10278	10473	9929	10459	11094	10115	10248	10090	11052	10315	10382	11171	11537	11204	10383	10410	10918	9507	9587	9647	9397	9202	9035	9094	9325	9488	9175	9365	10839	10206	10215	10090	10977	10535	10118	10181	10067	10113	10256	10165	10498	8862	9037
15:53:40	37.0	10451	10176	10134	10071	10038	9961	10095	9984	9966	9949	9999	10489	10352	10419	10467	10168	10170	9880	9954	9993	9914	9961	10041	10987	10211	10242	10426	11508	11244	11185	10218	10351	10564	9977	10480	10952	10026	10145	10158	11131	10418	10170	11363	11484	11305	10516	10394	11022	9462	9603	9566	9332	9323	9204	9139	9326	9345	9183	9238	10834	10205	10275	10089	10967	10385	10034	10140	9999	10174	10269	10300	10523	8865	9122
15:57:40	37.0	10453	10142	10141	10022	9993	9909	9935	9940	9914	9955	9979	10331	10519	10323	10396	9946	10003	9970	10043	10001	9922	10091	10059	10927	10159	10265	10404	11593	11417	11215	10346	10432	10598	9901	10414	11036	10012	10078	10195	11123	10481	10345	11340	11507	11267	10426	10361	11097	9458	9602	9611	9371	9323	9274	9150	9271	9471	9178	9153	10941	10165	10081	10118	10954	10576	9991	10143	10187	10256	10392	10338	10497	8821	9102
16:01:40	37.0	10467	10247	10057	10109	10041	9926	10013	9967	9898	9865	9960	10398	10511	10397	10341	9974	10075	10009	9969	9988	9992	10009	10094	10989	10261	10163	10359	11514	11310	11253	10337	10353	10439	9980	10500	11033	10124	10196	10020	11233	10392	10221	11131	11763	11190	10432	10448	10914	9419	9491	9520	9374	9399	9274	9098	9279	9429	9305	9105	10882	10202	10104	10067	11015	10660	10033	10294	10125	10219	10296	10341	10658	8919	9102
16:05:40	37.0	10568	10224	10156	9978	10099	9990	9999	9988	9958	9975	10019	10391	10537	10506	10391	9936	10078	10056	10088	10041	9937	9966	10086	10836	10206	10242	10325	11529	11313	11160	10336	10495	10540	9881	10520	11058	10109	10205	10217	11198	10410	10334	11369	11589	11283	10408	10488	10855	9413	9642	9659	9314	9403	9130	9197	9244	9447	9208	9153	10863	10263	10106	10107	10937	10614	9981	10180	10165	10192	10229	10329	10525	8845	8990
16:09:40	37.0	10579	10170	10034	10096	10191	9933	10059	9959	10022	10075	9993	10316	10343	10410	10399	10031	10135	10067	9995	10024	9979	9921	10034	10875	10286	10205	10342	11633	11284	11199	10373	10428	10587	9901	10364	11061	9998	10254	10178	11001	10405	10232	11354	11606	11178	10409	10358	10813	9403	9653	9611	9374	9332	9195	9161	9303	9520	9163	9281	10793	10248	10275	10124	11049	10660	10174	10228	10168	10204	10317	10255	10566	8914	9026
16:13:40	37.0	10530	10209	10099	10038	10004	9925	9953	10053	9958	9951	9936	10374	10458	10355	10438	10020	10131	10018	10016	10073	9968	10043	10033	10866	10355	10259	10479	11664	11352	11174	10194	10358	10482	9902	10464	11105	10128	10221	10073	11101	10385	10330	11262	11624	11441	10363	10356	10969	9395	9530	9599	9436	9288	9240	9162	9400	9542	9194	9299	10845	10223	10168	10189	10947	10606	10031	10150	10161	10233	10323	10260	10501	8913	9145
16:17:40	37.0	10528	10186	10136	10054	10057	9876	9916	9961	9940	9910	10006	10406	10466	10509	10427	10007	10176	9935	10113	10042	9958	10005	10045	11009	10198	10164	10408	11666	11327	11193	10418	10390	10569	9930	10421	11070	10036	10179	10075	11007	10403	10282	11326	11730	11305	10466	10388	10959	9490	9598	9672	9393	9275	9167	9114	9339	9424	9137	9093	10976	10103	10117	10104	10993	10449	10067	10178	10156	10223	10236	10271	10467	8858	9147
16:21:40	37.0	10553	10165	10083	10004	9926	9923	10155	9973	10064	9961	9976	10354	10319	10557	10443	10060	10089	10008	10014	10011	9886	10027	9993	10879	10164	10232	10330	11698	11418	11301	10260	10438	10495	10111	10441	11076	10173	10261	10129	11133	10425	10213	11416	11854	11230	10391	10315	11036	9459	9569	9588	9356	9288	9171	9135	9342	9500	9227	9208	10856	10220	10114	10008	10991	10492	10083	10163	10193	10191	10390	10170	10474	8835	8985
16:25:40	37.0	10488	10240	10245	9904	9971	10025	10020	9982	9880	9943	10011	10349	10403	10442	10495	10090	10091	9963	10015	10039	9916	10018	10055	10842	10172	10264	10333	11599	11409	11287	10363	10390	10405	9984	10439	10978	10001	10221	10196	11007	10403	10246	11407	11679	11327	10399	10513	10834	9468	9606	9586	9296	9226	9177	9136	9302	9518	9191	9168	10671	10081	10123	10168	11129	10387	10048	10233	10221	10186	10250	10335	10584	8993	9016
16:29:40	37.0	10587	10175	10084	10135	10076	9935	10074	9945	9809	10039	10077	10242	10476	10427	10474	10007	10067	10039	10007	9896	9876	10055	9938	10872	10157	10232	10321	11712	11341	11227	10333	10483	10550	9987	10507	11160	9993	10230	10182	11124	10450	10336	11343	11598	11342	10402	10422	10885	9434	9601	9506	9322	9232	9242	9120	9373	9489	9155	9220	10954	10179	10094	10185	10939	10508	10136	10179	10251	10186	10398	10176	10568	8915	8910
16:33:40	37.0	10507	10250	10181	10022	10067	10036	10006	10072	10043	9968	9979	10411	10488	10524	10412	10115	10137	9953	10059	10169	9986	10045	10021	10944	10240	10294	10400	11832	11343	11361	10399	10450	10684	9897	10505	11026	10017	10164	10202	11051	10431	10301	11297	11824	11231	10445	10419	10942	9521	9556	9616	9207	9377	9316	9054	9314	9597	9236	9288	10804	10209	10169	10205	11035	10424	10095	10080	10095	10162	10424	10350	10617	8981	9117
16:37:40	37.0	10612	10202	10166	10023	10178	10076	10046	9954	9913	10021	9988	10373	10474	10558	10445	10056	10178	10018	10020	10029	9975	10086	10086	10885	10292	10389	10363	11856	11587	11347	10271	10524	10634	9999	10415	11065	10059	10227	10270	11238	10442	10233	11399	11887	11336	10462	10456	10850	9377	9535	9569	9355	9190	9215	9132	9262	9563	9240	9224	10714	10277	10177	10097	11063	10396	10045	10155	10149	10199	10356	10298	10670	8997	8977
16:41:40	37.0	10557	10220	10161	9961	10070	9969	10114	9956	9880	10034	10026	10405	10565	10586	10500	10019	10024	10132	9908	10037	10058	10019	10141	10869	10326	10251	10306	11793	11388	11354	10293	10378	10592	9960	10565	11054	10062	10197	10188	11146	10411	10402	11378	11842	11266	10402	10425	10979	9489	9571	9476	9376	9314	9199	9180	9381	9527	9127	9267	10762	10260	10247	10104	10994	10500	10111	10223	10133	10123	10244	10295	10711	8938	9139
16:45:40	37.0	10620	10237	10195	10064	10035	10010	10055	10085	9936	9930	10018	10251	10498	10530	10460	9989	10065	10029	9990	9925	9917	10035	10056	10963	10277	10334	10400	11730	11603	11356	10276	10477	10544	10002	10406	10993	10212	10233	10227	11094	10450	10303	11474	11749	11318	10403	10440	10997	9373	9633	9582	9305	9194	9182	9112	9386	9507	9257	9208	10665	10213	10208	10202	11027	10493	10165	10221	10029	10138	10340	10421	10530	8884	9010
16:49:40	37.0	10642	10203	10113	10065	10149	10017	9971	10013	10000	10082	10052	10391	10545	10446	10524	10035	10201	10111	10087	10018	9968	9990	10067	10918	10283	10349	10380	11818	11519	11514	10378	10419	10635	9908	10447	11023	10091	10277	10231	11121	10379	10389	11526	11776	11398	10416	10492	10826	9418	9537	9548	9391	9289	9299	9187	9331	9574	9220	9160	10704	10208	10204	10217	11044	10347	10050	10167	10036	10105	10426	10410	10510	8943	9012
16:53:40	37.0	10518	10159	10169	10085	10097	10157	10025	10007	10012	10112	10141	10257	10368	10444	10580	10092	10077	10052	10047	9987	9977	10039	10163	10873	10146	10282	10389	11840	11604	11476	10268	10457	10642	9924	10477	10906	10132	10247	10184	11241	10403	10195	11429	11733	11208	10392	10476	10796	9431	9619	9624	9319	9211	9205	9108	9275	9546	9249	9209	10788	10161	10134	10211	11086	10313	10142	10170	10216	10196	10341	10182	10619	8906	9046
16:57:40	37.0	10577	10182	10207	10143	10050	9941	10090	10084	10102	10008	9926	10355	10604	10429	10647	10081	10162	10083	10075	10022	10016	10009	9992	10881	10274	10202	10273	11889	11647	11471	10353	10401	10657	9967	10544	11047	10183	10303	10244	11240	10405	10345	11553	11856	11169	10534	10543	10850	9393	9634	9546	9427	9242	9291	9104	9374	9571	9215	9268	10747	10218	10121	10098	11111	10461	10116	10158	10299	10129	10459	10386	10622	8977	9027
17:01:40	37.0	10655	10266	10279	10007	10179	9954	10057	10054	10061	10082	9990	10378	10614	10558	10600	10116	10020	10124	10085	10000	9959	9984	10146	10877	10329	10394	10439	11933	11673	11429	10352	10436	10677	9892	10489	10896	10128	10292	10205	11081	10377	10236	11579	11876	11392	10477	10519	10900	9408	9655	9470	9571	9252	9180	9137	9297	9661	9301	9180	10762	10203	10088	10181	11091	10483	10087	10206	10267	10230	10426	10307	10662	8966	9003
17:05:40	37.0	10733	10203	10133	10134	10125	10073	10105	10057	9938	10116	10052	10399	10562	10432	10638	9951	10095	10043	10047	10082	9959	10082	10174	10768	10250	10401	10268	11885	11594	11475	10254	10457	10600	10067	10554	10969	10088	10189	10233	11200	10432	10468	11487	11816	11260	10552	10469	10862	9344	9612	9520	9385	9252	9223	9054	9258	9637	9141	9216	10741	10309	10201	10191	11045	10414	10175	10170	10242	10163	10394	10428	10739	8907	9076
17:09:40	37.0	10693	10208	10209	10139	10091	10038	10108	10091	10042	10047	10097	10293	10547	10608	10593	10138	10157	10081	10050	10110	10005	10069	10229	10866	10242	10335	10421	11945	11651	11420	10347	10443	10572	10077	10628	10992	10287	10287	10228	11134	10475	10271	11561	11856	11249	10511	10497	10980	9395	9596	9539	9328	9202	9180	9092	9375	9645	9217	9217	10711	10141	10143	10078	10991	10359	10095	10198	10269	10075	10421	10342	10724	8976	8986
17:13:40	37.0	10672	10218	10166	10106	10024	10003	10092	10026	9918	10077	10065	10358	10511	10605	10591	9995	10120	10017	10136	10073	10009	10115	10104	10851	10287	10371	10378	11673	11655	11522	10379	10605	10647	10011	10593	10916	10077	10199	10197	11168	10584	10383	11476	11966	11407	10547	10518	10948	9412	9570	9513	9410	9304	9204	9192	9252	9674	9190	9279	10714	10215	10132	10209	11020	10316	10193	10187	10175	10222	10494	10390	10712	8946	9024
17:17:40	37.0	10611	10205	10148	10083	10083	9951	10025	9972	10011	10056	10028	10360	10586	10599	10557	10097	10230	10096	10147	10100	9964	10001	10156	10845	10281	10302	10356	11931	11692	11629	10440	10394	10738	9967	10433	11006	10188	10208	10130	11155	10428	10355	11540	12089	11257	10511	10513	10884	9416	9582	9505	9351	9340	9311	9169	9267	9672	9301	9167	10708	10182	10221	10079	11060	10225	10086	10217	10291	10190	10434	10373	10911	8988	9115
17:21:40	37.0	10749	10291	10237	10049	10098	10033	10084	9892	10010	10039	10113	10337	10704	10614	10698	10097	10127	10088	10022	10027	10000	10104	10107	10875	10291	10264	10438	11997	11622	11504	10384	10375	10730	10025	10372	11070	10164	10300	10196	11098	10432	10316	11603	11897	11182	10576	10376	11015	9398	9630	9581	9421	9323	9206	9243	9355	9644	9237	9166	10724	10205	10167	10256	11058	10302	10067	10193	10334	10226	10429	10330	10729	9038	9101
17:25:40	37.0	10641	10231	10227	10088	10077	9988	10031	10051	10064	9963	10129	10404	10535	10634	10515	10113	10056	10127	10175	10012	9979	10047	10172	10799	10380	10415	10346	11878	11722	11468	10409	10466	10700	9948	10438	11035	10250	10291	10160	11176	10547	10360	11672	12085	11399	10512	10458	10899	9335	9638	9509	9345	9236	9128	9097	9291	9617	9249	9148	10686	10340	10162	10150	11035	10255	10158	10165	10344	10117	10460	10384	10825	8914	8961
17:29:40	37.0	10684	10233	10153	10084	10169	10029	10138	10049	9975	10068	10093	10350	10726	10602	10594	9947	10064	10080	10034	10188	10083	10077	10174	10801	10284	10365	10295	11806	11681	11552	10366	10438	10573	10081	10589	11099	10175	10274	10141	11115	10570	10334	11619	12017	11445	10518	10462	10864	9439	9511	9481	9399	9299	9249	9095	9215	9733	9231	9285	10788	10258	10216	10174	11174	10264	10057	10265	10303	10150	10478	10459	10807	9088	8983
17:33:40	37.0	10700	10218	10168	10042	10007	10023	10138	10069	10127	10010	10076	10313	10655	10584	10622	10094	10187	10117	9971	10079	10033	9982	10149	10847	10220	10354	10464	11969	11652	11538	10327	10527	10696	10094	10627	11052	10124	10292	10211	11245	10395	10344	11628	11993	11406	10504	10562	10883	9541	9487	9512	9350	9315	9142	9083	9278	9705	9273	9223	10678	10194	10157	10153	11089	10265	10119	10164	10255	10107	10535	10397	10715	9022	9044
17:37:40	37.0	10645	10241	10260	10144	10066	10006	10130	10047	10009	10030	10031	10342	10590	10759	10631	10127	10159	10090	10083	10067	10028	10099	10241	10869	10248	10402	10281	11858	11715	11446	10289	10460	10537	10113	10508	11159	10141	10219	10138	11311	10443	10355	11831	11983	11445	10530	10513	10900	9439	9557	9500	9411	9366	9344	9255	9279	9759	9254	9277	10689	10304	10073	10191	11057	10378	10086	10265	10243	10170	10370	10452	10735	8973	9096
17:41:40	37.0	10640	10248	10264	10176	10137	10055	10109	10084	10040	10004	10060	10299	10529	10627	10633	10068	10131	10202	10053	10130	10009	10087	10208	10888	10231	10395	10488	11841	11836	11495	10292	10567	10675	10140	10488	10928	10216	10360	10225	11245	10567	10407	11696	12123	11435	10564	10494	10945	9490	9536	9599	9376	9250	9166	9135	9254	9738	9294	9247	10714	10359	10146	10188	11054	10411	10163	10099	10177	10317	10580	10437	10677	9003	9034
17:45:40	37.0	10729	10200	10251	10161	10164	9979	10148	10116	10027	10005	10108	10350	10580	10641	10641	10107	10046	10109	10023	10179	9874	10097	10144	10905	10253	10337	10374	11899	11817	11560	10364	10377	10786	9959	10694	11012	10152	10302	10222	11307	10368	10325	11860	12049	11278	10522	10488	10872	9438	9647	9537	9418	9319	9263	9190	9240	9739	9125	9098	10662	10269	10173	10267	11183	10365	10056	10177	10234	10175	10410	10515	10774	9024	9064
17:49:40	37.0	10671	10256	10153	10016	10191	9973	10159	9973	9947	10153	10138	10404	10685	10681	10591	10135	10294	10131	10059	10187	9995	10129	10239	10793	10313	10442	10447	12009	11714	11716	10388	10586	10721	10010	10578	11130	10204	10418	10322	11170	10516	10313	11769	12154	11278	10496	10514	10865	9344	9591	9615	9463	9389	9281	9137	9230	9716	9317	9256	10667	10388	10174	10183	11072	10307	10170	10286	10183	10320	10470	10375	10819	8984	9067
17:53:40	37.0	10601	10265	10297	10111	9992	10046	10108	10140	10037	10051	10149	10379	10510	10627	10621	10062	10116	10029	10040	10156	10068	10008	10172	10808	10217	10351	10578	11973	11750	11525	10376	10456	10766	9999	10606	11032	10162	10454	10311	11240	10499	10296	11788	12047	11382	10502	10509	10839	9509	9438	9524	9336	9305	9215	9185	9351	9765	9250	9155	10609	10309	10105	10358	11178	10354	10173	10204	10346	10217	10529	10502	10792	9054	9074
17:57:40	37.0	10775	10266	10149	10190	10128	10110	10046	10012	10095	10040	10194	10364	10637	10740	10543	10062	10178	10180	10038	10193	10143	10093	10090	10817	10264	10368	10448	11992	11792	11628	10423	10541	10678	10077	10522	11185	10220	10349	10225	11255	10506	10455	11745	12179	11372	10569	10526	10901	9415	9588	9513	9292	9278	9218	9242	9372	9802	9257	9127	10604	10221	10168	10310	11085	10322	10111	10221	10259	10091	10591	10481	10779	9017	9095
18:01:40	37.0	10705	10273	10229	10152	10277	10101	10168	10061	10128	10111	10132	10338	10625	10747	10592	10110	10094	10128	10154	10125	9981	10072	10102	10774	10426	10375	10450	11965	11930	11697	10546	10575	10683	10136	10531	11116	10123	10347	10278	11262	10419	10303	11787	12103	11360	10561	10548	10906	9433	9598	9574	9503	9384	9198	9198	9328	9799	9239	9211	10717	10287	10254	10260	11127	10344	10196	10251	10373	10254	10613	10435	10838	8980	9002
18:05:40	37.0	10686	10201	10164	10195	10154	9975	10059	10035	9994	10154	10174	10284	10611	10705	10708	10133	10107	10076	10115	10116	10053	10133	10066	10903	10221	10399	10469	11930	11988	11549	10329	10543	10726	10094	10570	11109	10170	10408	10300	11220	10378	10415	11865	12111	11429	10573	10519	10762	9500	9627	9521	9544	9325	9220	9106	9316	9889	9273	9198	10571	10343	10210	10373	11105	10472	10163	10316	10215	10094	10525	10419	10925	9125	9138
18:09:40	37.0	10660	10332	10248	10167	10127	10077	10129	10076	10200	10123	10158	10285	10687	10781	10763	10165	10186	10094	10093	10188	9992	10140	10229	10768	10281	10393	10445	11974	11914	11562	10474	10551	10770	10057	10550	11101	10245	10409	10276	11292	10612	10369	11713	12139	11402	10610	10348	10842	9498	9627	9555	9431	9255	9206	9190	9284	9688	9184	9209	10659	10310	10168	10243	11120	10396	10253	10224	10162	10257	10475	10489	10956	9070	9017
18:13:40	37.0	10687	10339	10274	10145	10219	10069	10143	10181	10042	10144	10077	10371	10664	10712	10772	10135	10114	10080	10104	10082	10092	10111	10253	10959	10351	10448	10431	12029	11845	11704	10470	10552	10826	10047	10610	11132	10133	10363	10220	11284	10439	10333	11861	12250	11420	10539	10524	10854	9486	9602	9489	9386	9339	9223	9115	9319	9766	9193	9251	10598	10271	10239	10296	11085	10385	10285	10324	10318	10260	10526	10441	10900	8987	9084
18:17:40	37.0	10737	10218	10301	10204	10072	10089	10021	10070	10066	10120	10123	10406	10718	10726	10842	10091	10124	10157	10112	10102	10040	10119	10300	10896	10270	10332	10439	12068	11842	11557	10613	10559	10659	10063	10558	11146	10219	10392	10248	11230	10443	10345	11852	12271	11405	10626	10472	10890	9464	9614	9519	9469	9361	9257	9228	9208	9744	9269	9136	10672	10271	10131	10285	11035	10330	10216	10265	10363	10178	10643	10609	11071	9077	9192
18:21:40	37.0	10736	10333	10315	10075	10116	10131	10043	10091	10122	10068	10257	10449	10691	10784	10662	10032	10190	10145	10119	10204	10059	10142	10289	10955	10302	10469	10568	12202	11940	11504	10420	10674	10789	10072	10651	11087	10233	10274	10331	11360	10504	10437	11924	12211	11501	10658	10476	10882	9495	9693	9498	9374	9269	9272	9213	9290	9913	9261	9253	10580	10241	10130	10254	11115	10365	10198	10204	10252	10269	10608	10509	10897	9040	9104
18:25:40	37.0	10641	10357	10263	10056	10165	10002	10100	10139	10120	10141	10034	10436	10586	10680	10681	10111	10201	10142	10103	10158	10012	10143	10214	10883	10354	10368	10487	12098	11927	11711	10388	10572	10698	10106	10656	11124	10256	10293	10279	11236	10576	10480	11921	12173	11459	10568	10547	10893	9459	9762	9559	9383	9342	9257	9154	9315	9890	9356	9272	10502	10187	10211	10211	10978	10399	10037	10272	10220	10333	10776	10480	10976	9074	9074
18:29:40	37.0	10865	10257	10281	10117	10220	10023	10202	10095	10157	10239	10123	10419	10663	10763	10738	10031	10140	10153	10195	10143	10053	10111	10192	11000	10309	10410	10519	12150	12030	11616	10411	10515	10741	10000	10648	11052	10160	10441	10225	11221	10552	10436	11873	12311	11369	10489	10645	10897	9377	9632	9440	9424	9407	9149	9215	9325	9761	9264	9315	10529	10350	10236	10222	11144	10400	10047	10295	10293	10268	10752	10449	10934	9085	9127
18:33:40	37.0	10805	10209	10274	10200	10184	10012	10205	10231	10146	10151	10089	10411	10762	10687	10810	10147	10202	10089	10136	10146	10147	10135	10240	10810	10308	10383	10454	12033	11970	11712	10568	10478	10809	10059	10776	11076	10303	10417	10313	11220	10432	10389	12007	12240	11451	10586	10569	10876	9476	9605	9554	9438	9390	9241	9150	9344	9775	9351	9344	10550	10228	10201	10299	11094	10409	10261	10340	10365	10142	10743	10632	10947	9082	9258
18:37:40	37.0	10782	10267	10352	10213	10166	10113	10099	10208	10146	10305	10182	10342	10602	10676	10772	10145	10204	10077	10225	10163	10054	10141	10212	10872	10429	10492	10600	12060	12002	11649	10483	10651	10793	10095	10638	11188	10259	10328	10242	11136	10541	10426	11941	12292	11411	10500	10547	10878	9481	9500	9597	9400	9353	9291	9219	9274	9854	9282	9229	10585	10221	10248	10327	11048	10231	10203	10418	10371	10383	10478	10482	10988	9016	9130
18:41:40	37.0	10727	10312	10305	10214	10139	10124	10086	10202	10028	10211	10173	10339	10665	10840	10856	10176	10177	10083	10069	10107	10057	10041	10280	11034	10301	10421	10568	12075	11936	11789	10560	10610	10697	10148	10725	11138	10193	10301	10364	11201	10613	10436	11993	12259	11421	10665	10490	10896	9513	9707	9498	9356	9297	9369	9195	9225	9941	9300	9322	10522	10253	10310	10156	11122	10290	10191	10192	10274	10262	10738	10524	10973	9096	9186
18:45:40	37.0	10779	10277	10239	10150	10279	10140	10182	10169	10143	10135	10228	10339	10750	10829	10730	10137	10196	10153	10156	10224	10101	10194	10256	11029	10391	10430	10468	12099	11971	11692	10493	10507	10644	10122	10631	11072	10360	10364	10327	11381	10643	10449	12114	12406	11378	10532	10512	10867	9539	9685	9572	9452	9313	9184	9143	9299	9937	9286	9186	10614	10344	10096	10286	11086	10319	10192	10326	10217	10178	10614	10606	10991	9101	9246
18:49:40	37.0	10861	10307	10266	10135	10121	10049	10202	10192	10080	10255	10213	10448	10689	10886	10853	10122	10256	10124	10169	10205	10118	10121	10264	10961	10268	10361	10451	12153	11991	11724	10421	10538	10756	10103	10764	11156	10320	10577	10326	11374	10457	10453	11999	12273	11448	10696	10551	10774	9475	9624	9528	9448	9330	9238	9204	9265	9940	9291	9323	10672	10269	10158	10258	11073	10382	10111	10280	10353	10299	10673	10607	10960	9063	9130
18:53:40	37.0	10785	10492	10301	10270	10172	10060	10253	10169	10212	10176	10213	10286	10699	10743	10798	10136	10182	10166	10074	10170	10096	10115	10304	10769	10439	10467	10566	12075	11994	11757	10416	10556	10830	10055	10775	11042	10181	10410	10300	11279	10483	10366	11925	12302	11462	10664	10607	10816	9503	9565	9462	9392	9392	9238	9151	9249	9846	9253	9236	10611	10266	10302	10277	11161	10369	10229	10316	10302	10149	10720	10617	11036	9060	9257
18:57:40	37.0	10830	10298	10338	10154	10203	10074	10095	10086	10115	10171	10188	10362	10642	10929	10903	10144	10186	10133	10107	10050	10201	10171	10316	10954	10265	10484	10563	12239	12004	11683	10506	10494	10725	10234	10749	11065	10260	10421	10254	11325	10692	10390	12148	12269	11454	10642	10649	10883	9502	9617	9563	9396	9306	9171	9255	9287	9861	9263	9298	10608	10265	10175	10241	11106	10266	10310	10318	10296	10203	10790	10605	11050	9155	9164
19:01:40	37.0	10750	10402	10357	10158	10145	10156	10224	10236	10135	10200	10208	10399	10762	10807	10785	10101	10263	10148	10163	10174	10165	10255	10251	11038	10353	10403	10519	12073	12011	11648	10435	10619	10760	10135	10767	11163	10152	10438	10364	11325	10572	10455	11989	12369	11716	10634	10610	10822	9427	9632	9535	9406	9489	9233	9142	9288	9917	9271	9162	10597	10239	10204	10228	10994	10337	10200	10281	10284	10259	10865	10673	11000	9168	9146
19:05:40	37.0	10709	10390	10233	10177	10126	10135	10160	10089	10053	10000	10215	10371	10828	10871	10889	10116	10180	10261	10231	10195	10128	10109	10272	11065	10416	10335	10475	12092	11928	11765	10507	10589	10672	10046	10742	11065	10325	10303	10367	11275	10569	10477	12006	12314	11369	10674	10599	10662	9509	9671	9564	9342	9253	9227	9210	9377	9916	9338	9334	10494	10136	10159	10208	11089	10423	10222	10310	10510	10191	10774	10590	11048	9096	9257
19:09:40	37.0	10753	10418	10269	10146	10245	10142	10224	10140	10000	10097	10201	10431	10684	10841	10963	10208	10105	10138	10226	10133	10029	10218	10207	10925	10397	10429	10452	12102	12228	11658	10438	10570	10641	10163	10789	11108	10286	10471	10354	11264	10509	10457	12029	12442	11446	10676	10568	10767	9410	9719	9431	9434	9333	9270	9130	9291	10009	9358	9368	10590	10257	10226	10243	11056	10352	10129	10241	10384	10273	10700	10664	11146	9045	9185
19:13:40	37.0	10857	10342	10296	10083	10217	10082	10264	10120	10092	10127	10161	10443	10739	10883	10936	10125	10250	10150	10030	10135	10061	10217	10371	11068	10503	10547	10556	11972	12155	11650	10521	10645	10764	10100	10803	11240	10264	10418	10391	11373	10552	10571	12017	12293	11466	10621	10636	10812	9383	9573	9482	9277	9293	9243	9198	9329	10053	9331	9211	10440	10163	10249	10316	11127	10418	10201	10309	10390	10275	10877	10747	11046	9058	9197
19:17:40	37.0	10835	10358	10251	10030	10195	10162	10157	10116	10207	10256	10295	10419	10732	10844	10991	10169	10265	10167	10194	10111	10112	10111	10250	11035	10352	10595	10636	12057	11980	11836	10474	10618	10758	10042	10790	11101	10331	10456	10282	11360	10577	10485	12072	12408	11342	10696	10605	10702	9515	9574	9564	9362	9397	9319	9220	9350	9985	9293	9393	10466	10315	10286	10265	11100	10367	10230	10364	10460	10230	10724	10668	11097	9120	9318
19:21:40	37.0	10770	10322	10253	10129	10149	10094	10194	10234	10159	10236	10149	10276	10756	10865	10983	10053	10250	10166	10232	10176	10099	10159	10353	11146	10387	10486	10529	12132	11973	11803	10533	10562	10736	10164	10748	11224	10253	10581	10331	11293	10730	10441	12120	12478	11435	10636	10608	10774	9476	9648	9447	9436	9350	9217	9169	9207	9956	9396	9235	10540	10230	10158	10310	11218	10434	10306	10342	10423	10364	10797	10756	11162	9179	9124
19:25:40	37.0	10878	10430	10333	10204	10235	10151	10193	10111	10286	10170	10189	10382	10761	10878	11043	10196	10255	10153	10119	10229	10250	10169	10387	10933	10459	10532	10560	12349	12120	11808	10511	10627	10731	10141	10901	11196	10282	10450	10378	11326	10540	10589	12009	12341	11471	10651	10684	10760	9449	9654	9542	9378	9365	9294	9286	9342	10037	9317	9227	10477	10220	10183	10265	11160	10400	10290	10341	10442	10301	10859	10647	11081	9132	9249
19:29:40	37.0	10840	10335	10344	10181	10187	10210	10224	10259	10038	10248	10289	10333	10758	10970	11023	10149	10134	10137	10085	10129	10143	10281	10234	10924	10425	10500	10588	12205	12167	11824	10526	10608	10871	10148	10837	11191	10328	10448	10367	11334	10636	10482	12090	12439	11534	10769	10729	10677	9501	9684	9558	9414	9363	9169	9188	9225	10045	9330	9222	10578	10261	10209	10278	11153	10252	10246	10333	10506	10345	10868	10729	11290	9047	9154
19:33:40	37.0	10831	10354	10270	10204	10169	10253	10283	10308	10099	10212	10296	10371	10685	10994	10985	10214	10198	10190	10158	10226	10196	10190	10250	10948	10440	10577	10527	12218	12078	11708	10582	10630	10846	10178	10897	11159	10268	10566	10335	11367	10469	10546	12028	12396	11432	10664	10705	10764	9466	9625	9440	9490	9359	9300	9165	9337	10121	9324	9338	10535	10308	10154	10260	11115	10346	10394	10230	10466	10323	10979	10750	11252	9137	9207
19:37:40	37.0	10821	10482	10319	10152	10124	10275	10342	10204	10111	10249	10207	10431	10765	11034	10976	10219	10199	10215	10273	10059	10223	10223	10253	11044	10398	10484	10628	12260	12141	11790	10492	10617	10862	10181	10901	11140	10288	10541	10387	11304	10678	10508	11984	12360	11564	10829	10591	10705	9545	9604	9504	9379	9352	9191	9243	9320	10083	9264	9249	10526	10198	10286	10309	11112	10389	10306	10272	10496	10281	10886	10776	11228	9152	9204
19:41:40	37.0	10857	10445	10393	10186	10114	10163	10231	10265	10195	10186	10339	10340	10731	10876	10931	10101	10182	10246	10332	10248	10172	10251	10242	11016	10446	10372	10585	12429	12124	11861	10603	10711	10843	10251	10872	11175	10285	10560	10340	11381	10722	10470	12153	12359	11583	10696	10778	10825	9424	9650	9460	9440	9465	9202	9248	9342	10058	9449	9264	10465	10357	10210	10300	11155	10404	10274	10406	10420	10196	10971	10665	11208	9192	9207
19:45:40	37.0	10868	10356	10348	10193	10266	10138	10256	10188	10144	10173	10243	10424	10880	10959	10987	10162	10166	10219	10139	10291	10096	10147	10385	11170	10493	10510	10646	12292	12143	11765	10622	10604	10848	10051	11019	11248	10342	10476	10374	11472	10601	10582	12177	12353	11535	10738	10791	10686	9471	9689	9545	9360	9301	9287	9167	9334	10093	9356	9307	10495	10239	10222	10359	11193	10496	10248	10268	10286	10273	10858	10777	11186	9227	9189
19:49:40	37.0	10836	10388	10416	10223	10244	10250	10212	10191	10224	10269	10354	10342	10723	11010	10975	10168	10141	10194	10145	10232	10072	10255	10300	11046	10374	10561	10638	12264	12125	11745	10547	10661	10670	10178	10965	11248	10298	10492	10300	11343	10685	10515	12187	12477	11592	10707	10708	10726	9459	9595	9506	9511	9320	9291	9255	9353	10052	9286	9331	10434	10192	10140	10217	11161	10282	10255	10340	10379	10247	10909	10711	11143	9139	9132
19:53:40	37.0	10876	10377	10338	10183	10171	10210	10283	10148	10205	10228	10256	10419	10790	10941	11015	10133	10248	10072	10124	10253	10220	10255	10357	11083	10464	10425	10544	12264	12166	11762	10593	10579	10942	10058	11010	11211	10292	10545	10340	11436	10524	10699	12457	12560	11605	10709	10618	10737	9509	9766	9573	9485	9344	9249	9171	9316	10236	9310	9300	10500	10323	10271	10236	11149	10355	10204	10423	10441	10273	11023	10892	11164	9071	9214
19:57:40	37.0	10838	10501	10477	10263	10145	10167	10319	10199	10191	10285	10318	10388	10759	10906	10972	10155	10264	10202	10077	10155	10083	10095	10376	11123	10494	10510	10578	12349	12227	11789	10588	10579	10800	10149	10983	11256	10190	10671	10396	11354	10722	10446	12293	12558	11579	10700	10667	10755	9484	9708	9480	9455	9335	9306	9201	9468	10239	9368	9357	10446	10301	10147	10249	11179	10351	10209	10435	10518	10366	11014	10818	11275	9183	9221
20:01:40	37.0	10890	10419	10426	10263	10326	10183	10217	10247	10188	10166	10316	10498	10778	11071	11043	10246	10197	10154	10267	10223	10311	10076	10274	11057	10510	10527	10637	12236	12166	11868	10620	10713	10768	10135	11006	11320	10485	10618	10340	11449	10643	10658	12267	12561	11545	10743	10820	10690	9390	9601	9580	9526	9299	9270	9201	9426	10106	9239	9249	10519	10205	10182	10346	11101	10402	10289	10235	10521	10340	10975	10874	11291	9131	9302
20:05:40	37.0	10925	10550	10434	10280	10326	10168	10284	10298	10276	10290	10359	10464	10840	11097	11172	10206	10229	10235	10277	10225	10218	10296	10342	10999	10434	10534	10688	12309	12236	11845	10590	10649	10780	10104	10851	11250	10343	10558	10466	11509	10732	10433	12242	12574	11513	10781	10718	10710	9373	9688	9562	9370	9407	9276	9293	9359	10101	9427	9336	10501	10315	10186	10297	11244	10315	10159	10425	10536	10364	11096	10881	11394	9109	9215
20:09:40	37.0	10834	10505	10343	10360	10307	10151	10333	10320	10198	10235	10419	10416	10739	10932	11087	10295	10277	10117	10245	10230	10204	10286	10366	11066	10465	10549	10544	12383	12200	11788	10669	10664	10777	10120	11020	11195	10263	10660	10415	11420	10630	10541	12348	12581	11589	10760	10757	10801	9442	9652	9569	9392	9309	9350	9292	9298	10240	9356	9385	10523	10212	10218	10295	11145	10421	10350	10323	10499	10303	11048	10922	11314	9163	9270
20:13:40	37.0	10972	10411	10362	10300	10334	10218	10241	10297	10223	10355	10269	10526	10887	11104	11150	10211	10200	10244	10261	10295	10234	10264	10315	11134	10458	10569	10653	12309	12260	11870	10544	10805	10874	10150	11009	11112	10377	10565	10414	11522	10657	10496	12292	12560	11585	10796	10826	10677	9504	9582	9543	9471	9341	9437	9236	9423	10162	9377	9268	10514	10321	10270	10393	11103	10308	10340	10411	10517	10297	10990	10984	11360	9151	9261
20:17:40	37.0	10931	10392	10480	10425	10282	10161	10223	10226	10240	10206	10323	10451	10887	11045	11182	10204	10304	10238	10271	10326	10181	10154	10291	10984	10464	10469	10614	12425	12351	11838	10628	10768	10914	10224	11066	11166	10397	10628	10407	11431	10656	10587	12341	12560	11704	10744	10855	10696	9428	9624	9627	9505	9366	9313	9186	9370	10147	9419	9401	10438	10323	10269	10444	11142	10288	10220	10262	10525	10268	11051	10975	11390	9227	9285
20:21:40	37.0	10960	10463	10445	10183	10163	10265	10260	10368	10292	10373	10249	10430	10779	11149	11172	10237	10234	10154	10231	10171	10122	10227	10358	10963	10568	10448	10650	12433	12257	11767	10708	10621	10856	10261	11073	11176	10432	10686	10518	11395	10687	10585	12251	12702	11607	10731	10892	10787	9496	9592	9552	9554	9435	9311	9085	9365	10205	9337	9435	10444	10347	10304	10367	11121	10205	10305	10319	10605	10346	11035	11027	11250	9194	9341
20:25:40	37.0	10954	10417	10353	10233	10304	10163	10378	10154	10216	10288	10151	10352	10843	11136	11204	10246	10246	10315	10207	10229	10188	10196	10447	11084	10494	10673	10555	12470	12325	11792	10628	10640	10693	10215	11047	11275	10377	10532	10499	11390	10733	10482	12338	12675	11665	10725	10815	10744	9494	9717	9582	9467	9365	9404	9215	9456	10238	9411	9270	10534	10359	10185	10438	11061	10397	10384	10252	10473	10357	11081	10912	11387	9258	9327
20:29:40	37.0	10968	10443	10274	10232	10353	10211	10242	10182	10237	10269	10309	10476	10821	11076	11138	10231	10217	10269	10292	10191	10199	10129	10452	11066	10593	10583	10640	12540	12273	11827	10726	10708	10852	10194	10996	11360	10420	10548	10592	11400	10755	10564	12285	12610	11669	10775	10776	10722	9404	9693	9646	9496	9446	9271	9307	9334	10266	9376	9296	10549	10179	10322	10444	11075	10314	10257	10332	10500	10380	11218	10922	11333	9167	9284
20:33:40	37.0	10885	10444	10369	10310	10202	10305	10292	10323	10320	10285	10334	10383	10861	11195	11140	10234	10339	10308	10258	10333	10206	10299	10384	10938	10495	10559	10735	12511	12302	11948	10604	10768	10904	10250	11069	11250	10496	10692	10503	11513	10657	10660	12304	12841	11655	10699	10904	10692	9357	9655	9558	9511	9559	9378	9284	9300	10199	9400	9267	10560	10177	10222	10313	11157	10313	10246	10340	10425	10414	11176	10955	11320	9243	9409
20:37:40	37.0	10936	10481	10447	10302	10291	10260	10241	10272	10316	10315	10264	10445	10931	11316	11156	10282	10276	10195	10235	10346	10153	10332	10419	10987	10406	10598	10627	12538	12323	11900	10803	10767	10901	10153	11020	11241	10474	10710	10526	11521	10670	10599	12473	12650	11732	10848	10876	10630	9397	9658	9617	9547	9399	9313	9282	9381	10220	9384	9321	10541	10220	10276	10405	11099	10216	10297	10287	10531	10288	11126	10998	11489	9277	9304
20:41:40	37.0	10898	10450	10473	10180	10310	10225	10266	10224	10281	10285	10370	10391	10895	11041	11212	10158	10274	10242	10216	10213	10278	10294	10334	10941	10537	10595	10625	12515	12335	11872	10656	10680	10932	10164	11121	11348	10476	10723	10500	11389	10678	10581	12397	12557	11641	10766	10911	10696	9489	9664	9510	9521	9360	9332	9217	9388	10263	9343	9400	10587	10222	10277	10328	11152	10327	10159	10381	10523	10212	11103	11002	11420	9204	9446
20:45:40	37.0	10965	10388	10345	10279	10357	10340	10345	10243	10334	10180	10315	10386	10745	11147	11240	10251	10338	10254	10177	10313	10291	10244	10336	10971	10517	10643	10597	12433	12284	11797	10812	10728	10809	10252	11054	11262	10350	10645	10490	11581	10720	10580	12344	12715	11758	10836	10866	10623	9515	9538	9670	9480	9398	9297	9229	9277	10323	9458	9297	10348	10221	10320	10452	11165	10338	10235	10304	10573	10362	11309	11025	11397	9271	9430
20:49:40	37.0	10897	10421	10468	10369	10112	10262	10389	10255	10286	10253	10445	10466	10900	11251	11278	10196	10233	10271	10305	10337	10241	10209	10464	10940	10551	10620	10761	12389	12472	11871	10614	10694	10846	10312	11186	11370	10399	10598	10543	11545	10760	10641	12436	12632	11676	10800	10911	10802	9515	9642	9660	9495	9394	9290	9227	9431	10255	9423	9378	10563	10247	10418	10307	11117	10354	10257	10424	10568	10383	11033	11051	11423	9172	9293
20:53:40	37.0	10983	10541	10456	10309	10338	10373	10302	10321	10336	10255	10327	10442	10816	11228	11296	10170	10257	10342	10314	10298	10235	10234	10431	10936	10643	10672	10607	12431	12274	11814	10728	10817	10892	10404	11203	11290	10462	10785	10526	11507	10696	10695	12495	12627	11616	10790	10894	10676	9514	9616	9574	9487	9410	9314	9315	9400	10273	9313	9263	10548	10232	10339	10484	11148	10315	10352	10261	10597	10381	11206	10993	11531	9291	9447
20:57:40	37.0	10968	10440	10502	10200	10429	10267	10336	10297	10257	10260	10394	10484	10962	11352	11359	10204	10314	10218	10187	10245	10321	10251	10469	10901	10622	10603	10709	12457	12361	11767	10701	10709	10881	10321	11175	11375	10537	10732	10591	11608	10759	10646	12357	12779	11778	10806	10795	10769	9585	9639	9555	9495	9383	9328	9336	9350	10309	9412	9300	10479	10291	10265	10487	11090	10368	10432	10383	10581	10315	11158	11021	11445	9239	9309
21:01:40	37.0	10932	10522	10470	10367	10305	10199	10416	10264	10380	10320	10335	10465	10914	11193	11311	10218	10396	10274	10306	10340	10202	10196	10352	10966	10488	10616	10782	12571	12347	11873	10760	10839	10900	10333	11129	11321	10540	10687	10624	11533	10668	10690	12450	12650	11695	10923	10943	10613	9544	9661	9537	9513	9464	9319	9324	9410	10364	9318	9316	10528	10217	10414	10476	11032	10279	10355	10510	10478	10351	11289	11161	11596	9200	9424
21:05:40	37.0	11013	10584	10426	10334	10437	10301	10362	10276	10348	10371	10301	10571	10900	11234	11295	10356	10378	10285	10308	10262	10156	10259	10450	10979	10527	10587	10743	12593	12453	11900	10794	10809	10889	10277	11181	11402	10381	10809	10569	11516	10781	10617	12376	12698	11756	10906	10943	10695	9567	9684	9588	9619	9441	9407	9257	9378	10443	9391	9401	10541	10304	10237	10579	11282	10335	10393	10455	10538	10410	11129	11114	11584	9274	9359
21:09:40	37.0	11003	10428	10506	10358	10213	10190	10366	10324	10348	10313	10416	10528	10887	11196	11227	10374	10313	10265	10426	10242	10192	10298	10462	11063	10646	10664	10594	12607	12456	12077	10722	10869	10890	10338	11134	11227	10505	10737	10632	11618	10725	10721	12569	12861	11936	11058	10998	10784	9528	9735	9635	9509	9396	9395	9304	9398	10227	9338	9385	10501	10346	10392	10441	11224	10439	10375	10525	10629	10375	11373	11212	11698	9297	9461
21:13:40	37.0	11099	10539	10491	10331	10343	10279	10359	10430	10302	10361	10331	10507	10915	11296	11473	10340	10433	10359	10371	10255	10369	10272	10417	11004	10602	10580	10729	12534	12413	11850	10805	10926	10836	10274	11225	11307	10423	10764	10612	11638	10882	10686	12379	12792	11816	10814	10899	10760	9413	9728	9623	9630	9406	9377	9263	9468	10426	9380	9406	10647	10128	10322	10618	11118	10429	10395	10435	10558	10303	11258	11180	11603	9268	9354
21:17:40	37.0	10976	10430	10373	10288	10283	10324	10369	10380	10375	10363	10408	10528	10941	11246	11380	10353	10344	10340	10307	10236	10288	10263	10416	11150	10433	10655	10713	12726	12401	11873	10861	10857	10870	10301	11291	11345	10479	10786	10600	11641	10842	10710	12387	12733	11810	10903	10985	10684	9567	9653	9620	9457	9391	9256	9340	9466	10422	9356	9311	10459	10128	10406	10421	11258	10284	10313	10504	10480	10382	11342	11166	11601	9269	9451
21:21:40	37.0	10910	10560	10553	10363	10345	10166	10454	10319	10437	10443	10368	10562	10877	11297	11276	10401	10324	10238	10324	10345	10268	10331	10465	11033	10614	10760	10742	12653	12475	11955	10883	10940	10944	10326	11271	11425	10458	10862	10647	11648	10771	10657	12498	12805	11707	10974	11094	10772	9510	9672	9498	9603	9444	9372	9271	9493	10352	9419	9273	10607	10144	10444	10362	11206	10338	10306	10442	10572	10310	11415	11280	11631	9308	9347
21:25:40	37.0	10942	10514	10522	10422	10337	10317	10362	10426	10445	10349	10393	10536	10827	11443	11420	10300	10407	10290	10271	10481	10290	10340	10357	10976	10675	10687	10918	12724	12422	12016	10864	10816	10960	10234	11367	11326	10467	10879	10546	11512	10850	10613	12369	12814	11832	10814	11103	10796	9513	9764	9590	9608	9427	9415	9389	9477	10364	9346	9371	10611	10260	10368	10533	11275	10407	10400	10365	10485	10238	11443	11162	11677	9309	9498
21:29:40	37.0	11048	10492	10498	10408	10327	10278	10534	10381	10385	10317	10459	10506	10888	11304	11331	10326	10336	10371	10318	10243	10214	10328	10480	10965	10593	10699	10785	12770	12454	11915	10826	10856	10971	10419	11351	11373	10419	10896	10619	11578	10778	10873	12530	12824	11876	10939	10968	10615	9564	9563	9523	9422	9496	9361	9307	9460	10410	9410	9433	10510	10254	10298	10445	11214	10423	10263	10358	10503	10403	11362	11266	11698	9274	9595
21:33:40	37.0	10990	10625	10542	10325	10464	10267	10263	10317	10453	10601	10519	10613	10881	11283	11374	10325	10300	10300	10301	10322	10187	10316	10432	10989	10637	10755	10764	12688	12477	11906	10926	10919	10942	10277	11338	11358	10436	10827	10707	11657	10767	10733	12394	12684	11851	10874	11002	10805	9541	9681	9558	9475	9525	9367	9408	9427	10441	9516	9465	10584	10326	10457	10460	11437	10425	10326	10459	10538	10390	11305	11311	11568	9205	9443
21:37:40	37.0	11141	10565	10526	10439	10388	10436	10426	10340	10347	10365	10432	10548	11013	11341	11383	10345	10451	10335	10248	10403	10220	10228	10479	10945	10675	10800	10819	12737	12432	12056	10930	10960	10900	10344	11334	11463	10489	10857	10690	11830	10960	10868	12402	12793	11903	10955	10960	10690	9635	9766	9719	9474	9523	9474	9413	9411	10480	9331	9325	10473	10253	10400	10441	11337	10388	10308	10414	10516	10326	11375	11190	11704	9354	9453
21:41:40	37.0	11066	10505	10565	10324	10425	10240	10398	10337	10330	10386	10424	10554	10951	11385	11457	10349	10406	10285	10266	10318	10276	10387	10552	10995	10616	10805	10669	12721	12524	12032	10895	10825	10898	10329	11374	11430	10491	10968	10681	11751	10771	10808	12439	12865	11856	11018	10947	10758	9567	9699	9586	9609	9443	9408	9381	9464	10494	9426	9287	10556	10235	10460	10512	11368	10501	10393	10479	10335	10437	11440	11203	11704	9432	9401
21:45:40	37.0	10937	10469	10553	10424	10283	10239	10393	10324	10523	10446	10468	10610	10927	11365	11431	10339	10353	10235	10316	10248	10330	10345	10565	11058	10548	10781	10797	12696	12481	12046	10870	10885	10921	10281	11326	11439	10402	10913	10739	11774	10795	10819	12567	12915	11935	10865	11038	10702	9605	9800	9626	9495	9528	9397	9334	9447	10636	9480	9394	10517	10241	10338	10345	11378	10504	10262	10437	10520	10273	11510	11335	11836	9256	9451
21:49:40	37.0	11027	10533	10539	10412	10344	10337	10353	10279	10320	10392	10498	10506	11057	11549	11394	10352	10342	10309	10454	10362	10420	10407	10453	11039	10660	10709	10817	12746	12637	12142	11069	10938	10932	10397	11376	11382	10570	10927	10627	11656	10863	10678	12607	12942	11898	11066	11152	10797	9556	9757	9561	9569	9498	9342	9399	9522	10426	9467	9361	10696	10194	10381	10420	11327	10561	10453	10459	10550	10344	11359	11370	11755	9430	9451
21:53:40	37.0	11024	10488	10550	10386	10310	10335	10379	10289	10441	10435	10455	10422	10907	11466	11487	10274	10311	10303	10399	10443	10306	10498	10436	11052	10727	10777	10877	12859	12601	12013	11036	10805	10969	10432	11334	11370	10502	11000	10645	11766	10916	10750	12542	12863	11832	11060	11137	10648	9568	9738	9597	9532	9397	9366	9267	9557	10502	9529	9442	10603	10206	10325	10420	11296	10531	10319	10477	10403	10336	11493	11468	11892	9252	9489
21:57:40	37.0	10983	10627	10583	10386	10386	10413	10397	10388	10440	10284	10488	10613	10961	11420	11394	10313	10306	10410	10354	10330	10437	10335	10546	10964	10741	10727	10863	12709	12485	12097	11022	10846	10941	10232	11440	11455	10579	10888	10652	11789	10806	10752	12482	12922	11822	10926	11179	10699	9545	9734	9666	9609	9490	9571	9321	9468	10550	9548	9442	10643	10134	10303	10407	11380	10458	10298	10390	10503	10352	11455	11322	11826	9266	9455
22:01:40	37.0	11092	10538	10462	10344	10317	10319	10452	10340	10474	10323	10519	10566	10993	11400	11344	10281	10318	10290	10383	10362	10293	10418	10507	10965	10753	10841	10900	12817	12529	12211	10975	11015	10986	10375	11376	11346	10554	10912	10778	11677	10994	10778	12720	12924	12007	11059	11087	10728	9562	9747	9616	9604	9577	9430	9446	9555	10651	9575	9323	10531	10161	10326	10434	11322	10302	10261	10520	10619	10321	11458	11385	11891	9364	9410
22:05:40	37.0	11001	10557	10568	10384	10376	10209	10515	10343	10336	10487	10546	10665	10942	11316	11433	10287	10305	10379	10289	10416	10336	10362	10435	10941	10705	10798	10763	12760	12603	12233	10939	10986	10999	10306	11285	11369	10595	10902	10744	11783	10791	10718	12546	12879	12069	10953	11191	10866	9523	9753	9648	9523	9403	9427	9308	9442	10640	9624	9486	10493	10383	10201	10544	11262	10552	10287	10464	10485	10328	11541	11362	11819	9352	9591
22:09:40	37.0	10953	10529	10542	10515	10467	10308	10447	10425	10451	10461	10492	10663	11054	11445	11338	10332	10413	10269	10343	10346	10392	10344	10523	10994	10556	10747	10938	12895	12589	12099	11004	10990	11011	10435	11414	11548	10483	11002	10749	11733	10941	10750	12556	13006	11918	11007	11212	10774	9649	9718	9698	9590	9505	9499	9268	9510	10589	9488	9365	10556	10300	10330	10345	11343	10603	10231	10554	10560	10353	11452	11327	11894	9450	9521
22:13:40	37.0	11075	10713	10543	10411	10458	10289	10489	10395	10524	10504	10620	10579	10971	11501	11468	10370	10452	10251	10322	10387	10319	10416	10551	11036	10662	10778	10692	12875	12504	12139	11063	11035	10967	10368	11373	11456	10460	11009	10797	11682	10921	10866	12583	13029	12040	11055	11227	10843	9502	9788	9672	9604	9456	9462	9317	9494	10566	9464	9396	10651	10216	10348	10315	11353	10439	10350	10383	10506	10296	11665	11377	11857	9302	9485
22:17:40	37.0	11157	10638	10543	10454	10423	10278	10453	10431	10400	10407	10425	10506	11042	11537	11512	10347	10381	10356	10333	10381	10383	10531	10526	10897	10539	10752	10835	12973	12621	12217	11010	11030	11058	10490	11496	11512	10598	11008	10689	11689	10841	10920	12665	13002	11998	11035	11214	10684	9620	9806	9587	9595	9530	9372	9342	9522	10584	9484	9430	10678	10232	10240	10406	11251	10362	10345	10539	10558	10395	11502	11507	11894	9405	9510
22:21:40	37.0	11095	10670	10544	10460	10460	10320	10402	10413	10484	10466	10581	10517	10949	11447	11489	10387	10485	10356	10477	10366	10353	10433	10577	10984	10658	10843	10859	12921	12727	12194	11070	11123	10972	10376	11460	11378	10612	11028	10699	11765	10908	10861	12568	13106	11982	11044	11275	10768	9559	9842	9628	9592	9484	9450	9368	9498	10591	9497	9441	10595	10136	10335	10420	11195	10539	10349	10391	10585	10415	11534	11505	12003	9425	9593
22:25:40	37.0	11069	10563	10612	10405	10441	10303	10485	10487	10398	10400	10561	10725	11022	11487	11632	10348	10346	10300	10362	10405	10345	10397	10600	10949	10578	10784	10902	12901	12614	12148	11080	11072	10905	10468	11465	11405	10626	11082	10735	11751	10938	10837	12745	13087	11932	11197	11231	10871	9612	9823	9637	9715	9408	9395	9249	9482	10582	9422	9397	10674	10276	10258	10475	11297	10495	10301	10561	10613	10423	11624	11537	12054	9396	9519
22:29:40	37.0	11061	10499	10549	10481	10435	10504	10450	10322	10427	10409	10519	10606	10998	11734	11553	10438	10373	10366	10449	10473	10434	10432	10630	10976	10629	10884	10932	12910	12454	12173	11185	10954	10959	10238	11513	11467	10607	11032	10764	11912	10852	10912	12662	13101	12097	11029	11250	10852	9601	9826	9625	9760	9506	9361	9296	9523	10592	9507	9444	10686	10295	10376	10413	11337	10501	10409	10462	10544	10362	11563	11567	11887	9412	9531
22:33:40	37.0	11004	10622	10581	10417	10307	10415	10452	10389	10483	10506	10502	10551	11044	11585	11612	10360	10434	10312	10389	10362	10323	10348	10518	10976	10718	10957	10795	13008	12714	12029	11008	10999	10897	10434	11585	11516	10622	11033	10894	11863	10993	10879	12724	13077	12053	11150	11183	10759	9592	9730	9541	9725	9576	9395	9462	9450	10754	9526	9401	10741	10210	10410	10432	11324	10416	10312	10419	10665	10367	11682	11511	11976	9414	9534
22:37:40	37.0	11024	10659	10601	10370	10343	10373	10475	10398	10428	10373	10577	10559	11064	11549	11611	10392	10449	10314	10504	10529	10434	10421	10567	10918	10594	10802	10826	13029	12707	12136	11120	11034	10920	10396	11490	11461	10607	11000	10845	11853	10915	10965	12670	13178	11988	11001	11400	10786	9520	9708	9650	9602	9467	9416	9434	9408	10704	9597	9439	10501	10276	10392	10418	11247	10448	10247	10467	10522	10410	11653	11512	12073	9253	9516
22:41:40	37.0	11059	10689	10550	10482	10381	10417	10496	10436	10434	10469	10553	10524	11039	11509	11581	10343	10453	10382	10368	10407	10284	10471	10513	10938	10785	10914	10849	13005	12704	12277	11004	11069	10950	10374	11540	11418	10644	11042	10896	11879	11106	10880	12681	13020	12105	11128	11196	10814	9552	9746	9721	9583	9525	9487	9419	9411	10693	9548	9462	10606	10174	10320	10412	11301	10356	10320	10467	10541	10393	11508	11554	11979	9408	9633
22:45:40	37.0	11092	10518	10593	10496	10426	10378	10301	10437	10331	10415	10553	10670	10926	11592	11671	10447	10381	10416	10319	10300	10291	10357	10561	11078	10680	10980	10882	12959	12715	12185	11036	10884	11007	10254	11463	11281	10587	11014	10790	11936	11054	10946	12646	13066	12109	11177	11318	10764	9542	9668	9632	9559	9511	9483	9335	9475	10689	9525	9442	10606	10323	10280	10322	11409	10487	10265	10490	10533	10308	11755	11554	11993	9479	9658
22:49:40	37.0	11020	10679	10554	10369	10530	10386	10401	10339	10440	10488	10608	10646	11131	11545	11598	10306	10390	10429	10270	10368	10387	10383	10420	10988	10691	10924	10835	13124	12616	12320	11084	11088	11023	10333	11447	11357	10609	11070	10894	11876	10880	11107	12686	13237	12134	11125	11295	10751	9592	9770	9624	9704	9538	9307	9460	9489	10676	9506	9409	10518	10296	10340	10234	11372	10402	10318	10478	10488	10417	11682	11403	12116	9509	9621
22:53:40	37.0	11021	10551	10584	10493	10427	10396	10426	10487	10395	10515	10515	10482	10915	11601	11616	10472	10432	10358	10317	10346	10312	10407	10672	11025	10669	10825	11009	13056	12829	12239	11047	11106	11096	10399	11558	11394	10654	11072	10963	11990	10880	10998	12705	13117	12048	11116	11359	10799	9593	9771	9684	9620	9585	9390	9389	9527	10772	9551	9507	10610	10213	10381	10458	11324	10531	10364	10393	10597	10361	11644	11601	12078	9426	9575
22:57:40	37.0	11087	10522	10651	10479	10423	10409	10411	10603	10393	10527	10573	10560	11070	11637	11770	10488	10386	10387	10393	10331	10404	10364	10575	11164	10841	10758	10833	13152	12822	12331	11068	11120	11011	10398	11646	11447	10625	11176	10860	12040	10923	10944	12682	13120	12209	11144	11444	10759	9675	9821	9629	9747	9534	9466	9452	9449	10690	9580	9466	10671	10316	10441	10441	11346	10536	10348	10512	10482	10474	11752	11637	12102	9513	9590
23:01:40	37.0	11191	10692	10710	10487	10322	10375	10445	10521	10474	10540	10562	10622	11040	11638	11677	10381	10452	10462	10376	10401	10331	10425	10629	10907	10787	10903	10813	13063	12795	12272	11178	11215	10967	10370	11493	11470	10682	11026	10976	11911	10919	10881	12711	13011	12181	11216	11473	10820	9564	9776	9599	9670	9636	9437	9391	9526	10826	9585	9479	10684	10450	10377	10390	11409	10402	10313	10471	10524	10388	11828	11682	12193	9415	9514
23:05:40	37.0	11278	10631	10632	10354	10379	10333	10587	10446	10406	10422	10630	10680	11186	11636	11635	10381	10358	10278	10366	10504	10354	10522	10552	10984	10688	10875	10942	13183	12768	12293	11045	11172	11066	10354	11430	11502	10687	11006	10847	12131	11080	10915	12752	13139	12164	11124	11271	10798	9591	9786	9787	9629	9465	9498	9276	9577	10709	9657	9475	10632	10196	10531	10455	11398	10498	10346	10459	10511	10362	11822	11617	12215	9524	9622
23:09:40	37.0	11134	10731	10712	10471	10400	10352	10569	10398	10534	10589	10614	10618	11146	11700	11766	10335	10412	10421	10311	10418	10375	10508	10647	10911	10894	10885	10977	13140	12864	12153	11211	11129	11034	10347	11513	11477	10737	11131	10986	11942	11075	11009	12748	13238	12153	11310	11456	10792	9498	9817	9688	9678	9490	9437	9466	9555	10810	9601	9474	10652	10366	10384	10448	11421	10543	10354	10388	10535	10422	11799	11786	12161	9459	9648
23:13:40	37.0	11101	10640	10660	10507	10521	10381	10514	10600	10389	10624	10658	10540	11037	11593	11786	10423	10504	10373	10472	10384	10335	10398	10629	10988	10717	10985	10823	13134	12876	12332	11149	11110	11053	10486	11689	11535	10683	11056	11091	11980	11052	11078	12723	13070	12071	11293	11449	10757	9563	9852	9655	9695	9553	9344	9371	9625	10669	9442	9467	10715	10276	10406	10500	11463	10506	10324	10554	10548	10464	12020	11610	12233	9483	9611
23:17:40	37.0	11245	10666	10663	10502	10391	10409	10438	10516	10568	10420	10644	10689	11003	11637	11918	10454	10485	10432	10417	10467	10419	10491	10525	10995	10826	10940	10886	13234	12865	12321	11093	11247	11124	10399	11567	11539	10723	11114	10922	12039	11101	11142	12715	13179	12292	11288	11552	10870	9621	9825	9800	9682	9507	9446	9367	9511	10681	9563	9363	10570	10311	10377	10423	11418	10487	10440	10415	10583	10375	11902	11648	12174	9513	9662
23:21:40	37.0	11142	10651	10610	10582	10493	10436	10476	10490	10445	10487	10616	10677	11101	11741	11671	10403	10448	10516	10398	10570	10455	10433	10560	10906	10763	10903	10868	13352	12792	12376	11229	11185	11106	10475	11620	11505	10682	11185	10954	11957	11103	11073	12767	13159	12224	11304	11463	10654	9644	9828	9719	9693	9543	9429	9541	9618	10796	9657	9396	10621	10310	10524	10432	11377	10434	10319	10476	10642	10451	11840	11718	12244	9462	9569
23:25:40	37.0	11081	10808	10714	10408	10499	10400	10383	10512	10507	10596	10620	10690	11054	11806	11761	10356	10539	10495	10445	10366	10353	10461	10676	11012	10868	10973	10928	13243	12980	12373	11253	11249	10915	10544	11661	11480	10879	11158	10867	12003	11151	11076	12841	13389	12277	11240	11353	10732	9620	9796	9785	9695	9510	9530	9513	9519	10893	9572	9531	10655	10412	10500	10463	11345	10457	10398	10568	10637	10469	11965	11787	12291	9459	9483
23:29:40	37.0	11097	10682	10726	10517	10426	10517	10462	10623	10519	10656	10707	10657	11094	11678	11716	10306	10458	10541	10523	10465	10387	10550	10630	11026	10813	10831	10965	13162	12862	12445	11310	11286	11101	10430	11541	11457	10819	11269	11057	12085	11031	11141	12949	13270	12154	11286	11459	10683	9572	9816	9724	9584	9536	9482	9445	9601	10771	9457	9552	10616	10278	10508	10479	11356	10447	10393	10417	10619	10563	11918	11841	12344	9514	9691
23:33:40	37.0	11140	10736	10639	10646	10399	10474	10569	10545	10529	10482	10596	10712	11004	11641	11796	10443	10533	10417	10497	10349	10322	10478	10586	10885	10787	10954	11039	13445	12933	12409	11241	11261	11108	10404	11502	11384	10854	11264	11008	12159	11137	11119	12884	13249	12312	11367	11574	10846	9697	9764	9730	9680	9586	9442	9357	9591	10781	9547	9484	10623	10216	10486	10453	11349	10535	10376	10541	10474	10362	11957	11861	12210	9462	9646
23:37:40	37.0	11188	10661	10656	10550	10487	10530	10650	10495	10564	10685	10780	10666	10936	11724	11815	10368	10496	10406	10481	10416	10504	10525	10539	10927	10805	11020	10941	13324	12892	12432	11224	11232	11078	10493	11485	11371	10715	11283	11114	12132	11138	11096	12920	13374	12303	11347	11566	10797	9557	9907	9755	9577	9659	9410	9351	9588	10853	9599	9507	10745	10337	10459	10529	11308	10595	10383	10489	10598	10373	11912	11791	12162	9453	9667
23:41:40	37.0	11203	10688	10846	10558	10468	10481	10554	10547	10439	10553	10634	10637	11106	11828	11818	10364	10603	10497	10492	10454	10451	10417	10718	11001	10818	10922	10954	13382	13003	12453	11332	11296	11048	10394	11730	11434	10730	11324	11122	12101	11128	11128	12906	13370	12263	11354	11528	10819	9732	9883	9769	9639	9555	9445	9311	9644	10826	9551	9450	10713	10253	10383	10483	11358	10355	10364	10468	10507	10595	12007	11898	12301	9539	9661
23:45:40	37.0	11145	10628	10742	10539	10521	10507	10581	10508	10551	10510	10648	10636	11119	11683	11809	10469	10552	10535	10425	10491	10445	10525	10652	10980	10840	11008	11039	13341	13043	12460	11344	11280	11023	10314	11505	11517	10840	11424	11075	12093	11070	11053	12930	13359	12384	11416	11581	10784	9628	9806	9751	9613	9566	9589	9502	9544	10866	9574	9472	10643	10295	10346	10456	11364	10469	10447	10502	10551	10590	12041	11906	12311	9421	9704
23:49:40	37.0	11149	10702	10780	10412	10497	10342	10445	10524	10537	10558	10655	10744	11025	11735	11902	10467	10433	10349	10387	10409	10413	10577	10696	10950	10804	11076	11049	13413	13057	12518	11336	11309	10995	10454	11639	11452	10764	11182	11177	12110	11168	11211	12906	13438	12305	11416	11556	10751	9585	9779	9733	9678	9535	9473	9428	9588	10951	9630	9541	10604	10328	10277	10573	11393	10419	10479	10539	10583	10551	11947	11873	12341	9435	9655
23:53:40	37.0	11221	10768	10770	10512	10390	10474	10598	10472	10508	10565	10603	10634	11064	11796	11861	10477	10477	10450	10477	10427	10418	10510	10637	10969	10697	10952	10999	13427	12981	12604	11198	11379	11054	10411	11611	11582	10812	11273	10967	12258	11078	11045	12755	13435	12327	11445	11543	10855	9711	9838	9796	9778	9563	9584	9493	9582	10821	9622	9553	10593	10294	10394	10463	11254	10315	10382	10528	10575	10383	11976	12067	12422	9496	9681
23:57:40	37.0	11206	10723	10680	10453	10544	10447	10499	10533	10495	10604	10635	10700	11103	11748	11826	10379	10381	10459	10439	10390	10439	10478	10606	10961	10984	11050	11054	13492	12990	12539	11262	11375	11101	10493	11436	11546	10922	11197	11146	12010	11010	11208	12937	13384	12201	11323	11591	10700	9584	9802	9723	9605	9570	9518	9380	9554	10893	9655	9618	10746	10346	10400	10431	11303	10486	10447	10445	10587	10562	12022	11825	12427	9467	9625
24:01:40	37.0	11101	10784	10723	10592	10418	10455	10576	10625	10643	10457	10674	10620	11230	11799	11944	10471	10490	10465	10426	10501	10356	10530	10645	10910	10866	11157	10984	13293	13129	12382	11350	11337	11194	10406	11533	11571	10886	11309	11064	12035	11144	11074	12884	13538	12304	11362	11617	10924	9604	9892	9858	9697	9544	9613	9510	9525	10955	9662	9539	10693	10294	10494	10408	11322	10389	10451	10589	10591	10533	12216	11946	12350	9467	9689

BFP and GFP:485,510

Time	T° BFP and GFP:485,510	B1	B2	B3	B4	B5	B6	B7	B8	B9	B10	B11	B12	C1	C2	C3	C4	C5	C6	C7	C8	C9	C10	C11	C12	D1	D2	D3	D4	D5	D6	D7	D8	D9	D10	D11	D12	E1	E2	E3	E4	E5	E6	E7	E8	E9	E10	E11	E12	F1	F2	F3	F4	F5	F6	F7	F8	F9	F10	F11	F12	G1	G2	G3	G4	G5	G6	G7	G8	G9	G10	G11	G12	H11	H12
0:02:26	37.1	1594	1630	1673	1620	1634	1599	1610	1570	1594	1628	1682	1670	1507	1479	1492	1607	1609	1609	1604	1568	1595	1602	1596	1652	1559	1512	1628	1440	1482	1433	1641	1484	1628	1615	1658	1653	1656	1600	1545	1605	1601	1524	1455	1444	1534	1535	1650	1696	1591	1541	1570	1503	1525	1579	1561	1456	1399	1514	1598	1684	1527	1640	1501	1575	1588	1593	1564	1589	1501	1483	1487	1651	1545	1647
0:06:26	37.0	1727	1789	1732	1738	1748	1717	1703	1662	1708	1750	1680	1783	1667	1505	1541	1669	1699	1733	1713	1625	1684	1695	1671	1803	1675	1628	1676	1486	1481	1448	1664	1587	1661	1679	1717	1712	1732	1677	1704	1677	1718	1573	1490	1506	1542	1728	1621	1807	1708	1691	1655	1569	1605	1600	1692	1480	1492	1668	1613	1740	1612	1762	1639	1664	1718	1724	1651	1624	1560	1511	1541	1674	1685	1657
0:10:26	37.0	1793	1835	1819	1808	1862	1759	1783	1720	1805	1843	1712	1851	1730	1522	1565	1664	1746	1775	1771	1700	1759	1749	1703	1806	1705	1670	1801	1493	1482	1467	1713	1664	1715	1715	1791	1747	1764	1724	1707	1701	1710	1661	1516	1519	1585	1706	1696	1824	1798	1706	1660	1629	1680	1729	1783	1487	1439	1632	1676	1813	1660	1682	1719	1735	1765	1756	1756	1719	1537	1520	1539	1700	1733	1670
0:14:26	37.0	1841	1879	1862	1896	1878	1824	1837	1762	1840	1891	1800	1922	1766	1513	1510	1749	1739	1836	1776	1692	1826	1801	1761	1864	1765	1722	1804	1513	1509	1443	1726	1687	1731	1783	1829	1785	1841	1751	1749	1784	1744	1660	1502	1507	1685	1721	1733	1875	1785	1775	1725	1617	1718	1750	1798	1485	1446	1722	1701	1857	1671	1658	1766	1749	1823	1865	1784	1755	1624	1529	1512	1659	1765	1678
0:18:26	37.0	1913	1932	1956	1889	1937	1907	1908	1823	1901	1961	1786	1952	1834	1538	1551	1731	1840	1859	1894	1792	1851	1880	1817	1910	1825	1766	1880	1481	1499	1505	1751	1728	1828	1790	1883	1836	1890	1896	1821	1846	1824	1693	1504	1464	1651	1797	1762	1948	1906	1851	1773	1715	1815	1796	1899	1551	1482	1757	1741	1885	1696	1733	1859	1783	1905	1857	1923	1805	1662	1519	1511	1672	1805	1671
0:22:26	37.0	1908	2062	1982	1918	2004	1923	1947	1874	1942	1980	1880	1966	1810	1492	1542	1795	1934	1978	1882	1783	1851	1883	1841	1959	1857	1759	1933	1481	1478	1496	1845	1778	1852	1843	1906	1887	1903	1873	1828	1907	1885	1691	1492	1440	1679	1819	1756	2002	1935	1881	1806	1715	1812	1887	1926	1644	1489	1814	1779	1909	1741	1731	1829	1811	1909	1917	1931	1848	1654	1528	1476	1707	1852	1635
0:26:26	37.0	1892	2014	1973	2000	1993	1889	1977	1969	2003	2056	1904	2056	1850	1539	1531	1810	1966	1983	1978	1868	1881	1944	1892	1960	1869	1833	1917	1458	1486	1451	1820	1795	1835	1894	1963	1868	1954	1930	1874	1880	1926	1739	1477	1460	1723	1842	1765	2069	1965	1941	1851	1763	1830	1850	1906	1693	1472	1796	1790	1977	1762	1783	1925	1810	1937	1957	1914	1882	1710	1522	1557	1655	1840	1662
0:30:26	37.0	1965	2055	2105	2054	2144	1954	2047	1943	2021	2091	1917	2048	1862	1528	1533	1854	1968	2085	1982	1875	1907	1949	1912	2007	1860	1843	1976	1509	1509	1448	1848	1809	1898	1924	2010	1890	2002	1934	1889	1906	1947	1800	1486	1454	1729	1860	1910	2060	1987	1990	1876	1705	1895	1899	2033	1691	1462	1833	1879	1960	1740	1804	1901	1874	1997	2010	1988	1893	1709	1526	1562	1671	1846	1677
0:34:26	37.0	1989	2124	2137	2059	2107	2015	2068	1976	2050	2139	1974	2063	1876	1522	1523	1867	2020	2078	2051	1881	1994	1974	1883	2035	1908	1902	2007	1463	1487	1470	1938	1807	1914	1972	2021	1924	2027	1967	1925	1928	1943	1774	1464	1480	1746	1849	1865	2074	1991	1950	1896	1754	1966	1916	1996	1714	1461	1839	1856	2032	1765	1782	1947	1899	2020	2031	1998	1882	1725	1497	1521	1683	1867	1662
0:38:26	37.0	2011	2128	2118	2091	2112	2020	2084	1976	2040	2138	1954	2099	1890	1535	1541	1842	2081	2107	2078	1962	1968	2053	1919	2052	1919	1893	2060	1518	1460	1467	1910	1838	1934	1940	2023	1945	1723	1941	1950	1948	2041	1787	1494	1449	1727	1885	1872	2100	2053	2018	1901	1804	1984	1969	2049	1694	1437	1852	1916	1975	1780	1820	1985	1910	2032	2037	2021	1886	1715	1515	1545	1703	1845	1679
0:42:26	37.0	1956	2145	2135	2084	2166	1974	2099	2020	2033	2109	1980	2089	1868	1550	1556	1860	2055	2148	2031	1934	1981	1978	1939	2007	1944	1908	2112	1498	1460	1471	1901	1846	1966	2001	2041	1932	1703	1927	1954	1951	2050	1822	1497	1469	1725	1922	1848	2147	2019	1999	1897	1818	2003	2003	2068	1736	1462	1870	1856	1991	1817	1853	1914	1889	2035	2015	2049	1889	1745	1485	1518	1695	1855	1662
0:46:26	37.0	2033	2119	2180	2051	2109	1969	2106	1992	2081	2112	1961	2046	1924	1494	1549	1873	2108	2129	2046	1985	2016	1977	1910	2013	1933	1867	2054	1483	1498	1469	1940	1879	1980	2008	2060	1926	1710	2002	1987	1961	2055	1812	1462	1468	1729	1898	1914	2122	1997	2110	1918	1839	1972	2018	2079	1727	1486	1854	1915	2060	1799	1853	1946	1918	2031	2018	2025	1914	1743	1525	1523	1673	1909	1681
0:50:26	37.0	2045	2153	2200	2072	2149	2032	2123	1975	2041	2113	1991	2041	1921	1537	1545	1833	2103	2180	2041	1970	2022	2101	1952	2059	1938	1941	2080	1507	1514	1472	1917	1850	1985	1980	2158	1952	1675	1989	1948	1977	2065	1825	1484	1468	1752	1941	1833	2136	2071	2070	1969	1824	1990	1951	2157	1766	1468	1873	1895	2029	1833	1820	2001	1957	2026	2103	2056	1945	1762	1554	1555	1689	1884	1707
0:54:26	37.0	2049	2159	2161	2084	2114	1991	2114	2008	2059	2156	1984	2048	1907	1498	1542	1921	2028	2117	2081	2002	2010	2023	1933	2070	1899	1947	2064	1492	1498	1485	1915	1895	1922	2004	1996	1945	1715	1970	1922	1948	2008	1794	1463	1479	1773	1928	1862	2145	2052	2025	1901	1814	2037	2039	2086	1698	1455	1937	1914	2002	1793	1848	1955	1910	2062	2064	2024	1946	1728	1535	1540	1682	1929	1676
0:58:26	37.0	2024	2113	2140	2089	2168	1986	2113	1997	2076	2190	1958	2072	1958	1499	1555	1848	2043	2156	2078	1980	2010	2036	1935	2056	1878	1894	2098	1504	1470	1493	1980	1874	1990	2007	2041	1914	1706	1961	1950	2040	2053	1850	1484	1512	1747	1900	1866	2124	2056	2024	1943	1789	2057	1987	2066	1722	1486	1931	1849	2057	1716	1838	1946	1887	2069	2071	2023	1898	1732	1490	1495	1698	1934	1691
1:02:26	37.0	2004	2157	2087	2043	2138	2022	2098	1920	2085	2162	1918	2054	1870	1503	1541	1864	2084	2130	2046	1907	2020	1995	1914	2096	1909	1878	2076	1517	1472	1501	1966	1898	1950	1944	2043	1892	1679	2032	1955	1972	2063	1822	1526	1458	1765	1897	1861	2124	2002	1987	1960	1828	1994	1952	2047	1704	1496	1928	1875	2065	1781	1833	1930	1890	2019	2059	2000	1920	1699	1498	1521	1702	1870	1692
1:06:26	36.9	1955	2132	2115	2001	2103	2002	2066	1957	2046	2132	1958	2020	1854	1518	1522	1858	2031	2144	2035	1947	1965	2003	1888	2028	1877	1902	2073	1492	1451	1469	1904	1892	1906	1922	2044	1874	1727	1959	1911	1957	2031	1809	1452	1472	1748	1922	1890	2121	1973	2057	1949	1738	1947	1966	2014	1698	1487	1845	1886	2014	1766	1822	1958	1880	2017	2013	2019	1910	1744	1541	1541	1691	1847	1702
1:10:26	37.0	1920	2061	2102	2046	2080	1952	2045	1976	1971	2098	1916	2079	1868	1513	1522	1842	2054	2118	2057	1919	1987	2011	1912	1991	1821	1879	2071	1497	1493	1485	1895	1875	1926	2011	2034	1897	1651	1985	1891	2005	2013	1742	1460	1451	1739	1876	1917	2106	1975	2040	1897	1743	1949	1971	2044	1720	1483	1847	1869	1989	1717	1793	1941	1880	2041	2007	1990	1946	1708	1518	1500	1669	1846	1667
1:14:26	37.0	1952	2077	2090	2019	2091	1966	2003	1943	2016	2035	1929	2001	1865	1493	1541	1832	1993	2085	2006	1894	1938	1981	1863	1969	1876	1846	2109	1466	1465	1448	1861	1842	1946	1957	1993	1883	1678	1914	1926	1896	1981	1756	1458	1503	1747	1822	1831	2081	1960	1964	1865	1783	1919	1933	2060	1681	1447	1829	1869	1962	1769	1805	1897	1882	1927	2000	2007	1944	1715	1493	1514	1695	1796	1691
1:18:26	37.0	1914	2001	2057	1921	2039	1918	2007	1955	2027	2022	1869	2054	1869	1506	1508	1858	1957	2140	1991	1840	1899	1957	1855	1986	1880	1841	2007	1497	1491	1467	1859	1794	1904	1908	1994	1837	1676	1962	1861	1894	1982	1769	1484	1457	1723	1808	1820	2048	1952	1955	1893	1738	1938	1867	1978	1676	1453	1836	1854	2000	1748	1765	1900	1852	1987	1980	1960	1804	1711	1521	1506	1673	1858	1637
1:22:26	37.0	1932	2035	2014	2000	2011	1956	1972	1887	1985	2038	1896	2003	1798	1492	1524	1785	1981	2094	2024	1883	1935	1983	1895	1976	1867	1845	2043	1481	1472	1461	1876	1781	1906	1836	2004	1880	1646	1931	1864	1884	1962	1776	1456	1460	1677	1862	1819	2070	1953	2001	1855	1805	1948	1923	1955	1663	1434	1834	1837	1903	1707	1761	1895	1817	2021	1982	1942	1823	1682	1505	1490	1702	1824	1646
1:26:26	37.0	1879	2058	2026	1960	1977	1857	1930	1855	1926	1996	1867	1997	1806	1478	1537	1794	1883	2009	1935	1883	1899	1891	1835	1899	1769	1792	2008	1478	1435	1471	1854	1797	1867	1871	1957	1840	1633	1890	1870	1927	1909	1747	1508	1443	1700	1809	1762	2021	1887	1949	1815	1765	1925	1862	1928	1708	1448	1776	1854	1942	1678	1798	1811	1801	1930	1965	1939	1879	1649	1498	1500	1616	1778	1615
1:30:26	37.0	1813	1971	1939	1875	1975	1857	1940	1813	1949	1947	1838	1942	1776	1490	1512	1760	1897	2055	1930	1829	1863	1913	1817	1892	1799	1841	1955	1482	1451	1412	1884	1768	1872	1875	1908	1832	1603	1862	1827	1902	1882	1700	1488	1470	1717	1787	1799	1954	1883	1868	1784	1695	1840	1849	1964	1645	1456	1830	1793	1847	1671	1751	1840	1795	1908	1929	1895	1816	1656	1518	1482	1651	1787	1639
1:34:26	37.0	1825	1962	1941	1879	2025	1816	1899	1834	1871	1934	1847	1925	1854	1469	1501	1756	1921	1942	1855	1799	1877	1878	1810	1918	1802	1772	1901	1474	1444	1455	1822	1742	1872	1845	1935	1874	1617	1893	1827	1829	1884	1733	1469	1481	1734	1789	1776	2025	1853	1895	1769	1729	1831	1850	1924	1694	1448	1794	1800	1845	1699	1758	1797	1808	1907	1929	1895	1800	1663	1501	1510	1653	1766	1601
1:38:26	37.0	1791	1915	1919	1847	1869	1798	1899	1779	1878	1927	1840	1865	1758	1459	1518	1770	1880	1925	1887	1824	1807	1830	1780	1845	1745	1697	1930	1458	1463	1423	1853	1758	1803	1845	1900	1826	1644	1837	1792	1785	1878	1722	1443	1453	1678	1809	1723	1956	1845	1847	1738	1682	1774	1791	1845	1606	1469	1744	1754	1819	1667	1706	1819	1770	1890	1849	1856	1769	1631	1549	1479	1674	1734	1604
1:42:26	37.0	1790	1894	1887	1826	1877	1775	1831	1793	1823	1862	1752	1842	1693	1495	1521	1704	1812	1894	1856	1743	1790	1811	1735	1869	1716	1751	1877	1456	1455	1474	1774	1741	1815	1798	1868	1767	1618	1804	1761	1824	1852	1676	1439	1429	1624	1768	1731	1967	1779	1838	1725	1641	1783	1772	1878	1528	1427	1743	1721	1826	1620	1657	1752	1698	1873	1869	1751	1735	1618	1538	1475	1592	1746	1610
1:46:26	37.0	1763	1868	1871	1782	1853	1791	1773	1759	1815	1842	1732	1868	1690	1448	1496	1710	1820	1888	1816	1729	1764	1791	1704	1804	1741	1724	1870	1457	1447	1403	1788	1715	1816	1757	1857	1735	1582	1768	1759	1842	1810	1653	1476	1453	1646	1730	1758	1896	1764	1815	1751	1668	1745	1741	1801	1575	1435	1677	1725	1805	1626	1660	1744	1705	1826	1807	1825	1766	1595	1502	1507	1617	1687	1637
1:50:26	37.0	1732	1806	1876	1821	1866	1743	1811	1710	1821	1843	1749	1817	1683	1463	1525	1648	1788	1882	1749	1698	1765	1789	1694	1809	1721	1713	1830	1491	1456	1424	1735	1686	1787	1746	1821	1797	1598	1745	1741	1770	1813	1640	1483	1435	1639	1718	1678	1893	1739	1751	1679	1619	1690	1752	1798	1557	1426	1712	1682	1771	1614	1626	1681	1720	1819	1827	1744	1729	1587	1453	1490	1611	1669	1610
1:54:26	37.0	1781	1839	1837	1757	1801	1684	1754	1736	1803	1751	1697	1804	1664	1495	1526	1626	1768	1792	1725	1734	1733	1774	1668	1778	1721	1676	1821	1481	1434	1427	1734	1662	1721	1698	1752	1754	1603	1717	1709	1728	1792	1654	1430	1474	1597	1690	1679	1866	1720	1715	1681	1676	1718	1714	1737	1531	1428	1699	1679	1765	1628	1637	1697	1634	1795	1771	1790	1685	1567	1452	1503	1589	1671	1594
1:58:26	37.0	1719	1779	1770	1737	1786	1665	1765	1696	1718	1760	1675	1768	1670	1440	1489	1635	1701	1802	1750	1649	1760	1733	1692	1748	1657	1702	1771	1453	1444	1433	1705	1647	1712	1673	1851	1741	1565	1730	1715	1749	1743	1627	1450	1423	1629	1672	1689	1860	1704	1705	1654	1589	1618	1715	1731	1503	1462	1682	1667	1769	1653	1638	1646	1678	1771	1757	1736	1690	1569	1478	1452	1588	1611	1580
2:02:26	37.0	1666	1800	1780	1704	1812	1706	1734	1690	1674	1745	1656	1805	1645	1434	1460	1633	1696	1764	1705	1712	1672	1722	1660	1748	1657	1651	1775	1470	1443	1424	1680	1641	1683	1684	1767	1694	1562	1731	1677	1736	1766	1588	1438	1415	1594	1609	1633	1836	1664	1680	1627	1601	1666	1651	1701	1519	1455	1631	1684	1778	1585	1628	1669	1636	1754	1740	1703	1677	1574	1439	1454	1592	1635	1584
2:06:26	37.0	1689	1754	1780	1763	1781	1673	1782	1699	1731	1700	1653	1717	1630	1463	1460	1602	1710	1791	1717	1640	1732	1751	1656	1752	1640	1681	1735	1449	1416	1434	1695	1627	1681	1623	1787	1740	1576	1678	1642	1759	1726	1613	1451	1435	1574	1675	1671	1832	1658	1634	1645	1577	1633	1649	1643	1516	1474	1624	1601	1740	1565	1621	1636	1626	1677	1697	1711	1719	1533	1460	1446	1592	1633	1546
2:10:26	37.0	1693	1727	1765	1709	1699	1671	1750	1739	1666	1740	1631	1760	1669	1478	1423	1597	1700	1766	1739	1659	1670	1686	1631	1727	1610	1602	1753	1439	1443	1467	1659	1592	1642	1634	1756	1702	1547	1683	1656	1629	1693	1576	1451	1444	1553	1630	1612	1840	1652	1656	1607	1559	1606	1626	1627	1482	1379	1613	1587	1735	1572	1568	1641	1603	1635	1701	1670	1609	1531	1441	1452	1594	1623	1579
2:14:26	37.0	1683	1718	1737	1697	1723	1641	1641	1666	1675	1655	1602	1772	1672	1470	1465	1619	1705	1722	1675	1627	1697	1703	1639	1723	1658	1639	1738	1498	1456	1427	1617	1587	1631	1631	1717	1659	1516	1687	1615	1644	1671	1614	1455	1439	1561	1642	1615	1802	1585	1622	1571	1559	1632	1603	1676	1440	1421	1584	1613	1707	1554	1564	1587	1579	1644	1720	1669	1669	1488	1459	1449	1584	1634	1543
2:18:26	37.0	1641	1684	1705	1667	1697	1630	1676	1700	1646	1714	1587	1731	1633	1447	1477	1588	1651	1707	1647	1624	1664	1676	1658	1744	1634	1645	1726	1439	1426	1444	1617	1631	1631	1610	1728	1711	1518	1635	1648	1648	1653	1574	1422	1477	1535	1611	1627	1820	1605	1586	1585	1547	1589	1591	1632	1444	1444	1573	1595	1742	1557	1553	1566	1559	1638	1643	1602	1585	1514	1396	1464	1593	1588	1562
2:22:26	37.0	1616	1674	1683	1684	1669	1629	1679	1651	1621	1631	1591	1707	1589	1443	1512	1578	1635	1685	1636	1552	1637	1616	1582	1735	1594	1602	1685	1442	1500	1451	1615	1602	1596	1614	1637	1695	1544	1664	1596	1620	1626	1547	1449	1427	1527	1599	1576	1782	1594	1579	1549	1497	1548	1617	1577	1430	1409	1573	1559	1700	1525	1540	1553	1521	1589	1585	1559	1612	1492	1456	1436	1533	1602	1553
2:26:26	37.0	1670	1711	1697	1637	1701	1616	1647	1624	1617	1640	1583	1657	1615	1447	1465	1548	1604	1657	1634	1608	1578	1645	1586	1752	1580	1653	1690	1446	1453	1440	1602	1578	1620	1562	1642	1686	1492	1628	1606	1622	1634	1542	1440	1432	1501	1552	1605	1802	1603	1567	1528	1523	1549	1546	1609	1454	1431	1564	1547	1734	1538	1534	1545	1534	1583	1593	1608	1531	1483	1448	1454	1519	1545	1538
2:30:26	37.0	1586	1663	1694	1681	1669	1650	1638	1599	1582	1642	1564	1718	1598	1437	1444	1596	1580	1662	1660	1579	1624	1618	1573	1722	1622	1594	1672	1455	1444	1437	1591	1543	1585	1580	1725	1684	1518	1644	1602	1616	1608	1556	1447	1434	1559	1594	1610	1783	1585	1556	1535	1475	1521	1528	1591	1418	1410	1563	1549	1686	1510	1516	1544	1530	1615	1560	1629	1544	1498	1431	1461	1562	1597	1534
2:34:26	37.0	1585	1671	1687	1608	1653	1604	1604	1588	1600	1648	1583	1727	1552	1451	1463	1543	1568	1635	1632	1570	1595	1569	1575	1677	1596	1591	1625	1486	1421	1408	1562	1521	1555	1603	1656	1601	1534	1642	1576	1605	1630	1554	1430	1419	1502	1564	1557	1717	1523	1554	1513	1513	1507	1575	1603	1392	1404	1522	1511	1674	1493	1500	1511	1483	1551	1571	1505	1546	1479	1400	1417	1561	1579	1508
2:38:26	37.0	1583	1640	1660	1612	1717	1602	1609	1590	1586	1638	1561	1692	1585	1444	1445	1518	1560	1597	1595	1549	1574	1610	1565	1719	1612	1578	1622	1459	1437	1426	1523	1542	1576	1598	1629	1649	1524	1585	1561	1591	1619	1538	1449	1425	1509	1575	1541	1762	1549	1527	1503	1491	1522	1555	1498	1430	1414	1505	1497	1697	1467	1490	1468	1494	1533	1586	1504	1499	1501	1388	1410	1549	1555	1531
2:42:26	37.0	1586	1668	1635	1564	1643	1564	1624	1564	1589	1580	1550	1683	1555	1412	1468	1549	1562	1627	1603	1586	1539	1563	1535	1747	1618	1574	1644	1452	1433	1417	1537	1552	1549	1530	1658	1597	1538	1570	1591	1564	1617	1522	1413	1419	1531	1488	1537	1744	1488	1486	1527	1488	1453	1498	1497	1403	1406	1512	1509	1667	1461	1490	1479	1530	1569	1532	1535	1531	1494	1417	1467	1530	1552	1527
2:46:26	37.0	1594	1656	1648	1597	1672	1577	1581	1570	1586	1663	1556	1688	1572	1428	1468	1500	1552	1591	1601	1553	1588	1584	1555	1708	1584	1585	1619	1473	1484	1433	1568	1535	1569	1560	1589	1629	1553	1555	1567	1547	1563	1514	1422	1432	1503	1574	1548	1783	1497	1547	1522	1444	1461	1513	1518	1403	1408	1527	1508	1706	1521	1469	1518	1485	1519	1521	1507	1488	1456	1422	1434	1530	1558	1554
2:50:26	37.0	1624	1621	1641	1611	1600	1594	1612	1584	1582	1605	1536	1677	1591	1446	1468	1523	1531	1564	1594	1508	1575	1544	1510	1715	1583	1559	1635	1464	1450	1416	1576	1542	1543	1569	1584	1621	1506	1542	1542	1605	1543	1474	1436	1426	1522	1541	1537	1703	1499	1494	1471	1464	1492	1485	1522	1386	1415	1532	1467	1692	1469	1459	1476	1479	1518	1509	1504	1495	1476	1418	1408	1560	1545	1551
2:54:26	37.0	1583	1683	1616	1618	1624	1587	1603	1558	1570	1594	1533	1655	1604	1447	1489	1553	1534	1609	1498	1520	1580	1569	1525	1675	1580	1569	1616	1478	1450	1435	1545	1515	1559	1599	1578	1574	1508	1564	1597	1574	1538	1500	1460	1440	1517	1584	1560	1700	1509	1508	1458	1478	1468	1505	1493	1425	1411	1553	1482	1667	1477	1475	1463	1489	1483	1521	1497	1451	1443	1405	1397	1545	1550	1553
2:58:26	37.0	1580	1654	1670	1581	1602	1572	1615	1578	1564	1558	1583	1661	1589	1501	1463	1554	1525	1572	1567	1549	1553	1529	1492	1717	1567	1552	1621	1450	1456	1429	1542	1523	1535	1560	1578	1591	1485	1580	1601	1576	1554	1477	1433	1457	1495	1534	1532	1715	1456	1451	1468	1457	1417	1486	1541	1361	1427	1487	1492	1649	1433	1418	1418	1445	1470	1510	1487	1454	1441	1397	1392	1535	1559	1532
3:02:26	37.0	1626	1617	1653	1612	1624	1624	1610	1573	1579	1522	1557	1616	1566	1458	1472	1508	1558	1554	1546	1506	1553	1551	1550	1675	1623	1567	1599	1477	1443	1449	1525	1526	1542	1541	1572	1599	1533	1577	1563	1567	1514	1529	1447	1439	1549	1534	1573	1690	1527	1481	1460	1477	1449	1491	1546	1402	1411	1525	1478	1661	1454	1438	1460	1461	1494	1513	1491	1442	1464	1415	1416	1559	1543	1528
3:06:26	37.0	1600	1597	1649	1560	1608	1602	1588	1585	1561	1610	1540	1684	1591	1460	1489	1534	1570	1605	1544	1540	1539	1575	1537	1676	1595	1571	1624	1457	1448	1458	1559	1505	1576	1544	1600	1601	1543	1604	1587	1593	1549	1500	1454	1417	1503	1561	1537	1723	1501	1479	1473	1475	1490	1457	1484	1391	1399	1503	1461	1726	1463	1440	1449	1485	1477	1439	1472	1440	1439	1420	1370	1547	1574	1506
3:10:26	37.0	1591	1637	1607	1592	1589	1584	1541	1547	1566	1607	1561	1653	1581	1460	1438	1545	1569	1576	1530	1492	1550	1515	1552	1696	1593	1538	1592	1482	1461	1466	1530	1516	1563	1512	1618	1605	1553	1581	1569	1587	1550	1494	1426	1409	1502	1539	1576	1686	1459	1444	1449	1448	1392	1494	1488	1382	1404	1491	1485	1671	1474	1425	1426	1433	1474	1446	1460	1431	1429	1380	1388	1535	1542	1509
3:14:26	37.0	1590	1642	1698	1578	1633	1562	1618	1565	1558	1595	1570	1665	1559	1464	1499	1578	1564	1564	1570	1505	1560	1561	1539	1671	1589	1595	1582	1484	1453	1435	1529	1531	1575	1566	1645	1619	1552	1591	1522	1539	1543	1540	1454	1470	1532	1571	1544	1670	1452	1448	1463	1436	1445	1490	1492	1403	1401	1470	1504	1637	1433	1455	1443	1454	1457	1452	1452	1451	1435	1404	1373	1535	1570	1527
3:18:26	37.0	1580	1612	1622	1563	1596	1573	1597	1527	1552	1615	1550	1633	1582	1485	1505	1525	1531	1584	1560	1511	1553	1541	1538	1664	1566	1577	1608	1493	1482	1430	1544	1523	1548	1538	1585	1606	1553	1546	1540	1574	1533	1534	1445	1478	1520	1567	1548	1685	1487	1455	1436	1419	1425	1444	1516	1376	1387	1450	1466	1681	1443	1417	1415	1418	1421	1469	1431	1417	1413	1378	1400	1524	1538	1508
3:22:26	37.0	1549	1622	1591	1594	1617	1564	1561	1551	1588	1593	1562	1621	1609	1458	1481	1533	1554	1571	1557	1498	1549	1559	1500	1692	1559	1563	1575	1483	1494	1453	1531	1549	1552	1562	1600	1603	1546	1531	1557	1552	1523	1502	1452	1478	1510	1572	1533	1648	1462	1429	1464	1446	1470	1459	1476	1402	1420	1465	1472	1613	1463	1417	1420	1427	1457	1420	1442	1444	1398	1378	1410	1555	1526	1496
3:26:26	37.0	1591	1624	1627	1593	1578	1567	1552	1553	1577	1593	1560	1616	1608	1494	1503	1555	1527	1553	1574	1482	1549	1579	1518	1633	1599	1577	1564	1472	1482	1448	1552	1551	1529	1561	1581	1627	1518	1578	1543	1595	1567	1512	1419	1486	1485	1565	1568	1660	1477	1444	1437	1420	1410	1505	1483	1402	1418	1466	1498	1619	1471	1411	1406	1409	1425	1433	1422	1452	1406	1388	1419	1551	1528	1524
3:30:26	37.0	1565	1624	1662	1577	1585	1544	1572	1539	1564	1597	1520	1628	1593	1479	1486	1576	1543	1555	1534	1519	1542	1571	1572	1656	1557	1555	1597	1495	1451	1481	1556	1524	1511	1513	1575	1591	1483	1566	1541	1570	1571	1506	1450	1487	1501	1550	1532	1658	1433	1442	1455	1450	1410	1452	1503	1390	1414	1468	1427	1642	1449	1425	1390	1432	1414	1428	1428	1437	1389	1401	1410	1517	1524	1521
3:34:26	37.0	1549	1629	1582	1625	1605	1562	1580	1540	1541	1586	1560	1636	1605	1484	1511	1539	1511	1541	1507	1457	1539	1539	1493	1676	1596	1554	1626	1504	1489	1473	1536	1548	1553	1513	1619	1557	1527	1564	1536	1540	1513	1511	1461	1482	1494	1536	1591	1675	1478	1453	1420	1439	1410	1446	1483	1381	1380	1478	1447	1620	1452	1422	1430	1429	1412	1441	1420	1453	1402	1405	1389	1512	1512	1500
3:38:26	37.0	1591	1610	1634	1636	1582	1560	1525	1584	1557	1549	1498	1606	1578	1461	1512	1560	1521	1576	1574	1469	1514	1533	1533	1686	1555	1548	1599	1502	1518	1486	1501	1524	1548	1528	1579	1588	1534	1544	1588	1539	1556	1525	1502	1457	1537	1530	1572	1655	1435	1411	1439	1448	1446	1508	1473	1356	1425	1479	1444	1635	1409	1433	1415	1400	1452	1442	1411	1439	1424	1360	1415	1502	1493	1511
3:42:26	37.0	1538	1636	1612	1570	1559	1515	1550	1535	1506	1533	1517	1598	1546	1475	1500	1523	1485	1542	1501	1445	1515	1499	1497	1629	1549	1573	1577	1495	1483	1451	1482	1523	1536	1483	1584	1582	1527	1516	1573	1550	1533	1517	1442	1459	1483	1537	1560	1619	1404	1396	1434	1404	1400	1439	1432	1380	1377	1453	1454	1593	1432	1438	1396	1409	1428	1429	1414	1393	1375	1363	1398	1532	1492	1469
3:46:26	37.0	1568	1637	1602	1567	1568	1550	1537	1549	1552	1567	1516	1573	1553	1501	1540	1537	1482	1566	1503	1469	1484	1499	1489	1633	1572	1594	1626	1518	1479	1469	1522	1557	1562	1572	1567	1572	1542	1609	1576	1601	1531	1525	1465	1456	1518	1561	1578	1661	1420	1385	1450	1459	1399	1459	1478	1380	1407	1480	1469	1619	1426	1425	1447	1399	1413	1431	1375	1422	1399	1384	1401	1542	1495	1503
3:50:26	37.0	1590	1616	1623	1592	1557	1529	1542	1512	1514	1530	1525	1575	1596	1504	1513	1540	1498	1522	1551	1460	1512	1537	1528	1603	1584	1559	1557	1518	1479	1475	1520	1535	1547	1495	1628	1537	1509	1562	1580	1575	1565	1500	1457	1457	1474	1527	1560	1623	1441	1426	1419	1413	1404	1422	1440	1377	1411	1467	1457	1607	1453	1421	1386	1405	1429	1422	1381	1396	1345	1416	1383	1549	1477	1508
3:54:26	37.0	1610	1648	1639	1573	1587	1548	1538	1541	1554	1567	1487	1578	1573	1499	1563	1503	1553	1551	1498	1480	1527	1506	1508	1611	1581	1560	1625	1537	1478	1500	1509	1544	1532	1508	1601	1567	1532	1557	1569	1568	1540	1515	1469	1495	1502	1549	1550	1617	1399	1403	1402	1416	1412	1420	1455	1361	1419	1451	1441	1623	1436	1400	1394	1365	1378	1400	1410	1408	1405	1373	1364	1503	1468	1459
3:58:26	37.0	1574	1628	1608	1576	1623	1516	1558	1541	1530	1552	1515	1570	1580	1508	1525	1534	1506	1524	1509	1442	1510	1538	1506	1610	1569	1625	1615	1528	1494	1508	1528	1537	1563	1508	1605	1572	1533	1604	1574	1579	1552	1526	1509	1506	1508	1575	1564	1599	1433	1394	1411	1442	1405	1439	1439	1383	1422	1450	1441	1568	1414	1386	1361	1401	1409	1424	1410	1404	1402	1354	1409	1529	1459	1467
4:02:26	37.0	1563	1618	1576	1558	1602	1530	1523	1501	1480	1504	1527	1572	1588	1492	1506	1531	1489	1514	1488	1429	1487	1478	1444	1594	1568	1548	1574	1558	1481	1508	1539	1521	1570	1509	1600	1565	1557	1576	1602	1576	1548	1514	1500	1490	1527	1563	1569	1599	1401	1399	1387	1430	1382	1418	1446	1352	1398	1443	1453	1543	1431	1399	1375	1354	1365	1394	1387	1383	1370	1361	1365	1531	1470	1459
4:06:26	37.0	1575	1607	1570	1555	1582	1531	1530	1524	1511	1514	1539	1567	1621	1499	1524	1518	1522	1500	1516	1450	1499	1503	1536	1583	1584	1574	1628	1518	1497	1508	1540	1534	1588	1520	1575	1555	1540	1583	1558	1581	1534	1529	1484	1496	1514	1556	1551	1587	1433	1382	1398	1383	1407	1435	1423	1363	1401	1444	1432	1574	1431	1389	1377	1359	1393	1398	1379	1400	1397	1364	1386	1528	1493	1475
4:10:26	37.0	1583	1584	1588	1573	1570	1507	1496	1539	1502	1462	1516	1573	1569	1528	1526	1505	1482	1511	1484	1426	1481	1497	1509	1562	1565	1581	1561	1536	1514	1479	1540	1521	1550	1480	1594	1532	1571	1558	1567	1560	1581	1519	1496	1505	1525	1570	1567	1593	1393	1397	1409	1422	1391	1426	1403	1353	1385	1437	1437	1606	1419	1386	1409	1356	1389	1406	1363	1395	1359	1401	1392	1503	1425	1466
4:14:26	37.0	1585	1585	1574	1555	1568	1560	1528	1516	1488	1501	1484	1563	1615	1523	1538	1514	1500	1532	1484	1406	1500	1495	1486	1558	1581	1553	1575	1541	1529	1536	1548	1569	1629	1496	1635	1547	1538	1565	1562	1574	1531	1557	1507	1508	1524	1549	1556	1601	1414	1409	1396	1407	1382	1376	1420	1360	1387	1429	1434	1567	1431	1388	1379	1371	1403	1389	1378	1398	1386	1376	1371	1501	1425	1450
4:18:26	37.0	1599	1637	1592	1569	1603	1531	1525	1500	1503	1513	1496	1540	1584	1552	1564	1521	1499	1489	1481	1451	1492	1494	1500	1573	1567	1569	1598	1554	1524	1529	1584	1544	1555	1510	1633	1561	1569	1590	1580	1611	1552	1538	1516	1541	1530	1585	1622	1573	1433	1387	1439	1412	1396	1419	1455	1399	1421	1431	1428	1542	1453	1403	1398	1436	1393	1387	1417	1378	1397	1365	1428	1510	1421	1497
4:22:26	37.0	1568	1605	1589	1576	1596	1520	1497	1471	1491	1496	1472	1541	1572	1541	1527	1505	1470	1500	1489	1446	1495	1451	1462	1577	1540	1565	1600	1523	1494	1513	1574	1549	1568	1462	1645	1534	1558	1570	1586	1575	1535	1580	1530	1507	1510	1598	1571	1562	1401	1399	1425	1417	1392	1399	1422	1375	1368	1447	1400	1564	1420	1362	1427	1396	1386	1446	1415	1390	1382	1370	1377	1531	1425	1472
4:26:26	37.0	1597	1571	1582	1557	1580	1519	1489	1493	1504	1518	1518	1566	1594	1535	1562	1515	1475	1500	1472	1458	1544	1501	1501	1560	1565	1586	1589	1553	1524	1540	1570	1559	1536	1464	1633	1563	1567	1576	1587	1567	1579	1589	1546	1546	1521	1560	1582	1569	1423	1424	1410	1409	1419	1414	1408	1373	1386	1451	1448	1557	1437	1385	1386	1397	1411	1368	1397	1392	1348	1394	1395	1515	1430	1457
4:30:26	37.0	1578	1635	1617	1539	1585	1515	1497	1506	1517	1491	1497	1568	1559	1583	1552	1510	1489	1510	1468	1433	1464	1512	1479	1518	1560	1595	1601	1576	1537	1513	1592	1537	1582	1472	1659	1549	1600	1611	1593	1615	1551	1563	1531	1529	1525	1565	1592	1548	1398	1422	1408	1427	1370	1434	1391	1393	1385	1441	1421	1570	1407	1368	1368	1374	1386	1405	1371	1394	1388	1373	1407	1510	1435	1440
4:34:26	37.0	1589	1640	1601	1583	1551	1521	1492	1502	1496	1497	1488	1554	1609	1582	1559	1541	1526	1477	1498	1437	1469	1498	1476	1565	1554	1570	1620	1567	1555	1554	1565	1559	1605	1482	1631	1546	1573	1588	1579	1597	1550	1534	1538	1555	1529	1587	1586	1560	1409	1401	1399	1412	1330	1399	1397	1391	1415	1392	1420	1570	1409	1408	1379	1359	1385	1353	1380	1394	1377	1358	1407	1533	1434	1454
4:38:26	37.0	1571	1619	1614	1596	1584	1525	1504	1522	1482	1513	1498	1574	1604	1573	1573	1543	1492	1528	1493	1448	1490	1501	1489	1531	1569	1583	1615	1582	1554	1530	1539	1566	1596	1469	1636	1562	1565	1624	1590	1594	1574	1553	1499	1532	1570	1589	1606	1611	1440	1396	1427	1407	1380	1413	1396	1348	1411	1434	1406	1538	1415	1408	1416	1380	1375	1385	1376	1382	1395	1358	1404	1575	1408	1436
4:42:26	37.0	1627	1649	1575	1545	1566	1551	1497	1504	1481	1494	1482	1538	1608	1586	1578	1516	1482	1503	1499	1430	1480	1444	1498	1575	1593	1577	1596	1569	1555	1558	1546	1568	1587	1466	1648	1535	1578	1580	1606	1574	1593	1559	1547	1546	1542	1584	1600	1544	1416	1415	1441	1410	1378	1404	1384	1349	1370	1452	1400	1558	1404	1356	1357	1343	1402	1384	1390	1401	1383	1372	1394	1541	1405	1430
4:46:26	37.0	1577	1599	1608	1554	1590	1556	1491	1521	1494	1482	1489	1573	1633	1541	1625	1528	1545	1515	1440	1439	1486	1491	1455	1570	1601	1563	1599	1570	1569	1565	1604	1548	1584	1445	1635	1567	1581	1613	1594	1607	1577	1562	1542	1549	1544	1568	1567	1561	1421	1377	1423	1408	1358	1379	1381	1392	1406	1451	1435	1562	1367	1380	1350	1354	1364	1383	1371	1391	1373	1388	1410	1523	1460	1450
4:50:26	37.0	1586	1625	1617	1586	1533	1499	1529	1500	1504	1544	1467	1575	1652	1571	1582	1546	1499	1512	1468	1420	1466	1480	1448	1561	1582	1586	1619	1579	1588	1536	1578	1558	1611	1487	1644	1542	1565	1585	1589	1584	1611	1571	1573	1587	1496	1599	1610	1559	1370	1407	1436	1412	1344	1396	1365	1375	1386	1441	1436	1582	1436	1391	1412	1374	1376	1358	1401	1366	1375	1393	1409	1487	1419	1424
4:54:26	37.0	1606	1591	1606	1605	1548	1536	1511	1527	1499	1524	1501	1526	1583	1605	1591	1532	1483	1509	1505	1450	1478	1456	1501	1525	1588	1615	1583	1579	1590	1580	1540	1575	1572	1461	1676	1496	1573	1599	1574	1591	1553	1573	1542	1561	1537	1577	1611	1569	1414	1384	1396	1440	1361	1385	1382	1382	1354	1400	1422	1565	1422	1392	1375	1370	1357	1395	1429	1392	1366	1395	1399	1521	1436	1449
4:58:26	37.0	1591	1631	1609	1591	1541	1559	1540	1513	1500	1531	1486	1582	1606	1605	1601	1530	1485	1488	1467	1425	1475	1510	1450	1578	1599	1604	1612	1585	1592	1565	1578	1561	1590	1480	1649	1529	1580	1594	1589	1632	1555	1548	1588	1596	1565	1614	1611	1518	1418	1382	1425	1376	1374	1372	1336	1350	1425	1456	1410	1543	1431	1359	1371	1365	1399	1414	1387	1388	1389	1402	1396	1543	1415	1435
5:02:26	37.0	1614	1624	1603	1587	1545	1526	1494	1496	1482	1524	1504	1581	1627	1591	1591	1558	1495	1472	1491	1435	1463	1485	1453	1536	1608	1577	1598	1617	1552	1544	1582	1556	1606	1495	1585	1517	1565	1626	1603	1574	1595	1545	1527	1561	1595	1608	1604	1550	1413	1411	1454	1402	1348	1394	1375	1394	1356	1414	1379	1531	1406	1402	1377	1396	1379	1382	1376	1342	1398	1388	1382	1523	1417	1421
5:06:26	37.0	1603	1623	1593	1584	1566	1477	1497	1506	1479	1481	1497	1529	1593	1622	1570	1556	1490	1474	1461	1422	1478	1463	1452	1565	1548	1592	1618	1612	1583	1563	1552	1586	1561	1479	1664	1507	1581	1615	1585	1620	1557	1531	1613	1580	1553	1639	1622	1527	1402	1417	1409	1385	1348	1377	1387	1367	1387	1417	1387	1547	1394	1415	1365	1387	1353	1382	1369	1387	1391	1387	1380	1507	1393	1465
5:10:26	37.0	1596	1608	1617	1576	1559	1521	1488	1503	1498	1469	1493	1578	1606	1593	1616	1560	1483	1472	1461	1420	1505	1479	1490	1534	1608	1560	1603	1609	1581	1599	1558	1592	1608	1479	1613	1533	1584	1581	1572	1622	1568	1560	1555	1546	1551	1634	1622	1571	1403	1334	1396	1384	1363	1400	1388	1350	1368	1401	1419	1547	1412	1398	1363	1388	1370	1386	1391	1380	1372	1402	1386	1490	1465	1425
5:14:26	37.0	1604	1658	1631	1592	1548	1518	1498	1492	1505	1484	1501	1519	1593	1592	1608	1553	1481	1483	1459	1413	1454	1459	1436	1557	1609	1582	1572	1599	1601	1587	1611	1542	1592	1481	1629	1571	1566	1614	1592	1577	1580	1587	1568	1583	1574	1619	1639	1535	1379	1378	1382	1378	1360	1376	1415	1368	1405	1469	1415	1508	1409	1370	1380	1351	1329	1365	1352	1359	1343	1364	1407	1509	1403	1409
5:18:26	37.0	1626	1619	1606	1577	1579	1514	1529	1481	1460	1504	1504	1531	1657	1601	1603	1562	1470	1479	1464	1480	1497	1471	1453	1544	1574	1550	1617	1605	1622	1589	1579	1595	1605	1436	1658	1515	1583	1632	1562	1611	1582	1547	1618	1598	1578	1641	1619	1532	1373	1367	1400	1377	1323	1360	1386	1357	1391	1412	1407	1544	1405	1394	1364	1359	1403	1391	1363	1375	1375	1405	1426	1500	1395	1414
5:22:26	37.0	1588	1628	1631	1561	1535	1552	1501	1482	1455	1517	1476	1581	1666	1617	1625	1536	1467	1492	1442	1422	1469	1479	1463	1557	1580	1565	1643	1611	1598	1575	1599	1566	1608	1464	1656	1533	1608	1630	1616	1612	1563	1567	1594	1584	1582	1631	1621	1579	1374	1370	1412	1375	1346	1390	1376	1358	1384	1404	1400	1540	1425	1370	1343	1363	1372	1370	1383	1358	1379	1391	1419	1513	1421	1388
5:26:26	37.0	1607	1659	1579	1558	1574	1497	1493	1509	1472	1473	1509	1522	1612	1636	1616	1547	1465	1465	1459	1410	1468	1465	1456	1520	1619	1535	1603	1581	1586	1565	1604	1579	1615	1449	1644	1533	1573	1561	1580	1591	1584	1570	1566	1576	1544	1659	1608	1560	1403	1390	1409	1412	1332	1369	1333	1341	1405	1393	1393	1515	1420	1388	1341	1351	1378	1354	1371	1362	1377	1367	1412	1519	1382	1429
5:30:26	37.0	1623	1633	1614	1554	1567	1493	1513	1470	1487	1487	1466	1535	1632	1605	1614	1554	1515	1475	1454	1452	1450	1453	1450	1570	1618	1577	1568	1657	1584	1592	1560	1594	1641	1427	1666	1537	1593	1581	1618	1637	1577	1547	1623	1620	1565	1624	1625	1559	1394	1401	1404	1365	1387	1387	1394	1343	1393	1431	1436	1570	1438	1376	1350	1342	1400	1356	1360	1404	1400	1440	1410	1518	1367	1428
5:34:26	37.0	1610	1641	1622	1599	1576	1523	1493	1518	1445	1437	1527	1572	1638	1638	1607	1570	1438	1468	1481	1402	1475	1466	1479	1532	1617	1550	1564	1635	1607	1590	1545	1581	1609	1454	1669	1515	1596	1577	1589	1593	1569	1528	1607	1598	1573	1659	1622	1566	1346	1364	1422	1419	1347	1368	1345	1347	1410	1420	1400	1510	1384	1372	1405	1337	1375	1385	1375	1353	1369	1447	1394	1527	1432	1409
5:38:26	37.0	1575	1634	1625	1572	1558	1503	1500	1492	1465	1461	1507	1544	1653	1637	1606	1536	1478	1492	1460	1437	1439	1501	1424	1544	1648	1543	1605	1621	1605	1600	1585	1561	1618	1469	1636	1519	1569	1611	1577	1621	1593	1538	1562	1605	1542	1615	1655	1566	1398	1364	1410	1356	1336	1387	1381	1334	1368	1422	1397	1568	1429	1388	1359	1357	1385	1374	1358	1375	1392	1419	1421	1526	1392	1434
5:42:26	37.0	1611	1658	1646	1622	1558	1533	1492	1485	1485	1470	1503	1538	1665	1640	1595	1527	1442	1502	1481	1416	1456	1473	1456	1551	1622	1570	1606	1646	1594	1570	1548	1605	1620	1463	1661	1565	1572	1626	1600	1619	1596	1599	1585	1584	1611	1628	1627	1550	1400	1422	1398	1363	1373	1379	1376	1368	1392	1421	1374	1557	1432	1356	1355	1382	1359	1387	1386	1363	1379	1375	1404	1535	1422	1428
5:46:26	37.0	1622	1628	1595	1574	1593	1487	1453	1471	1437	1459	1467	1537	1652	1634	1614	1536	1468	1474	1440	1411	1437	1420	1430	1525	1625	1565	1597	1639	1584	1611	1531	1542	1600	1488	1641	1524	1605	1612	1586	1604	1545	1554	1580	1599	1588	1593	1657	1524	1369	1362	1399	1370	1330	1408	1339	1310	1366	1394	1411	1513	1351	1373	1359	1340	1355	1337	1361	1360	1374	1360	1414	1536	1399	1387
5:50:26	37.0	1590	1624	1622	1598	1535	1473	1494	1453	1474	1459	1456	1561	1636	1607	1611	1506	1419	1487	1465	1420	1447	1474	1442	1535	1625	1593	1614	1615	1615	1604	1549	1568	1634	1424	1647	1507	1572	1588	1582	1591	1566	1551	1559	1617	1580	1602	1654	1545	1376	1360	1413	1368	1346	1371	1354	1321	1383	1393	1390	1526	1408	1416	1353	1365	1347	1364	1361	1351	1418	1392	1427	1531	1412	1398
5:54:26	37.0	1597	1664	1639	1565	1546	1505	1474	1473	1464	1499	1489	1535	1640	1647	1647	1562	1469	1472	1426	1408	1428	1452	1485	1528	1599	1581	1642	1649	1639	1625	1566	1571	1631	1442	1653	1509	1559	1600	1573	1632	1559	1575	1585	1610	1597	1613	1623	1540	1402	1401	1395	1377	1347	1373	1366	1321	1355	1399	1388	1528	1414	1358	1359	1386	1378	1364	1344	1385	1396	1367	1390	1517	1435	1384
5:58:26	37.0	1573	1608	1613	1580	1558	1528	1487	1476	1466	1478	1461	1576	1604	1625	1637	1536	1441	1499	1450	1412	1444	1459	1446	1548	1648	1601	1627	1625	1590	1604	1575	1574	1664	1426	1656	1506	1559	1577	1598	1615	1602	1547	1594	1612	1602	1624	1621	1526	1396	1362	1425	1388	1336	1398	1381	1362	1353	1407	1367	1550	1413	1404	1350	1364	1335	1379	1378	1412	1342	1380	1400	1511	1409	1422
6:02:26	37.0	1633	1665	1606	1580	1521	1513	1449	1500	1452	1498	1497	1526	1691	1680	1638	1561	1469	1486	1439	1406	1449	1453	1445	1506	1640	1598	1603	1632	1644	1593	1586	1609	1648	1442	1671	1503	1591	1635	1594	1657	1581	1576	1621	1608	1594	1623	1636	1495	1401	1368	1386	1347	1331	1363	1388	1334	1382	1397	1364	1532	1398	1332	1335	1335	1345	1380	1340	1360	1402	1387	1417	1547	1411	1398
6:06:26	37.0	1635	1622	1628	1566	1519	1478	1481	1455	1478	1490	1477	1528	1636	1639	1645	1594	1475	1487	1465	1397	1424	1481	1443	1539	1582	1604	1609	1688	1645	1654	1570	1565	1643	1426	1643	1533	1576	1627	1564	1631	1543	1570	1630	1597	1622	1626	1615	1521	1393	1359	1425	1358	1348	1368	1341	1333	1355	1405	1357	1562	1386	1374	1379	1370	1354	1358	1386	1355	1389	1413	1398	1512	1368	1395
6:10:26	37.0	1652	1685	1619	1570	1518	1523	1484	1495	1449	1457	1472	1558	1639	1652	1680	1545	1461	1463	1440	1411	1433	1478	1476	1546	1613	1633	1651	1681	1607	1616	1563	1571	1663	1425	1670	1531	1628	1623	1593	1630	1579	1577	1606	1626	1617	1636	1610	1557	1373	1357	1388	1367	1326	1354	1350	1319	1347	1426	1395	1566	1415	1370	1338	1342	1360	1365	1364	1380	1375	1365	1430	1542	1412	1406
6:14:26	37.0	1597	1674	1631	1557	1527	1482	1487	1466	1465	1488	1480	1531	1675	1704	1629	1548	1507	1465	1447	1396	1451	1448	1437	1543	1599	1576	1631	1649	1689	1643	1565	1602	1633	1451	1683	1541	1594	1647	1600	1628	1601	1597	1628	1623	1607	1621	1658	1499	1378	1394	1401	1357	1327	1356	1345	1329	1376	1387	1343	1524	1376	1402	1334	1355	1359	1371	1350	1368	1364	1405	1399	1534	1403	1393
6:18:26	37.0	1645	1658	1606	1545	1563	1494	1468	1506	1482	1521	1476	1528	1630	1690	1651	1565	1448	1453	1461	1417	1466	1439	1433	1575	1602	1614	1633	1679	1642	1635	1598	1605	1618	1445	1661	1516	1620	1627	1599	1639	1625	1604	1660	1654	1597	1643	1660	1542	1367	1367	1376	1357	1328	1355	1347	1368	1396	1410	1387	1520	1402	1384	1360	1354	1366	1379	1366	1365	1364	1438	1419	1515	1405	1411
6:22:26	37.0	1614	1647	1645	1597	1576	1499	1507	1461	1487	1473	1480	1535	1647	1664	1660	1551	1462	1499	1459	1410	1444	1477	1480	1547	1624	1610	1630	1690	1637	1655	1627	1590	1643	1454	1686	1536	1627	1655	1644	1615	1583	1615	1625	1640	1663	1658	1630	1529	1410	1386	1387	1369	1324	1378	1336	1354	1380	1434	1368	1531	1414	1373	1333	1376	1389	1364	1405	1387	1390	1421	1465	1512	1394	1398
6:26:26	37.0	1628	1673	1634	1619	1551	1505	1472	1488	1448	1484	1475	1538	1660	1647	1704	1567	1471	1468	1445	1391	1443	1488	1440	1559	1620	1585	1624	1670	1666	1673	1589	1608	1629	1454	1682	1504	1589	1610	1623	1675	1594	1608	1668	1656	1647	1652	1671	1555	1383	1368	1379	1356	1306	1390	1355	1315	1369	1390	1403	1534	1411	1394	1375	1360	1352	1421	1375	1362	1352	1404	1396	1524	1375	1406
6:30:26	37.0	1636	1673	1660	1589	1552	1526	1496	1493	1447	1482	1465	1513	1669	1670	1680	1584	1486	1475	1442	1398	1435	1442	1408	1553	1647	1593	1656	1652	1648	1660	1607	1616	1654	1460	1690	1532	1620	1660	1623	1676	1579	1616	1644	1658	1604	1639	1681	1539	1410	1354	1392	1404	1329	1350	1337	1327	1391	1388	1367	1514	1393	1405	1345	1360	1355	1369	1368	1377	1369	1421	1414	1525	1388	1411
6:34:26	37.0	1654	1651	1635	1551	1568	1514	1484	1481	1490	1472	1516	1554	1658	1694	1669	1587	1462	1472	1439	1444	1397	1439	1460	1506	1609	1600	1677	1668	1667	1636	1618	1628	1652	1432	1691	1538	1581	1637	1642	1660	1575	1598	1664	1647	1648	1679	1679	1528	1343	1388	1383	1356	1344	1362	1353	1305	1354	1378	1398	1552	1377	1372	1383	1346	1354	1389	1345	1336	1345	1411	1380	1534	1473	1381
6:38:26	37.0	1620	1652	1679	1589	1572	1485	1482	1475	1491	1457	1470	1536	1668	1662	1675	1591	1469	1475	1424	1402	1438	1441	1459	1567	1650	1590	1636	1659	1666	1659	1586	1620	1657	1430	1677	1513	1602	1651	1623	1591	1609	1594	1635	1652	1640	1657	1680	1537	1394	1368	1390	1365	1304	1353	1372	1331	1416	1432	1388	1525	1386	1366	1353	1342	1355	1373	1393	1371	1403	1383	1379	1488	1395	1406
6:42:26	37.0	1641	1655	1656	1588	1530	1514	1500	1469	1497	1483	1472	1525	1643	1667	1693	1597	1487	1501	1462	1421	1442	1458	1438	1516	1633	1601	1648	1679	1644	1664	1613	1641	1657	1430	1695	1510	1620	1635	1599	1622	1614	1637	1647	1674	1585	1690	1656	1561	1390	1364	1384	1382	1324	1353	1356	1367	1366	1406	1383	1555	1401	1392	1346	1341	1383	1341	1359	1373	1342	1426	1402	1498	1392	1392
6:46:26	37.0	1682	1655	1633	1623	1571	1535	1494	1478	1452	1515	1477	1546	1675	1678	1690	1610	1473	1513	1431	1394	1439	1463	1425	1536	1632	1626	1623	1695	1700	1689	1622	1617	1665	1467	1744	1552	1617	1631	1640	1623	1604	1594	1677	1735	1625	1681	1681	1501	1433	1392	1394	1373	1306	1350	1335	1330	1369	1409	1389	1551	1393	1412	1336	1377	1344	1379	1381	1366	1380	1418	1426	1511	1398	1379
6:50:26	37.0	1626	1648	1681	1580	1566	1526	1481	1502	1444	1459	1460	1544	1626	1704	1684	1554	1463	1489	1469	1370	1429	1464	1454	1521	1597	1595	1608	1686	1652	1647	1625	1636	1630	1448	1724	1495	1590	1605	1598	1634	1615	1638	1656	1661	1634	1666	1702	1528	1370	1349	1374	1421	1353	1356	1337	1302	1407	1381	1354	1515	1396	1381	1346	1335	1338	1350	1400	1349	1388	1394	1408	1549	1383	1401
6:54:26	37.0	1640	1667	1656	1618	1591	1526	1447	1496	1454	1471	1477	1531	1664	1693	1720	1586	1504	1485	1460	1416	1425	1443	1436	1545	1626	1638	1637	1668	1709	1653	1619	1619	1666	1489	1679	1543	1599	1600	1654	1634	1618	1613	1676	1690	1633	1667	1672	1536	1393	1350	1374	1377	1310	1349	1352	1338	1364	1380	1397	1540	1418	1363	1345	1343	1322	1374	1387	1361	1390	1418	1419	1494	1393	1399
6:58:26	37.0	1629	1649	1644	1591	1570	1543	1517	1486	1505	1459	1448	1528	1719	1710	1714	1586	1492	1463	1467	1388	1422	1441	1474	1521	1655	1615	1650	1749	1670	1673	1604	1653	1687	1466	1725	1528	1630	1639	1617	1648	1629	1622	1661	1674	1662	1622	1639	1555	1391	1345	1388	1373	1349	1378	1327	1333	1361	1406	1361	1570	1372	1385	1347	1344	1406	1348	1371	1375	1384	1379	1425	1529	1361	1359
7:02:26	37.0	1655	1667	1676	1618	1568	1551	1484	1498	1441	1494	1500	1558	1657	1712	1762	1598	1455	1530	1448	1427	1458	1509	1431	1545	1635	1620	1635	1739	1675	1685	1616	1670	1681	1450	1699	1529	1623	1678	1643	1660	1596	1614	1678	1685	1630	1642	1686	1521	1378	1372	1379	1356	1317	1359	1348	1334	1378	1398	1367	1566	1395	1388	1336	1372	1362	1356	1362	1382	1411	1407	1414	1552	1404	1391
7:06:26	37.0	1708	1701	1660	1607	1577	1517	1511	1487	1469	1506	1510	1582	1659	1750	1768	1598	1488	1504	1492	1421	1468	1467	1463	1568	1657	1601	1612	1750	1710	1714	1621	1657	1694	1460	1711	1537	1640	1710	1627	1649	1619	1661	1696	1663	1652	1677	1628	1501	1395	1355	1394	1380	1327	1342	1382	1324	1381	1404	1360	1554	1388	1378	1390	1365	1386	1374	1392	1371	1352	1430	1420	1578	1407	1386
7:10:26	37.0	1655	1687	1670	1646	1646	1542	1479	1468	1487	1496	1466	1539	1682	1781	1774	1644	1507	1473	1472	1406	1451	1464	1473	1519	1659	1654	1651	1734	1718	1691	1643	1679	1661	1440	1695	1564	1648	1646	1640	1624	1658	1624	1689	1724	1629	1667	1703	1546	1410	1348	1409	1382	1333	1374	1347	1330	1402	1419	1370	1546	1416	1406	1376	1352	1388	1379	1346	1352	1383	1420	1427	1560	1405	1421
7:14:26	37.0	1687	1698	1703	1628	1615	1542	1514	1482	1491	1487	1476	1593	1669	1739	1752	1609	1506	1479	1481	1388	1450	1452	1480	1575	1655	1644	1655	1761	1702	1723	1635	1623	1653	1464	1742	1560	1644	1660	1673	1662	1592	1605	1711	1741	1659	1709	1689	1570	1382	1351	1394	1395	1322	1373	1359	1326	1411	1399	1380	1551	1383	1366	1366	1353	1366	1373	1393	1401	1379	1449	1426	1531	1389	1404
7:18:26	37.0	1682	1708	1690	1630	1618	1524	1529	1474	1481	1471	1461	1551	1700	1751	1815	1609	1514	1496	1436	1411	1427	1470	1443	1538	1631	1593	1625	1754	1728	1716	1629	1660	1703	1470	1691	1531	1630	1671	1653	1672	1607	1684	1686	1719	1660	1703	1703	1535	1408	1363	1398	1349	1305	1327	1370	1311	1369	1388	1390	1515	1373	1369	1364	1344	1387	1390	1359	1374	1355	1399	1432	1546	1420	1378
7:22:26	37.0	1690	1708	1720	1643	1609	1553	1535	1505	1488	1500	1457	1568	1726	1788	1818	1603	1510	1498	1437	1423	1461	1449	1486	1545	1617	1644	1622	1738	1727	1712	1607	1663	1657	1447	1720	1560	1654	1638	1632	1683	1636	1671	1687	1731	1654	1664	1679	1570	1367	1383	1417	1400	1323	1391	1325	1313	1371	1365	1367	1535	1441	1405	1392	1372	1393	1356	1385	1392	1381	1386	1433	1522	1410	1419
7:26:26	37.0	1677	1688	1718	1657	1626	1530	1495	1492	1499	1467	1502	1560	1741	1807	1823	1618	1559	1529	1490	1384	1431	1492	1451	1535	1616	1649	1623	1763	1753	1731	1651	1675	1703	1428	1731	1549	1630	1676	1678	1668	1614	1638	1678	1722	1692	1688	1664	1543	1402	1384	1386	1379	1308	1377	1361	1327	1379	1412	1378	1546	1406	1411	1335	1363	1344	1366	1363	1388	1367	1403	1405	1538	1392	1435
7:30:26	37.0	1665	1720	1743	1647	1605	1581	1542	1535	1471	1529	1464	1553	1708	1840	1805	1656	1543	1508	1465	1429	1448	1477	1458	1546	1651	1661	1668	1758	1775	1721	1650	1655	1746	1455	1696	1561	1661	1632	1680	1644	1656	1647	1694	1758	1653	1692	1689	1570	1391	1371	1352	1343	1314	1391	1354	1373	1404	1405	1374	1548	1346	1402	1358	1374	1365	1397	1371	1370	1401	1415	1431	1503	1416	1401
7:34:26	37.0	1701	1742	1760	1675	1608	1535	1508	1520	1517	1530	1514	1571	1719	1794	1843	1637	1504	1539	1489	1383	1464	1474	1482	1550	1649	1646	1672	1786	1782	1706	1691	1626	1701	1467	1738	1536	1670	1663	1691	1716	1619	1639	1707	1726	1669	1718	1671	1560	1367	1381	1377	1401	1306	1341	1332	1345	1388	1375	1381	1546	1379	1366	1355	1357	1361	1400	1372	1402	1354	1426	1405	1521	1395	1411
7:38:26	37.0	1723	1709	1746	1643	1650	1563	1504	1529	1480	1494	1472	1534	1704	1842	1848	1621	1514	1498	1494	1458	1419	1474	1464	1510	1676	1630	1655	1761	1752	1719	1641	1685	1734	1435	1747	1525	1645	1684	1659	1670	1650	1669	1722	1774	1676	1676	1707	1574	1368	1347	1411	1347	1317	1339	1337	1332	1411	1406	1396	1538	1419	1405	1386	1338	1381	1372	1357	1388	1377	1411	1424	1548	1375	1390
7:42:26	37.0	1655	1746	1728	1659	1615	1568	1533	1517	1491	1481	1499	1569	1699	1832	1862	1630	1534	1513	1424	1439	1450	1457	1474	1530	1656	1627	1658	1751	1727	1720	1661	1671	1684	1449	1737	1536	1685	1641	1668	1683	1666	1695	1724	1764	1666	1700	1706	1567	1413	1383	1351	1384	1334	1354	1364	1331	1384	1397	1384	1539	1376	1399	1365	1336	1378	1361	1379	1375	1362	1417	1443	1572	1394	1412
7:46:26	37.0	1671	1727	1730	1671	1608	1586	1506	1504	1494	1520	1516	1560	1698	1805	1885	1637	1527	1504	1469	1473	1457	1465	1416	1524	1615	1654	1674	1751	1736	1730	1681	1676	1723	1500	1767	1531	1645	1700	1661	1716	1682	1639	1752	1742	1733	1689	1713	1520	1393	1361	1366	1424	1295	1384	1356	1317	1390	1394	1354	1547	1386	1393	1344	1391	1347	1396	1371	1380	1390	1418	1424	1535	1389	1400
7:50:26	37.0	1669	1750	1715	1683	1621	1572	1508	1561	1455	1459	1470	1537	1720	1834	1840	1634	1565	1513	1487	1402	1469	1450	1444	1529	1647	1627	1661	1820	1769	1711	1679	1647	1738	1450	1739	1500	1630	1713	1665	1645	1648	1693	1722	1727	1687	1668	1685	1530	1380	1338	1346	1370	1315	1361	1337	1331	1346	1364	1376	1562	1373	1386	1368	1366	1361	1349	1344	1388	1413	1419	1419	1514	1385	1391
7:54:26	37.0	1720	1784	1739	1686	1615	1579	1552	1506	1514	1475	1516	1560	1724	1879	1893	1605	1571	1553	1453	1419	1431	1456	1481	1571	1638	1615	1663	1817	1760	1754	1654	1649	1728	1468	1764	1510	1666	1675	1688	1675	1668	1670	1705	1762	1683	1736	1697	1538	1429	1384	1413	1355	1331	1369	1358	1339	1387	1386	1371	1570	1384	1420	1341	1339	1328	1363	1343	1390	1352	1419	1409	1585	1383	1367
7:58:26	37.0	1689	1764	1750	1708	1616	1602	1545	1521	1511	1487	1482	1552	1710	1885	1865	1685	1558	1529	1487	1439	1482	1466	1496	1546	1636	1645	1643	1822	1801	1750	1656	1677	1722	1457	1777	1519	1702	1677	1697	1691	1676	1696	1762	1759	1732	1685	1721	1537	1407	1361	1384	1365	1356	1388	1357	1329	1389	1381	1370	1515	1374	1383	1344	1320	1362	1381	1321	1377	1371	1461	1426	1558	1413	1407
8:02:26	37.0	1675	1812	1825	1699	1649	1563	1510	1508	1514	1497	1504	1538	1707	1880	1881	1684	1554	1522	1508	1419	1458	1436	1463	1531	1680	1668	1650	1822	1782	1778	1669	1652	1697	1430	1776	1550	1626	1675	1670	1691	1659	1672	1726	1782	1674	1703	1737	1533	1390	1372	1366	1356	1325	1365	1336	1303	1405	1394	1415	1566	1380	1396	1385	1372	1337	1367	1385	1361	1383	1397	1422	1520	1434	1426
8:06:26	37.0	1705	1793	1788	1749	1653	1568	1566	1540	1514	1477	1506	1545	1704	1906	1950	1709	1570	1493	1492	1424	1460	1460	1480	1556	1674	1627	1685	1870	1802	1768	1658	1700	1742	1497	1773	1522	1681	1673	1674	1692	1719	1672	1794	1805	1656	1715	1737	1552	1371	1342	1374	1346	1308	1378	1345	1350	1399	1409	1372	1560	1356	1362	1348	1358	1389	1383	1401	1378	1375	1401	1408	1552	1374	1365
8:10:26	37.0	1727	1852	1811	1756	1672	1590	1549	1513	1514	1542	1551	1553	1705	1942	1952	1672	1563	1533	1525	1406	1459	1448	1492	1530	1635	1658	1682	1836	1774	1742	1709	1676	1726	1476	1784	1522	1649	1684	1710	1726	1679	1683	1772	1786	1719	1681	1707	1549	1390	1420	1415	1363	1311	1363	1336	1320	1395	1400	1387	1555	1378	1367	1373	1390	1382	1359	1366	1368	1401	1389	1436	1570	1409	1407
8:14:26	37.0	1741	1842	1830	1725	1696	1607	1548	1571	1489	1531	1501	1565	1738	1918	1956	1653	1571	1559	1483	1429	1487	1473	1485	1553	1685	1640	1682	1847	1805	1794	1723	1685	1775	1476	1769	1534	1683	1695	1699	1700	1691	1672	1734	1820	1703	1690	1787	1537	1393	1357	1379	1395	1345	1377	1336	1350	1391	1375	1363	1528	1382	1387	1357	1360	1375	1357	1352	1367	1372	1415	1401	1531	1360	1395
8:18:26	37.0	1731	1835	1825	1729	1690	1593	1553	1507	1523	1555	1496	1579	1762	1972	2031	1729	1525	1546	1496	1438	1471	1489	1511	1591	1633	1642	1679	1843	1816	1783	1725	1698	1776	1477	1790	1556	1707	1718	1714	1717	1717	1714	1848	1818	1737	1738	1742	1538	1399	1377	1391	1412	1333	1380	1360	1363	1418	1407	1373	1598	1382	1393	1375	1371	1364	1360	1365	1423	1384	1399	1432	1583	1394	1407
8:22:26	37.0	1788	1865	1834	1754	1726	1611	1554	1530	1505	1562	1513	1546	1746	1991	1948	1680	1566	1550	1492	1444	1465	1478	1488	1573	1639	1693	1676	1836	1829	1826	1689	1711	1754	1466	1803	1559	1640	1689	1707	1712	1731	1758	1801	1867	1716	1714	1785	1569	1387	1370	1407	1405	1325	1384	1362	1328	1390	1410	1375	1544	1405	1386	1382	1386	1382	1376	1413	1374	1378	1423	1482	1575	1399	1395
8:26:26	37.0	1774	1878	1874	1738	1677	1589	1579	1562	1493	1515	1551	1581	1762	1986	1985	1684	1559	1570	1497	1442	1531	1495	1501	1546	1688	1686	1718	1868	1834	1822	1707	1687	1791	1492	1823	1557	1702	1719	1731	1787	1697	1739	1790	1837	1706	1777	1787	1541	1416	1358	1410	1357	1326	1356	1359	1337	1418	1401	1376	1554	1395	1430	1344	1377	1363	1375	1391	1377	1370	1433	1465	1583	1393	1383
8:30:26	37.0	1746	1859	1865	1791	1698	1628	1537	1563	1474	1546	1563	1564	1778	1977	2002	1710	1590	1528	1524	1475	1443	1512	1483	1550	1681	1695	1699	1919	1852	1801	1732	1696	1744	1457	1805	1530	1667	1714	1720	1707	1731	1760	1798	1822	1749	1727	1781	1514	1413	1360	1374	1413	1313	1371	1328	1342	1390	1402	1347	1577	1406	1369	1390	1378	1406	1367	1375	1369	1397	1448	1421	1601	1384	1404
8:34:26	37.0	1751	1865	1836	1812	1681	1632	1544	1542	1496	1534	1536	1565	1757	2044	2002	1689	1585	1541	1505	1441	1495	1485	1496	1537	1645	1686	1679	1870	1810	1837	1693	1715	1786	1468	1811	1567	1701	1721	1707	1714	1745	1709	1809	1857	1742	1722	1752	1558	1394	1373	1414	1377	1349	1362	1328	1336	1426	1427	1386	1537	1440	1396	1363	1416	1363	1365	1361	1384	1361	1400	1407	1594	1412	1403
8:38:26	37.0	1728	1927	1900	1785	1725	1625	1583	1553	1541	1557	1513	1597	1740	2015	1992	1706	1586	1595	1530	1433	1513	1513	1489	1537	1672	1702	1693	1885	1879	1821	1724	1735	1799	1483	1836	1528	1717	1722	1714	1768	1704	1734	1804	1852	1732	1783	1760	1535	1381	1373	1415	1351	1307	1371	1358	1351	1442	1420	1401	1518	1407	1440	1395	1357	1342	1419	1354	1410	1373	1453	1459	1587	1374	1392
8:42:26	37.0	1771	1919	1852	1826	1665	1618	1558	1531	1523	1521	1523	1572	1810	2020	2020	1703	1588	1581	1520	1431	1493	1498	1482	1546	1659	1710	1712	1897	1847	1826	1712	1709	1814	1466	1863	1546	1717	1755	1695	1724	1738	1730	1798	1840	1761	1755	1815	1540	1408	1366	1413	1405	1323	1360	1350	1341	1414	1389	1390	1545	1408	1357	1381	1393	1361	1411	1392	1376	1400	1408	1426	1583	1379	1390
8:46:26	37.0	1738	1942	1903	1801	1652	1619	1581	1543	1528	1516	1537	1573	1782	2070	2019	1709	1603	1582	1518	1466	1479	1485	1486	1528	1688	1682	1717	1907	1870	1884	1700	1743	1843	1486	1798	1559	1704	1746	1770	1743	1741	1735	1830	1903	1780	1774	1782	1573	1391	1347	1390	1389	1312	1359	1354	1359	1392	1400	1414	1564	1379	1415	1366	1386	1384	1361	1357	1389	1402	1436	1465	1576	1399	1393
8:50:26	37.0	1778	1891	1900	1808	1709	1626	1612	1573	1517	1526	1584	1590	1777	2065	2070	1710	1595	1569	1507	1442	1497	1500	1507	1534	1686	1694	1736	1906	1856	1840	1741	1713	1819	1526	1835	1582	1712	1764	1742	1760	1744	1717	1830	1856	1727	1753	1797	1548	1385	1410	1390	1361	1315	1398	1368	1331	1415	1422	1404	1545	1385	1396	1329	1374	1359	1377	1382	1405	1391	1419	1427	1593	1395	1373
8:54:26	37.0	1787	1915	1912	1780	1717	1617	1568	1529	1515	1533	1535	1590	1804	2126	2071	1694	1570	1566	1530	1435	1515	1517	1516	1562	1661	1671	1703	1932	1873	1862	1726	1720	1828	1512	1851	1569	1714	1754	1739	1749	1769	1742	1834	1887	1775	1804	1805	1588	1436	1357	1397	1396	1326	1385	1350	1349	1417	1415	1387	1568	1408	1405	1421	1403	1368	1405	1368	1381	1402	1478	1455	1615	1430	1388
8:58:26	37.0	1744	1918	1960	1772	1744	1634	1595	1541	1532	1546	1562	1550	1755	2059	2098	1703	1596	1575	1528	1450	1474	1528	1500	1541	1710	1678	1713	1917	1887	1846	1712	1734	1866	1505	1859	1532	1702	1694	1760	1753	1728	1730	1855	1905	1771	1771	1790	1560	1428	1393	1380	1396	1330	1362	1368	1329	1410	1370	1386	1571	1378	1401	1415	1373	1345	1366	1363	1370	1367	1419	1462	1646	1389	1429
9:02:26	37.0	1777	1960	1911	1802	1691	1621	1564	1547	1538	1537	1513	1568	1816	2127	2076	1696	1591	1560	1537	1480	1491	1479	1478	1531	1691	1684	1732	1912	1899	1797	1728	1755	1812	1487	1842	1530	1719	1762	1715	1771	1746	1762	1874	1880	1730	1736	1838	1540	1383	1338	1366	1370	1389	1352	1363	1308	1394	1393	1376	1595	1381	1387	1371	1379	1365	1389	1374	1409	1347	1469	1490	1630	1379	1390
9:06:26	37.0	1781	1966	1928	1803	1728	1637	1571	1606	1508	1543	1525	1565	1803	2140	2046	1695	1619	1586	1541	1468	1483	1496	1483	1551	1700	1675	1747	1940	1858	1856	1752	1739	1843	1515	1843	1551	1721	1770	1750	1759	1762	1732	1839	1909	1725	1756	1825	1566	1407	1344	1404	1346	1343	1394	1349	1315	1426	1406	1394	1518	1373	1402	1347	1381	1353	1381	1388	1414	1365	1426	1451	1598	1412	1399
9:10:26	37.0	1762	1958	1923	1777	1738	1607	1635	1543	1532	1514	1498	1546	1775	2144	2067	1739	1595	1558	1519	1460	1513	1502	1512	1569	1678	1678	1690	1900	1911	1839	1739	1737	1861	1474	1837	1536	1684	1753	1768	1783	1746	1765	1834	1880	1771	1760	1811	1561	1404	1365	1386	1420	1343	1364	1366	1338	1416	1444	1426	1553	1385	1376	1383	1399	1400	1362	1380	1367	1360	1410	1497	1561	1380	1391
9:14:26	37.0	1787	1945	1930	1820	1753	1670	1612	1564	1533	1555	1528	1603	1819	2174	2119	1713	1604	1593	1605	1448	1518	1498	1525	1570	1699	1715	1720	1978	1912	1900	1744	1777	1842	1545	1867	1567	1735	1750	1720	1799	1785	1774	1904	1925	1799	1753	1803	1564	1408	1369	1380	1433	1349	1387	1361	1344	1434	1404	1371	1518	1382	1393	1356	1423	1386	1384	1385	1380	1393	1433	1471	1641	1399	1398
9:18:26	37.0	1821	1990	1969	1838	1729	1679	1603	1608	1516	1540	1544	1604	1794	2190	2136	1760	1594	1583	1520	1496	1498	1522	1497	1592	1721	1688	1782	1946	1943	1870	1740	1739	1876	1479	1879	1578	1694	1747	1755	1782	1769	1792	1869	1905	1763	1777	1851	1556	1419	1397	1434	1409	1333	1376	1358	1373	1430	1385	1452	1565	1408	1389	1338	1346	1375	1366	1354	1390	1368	1440	1442	1621	1387	1412
9:22:26	37.0	1798	1974	1950	1806	1739	1675	1561	1535	1519	1561	1537	1562	1794	2149	2132	1731	1592	1601	1547	1486	1516	1494	1514	1546	1700	1691	1720	1961	1919	1861	1725	1752	1878	1518	1855	1559	1701	1746	1741	1782	1747	1815	1890	1965	1789	1730	1831	1573	1419	1354	1350	1380	1325	1396	1357	1324	1406	1428	1373	1542	1407	1370	1333	1329	1355	1407	1327	1385	1409	1453	1510	1599	1400	1369
9:26:26	37.0	1846	1986	1944	1785	1775	1630	1582	1571	1528	1554	1576	1587	1800	2206	2114	1728	1643	1562	1523	1439	1550	1538	1541	1529	1680	1711	1746	1958	1938	1891	1755	1770	1877	1483	1920	1531	1731	1759	1757	1770	1761	1789	1926	1920	1793	1782	1789	1551	1413	1375	1402	1423	1314	1376	1329	1365	1430	1395	1362	1538	1385	1387	1364	1404	1357	1382	1373	1361	1422	1462	1451	1632	1378	1384
9:30:26	37.0	1850	2036	1987	1833	1712	1662	1606	1597	1531	1567	1583	1569	1802	2234	2131	1745	1602	1596	1532	1444	1535	1483	1499	1556	1691	1706	1708	1959	1913	1941	1773	1753	1928	1517	1877	1562	1736	1773	1731	1773	1770	1826	1858	1945	1810	1739	1826	1528	1410	1354	1373	1389	1306	1401	1391	1341	1416	1419	1400	1541	1378	1393	1332	1392	1384	1383	1392	1361	1413	1434	1444	1653	1411	1430
9:34:26	37.0	1849	1982	1933	1820	1762	1637	1639	1562	1528	1521	1562	1565	1838	2204	2148	1720	1638	1609	1509	1487	1527	1517	1513	1563	1708	1717	1730	1975	1924	1885	1778	1764	1902	1501	1854	1579	1750	1830	1751	1766	1761	1770	1885	1930	1783	1803	1787	1546	1433	1363	1370	1383	1341	1344	1365	1318	1420	1429	1412	1560	1407	1410	1417	1390	1392	1397	1382	1404	1419	1451	1477	1627	1388	1404
9:38:26	37.0	1794	2031	1986	1843	1772	1658	1590	1576	1548	1560	1544	1531	1855	2227	2153	1762	1612	1616	1526	1502	1503	1517	1521	1601	1683	1731	1760	1950	1949	1887	1768	1740	1943	1489	1870	1542	1718	1762	1760	1812	1756	1755	1935	1932	1820	1752	1808	1580	1408	1379	1435	1402	1330	1361	1367	1320	1438	1411	1393	1573	1420	1413	1348	1374	1373	1391	1366	1416	1399	1475	1465	1630	1411	1457
9:42:26	37.0	1836	2024	1980	1863	1768	1663	1571	1563	1560	1557	1547	1586	1860	2191	2162	1771	1645	1588	1536	1495	1526	1504	1548	1556	1692	1716	1769	2000	1924	1942	1745	1752	1937	1505	1928	1529	1721	1774	1743	1778	1793	1786	1919	1932	1790	1771	1820	1566	1431	1405	1363	1355	1328	1363	1379	1363	1443	1427	1422	1559	1402	1382	1385	1377	1363	1398	1366	1383	1421	1460	1457	1650	1365	1401
9:46:26	37.0	1893	2043	1959	1860	1758	1664	1604	1594	1534	1585	1568	1538	1861	2227	2202	1732	1607	1580	1549	1477	1529	1547	1484	1580	1684	1717	1743	1959	1920	1922	1741	1794	1960	1488	1877	1554	1723	1771	1776	1805	1816	1762	1887	1958	1793	1757	1831	1549	1429	1366	1395	1409	1346	1374	1353	1355	1437	1389	1404	1562	1394	1374	1373	1360	1384	1406	1379	1413	1345	1461	1460	1660	1434	1420
9:50:26	37.0	1878	2039	1991	1852	1813	1693	1607	1596	1592	1586	1556	1586	1891	2249	2165	1756	1644	1643	1570	1506	1551	1505	1569	1560	1715	1736	1761	1979	1936	1891	1760	1810	1972	1530	1910	1542	1728	1775	1732	1801	1735	1803	1886	1981	1792	1795	1833	1596	1423	1371	1417	1417	1345	1367	1393	1365	1478	1421	1409	1545	1392	1422	1383	1382	1411	1387	1369	1416	1377	1466	1519	1670	1412	1408
9:54:26	37.0	1862	2015	2001	1856	1780	1656	1602	1593	1582	1557	1562	1560	1864	2253	2168	1757	1626	1585	1576	1467	1553	1507	1571	1563	1692	1735	1753	2001	1939	1932	1786	1737	1950	1491	1878	1624	1730	1796	1784	1816	1809	1820	1926	2019	1827	1777	1856	1556	1400	1363	1399	1386	1338	1333	1398	1358	1477	1423	1420	1550	1411	1385	1383	1378	1364	1401	1440	1387	1378	1488	1476	1657	1383	1381
9:58:26	37.0	1807	2057	2009	1858	1778	1708	1592	1583	1572	1564	1548	1585	1886	2255	2210	1757	1642	1641	1575	1499	1553	1536	1520	1579	1698	1737	1756	2054	1926	1880	1734	1755	1948	1533	1914	1563	1741	1778	1762	1801	1794	1749	1937	1967	1804	1806	1840	1559	1396	1372	1408	1389	1356	1340	1385	1336	1466	1389	1399	1577	1386	1373	1360	1384	1380	1399	1389	1373	1404	1446	1480	1640	1398	1422
10:02:26	37.0	1841	2044	1979	1839	1765	1714	1616	1595	1578	1575	1615	1587	1867	2268	2223	1766	1618	1657	1558	1479	1525	1527	1543	1567	1717	1736	1773	2055	1909	1938	1750	1756	2002	1517	1887	1562	1680	1785	1804	1849	1750	1778	1889	1959	1797	1728	1846	1573	1412	1373	1432	1419	1342	1381	1373	1345	1438	1423	1370	1541	1415	1409	1354	1374	1359	1367	1390	1405	1377	1486	1501	1728	1399	1383
10:06:26	37.0	1896	2077	2017	1895	1804	1678	1629	1599	1548	1574	1549	1526	1874	2291	2245	1796	1640	1606	1585	1496	1510	1512	1529	1563	1708	1748	1771	2072	2011	1956	1747	1773	2009	1525	1872	1554	1750	1792	1752	1788	1794	1795	1942	1951	1807	1773	1828	1579	1443	1393	1402	1398	1348	1403	1394	1353	1471	1444	1389	1554	1413	1375	1397	1391	1415	1388	1392	1397	1408	1476	1490	1707	1363	1412
10:10:26	37.0	1901	2049	2031	1914	1824	1655	1602	1580	1588	1554	1590	1638	1940	2300	2181	1775	1650	1604	1533	1503	1532	1513	1565	1568	1724	1768	1784	2074	1931	1980	1729	1755	1982	1552	1883	1560	1731	1767	1783	1807	1793	1755	1931	1961	1819	1776	1854	1547	1464	1391	1407	1409	1364	1384	1373	1330	1444	1435	1413	1550	1389	1376	1356	1368	1375	1404	1419	1380	1378	1515	1506	1689	1367	1422
10:14:26	37.0	1907	2062	2055	1858	1775	1668	1676	1587	1571	1567	1587	1609	1882	2324	2268	1812	1652	1615	1559	1490	1559	1568	1571	1557	1705	1740	1783	2086	1937	1961	1754	1817	1977	1545	1909	1583	1734	1792	1760	1831	1753	1747	1915	1983	1860	1755	1869	1581	1415	1378	1427	1430	1375	1400	1391	1336	1426	1397	1386	1579	1483	1416	1404	1388	1418	1359	1413	1369	1414	1485	1495	1703	1403	1425
10:18:26	37.0	1892	2103	2029	1873	1780	1715	1629	1630	1577	1593	1592	1540	1948	2367	2244	1804	1615	1596	1592	1509	1538	1529	1550	1550	1692	1715	1753	2091	1958	1991	1757	1781	2025	1529	1933	1595	1784	1791	1777	1797	1838	1773	1955	1989	1822	1793	1809	1586	1416	1371	1425	1405	1346	1389	1394	1327	1455	1421	1403	1568	1410	1453	1375	1365	1362	1402	1400	1408	1401	1477	1483	1701	1420	1410
10:22:26	37.0	1920	2043	2021	1891	1786	1687	1615	1606	1580	1592	1553	1581	1942	2352	2217	1813	1678	1631	1599	1464	1566	1545	1538	1566	1721	1711	1807	2089	1939	1976	1765	1795	2083	1542	1911	1565	1733	1787	1778	1817	1797	1775	1936	1990	1821	1816	1836	1578	1376	1375	1401	1419	1390	1390	1396	1345	1510	1427	1415	1556	1402	1426	1377	1378	1403	1407	1427	1410	1368	1497	1498	1700	1377	1429
10:26:26	37.0	1897	2110	2033	1919	1794	1679	1615	1606	1574	1540	1598	1581	1945	2374	2261	1791	1667	1631	1577	1497	1575	1550	1538	1577	1733	1762	1769	2115	1955	1951	1783	1798	2058	1516	1898	1602	1742	1770	1822	1817	1813	1801	1926	2035	1848	1763	1885	1555	1457	1377	1430	1443	1351	1383	1378	1379	1462	1421	1423	1571	1413	1437	1379	1395	1342	1403	1404	1402	1396	1496	1489	1725	1363	1468
10:30:26	37.0	1919	2111	2045	1904	1823	1704	1644	1623	1579	1624	1572	1585	1964	2300	2261	1813	1667	1636	1568	1499	1551	1536	1549	1551	1697	1724	1786	2105	2005	1989	1774	1777	2034	1537	1936	1565	1749	1796	1774	1786	1799	1822	1917	1993	1836	1795	1820	1589	1409	1368	1435	1414	1332	1366	1372	1349	1494	1437	1411	1555	1420	1385	1394	1411	1389	1394	1393	1427	1382	1499	1460	1722	1395	1407
10:34:26	37.0	1934	2133	2035	1900	1785	1718	1633	1611	1588	1591	1635	1571	1944	2321	2258	1823	1641	1625	1539	1469	1571	1556	1605	1541	1749	1730	1785	2149	2010	2044	1776	1792	2054	1551	1922	1568	1726	1789	1773	1790	1810	1801	1937	1983	1860	1750	1853	1566	1454	1382	1407	1427	1327	1347	1388	1344	1478	1423	1444	1558	1417	1433	1371	1370	1386	1414	1362	1385	1384	1492	1514	1730	1392	1397
10:38:26	37.0	1917	2101	2050	1894	1765	1736	1645	1640	1548	1613	1631	1609	1918	2376	2259	1836	1665	1665	1549	1497	1520	1573	1533	1601	1706	1725	1794	2170	1970	2023	1749	1797	2055	1536	1909	1576	1776	1789	1790	1812	1814	1809	1912	2063	1821	1797	1829	1577	1414	1350	1439	1435	1365	1414	1426	1346	1495	1478	1415	1535	1399	1383	1384	1368	1382	1416	1402	1391	1427	1537	1501	1743	1379	1410
10:42:26	37.0	1935	2120	2025	1928	1846	1703	1668	1573	1589	1593	1572	1553	1932	2353	2249	1842	1658	1638	1601	1521	1551	1561	1545	1614	1705	1770	1776	2156	2007	2055	1764	1791	2078	1569	1883	1554	1748	1782	1797	1818	1807	1778	1952	2020	1865	1751	1861	1544	1449	1393	1448	1408	1345	1381	1416	1389	1461	1413	1410	1595	1377	1400	1412	1409	1409	1420	1375	1399	1406	1486	1512	1738	1374	1411
10:46:26	37.0	1960	2096	2056	1926	1835	1703	1640	1672	1581	1577	1581	1563	2020	2409	2264	1792	1652	1620	1591	1512	1543	1555	1584	1563	1715	1743	1771	2167	1997	2022	1774	1790	2120	1554	1932	1567	1760	1816	1767	1790	1815	1748	1959	2006	1859	1752	1853	1617	1437	1406	1419	1457	1365	1368	1410	1352	1513	1418	1392	1573	1383	1425	1404	1366	1373	1397	1396	1418	1366	1506	1527	1728	1443	1377
10:50:26	37.0	1933	2142	2065	1890	1837	1693	1638	1645	1561	1579	1580	1577	1970	2381	2275	1843	1646	1638	1567	1506	1526	1564	1549	1581	1735	1763	1759	2196	2034	2086	1759	1796	2139	1546	1865	1542	1722	1769	1800	1792	1780	1757	1992	2052	1834	1781	1845	1571	1406	1348	1437	1410	1393	1401	1422	1363	1505	1444	1421	1584	1416	1375	1385	1369	1404	1400	1388	1394	1409	1506	1499	1745	1400	1428
10:54:26	37.0	1942	2168	2121	1914	1810	1755	1622	1647	1557	1585	1613	1606	2031	2434	2263	1808	1702	1605	1598	1477	1554	1577	1550	1586	1748	1777	1795	2223	2053	2056	1758	1790	2100	1501	1886	1547	1739	1811	1785	1825	1803	1745	1995	2003	1846	1753	1841	1561	1445	1376	1420	1440	1367	1412	1392	1367	1487	1440	1391	1552	1400	1426	1401	1391	1414	1386	1384	1415	1425	1489	1506	1816	1400	1418
10:58:26	37.0	1934	2119	2114	1922	1806	1724	1670	1655	1574	1599	1599	1607	1994	2410	2291	1788	1637	1636	1569	1509	1545	1565	1579	1605	1722	1750	1778	2204	2045	2065	1797	1780	2107	1522	1846	1576	1771	1768	1792	1783	1810	1783	1953	2078	1830	1765	1872	1556	1400	1367	1418	1422	1360	1404	1394	1336	1489	1454	1413	1529	1411	1427	1373	1392	1397	1365	1403	1418	1403	1536	1517	1816	1434	1405
11:02:26	37.0	1983	2181	2097	1946	1844	1702	1637	1636	1573	1622	1611	1589	2000	2410	2268	1833	1681	1656	1575	1477	1565	1563	1591	1614	1731	1723	1795	2200	2081	2086	1760	1772	2163	1555	1850	1576	1753	1792	1768	1783	1800	1766	1981	2049	1839	1784	1795	1595	1412	1383	1384	1394	1369	1391	1412	1343	1478	1467	1429	1557	1415	1397	1377	1366	1388	1403	1396	1430	1420	1501	1504	1800	1389	1447
11:06:26	37.0	1937	2153	2118	1929	1788	1697	1605	1620	1606	1592	1597	1562	1982	2434	2296	1828	1695	1623	1602	1527	1591	1541	1544	1558	1692	1729	1760	2234	2057	2110	1767	1815	2098	1499	1906	1579	1758	1815	1766	1824	1797	1781	1980	2097	1817	1760	1826	1589	1398	1386	1426	1408	1361	1387	1366	1352	1475	1452	1406	1542	1408	1438	1368	1414	1443	1390	1396	1382	1436	1536	1482	1803	1415	1429
11:10:26	37.0	1968	2214	2108	1938	1848	1755	1718	1687	1589	1607	1622	1570	2016	2450	2335	1842	1683	1627	1615	1538	1559	1579	1571	1574	1732	1735	1786	2275	2086	2129	1777	1769	2112	1536	1915	1590	1780	1807	1772	1808	1805	1744	1969	2133	1818	1781	1854	1584	1428	1416	1442	1390	1378	1403	1404	1344	1497	1447	1395	1600	1458	1381	1412	1392	1396	1404	1421	1443	1379	1495	1478	1756	1389	1429
11:14:26	37.0	1979	2149	2125	1938	1831	1765	1654	1606	1650	1578	1584	1557	2003	2458	2360	1848	1696	1660	1585	1506	1568	1610	1549	1578	1719	1766	1774	2280	2145	2137	1754	1760	2120	1529	1901	1538	1735	1771	1748	1824	1860	1748	2007	2102	1814	1746	1862	1572	1436	1370	1430	1399	1373	1401	1392	1368	1492	1419	1432	1579	1406	1414	1403	1393	1388	1371	1380	1408	1413	1548	1590	1780	1394	1423
11:18:26	37.0	1987	2178	2108	1910	1871	1723	1658	1625	1585	1594	1593	1577	2043	2426	2364	1849	1670	1670	1572	1520	1565	1548	1596	1588	1723	1765	1766	2320	2207	2132	1785	1743	2169	1535	1905	1545	1719	1791	1758	1813	1797	1766	1968	2146	1805	1789	1890	1566	1417	1395	1426	1442	1366	1375	1383	1346	1491	1421	1384	1558	1432	1385	1380	1396	1345	1405	1413	1398	1416	1526	1499	1798	1371	1407
11:22:26	37.0	2020	2216	2152	1947	1878	1724	1682	1619	1597	1632	1620	1563	2081	2463	2331	1861	1699	1691	1609	1491	1557	1590	1588	1617	1746	1730	1786	2309	2234	2132	1753	1803	2158	1542	1924	1556	1792	1785	1779	1809	1833	1747	2058	2164	1803	1782	1873	1573	1429	1387	1422	1440	1379	1399	1406	1357	1498	1425	1427	1590	1396	1427	1420	1401	1372	1406	1444	1425	1406	1528	1506	1815	1393	1398
11:26:26	37.0	2029	2212	2167	2004	1821	1740	1677	1636	1588	1622	1664	1597	2065	2505	2375	1794	1690	1661	1625	1511	1526	1565	1568	1575	1714	1755	1799	2344	2194	2197	1749	1753	2192	1574	1925	1570	1745	1812	1755	1786	1788	1752	2042	2161	1828	1799	1879	1572	1446	1373	1419	1437	1366	1432	1401	1358	1538	1424	1430	1588	1426	1439	1380	1368	1390	1394	1392	1395	1449	1529	1537	1795	1370	1409
11:30:26	37.0	2042	2188	2177	1973	1836	1727	1701	1654	1581	1602	1566	1609	2070	2412	2369	1862	1688	1646	1579	1487	1573	1563	1578	1599	1711	1756	1808	2375	2157	2185	1714	1737	2195	1503	1893	1571	1745	1768	1759	1775	1770	1772	2067	2165	1789	1742	1861	1572	1429	1414	1468	1393	1384	1399	1377	1360	1525	1419	1437	1575	1381	1424	1418	1384	1398	1416	1409	1389	1379	1515	1492	1838	1419	1429
11:34:26	37.0	2063	2216	2123	1960	1820	1794	1670	1629	1544	1609	1606	1589	2076	2511	2397	1883	1698	1691	1590	1550	1596	1564	1553	1585	1696	1761	1825	2374	2218	2222	1791	1780	2189	1574	1934	1592	1752	1794	1836	1792	1832	1742	2068	2196	1864	1763	1913	1569	1446	1358	1434	1415	1380	1385	1410	1387	1511	1438	1436	1604	1429	1429	1412	1404	1404	1389	1402	1407	1418	1498	1546	1778	1400	1421
11:38:26	37.0	2038	2201	2160	1952	1857	1730	1692	1661	1587	1632	1612	1572	2075	2420	2337	1856	1697	1704	1593	1549	1556	1583	1600	1568	1713	1749	1800	2402	2217	2228	1801	1784	2251	1562	1923	1572	1727	1774	1788	1796	1768	1760	2062	2190	1825	1767	1844	1557	1440	1422	1418	1382	1378	1395	1411	1347	1501	1419	1410	1604	1429	1423	1402	1366	1395	1389	1428	1417	1409	1520	1513	1812	1423	1425
11:42:26	37.0	2057	2240	2186	1959	1893	1753	1678	1652	1594	1590	1604	1613	2094	2489	2376	1916	1718	1680	1592	1535	1615	1602	1570	1570	1702	1759	1809	2362	2239	2200	1785	1769	2208	1554	1957	1566	1745	1786	1795	1811	1812	1769	2075	2194	1826	1775	1839	1576	1433	1396	1421	1463	1364	1432	1390	1422	1491	1481	1431	1594	1437	1421	1374	1406	1407	1400	1421	1412	1413	1519	1573	1803	1428	1421
11:46:26	37.0	2037	2252	2184	1954	1876	1789	1685	1655	1603	1574	1633	1598	2131	2522	2424	1878	1747	1673	1610	1542	1578	1624	1596	1585	1731	1779	1781	2410	2195	2296	1753	1764	2243	1572	1976	1576	1740	1802	1771	1779	1774	1727	2106	2263	1810	1756	1804	1591	1435	1418	1468	1416	1366	1405	1391	1395	1512	1469	1440	1606	1414	1411	1388	1383	1392	1407	1415	1445	1439	1546	1554	1797	1412	1418
11:50:26	37.0	2056	2254	2173	1995	1854	1764	1731	1671	1594	1617	1639	1588	2080	2518	2381	1905	1697	1686	1584	1539	1543	1562	1578	1606	1732	1744	1790	2460	2228	2251	1793	1781	2242	1586	1934	1583	1745	1816	1754	1802	1764	1766	2100	2236	1846	1756	1846	1595	1447	1415	1467	1419	1374	1402	1389	1365	1522	1458	1400	1572	1401	1407	1410	1392	1421	1431	1407	1441	1422	1545	1543	1861	1429	1455
11:54:26	37.0	2057	2246	2191	1996	1879	1777	1713	1688	1664	1646	1645	1600	2101	2490	2405	1885	1690	1689	1650	1536	1615	1590	1618	1593	1709	1750	1758	2476	2263	2269	1799	1797	2250	1647	1931	1585	1772	1802	1817	1813	1801	1793	2163	2258	1835	1790	1846	1584	1457	1414	1483	1449	1408	1435	1389	1370	1542	1448	1454	1606	1406	1444	1428	1396	1400	1391	1434	1449	1411	1517	1555	1854	1400	1436
11:58:26	37.0	2079	2267	2141	1986	1907	1749	1669	1667	1614	1624	1612	1587	2100	2483	2441	1843	1773	1660	1619	1563	1579	1562	1597	1569	1720	1770	1742	2475	2269	2265	1758	1812	2244	1571	1938	1586	1743	1825	1784	1780	1801	1750	2112	2255	1821	1780	1839	1577	1425	1366	1409	1429	1361	1434	1412	1381	1541	1481	1431	1597	1410	1415	1410	1375	1381	1428	1392	1410	1376	1510	1539	1859	1427	1433
12:02:26	37.0	2040	2307	2222	2007	1919	1759	1693	1632	1598	1589	1653	1605	2119	2495	2434	1874	1677	1707	1622	1557	1540	1597	1590	1581	1728	1764	1779	2467	2260	2351	1796	1799	2236	1542	1966	1582	1783	1798	1816	1804	1806	1744	2132	2275	1801	1799	1858	1585	1462	1413	1425	1408	1362	1426	1409	1376	1542	1456	1440	1593	1425	1455	1375	1403	1396	1407	1412	1431	1419	1551	1553	1845	1408	1462
12:06:26	37.0	2069	2256	2202	1982	1893	1821	1711	1688	1633	1629	1668	1588	2184	2508	2431	1867	1724	1711	1668	1544	1591	1622	1591	1593	1719	1791	1822	2515	2270	2344	1765	1806	2213	1540	1972	1576	1753	1825	1818	1834	1812	1765	2181	2311	1849	1777	1863	1567	1428	1411	1432	1469	1395	1387	1411	1367	1528	1429	1459	1599	1410	1451	1456	1402	1416	1414	1433	1438	1402	1569	1567	1908	1439	1386
12:10:26	37.0	2060	2300	2194	2039	1894	1778	1704	1662	1594	1608	1642	1613	2143	2498	2380	1876	1711	1663	1627	1540	1563	1607	1584	1547	1759	1759	1786	2547	2266	2336	1761	1776	2233	1593	1956	1559	1766	1839	1771	1824	1801	1752	2168	2300	1785	1807	1841	1569	1478	1417	1448	1403	1372	1390	1416	1381	1505	1454	1434	1612	1390	1397	1419	1352	1403	1375	1395	1449	1442	1543	1559	1914	1407	1420
12:14:26	37.0	2115	2277	2250	2012	1874	1772	1701	1645	1638	1647	1673	1612	2142	2576	2406	1885	1750	1690	1631	1561	1581	1572	1611	1585	1731	1746	1797	2576	2234	2345	1762	1829	2250	1567	1963	1558	1770	1847	1802	1849	1806	1740	2210	2311	1845	1771	1843	1625	1474	1425	1430	1424	1343	1436	1400	1378	1543	1421	1446	1601	1409	1399	1411	1397	1417	1405	1434	1426	1422	1531	1559	1905	1420	1431
12:18:26	37.0	2093	2307	2225	1998	1895	1778	1688	1695	1615	1612	1620	1600	2187	2583	2470	1915	1772	1671	1630	1555	1619	1618	1627	1585	1735	1812	1821	2586	2304	2346	1806	1801	2309	1565	1990	1599	1747	1860	1814	1795	1798	1753	2164	2336	1836	1770	1852	1579	1448	1388	1453	1410	1370	1411	1391	1351	1550	1435	1471	1584	1432	1430	1370	1392	1421	1431	1408	1471	1428	1566	1582	1909	1380	1437
12:22:26	37.0	2102	2285	2268	1979	1877	1784	1723	1649	1643	1655	1653	1593	2170	2525	2412	1899	1739	1716	1629	1540	1594	1608	1583	1591	1772	1805	1763	2617	2236	2370	1810	1808	2307	1582	1965	1582	1771	1845	1826	1813	1789	1758	2188	2291	1874	1810	1905	1606	1458	1427	1449	1443	1385	1411	1394	1349	1491	1484	1431	1592	1444	1406	1415	1373	1436	1412	1418	1422	1430	1585	1569	1911	1371	1453
12:26:26	37.0	2128	2311	2228	1994	1893	1754	1651	1664	1633	1664	1636	1594	2197	2579	2438	1883	1786	1697	1649	1545	1576	1585	1589	1583	1700	1787	1750	2634	2293	2406	1788	1810	2299	1585	1982	1586	1774	1865	1862	1834	1840	1744	2213	2384	1822	1771	1842	1571	1440	1415	1429	1436	1416	1431	1375	1381	1514	1436	1409	1573	1433	1435	1401	1432	1421	1418	1420	1429	1432	1563	1547	1894	1378	1448
12:30:26	37.0	2146	2255	2273	2026	1939	1813	1684	1649	1640	1669	1635	1605	2183	2555	2421	1907	1764	1720	1608	1568	1598	1602	1602	1592	1714	1779	1806	2650	2318	2448	1778	1808	2273	1576	2036	1560	1735	1868	1871	1831	1849	1746	2232	2395	1814	1763	1869	1571	1441	1412	1431	1465	1407	1401	1395	1392	1540	1472	1480	1572	1407	1467	1423	1428	1416	1421	1393	1415	1419	1584	1579	1928	1420	1446
12:34:26	37.0	2142	2321	2239	2017	1926	1770	1736	1706	1632	1644	1649	1613	2187	2601	2453	1886	1788	1709	1624	1558	1622	1616	1619	1606	1717	1795	1782	2703	2360	2449	1808	1814	2288	1596	1988	1642	1801	1841	1859	1826	1797	1748	2312	2352	1863	1799	1875	1571	1485	1421	1484	1437	1387	1390	1409	1368	1516	1455	1444	1564	1442	1436	1402	1430	1422	1420	1413	1442	1427	1539	1567	1902	1386	1481
12:38:26	37.0	2147	2337	2237	2013	1909	1784	1701	1701	1666	1631	1635	1621	2175	2579	2444	1886	1738	1700	1621	1554	1622	1579	1661	1607	1723	1771	1789	2692	2350	2467	1837	1759	2311	1612	2010	1571	1783	1817	1841	1883	1834	1771	2272	2415	1848	1794	1882	1583	1451	1373	1469	1471	1373	1432	1424	1359	1528	1460	1431	1589	1426	1398	1409	1409	1406	1426	1412	1430	1443	1548	1568	1917	1415	1406
12:42:26	37.0	2144	2345	2272	1995	1933	1783	1697	1678	1630	1625	1673	1619	2186	2580	2431	1885	1728	1755	1656	1564	1601	1593	1624	1585	1683	1783	1750	2711	2337	2461	1836	1801	2381	1618	2061	1558	1816	1865	1840	1802	1822	1790	2294	2413	1842	1779	1912	1588	1475	1397	1450	1433	1375	1399	1424	1382	1556	1438	1441	1571	1442	1441	1422	1416	1407	1396	1400	1448	1459	1544	1591	1917	1410	1453
12:46:26	37.0	2126	2354	2307	2029	1945	1781	1739	1676	1669	1668	1631	1633	2210	2589	2465	1945	1774	1716	1616	1567	1595	1590	1618	1592	1703	1811	1802	2720	2306	2472	1832	1841	2359	1590	2004	1559	1786	1840	1842	1818	1826	1782	2282	2430	1841	1782	1925	1572	1446	1408	1464	1427	1398	1391	1396	1391	1570	1436	1455	1608	1406	1443	1402	1376	1372	1419	1362	1467	1451	1547	1525	1904	1367	1429
12:50:26	37.0	2205	2342	2284	1982	1949	1791	1739	1709	1632	1643	1630	1623	2202	2572	2434	1929	1741	1697	1626	1559	1608	1568	1608	1576	1753	1825	1786	2708	2378	2456	1816	1805	2402	1549	2030	1584	1739	1844	1839	1859	1832	1741	2275	2439	1859	1795	1934	1582	1460	1424	1443	1427	1396	1437	1432	1370	1542	1470	1456	1562	1449	1422	1407	1384	1403	1437	1409	1471	1429	1565	1592	1910	1413	1411
12:54:26	37.0	2204	2363	2256	2042	1908	1795	1742	1705	1628	1666	1647	1619	2249	2566	2501	1932	1752	1695	1679	1576	1627	1615	1601	1626	1738	1786	1764	2778	2350	2536	1820	1839	2403	1590	2044	1553	1748	1905	1873	1856	1802	1753	2325	2467	1845	1830	1952	1594	1462	1409	1448	1447	1407	1422	1417	1395	1549	1455	1463	1589	1438	1440	1408	1414	1402	1379	1387	1441	1420	1587	1598	1911	1417	1433
12:58:26	37.0	2155	2362	2277	2025	1923	1789	1727	1705	1665	1636	1648	1622	2242	2595	2450	1912	1806	1736	1633	1622	1620	1605	1653	1619	1750	1851	1823	2735	2367	2550	1782	1830	2406	1580	2041	1623	1774	1899	1854	1881	1873	1811	2381	2476	1912	1824	1887	1628	1441	1441	1473	1427	1376	1419	1389	1391	1564	1435	1489	1583	1424	1461	1418	1447	1435	1448	1402	1443	1438	1566	1601	1929	1395	1421
13:02:26	37.0	2169	2319	2266	2040	1910	1862	1729	1689	1649	1647	1684	1629	2205	2668	2480	1924	1749	1711	1677	1580	1617	1614	1649	1584	1737	1835	1764	2796	2372	2544	1808	1819	2422	1576	2087	1573	1782	1896	1831	1864	1853	1771	2346	2490	1899	1821	1925	1554	1461	1408	1444	1462	1416	1421	1423	1389	1533	1462	1438	1585	1426	1432	1411	1400	1417	1413	1421	1461	1440	1573	1573	1943	1392	1432
13:06:26	37.0	2178	2395	2277	2036	1951	1825	1744	1720	1667	1641	1653	1617	2248	2580	2469	1894	1764	1731	1640	1580	1596	1621	1625	1596	1792	1871	1815	2812	2374	2606	1857	1843	2395	1586	2067	1567	1782	1886	1851	1898	1850	1791	2349	2465	1888	1816	1929	1574	1482	1428	1451	1445	1423	1429	1410	1369	1603	1483	1439	1594	1438	1435	1416	1443	1426	1442	1401	1439	1428	1604	1591	1923	1377	1441
13:10:26	37.0	2213	2356	2270	2063	1958	1811	1712	1686	1666	1690	1652	1620	2271	2629	2477	1926	1791	1711	1658	1597	1649	1603	1627	1609	1697	1848	1766	2837	2369	2598	1877	1872	2454	1582	2043	1546	1773	1913	1846	1878	1828	1789	2358	2527	1840	1845	1930	1591	1418	1429	1443	1467	1399	1403	1403	1354	1585	1452	1449	1580	1433	1430	1414	1429	1415	1477	1386	1429	1443	1557	1618	1982	1424	1455
13:14:26	37.0	2176	2376	2293	2067	1939	1819	1707	1703	1648	1654	1631	1601	2287	2598	2461	1977	1784	1707	1624	1577	1568	1603	1670	1610	1779	1810	1800	2837	2448	2597	1833	1843	2408	1581	2069	1566	1766	1942	1882	1899	1859	1824	2417	2502	1884	1809	1914	1591	1443	1415	1474	1425	1394	1426	1420	1392	1557	1467	1409	1580	1459	1477	1396	1394	1377	1412	1403	1418	1458	1537	1619	1971	1384	1437
13:18:26	37.0	2230	2367	2315	2090	1968	1813	1760	1721	1607	1651	1679	1631	2262	2637	2536	1946	1779	1747	1638	1566	1619	1623	1597	1600	1753	1835	1804	2876	2455	2631	1830	1860	2446	1614	2076	1569	1790	1931	1873	1895	1848	1782	2360	2570	1888	1825	1917	1616	1491	1447	1443	1458	1396	1443	1433	1363	1552	1464	1465	1600	1436	1432	1426	1372	1390	1406	1406	1487	1416	1579	1597	1903	1407	1424
13:22:26	37.0	2233	2366	2347	2052	1945	1821	1727	1731	1680	1640	1661	1600	2303	2672	2511	1879	1811	1724	1674	1575	1623	1621	1638	1598	1745	1824	1797	2933	2436	2666	1854	1893	2414	1592	2092	1585	1811	1952	1858	1890	1895	1807	2439	2574	1882	1799	1985	1586	1466	1436	1447	1438	1407	1432	1422	1405	1598	1457	1495	1582	1447	1464	1473	1414	1409	1438	1427	1432	1461	1645	1652	1977	1391	1488
13:26:26	37.0	2223	2391	2341	2073	1970	1845	1772	1695	1666	1636	1644	1642	2292	2634	2527	1942	1755	1737	1680	1603	1622	1641	1615	1589	1813	1808	1802	2942	2473	2651	1851	1894	2397	1610	2115	1544	1790	1929	1869	1883	1843	1810	2439	2588	1861	1835	1945	1586	1486	1419	1459	1448	1379	1449	1399	1401	1590	1465	1440	1588	1432	1481	1430	1421	1400	1441	1403	1458	1436	1580	1583	1954	1390	1410
13:30:26	37.0	2220	2377	2367	2104	1962	1813	1785	1708	1643	1661	1673	1642	2277	2662	2528	1962	1803	1740	1614	1605	1622	1647	1648	1589	1817	1841	1794	2934	2467	2687	1856	1840	2480	1587	2102	1595	1830	1916	1903	1911	1886	1816	2435	2577	1910	1828	1952	1568	1440	1412	1501	1459	1399	1418	1415	1367	1575	1474	1432	1591	1446	1436	1406	1391	1424	1454	1421	1402	1442	1609	1617	1999	1428	1463
13:34:26	37.0	2234	2430	2360	2080	1992	1814	1763	1694	1634	1626	1641	1650	2350	2725	2511	1916	1816	1771	1645	1612	1638	1664	1630	1569	1767	1848	1817	2962	2442	2704	1846	1901	2515	1567	2078	1573	1812	1930	1882	1939	1849	1791	2453	2628	1962	1829	1942	1594	1485	1442	1449	1428	1363	1421	1416	1385	1562	1468	1448	1591	1439	1402	1416	1405	1399	1418	1427	1420	1481	1601	1611	1981	1369	1431
13:38:26	37.0	2255	2403	2367	2088	1964	1852	1775	1723	1655	1664	1667	1656	2296	2698	2545	1980	1808	1755	1645	1604	1610	1627	1636	1611	1746	1864	1818	3015	2486	2763	1845	1863	2475	1644	2122	1583	1846	1933	1930	1901	1904	1811	2443	2651	1912	1840	1973	1568	1464	1429	1432	1468	1421	1410	1402	1406	1594	1490	1446	1590	1473	1445	1440	1425	1452	1474	1416	1432	1473	1606	1600	1968	1421	1449
13:42:26	37.0	2298	2436	2392	2133	1983	1865	1783	1738	1685	1659	1667	1619	2333	2674	2565	1984	1828	1752	1658	1585	1629	1650	1646	1614	1784	1899	1811	2962	2515	2802	1936	1864	2502	1642	2088	1572	1842	1963	1950	1945	1904	1821	2503	2688	1949	1846	2015	1606	1495	1439	1459	1450	1387	1438	1458	1415	1568	1492	1487	1592	1453	1465	1419	1409	1392	1412	1412	1477	1435	1613	1617	2001	1439	1454
13:46:26	37.0	2300	2414	2314	2106	1953	1851	1750	1706	1641	1657	1649	1630	2334	2684	2568	1990	1787	1785	1662	1618	1686	1654	1664	1586	1794	1903	1843	2991	2519	2785	1892	1913	2567	1630	2104	1569	1859	2013	1900	1927	1910	1828	2508	2722	1952	1808	1984	1621	1466	1444	1478	1481	1414	1440	1450	1393	1597	1460	1461	1651	1458	1444	1441	1427	1447	1451	1436	1448	1455	1588	1641	2015	1375	1454
13:50:26	37.0	2239	2431	2326	2090	2018	1855	1795	1706	1674	1669	1668	1682	2352	2730	2556	1976	1824	1739	1680	1596	1596	1643	1642	1643	1774	1859	1818	2979	2586	2868	1881	1921	2490	1620	2104	1595	1879	1983	1935	1941	1872	1830	2520	2737	1973	1871	1989	1616	1456	1439	1436	1465	1404	1488	1450	1437	1619	1492	1472	1623	1488	1456	1441	1408	1429	1429	1409	1464	1521	1596	1634	1965	1427	1435
13:54:26	37.0	2266	2449	2354	2154	1993	1855	1754	1725	1678	1674	1693	1667	2332	2672	2527	2000	1827	1754	1707	1582	1648	1638	1657	1622	1767	1891	1822	3059	2567	2835	1909	1896	2535	1648	2162	1589	1895	1983	1945	1944	1935	1828	2566	2747	1929	1850	2027	1584	1490	1434	1457	1472	1416	1438	1423	1394	1609	1501	1459	1603	1433	1458	1439	1413	1436	1460	1427	1443	1492	1610	1631	2022	1456	1462
13:58:26	37.0	2283	2447	2371	2085	2011	1882	1813	1762	1703	1691	1674	1625	2383	2733	2548	1979	1812	1789	1695	1620	1664	1663	1681	1600	1793	1883	1853	3054	2563	2852	1969	1935	2559	1595	2129	1625	1869	2023	1961	1966	1902	1820	2568	2825	1950	1857	2010	1604	1486	1445	1462	1460	1365	1460	1424	1418	1605	1480	1471	1619	1483	1461	1440	1391	1471	1405	1435	1431	1422	1661	1639	1978	1432	1475
14:02:26	37.0	2306	2459	2381	2121	2018	1815	1778	1755	1686	1699	1683	1655	2412	2734	2578	1980	1833	1751	1663	1600	1674	1678	1652	1564	1809	1849	1859	3075	2618	2831	1929	1911	2553	1623	2172	1582	1842	1989	1947	1973	1882	1843	2530	2736	1974	1903	2032	1583	1505	1432	1477	1445	1389	1445	1444	1399	1614	1470	1442	1580	1444	1459	1393	1425	1439	1427	1419	1463	1459	1590	1622	2003	1410	1482
14:06:26	37.0	2306	2434	2440	2143	2029	1859	1803	1727	1661	1700	1674	1635	2414	2743	2530	1976	1781	1768	1691	1625	1633	1632	1674	1571	1790	1901	1894	3071	2588	2898	1902	1952	2560	1658	2162	1605	1857	2047	1994	2005	1969	1854	2588	2823	1944	1888	2033	1572	1483	1433	1463	1466	1420	1431	1449	1379	1616	1500	1479	1626	1445	1468	1423	1398	1385	1463	1420	1446	1460	1605	1645	2022	1400	1499
14:10:26	37.0	2326	2430	2409	2137	1999	1842	1788	1730	1675	1694	1695	1639	2408	2703	2608	1982	1829	1783	1713	1594	1647	1656	1667	1611	1796	1913	1846	3111	2653	2915	1945	1986	2581	1614	2161	1588	1875	2095	1977	1951	1916	1874	2596	2838	1937	1885	2074	1581	1475	1424	1472	1460	1433	1441	1441	1409	1633	1482	1470	1618	1486	1455	1423	1410	1420	1478	1452	1452	1478	1599	1661	2038	1413	1482
14:14:26	37.0	2318	2519	2396	2128	2034	1872	1749	1724	1687	1701	1681	1643	2409	2741	2625	2055	1837	1764	1686	1601	1659	1668	1705	1634	1846	1894	1855	3134	2687	2899	1906	1952	2565	1613	2128	1585	1848	2046	1960	1985	1938	1903	2649	2895	1981	1953	2088	1597	1494	1456	1488	1467	1403	1481	1446	1434	1624	1472	1477	1626	1458	1435	1472	1442	1421	1430	1446	1457	1458	1618	1660	2041	1382	1462
14:18:26	37.0	2315	2532	2418	2077	2001	1902	1786	1742	1703	1699	1677	1668	2440	2726	2544	2012	1833	1730	1704	1621	1674	1668	1657	1588	1800	1918	1848	3131	2701	2922	1980	1994	2596	1598	2123	1582	1884	2054	1945	1999	1928	1860	2694	2875	1992	1896	2037	1622	1499	1424	1487	1485	1391	1455	1465	1401	1631	1468	1501	1634	1420	1473	1432	1434	1450	1431	1443	1429	1438	1633	1654	2026	1397	1452
14:22:26	37.0	2321	2472	2395	2148	2026	1815	1809	1753	1717	1692	1685	1663	2437	2728	2638	1994	1832	1793	1687	1589	1666	1625	1664	1645	1768	1916	1840	3129	2660	2974	1966	1998	2576	1604	2139	1568	1917	1997	1927	2007	1933	1859	2655	2908	2004	1910	2067	1626	1508	1459	1456	1458	1422	1441	1461	1421	1635	1486	1485	1633	1407	1442	1445	1419	1442	1436	1453	1435	1471	1646	1681	2047	1370	1440
14:26:26	37.0	2328	2488	2439	2149	2036	1856	1782	1752	1686	1689	1699	1636	2443	2733	2607	2014	1857	1786	1693	1623	1652	1609	1677	1631	1833	1938	1886	3173	2684	2914	1910	1992	2587	1637	2168	1618	1890	2035	1947	2002	1967	1922	2699	2939	2022	1928	2054	1568	1505	1451	1478	1449	1435	1419	1436	1396	1620	1476	1468	1582	1476	1459	1435	1410	1450	1431	1431	1462	1440	1652	1666	2009	1404	1472
14:30:26	37.0	2332	2508	2403	2080	1980	1887	1803	1722	1687	1661	1674	1663	2438	2781	2633	1995	1832	1781	1677	1594	1653	1675	1701	1635	1855	1921	1911	3155	2669	2960	1954	2009	2611	1652	2171	1642	1895	2065	1978	2001	1986	1876	2655	2904	2013	1906	2130	1640	1504	1460	1455	1459	1429	1427	1455	1425	1642	1488	1440	1590	1472	1468	1449	1441	1434	1448	1429	1439	1446	1645	1668	1978	1386	1452
14:34:26	37.0	2324	2514	2393	2107	2014	1883	1795	1771	1683	1718	1696	1656	2474	2790	2576	1993	1818	1798	1680	1639	1623	1661	1698	1626	1818	1941	1918	3154	2700	2982	1973	2001	2614	1654	2181	1618	1890	2051	1975	2017	1950	1890	2734	2957	2040	1893	2068	1588	1494	1468	1497	1478	1431	1436	1447	1419	1615	1489	1488	1636	1492	1449	1460	1438	1407	1472	1442	1470	1460	1652	1673	2023	1425	1479
14:38:26	37.0	2367	2522	2425	2131	2038	1863	1797	1738	1690	1666	1681	1706	2523	2780	2646	1979	1827	1763	1685	1611	1668	1670	1695	1624	1875	1959	1917	3124	2735	3016	1979	2014	2648	1643	2140	1600	1983	2049	1981	2022	1951	1897	2750	3015	2065	1908	2106	1602	1513	1434	1467	1466	1444	1470	1446	1409	1609	1481	1511	1625	1511	1457	1457	1422	1478	1485	1425	1469	1424	1659	1722	2061	1396	1463
14:42:26	37.0	2330	2507	2424	2140	2009	1906	1793	1795	1691	1742	1700	1696	2439	2751	2630	2014	1848	1774	1703	1652	1656	1657	1729	1626	1847	1952	1880	3222	2770	3029	1976	2012	2644	1612	2143	1587	1904	2064	1974	2017	1970	1949	2766	3026	2042	1939	2096	1630	1481	1432	1433	1427	1407	1436	1450	1429	1643	1494	1485	1627	1472	1464	1442	1438	1448	1437	1415	1458	1498	1675	1679	2083	1440	1448
14:46:26	37.0	2333	2502	2439	2116	2030	1878	1801	1778	1678	1675	1696	1676	2491	2787	2681	2018	1855	1793	1695	1597	1688	1634	1676	1617	1837	1951	1887	3233	2764	3054	2008	2003	2658	1638	2159	1607	1930	2074	2038	2034	1986	1906	2739	3012	2036	1936	2056	1640	1521	1432	1465	1475	1416	1420	1447	1396	1648	1505	1476	1593	1467	1440	1442	1464	1427	1459	1448	1435	1491	1636	1663	2028	1368	1524
14:50:26	37.0	2356	2576	2455	2173	2086	1889	1802	1741	1731	1716	1724	1686	2484	2752	2635	1987	1855	1774	1708	1635	1645	1649	1719	1640	1849	1976	1921	3214	2803	3001	2022	2024	2674	1608	2182	1613	1886	2136	1949	2042	1960	1893	2819	3051	2019	1997	2092	1622	1502	1508	1490	1461	1425	1469	1451	1405	1634	1477	1495	1653	1471	1444	1404	1451	1418	1437	1444	1444	1485	1675	1660	2061	1422	1455
14:54:26	37.0	2377	2497	2468	2127	2025	1871	1856	1757	1730	1729	1704	1681	2517	2777	2663	2010	1854	1813	1674	1660	1656	1673	1695	1643	1887	1951	1960	3194	2751	3073	1987	2006	2665	1630	2195	1609	1926	2083	1996	2083	1994	1917	2843	3098	2095	1968	2143	1590	1521	1435	1480	1447	1410	1453	1462	1417	1653	1500	1484	1612	1478	1504	1437	1460	1459	1444	1460	1452	1439	1658	1671	2064	1428	1500
14:58:26	37.0	2354	2548	2457	2199	2052	1877	1826	1767	1715	1697	1713	1668	2510	2794	2629	2015	1790	1802	1682	1637	1657	1680	1633	1621	1847	1987	1910	3259	2801	3059	1970	2007	2677	1642	2190	1598	1918	2116	2026	2099	2027	1960	2870	3086	2070	1975	2129	1626	1530	1477	1477	1461	1429	1487	1437	1422	1666	1499	1492	1645	1513	1504	1453	1435	1471	1431	1432	1486	1498	1642	1679	2094	1374	1477
15:02:26	37.0	2362	2533	2470	2164	2012	1913	1826	1776	1711	1671	1688	1684	2544	2818	2662	2049	1834	1790	1686	1635	1668	1664	1673	1672	1864	1950	1934	3235	2844	3055	2051	2044	2649	1639	2221	1622	1966	2082	2023	2126	2008	1935	2877	3029	2093	1975	2143	1638	1528	1445	1453	1482	1421	1417	1459	1396	1651	1480	1451	1591	1451	1456	1459	1440	1439	1422	1485	1449	1462	1668	1680	2063	1417	1495
15:06:26	37.0	2369	2551	2506	2162	2050	1918	1796	1739	1750	1681	1707	1695	2587	2817	2675	2032	1831	1803	1695	1631	1647	1668	1695	1602	1891	1944	1917	3269	2821	3071	2041	1998	2644	1632	2204	1602	1902	2132	2017	2070	2047	1938	2881	3099	2097	1938	2117	1605	1526	1437	1472	1490	1434	1452	1451	1401	1668	1485	1482	1628	1471	1448	1445	1442	1463	1456	1459	1473	1489	1680	1680	2054	1413	1467
15:10:26	37.0	2412	2564	2446	2178	2091	1925	1841	1806	1695	1687	1669	1686	2557	2797	2707	1994	1842	1798	1727	1632	1675	1683	1676	1686	1852	1989	1970	3321	2851	3098	2051	2074	2719	1644	2180	1586	1957	2081	2036	2073	2030	1936	2892	3143	2086	1969	2156	1610	1509	1455	1464	1455	1426	1439	1480	1434	1638	1474	1485	1601	1466	1469	1461	1414	1446	1445	1434	1491	1474	1641	1684	2034	1389	1471
15:14:26	37.0	2372	2578	2516	2201	2077	1896	1824	1793	1699	1710	1753	1665	2530	2826	2644	2048	1859	1783	1680	1635	1648	1664	1710	1630	1886	1967	1909	3274	2853	3078	2072	2038	2671	1689	2200	1616	1988	2126	2036	2103	2090	1932	2988	3136	2112	1979	2137	1643	1508	1455	1488	1472	1412	1461	1463	1420	1676	1504	1487	1633	1465	1485	1418	1434	1439	1461	1460	1483	1498	1716	1684	2063	1422	1461
15:18:26	37.0	2377	2558	2496	2164	2020	1908	1812	1744	1717	1674	1698	1686	2573	2813	2657	2050	1875	1837	1679	1653	1664	1683	1686	1631	1865	2012	1926	3338	2843	3134	2068	2002	2674	1665	2188	1622	1976	2147	2036	2096	2053	1967	2955	3177	2088	2030	2165	1625	1502	1468	1503	1495	1420	1416	1499	1397	1680	1463	1494	1633	1468	1481	1426	1420	1433	1473	1458	1477	1446	1697	1716	2022	1427	1499
15:22:26	37.0	2368	2537	2549	2148	2032	1865	1797	1762	1749	1713	1718	1650	2550	2856	2692	1982	1839	1808	1700	1626	1663	1666	1697	1644	1928	1984	1966	3327	2842	3128	2002	2061	2696	1631	2228	1599	1957	2120	2013	2071	2045	1930	2991	3181	2108	1958	2163	1614	1510	1408	1494	1487	1424	1471	1445	1436	1671	1476	1485	1638	1489	1441	1421	1456	1414	1434	1469	1458	1477	1644	1701	2084	1420	1513
15:26:26	37.0	2384	2603	2481	2190	2052	1879	1858	1776	1705	1743	1733	1666	2584	2818	2663	1991	1896	1809	1740	1661	1678	1663	1729	1635	1898	2042	1966	3332	2841	3186	2071	2115	2725	1657	2171	1605	1969	2178	2070	2092	2098	1963	2968	3201	2117	2003	2197	1638	1528	1480	1455	1538	1438	1451	1458	1437	1665	1515	1492	1623	1472	1436	1452	1454	1452	1483	1435	1492	1471	1696	1684	2110	1410	1476
15:30:26	37.0	2384	2614	2513	2221	2060	1885	1838	1773	1698	1743	1731	1681	2608	2880	2698	2080	1884	1808	1720	1629	1681	1687	1743	1648	1925	2021	1959	3335	2846	3146	2005	2080	2735	1655	2202	1625	1978	2168	2040	2110	2117	1977	3040	3205	2105	2042	2162	1599	1550	1472	1442	1483	1461	1492	1459	1402	1684	1532	1466	1647	1494	1468	1452	1444	1475	1467	1443	1509	1486	1689	1694	2109	1397	1501
15:34:26	37.0	2411	2601	2494	2155	2025	1898	1853	1824	1738	1751	1710	1712	2616	2861	2691	2058	1854	1847	1711	1663	1703	1685	1701	1638	1911	2004	1975	3380	2866	3149	2050	2097	2730	1621	2237	1605	2029	2203	2073	2144	2099	2004	3054	3216	2179	2001	2148	1612	1516	1448	1446	1466	1455	1481	1488	1429	1683	1498	1488	1681	1483	1492	1439	1445	1445	1483	1465	1509	1496	1701	1701	2086	1383	1483
15:38:26	37.0	2411	2591	2515	2198	2099	1927	1890	1769	1715	1744	1716	1721	2602	2820	2723	2020	1882	1788	1700	1659	1695	1688	1672	1636	1913	2018	1974	3369	2860	3143	2083	2089	2729	1696	2228	1613	1973	2169	2084	2140	2065	2046	3046	3242	2152	2048	2212	1638	1523	1494	1474	1513	1410	1473	1471	1446	1691	1517	1509	1651	1465	1467	1446	1451	1437	1477	1453	1488	1504	1684	1701	2077	1385	1489
15:42:26	37.0	2410	2566	2487	2242	2085	1898	1835	1772	1729	1730	1723	1724	2654	2898	2702	2076	1858	1805	1740	1649	1666	1680	1714	1698	1901	2036	2006	3432	2942	3204	2086	2137	2763	1684	2223	1570	1960	2173	2093	2115	2100	2026	3049	3258	2116	2033	2221	1658	1534	1441	1484	1506	1426	1483	1440	1420	1672	1491	1477	1641	1466	1502	1472	1460	1458	1444	1468	1481	1455	1678	1711	2088	1450	1496
15:46:26	37.0	2411	2584	2542	2207	2071	1910	1842	1804	1748	1750	1727	1715	2638	2877	2683	2041	1917	1837	1737	1663	1689	1729	1695	1654	1958	2047	2033	3388	2952	3228	2145	2169	2734	1672	2282	1639	2064	2196	2139	2165	2176	2014	3116	3284	2205	2048	2200	1633	1563	1460	1503	1489	1438	1495	1463	1444	1699	1510	1532	1644	1479	1483	1461	1469	1437	1487	1471	1473	1500	1713	1746	2144	1417	1498
15:50:26	37.0	2423	2568	2523	2157	2086	1880	1869	1809	1735	1730	1715	1678	2614	2891	2760	2070	1880	1806	1716	1632	1718	1714	1727	1629	1892	2042	1986	3412	2945	3254	2093	2102	2728	1671	2224	1584	2020	2183	2075	2169	2125	1973	3161	3282	2136	2049	2188	1631	1510	1434	1482	1466	1429	1471	1463	1426	1684	1456	1505	1616	1456	1469	1466	1439	1434	1479	1462	1474	1486	1696	1695	2076	1443	1460
15:54:26	37.0	2428	2618	2537	2198	2059	1942	1838	1805	1783	1724	1755	1690	2675	2869	2675	2077	1935	1803	1740	1626	1688	1720	1686	1657	1922	2066	2011	3397	2986	3197	2125	2124	2720	1621	2275	1619	2046	2201	2145	2139	2137	2027	3122	3234	2178	2077	2236	1626	1555	1482	1500	1500	1453	1456	1482	1439	1714	1518	1490	1698	1466	1506	1460	1469	1397	1464	1481	1478	1450	1741	1725	2084	1412	1509
15:58:26	37.0	2454	2626	2501	2258	2077	1945	1810	1794	1694	1709	1757	1648	2637	2905	2769	2109	1866	1818	1719	1666	1678	1717	1735	1660	1916	2071	1980	3456	2966	3215	2096	2165	2723	1665	2323	1614	2000	2221	2107	2174	2089	2009	3133	3360	2189	2070	2216	1615	1559	1472	1486	1475	1427	1467	1471	1434	1713	1519	1497	1633	1483	1483	1458	1476	1433	1454	1483	1448	1465	1708	1719	2099	1443	1479
16:02:26	37.0	2491	2577	2579	2217	2077	1916	1849	1830	1738	1743	1729	1690	2611	2914	2736	2072	1910	1819	1744	1703	1701	1681	1737	1677	1954	2053	2037	3469	2988	3218	2094	2104	2729	1653	2284	1611	2060	2234	2134	2187	2081	2033	3213	3379	2182	2083	2188	1640	1565	1486	1504	1479	1457	1446	1469	1433	1750	1484	1525	1618	1476	1506	1482	1452	1422	1473	1497	1479	1494	1734	1734	2101	1445	1508
16:06:26	37.0	2482	2577	2526	2236	2065	1955	1860	1850	1731	1713	1768	1712	2676	2867	2757	2052	1901	1779	1732	1658	1726	1710	1709	1649	1929	2076	2005	3467	2952	3243	2158	2127	2747	1696	2313	1625	1998	2242	2126	2208	2134	2020	3150	3364	2187	2055	2223	1655	1564	1446	1486	1483	1444	1476	1504	1417	1689	1538	1535	1669	1446	1469	1471	1441	1428	1468	1466	1454	1499	1689	1707	2119	1419	1492
16:10:26	37.0	2469	2612	2527	2210	2085	1953	1886	1779	1692	1782	1731	1677	2588	2944	2749	2070	1889	1830	1767	1676	1714	1674	1743	1689	2001	2088	2026	3458	3014	3280	2128	2107	2793	1662	2289	1621	2028	2253	2170	2169	2115	2058	3142	3307	2237	2103	2270	1638	1548	1489	1487	1486	1446	1464	1498	1430	1706	1527	1531	1632	1528	1493	1448	1439	1443	1479	1459	1455	1481	1725	1713	2083	1411	1477
16:14:26	37.0	2504	2646	2540	2214	2105	1947	1890	1815	1772	1748	1725	1659	2659	2919	2738	2071	1920	1828	1725	1643	1735	1732	1736	1650	1957	2097	2004	3486	3066	3298	2176	2132	2761	1698	2286	1634	2061	2215	2139	2186	2122	2039	3209	3332	2216	2053	2272	1620	1535	1472	1515	1505	1448	1493	1470	1462	1721	1512	1498	1643	1494	1523	1447	1416	1457	1500	1520	1459	1499	1721	1726	2132	1423	1473
16:18:26	37.0	2515	2596	2610	2234	2107	1967	1825	1767	1730	1764	1746	1725	2666	2948	2756	2045	1926	1803	1756	1674	1710	1673	1758	1697	1953	2077	2035	3480	3005	3327	2181	2166	2793	1666	2274	1610	2123	2240	2109	2189	2139	2062	3200	3387	2271	2106	2293	1638	1530	1490	1476	1487	1468	1491	1476	1441	1737	1488	1531	1664	1551	1473	1482	1451	1446	1473	1503	1493	1478	1734	1768	2143	1419	1496
16:22:26	37.0	2514	2668	2545	2193	2127	1939	1841	1847	1754	1734	1739	1672	2709	2903	2742	2070	1883	1809	1733	1674	1713	1679	1738	1696	1999	2099	2028	3538	3048	3289	2125	2185	2746	1694	2288	1634	2050	2239	2166	2212	2138	2059	3195	3426	2245	2063	2245	1642	1531	1450	1459	1468	1441	1485	1502	1436	1704	1466	1535	1704	1499	1471	1444	1486	1408	1445	1478	1480	1514	1751	1747	2133	1409	1507
16:26:26	37.0	2496	2636	2567	2242	2086	1950	1866	1821	1721	1741	1741	1676	2663	2892	2776	2064	1920	1832	1733	1631	1699	1704	1727	1682	1988	2081	2062	3479	3058	3277	2179	2168	2769	1661	2335	1610	2048	2257	2145	2217	2133	2067	3224	3379	2283	2096	2242	1666	1549	1445	1461	1539	1406	1456	1487	1456	1743	1511	1485	1645	1473	1475	1454	1448	1426	1479	1486	1512	1523	1766	1774	2144	1418	1458
16:30:26	37.0	2538	2635	2563	2224	2121	1912	1885	1779	1821	1748	1759	1700	2643	2966	2802	2086	1960	1832	1758	1663	1766	1708	1709	1673	1993	2108	2077	3583	3075	3276	2177	2181	2782	1665	2305	1627	2069	2296	2181	2209	2118	2096	3252	3409	2267	2123	2292	1639	1528	1475	1519	1481	1407	1477	1468	1429	1743	1529	1490	1642	1486	1480	1439	1432	1418	1505	1488	1447	1509	1792	1764	2136	1390	1494
16:34:26	37.0	2563	2623	2555	2253	2119	1960	1870	1817	1748	1746	1742	1683	2718	2923	2736	2066	1946	1849	1747	1664	1707	1713	1733	1638	2009	2118	2094	3542	3084	3320	2204	2162	2844	1667	2335	1617	2061	2310	2165	2241	2176	2085	3239	3453	2251	2119	2232	1637	1568	1518	1499	1445	1470	1481	1464	1424	1746	1516	1533	1652	1476	1492	1455	1431	1435	1481	1497	1491	1500	1786	1750	2145	1402	1494
16:38:26	37.0	2548	2616	2550	2269	2076	2018	1844	1828	1779	1749	1774	1738	2705	2923	2797	2096	1902	1823	1798	1675	1722	1724	1702	1663	2016	2133	2062	3591	3124	3327	2204	2200	2754	1655	2394	1643	2099	2287	2170	2236	2138	2095	3259	3502	2312	2169	2256	1623	1536	1492	1471	1519	1475	1466	1481	1428	1781	1556	1526	1655	1501	1486	1486	1463	1481	1466	1456	1535	1506	1788	1759	2142	1419	1510
16:42:26	37.0	2549	2612	2561	2214	2115	1962	1921	1797	1749	1757	1775	1697	2707	2940	2792	2043	1934	1805	1735	1672	1693	1730	1734	1711	2003	2164	2109	3626	3113	3332	2185	2213	2808	1721	2349	1623	2088	2339	2184	2258	2148	2089	3262	3445	2294	2197	2281	1658	1570	1479	1508	1502	1458	1489	1494	1418	1719	1541	1533	1694	1477	1474	1455	1434	1451	1497	1483	1465	1499	1759	1781	2138	1446	1502
16:46:26	37.0	2524	2635	2570	2213	2101	1934	1869	1867	1713	1761	1775	1708	2689	2933	2777	2147	1941	1811	1738	1684	1678	1707	1734	1686	1984	2129	2132	3561	3112	3371	2211	2174	2818	1700	2380	1596	2124	2293	2157	2262	2134	2113	3286	3434	2265	2130	2271	1671	1599	1488	1483	1477	1412	1466	1508	1444	1779	1526	1476	1658	1527	1490	1479	1438	1421	1485	1454	1475	1540	1736	1748	2156	1409	1482
16:50:26	37.0	2536	2694	2586	2242	2115	1944	1856	1823	1763	1756	1773	1713	2696	2973	2787	2078	1916	1845	1748	1669	1701	1763	1755	1686	1976	2104	2136	3645	3129	3356	2239	2227	2842	1645	2372	1617	2119	2312	2136	2296	2111	2086	3297	3523	2262	2143	2303	1670	1572	1488	1485	1496	1425	1470	1494	1440	1738	1545	1517	1663	1533	1490	1510	1432	1432	1494	1426	1490	1505	1751	1769	2187	1433	1515
16:54:26	37.0	2516	2648	2601	2271	2090	1987	1892	1826	1760	1754	1803	1734	2710	3026	2800	2095	1916	1860	1710	1688	1707	1719	1721	1676	2034	2159	2086	3600	3186	3387	2185	2198	2810	1690	2370	1637	2095	2362	2186	2281	2189	2111	3285	3482	2352	2213	2292	1627	1578	1455	1475	1506	1433	1515	1471	1425	1772	1527	1522	1657	1505	1481	1447	1478	1455	1494	1501	1477	1505	1793	1776	2188	1381	1502
16:58:26	37.0	2556	2659	2615	2286	2097	1968	1846	1832	1780	1779	1773	1725	2706	2938	2790	2098	1925	1838	1738	1671	1715	1717	1731	1656	2032	2184	2142	3614	3180	3317	2208	2220	2804	1651	2371	1618	2088	2355	2175	2310	2150	2108	3339	3541	2316	2168	2295	1655	1565	1478	1478	1518	1465	1440	1510	1448	1749	1489	1477	1668	1503	1484	1476	1480	1406	1462	1458	1507	1466	1743	1780	2165	1411	1483
17:02:26	37.0	2604	2673	2614	2221	2120	1954	1933	1828	1733	1739	1761	1731	2751	2982	2809	2079	1938	1853	1741	1694	1704	1712	1750	1655	1995	2167	2101	3627	3195	3386	2244	2193	2799	1694	2419	1633	2118	2408	2161	2312	2138	2100	3370	3479	2356	2163	2302	1640	1556	1485	1464	1473	1467	1472	1482	1415	1797	1504	1498	1659	1504	1502	1463	1468	1457	1484	1466	1470	1529	1730	1803	2175	1439	1517
17:06:26	37.0	2595	2681	2624	2260	2118	1975	1860	1837	1755	1762	1773	1724	2735	3013	2784	2085	1941	1863	1774	1715	1749	1711	1787	1655	2035	2144	2119	3619	3222	3366	2287	2221	2799	1692	2382	1622	2109	2382	2232	2324	2183	2115	3353	3559	2322	2168	2327	1697	1579	1479	1532	1514	1445	1488	1499	1455	1785	1550	1520	1671	1510	1485	1491	1477	1436	1491	1529	1493	1496	1794	1749	2186	1428	1491
17:10:26	37.0	2563	2655	2622	2251	2100	1977	1924	1815	1748	1762	1775	1728	2753	2973	2790	2111	1958	1887	1768	1721	1728	1759	1759	1711	2039	2155	2152	3619	3188	3401	2269	2237	2838	1716	2408	1635	2146	2362	2187	2330	2196	2143	3304	3486	2321	2202	2340	1626	1564	1494	1503	1489	1434	1468	1512	1480	1734	1514	1495	1656	1482	1476	1448	1456	1471	1480	1515	1524	1517	1782	1766	2166	1419	1486
17:14:26	37.0	2601	2683	2593	2273	2116	1989	1914	1823	1798	1778	1749	1708	2788	3011	2824	2182	1909	1871	1774	1688	1765	1726	1767	1722	2023	2195	2165	3596	3208	3369	2273	2234	2802	1673	2444	1614	2169	2365	2201	2378	2183	2184	3322	3520	2353	2235	2357	1635	1574	1493	1478	1513	1446	1495	1517	1467	1791	1561	1535	1700	1497	1528	1479	1486	1407	1485	1461	1506	1515	1771	1758	2203	1395	1504
17:18:26	37.0	2617	2707	2629	2289	2110	1995	1901	1831	1767	1787	1787	1727	2751	3012	2809	2117	1951	1855	1779	1692	1757	1771	1777	1679	2032	2204	2144	3656	3219	3429	2278	2250	2860	1701	2440	1638	2128	2399	2234	2319	2164	2163	3385	3571	2384	2190	2347	1676	1602	1457	1496	1499	1459	1499	1510	1442	1814	1548	1533	1673	1504	1497	1498	1460	1458	1482	1452	1498	1530	1779	1820	2180	1422	1480
17:22:26	37.0	2656	2754	2657	2315	2095	2015	1876	1830	1799	1760	1801	1729	2774	2992	2829	2140	1946	1891	1767	1700	1780	1758	1735	1690	2102	2194	2166	3673	3339	3422	2268	2251	2843	1696	2465	1674	2163	2397	2205	2344	2235	2157	3413	3601	2337	2208	2322	1686	1576	1479	1537	1496	1442	1482	1525	1438	1757	1511	1523	1689	1526	1490	1496	1447	1419	1457	1519	1501	1497	1802	1824	2196	1418	1516
17:26:26	37.0	2629	2690	2654	2288	2164	1997	1903	1796	1799	1841	1794	1753	2801	3014	2829	2060	1951	1868	1751	1660	1755	1717	1747	1683	2060	2227	2161	3671	3290	3392	2259	2237	2886	1682	2421	1671	2168	2383	2240	2309	2211	2196	3380	3579	2390	2255	2349	1654	1610	1478	1479	1524	1435	1491	1523	1444	1801	1558	1566	1715	1458	1526	1493	1441	1435	1471	1475	1484	1500	1787	1770	2181	1412	1478
17:30:26	37.0	2616	2717	2660	2293	2135	1980	1942	1841	1781	1767	1777	1742	2822	2982	2827	2162	1925	1881	1768	1691	1744	1717	1759	1724	2033	2231	2119	3731	3288	3412	2249	2238	2857	1704	2484	1638	2156	2430	2214	2348	2231	2221	3378	3620	2392	2208	2416	1637	1575	1512	1501	1496	1459	1485	1492	1451	1800	1530	1511	1665	1535	1505	1452	1483	1463	1501	1497	1513	1534	1773	1829	2221	1399	1484
17:34:26	37.0	2599	2744	2681	2275	2130	1992	1923	1869	1767	1817	1756	1748	2833	3055	2798	2172	1949	1884	1804	1701	1765	1760	1785	1722	2073	2188	2151	3747	3310	3392	2291	2235	2853	1678	2497	1640	2139	2391	2265	2337	2159	2183	3435	3581	2395	2226	2368	1649	1580	1472	1513	1529	1474	1511	1477	1460	1811	1541	1558	1667	1488	1509	1489	1449	1487	1478	1498	1485	1530	1795	1789	2167	1425	1518
17:38:26	37.0	2616	2740	2674	2305	2159	1988	1909	1814	1779	1771	1778	1752	2807	2969	2834	2145	1966	1872	1785	1688	1763	1746	1780	1674	2071	2209	2165	3756	3335	3460	2293	2277	2844	1731	2481	1652	2170	2429	2240	2367	2197	2192	3427	3609	2374	2197	2385	1686	1579	1510	1514	1516	1445	1488	1529	1456	1797	1527	1504	1690	1521	1499	1475	1458	1462	1522	1509	1534	1528	1766	1790	2210	1426	1545
17:42:26	37.0	2682	2773	2639	2308	2164	1973	1909	1816	1786	1794	1768	1713	2796	3068	2832	2161	1975	1854	1759	1704	1712	1761	1802	1680	2075	2188	2200	3717	3332	3474	2288	2244	2882	1727	2482	1617	2212	2398	2230	2344	2200	2168	3408	3660	2397	2230	2455	1679	1601	1475	1502	1531	1444	1484	1502	1472	1852	1557	1588	1715	1547	1550	1488	1431	1434	1494	1494	1521	1513	1772	1812	2232	1402	1538
17:46:26	37.0	2649	2683	2703	2312	2151	2052	1923	1870	1744	1811	1790	1768	2835	3015	2884	2135	1946	1887	1788	1713	1726	1757	1793	1692	2078	2217	2211	3706	3338	3511	2310	2298	2891	1699	2521	1615	2209	2448	2270	2415	2221	2216	3402	3664	2363	2245	2371	1657	1600	1475	1479	1534	1474	1482	1532	1474	1856	1570	1543	1687	1547	1502	1480	1464	1474	1500	1505	1538	1565	1758	1811	2269	1431	1541
17:50:26	37.0	2673	2715	2654	2260	2243	2014	1935	1847	1815	1802	1806	1748	2854	3065	2862	2106	1950	1867	1776	1656	1723	1798	1780	1686	2092	2251	2182	3782	3331	3472	2305	2298	2937	1702	2506	1653	2195	2449	2260	2380	2267	2219	3463	3689	2383	2212	2428	1658	1586	1490	1500	1488	1471	1477	1483	1457	1805	1551	1538	1707	1503	1496	1519	1490	1449	1456	1499	1545	1555	1774	1826	2255	1458	1520
17:54:26	37.0	2666	2712	2668	2290	2164	1997	1898	1895	1774	1781	1789	1737	2863	3040	2871	2116	1949	1879	1774	1699	1731	1744	1761	1664	2133	2210	2198	3747	3369	3492	2342	2300	2918	1717	2534	1643	2211	2448	2272	2417	2206	2205	3477	3635	2377	2280	2387	1650	1607	1472	1495	1501	1448	1498	1491	1458	1841	1563	1564	1690	1509	1497	1477	1476	1445	1483	1536	1495	1527	1817	1851	2271	1460	1516
17:58:26	37.0	2696	2734	2642	2268	2180	2003	1893	1840	1778	1784	1824	1753	2879	3074	2860	2142	1990	1896	1786	1698	1731	1732	1795	1686	2118	2216	2198	3769	3377	3460	2332	2292	2918	1710	2536	1606	2154	2448	2277	2376	2209	2241	3531	3676	2421	2229	2452	1674	1601	1493	1489	1497	1482	1489	1488	1502	1833	1565	1551	1697	1515	1527	1481	1440	1460	1490	1515	1489	1552	1787	1834	2269	1396	1517
18:02:26	37.0	2655	2723	2704	2285	2161	2018	1897	1844	1774	1807	1787	1780	2842	3021	2846	2116	2002	1845	1809	1733	1731	1747	1781	1695	2084	2219	2220	3818	3375	3517	2356	2305	2953	1693	2593	1664	2230	2473	2295	2368	2233	2249	3478	3711	2407	2262	2438	1678	1586	1495	1526	1523	1468	1507	1497	1461	1825	1538	1540	1742	1520	1487	1493	1455	1450	1494	1477	1520	1508	1797	1801	2243	1382	1516
18:06:26	37.0	2672	2727	2738	2352	2177	2020	1929	1846	1766	1834	1805	1759	2841	3047	2924	2142	1960	1891	1793	1711	1722	1726	1780	1709	2109	2231	2203	3833	3372	3447	2332	2265	2899	1693	2591	1613	2216	2463	2287	2430	2231	2262	3524	3663	2405	2274	2390	1649	1583	1496	1490	1499	1469	1503	1510	1505	1836	1538	1536	1708	1534	1529	1491	1477	1487	1485	1511	1554	1508	1796	1813	2273	1411	1502
18:10:26	37.0	2656	2764	2669	2371	2213	2010	1894	1883	1825	1781	1778	1747	2869	3070	2883	2161	1980	1910	1808	1727	1784	1744	1787	1710	2110	2227	2225	3874	3430	3485	2349	2300	3001	1720	2578	1607	2241	2499	2275	2406	2248	2256	3576	3676	2412	2250	2441	1670	1599	1470	1497	1533	1448	1503	1501	1463	1865	1530	1538	1732	1557	1519	1514	1478	1477	1506	1509	1526	1573	1758	1825	2233	1423	1560
18:14:26	37.0	2689	2742	2728	2276	2148	1988	1891	1893	1773	1789	1813	1761	2851	3083	2885	2151	1995	1913	1772	1738	1752	1718	1820	1686	2129	2290	2228	3869	3438	3545	2344	2295	2959	1706	2619	1629	2239	2479	2292	2412	2252	2229	3540	3726	2426	2260	2501	1678	1589	1505	1504	1501	1483	1491	1489	1484	1798	1551	1545	1688	1489	1527	1496	1470	1466	1516	1508	1517	1503	1776	1824	2234	1420	1488
18:18:26	37.0	2711	2762	2728	2312	2195	2029	1932	1883	1788	1799	1798	1771	2838	3098	2865	2156	2002	1886	1789	1788	1755	1760	1797	1745	2162	2228	2254	3824	3367	3498	2358	2288	2982	1744	2592	1647	2237	2517	2299	2398	2236	2288	3545	3749	2439	2312	2463	1652	1607	1535	1544	1529	1456	1485	1513	1472	1840	1560	1536	1706	1561	1514	1489	1490	1459	1494	1496	1480	1539	1788	1846	2279	1422	1517
18:22:26	37.0	2709	2756	2688	2320	2170	2019	1954	1892	1796	1822	1794	1751	2891	3058	2876	2154	1992	1897	1834	1697	1757	1793	1771	1685	2152	2268	2205	3888	3433	3549	2375	2307	2949	1730	2593	1635	2224	2510	2361	2427	2251	2279	3500	3764	2461	2296	2472	1648	1598	1489	1501	1518	1492	1494	1479	1497	1865	1529	1535	1711	1509	1510	1498	1488	1479	1511	1486	1503	1537	1779	1854	2277	1429	1524
18:26:26	37.0	2740	2771	2675	2351	2196	2048	1900	1887	1780	1774	1817	1766	2897	3126	2934	2148	1973	1912	1798	1719	1752	1761	1819	1713	2179	2258	2259	3894	3424	3511	2437	2306	2911	1723	2629	1640	2264	2496	2304	2407	2259	2268	3521	3733	2440	2310	2411	1676	1605	1513	1521	1528	1482	1537	1497	1499	1890	1563	1574	1730	1524	1546	1471	1493	1513	1492	1512	1532	1518	1773	1846	2267	1464	1537
18:30:26	37.0	2754	2812	2768	2328	2203	2045	1933	1902	1799	1773	1787	1748	2897	3078	2901	2156	1998	1891	1767	1740	1759	1743	1770	1705	2186	2279	2276	3867	3449	3597	2442	2324	2949	1740	2636	1640	2240	2495	2327	2473	2235	2303	3539	3704	2435	2303	2463	1702	1608	1515	1526	1507	1479	1520	1538	1470	1877	1558	1581	1746	1491	1524	1503	1493	1491	1494	1534	1539	1531	1787	1846	2243	1405	1535
18:34:26	37.0	2709	2797	2724	2301	2166	2034	1927	1859	1793	1776	1786	1764	2895	3110	2897	2152	1972	1890	1768	1736	1760	1777	1800	1701	2150	2256	2261	3898	3375	3595	2404	2314	2956	1728	2661	1619	2232	2528	2302	2485	2247	2257	3550	3796	2433	2324	2444	1670	1613	1462	1522	1499	1471	1533	1525	1447	1837	1536	1544	1711	1535	1537	1487	1543	1467	1470	1507	1521	1532	1797	1832	2267	1401	1557
18:38:26	37.0	2773	2756	2753	2358	2201	2020	1938	1887	1816	1852	1802	1809	2894	3125	2902	2135	1987	1904	1793	1730	1762	1789	1801	1694	2161	2275	2254	3917	3518	3545	2414	2341	2961	1719	2653	1654	2301	2547	2312	2435	2257	2321	3583	3822	2479	2286	2426	1672	1622	1508	1548	1520	1468	1529	1515	1528	1895	1566	1613	1754	1513	1548	1497	1540	1465	1516	1461	1507	1492	1764	1879	2275	1438	1520
18:42:26	37.0	2746	2807	2721	2330	2225	1991	1951	1879	1794	1791	1781	1778	2919	3080	2898	2184	2007	1934	1817	1722	1753	1773	1818	1680	2156	2300	2269	3931	3474	3571	2466	2349	2983	1744	2677	1628	2262	2576	2378	2461	2221	2306	3636	3789	2447	2311	2476	1669	1632	1492	1551	1551	1485	1525	1550	1479	1877	1569	1550	1759	1499	1531	1461	1488	1476	1493	1516	1510	1510	1815	1831	2272	1447	1572
18:46:26	37.0	2723	2777	2754	2305	2235	2019	1938	1918	1819	1800	1802	1780	2950	3086	2939	2183	1997	1887	1807	1723	1799	1741	1783	1723	2148	2286	2272	3946	3455	3565	2403	2356	2937	1718	2706	1634	2254	2503	2366	2459	2265	2311	3622	3777	2425	2316	2432	1639	1637	1523	1512	1500	1478	1518	1488	1502	1876	1546	1571	1713	1522	1509	1493	1502	1480	1514	1545	1518	1564	1822	1832	2297	1435	1534
18:50:26	37.0	2782	2807	2738	2335	2213	1990	1905	1852	1762	1796	1856	1797	2922	3061	2940	2179	1999	1940	1797	1750	1771	1778	1774	1708	2190	2288	2271	3950	3473	3605	2436	2377	2991	1706	2713	1656	2265	2560	2392	2497	2239	2339	3661	3752	2437	2332	2479	1691	1589	1516	1586	1503	1486	1524	1532	1502	1866	1555	1564	1700	1492	1518	1523	1495	1464	1487	1563	1518	1527	1807	1830	2308	1436	1562
18:54:26	37.0	2784	2773	2786	2322	2186	2029	1969	1914	1792	1810	1830	1757	2887	3164	2961	2159	1964	1883	1797	1710	1752	1783	1824	1721	2193	2288	2235	3955	3516	3540	2454	2386	2969	1762	2708	1652	2278	2515	2357	2448	2264	2367	3575	3840	2468	2311	2449	1679	1626	1536	1518	1502	1463	1518	1542	1474	1883	1553	1562	1755	1537	1529	1506	1485	1484	1498	1495	1521	1492	1831	1874	2327	1441	1537
18:58:26	37.0	2745	2816	2777	2374	2236	2034	1989	1868	1846	1798	1806	1755	2915	3092	2903	2203	2008	1930	1817	1783	1807	1788	1791	1689	2163	2331	2269	4000	3524	3658	2444	2416	2980	1742	2746	1618	2269	2590	2367	2466	2234	2359	3644	3790	2503	2312	2438	1679	1605	1519	1519	1523	1481	1507	1531	1518	1892	1553	1515	1758	1509	1582	1551	1467	1432	1499	1533	1508	1525	1841	1862	2288	1381	1566
19:02:26	37.0	2853	2848	2741	2349	2223	2027	1939	1941	1814	1837	1850	1761	2958	3125	2975	2192	2002	1917	1808	1737	1811	1765	1817	1743	2167	2311	2265	4018	3506	3636	2460	2389	2957	1740	2744	1644	2265	2567	2387	2507	2263	2360	3679	3799	2484	2312	2510	1666	1605	1498	1556	1536	1465	1511	1532	1481	1894	1573	1542	1752	1524	1526	1526	1501	1504	1478	1531	1547	1544	1804	1881	2321	1436	1573
19:06:26	37.0	2779	2802	2802	2354	2208	2040	1933	1884	1822	1826	1847	1744	2916	3150	2971	2190	2030	1909	1773	1749	1765	1819	1800	1702	2141	2331	2248	4023	3526	3630	2448	2423	3002	1749	2753	1658	2261	2586	2361	2512	2214	2319	3714	3860	2498	2312	2493	1682	1591	1525	1545	1540	1490	1552	1527	1470	1906	1531	1563	1709	1531	1539	1524	1525	1503	1502	1524	1517	1513	1794	1866	2322	1376	1535
19:10:26	37.0	2820	2800	2731	2332	2223	2016	1954	1879	1787	1804	1818	1797	2934	3148	2912	2205	1996	1923	1787	1750	1784	1764	1776	1649	2190	2347	2278	4029	3553	3664	2464	2362	3004	1732	2739	1637	2260	2616	2391	2494	2231	2308	3647	3874	2533	2366	2507	1684	1607	1519	1541	1532	1491	1510	1502	1478	1895	1565	1540	1730	1519	1520	1506	1479	1469	1534	1513	1491	1585	1832	1868	2370	1440	1537
19:14:26	37.0	2840	2845	2715	2344	2212	2032	1941	1910	1808	1864	1834	1776	2937	3173	2984	2190	2003	1917	1843	1720	1811	1782	1844	1706	2172	2324	2295	4029	3542	3637	2457	2396	3027	1746	2710	1630	2290	2629	2400	2486	2250	2353	3674	3897	2486	2294	2507	1671	1594	1513	1516	1508	1462	1516	1556	1494	1931	1572	1550	1732	1514	1520	1530	1478	1492	1472	1519	1559	1524	1828	1864	2313	1462	1512
19:18:26	37.0	2807	2861	2756	2360	2217	2060	1950	1908	1827	1819	1829	1794	2968	3169	2972	2194	2041	1933	1854	1733	1771	1801	1863	1685	2199	2299	2243	3993	3541	3662	2498	2433	3037	1774	2758	1636	2268	2608	2397	2528	2252	2381	3652	3882	2534	2348	2450	1729	1621	1536	1533	1545	1503	1520	1542	1509	1905	1538	1539	1713	1532	1546	1520	1509	1480	1521	1570	1523	1515	1876	1881	2319	1425	1582
19:22:26	37.0	2807	2829	2766	2334	2191	2049	1975	1873	1836	1817	1874	1765	2953	3168	2994	2159	1981	1918	1835	1791	1749	1791	1812	1741	2171	2392	2281	4036	3564	3683	2498	2468	3007	1746	2812	1636	2306	2649	2431	2500	2280	2390	3721	3853	2522	2335	2529	1684	1624	1539	1525	1558	1489	1513	1517	1516	1955	1551	1548	1759	1514	1525	1485	1508	1499	1508	1512	1504	1544	1892	1896	2294	1433	1517
19:26:26	37.0	2783	2873	2804	2390	2243	2078	1969	1902	1842	1822	1858	1819	2990	3168	2899	2179	2021	1939	1802	1743	1762	1785	1867	1728	2157	2354	2281	4076	3583	3698	2511	2441	3025	1756	2792	1635	2300	2613	2420	2567	2265	2393	3704	3841	2527	2375	2530	1669	1647	1504	1546	1552	1467	1535	1538	1477	1937	1569	1579	1751	1535	1540	1491	1488	1521	1531	1525	1516	1544	1863	1888	2340	1441	1530
19:30:26	37.0	2871	2883	2846	2387	2228	2061	1996	1876	1826	1846	1855	1786	3023	3093	2972	2185	2063	1933	1787	1762	1786	1802	1849	1690	2174	2332	2317	4063	3589	3692	2493	2439	3039	1717	2821	1672	2278	2661	2448	2569	2280	2367	3711	3885	2549	2383	2505	1684	1632	1499	1552	1523	1494	1498	1569	1505	1943	1550	1585	1727	1533	1519	1507	1504	1474	1513	1540	1488	1555	1918	1860	2330	1431	1524
19:34:26	37.0	2870	2869	2864	2346	2238	2071	1953	1933	1844	1871	1865	1840	3019	3186	2992	2169	2033	1929	1831	1755	1794	1798	1795	1733	2215	2359	2310	4085	3571	3726	2547	2437	3024	1799	2852	1630	2280	2648	2441	2554	2272	2416	3702	3957	2560	2349	2519	1668	1605	1537	1564	1503	1470	1518	1521	1478	1951	1580	1584	1764	1542	1564	1526	1486	1485	1520	1533	1511	1534	1914	1865	2400	1405	1600
19:38:26	37.0	2864	2828	2817	2332	2259	2058	1984	1845	1792	1840	1855	1822	2976	3179	3001	2219	2050	1904	1797	1770	1756	1784	1860	1718	2200	2370	2304	4050	3598	3625	2518	2463	3099	1740	2818	1624	2281	2694	2409	2573	2274	2356	3774	3965	2613	2381	2539	1679	1622	1537	1550	1524	1525	1551	1539	1501	1939	1540	1547	1756	1491	1568	1536	1484	1489	1504	1509	1508	1546	1903	1908	2334	1412	1519
19:42:26	37.0	2816	2922	2819	2392	2260	2056	1987	1897	1817	1852	1896	1829	3013	3169	3009	2221	2033	1930	1860	1760	1794	1848	1828	1675	2238	2369	2298	4113	3607	3743	2583	2414	3026	1764	2854	1642	2327	2682	2525	2578	2301	2397	3831	3911	2582	2395	2537	1706	1608	1514	1548	1539	1502	1547	1529	1503	1928	1570	1560	1750	1521	1516	1529	1494	1470	1552	1526	1500	1585	1933	1932	2381	1435	1526
19:46:26	37.0	2876	2925	2807	2381	2249	2054	1968	1912	1834	1833	1802	1783	3028	3137	2972	2203	2000	1919	1819	1778	1810	1775	1823	1676	2205	2375	2304	4141	3573	3722	2563	2499	3083	1758	2840	1657	2343	2735	2483	2598	2269	2448	3778	3938	2593	2400	2566	1685	1637	1531	1551	1529	1523	1546	1567	1504	1912	1573	1574	1762	1527	1581	1547	1510	1524	1542	1558	1516	1580	1908	1908	2394	1443	1531
19:50:26	37.0	2938	2854	2810	2369	2261	2052	2035	1946	1827	1829	1884	1815	3009	3171	3011	2206	2052	1916	1838	1781	1795	1786	1822	1744	2250	2429	2268	4141	3621	3677	2551	2462	3073	1761	2846	1654	2296	2715	2480	2584	2304	2410	3760	3914	2589	2376	2519	1671	1644	1513	1523	1551	1525	1534	1511	1466	1898	1521	1582	1765	1494	1565	1546	1483	1492	1532	1541	1501	1550	1968	1891	2360	1447	1569
19:54:26	37.0	2879	2919	2822	2383	2253	2077	1966	1938	1878	1897	1874	1799	3041	3189	2978	2233	2045	1974	1796	1749	1820	1779	1829	1706	2248	2392	2311	4180	3630	3710	2622	2519	3134	1781	2871	1646	2311	2740	2463	2634	2297	2402	3758	4020	2583	2390	2567	1675	1630	1508	1546	1537	1493	1509	1505	1499	1933	1566	1582	1742	1593	1573	1508	1521	1509	1531	1544	1506	1542	1930	1901	2357	1442	1539
19:58:26	37.0	2889	2925	2801	2384	2270	2065	1998	1945	1819	1873	1812	1843	3028	3224	3004	2265	2069	1900	1799	1773	1803	1791	1840	1730	2241	2392	2267	4150	3672	3771	2610	2488	3109	1715	2867	1645	2291	2748	2476	2592	2312	2417	3773	3963	2581	2432	2544	1688	1597	1537	1544	1532	1484	1517	1547	1513	1939	1588	1576	1728	1522	1534	1499	1524	1523	1509	1551	1465	1574	1915	1943	2371	1394	1558
20:02:26	37.0	2895	2960	2813	2402	2275	2049	1983	1934	1849	1859	1844	1805	3048	3215	3059	2231	2028	1923	1816	1786	1828	1819	1844	1722	2245	2413	2288	4164	3643	3769	2629	2481	3050	1784	2886	1694	2310	2733	2485	2622	2302	2446	3804	3955	2560	2421	2601	1659	1638	1544	1568	1536	1517	1529	1552	1510	1990	1584	1569	1761	1523	1539	1550	1506	1475	1504	1556	1542	1558	1927	1948	2384	1429	1576
20:06:26	37.0	2920	2901	2823	2404	2263	2058	2017	1948	1847	1871	1856	1773	3035	3209	3018	2224	2053	1929	1822	1763	1838	1840	1851	1720	2237	2413	2326	4199	3665	3766	2654	2519	3080	1772	2895	1638	2295	2772	2505	2609	2327	2460	3771	4040	2722	2436	2602	1689	1651	1555	1540	1556	1518	1529	1512	1508	1951	1593	1587	1758	1551	1568	1535	1498	1504	1514	1562	1507	1537	1919	1907	2412	1442	1555
20:10:26	37.0	2890	2911	2837	2366	2250	2067	1984	1948	1859	1894	1896	1857	3075	3209	3012	2280	2047	1967	1871	1754	1804	1870	1864	1741	2264	2447	2303	4253	3648	3748	2645	2519	3103	1760	2924	1681	2318	2779	2498	2641	2382	2474	3921	3984	2649	2481	2592	1727	1660	1528	1547	1565	1503	1544	1581	1474	1977	1579	1575	1766	1568	1583	1521	1535	1479	1554	1567	1535	1548	1973	1922	2392	1436	1532
20:14:26	37.0	2918	2912	2868	2382	2255	2065	2001	1947	1861	1860	1861	1833	3081	3217	3034	2237	2045	2017	1834	1765	1804	1822	1877	1730	2246	2432	2358	4243	3704	3781	2669	2556	3084	1750	2899	1634	2279	2777	2558	2655	2313	2510	3834	4012	2672	2453	2608	1704	1654	1546	1560	1537	1517	1565	1535	1538	1962	1565	1611	1777	1543	1549	1494	1517	1513	1508	1547	1528	1540	1943	1937	2405	1428	1553
20:18:26	37.0	2965	2910	2834	2452	2301	2082	2026	1988	1880	1855	1870	1802	3062	3242	3024	2228	2100	1952	1855	1810	1810	1844	1858	1721	2251	2440	2374	4264	3737	3762	2653	2530	3139	1798	2904	1669	2346	2820	2524	2694	2359	2473	3898	4035	2682	2468	2627	1740	1681	1538	1537	1565	1509	1618	1550	1521	1982	1626	1608	1789	1580	1543	1534	1555	1490	1529	1578	1509	1553	1978	1920	2457	1440	1569
20:22:26	37.0	2900	2931	2905	2440	2269	2104	1993	1929	1851	1882	1887	1825	3138	3183	3017	2268	2065	1929	1822	1810	1824	1827	1841	1726	2249	2446	2310	4227	3691	3793	2680	2526	3146	1800	2974	1650	2322	2804	2545	2669	2385	2484	3791	4076	2682	2529	2649	1710	1653	1537	1556	1531	1483	1573	1519	1500	1987	1576	1601	1805	1568	1570	1498	1539	1528	1528	1537	1502	1587	1971	1966	2433	1445	1522
20:26:26	37.0	2958	2958	2873	2390	2274	2099	1979	1954	1856	1898	1877	1834	3107	3248	3051	2256	2046	1972	1868	1822	1802	1838	1863	1726	2261	2456	2339	4319	3721	3813	2714	2578	3106	1820	2940	1656	2327	2839	2584	2706	2392	2487	3875	4087	2743	2490	2622	1726	1682	1523	1564	1536	1513	1531	1568	1482	2012	1603	1584	1792	1592	1547	1508	1543	1528	1564	1579	1524	1577	1964	2012	2443	1434	1566
20:30:26	37.0	2950	2967	2888	2426	2295	2074	2029	1957	1902	1862	1854	1783	3085	3291	3084	2247	2076	1945	1888	1780	1831	1808	1832	1706	2284	2507	2365	4261	3762	3774	2761	2560	3091	1803	2952	1707	2344	2828	2563	2729	2379	2513	3905	4108	2696	2502	2621	1714	1632	1557	1552	1566	1484	1530	1558	1510	2014	1561	1570	1753	1561	1537	1565	1536	1508	1531	1588	1525	1549	1995	1950	2466	1408	1544
20:34:26	37.0	2926	2958	2844	2416	2270	2100	2008	1944	1872	1852	1881	1838	3084	3254	3054	2273	2084	1955	1869	1791	1825	1802	1838	1762	2270	2518	2355	4318	3734	3774	2689	2577	3082	1796	2930	1697	2351	2820	2621	2682	2395	2508	3909	4104	2745	2566	2639	1714	1646	1559	1554	1531	1499	1541	1559	1507	2049	1560	1599	1782	1559	1559	1518	1540	1543	1529	1592	1517	1570	2052	1952	2469	1409	1559
20:38:26	37.0	2934	2996	2916	2422	2344	2098	2027	1948	1872	1889	1890	1803	3067	3269	3105	2213	2055	1946	1856	1794	1819	1866	1830	1751	2223	2520	2358	4268	3802	3842	2763	2561	3116	1777	2913	1623	2350	2848	2602	2688	2364	2543	3898	4097	2733	2542	2649	1719	1636	1558	1559	1562	1513	1550	1596	1521	2011	1556	1569	1753	1592	1568	1508	1515	1499	1515	1565	1548	1568	1982	1996	2416	1439	1565
20:42:26	37.0	3006	2991	2898	2414	2289	2111	2018	1934	1856	1859	1891	1850	3107	3218	3105	2251	2079	2003	1848	1800	1837	1812	1862	1721	2318	2474	2359	4326	3792	3836	2742	2644	3186	1775	2960	1678	2336	2857	2622	2784	2362	2557	3949	4104	2761	2541	2657	1730	1668	1525	1568	1574	1509	1546	1533	1534	2045	1580	1584	1792	1547	1534	1552	1537	1531	1529	1527	1523	1559	1961	1985	2425	1418	1564
20:46:26	37.0	2979	2950	2901	2432	2271	2089	2026	1950	1853	1900	1895	1855	3183	3283	3078	2280	2074	2000	1908	1777	1831	1821	1856	1778	2344	2489	2366	4268	3753	3821	2760	2594	3138	1792	3014	1700	2341	2891	2609	2784	2391	2563	3894	4062	2792	2499	2642	1738	1643	1541	1562	1564	1520	1554	1574	1495	2015	1583	1584	1777	1519	1606	1518	1530	1485	1520	1580	1494	1576	2008	1989	2457	1444	1556
20:50:26	37.0	3032	3022	2918	2411	2307	2110	2050	1952	1829	1868	1876	1833	3123	3227	3101	2260	2088	1964	1866	1815	1818	1858	1857	1717	2302	2521	2391	4345	3776	3784	2746	2630	3127	1777	2952	1658	2355	2913	2658	2751	2410	2579	3958	4135	2799	2538	2705	1732	1643	1556	1559	1547	1534	1538	1533	1496	2034	1565	1574	1777	1569	1596	1525	1566	1560	1548	1535	1523	1559	2008	1983	2501	1428	1553
20:54:26	37.0	2998	2984	2948	2397	2328	2149	2011	1956	1852	1890	1924	1820	3099	3230	3085	2293	2087	1984	1891	1803	1814	1845	1891	1721	2320	2544	2393	4393	3785	3839	2741	2648	3170	1788	2998	1642	2366	2894	2655	2823	2477	2552	3938	4172	2786	2601	2694	1731	1660	1549	1561	1559	1517	1598	1586	1542	2030	1574	1614	1818	1590	1579	1525	1512	1561	1524	1515	1527	1585	2010	2026	2445	1468	1545
20:58:26	37.0	3037	2984	2920	2445	2282	2098	2015	1949	1854	1887	1895	1803	3181	3261	3108	2265	2085	1997	1906	1841	1850	1855	1882	1715	2378	2520	2408	4343	3792	3892	2797	2679	3203	1801	3038	1689	2395	2911	2616	2793	2443	2597	3954	4158	2854	2560	2647	1729	1679	1534	1545	1568	1538	1559	1575	1541	2046	1627	1631	1804	1567	1593	1525	1519	1519	1555	1565	1523	1588	1991	2017	2487	1434	1551
21:02:26	37.0	3044	2956	2919	2438	2312	2090	2041	1975	1874	1919	1906	1885	3117	3259	3111	2250	2054	2013	1886	1807	1829	1861	1895	1727	2332	2581	2419	4413	3759	3838	2795	2669	3227	1783	3043	1676	2389	2964	2623	2801	2435	2589	3956	4200	2874	2563	2717	1727	1663	1564	1559	1566	1510	1566	1557	1490	2074	1572	1595	1808	1563	1560	1532	1541	1529	1567	1556	1513	1589	2036	2008	2492	1423	1580
21:06:26	37.0	3009	3008	2956	2451	2337	2136	2051	1956	1904	1923	1912	1861	3136	3253	3074	2235	2092	1980	1893	1816	1851	1834	1903	1731	2352	2546	2386	4391	3854	3931	2844	2681	3179	1821	3005	1686	2391	2991	2637	2831	2472	2599	4040	4214	2808	2562	2681	1736	1715	1559	1540	1570	1531	1537	1583	1502	2051	1575	1606	1778	1572	1576	1500	1510	1560	1547	1538	1535	1584	2069	2049	2578	1474	1555
21:10:26	37.0	3007	2990	2912	2483	2329	2151	2021	1968	1876	1916	1945	1829	3225	3294	3102	2294	2104	2013	1898	1812	1809	1859	1858	1758	2324	2559	2411	4409	3873	3864	2810	2686	3194	1815	3031	1697	2391	2963	2625	2883	2428	2582	4008	4235	2856	2604	2725	1713	1654	1528	1557	1559	1551	1590	1574	1513	2075	1594	1600	1783	1558	1538	1525	1538	1548	1538	1550	1577	1607	2016	2021	2569	1422	1518
21:14:26	37.0	3021	2962	2914	2436	2316	2104	2068	1978	1870	1889	1900	1850	3200	3284	3084	2270	2090	1979	1843	1809	1815	1872	1848	1795	2365	2566	2415	4440	3846	3915	2838	2694	3201	1809	3028	1667	2391	2998	2690	2832	2475	2633	3964	4284	2824	2607	2699	1722	1693	1570	1583	1624	1551	1552	1575	1527	2020	1611	1592	1825	1573	1559	1519	1541	1575	1530	1530	1525	1630	2030	1988	2504	1446	1578
21:18:26	37.0	3054	3032	2932	2419	2275	2107	2068	1952	1882	1902	1914	1892	3159	3314	3062	2295	2141	1966	1886	1768	1876	1854	1898	1734	2354	2544	2389	4438	3878	3915	2862	2707	3229	1773	3089	1650	2415	2987	2710	2886	2517	2624	4046	4236	2890	2598	2755	1734	1676	1541	1570	1565	1533	1567	1540	1500	2046	1607	1626	1820	1570	1564	1525	1529	1535	1562	1555	1556	1583	1994	1990	2536	1427	1568
21:22:26	37.0	3074	3022	2906	2457	2335	2164	2024	1986	1918	1893	1890	1864	3208	3299	3068	2293	2104	1998	1892	1790	1840	1872	1899	1723	2336	2527	2402	4467	3905	3927	2862	2708	3214	1816	3058	1645	2399	3030	2736	2913	2455	2637	4034	4284	2924	2649	2776	1722	1716	1529	1577	1575	1519	1592	1580	1529	2050	1582	1582	1797	1559	1554	1510	1568	1528	1511	1556	1518	1587	2064	2012	2543	1451	1579
21:26:26	37.0	3070	3048	2964	2477	2349	2106	2037	1945	1878	1906	1926	1822	3192	3348	3092	2288	2140	2024	1922	1805	1788	1888	1857	1701	2362	2601	2407	4456	3937	3959	2855	2719	3204	1786	3085	1638	2430	3075	2712	2900	2534	2652	4029	4326	2903	2654	2791	1713	1669	1568	1568	1583	1549	1559	1537	1566	2038	1593	1623	1797	1595	1560	1522	1536	1545	1540	1569	1523	1579	2062	1997	2571	1442	1607
21:30:26	37.0	3071	3036	2940	2478	2348	2145	2095	1977	1908	1883	1935	1858	3202	3344	3086	2255	2170	2013	1893	1818	1839	1851	1883	1759	2386	2637	2430	4508	3919	3978	2887	2764	3252	1788	3120	1694	2446	3011	2731	2923	2550	2690	4068	4286	2934	2682	2779	1686	1728	1571	1610	1586	1546	1567	1597	1531	2098	1588	1601	1826	1619	1549	1510	1538	1511	1562	1582	1537	1596	2024	1975	2570	1410	1543
21:34:26	37.0	3085	3067	3033	2474	2318	2118	2069	1978	1890	1907	1926	1851	3241	3309	3105	2302	2139	2004	1903	1824	1893	1848	1870	1736	2402	2611	2467	4502	3935	3967	2871	2802	3188	1847	3103	1646	2422	3048	2708	2957	2525	2670	4059	4342	2933	2683	2794	1722	1709	1577	1579	1568	1527	1597	1552	1524	2113	1602	1585	1796	1626	1569	1542	1524	1547	1585	1545	1532	1641	2065	2018	2588	1440	1656
21:38:26	37.0	3071	3048	3015	2509	2344	2164	2094	1984	1914	1884	1928	1844	3227	3334	3164	2290	2107	2039	1893	1817	1866	1875	1891	1736	2396	2610	2497	4452	3939	4008	2915	2738	3235	1804	3117	1692	2452	3067	2710	2964	2530	2683	4074	4376	2964	2662	2786	1749	1705	1542	1583	1556	1523	1601	1548	1570	2109	1598	1619	1807	1590	1556	1554	1537	1554	1590	1562	1539	1615	2042	2077	2646	1457	1603
21:42:26	37.0	3115	3054	2991	2452	2348	2135	2077	2020	1908	1906	1932	1856	3275	3320	3174	2340	2105	2050	1898	1838	1834	1878	1900	1726	2390	2626	2457	4522	3904	3996	2896	2763	3211	1834	3074	1649	2427	3054	2794	2975	2533	2678	4124	4293	2941	2656	2767	1751	1666	1609	1570	1575	1516	1586	1576	1563	2107	1592	1601	1772	1618	1608	1582	1511	1514	1587	1544	1540	1623	2054	2005	2634	1420	1589
21:46:26	37.0	3123	3029	2990	2528	2348	2154	2093	1994	1891	1925	1959	1866	3273	3340	3175	2307	2123	2045	1882	1824	1860	1891	1904	1747	2384	2624	2446	4493	3865	4040	2921	2774	3279	1816	3083	1671	2434	3050	2760	3038	2584	2686	4094	4381	3028	2707	2836	1706	1682	1569	1576	1584	1510	1577	1589	1522	2169	1578	1612	1816	1616	1580	1547	1498	1565	1541	1592	1561	1619	2086	2045	2582	1433	1591
21:50:26	37.0	3116	3101	2959	2455	2346	2115	2080	1999	1915	1908	1971	1882	3261	3399	3153	2311	2137	2053	1904	1836	1860	1894	1914	1767	2400	2661	2493	4514	3925	4001	2898	2790	3292	1836	3117	1684	2466	3040	2807	3026	2522	2688	4192	4354	2978	2685	2820	1722	1641	1560	1615	1602	1536	1600	1590	1526	2128	1633	1648	1804	1635	1566	1540	1526	1537	1562	1575	1546	1610	2082	2059	2631	1451	1604
21:54:26	37.0	3141	3097	3015	2456	2354	2181	2110	2025	1935	1918	1927	1867	3266	3364	3153	2283	2144	2037	1914	1858	1831	1842	1948	1723	2355	2659	2476	4580	3983	4043	2940	2843	3295	1853	3211	1638	2441	3089	2797	3001	2600	2729	4120	4384	2984	2742	2775	1730	1709	1560	1564	1595	1543	1565	1586	1543	2104	1609	1612	1840	1592	1586	1545	1515	1562	1579	1563	1559	1605	2078	2021	2647	1447	1583
21:58:26	37.0	3105	3111	2980	2496	2351	2127	2100	2030	1899	1887	1936	1854	3315	3326	3197	2345	2183	2019	1904	1817	1878	1863	1901	1739	2400	2650	2507	4642	3984	4048	2915	2841	3286	1841	3135	1664	2446	3077	2810	2991	2611	2720	4155	4372	3014	2734	2853	1732	1669	1559	1593	1593	1522	1602	1572	1546	2092	1573	1635	1820	1641	1602	1571	1514	1555	1570	1606	1585	1596	2076	2066	2649	1432	1621
22:02:26	37.0	3100	3115	3009	2494	2376	2156	2096	1989	1937	1898	1918	1852	3298	3352	3205	2303	2134	2013	1896	1834	1863	1885	1918	1756	2430	2673	2469	4606	4032	4090	2952	2872	3234	1818	3150	1671	2455	3103	2869	3024	2601	2796	4169	4406	2984	2753	2914	1745	1741	1587	1609	1591	1595	1590	1601	1561	2117	1609	1633	1803	1631	1606	1543	1510	1569	1559	1576	1574	1622	2076	2105	2699	1435	1606
22:06:26	37.0	3129	3114	3035	2494	2334	2175	2094	2008	1920	1928	1958	1868	3314	3335	3179	2355	2111	2028	1910	1841	1850	1884	1899	1740	2388	2712	2534	4553	4025	4037	2967	2810	3296	1781	3131	1706	2490	3083	2835	3024	2625	2757	4150	4470	3059	2715	2863	1743	1685	1571	1590	1563	1553	1554	1613	1527	2118	1647	1646	1814	1609	1549	1532	1542	1523	1548	1593	1581	1621	2067	2068	2673	1388	1581
22:10:26	37.0	3157	3142	2988	2488	2354	2134	2112	2003	1923	1932	1971	1829	3313	3332	3212	2300	2135	1990	1869	1842	1893	1853	1914	1713	2405	2702	2517	4650	4054	4026	2976	2825	3303	1814	3109	1659	2535	3108	2843	3048	2611	2736	4157	4432	3036	2781	2885	1750	1697	1590	1589	1552	1543	1560	1593	1526	2109	1602	1620	1833	1623	1532	1524	1553	1535	1609	1586	1565	1615	2077	2094	2664	1449	1524
22:14:26	37.0	3154	3131	3020	2493	2342	2117	2082	1975	1946	1939	1942	1847	3269	3364	3161	2346	2145	2073	1924	1844	1890	1871	1874	1760	2444	2703	2526	4647	4008	4116	2985	2854	3305	1845	3139	1646	2549	3101	2853	3050	2681	2781	4156	4466	3000	2763	2897	1757	1722	1586	1588	1593	1521	1550	1587	1558	2102	1577	1628	1823	1622	1596	1579	1543	1540	1588	1574	1577	1588	2106	2096	2722	1433	1571
22:18:26	37.0	3161	3135	3016	2508	2421	2143	2057	2003	1913	1904	1932	1860	3241	3400	3202	2328	2148	1999	1879	1850	1849	1891	1878	1792	2424	2738	2535	4626	4105	4076	2987	2879	3287	1830	3160	1671	2520	3106	2826	3040	2656	2839	4170	4479	3067	2803	2931	1767	1697	1584	1595	1577	1566	1581	1587	1547	2134	1643	1664	1832	1640	1602	1555	1526	1552	1588	1557	1613	1623	2125	2111	2718	1473	1622
22:22:26	37.0	3106	3138	3068	2495	2364	2159	2063	2011	1936	1930	1913	1871	3328	3329	3256	2326	2147	2007	1890	1843	1850	1905	1903	1760	2425	2735	2556	4729	4017	4091	3016	2855	3275	1811	3141	1679	2530	3065	2830	3074	2641	2744	4248	4543	3100	2764	2942	1734	1773	1536	1576	1590	1571	1588	1601	1577	2163	1588	1634	1818	1645	1586	1599	1543	1533	1599	1574	1520	1640	2110	2059	2664	1449	1604
22:26:26	37.0	3140	3145	3020	2537	2385	2169	2075	2026	1922	1969	1935	1872	3333	3392	3180	2357	2144	2074	1918	1830	1900	1855	1911	1734	2437	2725	2595	4709	4045	4146	3002	2856	3366	1846	3139	1683	2538	3090	2849	3110	2689	2775	4223	4506	3093	2784	2949	1754	1694	1564	1568	1595	1588	1569	1604	1514	2136	1617	1605	1853	1632	1614	1579	1578	1529	1611	1597	1547	1633	2130	2074	2738	1426	1602
22:30:26	37.0	3151	3143	3007	2506	2364	2141	2105	2040	1926	1954	1998	1865	3353	3376	3243	2335	2178	2060	1881	1837	1898	1908	1912	1761	2486	2726	2557	4740	4053	4148	2992	2903	3354	1852	3175	1665	2568	3122	2856	3084	2697	2810	4258	4509	3108	2804	2948	1752	1713	1576	1599	1575	1558	1580	1621	1530	2150	1578	1626	1875	1642	1602	1548	1557	1535	1594	1594	1597	1591	2116	2115	2681	1421	1609
22:34:26	37.0	3203	3114	3095	2531	2403	2178	2118	2068	1930	1944	1954	1866	3381	3438	3257	2343	2216	2070	1944	1856	1876	1925	1909	1790	2450	2716	2580	4736	4108	4186	2996	2901	3330	1871	3136	1667	2603	3093	2908	3095	2709	2807	4203	4450	3071	2828	2997	1744	1706	1607	1616	1612	1539	1625	1594	1559	2182	1570	1628	1852	1655	1610	1586	1507	1530	1557	1583	1562	1634	2170	2100	2739	1466	1641
22:38:26	37.0	3167	3150	3051	2500	2374	2166	2093	2062	1907	1929	1927	1884	3332	3407	3203	2312	2185	2026	1936	1862	1867	1871	1917	1756	2468	2726	2589	4704	4099	4147	2986	2912	3317	1846	3100	1667	2522	3133	2881	3098	2721	2806	4265	4542	3069	2812	2965	1715	1703	1559	1617	1608	1553	1609	1608	1543	2179	1591	1613	1833	1634	1597	1568	1528	1537	1604	1610	1574	1654	2128	2113	2742	1432	1598
22:42:26	37.0	3196	3264	3047	2531	2396	2151	2133	2030	1933	1940	1941	1907	3344	3380	3222	2342	2155	2027	1913	1855	1897	1891	1895	1734	2472	2753	2591	4697	4066	4132	3044	2929	3328	1855	3144	1686	2612	3078	2853	3083	2776	2771	4295	4544	3151	2793	3009	1733	1732	1581	1612	1577	1563	1545	1607	1565	2161	1609	1648	1834	1618	1607	1592	1492	1617	1559	1634	1574	1649	2096	2096	2786	1438	1594
22:46:26	37.0	3179	3136	3103	2561	2408	2170	2101	2030	1928	1996	1967	1898	3376	3402	3250	2358	2193	2063	1916	1861	1899	1912	1918	1754	2520	2744	2564	4818	4066	4199	3003	2920	3334	1851	3091	1658	2604	3132	2871	3154	2753	2811	4293	4591	3141	2828	2980	1745	1726	1555	1626	1598	1523	1596	1598	1532	2149	1605	1619	1839	1632	1599	1577	1527	1545	1581	1630	1593	1621	2155	2131	2811	1424	1589
22:50:26	37.0	3194	3157	3068	2509	2421	2171	2133	2010	1930	2000	1971	1899	3376	3383	3237	2345	2201	2059	1955	1862	1888	1899	1924	1743	2439	2728	2616	4759	4162	4171	3050	2923	3342	1842	3179	1689	2619	3152	2873	3122	2707	2766	4294	4557	3126	2881	2991	1734	1729	1573	1633	1580	1547	1599	1616	1558	2178	1645	1630	1818	1632	1608	1584	1564	1569	1613	1570	1573	1621	2133	2146	2789	1450	1607
22:54:26	37.0	3205	3203	3120	2574	2409	2176	2117	2034	1975	1962	1979	1872	3364	3454	3268	2360	2164	2032	1926	1878	1904	1950	1932	1808	2501	2821	2649	4805	4130	4286	3009	2959	3397	1878	3149	1656	2659	3143	2918	3142	2753	2820	4280	4600	3190	2886	3069	1717	1684	1587	1619	1633	1586	1604	1617	1575	2192	1620	1644	1878	1629	1597	1614	1507	1544	1578	1614	1598	1645	2173	2157	2829	1438	1591
22:58:26	37.0	3221	3203	3069	2552	2403	2199	2182	2042	1987	1924	1974	1888	3431	3384	3183	2388	2185	2070	1964	1843	1918	1912	1893	1785	2516	2834	2661	4831	4174	4235	3051	2968	3387	1875	3144	1653	2599	3152	2887	3136	2760	2849	4364	4580	3162	2845	2978	1752	1679	1562	1608	1615	1561	1591	1589	1582	2169	1598	1617	1849	1609	1594	1574	1526	1621	1562	1630	1573	1630	2153	2111	2786	1455	1617
23:02:26	37.0	3247	3192	3094	2560	2417	2193	2122	2060	1984	1989	1951	1892	3391	3413	3221	2384	2196	2082	1967	1851	1909	1863	1926	1771	2502	2807	2642	4833	4204	4185	3053	2993	3377	1869	3200	1652	2681	3099	2917	3145	2795	2860	4366	4616	3120	2860	3062	1758	1709	1571	1603	1588	1595	1610	1592	1598	2164	1644	1645	1852	1628	1646	1603	1518	1575	1574	1676	1571	1654	2137	2155	2790	1433	1580
23:06:26	37.0	3246	3216	3093	2576	2400	2193	2129	2059	1952	1929	1976	1920	3371	3374	3259	2355	2148	2093	1890	1875	1892	1943	1922	1747	2546	2814	2629	4834	4154	4221	3056	3010	3402	1854	3117	1668	2683	3113	2964	3155	2804	2831	4402	4611	3184	2863	3049	1729	1707	1617	1602	1623	1556	1656	1619	1566	2222	1617	1678	1859	1630	1614	1575	1550	1585	1597	1583	1569	1672	2189	2164	2803	1454	1636
23:10:26	37.0	3212	3167	3157	2596	2410	2189	2108	2075	1973	1969	1951	1893	3430	3440	3250	2377	2201	2068	1944	1893	1873	1898	1970	1760	2490	2831	2589	4900	4201	4254	3100	3008	3401	1865	3169	1658	2657	3130	2986	3151	2807	2849	4381	4638	3198	2861	3104	1716	1695	1569	1610	1592	1526	1614	1593	1546	2217	1618	1617	1820	1674	1570	1586	1523	1574	1617	1645	1625	1664	2145	2197	2785	1440	1628
23:14:26	37.0	3282	3228	3059	2564	2405	2215	2109	2075	1945	1968	1983	1895	3403	3436	3273	2362	2207	2070	1926	1873	1885	1932	1955	1785	2559	2826	2659	4934	4213	4234	3059	2998	3451	1839	3147	1663	2701	3140	2976	3139	2808	2889	4376	4713	3213	2909	3089	1736	1708	1596	1601	1600	1565	1620	1614	1567	2232	1603	1636	1867	1592	1607	1627	1532	1610	1599	1623	1645	1667	2147	2200	2818	1463	1592
23:18:26	37.0	3236	3244	3119	2549	2402	2201	2125	2050	1968	1932	1948	1911	3405	3401	3323	2367	2213	2109	1934	1884	1894	1980	1934	1733	2509	2870	2647	4942	4209	4220	3062	3033	3393	1848	3113	1684	2717	3150	2975	3166	2813	2896	4401	4649	3190	2942	3111	1735	1705	1573	1638	1620	1566	1575	1595	1592	2239	1627	1653	1844	1636	1604	1572	1513	1607	1576	1601	1626	1598	2215	2178	2831	1453	1591
23:22:26	37.0	3252	3240	3153	2536	2452	2212	2131	2061	1960	1988	1953	1891	3392	3441	3271	2397	2212	2053	1933	1877	1876	1905	1938	1776	2566	2821	2685	4876	4196	4314	3124	2966	3404	1870	3142	1687	2695	3144	2993	3137	2796	2883	4435	4758	3199	2957	3096	1764	1729	1586	1616	1627	1555	1609	1584	1552	2240	1612	1644	1848	1605	1596	1598	1508	1598	1627	1660	1626	1659	2180	2195	2808	1457	1621
23:26:26	37.0	3292	3207	3135	2620	2394	2198	2171	2092	1925	1974	1994	1885	3446	3443	3264	2367	2200	2101	1909	1893	1912	1906	1953	1744	2561	2879	2709	4934	4249	4286	3088	3033	3406	1859	3199	1648	2759	3163	2961	3221	2846	2871	4472	4685	3176	2931	3134	1741	1730	1582	1629	1590	1583	1589	1614	1555	2200	1602	1645	1857	1624	1603	1580	1514	1579	1648	1623	1609	1656	2170	2161	2836	1431	1586
23:30:26	37.0	3276	3199	3125	2550	2431	2238	2122	2047	1952	1967	1966	1847	3435	3416	3252	2374	2213	2060	1967	1871	1893	1866	1936	1762	2600	2861	2685	4905	4205	4325	3105	2975	3416	1859	3128	1663	2737	3204	2973	3188	2842	2866	4449	4783	3210	2939	3064	1719	1726	1606	1618	1613	1561	1600	1561	1583	2235	1656	1673	1835	1663	1595	1609	1560	1617	1603	1622	1588	1653	2169	2221	2872	1426	1570
23:34:26	37.0	3287	3248	3102	2645	2438	2224	2110	2062	1959	1980	2029	1922	3428	3448	3319	2386	2216	2067	1996	1907	1929	1922	1930	1752	2601	2828	2732	4953	4298	4266	3094	3014	3428	1857	3199	1638	2743	3170	2979	3226	2828	2903	4433	4711	3203	2962	3118	1813	1744	1623	1631	1657	1560	1590	1594	1589	2255	1615	1646	1834	1648	1617	1601	1553	1595	1620	1673	1589	1679	2238	2208	2822	1443	1617
23:38:26	37.0	3316	3260	3176	2599	2447	2204	2145	2075	1993	2003	2041	1882	3547	3460	3288	2397	2236	2066	1924	1889	1894	1913	1912	1771	2591	2859	2716	4977	4286	4284	3132	2982	3420	1867	3174	1687	2770	3128	2967	3262	2852	2851	4445	4799	3181	2972	3117	1742	1753	1604	1620	1618	1597	1588	1615	1582	2220	1623	1656	1823	1652	1646	1612	1536	1591	1606	1657	1642	1678	2211	2245	2899	1424	1592
23:42:26	37.0	3348	3229	3153	2611	2450	2211	2167	2062	1961	1963	2003	1887	3458	3425	3332	2411	2231	2096	1934	1877	1950	1929	1966	1802	2629	2814	2739	4972	4234	4318	3115	3028	3424	1888	3159	1677	2783	3148	2978	3163	2836	2915	4480	4835	3201	2950	3118	1751	1754	1622	1604	1612	1589	1624	1667	1570	2268	1619	1639	1873	1687	1639	1607	1509	1604	1581	1641	1595	1627	2193	2207	2832	1444	1611
23:46:26	37.0	3332	3234	3148	2621	2432	2209	2086	2089	2026	2039	2026	1917	3491	3450	3340	2366	2233	2117	1937	1879	1921	1917	1966	1764	2634	2846	2739	5039	4237	4408	3124	3010	3440	1868	3147	1686	2798	3164	2951	3245	2890	2951	4454	4754	3191	2968	3116	1749	1769	1634	1628	1643	1565	1630	1622	1533	2294	1661	1669	1857	1669	1650	1626	1544	1609	1586	1630	1650	1651	2221	2196	2899	1459	1637
23:50:26	37.0	3333	3274	3172	2615	2472	2185	2161	2029	1958	2000	2002	1894	3446	3439	3322	2395	2193	2120	1961	1883	1936	1919	1950	1775	2617	2881	2750	5004	4267	4338	3136	3095	3406	1883	3119	1670	2798	3170	2939	3197	2871	2888	4445	4807	3206	2985	3138	1759	1735	1621	1645	1616	1580	1626	1608	1583	2257	1646	1651	1853	1624	1639	1604	1552	1620	1631	1633	1622	1654	2209	2215	2899	1440	1600
23:54:26	37.0	3363	3287	3133	2568	2437	2260	2195	2091	1981	1980	1986	1921	3508	3473	3378	2417	2263	2130	1970	1908	1986	1958	1990	1772	2635	2862	2719	5021	4340	4341	3187	3032	3431	1873	3147	1688	2813	3190	2981	3226	2876	2936	4518	4842	3166	3026	3149	1747	1751	1614	1617	1614	1569	1611	1632	1541	2260	1639	1692	1857	1660	1647	1613	1563	1659	1646	1654	1624	1675	2238	2204	2896	1435	1651
23:58:26	37.0	3349	3281	3174	2617	2473	2238	2127	2065	1997	2018	1995	1926	3477	3475	3291	2414	2215	2070	1961	1865	1894	1959	1950	1807	2670	2904	2725	5024	4321	4329	3090	3056	3457	1897	3145	1658	2753	3170	2974	3296	2872	2939	4531	4816	3130	3014	3176	1733	1743	1613	1614	1592	1583	1624	1623	1567	2244	1633	1685	1894	1661	1595	1597	1542	1608	1594	1604	1624	1664	2250	2187	2882	1426	1619
24:02:26	37.0	3249	3277	3197	2619	2468	2234	2149	2079	1962	1997	1957	1877	3501	3502	3327	2405	2196	2121	1947	1908	1944	1912	1939	1797	2655	2889	2762	5060	4336	4354	3153	3101	3489	1852	3125	1664	2827	3204	2988	3192	2882	2895	4544	4845	3160	3069	3214	1741	1735	1599	1602	1620	1566	1650	1610	1579	2279	1626	1720	1856	1633	1600	1614	1539	1629	1609	1631	1647	1671	2227	2231	2903	1465	1598

od600:600

Time	T° od600:600	B1	B2	B3	B4	B5	B6	B7	B8	B9	B10	B11	B12	C1	C2	C3	C4	C5	C6	C7	C8	C9	C10	C11	C12	D1	D2	D3	D4	D5	D6	D7	D8	D9	D10	D11	D12	E1	E2	E3	E4	E5	E6	E7	E8	E9	E10	E11	E12	F1	F2	F3	F4	F5	F6	F7	F8	F9	F10	F11	F12	G1	G2	G3	G4	G5	G6	G7	G8	G9	G10	G11	G12	H11	H12
0:03:12	37.0	0.148	0.145	0.145	0.144	0.149	0.150	0.156	0.158	0.150	0.151	0.159	0.154	0.151	0.150	0.158	0.144	0.150	0.144	0.147	0.154	0.158	0.151	0.156	0.160	0.145	0.143	0.149	0.162	0.161	0.157	0.145	0.154	0.162	0.151	0.166	0.161	0.154	0.154	0.154	0.145	0.153	0.161	0.151	0.164	0.148	0.147	0.153	0.158	0.149	0.143	0.162	0.157	0.146	0.153	0.149	0.156	0.172	0.157	0.158	0.151	0.147	0.153	0.156	0.157	0.141	0.143	0.150	0.145	0.148	0.172	0.166	0.164	0.155	0.164
0:07:12	37.0	0.149	0.145	0.145	0.144	0.149	0.149	0.153	0.158	0.150	0.151	0.159	0.155	0.150	0.152	0.159	0.144	0.151	0.144	0.146	0.154	0.157	0.151	0.157	0.161	0.146	0.144	0.151	0.163	0.161	0.157	0.146	0.155	0.161	0.152	0.169	0.161	0.152	0.157	0.158	0.146	0.157	0.164	0.152	0.167	0.151	0.148	0.155	0.159	0.151	0.142	0.163	0.155	0.146	0.149	0.149	0.155	0.172	0.158	0.157	0.151	0.148	0.153	0.155	0.158	0.141	0.143	0.150	0.145	0.149	0.171	0.166	0.164	0.155	0.165
0:11:12	37.1	0.150	0.145	0.145	0.144	0.149	0.149	0.154	0.158	0.151	0.152	0.160	0.157	0.151	0.151	0.159	0.145	0.151	0.143	0.146	0.155	0.159	0.151	0.156	0.162	0.145	0.143	0.151	0.164	0.161	0.158	0.147	0.155	0.161	0.153	0.168	0.162	0.152	0.155	0.156	0.145	0.157	0.164	0.153	0.167	0.152	0.150	0.155	0.160	0.150	0.143	0.164	0.156	0.146	0.150	0.150	0.156	0.173	0.157	0.158	0.152	0.147	0.153	0.156	0.157	0.141	0.143	0.151	0.145	0.150	0.171	0.166	0.165	0.155	0.166
0:15:12	37.1	0.150	0.145	0.147	0.145	0.151	0.150	0.157	0.160	0.152	0.153	0.162	0.163	0.151	0.152	0.160	0.146	0.152	0.145	0.147	0.157	0.160	0.152	0.157	0.163	0.146	0.143	0.152	0.166	0.162	0.159	0.148	0.156	0.162	0.154	0.168	0.162	0.152	0.157	0.157	0.146	0.157	0.165	0.154	0.168	0.152	0.151	0.156	0.161	0.151	0.145	0.165	0.157	0.148	0.151	0.152	0.157	0.174	0.158	0.159	0.153	0.148	0.154	0.156	0.158	0.142	0.144	0.151	0.145	0.149	0.172	0.167	0.166	0.155	0.166
0:19:12	37.0	0.152	0.147	0.149	0.146	0.153	0.151	0.160	0.162	0.153	0.155	0.164	0.169	0.152	0.153	0.162	0.147	0.153	0.147	0.149	0.159	0.162	0.154	0.158	0.165	0.147	0.145	0.154	0.168	0.164	0.160	0.149	0.158	0.164	0.156	0.169	0.163	0.153	0.157	0.158	0.147	0.158	0.166	0.155	0.169	0.153	0.152	0.157	0.162	0.152	0.146	0.167	0.159	0.149	0.153	0.154	0.158	0.175	0.160	0.161	0.154	0.149	0.155	0.157	0.158	0.143	0.144	0.152	0.146	0.150	0.172	0.167	0.166	0.156	0.167
0:23:12	37.0	0.153	0.148	0.151	0.148	0.155	0.153	0.163	0.164	0.155	0.157	0.166	0.171	0.154	0.154	0.164	0.149	0.156	0.149	0.152	0.162	0.165	0.156	0.160	0.167	0.148	0.147	0.156	0.171	0.168	0.162	0.151	0.161	0.165	0.159	0.170	0.164	0.154	0.159	0.159	0.148	0.160	0.168	0.157	0.171	0.155	0.154	0.158	0.163	0.153	0.148	0.169	0.160	0.151	0.155	0.155	0.160	0.176	0.162	0.164	0.155	0.149	0.156	0.157	0.159	0.144	0.145	0.152	0.147	0.151	0.173	0.168	0.166	0.157	0.168
0:27:12	37.0	0.155	0.150	0.153	0.150	0.157	0.155	0.164	0.166	0.156	0.159	0.167	0.169	0.155	0.156	0.166	0.151	0.159	0.152	0.155	0.165	0.168	0.158	0.163	0.169	0.149	0.148	0.158	0.174	0.172	0.165	0.153	0.163	0.168	0.163	0.171	0.164	0.155	0.161	0.161	0.150	0.161	0.170	0.159	0.174	0.157	0.156	0.160	0.164	0.154	0.150	0.172	0.162	0.154	0.158	0.157	0.163	0.178	0.164	0.167	0.156	0.150	0.157	0.158	0.160	0.144	0.145	0.153	0.147	0.152	0.174	0.169	0.167	0.159	0.168
0:31:12	37.0	0.157	0.152	0.154	0.152	0.158	0.157	0.166	0.168	0.158	0.160	0.169	0.168	0.157	0.158	0.168	0.153	0.161	0.154	0.158	0.169	0.172	0.161	0.167	0.170	0.151	0.151	0.160	0.176	0.174	0.167	0.155	0.165	0.170	0.167	0.173	0.165	0.157	0.163	0.163	0.152	0.163	0.172	0.161	0.176	0.160	0.159	0.162	0.165	0.156	0.152	0.175	0.163	0.156	0.161	0.159	0.165	0.180	0.167	0.171	0.157	0.152	0.158	0.160	0.161	0.145	0.146	0.154	0.148	0.153	0.175	0.171	0.168	0.160	0.170
0:35:12	37.0	0.158	0.153	0.155	0.153	0.160	0.158	0.167	0.169	0.160	0.162	0.171	0.169	0.160	0.161	0.170	0.155	0.163	0.157	0.160	0.171	0.175	0.164	0.170	0.172	0.154	0.153	0.162	0.178	0.176	0.169	0.158	0.167	0.172	0.169	0.176	0.167	0.159	0.165	0.165	0.154	0.165	0.174	0.163	0.178	0.163	0.161	0.164	0.167	0.158	0.154	0.177	0.165	0.158	0.163	0.160	0.168	0.183	0.169	0.173	0.158	0.154	0.160	0.161	0.162	0.147	0.148	0.155	0.149	0.155	0.176	0.173	0.165	0.162	0.172
0:39:12	37.0	0.160	0.156	0.158	0.156	0.162	0.160	0.169	0.172	0.162	0.164	0.174	0.170	0.162	0.162	0.172	0.157	0.164	0.159	0.163	0.173	0.177	0.167	0.173	0.175	0.157	0.156	0.164	0.180	0.178	0.171	0.160	0.168	0.175	0.172	0.178	0.168	0.161	0.167	0.167	0.156	0.168	0.176	0.165	0.180	0.166	0.164	0.167	0.169	0.161	0.157	0.180	0.167	0.160	0.166	0.162	0.169	0.185	0.172	0.176	0.160	0.156	0.162	0.163	0.164	0.148	0.149	0.157	0.151	0.157	0.179	0.175	0.167	0.164	0.173
0:43:12	37.0	0.163	0.158	0.160	0.158	0.165	0.162	0.172	0.174	0.165	0.168	0.177	0.170	0.165	0.165	0.174	0.159	0.166	0.161	0.166	0.176	0.180	0.170	0.177	0.178	0.160	0.159	0.167	0.182	0.180	0.173	0.162	0.170	0.177	0.174	0.182	0.170	0.164	0.170	0.170	0.158	0.170	0.178	0.168	0.183	0.168	0.166	0.170	0.171	0.164	0.160	0.182	0.170	0.163	0.169	0.165	0.172	0.187	0.174	0.179	0.161	0.159	0.165	0.166	0.167	0.151	0.151	0.159	0.153	0.159	0.181	0.177	0.168	0.166	0.176
0:47:12	37.0	0.166	0.161	0.164	0.161	0.168	0.165	0.175	0.177	0.168	0.171	0.181	0.171	0.168	0.168	0.176	0.162	0.169	0.165	0.169	0.178	0.183	0.172	0.181	0.181	0.162	0.161	0.170	0.185	0.183	0.176	0.165	0.172	0.180	0.177	0.185	0.171	0.167	0.173	0.172	0.161	0.173	0.181	0.170	0.186	0.171	0.169	0.173	0.173	0.166	0.163	0.184	0.173	0.165	0.172	0.167	0.175	0.190	0.176	0.181	0.163	0.161	0.168	0.168	0.169	0.152	0.153	0.161	0.155	0.161	0.183	0.180	0.170	0.168	0.178
0:51:12	37.0	0.170	0.165	0.168	0.165	0.172	0.169	0.180	0.182	0.172	0.175	0.185	0.175	0.172	0.172	0.180	0.165	0.172	0.168	0.173	0.183	0.187	0.176	0.184	0.184	0.166	0.165	0.173	0.188	0.186	0.179	0.168	0.175	0.183	0.181	0.188	0.174	0.171	0.177	0.176	0.164	0.176	0.184	0.173	0.189	0.174	0.173	0.176	0.176	0.170	0.167	0.188	0.176	0.169	0.176	0.170	0.179	0.193	0.180	0.185	0.166	0.165	0.171	0.171	0.172	0.155	0.156	0.164	0.158	0.164	0.186	0.183	0.172	0.172	0.182
0:55:12	37.0	0.174	0.169	0.172	0.169	0.176	0.173	0.185	0.186	0.176	0.180	0.190	0.179	0.176	0.175	0.184	0.169	0.176	0.172	0.177	0.188	0.192	0.180	0.190	0.189	0.170	0.169	0.177	0.191	0.190	0.182	0.171	0.179	0.187	0.185	0.192	0.177	0.174	0.180	0.179	0.168	0.179	0.187	0.176	0.192	0.177	0.176	0.180	0.178	0.174	0.171	0.191	0.180	0.173	0.180	0.175	0.183	0.197	0.183	0.189	0.168	0.168	0.175	0.175	0.175	0.158	0.159	0.167	0.161	0.167	0.190	0.187	0.175	0.175	0.185
0:59:12	37.0	0.178	0.174	0.177	0.174	0.181	0.178	0.191	0.192	0.181	0.185	0.196	0.182	0.180	0.180	0.188	0.173	0.181	0.177	0.182	0.193	0.197	0.185	0.194	0.193	0.174	0.174	0.181	0.195	0.194	0.187	0.175	0.183	0.191	0.190	0.196	0.180	0.179	0.185	0.183	0.172	0.183	0.191	0.180	0.196	0.182	0.180	0.184	0.181	0.177	0.176	0.196	0.185	0.177	0.184	0.179	0.187	0.201	0.188	0.193	0.172	0.172	0.179	0.179	0.179	0.161	0.163	0.170	0.164	0.171	0.194	0.191	0.178	0.179	0.190
1:03:12	37.0	0.182	0.179	0.183	0.179	0.187	0.183	0.197	0.198	0.187	0.191	0.202	0.186	0.186	0.185	0.193	0.178	0.185	0.183	0.187	0.199	0.203	0.190	0.201	0.197	0.179	0.179	0.186	0.200	0.199	0.191	0.180	0.187	0.196	0.195	0.201	0.184	0.185	0.190	0.188	0.176	0.187	0.196	0.184	0.200	0.186	0.184	0.189	0.184	0.182	0.180	0.200	0.189	0.181	0.189	0.184	0.192	0.205	0.192	0.199	0.175	0.177	0.183	0.183	0.183	0.164	0.166	0.174	0.168	0.175	0.198	0.196	0.181	0.184	0.195
1:07:12	37.0	0.188	0.185	0.190	0.186	0.193	0.190	0.204	0.204	0.194	0.198	0.209	0.189	0.191	0.190	0.198	0.183	0.192	0.189	0.194	0.206	0.209	0.196	0.207	0.202	0.185	0.184	0.191	0.205	0.204	0.196	0.185	0.192	0.201	0.201	0.206	0.188	0.190	0.195	0.193	0.181	0.192	0.201	0.190	0.205	0.191	0.190	0.194	0.189	0.188	0.187	0.206	0.195	0.187	0.195	0.190	0.198	0.211	0.198	0.205	0.178	0.182	0.188	0.188	0.188	0.170	0.170	0.178	0.174	0.179	0.203	0.201	0.185	0.189	0.200
1:11:12	37.0	0.194	0.192	0.197	0.193	0.200	0.196	0.211	0.211	0.201	0.205	0.216	0.195	0.198	0.196	0.204	0.188	0.198	0.196	0.201	0.213	0.216	0.202	0.214	0.208	0.191	0.191	0.197	0.210	0.210	0.202	0.190	0.198	0.207	0.208	0.212	0.194	0.196	0.201	0.198	0.186	0.198	0.206	0.195	0.210	0.197	0.195	0.200	0.193	0.194	0.193	0.213	0.201	0.194	0.201	0.196	0.204	0.216	0.204	0.213	0.183	0.188	0.194	0.194	0.193	0.176	0.175	0.183	0.178	0.185	0.209	0.207	0.189	0.195	0.206
1:15:12	37.0	0.201	0.200	0.205	0.201	0.208	0.204	0.219	0.219	0.208	0.213	0.224	0.200	0.205	0.203	0.210	0.195	0.205	0.203	0.209	0.220	0.223	0.208	0.222	0.218	0.197	0.197	0.203	0.216	0.217	0.208	0.196	0.205	0.213	0.215	0.218	0.198	0.203	0.208	0.204	0.192	0.203	0.211	0.201	0.216	0.203	0.200	0.206	0.197	0.201	0.201	0.220	0.207	0.201	0.209	0.203	0.211	0.223	0.211	0.220	0.186	0.194	0.201	0.200	0.199	0.180	0.180	0.189	0.183	0.191	0.215	0.214	0.195	0.201	0.213
1:19:12	37.0	0.209	0.208	0.213	0.209	0.217	0.212	0.229	0.228	0.216	0.221	0.232	0.206	0.212	0.211	0.218	0.203	0.213	0.211	0.217	0.229	0.232	0.216	0.231	0.226	0.204	0.205	0.210	0.223	0.224	0.215	0.203	0.211	0.220	0.223	0.225	0.203	0.210	0.216	0.211	0.199	0.210	0.219	0.207	0.224	0.209	0.207	0.213	0.204	0.208	0.209	0.228	0.215	0.209	0.216	0.211	0.219	0.231	0.219	0.229	0.195	0.202	0.208	0.209	0.206	0.186	0.188	0.196	0.191	0.198	0.223	0.222	0.200	0.207	0.220
1:23:12	37.0	0.217	0.217	0.223	0.218	0.226	0.221	0.238	0.237	0.225	0.230	0.241	0.218	0.220	0.220	0.226	0.210	0.221	0.220	0.226	0.239	0.242	0.225	0.240	0.236	0.211	0.212	0.218	0.230	0.232	0.222	0.210	0.220	0.228	0.231	0.233	0.209	0.219	0.224	0.219	0.207	0.217	0.226	0.215	0.231	0.217	0.215	0.221	0.209	0.216	0.217	0.236	0.224	0.218	0.225	0.220	0.228	0.238	0.227	0.238	0.200	0.210	0.216	0.216	0.215	0.193	0.194	0.204	0.198	0.205	0.231	0.230	0.208	0.214	0.229
1:27:12	37.0	0.226	0.225	0.232	0.228	0.236	0.231	0.249	0.247	0.234	0.239	0.251	0.228	0.228	0.228	0.234	0.219	0.230	0.230	0.236	0.250	0.252	0.234	0.249	0.243	0.220	0.221	0.226	0.238	0.240	0.230	0.218	0.227	0.236	0.240	0.241	0.216	0.226	0.232	0.227	0.214	0.226	0.234	0.223	0.238	0.225	0.223	0.229	0.218	0.225	0.227	0.245	0.233	0.227	0.235	0.229	0.237	0.248	0.236	0.248	0.208	0.220	0.226	0.225	0.223	0.201	0.202	0.213	0.207	0.213	0.240	0.239	0.216	0.223	0.235
1:31:12	37.0	0.237	0.236	0.243	0.238	0.246	0.242	0.260	0.258	0.245	0.251	0.263	0.235	0.238	0.237	0.244	0.228	0.241	0.240	0.247	0.261	0.264	0.244	0.261	0.255	0.228	0.229	0.234	0.246	0.249	0.240	0.226	0.237	0.245	0.250	0.250	0.226	0.235	0.240	0.235	0.223	0.234	0.242	0.231	0.247	0.233	0.232	0.238	0.224	0.237	0.238	0.256	0.244	0.238	0.245	0.240	0.249	0.258	0.247	0.260	0.217	0.230	0.235	0.235	0.234	0.210	0.211	0.223	0.215	0.222	0.251	0.250	0.227	0.228	0.239
1:35:12	37.0	0.246	0.251	0.260	0.254	0.262	0.256	0.274	0.270	0.260	0.266	0.275	0.246	0.250	0.251	0.258	0.238	0.251	0.251	0.258	0.272	0.274	0.253	0.272	0.265	0.237	0.238	0.243	0.256	0.258	0.247	0.236	0.246	0.254	0.264	0.258	0.229	0.243	0.251	0.244	0.232	0.243	0.251	0.240	0.256	0.242	0.239	0.246	0.231	0.248	0.251	0.268	0.256	0.251	0.256	0.254	0.261	0.270	0.258	0.273	0.224	0.242	0.246	0.246	0.243	0.221	0.224	0.234	0.225	0.234	0.262	0.262	0.230	0.233	0.245
1:39:12	37.0	0.256	0.264	0.273	0.269	0.279	0.273	0.291	0.288	0.274	0.280	0.288	0.250	0.262	0.264	0.271	0.255	0.267	0.266	0.274	0.285	0.291	0.270	0.290	0.278	0.249	0.251	0.256	0.267	0.271	0.259	0.248	0.258	0.267	0.278	0.271	0.232	0.255	0.267	0.255	0.243	0.254	0.263	0.252	0.268	0.254	0.252	0.260	0.234	0.261	0.265	0.281	0.270	0.264	0.270	0.267	0.276	0.283	0.272	0.286	0.230	0.254	0.259	0.258	0.255	0.232	0.234	0.245	0.237	0.246	0.274	0.275	0.234	0.241	0.254
1:43:12	37.0	0.268	0.277	0.285	0.281	0.292	0.287	0.305	0.302	0.287	0.293	0.300	0.263	0.273	0.276	0.284	0.267	0.282	0.281	0.289	0.301	0.307	0.285	0.306	0.292	0.261	0.264	0.267	0.278	0.283	0.270	0.259	0.268	0.279	0.290	0.283	0.235	0.267	0.279	0.266	0.254	0.266	0.274	0.264	0.281	0.265	0.265	0.272	0.239	0.276	0.279	0.294	0.283	0.278	0.282	0.281	0.289	0.296	0.285	0.300	0.240	0.266	0.271	0.270	0.267	0.244	0.244	0.258	0.245	0.258	0.287	0.289	0.243	0.251	0.265
1:47:12	37.0	0.280	0.286	0.295	0.290	0.303	0.298	0.314	0.312	0.303	0.308	0.314	0.273	0.285	0.288	0.297	0.279	0.295	0.294	0.301	0.311	0.318	0.297	0.317	0.306	0.273	0.273	0.279	0.290	0.295	0.281	0.270	0.280	0.290	0.304	0.295	0.248	0.278	0.288	0.277	0.265	0.277	0.285	0.275	0.291	0.277	0.276	0.283	0.247	0.290	0.296	0.309	0.299	0.294	0.297	0.296	0.304	0.312	0.300	0.315	0.253	0.281	0.283	0.283	0.278	0.256	0.256	0.271	0.256	0.269	0.301	0.302	0.251	0.264	0.276
1:51:12	37.0	0.294	0.295	0.303	0.299	0.310	0.306	0.321	0.317	0.320	0.325	0.333	0.288	0.297	0.302	0.307	0.287	0.303	0.302	0.309	0.315	0.324	0.305	0.324	0.322	0.287	0.286	0.291	0.303	0.306	0.293	0.281	0.292	0.303	0.321	0.307	0.253	0.291	0.301	0.288	0.276	0.288	0.296	0.287	0.303	0.289	0.288	0.296	0.256	0.305	0.311	0.323	0.314	0.310	0.311	0.313	0.320	0.327	0.317	0.331	0.265	0.295	0.296	0.297	0.288	0.268	0.267	0.284	0.264	0.282	0.314	0.316	0.261	0.272	0.282
1:55:12	37.0	0.307	0.307	0.312	0.309	0.321	0.315	0.327	0.323	0.338	0.344	0.352	0.292	0.309	0.307	0.314	0.290	0.306	0.302	0.307	0.316	0.324	0.308	0.327	0.333	0.299	0.299	0.304	0.316	0.320	0.306	0.294	0.305	0.316	0.335	0.321	0.264	0.303	0.314	0.301	0.290	0.303	0.308	0.298	0.316	0.301	0.301	0.309	0.264	0.319	0.324	0.336	0.327	0.324	0.322	0.326	0.332	0.340	0.331	0.343	0.277	0.308	0.309	0.311	0.301	0.282	0.282	0.297	0.278	0.295	0.330	0.332	0.271	0.281	0.291
1:59:12	37.0	0.314	0.308	0.313	0.313	0.322	0.313	0.328	0.329	0.353	0.358	0.361	0.296	0.320	0.322	0.326	0.302	0.311	0.309	0.313	0.318	0.330	0.317	0.333	0.339	0.312	0.309	0.317	0.331	0.334	0.319	0.306	0.319	0.330	0.353	0.335	0.276	0.316	0.329	0.314	0.304	0.316	0.322	0.313	0.330	0.315	0.316	0.323	0.272	0.333	0.338	0.347	0.339	0.337	0.333	0.339	0.342	0.352	0.341	0.352	0.284	0.323	0.324	0.325	0.315	0.296	0.294	0.311	0.291	0.309	0.345	0.347	0.277	0.293	0.303
2:03:12	37.0	0.319	0.306	0.313	0.306	0.315	0.312	0.323	0.324	0.361	0.364	0.371	0.292	0.324	0.328	0.326	0.300	0.314	0.307	0.315	0.318	0.330	0.317	0.327	0.353	0.322	0.321	0.330	0.344	0.349	0.335	0.323	0.334	0.348	0.360	0.350	0.275	0.325	0.343	0.329	0.322	0.331	0.338	0.329	0.346	0.330	0.331	0.340	0.271	0.347	0.349	0.358	0.351	0.348	0.343	0.348	0.352	0.363	0.352	0.364	0.284	0.335	0.339	0.342	0.330	0.312	0.309	0.327	0.305	0.323	0.362	0.365	0.281	0.300	0.313
2:07:12	37.0	0.320	0.308	0.317	0.308	0.319	0.309	0.327	0.323	0.364	0.366	0.372	0.297	0.327	0.329	0.322	0.300	0.309	0.303	0.309	0.317	0.321	0.311	0.325	0.352	0.325	0.335	0.348	0.363	0.364	0.350	0.337	0.351	0.362	0.361	0.369	0.279	0.324	0.356	0.345	0.338	0.347	0.354	0.347	0.362	0.348	0.348	0.358	0.277	0.359	0.358	0.366	0.359	0.356	0.352	0.358	0.360	0.374	0.359	0.372	0.288	0.347	0.355	0.358	0.345	0.327	0.324	0.342	0.317	0.339	0.379	0.384	0.291	0.308	0.319
2:11:12	37.1	0.318	0.321	0.325	0.323	0.330	0.319	0.340	0.330	0.369	0.375	0.378	0.303	0.327	0.329	0.327	0.312	0.320	0.314	0.317	0.321	0.328	0.320	0.331	0.352	0.327	0.338	0.354	0.375	0.379	0.363	0.350	0.364	0.374	0.363	0.381	0.281	0.329	0.362	0.354	0.350	0.362	0.368	0.363	0.376	0.364	0.363	0.371	0.278	0.372	0.365	0.374	0.364	0.362	0.359	0.363	0.365	0.381	0.363	0.377	0.292	0.357	0.369	0.373	0.359	0.344	0.341	0.359	0.329	0.353	0.396	0.401	0.291	0.319	0.325
2:15:12	37.0	0.330	0.336	0.337	0.341	0.343	0.332	0.353	0.349	0.380	0.380	0.387	0.301	0.332	0.334	0.338	0.328	0.334	0.328	0.332	0.337	0.340	0.334	0.348	0.354	0.326	0.343	0.361	0.385	0.388	0.374	0.363	0.377	0.383	0.372	0.393	0.287	0.333	0.370	0.363	0.357	0.373	0.379	0.377	0.388	0.371	0.375	0.380	0.284	0.383	0.372	0.380	0.369	0.366	0.365	0.370	0.369	0.387	0.370	0.384	0.288	0.366	0.383	0.387	0.373	0.360	0.356	0.375	0.345	0.368	0.413	0.418	0.296	0.324	0.334
2:19:12	37.0	0.343	0.347	0.346	0.343	0.351	0.342	0.359	0.357	0.390	0.391	0.398	0.302	0.338	0.347	0.352	0.339	0.348	0.339	0.346	0.351	0.354	0.348	0.362	0.350	0.339	0.348	0.368	0.391	0.396	0.385	0.374	0.387	0.391	0.383	0.401	0.289	0.336	0.377	0.368	0.365	0.383	0.388	0.389	0.399	0.384	0.384	0.391	0.295	0.393	0.380	0.387	0.377	0.372	0.373	0.378	0.377	0.394	0.378	0.391	0.296	0.377	0.396	0.401	0.387	0.376	0.372	0.391	0.359	0.382	0.429	0.433	0.303	0.330	0.341
2:23:12	37.0	0.355	0.355	0.352	0.350	0.359	0.349	0.364	0.363	0.394	0.399	0.402	0.317	0.353	0.361	0.362	0.349	0.350	0.346	0.354	0.360	0.368	0.358	0.372	0.350	0.345	0.356	0.375	0.399	0.404	0.391	0.383	0.396	0.400	0.392	0.410	0.295	0.349	0.385	0.379	0.379	0.391	0.397	0.400	0.405	0.392	0.394	0.400	0.294	0.404	0.389	0.396	0.388	0.386	0.385	0.385	0.389	0.407	0.390	0.404	0.296	0.388	0.408	0.413	0.398	0.391	0.387	0.406	0.373	0.394	0.445	0.447	0.312	0.338	0.347
2:27:12	37.0	0.361	0.359	0.357	0.353	0.359	0.356	0.366	0.367	0.398	0.402	0.407	0.310	0.365	0.370	0.365	0.349	0.355	0.354	0.358	0.362	0.369	0.364	0.377	0.343	0.356	0.368	0.385	0.409	0.415	0.403	0.392	0.406	0.411	0.396	0.420	0.298	0.357	0.393	0.390	0.387	0.402	0.408	0.409	0.415	0.401	0.406	0.412	0.298	0.416	0.399	0.406	0.398	0.397	0.395	0.394	0.400	0.421	0.399	0.417	0.298	0.400	0.420	0.426	0.411	0.404	0.401	0.422	0.389	0.406	0.460	0.463	0.317	0.343	0.355
2:31:12	37.0	0.369	0.364	0.363	0.360	0.366	0.361	0.373	0.375	0.402	0.404	0.411	0.322	0.375	0.374	0.376	0.359	0.360	0.360	0.364	0.370	0.373	0.370	0.385	0.337	0.366	0.379	0.397	0.423	0.427	0.415	0.404	0.420	0.421	0.399	0.432	0.310	0.368	0.403	0.402	0.401	0.411	0.419	0.421	0.429	0.413	0.416	0.423	0.306	0.427	0.408	0.415	0.408	0.408	0.405	0.401	0.407	0.430	0.407	0.427	0.299	0.411	0.432	0.439	0.423	0.417	0.415	0.436	0.402	0.419	0.474	0.477	0.328	0.348	0.365
2:35:12	37.0	0.375	0.368	0.367	0.364	0.371	0.366	0.378	0.381	0.403	0.408	0.414	0.331	0.380	0.383	0.383	0.359	0.372	0.367	0.370	0.374	0.379	0.375	0.391	0.346	0.372	0.386	0.404	0.438	0.439	0.427	0.418	0.428	0.434	0.401	0.444	0.311	0.376	0.412	0.413	0.411	0.425	0.432	0.432	0.441	0.426	0.431	0.437	0.312	0.436	0.418	0.424	0.415	0.415	0.415	0.411	0.415	0.441	0.414	0.434	0.293	0.421	0.444	0.452	0.435	0.432	0.430	0.450	0.413	0.431	0.489	0.492	0.335	0.360	0.374
2:39:12	37.0	0.382	0.372	0.372	0.367	0.375	0.371	0.381	0.386	0.407	0.411	0.419	0.334	0.388	0.389	0.389	0.368	0.373	0.373	0.374	0.379	0.381	0.379	0.395	0.337	0.378	0.393	0.413	0.447	0.450	0.439	0.427	0.439	0.443	0.405	0.457	0.320	0.380	0.422	0.419	0.419	0.431	0.443	0.445	0.453	0.435	0.443	0.449	0.322	0.445	0.427	0.434	0.424	0.422	0.420	0.425	0.423	0.445	0.424	0.439	0.312	0.430	0.455	0.465	0.447	0.448	0.445	0.465	0.426	0.443	0.503	0.507	0.343	0.366	0.382
2:43:12	37.0	0.387	0.374	0.375	0.372	0.380	0.374	0.385	0.389	0.411	0.416	0.423	0.341	0.392	0.396	0.399	0.371	0.378	0.371	0.385	0.390	0.388	0.387	0.399	0.339	0.383	0.400	0.420	0.458	0.460	0.451	0.434	0.449	0.451	0.409	0.466	0.329	0.385	0.428	0.430	0.433	0.442	0.452	0.457	0.466	0.445	0.452	0.459	0.325	0.454	0.437	0.442	0.434	0.429	0.427	0.430	0.429	0.454	0.429	0.444	0.312	0.439	0.466	0.477	0.458	0.456	0.459	0.478	0.437	0.456	0.517	0.522	0.346	0.373	0.391
2:47:12	37.0	0.391	0.380	0.378	0.380	0.383	0.380	0.390	0.393	0.416	0.420	0.427	0.345	0.396	0.401	0.399	0.369	0.384	0.383	0.385	0.388	0.390	0.391	0.405	0.347	0.388	0.406	0.428	0.467	0.468	0.460	0.441	0.457	0.457	0.413	0.474	0.336	0.390	0.437	0.437	0.436	0.450	0.461	0.466	0.474	0.453	0.463	0.467	0.329	0.461	0.446	0.450	0.439	0.436	0.435	0.433	0.435	0.456	0.432	0.448	0.318	0.448	0.477	0.489	0.470	0.463	0.472	0.491	0.449	0.467	0.530	0.535	0.353	0.380	0.402
2:51:12	37.0	0.390	0.383	0.384	0.382	0.387	0.383	0.396	0.396	0.422	0.426	0.431	0.348	0.405	0.408	0.402	0.384	0.387	0.381	0.387	0.394	0.397	0.398	0.409	0.339	0.396	0.412	0.433	0.474	0.476	0.467	0.452	0.463	0.463	0.419	0.482	0.339	0.395	0.442	0.444	0.445	0.462	0.469	0.474	0.485	0.462	0.468	0.474	0.338	0.471	0.454	0.457	0.445	0.440	0.439	0.438	0.441	0.471	0.438	0.459	0.329	0.458	0.488	0.500	0.480	0.471	0.485	0.502	0.461	0.479	0.542	0.548	0.358	0.386	0.408
2:55:12	37.0	0.401	0.388	0.389	0.390	0.393	0.382	0.396	0.401	0.425	0.430	0.434	0.356	0.404	0.410	0.408	0.385	0.389	0.394	0.398	0.397	0.402	0.401	0.411	0.341	0.396	0.415	0.439	0.480	0.484	0.476	0.457	0.470	0.467	0.424	0.489	0.362	0.404	0.450	0.449	0.454	0.465	0.475	0.482	0.492	0.470	0.475	0.482	0.350	0.480	0.461	0.465	0.455	0.455	0.449	0.446	0.453	0.483	0.446	0.468	0.331	0.468	0.498	0.511	0.491	0.481	0.496	0.514	0.472	0.490	0.555	0.561	0.373	0.391	0.412
2:59:12	37.0	0.406	0.390	0.391	0.381	0.396	0.389	0.396	0.402	0.426	0.432	0.437	0.365	0.414	0.411	0.413	0.391	0.396	0.393	0.397	0.396	0.405	0.407	0.415	0.344	0.400	0.421	0.443	0.486	0.490	0.485	0.462	0.474	0.470	0.424	0.497	0.357	0.399	0.452	0.449	0.461	0.474	0.480	0.492	0.502	0.479	0.482	0.489	0.351	0.490	0.468	0.473	0.465	0.465	0.460	0.458	0.461	0.490	0.453	0.478	0.334	0.478	0.509	0.523	0.502	0.491	0.508	0.524	0.484	0.502	0.570	0.574	0.387	0.393	0.418
3:03:12	37.0	0.411	0.394	0.390	0.393	0.400	0.390	0.405	0.412	0.430	0.438	0.440	0.372	0.414	0.420	0.418	0.403	0.401	0.399	0.397	0.404	0.409	0.413	0.430	0.354	0.406	0.425	0.449	0.493	0.498	0.493	0.469	0.479	0.474	0.428	0.506	0.359	0.410	0.463	0.459	0.468	0.482	0.489	0.499	0.511	0.486	0.489	0.496	0.356	0.499	0.477	0.484	0.476	0.473	0.468	0.465	0.465	0.493	0.459	0.485	0.337	0.488	0.521	0.534	0.513	0.501	0.519	0.536	0.497	0.513	0.583	0.587	0.388	0.395	0.424
3:07:12	37.0	0.414	0.396	0.401	0.395	0.403	0.399	0.404	0.407	0.425	0.438	0.435	0.371	0.417	0.422	0.421	0.394	0.405	0.409	0.402	0.414	0.413	0.412	0.417	0.351	0.410	0.427	0.453	0.501	0.507	0.501	0.476	0.487	0.483	0.426	0.511	0.369	0.411	0.457	0.463	0.471	0.488	0.490	0.506	0.521	0.493	0.493	0.500	0.356	0.509	0.486	0.491	0.484	0.478	0.472	0.473	0.469	0.498	0.464	0.488	0.334	0.495	0.532	0.545	0.526	0.512	0.532	0.547	0.508	0.525	0.598	0.601	0.397	0.396	0.445
3:11:12	37.0	0.418	0.395	0.395	0.395	0.402	0.398	0.400	0.405	0.430	0.436	0.434	0.375	0.422	0.429	0.429	0.406	0.409	0.404	0.403	0.411	0.409	0.409	0.421	0.348	0.414	0.433	0.457	0.506	0.514	0.508	0.482	0.487	0.487	0.425	0.517	0.367	0.416	0.460	0.470	0.476	0.492	0.496	0.517	0.529	0.500	0.501	0.506	0.354	0.519	0.495	0.498	0.491	0.483	0.477	0.477	0.472	0.502	0.469	0.493	0.343	0.503	0.543	0.557	0.537	0.525	0.544	0.559	0.520	0.537	0.613	0.614	0.398	0.398	0.481
3:15:12	37.0	0.421	0.403	0.402	0.400	0.410	0.396	0.403	0.409	0.428	0.435	0.426	0.380	0.425	0.430	0.432	0.398	0.406	0.404	0.408	0.411	0.415	0.415	0.426	0.354	0.411	0.439	0.461	0.510	0.517	0.514	0.490	0.494	0.493	0.428	0.521	0.374	0.418	0.461	0.473	0.482	0.497	0.497	0.520	0.532	0.507	0.509	0.512	0.365	0.526	0.502	0.505	0.495	0.487	0.481	0.483	0.475	0.509	0.475	0.498	0.343	0.510	0.553	0.568	0.548	0.535	0.556	0.569	0.531	0.547	0.626	0.626	0.423	0.410	0.482
3:19:12	37.1	0.423	0.412	0.404	0.394	0.408	0.400	0.410	0.412	0.415	0.422	0.423	0.380	0.427	0.437	0.438	0.404	0.414	0.409	0.406	0.413	0.420	0.419	0.423	0.362	0.431	0.435	0.467	0.507	0.519	0.518	0.494	0.497	0.495	0.422	0.522	0.376	0.417	0.465	0.474	0.486	0.499	0.500	0.524	0.543	0.513	0.512	0.518	0.365	0.534	0.508	0.511	0.500	0.490	0.486	0.488	0.479	0.514	0.480	0.502	0.360	0.518	0.564	0.579	0.558	0.546	0.568	0.580	0.541	0.558	0.640	0.639	0.431	0.415	0.455
3:23:12	37.0	0.435	0.408	0.404	0.400	0.406	0.391	0.408	0.408	0.412	0.417	0.415	0.384	0.433	0.439	0.428	0.403	0.405	0.406	0.409	0.411	0.415	0.412	0.420	0.353	0.431	0.446	0.467	0.506	0.521	0.522	0.495	0.502	0.499	0.415	0.529	0.403	0.431	0.470	0.476	0.492	0.503	0.506	0.531	0.547	0.519	0.518	0.523	0.364	0.542	0.513	0.518	0.504	0.494	0.490	0.494	0.483	0.520	0.485	0.506	0.376	0.528	0.575	0.590	0.569	0.557	0.580	0.590	0.553	0.569	0.653	0.651	0.427	0.426	0.458
3:27:12	37.0	0.436	0.404	0.406	0.394	0.402	0.393	0.403	0.410	0.403	0.407	0.410	0.391	0.438	0.442	0.439	0.405	0.405	0.398	0.401	0.411	0.410	0.405	0.420	0.353	0.436	0.453	0.463	0.504	0.524	0.520	0.502	0.507	0.500	0.405	0.531	0.385	0.437	0.471	0.474	0.496	0.502	0.513	0.539	0.553	0.524	0.522	0.528	0.368	0.550	0.520	0.526	0.510	0.498	0.494	0.499	0.488	0.525	0.491	0.512	0.382	0.537	0.585	0.601	0.581	0.569	0.592	0.601	0.563	0.579	0.666	0.664	0.413	0.444	0.464
3:31:12	37.0	0.438	0.414	0.409	0.400	0.405	0.397	0.398	0.413	0.387	0.407	0.406	0.395	0.444	0.444	0.441	0.397	0.402	0.400	0.402	0.411	0.411	0.410	0.426	0.357	0.435	0.453	0.471	0.505	0.532	0.530	0.505	0.510	0.501	0.399	0.528	0.393	0.441	0.475	0.476	0.503	0.499	0.518	0.543	0.557	0.530	0.525	0.531	0.367	0.558	0.525	0.530	0.515	0.503	0.499	0.503	0.491	0.532	0.494	0.516	0.386	0.547	0.595	0.612	0.592	0.581	0.603	0.612	0.572	0.589	0.679	0.675	0.418	0.450	0.469
3:35:12	37.0	0.434	0.406	0.409	0.399	0.405	0.399	0.399	0.411	0.404	0.417	0.439	0.394	0.453	0.442	0.437	0.399	0.405	0.400	0.407	0.410	0.419	0.407	0.420	0.364	0.440	0.454	0.469	0.508	0.532	0.530	0.509	0.514	0.504	0.397	0.530	0.393	0.442	0.480	0.488	0.507	0.499	0.524	0.547	0.561	0.532	0.526	0.534	0.372	0.566	0.531	0.534	0.520	0.507	0.501	0.505	0.491	0.532	0.495	0.515	0.387	0.554	0.606	0.622	0.604	0.592	0.612	0.623	0.581	0.601	0.691	0.686	0.422	0.452	0.472
3:39:12	37.0	0.447	0.409	0.407	0.403	0.407	0.400	0.409	0.399	0.433	0.440	0.456	0.390	0.449	0.448	0.441	0.397	0.408	0.411	0.404	0.415	0.422	0.396	0.409	0.383	0.436	0.453	0.462	0.505	0.535	0.532	0.512	0.519	0.505	0.418	0.530	0.391	0.451	0.478	0.492	0.506	0.503	0.528	0.553	0.566	0.537	0.530	0.539	0.374	0.573	0.537	0.539	0.526	0.512	0.502	0.507	0.491	0.537	0.497	0.516	0.366	0.562	0.615	0.632	0.615	0.603	0.619	0.633	0.589	0.611	0.704	0.697	0.421	0.455	0.475
3:43:12	37.0	0.443	0.412	0.408	0.406	0.405	0.418	0.422	0.427	0.429	0.446	0.449	0.407	0.453	0.450	0.456	0.401	0.414	0.401	0.401	0.434	0.420	0.387	0.434	0.397	0.440	0.456	0.474	0.506	0.536	0.537	0.515	0.521	0.508	0.438	0.533	0.393	0.450	0.469	0.492	0.507	0.508	0.530	0.558	0.567	0.541	0.530	0.543	0.379	0.579	0.542	0.544	0.531	0.515	0.507	0.513	0.496	0.539	0.500	0.517	0.371	0.570	0.625	0.643	0.626	0.613	0.629	0.643	0.600	0.622	0.716	0.709	0.427	0.459	0.476
3:47:12	37.0	0.438	0.412	0.414	0.399	0.410	0.421	0.441	0.438	0.438	0.449	0.456	0.420	0.443	0.446	0.440	0.410	0.423	0.399	0.417	0.436	0.450	0.445	0.444	0.408	0.443	0.457	0.478	0.506	0.533	0.531	0.520	0.532	0.509	0.449	0.539	0.400	0.451	0.476	0.492	0.512	0.505	0.536	0.559	0.566	0.545	0.534	0.546	0.391	0.587	0.549	0.548	0.534	0.518	0.512	0.523	0.500	0.546	0.501	0.507	0.376	0.578	0.635	0.652	0.638	0.624	0.639	0.653	0.610	0.632	0.728	0.720	0.434	0.466	0.478
3:51:12	37.0	0.444	0.423	0.408	0.447	0.422	0.433	0.436	0.439	0.444	0.451	0.458	0.424	0.464	0.452	0.467	0.410	0.434	0.444	0.446	0.445	0.448	0.446	0.456	0.416	0.451	0.444	0.469	0.496	0.543	0.545	0.526	0.533	0.512	0.450	0.537	0.404	0.451	0.473	0.497	0.507	0.504	0.539	0.562	0.565	0.543	0.530	0.551	0.392	0.595	0.558	0.551	0.537	0.523	0.515	0.520	0.505	0.544	0.516	0.525	0.381	0.588	0.646	0.663	0.649	0.635	0.649	0.663	0.621	0.643	0.739	0.730	0.440	0.473	0.483
3:55:12	37.0	0.447	0.416	0.436	0.423	0.429	0.427	0.440	0.443	0.444	0.452	0.459	0.426	0.447	0.466	0.482	0.435	0.427	0.427	0.438	0.439	0.448	0.445	0.463	0.420	0.454	0.459	0.475	0.499	0.543	0.546	0.526	0.536	0.511	0.452	0.539	0.405	0.449	0.474	0.488	0.509	0.503	0.539	0.554	0.576	0.544	0.535	0.551	0.393	0.603	0.566	0.553	0.539	0.525	0.519	0.525	0.506	0.553	0.516	0.531	0.385	0.596	0.657	0.674	0.660	0.649	0.659	0.673	0.632	0.653	0.750	0.741	0.443	0.480	0.486
3:59:12	37.0	0.449	0.431	0.457	0.424	0.433	0.427	0.445	0.451	0.447	0.455	0.463	0.427	0.461	0.471	0.465	0.431	0.434	0.427	0.432	0.444	0.452	0.451	0.468	0.421	0.459	0.443	0.469	0.511	0.545	0.545	0.525	0.531	0.511	0.455	0.540	0.411	0.449	0.471	0.486	0.510	0.502	0.538	0.560	0.565	0.540	0.533	0.558	0.399	0.613	0.577	0.555	0.547	0.531	0.525	0.532	0.513	0.566	0.522	0.540	0.390	0.605	0.667	0.684	0.671	0.660	0.669	0.684	0.644	0.665	0.761	0.752	0.446	0.493	0.489
4:03:12	37.0	0.466	0.442	0.439	0.438	0.436	0.433	0.454	0.454	0.453	0.461	0.469	0.430	0.461	0.473	0.480	0.432	0.441	0.434	0.442	0.453	0.455	0.455	0.472	0.425	0.459	0.453	0.473	0.509	0.532	0.534	0.528	0.528	0.504	0.458	0.542	0.414	0.448	0.482	0.477	0.505	0.498	0.540	0.561	0.571	0.543	0.537	0.555	0.401	0.619	0.580	0.561	0.553	0.532	0.530	0.538	0.518	0.578	0.527	0.545	0.402	0.613	0.678	0.694	0.681	0.670	0.678	0.694	0.655	0.674	0.771	0.763	0.451	0.505	0.494
4:07:12	37.0	0.474	0.435	0.438	0.438	0.435	0.437	0.456	0.457	0.458	0.466	0.475	0.432	0.470	0.477	0.477	0.426	0.438	0.434	0.444	0.457	0.459	0.458	0.475	0.429	0.450	0.454	0.476	0.493	0.543	0.527	0.524	0.521	0.500	0.463	0.541	0.417	0.448	0.471	0.478	0.504	0.494	0.535	0.551	0.579	0.540	0.534	0.557	0.404	0.625	0.585	0.569	0.559	0.534	0.536	0.544	0.523	0.587	0.533	0.551	0.409	0.621	0.689	0.704	0.691	0.675	0.690	0.703	0.667	0.684	0.781	0.772	0.455	0.515	0.499
4:11:12	37.0	0.474	0.431	0.441	0.439	0.437	0.442	0.460	0.461	0.464	0.471	0.481	0.435	0.465	0.471	0.477	0.436	0.441	0.439	0.451	0.464	0.463	0.461	0.478	0.434	0.456	0.450	0.475	0.498	0.535	0.525	0.523	0.519	0.501	0.469	0.542	0.420	0.448	0.470	0.473	0.501	0.494	0.530	0.554	0.576	0.536	0.533	0.562	0.407	0.631	0.588	0.574	0.564	0.537	0.541	0.549	0.529	0.594	0.539	0.557	0.413	0.631	0.698	0.713	0.702	0.687	0.701	0.713	0.680	0.695	0.791	0.780	0.460	0.524	0.506
4:15:12	37.0	0.452	0.440	0.444	0.440	0.439	0.444	0.464	0.464	0.469	0.476	0.485	0.441	0.468	0.485	0.482	0.443	0.445	0.445	0.456	0.468	0.467	0.465	0.483	0.438	0.467	0.448	0.465	0.523	0.538	0.525	0.526	0.513	0.502	0.473	0.538	0.424	0.457	0.463	0.472	0.499	0.500	0.526	0.552	0.566	0.538	0.536	0.557	0.412	0.638	0.592	0.577	0.570	0.540	0.546	0.554	0.533	0.602	0.544	0.567	0.417	0.640	0.705	0.723	0.711	0.700	0.712	0.722	0.693	0.705	0.802	0.789	0.463	0.533	0.515
4:19:12	37.0	0.456	0.447	0.444	0.440	0.442	0.448	0.469	0.468	0.474	0.479	0.489	0.444	0.471	0.495	0.482	0.440	0.450	0.449	0.459	0.472	0.472	0.469	0.487	0.443	0.467	0.463	0.481	0.530	0.547	0.535	0.527	0.514	0.500	0.479	0.530	0.428	0.460	0.451	0.468	0.503	0.500	0.530	0.558	0.582	0.540	0.533	0.555	0.416	0.646	0.598	0.583	0.575	0.544	0.552	0.562	0.540	0.609	0.554	0.574	0.423	0.649	0.714	0.732	0.720	0.710	0.721	0.732	0.706	0.716	0.811	0.797	0.467	0.541	0.524
4:23:12	37.0	0.459	0.449	0.449	0.441	0.444	0.453	0.474	0.470	0.478	0.482	0.490	0.445	0.481	0.481	0.488	0.444	0.454	0.452	0.462	0.476	0.476	0.473	0.489	0.448	0.473	0.460	0.468	0.518	0.540	0.527	0.535	0.517	0.501	0.481	0.530	0.431	0.460	0.466	0.470	0.502	0.485	0.522	0.546	0.563	0.543	0.529	0.560	0.420	0.653	0.602	0.588	0.580	0.548	0.559	0.570	0.551	0.616	0.562	0.580	0.428	0.657	0.724	0.742	0.730	0.717	0.730	0.741	0.717	0.725	0.820	0.805	0.472	0.549	0.539
4:27:12	37.0	0.461	0.442	0.452	0.445	0.448	0.457	0.476	0.473	0.483	0.485	0.493	0.450	0.479	0.496	0.492	0.445	0.459	0.457	0.468	0.481	0.479	0.476	0.493	0.457	0.466	0.449	0.459	0.526	0.545	0.534	0.528	0.518	0.513	0.485	0.534	0.435	0.444	0.477	0.482	0.507	0.495	0.531	0.544	0.560	0.539	0.527	0.550	0.428	0.662	0.605	0.589	0.585	0.555	0.568	0.576	0.559	0.622	0.569	0.586	0.433	0.666	0.732	0.751	0.739	0.726	0.739	0.750	0.727	0.732	0.828	0.812	0.475	0.555	0.555
4:31:12	37.0	0.458	0.449	0.451	0.446	0.452	0.460	0.478	0.475	0.486	0.485	0.494	0.453	0.476	0.495	0.494	0.447	0.464	0.460	0.471	0.483	0.482	0.478	0.496	0.462	0.467	0.462	0.467	0.505	0.546	0.534	0.526	0.526	0.512	0.486	0.539	0.437	0.459	0.480	0.482	0.513	0.506	0.528	0.548	0.572	0.550	0.535	0.552	0.433	0.670	0.609	0.589	0.591	0.563	0.576	0.581	0.566	0.626	0.575	0.592	0.438	0.674	0.741	0.758	0.747	0.733	0.747	0.759	0.734	0.741	0.837	0.820	0.483	0.562	0.573
4:35:12	37.0	0.458	0.453	0.451	0.449	0.455	0.460	0.478	0.476	0.486	0.487	0.494	0.455	0.478	0.497	0.501	0.452	0.469	0.463	0.474	0.485	0.484	0.480	0.499	0.470	0.467	0.455	0.463	0.514	0.539	0.539	0.535	0.530	0.512	0.488	0.537	0.439	0.456	0.470	0.478	0.505	0.497	0.530	0.552	0.563	0.547	0.533	0.551	0.439	0.678	0.614	0.589	0.597	0.571	0.581	0.585	0.571	0.629	0.580	0.596	0.443	0.684	0.748	0.767	0.754	0.737	0.755	0.767	0.742	0.746	0.846	0.828	0.488	0.570	0.592
4:39:12	37.0	0.463	0.449	0.453	0.452	0.459	0.466	0.481	0.479	0.489	0.489	0.495	0.458	0.470	0.499	0.503	0.456	0.474	0.469	0.479	0.491	0.487	0.484	0.505	0.478	0.479	0.478	0.474	0.521	0.542	0.535	0.529	0.528	0.511	0.492	0.537	0.443	0.456	0.473	0.480	0.506	0.499	0.524	0.555	0.566	0.543	0.529	0.549	0.442	0.685	0.618	0.592	0.603	0.577	0.586	0.590	0.576	0.632	0.585	0.602	0.449	0.696	0.756	0.778	0.761	0.741	0.762	0.777	0.748	0.753	0.855	0.836	0.497	0.581	0.613
4:43:12	37.0	0.457	0.455	0.456	0.455	0.461	0.468	0.483	0.482	0.488	0.491	0.497	0.462	0.470	0.504	0.512	0.461	0.478	0.473	0.484	0.495	0.490	0.486	0.510	0.485	0.479	0.476	0.477	0.533	0.539	0.533	0.527	0.525	0.513	0.495	0.539	0.447	0.463	0.478	0.484	0.502	0.499	0.524	0.553	0.571	0.544	0.531	0.550	0.445	0.691	0.623	0.596	0.610	0.583	0.591	0.595	0.581	0.635	0.590	0.605	0.455	0.707	0.764	0.787	0.768	0.748	0.773	0.783	0.754	0.762	0.864	0.844	0.502	0.590	0.637
4:47:12	37.0	0.462	0.458	0.459	0.459	0.464	0.471	0.486	0.485	0.491	0.494	0.501	0.463	0.472	0.508	0.516	0.464	0.481	0.476	0.488	0.499	0.495	0.489	0.516	0.491	0.478	0.479	0.479	0.524	0.546	0.534	0.527	0.522	0.513	0.499	0.536	0.450	0.459	0.482	0.483	0.503	0.500	0.524	0.559	0.582	0.540	0.529	0.551	0.449	0.697	0.627	0.600	0.616	0.590	0.596	0.600	0.586	0.637	0.596	0.608	0.462	0.718	0.772	0.796	0.774	0.756	0.779	0.793	0.759	0.769	0.873	0.852	0.509	0.600	0.663
4:51:12	37.0	0.469	0.461	0.462	0.462	0.466	0.474	0.490	0.490	0.494	0.498	0.506	0.467	0.474	0.510	0.517	0.468	0.483	0.480	0.493	0.502	0.501	0.495	0.522	0.497	0.483	0.483	0.480	0.535	0.547	0.547	0.528	0.523	0.515	0.502	0.540	0.455	0.459	0.480	0.482	0.503	0.500	0.525	0.556	0.573	0.545	0.531	0.555	0.454	0.704	0.631	0.606	0.621	0.597	0.601	0.604	0.591	0.640	0.599	0.612	0.466	0.726	0.780	0.803	0.783	0.764	0.786	0.803	0.761	0.777	0.882	0.860	0.512	0.607	0.690
4:55:12	37.0	0.466	0.463	0.465	0.465	0.467	0.477	0.494	0.496	0.498	0.505	0.512	0.466	0.478	0.515	0.518	0.473	0.485	0.483	0.496	0.507	0.505	0.502	0.528	0.502	0.490	0.482	0.475	0.537	0.550	0.537	0.526	0.524	0.515	0.506	0.540	0.456	0.455	0.483	0.485	0.501	0.501	0.522	0.556	0.570	0.543	0.533	0.551	0.463	0.707	0.634	0.613	0.626	0.605	0.605	0.608	0.595	0.644	0.602	0.614	0.473	0.733	0.786	0.810	0.791	0.765	0.794	0.812	0.768	0.784	0.891	0.868	0.519	0.617	0.710
4:59:12	37.0	0.467	0.468	0.465	0.468	0.469	0.481	0.501	0.503	0.504	0.510	0.517	0.475	0.476	0.517	0.521	0.477	0.488	0.489	0.501	0.514	0.511	0.509	0.535	0.507	0.494	0.485	0.481	0.548	0.552	0.551	0.528	0.529	0.518	0.510	0.545	0.462	0.456	0.484	0.489	0.505	0.506	0.524	0.558	0.574	0.546	0.538	0.556	0.471	0.713	0.637	0.617	0.632	0.610	0.611	0.610	0.599	0.650	0.605	0.617	0.481	0.741	0.792	0.814	0.799	0.764	0.799	0.816	0.774	0.789	0.899	0.876	0.530	0.628	0.731
5:03:12	37.0	0.473	0.470	0.471	0.471	0.472	0.486	0.509	0.510	0.510	0.517	0.523	0.479	0.477	0.522	0.527	0.480	0.492	0.496	0.506	0.518	0.518	0.516	0.544	0.511	0.501	0.483	0.481	0.553	0.552	0.553	0.531	0.529	0.517	0.514	0.546	0.464	0.463	0.486	0.488	0.504	0.505	0.525	0.561	0.579	0.545	0.536	0.561	0.472	0.718	0.640	0.623	0.637	0.616	0.615	0.613	0.602	0.656	0.608	0.618	0.486	0.746	0.796	0.820	0.807	0.765	0.808	0.822	0.780	0.798	0.909	0.885	0.537	0.635	0.748
5:07:12	37.0	0.478	0.472	0.472	0.473	0.474	0.493	0.516	0.516	0.514	0.522	0.527	0.479	0.478	0.527	0.531	0.484	0.493	0.501	0.510	0.522	0.522	0.522	0.546	0.515	0.500	0.482	0.481	0.551	0.552	0.555	0.532	0.530	0.520	0.518	0.545	0.463	0.463	0.488	0.488	0.503	0.507	0.524	0.569	0.578	0.546	0.535	0.561	0.477	0.724	0.644	0.627	0.641	0.622	0.620	0.616	0.606	0.662	0.613	0.621	0.495	0.750	0.801	0.825	0.814	0.767	0.814	0.825	0.787	0.803	0.917	0.891	0.544	0.643	0.751
5:11:12	37.0	0.481	0.475	0.476	0.477	0.478	0.499	0.522	0.524	0.519	0.528	0.533	0.486	0.484	0.532	0.535	0.491	0.498	0.506	0.517	0.528	0.528	0.528	0.555	0.520	0.503	0.487	0.485	0.566	0.561	0.559	0.537	0.532	0.522	0.523	0.550	0.469	0.466	0.489	0.490	0.506	0.510	0.525	0.573	0.582	0.549	0.539	0.563	0.479	0.728	0.648	0.633	0.646	0.629	0.625	0.618	0.611	0.670	0.615	0.625	0.501	0.755	0.808	0.831	0.822	0.769	0.823	0.829	0.790	0.811	0.925	0.899	0.549	0.655	0.748
5:15:12	37.0	0.483	0.477	0.478	0.481	0.483	0.505	0.529	0.529	0.524	0.533	0.538	0.486	0.482	0.538	0.539	0.496	0.503	0.506	0.522	0.532	0.535	0.535	0.562	0.523	0.505	0.486	0.485	0.560	0.570	0.568	0.540	0.532	0.524	0.529	0.551	0.469	0.466	0.489	0.488	0.506	0.511	0.526	0.583	0.585	0.549	0.539	0.562	0.483	0.733	0.651	0.639	0.651	0.635	0.630	0.622	0.615	0.675	0.619	0.628	0.506	0.760	0.815	0.837	0.831	0.772	0.830	0.829	0.795	0.817	0.932	0.906	0.558	0.666	0.748
5:19:12	37.0	0.485	0.482	0.482	0.486	0.489	0.510	0.534	0.533	0.528	0.538	0.542	0.488	0.484	0.540	0.544	0.501	0.507	0.511	0.525	0.535	0.536	0.539	0.565	0.524	0.508	0.488	0.485	0.565	0.571	0.560	0.540	0.533	0.528	0.534	0.556	0.471	0.465	0.492	0.491	0.507	0.513	0.525	0.589	0.586	0.551	0.542	0.566	0.481	0.739	0.654	0.644	0.657	0.640	0.635	0.626	0.620	0.683	0.622	0.632	0.508	0.761	0.821	0.839	0.838	0.773	0.837	0.830	0.800	0.823	0.938	0.914	0.564	0.674	0.760
5:23:12	37.0	0.489	0.485	0.486	0.490	0.497	0.517	0.540	0.540	0.534	0.544	0.549	0.495	0.486	0.547	0.551	0.505	0.513	0.518	0.532	0.544	0.545	0.546	0.573	0.532	0.510	0.496	0.487	0.572	0.573	0.565	0.544	0.536	0.550	0.540	0.559	0.480	0.467	0.495	0.495	0.510	0.515	0.529	0.583	0.589	0.553	0.546	0.569	0.485	0.745	0.658	0.648	0.662	0.646	0.641	0.630	0.624	0.687	0.625	0.636	0.513	0.763	0.826	0.845	0.844	0.783	0.842	0.835	0.807	0.827	0.944	0.920	0.571	0.681	0.765
5:27:12	37.0	0.492	0.489	0.490	0.494	0.503	0.522	0.546	0.546	0.539	0.549	0.553	0.498	0.487	0.549	0.557	0.509	0.517	0.524	0.538	0.550	0.551	0.552	0.580	0.535	0.510	0.495	0.489	0.581	0.574	0.573	0.544	0.539	0.553	0.546	0.564	0.482	0.470	0.495	0.496	0.512	0.518	0.529	0.579	0.584	0.554	0.549	0.573	0.486	0.751	0.662	0.654	0.667	0.650	0.646	0.634	0.628	0.690	0.629	0.639	0.518	0.764	0.834	0.850	0.849	0.792	0.849	0.839	0.815	0.833	0.948	0.927	0.571	0.688	0.773
5:31:12	37.0	0.494	0.490	0.493	0.498	0.508	0.528	0.549	0.550	0.544	0.555	0.559	0.504	0.487	0.555	0.563	0.512	0.523	0.528	0.544	0.555	0.556	0.559	0.588	0.543	0.516	0.498	0.490	0.590	0.576	0.574	0.548	0.543	0.557	0.550	0.568	0.482	0.472	0.498	0.498	0.519	0.523	0.533	0.578	0.585	0.559	0.555	0.575	0.487	0.756	0.666	0.659	0.673	0.655	0.651	0.639	0.634	0.694	0.632	0.643	0.521	0.766	0.842	0.857	0.854	0.804	0.853	0.845	0.821	0.840	0.953	0.933	0.578	0.690	0.773
5:35:12	37.0	0.494	0.493	0.496	0.503	0.515	0.534	0.555	0.558	0.550	0.562	0.566	0.503	0.487	0.560	0.568	0.515	0.529	0.535	0.548	0.560	0.561	0.564	0.592	0.546	0.515	0.496	0.490	0.593	0.579	0.577	0.549	0.545	0.560	0.555	0.574	0.479	0.473	0.497	0.499	0.520	0.527	0.537	0.580	0.589	0.561	0.560	0.582	0.486	0.761	0.669	0.665	0.678	0.659	0.654	0.642	0.638	0.696	0.637	0.647	0.526	0.767	0.845	0.863	0.857	0.805	0.853	0.855	0.827	0.846	0.957	0.940	0.578	0.700	0.778
5:39:12	37.0	0.497	0.495	0.501	0.508	0.520	0.539	0.561	0.561	0.556	0.569	0.572	0.509	0.491	0.562	0.572	0.522	0.534	0.539	0.554	0.567	0.567	0.569	0.598	0.547	0.517	0.495	0.493	0.596	0.581	0.576	0.555	0.553	0.567	0.561	0.581	0.483	0.476	0.499	0.500	0.524	0.534	0.542	0.584	0.589	0.565	0.568	0.586	0.489	0.765	0.674	0.671	0.683	0.665	0.658	0.646	0.643	0.701	0.641	0.651	0.528	0.769	0.851	0.869	0.860	0.809	0.860	0.862	0.831	0.852	0.960	0.946	0.583	0.708	0.787
5:43:12	37.0	0.500	0.498	0.507	0.515	0.526	0.545	0.566	0.568	0.562	0.577	0.578	0.512	0.493	0.568	0.575	0.523	0.542	0.546	0.560	0.574	0.572	0.575	0.606	0.550	0.524	0.496	0.495	0.600	0.583	0.579	0.562	0.560	0.568	0.567	0.588	0.485	0.481	0.502	0.504	0.528	0.542	0.549	0.585	0.597	0.571	0.575	0.598	0.491	0.769	0.677	0.675	0.689	0.670	0.662	0.652	0.648	0.708	0.645	0.655	0.533	0.772	0.856	0.875	0.865	0.817	0.866	0.869	0.835	0.858	0.967	0.952	0.589	0.713	0.794
5:47:12	37.0	0.503	0.499	0.509	0.521	0.533	0.550	0.571	0.576	0.568	0.584	0.585	0.520	0.495	0.572	0.580	0.529	0.545	0.552	0.566	0.580	0.579	0.583	0.612	0.555	0.526	0.497	0.499	0.602	0.588	0.583	0.568	0.566	0.573	0.573	0.594	0.490	0.485	0.507	0.508	0.534	0.550	0.556	0.586	0.599	0.576	0.581	0.592	0.502	0.773	0.683	0.679	0.694	0.673	0.665	0.656	0.653	0.716	0.650	0.658	0.531	0.774	0.860	0.881	0.868	0.823	0.871	0.877	0.839	0.864	0.973	0.959	0.591	0.719	0.804
5:51:12	37.0	0.505	0.503	0.512	0.527	0.539	0.556	0.576	0.581	0.575	0.590	0.591	0.521	0.499	0.574	0.586	0.534	0.550	0.557	0.572	0.584	0.584	0.588	0.617	0.556	0.529	0.498	0.501	0.600	0.588	0.586	0.575	0.573	0.578	0.579	0.599	0.491	0.490	0.510	0.514	0.540	0.557	0.562	0.588	0.599	0.582	0.588	0.610	0.511	0.776	0.690	0.683	0.698	0.677	0.668	0.661	0.657	0.724	0.653	0.662	0.536	0.776	0.867	0.886	0.871	0.826	0.877	0.882	0.844	0.872	0.979	0.967	0.594	0.725	0.823
5:55:12	37.0	0.510	0.505	0.516	0.533	0.545	0.564	0.583	0.586	0.582	0.598	0.597	0.523	0.504	0.579	0.595	0.539	0.557	0.565	0.580	0.592	0.590	0.594	0.625	0.560	0.531	0.502	0.504	0.598	0.590	0.590	0.582	0.582	0.580	0.586	0.605	0.496	0.492	0.515	0.519	0.545	0.565	0.570	0.592	0.606	0.588	0.593	0.625	0.516	0.778	0.694	0.686	0.703	0.682	0.671	0.667	0.661	0.734	0.658	0.666	0.540	0.777	0.872	0.890	0.876	0.838	0.881	0.887	0.846	0.879	0.986	0.977	0.596	0.731	0.826
5:59:12	37.0	0.513	0.507	0.520	0.539	0.550	0.567	0.587	0.592	0.586	0.605	0.605	0.530	0.506	0.583	0.601	0.546	0.564	0.571	0.586	0.599	0.597	0.602	0.633	0.562	0.538	0.504	0.508	0.595	0.595	0.593	0.587	0.588	0.586	0.592	0.611	0.500	0.500	0.520	0.527	0.551	0.571	0.577	0.594	0.610	0.595	0.601	0.607	0.520	0.781	0.699	0.689	0.708	0.688	0.675	0.671	0.666	0.744	0.661	0.670	0.546	0.778	0.877	0.894	0.881	0.843	0.887	0.889	0.849	0.884	0.991	0.983	0.608	0.739	0.827
6:03:12	37.1	0.515	0.509	0.524	0.546	0.556	0.575	0.594	0.599	0.595	0.613	0.611	0.536	0.511	0.586	0.608	0.551	0.570	0.576	0.592	0.609	0.604	0.609	0.640	0.566	0.546	0.508	0.512	0.597	0.600	0.596	0.592	0.596	0.590	0.599	0.617	0.505	0.507	0.525	0.534	0.558	0.578	0.584	0.598	0.615	0.599	0.607	0.615	0.523	0.785	0.705	0.692	0.712	0.692	0.679	0.676	0.670	0.753	0.665	0.673	0.547	0.781	0.882	0.896	0.886	0.842	0.897	0.884	0.857	0.887	0.997	0.990	0.612	0.746	0.833
6:07:12	37.0	0.520	0.512	0.531	0.553	0.560	0.582	0.600	0.604	0.601	0.620	0.618	0.535	0.514	0.591	0.618	0.557	0.577	0.584	0.599	0.612	0.611	0.615	0.647	0.566	0.552	0.512	0.517	0.596	0.606	0.599	0.596	0.605	0.594	0.606	0.623	0.505	0.513	0.530	0.540	0.565	0.585	0.591	0.603	0.624	0.604	0.612	0.633	0.527	0.788	0.708	0.695	0.718	0.697	0.684	0.681	0.674	0.763	0.670	0.676	0.553	0.782	0.889	0.902	0.889	0.845	0.900	0.883	0.864	0.892	1.002	0.997	0.623	0.753	0.837
6:11:12	37.0	0.525	0.515	0.539	0.560	0.567	0.589	0.608	0.610	0.609	0.628	0.625	0.539	0.519	0.598	0.627	0.564	0.584	0.590	0.605	0.618	0.618	0.620	0.654	0.569	0.559	0.515	0.522	0.599	0.612	0.603	0.602	0.610	0.598	0.613	0.630	0.508	0.519	0.536	0.543	0.570	0.591	0.598	0.607	0.630	0.608	0.618	0.602	0.534	0.790	0.713	0.699	0.723	0.702	0.689	0.686	0.678	0.772	0.673	0.678	0.555	0.783	0.893	0.911	0.895	0.851	0.908	0.881	0.869	0.896	1.008	1.001	0.633	0.759	0.846
6:15:12	37.0	0.530	0.518	0.546	0.566	0.567	0.596	0.613	0.615	0.614	0.635	0.633	0.544	0.524	0.605	0.636	0.571	0.592	0.597	0.612	0.625	0.625	0.626	0.661	0.572	0.564	0.520	0.528	0.604	0.619	0.608	0.607	0.615	0.602	0.620	0.635	0.510	0.527	0.541	0.559	0.576	0.599	0.605	0.612	0.637	0.613	0.625	0.608	0.537	0.794	0.715	0.703	0.728	0.705	0.693	0.693	0.682	0.780	0.677	0.682	0.556	0.784	0.896	0.917	0.897	0.853	0.912	0.881	0.872	0.902	1.013	1.006	0.634	0.765	0.856
6:19:12	37.0	0.533	0.524	0.554	0.574	0.575	0.603	0.621	0.624	0.622	0.644	0.640	0.540	0.528	0.612	0.644	0.578	0.597	0.603	0.619	0.632	0.632	0.632	0.669	0.574	0.624	0.524	0.534	0.614	0.626	0.617	0.611	0.622	0.606	0.629	0.641	0.514	0.534	0.546	0.568	0.581	0.603	0.611	0.617	0.643	0.617	0.630	0.630	0.541	0.797	0.717	0.708	0.731	0.707	0.698	0.698	0.686	0.787	0.681	0.684	0.559	0.787	0.899	0.923	0.901	0.861	0.919	0.878	0.876	0.906	1.021	1.011	0.637	0.772	0.877
6:23:12	37.0	0.538	0.528	0.564	0.581	0.594	0.610	0.627	0.631	0.629	0.653	0.648	0.546	0.533	0.621	0.656	0.587	0.605	0.611	0.626	0.641	0.639	0.639	0.676	0.578	0.654	0.529	0.539	0.625	0.634	0.626	0.617	0.627	0.610	0.637	0.647	0.516	0.541	0.553	0.557	0.588	0.610	0.616	0.624	0.652	0.623	0.636	0.630	0.547	0.802	0.717	0.712	0.736	0.709	0.703	0.706	0.690	0.796	0.685	0.688	0.562	0.788	0.906	0.926	0.905	0.866	0.923	0.873	0.880	0.902	1.029	1.017	0.647	0.782	0.896
6:27:12	37.0	0.544	0.534	0.571	0.589	0.600	0.618	0.634	0.638	0.636	0.662	0.656	0.547	0.539	0.629	0.668	0.598	0.614	0.619	0.634	0.650	0.647	0.646	0.685	0.580	0.658	0.533	0.545	0.634	0.643	0.633	0.623	0.635	0.613	0.645	0.653	0.519	0.550	0.558	0.571	0.593	0.617	0.626	0.631	0.660	0.628	0.642	0.640	0.549	0.805	0.717	0.716	0.741	0.710	0.707	0.713	0.695	0.803	0.689	0.691	0.564	0.792	0.909	0.930	0.907	0.875	0.929	0.860	0.882	0.904	1.033	1.022	0.650	0.789	0.907
6:31:12	37.0	0.551	0.541	0.580	0.596	0.604	0.627	0.642	0.646	0.644	0.670	0.663	0.552	0.544	0.634	0.678	0.606	0.623	0.626	0.642	0.658	0.656	0.655	0.694	0.584	0.662	0.538	0.551	0.642	0.651	0.641	0.629	0.639	0.618	0.652	0.659	0.521	0.557	0.564	0.571	0.598	0.623	0.630	0.638	0.670	0.632	0.648	0.640	0.553	0.812	0.718	0.721	0.745	0.711	0.712	0.717	0.700	0.812	0.693	0.694	0.566	0.795	0.917	0.932	0.906	0.878	0.938	0.852	0.884	0.911	1.038	1.025	0.656	0.798	0.905
6:35:12	37.0	0.559	0.548	0.588	0.605	0.610	0.636	0.650	0.654	0.652	0.680	0.673	0.555	0.551	0.640	0.688	0.616	0.631	0.635	0.649	0.667	0.664	0.664	0.704	0.586	0.666	0.543	0.557	0.650	0.660	0.650	0.635	0.645	0.623	0.662	0.665	0.525	0.565	0.569	0.576	0.604	0.630	0.638	0.646	0.678	0.638	0.657	0.642	0.555	0.816	0.723	0.725	0.749	0.711	0.717	0.724	0.704	0.821	0.696	0.697	0.568	0.798	0.921	0.937	0.911	0.881	0.942	0.845	0.887	0.917	1.045	1.030	0.658	0.809	0.907
6:39:12	37.0	0.566	0.554	0.594	0.615	0.620	0.644	0.658	0.662	0.662	0.690	0.682	0.552	0.557	0.648	0.699	0.625	0.640	0.643	0.658	0.675	0.672	0.672	0.713	0.589	0.670	0.548	0.563	0.659	0.670	0.660	0.639	0.652	0.629	0.671	0.670	0.526	0.571	0.574	0.582	0.610	0.636	0.645	0.656	0.686	0.644	0.659	0.644	0.558	0.821	0.727	0.729	0.753	0.713	0.721	0.729	0.706	0.829	0.699	0.701	0.568	0.801	0.925	0.943	0.913	0.887	0.946	0.855	0.891	0.922	1.050	1.037	0.659	0.819	0.914
6:43:12	37.0	0.574	0.560	0.602	0.623	0.626	0.652	0.666	0.670	0.670	0.700	0.691	0.554	0.564	0.656	0.709	0.634	0.650	0.651	0.666	0.683	0.680	0.680	0.721	0.592	0.674	0.552	0.568	0.668	0.678	0.668	0.645	0.660	0.634	0.680	0.677	0.529	0.579	0.581	0.595	0.617	0.643	0.652	0.666	0.694	0.650	0.676	0.649	0.563	0.827	0.729	0.735	0.757	0.716	0.725	0.736	0.708	0.838	0.703	0.704	0.570	0.805	0.929	0.946	0.908	0.887	0.953	0.859	0.897	0.928	1.052	1.042	0.661	0.825	0.916
6:47:12	37.0	0.581	0.567	0.610	0.631	0.635	0.661	0.676	0.679	0.680	0.710	0.701	0.554	0.570	0.665	0.720	0.643	0.658	0.659	0.674	0.693	0.689	0.690	0.731	0.594	0.678	0.560	0.574	0.677	0.685	0.677	0.650	0.666	0.641	0.689	0.683	0.531	0.587	0.586	0.601	0.624	0.650	0.660	0.675	0.702	0.655	0.675	0.652	0.568	0.831	0.732	0.737	0.761	0.717	0.728	0.739	0.713	0.846	0.706	0.707	0.572	0.806	0.928	0.950	0.904	0.892	0.957	0.857	0.904	0.933	1.057	1.047	0.663	0.833	0.922
6:51:12	37.0	0.589	0.575	0.619	0.642	0.643	0.670	0.685	0.688	0.690	0.721	0.711	0.558	0.577	0.675	0.730	0.652	0.668	0.668	0.682	0.702	0.699	0.699	0.742	0.596	0.682	0.567	0.580	0.686	0.694	0.686	0.656	0.673	0.647	0.699	0.690	0.533	0.594	0.593	0.601	0.630	0.657	0.666	0.684	0.711	0.662	0.683	0.656	0.572	0.836	0.738	0.741	0.765	0.721	0.732	0.743	0.716	0.854	0.709	0.711	0.577	0.811	0.926	0.957	0.910	0.903	0.961	0.860	0.914	0.939	1.062	1.052	0.667	0.842	0.930
6:55:12	37.0	0.598	0.582	0.627	0.652	0.652	0.679	0.693	0.696	0.699	0.730	0.720	0.554	0.584	0.685	0.741	0.660	0.676	0.676	0.689	0.709	0.706	0.706	0.750	0.598	0.685	0.573	0.586	0.696	0.703	0.695	0.662	0.680	0.657	0.709	0.697	0.535	0.602	0.600	0.613	0.637	0.663	0.675	0.692	0.720	0.668	0.692	0.660	0.573	0.842	0.743	0.744	0.770	0.723	0.736	0.749	0.719	0.864	0.713	0.714	0.578	0.812	0.925	0.964	0.919	0.908	0.966	0.842	0.919	0.943	1.069	1.057	0.671	0.849	0.934
6:59:12	37.0	0.606	0.591	0.634	0.662	0.659	0.688	0.703	0.706	0.710	0.740	0.730	0.558	0.592	0.697	0.753	0.670	0.685	0.684	0.697	0.718	0.716	0.716	0.760	0.601	0.690	0.578	0.594	0.705	0.711	0.704	0.667	0.685	0.663	0.718	0.705	0.537	0.609	0.607	0.614	0.644	0.671	0.682	0.700	0.728	0.675	0.695	0.665	0.575	0.845	0.750	0.746	0.774	0.722	0.741	0.752	0.723	0.873	0.716	0.719	0.580	0.815	0.928	0.971	0.930	0.913	0.967	0.835	0.927	0.949	1.076	1.063	0.690	0.856	0.941
7:03:12	37.0	0.615	0.600	0.641	0.672	0.669	0.697	0.713	0.715	0.720	0.750	0.741	0.558	0.600	0.708	0.764	0.678	0.694	0.694	0.705	0.727	0.725	0.725	0.769	0.605	0.693	0.583	0.601	0.715	0.720	0.711	0.675	0.691	0.670	0.727	0.712	0.538	0.617	0.615	0.619	0.652	0.679	0.690	0.708	0.738	0.683	0.701	0.672	0.578	0.847	0.754	0.750	0.779	0.725	0.745	0.754	0.726	0.881	0.719	0.723	0.584	0.818	0.924	0.978	0.937	0.921	0.970	0.839	0.934	0.953	1.084	1.066	0.700	0.864	0.947
7:07:12	37.0	0.624	0.610	0.652	0.682	0.677	0.705	0.723	0.724	0.729	0.759	0.749	0.559	0.608	0.719	0.775	0.687	0.703	0.703	0.714	0.735	0.734	0.734	0.777	0.607	0.696	0.588	0.608	0.726	0.729	0.721	0.682	0.699	0.679	0.736	0.720	0.540	0.625	0.624	0.634	0.660	0.687	0.698	0.716	0.748	0.692	0.707	0.676	0.580	0.851	0.760	0.754	0.782	0.729	0.749	0.754	0.729	0.888	0.723	0.727	0.583	0.821	0.923	0.979	0.944	0.922	0.973	0.840	0.943	0.957	1.092	1.072	0.689	0.873	0.955
7:11:12	37.0	0.633	0.619	0.665	0.693	0.686	0.714	0.732	0.733	0.739	0.767	0.758	0.564	0.617	0.730	0.785	0.696	0.712	0.711	0.722	0.743	0.742	0.742	0.785	0.609	0.700	0.594	0.616	0.737	0.738	0.729	0.689	0.705	0.688	0.745	0.727	0.541	0.633	0.633	0.643	0.669	0.695	0.705	0.724	0.757	0.700	0.713	0.683	0.583	0.855	0.767	0.758	0.784	0.732	0.753	0.754	0.731	0.896	0.726	0.731	0.585	0.825	0.926	0.973	0.949	0.923	0.979	0.842	0.951	0.961	1.096	1.075	0.697	0.878	0.961
7:15:12	37.0	0.642	0.630	0.675	0.703	0.696	0.722	0.743	0.742	0.749	0.777	0.767	0.563	0.626	0.744	0.796	0.705	0.721	0.720	0.729	0.751	0.750	0.750	0.794	0.611	0.704	0.602	0.622	0.749	0.749	0.738	0.696	0.711	0.696	0.754	0.734	0.543	0.641	0.643	0.653	0.679	0.704	0.713	0.733	0.767	0.710	0.719	0.689	0.586	0.860	0.773	0.758	0.787	0.735	0.757	0.758	0.734	0.902	0.729	0.735	0.589	0.829	0.931	0.965	0.950	0.924	0.982	0.839	0.960	0.965	1.099	1.082	0.702	0.885	0.970
7:19:12	37.0	0.651	0.640	0.687	0.713	0.705	0.732	0.752	0.752	0.758	0.787	0.777	0.565	0.635	0.754	0.805	0.714	0.729	0.727	0.737	0.759	0.758	0.758	0.801	0.616	0.709	0.607	0.631	0.762	0.759	0.748	0.703	0.720	0.703	0.762	0.742	0.545	0.649	0.654	0.662	0.689	0.716	0.724	0.743	0.778	0.718	0.728	0.694	0.588	0.865	0.779	0.762	0.790	0.740	0.761	0.757	0.738	0.908	0.733	0.739	0.591	0.833	0.938	0.964	0.954	0.923	0.984	0.836	0.966	0.967	1.106	1.087	0.706	0.891	0.980
7:23:12	37.0	0.661	0.651	0.697	0.724	0.714	0.740	0.761	0.760	0.767	0.795	0.786	0.563	0.644	0.767	0.814	0.722	0.736	0.735	0.744	0.766	0.765	0.765	0.809	0.618	0.714	0.614	0.641	0.774	0.771	0.759	0.711	0.726	0.712	0.771	0.751	0.547	0.657	0.663	0.671	0.698	0.725	0.733	0.752	0.789	0.727	0.735	0.701	0.590	0.870	0.784	0.765	0.793	0.743	0.765	0.754	0.742	0.914	0.737	0.744	0.590	0.834	0.941	0.968	0.961	0.921	0.987	0.835	0.973	0.967	1.109	1.093	0.712	0.899	0.990
7:27:12	37.0	0.672	0.661	0.708	0.733	0.723	0.749	0.769	0.768	0.776	0.803	0.796	0.565	0.653	0.778	0.822	0.731	0.746	0.742	0.752	0.773	0.773	0.773	0.816	0.622	0.720	0.621	0.650	0.787	0.782	0.768	0.718	0.732	0.720	0.779	0.758	0.550	0.665	0.673	0.680	0.709	0.734	0.738	0.764	0.802	0.736	0.740	0.708	0.595	0.876	0.789	0.767	0.797	0.746	0.768	0.750	0.745	0.921	0.741	0.747	0.593	0.836	0.944	0.971	0.964	0.920	0.989	0.837	0.980	0.966	1.110	1.094	0.720	0.904	0.998
7:31:12	37.0	0.682	0.671	0.718	0.743	0.730	0.756	0.775	0.776	0.785	0.812	0.805	0.567	0.662	0.790	0.831	0.739	0.752	0.750	0.759	0.779	0.780	0.780	0.823	0.623	0.726	0.628	0.660	0.800	0.797	0.777	0.726	0.741	0.728	0.787	0.766	0.550	0.675	0.684	0.689	0.718	0.745	0.749	0.776	0.815	0.748	0.748	0.715	0.601	0.883	0.794	0.768	0.801	0.750	0.773	0.747	0.750	0.928	0.745	0.753	0.593	0.843	0.948	0.974	0.970	0.921	0.993	0.843	0.984	0.965	1.113	1.100	0.730	0.910	1.002
7:35:12	37.1	0.693	0.683	0.729	0.752	0.739	0.764	0.783	0.784	0.794	0.821	0.814	0.568	0.672	0.802	0.840	0.747	0.761	0.758	0.767	0.788	0.789	0.788	0.831	0.627	0.733	0.637	0.670	0.814	0.811	0.788	0.734	0.748	0.736	0.796	0.774	0.552	0.685	0.693	0.697	0.730	0.755	0.758	0.787	0.827	0.757	0.757	0.722	0.602	0.888	0.798	0.769	0.804	0.754	0.777	0.750	0.754	0.935	0.750	0.758	0.593	0.844	0.949	0.983	0.978	0.921	0.999	0.848	0.990	0.967	1.118	1.104	0.748	0.914	1.008
7:39:12	37.0	0.702	0.695	0.743	0.761	0.748	0.772	0.792	0.792	0.802	0.826	0.820	0.572	0.681	0.813	0.848	0.754	0.768	0.764	0.772	0.792	0.795	0.793	0.836	0.629	0.739	0.645	0.680	0.828	0.825	0.798	0.741	0.753	0.747	0.802	0.782	0.553	0.694	0.705	0.708	0.739	0.765	0.769	0.799	0.841	0.766	0.764	0.730	0.605	0.895	0.801	0.772	0.807	0.758	0.780	0.754	0.758	0.941	0.753	0.762	0.595	0.845	0.952	0.990	0.982	0.921	1.000	0.848	0.990	0.968	1.120	1.106	0.761	0.919	1.013
7:43:12	37.0	0.711	0.705	0.754	0.770	0.755	0.779	0.800	0.798	0.809	0.833	0.829	0.573	0.690	0.824	0.856	0.760	0.774	0.770	0.779	0.797	0.801	0.801	0.842	0.631	0.744	0.654	0.689	0.842	0.838	0.810	0.750	0.762	0.759	0.808	0.789	0.553	0.703	0.714	0.717	0.748	0.776	0.775	0.810	0.854	0.775	0.773	0.738	0.606	0.901	0.803	0.775	0.810	0.763	0.784	0.764	0.762	0.948	0.757	0.766	0.596	0.847	0.955	0.993	0.987	0.924	1.005	0.854	0.993	0.967	1.120	1.113	0.766	0.923	1.022
7:47:12	37.0	0.723	0.717	0.764	0.780	0.763	0.786	0.809	0.806	0.818	0.841	0.835	0.572	0.700	0.834	0.865	0.766	0.781	0.775	0.785	0.803	0.808	0.807	0.848	0.632	0.751	0.662	0.700	0.856	0.854	0.821	0.761	0.769	0.770	0.816	0.798	0.558	0.712	0.724	0.725	0.757	0.785	0.782	0.822	0.867	0.783	0.780	0.745	0.610	0.906	0.806	0.777	0.814	0.767	0.788	0.771	0.766	0.956	0.762	0.771	0.596	0.848	0.959	0.996	0.991	0.921	1.010	0.846	1.000	0.967	1.123	1.115	0.768	0.930	1.028
7:51:12	37.0	0.733	0.727	0.777	0.788	0.770	0.792	0.815	0.812	0.825	0.852	0.842	0.575	0.711	0.845	0.873	0.773	0.788	0.782	0.792	0.809	0.814	0.814	0.854	0.637	0.758	0.671	0.710	0.869	0.868	0.832	0.766	0.775	0.780	0.822	0.806	0.559	0.722	0.734	0.738	0.767	0.796	0.790	0.835	0.880	0.791	0.789	0.754	0.612	0.911	0.807	0.779	0.816	0.771	0.791	0.773	0.771	0.962	0.766	0.775	0.597	0.852	0.968	1.000	0.995	0.919	1.013	0.851	1.002	0.970	1.127	1.116	0.774	0.935	1.033
7:55:12	37.0	0.743	0.738	0.783	0.795	0.777	0.799	0.822	0.819	0.831	0.854	0.848	0.578	0.722	0.855	0.880	0.779	0.795	0.788	0.796	0.813	0.819	0.820	0.859	0.639	0.765	0.680	0.720	0.882	0.881	0.845	0.772	0.782	0.791	0.831	0.815	0.560	0.731	0.743	0.745	0.776	0.806	0.801	0.848	0.893	0.799	0.798	0.763	0.614	0.915	0.812	0.782	0.820	0.775	0.795	0.776	0.775	0.969	0.771	0.780	0.598	0.854	0.972	1.005	0.998	0.917	1.018	0.859	1.004	0.975	1.128	1.120	0.780	0.938	1.039
7:59:12	37.0	0.754	0.749	0.788	0.803	0.784	0.805	0.828	0.824	0.838	0.860	0.854	0.580	0.745	0.865	0.887	0.786	0.802	0.794	0.803	0.819	0.826	0.825	0.863	0.641	0.772	0.690	0.730	0.895	0.894	0.858	0.777	0.793	0.801	0.837	0.824	0.561	0.741	0.753	0.758	0.784	0.816	0.805	0.860	0.904	0.808	0.804	0.773	0.614	0.918	0.815	0.786	0.823	0.782	0.799	0.779	0.780	0.976	0.775	0.785	0.599	0.858	0.974	1.012	1.002	0.920	1.021	0.865	1.007	0.975	1.133	1.126	0.786	0.943	1.045
8:03:12	37.0	0.763	0.759	0.798	0.810	0.791	0.811	0.834	0.830	0.843	0.866	0.860	0.583	0.752	0.874	0.894	0.791	0.806	0.800	0.808	0.825	0.831	0.831	0.867	0.642	0.780	0.701	0.740	0.908	0.908	0.869	0.784	0.800	0.810	0.843	0.835	0.564	0.750	0.764	0.767	0.794	0.826	0.815	0.873	0.917	0.817	0.812	0.782	0.618	0.923	0.814	0.790	0.827	0.787	0.803	0.780	0.784	0.981	0.780	0.791	0.600	0.862	0.976	1.017	1.005	0.922	1.024	0.868	1.010	0.977	1.137	1.130	0.795	0.948	1.053
8:07:12	37.0	0.773	0.769	0.808	0.816	0.797	0.817	0.840	0.834	0.848	0.870	0.864	0.585	0.757	0.881	0.904	0.795	0.812	0.804	0.810	0.829	0.836	0.835	0.870	0.642	0.787	0.711	0.749	0.921	0.920	0.881	0.797	0.806	0.819	0.847	0.842	0.565	0.759	0.775	0.776	0.803	0.834	0.825	0.885	0.927	0.824	0.818	0.792	0.619	0.927	0.813	0.795	0.831	0.791	0.806	0.782	0.788	0.988	0.783	0.794	0.599	0.866	0.980	1.018	1.009	0.925	1.028	0.869	1.013	0.977	1.141	1.135	0.811	0.953	1.060
8:11:12	37.0	0.782	0.780	0.824	0.823	0.803	0.822	0.846	0.840	0.853	0.877	0.870	0.588	0.766	0.890	0.913	0.801	0.817	0.810	0.817	0.833	0.841	0.840	0.874	0.643	0.795	0.720	0.758	0.933	0.933	0.893	0.813	0.813	0.830	0.852	0.851	0.568	0.770	0.785	0.783	0.813	0.842	0.834	0.898	0.939	0.834	0.826	0.802	0.622	0.931	0.813	0.800	0.834	0.798	0.811	0.786	0.793	0.994	0.788	0.799	0.601	0.869	0.984	1.024	1.012	0.926	1.025	0.869	1.020	0.980	1.143	1.140	0.821	0.960	1.065
8:15:12	37.0	0.791	0.790	0.831	0.829	0.809	0.828	0.851	0.845	0.858	0.881	0.874	0.590	0.772	0.898	0.918	0.803	0.821	0.814	0.822	0.837	0.846	0.844	0.880	0.643	0.802	0.728	0.767	0.945	0.943	0.904	0.828	0.823	0.839	0.857	0.860	0.568	0.777	0.793	0.795	0.820	0.850	0.838	0.910	0.950	0.842	0.834	0.811	0.623	0.935	0.808	0.803	0.838	0.803	0.815	0.792	0.797	1.000	0.792	0.805	0.600	0.869	0.986	1.024	1.013	0.925	1.020	0.868	1.024	0.978	1.146	1.142	0.827	0.965	1.073
8:19:12	37.0	0.800	0.800	0.837	0.834	0.815	0.832	0.856	0.849	0.862	0.884	0.881	0.593	0.780	0.906	0.925	0.811	0.826	0.819	0.826	0.841	0.851	0.849	0.886	0.646	0.810	0.738	0.777	0.958	0.954	0.916	0.836	0.831	0.850	0.861	0.870	0.572	0.787	0.803	0.802	0.830	0.860	0.845	0.922	0.962	0.850	0.844	0.822	0.625	0.938	0.803	0.808	0.841	0.810	0.818	0.799	0.802	1.006	0.797	0.811	0.602	0.872	0.992	1.023	1.016	0.927	1.021	0.869	1.026	0.981	1.148	1.146	0.837	0.970	1.083
8:23:12	37.0	0.809	0.809	0.843	0.838	0.819	0.836	0.860	0.854	0.865	0.888	0.883	0.594	0.787	0.912	0.931	0.812	0.830	0.822	0.830	0.844	0.854	0.853	0.891	0.646	0.818	0.747	0.786	0.970	0.964	0.928	0.843	0.837	0.860	0.865	0.878	0.573	0.795	0.813	0.812	0.838	0.867	0.853	0.934	0.974	0.857	0.898	0.828	0.627	0.938	0.795	0.813	0.842	0.815	0.822	0.805	0.806	1.013	0.800	0.816	0.601	0.876	0.994	1.024	1.018	0.931	1.026	0.866	1.029	0.986	1.150	1.148	0.841	0.976	1.089
8:27:12	37.0	0.817	0.819	0.849	0.847	0.825	0.841	0.865	0.858	0.869	0.892	0.888	0.598	0.794	0.918	0.936	0.817	0.835	0.826	0.833	0.848	0.858	0.856	0.895	0.647	0.826	0.756	0.795	0.981	0.974	0.937	0.849	0.842	0.868	0.869	0.887	0.574	0.805	0.822	0.818	0.847	0.875	0.861	0.945	0.984	0.865	0.895	0.839	0.630	0.943	0.788	0.817	0.846	0.820	0.826	0.813	0.811	1.018	0.805	0.821	0.602	0.881	0.990	1.030	1.019	0.931	1.027	0.867	1.031	0.988	1.151	1.151	0.851	0.981	1.094
8:31:12	37.0	0.824	0.827	0.854	0.855	0.829	0.845	0.868	0.861	0.873	0.895	0.892	0.599	0.801	0.926	0.941	0.819	0.837	0.829	0.843	0.851	0.863	0.861	0.899	0.649	0.833	0.764	0.803	0.991	0.983	0.947	0.856	0.852	0.877	0.872	0.896	0.575	0.813	0.830	0.830	0.855	0.881	0.874	0.956	0.994	0.872	0.898	0.847	0.632	0.947	0.781	0.822	0.849	0.823	0.829	0.821	0.816	1.023	0.809	0.826	0.603	0.883	0.996	1.032	1.022	0.929	1.029	0.872	1.033	0.992	1.155	1.155	0.859	0.986	1.101
8:35:12	37.0	0.832	0.835	0.860	0.864	0.833	0.850	0.872	0.865	0.877	0.899	0.898	0.601	0.807	0.932	0.947	0.822	0.842	0.833	0.836	0.854	0.867	0.864	0.902	0.649	0.841	0.773	0.812	1.002	0.994	0.958	0.863	0.860	0.885	0.877	0.904	0.577	0.821	0.839	0.836	0.864	0.889	0.876	0.967	1.005	0.880	0.902	0.856	0.632	0.951	0.778	0.826	0.853	0.829	0.833	0.831	0.820	1.029	0.814	0.831	0.603	0.888	1.000	1.032	1.024	0.936	1.034	0.879	1.036	1.000	1.159	1.160	0.870	0.992	1.109
8:39:12	37.0	0.839	0.842	0.865	0.862	0.838	0.853	0.875	0.869	0.881	0.904	0.903	0.602	0.813	0.939	0.952	0.826	0.846	0.837	0.846	0.857	0.873	0.869	0.907	0.650	0.849	0.782	0.821	1.012	1.004	0.968	0.869	0.868	0.893	0.882	0.911	0.578	0.830	0.848	0.846	0.872	0.897	0.886	0.978	1.014	0.888	0.905	0.865	0.634	0.955	0.776	0.831	0.857	0.837	0.836	0.836	0.825	1.036	0.819	0.836	0.606	0.892	1.003	1.035	1.027	0.933	1.039	0.883	1.040	1.008	1.165	1.163	0.877	0.997	1.118
8:43:12	37.0	0.847	0.850	0.870	0.874	0.842	0.858	0.879	0.873	0.886	0.909	0.907	0.605	0.819	0.946	0.957	0.829	0.849	0.840	0.859	0.860	0.877	0.873	0.910	0.651	0.857	0.791	0.829	1.022	1.013	0.978	0.874	0.872	0.902	0.884	0.919	0.582	0.837	0.857	0.849	0.880	0.904	0.892	0.987	1.024	0.895	0.905	0.873	0.636	0.959	0.777	0.835	0.861	0.844	0.840	0.834	0.830	1.042	0.823	0.841	0.608	0.896	1.005	1.032	1.030	0.940	1.045	0.887	1.040	1.008	1.169	1.166	0.884	1.000	1.123
8:47:12	37.0	0.854	0.857	0.875	0.878	0.847	0.862	0.883	0.878	0.889	0.912	0.911	0.607	0.824	0.952	0.962	0.832	0.853	0.843	0.863	0.863	0.883	0.877	0.914	0.650	0.864	0.798	0.838	1.031	1.022	0.987	0.882	0.880	0.910	0.888	0.927	0.584	0.844	0.864	0.860	0.888	0.910	0.899	0.996	1.032	0.902	0.906	0.881	0.636	0.962	0.772	0.839	0.865	0.851	0.844	0.828	0.835	1.047	0.827	0.846	0.607	0.897	1.008	1.033	1.031	0.949	1.047	0.885	1.038	1.013	1.171	1.167	0.890	1.004	1.128
8:51:12	37.0	0.860	0.863	0.879	0.880	0.851	0.867	0.887	0.882	0.894	0.917	0.916	0.608	0.830	0.959	0.968	0.835	0.858	0.847	0.867	0.868	0.889	0.881	0.919	0.649	0.872	0.807	0.846	1.039	1.032	0.995	0.887	0.888	0.917	0.893	0.935	0.585	0.852	0.872	0.872	0.895	0.917	0.905	1.006	1.041	0.909	0.906	0.889	0.638	0.963	0.773	0.842	0.869	0.854	0.848	0.823	0.839	1.053	0.831	0.849	0.606	0.902	1.015	1.039	1.033	0.955	1.050	0.895	1.039	1.018	1.177	1.170	0.901	1.006	1.131
8:55:12	37.0	0.869	0.870	0.883	0.882	0.855	0.869	0.890	0.885	0.897	0.921	0.920	0.611	0.837	0.965	0.971	0.837	0.860	0.850	0.869	0.871	0.889	0.884	0.921	0.651	0.879	0.815	0.854	1.048	1.039	1.004	0.893	0.893	0.926	0.896	0.941	0.590	0.858	0.880	0.877	0.901	0.923	0.916	1.015	1.050	0.916	0.908	0.897	0.637	0.969	0.772	0.846	0.871	0.855	0.852	0.819	0.843	1.060	0.836	0.851	0.610	0.905	1.016	1.039	1.037	0.960	1.055	0.892	1.037	1.017	1.181	1.174	0.917	1.010	1.136
8:59:12	37.0	0.876	0.875	0.887	0.884	0.858	0.877	0.893	0.889	0.901	0.925	0.924	0.614	0.844	0.972	0.976	0.840	0.863	0.854	0.873	0.875	0.895	0.889	0.928	0.652	0.887	0.823	0.861	1.056	1.048	1.011	0.899	0.900	0.933	0.898	0.948	0.591	0.866	0.888	0.887	0.908	0.930	0.923	1.023	1.058	0.923	0.908	0.905	0.638	0.972	0.771	0.850	0.874	0.857	0.856	0.814	0.847	1.066	0.840	0.853	0.611	0.906	1.024	1.040	1.038	0.968	1.059	0.896	1.034	1.015	1.183	1.177	0.924	1.014	1.141
9:03:12	37.0	0.883	0.880	0.890	0.886	0.862	0.881	0.896	0.893	0.905	0.928	0.929	0.616	0.851	0.978	0.980	0.843	0.866	0.857	0.875	0.879	0.900	0.892	0.929	0.653	0.893	0.831	0.869	1.066	1.056	1.021	0.905	0.909	0.939	0.904	0.955	0.592	0.872	0.894	0.893	0.914	0.937	0.928	1.032	1.067	0.929	0.907	0.912	0.640	0.975	0.774	0.854	0.878	0.859	0.860	0.811	0.851	1.071	0.843	0.855	0.613	0.909	1.027	1.040	1.041	0.976	1.062	0.902	1.030	1.011	1.185	1.182	0.931	1.016	1.146
9:07:12	37.0	0.889	0.885	0.893	0.887	0.865	0.885	0.900	0.896	0.910	0.933	0.934	0.617	0.860	0.983	0.984	0.845	0.870	0.859	0.877	0.882	0.904	0.894	0.931	0.657	0.900	0.839	0.875	1.073	1.064	1.028	0.911	0.913	0.947	0.912	0.961	0.595	0.879	0.901	0.895	0.920	0.942	0.936	1.041	1.075	0.942	0.910	0.919	0.639	0.978	0.777	0.859	0.881	0.861	0.863	0.812	0.856	1.077	0.848	0.858	0.615	0.911	1.027	1.036	1.044	0.981	1.062	0.899	1.025	1.007	1.189	1.185	0.937	1.019	1.152
9:11:12	37.0	0.894	0.890	0.896	0.890	0.868	0.888	0.902	0.899	0.914	0.936	0.936	0.619	0.864	0.988	0.988	0.847	0.872	0.862	0.881	0.886	0.901	0.897	0.934	0.657	0.907	0.845	0.882	1.080	1.071	1.036	0.915	0.915	0.953	0.911	0.966	0.597	0.886	0.908	0.903	0.925	0.948	0.942	1.048	1.083	0.942	0.913	0.924	0.641	0.981	0.778	0.862	0.883	0.863	0.867	0.817	0.860	1.082	0.852	0.863	0.617	0.912	1.026	1.032	1.044	0.984	1.062	0.893	1.027	1.007	1.192	1.188	0.953	1.022	1.157
9:15:12	37.0	0.899	0.894	0.899	0.893	0.872	0.892	0.905	0.902	0.919	0.942	0.942	0.621	0.867	0.994	0.992	0.849	0.878	0.864	0.883	0.889	0.908	0.899	0.937	0.660	0.913	0.852	0.888	1.086	1.079	1.043	0.922	0.924	0.960	0.912	0.973	0.598	0.892	0.915	0.912	0.931	0.954	0.985	1.056	1.089	0.948	0.917	0.934	0.642	0.982	0.780	0.867	0.887	0.867	0.871	0.827	0.865	1.088	0.857	0.870	0.619	0.912	1.029	1.024	1.048	0.988	1.065	0.896	1.032	1.006	1.194	1.190	0.965	1.024	1.162
9:19:12	37.0	0.905	0.898	0.902	0.893	0.875	0.895	0.908	0.905	0.922	0.945	0.945	0.623	0.874	0.999	0.996	0.852	0.881	0.868	0.885	0.890	0.910	0.902	0.939	0.661	0.920	0.857	0.894	1.092	1.087	1.049	0.928	0.929	0.964	0.919	0.978	0.601	0.898	0.922	0.923	0.938	0.959	1.005	1.063	1.097	0.953	0.920	0.941	0.643	0.983	0.780	0.869	0.890	0.872	0.874	0.836	0.869	1.093	0.860	0.876	0.621	0.916	1.023	1.025	1.051	0.990	1.066	0.902	1.034	1.004	1.198	1.192	0.976	1.025	1.165
9:23:12	37.0	0.910	0.900	0.904	0.895	0.878	0.897	0.911	0.908	0.926	0.948	0.948	0.625	0.881	1.004	1.000	0.854	0.882	0.875	0.887	0.892	0.916	0.904	0.945	0.663	0.926	0.863	0.901	1.099	1.093	1.056	0.933	0.928	0.970	0.922	0.984	0.603	0.904	0.927	0.925	0.943	0.964	1.007	1.070	1.104	0.961	0.922	0.947	0.643	0.989	0.781	0.873	0.893	0.876	0.878	0.844	0.873	1.099	0.866	0.882	0.620	0.921	1.020	1.024	1.051	0.997	1.068	0.911	1.038	1.002	1.198	1.195	0.985	1.030	1.170
9:27:12	37.0	0.915	0.905	0.907	0.896	0.881	0.901	0.914	0.911	0.929	0.953	0.953	0.627	0.889	1.010	1.004	0.857	0.884	0.876	0.891	0.896	0.919	0.908	0.949	0.665	0.932	0.874	0.908	1.105	1.101	1.063	0.937	0.940	0.975	0.928	0.989	0.603	0.910	0.933	0.925	0.948	0.970	1.009	1.077	1.111	0.967	0.925	0.953	0.644	0.997	0.782	0.877	0.896	0.880	0.882	0.853	0.877	1.105	0.871	0.888	0.624	0.925	1.029	1.022	1.053	1.000	1.064	0.915	1.044	0.998	1.204	1.202	1.002	1.031	1.177
9:31:12	37.0	0.921	0.909	0.910	0.898	0.885	0.904	0.916	0.914	0.934	0.957	0.956	0.625	0.896	1.014	1.008	0.859	0.885	0.880	0.893	0.898	0.922	0.911	0.949	0.667	0.938	0.880	0.914	1.111	1.108	1.071	0.945	0.947	0.981	0.932	0.995	0.607	0.917	0.940	0.933	0.954	0.976	1.010	1.084	1.118	0.973	0.927	0.958	0.644	1.004	0.782	0.883	0.900	0.883	0.886	0.860	0.881	1.111	0.875	0.893	0.624	0.927	1.032	1.019	1.055	1.006	1.068	0.928	1.047	0.993	1.206	1.200	1.013	1.033	1.183
9:35:12	37.0	0.925	0.912	0.911	0.900	0.888	0.905	0.922	0.916	0.937	0.960	0.960	0.628	0.903	1.019	1.010	0.861	0.887	0.881	0.894	0.901	0.923	0.914	0.951	0.670	0.944	0.886	0.921	1.117	1.113	1.077	0.956	0.950	0.985	0.935	1.000	0.610	0.924	0.945	0.943	0.960	0.981	1.012	1.091	1.125	0.977	0.933	0.966	0.645	1.010	0.782	0.886	0.903	0.886	0.889	0.867	0.884	1.116	0.879	0.896	0.627	0.930	1.032	1.018	1.056	1.007	1.072	0.944	1.047	0.991	1.207	1.202	1.022	1.036	1.189
9:39:12	37.0	0.931	0.915	0.913	0.902	0.891	0.908	0.927	0.919	0.941	0.964	0.963	0.631	0.910	1.024	1.014	0.864	0.888	0.883	0.898	0.903	0.926	0.917	0.953	0.673	0.950	0.892	0.927	1.123	1.120	1.084	0.956	0.953	0.989	0.939	1.006	0.610	0.929	0.950	0.943	0.964	0.985	1.015	1.097	1.130	0.983	0.935	0.972	0.647	1.014	0.782	0.890	0.905	0.890	0.892	0.874	0.888	1.121	0.883	0.901	0.629	0.932	1.034	1.018	1.058	1.008	1.075	0.956	1.048	0.994	1.209	1.205	1.030	1.041	1.194
9:43:12	37.0	0.935	0.918	0.913	0.903	0.893	0.910	0.928	0.922	0.944	0.967	0.966	0.631	0.917	1.027	1.018	0.865	0.889	0.884	0.898	0.905	0.927	0.918	0.954	0.674	0.956	0.896	0.932	1.128	1.126	1.089	0.960	0.960	0.993	0.943	1.011	0.613	0.934	0.956	0.950	0.968	0.991	1.016	1.103	1.136	0.990	0.939	0.978	0.649	1.018	0.782	0.893	0.908	0.892	0.896	0.879	0.891	1.127	0.887	0.904	0.630	0.936	1.035	1.021	1.053	1.012	1.078	0.966	1.050	0.995	1.211	1.206	1.036	1.040	1.197
9:47:12	37.0	0.940	0.920	0.915	0.906	0.896	0.913	0.930	0.925	0.948	0.971	0.971	0.634	0.925	1.032	1.022	0.867	0.889	0.887	0.899	0.907	0.928	0.921	0.957	0.677	0.961	0.902	0.939	1.135	1.132	1.095	0.963	0.964	0.996	0.945	1.015	0.613	0.942	0.961	0.955	0.973	0.995	1.018	1.108	1.142	0.990	0.940	0.982	0.649	1.018	0.786	0.898	0.911	0.896	0.899	0.886	0.895	1.132	0.891	0.910	0.632	0.938	1.038	1.022	1.059	1.014	1.082	0.970	1.056	0.998	1.213	1.208	1.045	1.040	1.205
9:51:12	37.0	0.944	0.923	0.918	0.910	0.899	0.916	0.933	0.929	0.952	0.974	0.974	0.636	0.931	1.036	1.026	0.868	0.891	0.890	0.901	0.910	0.929	0.924	0.960	0.682	0.966	0.907	0.945	1.141	1.138	1.101	0.968	0.968	1.000	0.949	1.020	0.616	0.947	0.966	0.957	0.978	1.000	1.020	1.114	1.148	0.995	0.944	0.986	0.652	1.021	0.789	0.901	0.914	0.899	0.903	0.891	0.898	1.137	0.896	0.914	0.632	0.939	1.037	1.022	1.062	1.017	1.084	0.978	1.058	0.999	1.216	1.206	1.048	1.042	1.210
9:55:12	37.0	0.949	0.926	0.920	0.911	0.902	0.918	0.934	0.931	0.955	0.978	0.978	0.640	0.937	1.040	1.030	0.870	0.892	0.893	0.903	0.913	0.931	0.927	0.963	0.685	0.972	0.912	0.951	1.147	1.142	1.107	0.973	0.975	1.006	0.953	1.025	0.617	0.952	0.971	0.965	0.982	1.004	1.021	1.120	1.153	1.000	0.948	0.990	0.653	1.021	0.792	0.903	0.917	0.903	0.906	0.897	0.902	1.142	0.900	0.919	0.634	0.945	1.040	1.023	1.059	1.021	1.085	0.982	1.059	1.001	1.218	1.209	1.062	1.044	1.218
9:59:12	37.0	0.953	0.928	0.922	0.918	0.905	0.921	0.937	0.934	0.959	0.981	0.981	0.642	0.943	1.043	1.034	0.872	0.893	0.894	0.904	0.915	0.931	0.930	0.966	0.688	0.977	0.918	0.955	1.153	1.147	1.112	0.976	0.978	1.011	0.957	1.030	0.621	0.956	0.976	0.972	0.987	1.008	1.023	1.124	1.158	1.004	0.950	0.993	0.655	1.018	0.796	0.907	0.919	0.906	0.909	0.902	0.905	1.147	0.903	0.924	0.637	0.946	1.043	1.026	1.056	1.029	1.087	0.989	1.062	1.000	1.220	1.209	1.067	1.045	1.221
10:03:12	37.0	0.957	0.931	0.924	0.918	0.907	0.924	0.939	0.938	0.962	0.985	0.985	0.644	0.948	1.047	1.038	0.874	0.895	0.896	0.906	0.917	0.933	0.933	0.969	0.691	0.982	0.923	0.962	1.160	1.153	1.118	0.980	0.980	1.014	0.961	1.034	0.622	0.961	0.980	0.971	0.991	1.012	1.024	1.129	1.164	1.008	0.952	0.997	0.654	1.012	0.799	0.911	0.922	0.909	0.912	0.908	0.907	1.151	0.905	0.928	0.639	0.946	1.047	1.030	1.053	1.031	1.088	0.995	1.066	1.003	1.219	1.210	1.072	1.044	1.225
10:07:12	37.0	0.961	0.935	0.927	0.921	0.910	0.926	0.942	0.940	0.965	0.987	0.988	0.645	0.954	1.050	1.042	0.877	0.897	0.898	0.908	0.920	0.935	0.936	0.972	0.693	0.986	0.929	0.967	1.165	1.157	1.125	0.984	0.987	1.019	0.964	1.039	0.626	0.966	0.986	0.980	0.995	1.017	1.027	1.135	1.169	1.014	0.956	1.001	0.657	1.006	0.800	0.914	0.925	0.912	0.915	0.913	0.911	1.157	0.909	0.932	0.641	0.951	1.049	1.035	1.053	1.032	1.089	1.002	1.070	1.007	1.223	1.211	1.080	1.044	1.229
10:11:12	37.0	0.965	0.938	0.928	0.922	0.913	0.928	0.944	0.944	0.969	0.990	0.991	0.645	0.959	1.054	1.046	0.879	0.898	0.901	0.909	0.922	0.937	0.938	0.975	0.695	0.991	0.933	0.971	1.168	1.161	1.129	0.988	0.991	1.023	0.966	1.042	0.627	0.970	0.989	0.982	0.998	1.020	1.028	1.139	1.173	1.016	0.958	1.004	0.659	0.998	0.801	0.916	0.926	0.915	0.918	0.917	0.913	1.161	0.911	0.935	0.646	0.955	1.047	1.036	1.052	1.032	1.089	1.001	1.073	1.012	1.226	1.215	1.087	1.048	1.235
10:15:12	37.0	0.970	0.940	0.930	0.923	0.916	0.931	0.947	0.946	0.972	0.994	0.994	0.648	0.963	1.057	1.050	0.881	0.899	0.903	0.911	0.925	0.939	0.941	0.977	0.700	0.995	0.939	0.977	1.173	1.166	1.136	0.991	0.990	1.025	0.968	1.046	0.630	0.976	0.994	0.988	1.002	1.024	1.029	1.143	1.179	1.020	0.961	1.008	0.660	0.987	0.803	0.920	0.930	0.920	0.922	0.923	0.917	1.166	0.915	0.940	0.647	0.957	1.050	1.037	1.055	1.028	1.088	1.004	1.069	1.014	1.226	1.217	1.091	1.048	1.239
10:19:12	37.0	0.975	0.943	0.934	0.925	0.919	0.934	0.950	0.950	0.976	0.997	0.998	0.651	0.968	1.062	1.054	0.884	0.901	0.906	0.914	0.928	0.942	0.945	0.981	0.701	1.000	0.944	0.982	1.177	1.169	1.142	0.995	1.000	1.029	0.971	1.050	0.633	0.980	0.999	0.989	1.007	1.029	1.032	1.148	1.184	1.025	0.964	1.012	0.662	0.973	0.806	0.923	0.933	0.924	0.925	0.929	0.921	1.171	0.920	0.944	0.646	0.963	1.052	1.041	1.058	1.031	1.088	1.004	1.069	1.017	1.229	1.221	1.100	1.052	1.244
10:23:12	37.1	0.980	0.945	0.937	0.927	0.922	0.937	0.953	0.953	0.980	1.000	1.000	0.653	0.973	1.065	1.058	0.885	0.903	0.908	0.915	0.931	0.945	0.948	0.984	0.705	1.005	0.949	0.992	1.180	1.166	1.147	0.998	1.003	1.032	0.974	1.053	0.630	0.985	1.003	0.999	1.010	1.033	1.034	1.152	1.189	1.029	0.965	1.015	0.664	0.973	0.820	0.926	0.936	0.928	0.929	0.934	0.924	1.176	0.924	0.947	0.647	0.965	1.053	1.044	1.056	1.034	1.092	1.007	1.077	1.017	1.230	1.221	1.107	1.053	1.248
10:27:12	37.0	0.982	0.948	0.940	0.930	0.925	0.940	0.956	0.957	0.984	1.004	1.005	0.656	0.972	1.068	1.061	0.888	0.905	0.910	0.918	0.934	0.948	0.951	0.988	0.708	1.008	0.955	0.997	1.185	1.171	1.153	1.001	1.004	1.036	0.977	1.058	0.644	0.989	1.007	1.000	1.013	1.037	1.035	1.156	1.193	1.033	0.968	1.019	0.664	0.977	0.840	0.930	0.939	0.932	0.932	0.939	0.928	1.181	0.928	0.950	0.649	0.971	1.057	1.052	1.054	1.031	1.094	1.009	1.080	1.021	1.235	1.223	1.115	1.055	1.253
10:31:12	37.0	0.985	0.950	0.943	0.932	0.928	0.943	0.959	0.960	0.987	1.008	1.008	0.660	0.976	1.071	1.065	0.890	0.906	0.913	0.920	0.937	0.951	0.955	0.991	0.712	1.012	0.960	1.004	1.187	1.179	1.159	1.004	1.012	1.040	0.980	1.062	0.635	0.994	1.011	1.000	1.018	1.041	1.037	1.161	1.197	1.037	0.970	1.023	0.665	0.974	0.857	0.933	0.941	0.935	0.936	0.944	0.932	1.185	0.932	0.954	0.652	0.973	1.058	1.056	1.051	1.028	1.100	1.014	1.083	1.028	1.236	1.226	1.123	1.058	1.256
10:35:12	37.0	0.988	0.959	0.946	0.934	0.930	0.946	0.962	0.963	0.991	1.012	1.011	0.663	0.979	1.075	1.069	0.892	0.908	0.915	0.922	0.940	0.954	0.958	0.994	0.716	1.016	0.964	1.006	1.191	1.185	1.163	1.007	1.013	1.043	0.983	1.065	0.635	0.998	1.015	1.009	1.021	1.045	1.038	1.164	1.202	1.041	0.973	1.026	0.664	0.980	0.874	0.936	0.944	0.938	0.940	0.948	0.936	1.190	0.936	0.957	0.655	0.975	1.062	1.061	1.053	1.024	1.101	1.017	1.085	1.031	1.238	1.227	1.130	1.059	1.262
10:39:12	37.0	0.990	0.961	0.947	0.937	0.933	0.948	0.965	0.966	0.994	1.015	1.015	0.667	0.982	1.078	1.072	0.894	0.911	0.917	0.924	0.942	0.957	0.961	0.998	0.719	1.020	0.969	1.017	1.195	1.188	1.167	1.010	1.019	1.045	0.986	1.069	0.638	1.002	1.019	1.008	1.025	1.048	1.040	1.169	1.206	1.045	0.975	1.030	0.664	0.984	0.888	0.939	0.946	0.941	0.942	0.952	0.940	1.194	0.939	0.961	0.658	0.977	1.065	1.063	1.056	1.024	1.102	1.022	1.089	1.032	1.238	1.230	1.137	1.062	1.266
10:43:12	37.0	0.992	0.964	0.949	0.940	0.936	0.952	0.968	0.970	0.997	1.020	1.019	0.672	0.986	1.082	1.077	0.897	0.913	0.920	0.927	0.945	0.960	0.965	1.002	0.725	1.024	0.974	1.019	1.197	1.191	1.171	1.014	1.023	1.048	0.990	1.071	0.637	1.006	1.023	1.015	1.028	1.052	1.041	1.171	1.210	1.048	0.977	1.032	0.667	0.989	0.900	0.941	0.949	0.945	0.945	0.957	0.943	1.198	0.943	0.964	0.658	0.979	1.064	1.064	1.057	1.021	1.101	1.021	1.089	1.036	1.238	1.232	1.140	1.063	1.270
10:47:12	37.0	0.995	0.967	0.951	0.942	0.938	0.954	0.970	0.973	1.000	1.022	1.021	0.674	0.988	1.086	1.079	0.898	0.915	0.922	0.929	0.948	0.962	0.967	1.004	0.728	1.027	0.979	1.023	1.202	1.196	1.176	1.017	1.023	1.050	0.992	1.075	0.641	1.014	1.026	1.011	1.031	1.056	1.043	1.176	1.215	1.054	0.980	1.035	0.668	0.995	0.913	0.944	0.952	0.950	0.949	0.961	0.946	1.202	0.946	0.968	0.660	0.981	1.064	1.065	1.056	1.019	1.098	1.021	1.091	1.040	1.240	1.234	1.144	1.066	1.275
10:51:12	37.0	0.996	0.968	0.954	0.944	0.941	0.957	0.973	0.976	1.004	1.024	1.024	0.677	0.992	1.088	1.083	0.902	0.917	0.924	0.932	0.951	0.966	0.970	1.007	0.732	1.031	0.983	1.016	1.205	1.200	1.179	1.019	1.030	1.054	0.994	1.078	0.643	1.016	1.030	1.022	1.034	1.059	1.044	1.178	1.220	1.056	0.981	1.037	0.670	1.005	0.920	0.946	0.955	0.952	0.951	0.964	0.949	1.206	0.949	0.971	0.664	0.986	1.067	1.068	1.060	1.017	1.091	1.025	1.093	1.039	1.241	1.235	1.148	1.068	1.277
10:55:12	37.0	1.000	0.970	0.957	0.947	0.944	0.960	0.976	0.979	1.007	1.028	1.027	0.683	0.994	1.091	1.085	0.903	0.920	0.926	0.935	0.954	0.968	0.973	1.009	0.737	1.034	0.986	1.017	1.208	1.204	1.182	1.021	1.032	1.055	0.997	1.082	0.646	1.019	1.034	1.027	1.037	1.062	1.045	1.182	1.224	1.055	0.982	1.039	0.672	1.010	0.925	0.948	0.957	0.956	0.955	0.966	0.951	1.210	0.952	0.975	0.666	0.991	1.069	1.076	1.062	1.015	1.085	1.028	1.093	1.042	1.243	1.236	1.152	1.069	1.279
10:59:12	37.0	1.002	0.974	0.960	0.950	0.946	0.962	0.978	0.982	1.010	1.031	1.030	0.687	0.998	1.094	1.089	0.904	0.922	0.929	0.937	0.957	0.971	0.976	1.012	0.746	1.038	0.991	1.031	1.212	1.208	1.185	1.024	1.035	1.058	1.001	1.086	0.649	1.023	1.037	1.029	1.041	1.066	1.047	1.187	1.229	1.065	0.984	1.044	0.675	1.020	0.934	0.950	0.960	0.959	0.958	0.969	0.954	1.213	0.957	0.979	0.669	0.993	1.073	1.080	1.061	1.015	1.081	1.031	1.094	1.045	1.244	1.238	1.158	1.072	1.283
11:03:12	37.0	1.005	0.977	0.962	0.953	0.950	0.966	0.982	0.985	1.014	1.035	1.035	0.693	1.002	1.099	1.093	0.906	0.926	0.932	0.941	0.960	0.974	0.979	1.016	0.759	1.041	0.996	1.038	1.216	1.211	1.190	1.027	1.040	1.063	1.004	1.089	0.651	1.030	1.041	1.032	1.044	1.069	1.050	1.190	1.233	1.066	0.986	1.046	0.679	1.027	0.941	0.953	0.962	0.963	0.961	0.972	0.958	1.218	0.961	0.984	0.671	0.997	1.074	1.085	1.061	1.013	1.078	1.035	1.093	1.044	1.246	1.241	1.164	1.075	1.286
11:07:12	37.0	1.008	0.980	0.965	0.956	0.953	0.968	0.984	0.988	1.018	1.040	1.039	0.698	1.006	1.102	1.097	0.908	0.928	0.935	0.944	0.964	0.978	0.983	1.020	0.764	1.044	1.000	1.042	1.220	1.215	1.193	1.029	1.040	1.066	1.008	1.094	0.655	1.034	1.044	1.036	1.046	1.073	1.051	1.194	1.240	1.070	0.988	1.050	0.680	1.034	0.949	0.956	0.965	0.967	0.965	0.975	0.962	1.222	0.966	0.989	0.674	0.999	1.075	1.088	1.064	1.015	1.075	1.036	1.094	1.043	1.249	1.243	1.168	1.075	1.290
11:11:12	37.0	1.011	0.983	0.969	0.959	0.956	0.971	0.988	0.992	1.022	1.043	1.043	0.703	1.012	1.105	1.100	0.910	0.931	0.938	0.947	0.967	0.981	0.986	1.024	0.767	1.047	1.004	1.036	1.224	1.221	1.196	1.032	1.046	1.069	1.011	1.098	0.657	1.039	1.048	1.039	1.050	1.077	1.052	1.198	1.239	1.072	0.991	1.054	0.682	1.044	0.956	0.958	0.968	0.970	0.969	0.978	0.966	1.227	0.970	0.994	0.676	1.003	1.074	1.089	1.061	1.017	1.070	1.045	1.095	1.046	1.250	1.244	1.171	1.078	1.292
11:15:12	37.0	1.015	0.985	0.972	0.962	0.958	0.974	0.991	0.995	1.026	1.047	1.048	0.708	1.019	1.109	1.104	0.913	0.935	0.941	0.950	0.970	0.984	0.989	1.027	0.771	1.050	1.009	1.037	1.228	1.254	1.200	1.034	1.047	1.072	1.015	1.101	0.661	1.044	1.051	1.041	1.052	1.080	1.054	1.202	1.244	1.075	1.032	1.056	0.685	1.049	0.964	0.960	0.971	0.973	0.972	0.980	0.970	1.232	0.973	0.997	0.680	1.006	1.077	1.090	1.065	1.014	1.070	1.046	1.095	1.049	1.252	1.246	1.173	1.079	1.296
11:19:12	37.0	1.017	0.988	0.975	0.964	0.961	0.977	0.994	0.997	1.030	1.051	1.051	0.714	1.036	1.113	1.107	0.915	0.938	0.944	0.952	0.973	0.987	0.992	1.029	0.775	1.053	1.012	1.047	1.231	1.261	1.203	1.037	1.051	1.075	1.019	1.107	0.664	1.047	1.054	1.043	1.055	1.083	1.055	1.205	1.248	1.078	1.040	1.059	0.688	1.054	0.970	0.963	0.974	0.976	0.975	0.982	0.973	1.236	0.977	1.002	0.683	1.009	1.078	1.092	1.066	1.016	1.069	1.047	1.096	1.053	1.255	1.246	1.177	1.082	1.300
11:23:12	37.0	1.021	0.992	0.978	0.967	0.964	0.981	0.997	1.000	1.034	1.053	1.053	0.717	1.041	1.116	1.110	0.916	0.940	0.947	0.955	0.976	0.990	0.995	1.032	0.777	1.056	1.016	1.063	1.234	1.263	1.206	1.038	1.055	1.078	1.022	1.111	0.666	1.050	1.057	1.042	1.058	1.087	1.057	1.208	1.254	1.081	1.043	1.060	0.690	1.059	0.975	0.965	0.977	0.979	0.978	0.983	0.976	1.239	0.981	1.005	0.685	1.013	1.077	1.093	1.067	1.012	1.071	1.041	1.101	1.057	1.254	1.248	1.179	1.083	1.305
11:27:12	37.0	1.024	0.993	0.982	0.969	0.967	0.984	1.001	1.004	1.038	1.056	1.056	0.722	1.045	1.120	1.113	0.919	0.944	0.950	0.958	0.979	0.994	0.998	1.035	0.774	1.059	1.020	1.057	1.238	1.264	1.209	1.041	1.057	1.081	1.024	1.115	0.672	1.054	1.061	1.045	1.060	1.090	1.059	1.212	1.259	1.083	1.047	1.064	0.694	1.064	0.982	0.968	0.980	0.982	0.982	0.982	0.979	1.244	0.985	1.009	0.689	1.016	1.079	1.093	1.069	1.014	1.074	1.042	1.101	1.061	1.257	1.252	1.183	1.085	1.309
11:31:12	37.0	1.027	0.997	0.985	0.972	0.970	0.986	1.003	1.007	1.039	1.058	1.058	0.730	1.048	1.123	1.117	0.922	0.947	0.953	0.960	0.982	0.996	1.001	1.038	0.765	1.062	1.023	1.098	1.242	1.264	1.212	1.043	1.063	1.084	1.026	1.118	0.675	1.058	1.064	1.055	1.063	1.094	1.060	1.216	1.263	1.085	1.050	1.067	0.696	1.069	0.989	0.970	0.983	0.987	0.985	0.984	0.982	1.248	0.989	1.014	0.693	1.023	1.080	1.096	1.073	1.008	1.076	1.045	1.104	1.062	1.257	1.254	1.189	1.086	1.311
11:35:12	37.0	1.030	0.999	0.988	0.975	0.973	0.989	1.007	1.010	1.041	1.059	1.060	0.736	1.048	1.126	1.120	0.924	0.950	0.955	0.964	0.985	0.999	1.003	1.040	0.765	1.064	1.026	1.101	1.245	1.264	1.214	1.045	1.062	1.087	1.028	1.121	0.677	1.061	1.069	1.058	1.065	1.096	1.061	1.219	1.267	1.088	1.054	1.069	0.698	1.071	0.993	0.972	0.986	0.990	0.989	0.986	0.986	1.252	0.992	1.017	0.693	1.027	1.081	1.096	1.072	1.010	1.076	1.045	1.105	1.065	1.254	1.257	1.190	1.087	1.314
11:39:12	37.0	1.032	1.002	0.991	0.978	0.976	0.992	1.009	1.012	1.043	1.062	1.062	0.748	1.054	1.130	1.123	0.926	0.953	0.957	0.966	0.988	1.002	1.006	1.043	0.767	1.067	1.030	1.101	1.248	1.264	1.217	1.047	1.068	1.091	1.029	1.121	0.685	1.064	1.073	1.062	1.068	1.099	1.062	1.224	1.269	1.091	1.057	1.072	0.701	1.077	0.997	0.974	0.990	0.994	0.992	0.988	0.988	1.256	0.995	1.021	0.696	1.032	1.086	1.097	1.075	1.012	1.077	1.038	1.107	1.069	1.262	1.258	1.195	1.090	1.317
11:43:12	37.0	1.036	1.004	0.994	0.980	0.978	0.994	1.012	1.015	1.045	1.063	1.064	0.757	1.059	1.134	1.127	0.929	0.957	0.961	0.969	0.991	1.004	1.008	1.045	0.770	1.069	1.033	1.101	1.251	1.264	1.220	1.050	1.066	1.094	1.032	1.126	0.683	1.068	1.078	1.064	1.071	1.101	1.064	1.228	1.271	1.093	1.059	1.075	0.704	1.082	1.003	0.978	0.992	0.998	0.995	0.990	0.991	1.259	0.997	1.025	0.700	1.034	1.086	1.096	1.077	1.014	1.075	1.039	1.109	1.071	1.265	1.260	1.199	1.092	1.321
11:47:12	37.0	1.039	1.006	0.997	0.982	0.981	0.997	1.014	1.017	1.047	1.064	1.066	0.763	1.062	1.137	1.129	0.930	0.959	0.963	0.971	0.993	1.006	1.010	1.048	0.771	1.072	1.036	1.102	1.255	1.265	1.223	1.053	1.074	1.096	1.032	1.129	0.686	1.071	1.082	1.067	1.074	1.104	1.065	1.232	1.274	1.096	1.061	1.078	0.708	1.087	1.006	0.980	0.995	1.001	0.997	0.994	0.994	1.263	0.999	1.029	0.704	1.037	1.089	1.096	1.076	1.018	1.076	1.039	1.109	1.072	1.267	1.262	1.201	1.094	1.322
11:51:12	37.0	1.042	1.009	1.000	0.986	0.984	1.000	1.018	1.021	1.048	1.067	1.069	0.773	1.064	1.141	1.133	0.934	0.963	0.967	0.974	0.997	1.009	1.014	1.052	0.775	1.074	1.040	1.103	1.258	1.265	1.227	1.055	1.075	1.099	1.035	1.131	0.688	1.074	1.086	1.071	1.076	1.107	1.067	1.236	1.275	1.099	1.064	1.083	0.708	1.087	1.010	0.985	0.998	1.005	1.000	0.997	0.997	1.266	1.002	1.032	0.707	1.043	1.091	1.097	1.075	1.023	1.077	1.044	1.114	1.074	1.269	1.266	1.204	1.096	1.323
11:55:12	37.0	1.044	1.010	1.003	0.988	0.987	1.002	1.020	1.023	1.051	1.069	1.069	0.782	1.067	1.143	1.135	0.935	0.965	0.968	0.976	0.999	1.011	1.015	1.053	0.776	1.076	1.043	1.103	1.261	1.264	1.229	1.058	1.078	1.101	1.037	1.134	0.695	1.078	1.089	1.073	1.080	1.109	1.069	1.241	1.277	1.101	1.066	1.087	0.711	1.092	1.013	0.989	1.002	1.008	1.002	1.000	0.999	1.270	1.003	1.035	0.709	1.047	1.089	1.097	1.076	1.025	1.079	1.044	1.117	1.078	1.274	1.269	1.204	1.100	1.325
11:59:12	37.0	1.048	1.013	1.006	0.990	0.990	1.005	1.023	1.026	1.053	1.071	1.072	0.788	1.070	1.146	1.138	0.938	0.968	0.972	0.979	1.001	1.014	1.018	1.056	0.778	1.079	1.047	1.103	1.264	1.265	1.232	1.061	1.082	1.105	1.040	1.135	0.696	1.081	1.091	1.077	1.083	1.113	1.071	1.245	1.278	1.104	1.068	1.091	0.714	1.095	1.016	0.995	1.005	1.011	1.005	1.004	1.002	1.274	1.006	1.040	0.713	1.050	1.091	1.097	1.077	1.029	1.082	1.040	1.122	1.081	1.280	1.273	1.208	1.103	1.329
12:03:12	37.0	1.051	1.015	1.009	0.992	0.992	1.007	1.026	1.028	1.054	1.073	1.075	0.793	1.072	1.150	1.142	0.941	0.971	0.974	0.982	1.004	1.017	1.021	1.058	0.781	1.082	1.051	1.105	1.268	1.265	1.236	1.066	1.084	1.107	1.042	1.133	0.701	1.084	1.094	1.081	1.088	1.115	1.073	1.249	1.280	1.107	1.071	1.094	0.716	1.098	1.018	0.999	1.007	1.014	1.008	1.008	1.005	1.277	1.008	1.042	0.716	1.051	1.091	1.094	1.077	1.031	1.082	1.028	1.122	1.083	1.286	1.275	1.209	1.104	1.331
12:07:12	37.0	1.054	1.018	1.014	0.995	0.995	1.009	1.029	1.031	1.058	1.075	1.076	0.800	1.075	1.153	1.145	0.943	0.974	0.977	0.984	1.006	1.019	1.024	1.061	0.783	1.084	1.055	1.106	1.271	1.266	1.238	1.069	1.090	1.110	1.044	1.135	0.704	1.087	1.096	1.084	1.091	1.118	1.076	1.253	1.281	1.111	1.075	1.097	0.718	1.101	1.022	1.005	1.010	1.017	1.010	1.011	1.008	1.281	1.010	1.046	0.721	1.052	1.092	1.093	1.078	1.030	1.084	1.022	1.124	1.087	1.287	1.279	1.213	1.107	1.334
12:11:12	37.0	1.056	1.020	1.016	0.997	0.998	1.012	1.031	1.034	1.059	1.077	1.079	0.806	1.078	1.156	1.147	0.945	0.976	0.979	0.986	1.009	1.021	1.026	1.064	0.785	1.086	1.059	1.107	1.275	1.268	1.241	1.072	1.090	1.113	1.045	1.133	0.708	1.090	1.100	1.083	1.093	1.122	1.079	1.258	1.283	1.114	1.077	1.100	0.720	1.103	1.024	1.010	1.012	1.020	1.012	1.014	1.010	1.285	1.015	1.049	0.724	1.056	1.093	1.093	1.078	1.030	1.085	1.016	1.125	1.091	1.291	1.281	1.214	1.108	1.336
12:15:12	37.0	1.058	1.024	1.019	0.999	1.000	1.014	1.033	1.036	1.060	1.078	1.080	0.813	1.079	1.159	1.151	0.948	0.979	0.981	0.988	1.012	1.024	1.029	1.066	0.787	1.088	1.064	1.108	1.277	1.269	1.244	1.074	1.096	1.115	1.048	1.137	0.712	1.094	1.103	1.086	1.095	1.125	1.081	1.261	1.285	1.117	1.079	1.101	0.721	1.108	1.028	1.013	1.014	1.022	1.015	1.017	1.012	1.289	1.018	1.052	0.726	1.060	1.095	1.092	1.077	1.033	1.085	1.011	1.126	1.091	1.293	1.283	1.218	1.109	1.337
12:19:12	37.0	1.062	1.026	1.022	1.002	1.003	1.017	1.036	1.039	1.062	1.080	1.082	0.819	1.082	1.162	1.153	0.951	0.982	0.984	0.990	1.013	1.026	1.030	1.069	0.790	1.091	1.069	1.109	1.280	1.270	1.246	1.076	1.097	1.118	1.050	1.140	0.719	1.097	1.106	1.104	1.099	1.127	1.083	1.265	1.287	1.121	1.083	1.105	0.721	1.111	1.032	1.018	1.017	1.026	1.017	1.021	1.015	1.292	1.023	1.056	0.728	1.060	1.097	1.094	1.078	1.029	1.087	1.005	1.126	1.094	1.297	1.286	1.224	1.111	1.340
12:23:12	37.0	1.064	1.028	1.024	1.005	1.006	1.018	1.038	1.040	1.065	1.083	1.085	0.827	1.083	1.165	1.155	0.953	0.984	0.987	0.993	1.017	1.029	1.033	1.071	0.794	1.093	1.072	1.111	1.283	1.271	1.249	1.078	1.104	1.123	1.052	1.141	0.723	1.100	1.109	1.129	1.100	1.130	1.083	1.268	1.288	1.123	1.086	1.107	0.719	1.113	1.034	1.020	1.018	1.027	1.019	1.023	1.018	1.296	1.026	1.058	0.730	1.059	1.098	1.094	1.080	1.026	1.089	1.004	1.128	1.098	1.303	1.288	1.227	1.111	1.342
12:27:12	37.0	1.066	1.030	1.027	1.007	1.008	1.020	1.041	1.043	1.066	1.084	1.087	0.834	1.086	1.168	1.158	0.954	0.986	0.989	0.995	1.018	1.030	1.035	1.073	0.797	1.096	1.075	1.113	1.286	1.272	1.251	1.080	1.104	1.122	1.053	1.142	0.724	1.103	1.112	1.132	1.102	1.133	1.084	1.270	1.289	1.125	1.088	1.107	0.720	1.117	1.036	1.022	1.020	1.030	1.021	1.025	1.020	1.299	1.029	1.061	0.734	1.059	1.099	1.096	1.082	1.033	1.090	1.006	1.129	1.101	1.307	1.292	1.230	1.112	1.344
12:31:12	37.0	1.068	1.033	1.032	1.009	1.010	1.023	1.044	1.046	1.069	1.087	1.089	0.839	1.089	1.171	1.161	0.958	0.990	0.992	0.998	1.022	1.033	1.038	1.076	0.801	1.099	1.079	1.115	1.288	1.274	1.254	1.082	1.108	1.126	1.057	1.145	0.728	1.106	1.116	1.132	1.104	1.137	1.085	1.274	1.291	1.128	1.092	1.109	0.720	1.123	1.040	1.024	1.023	1.033	1.025	1.028	1.023	1.303	1.033	1.065	0.734	1.060	1.102	1.097	1.081	1.035	1.091	1.008	1.131	1.104	1.310	1.296	1.232	1.114	1.345
12:35:12	37.0	1.070	1.036	1.034	1.012	1.013	1.026	1.046	1.048	1.071	1.088	1.091	0.847	1.091	1.174	1.164	0.960	0.992	0.994	1.000	1.024	1.035	1.040	1.079	0.803	1.102	1.082	1.116	1.303	1.276	1.257	1.083	1.109	1.126	1.059	1.145	0.732	1.109	1.117	1.133	1.106	1.139	1.086	1.277	1.293	1.130	1.093	1.111	0.724	1.127	1.042	1.026	1.026	1.034	1.026	1.030	1.023	1.306	1.036	1.067	0.738	1.061	1.104	1.098	1.082	1.036	1.091	1.009	1.132	1.108	1.310	1.299	1.236	1.115	1.349
12:39:12	37.0	1.072	1.038	1.037	1.014	1.015	1.027	1.049	1.050	1.073	1.090	1.094	0.851	1.095	1.176	1.166	0.962	0.994	0.996	1.002	1.026	1.037	1.042	1.081	0.807	1.103	1.085	1.119	1.300	1.278	1.259	1.084	1.112	1.129	1.061	1.147	0.736	1.112	1.122	1.133	1.107	1.142	1.087	1.279	1.294	1.131	1.095	1.113	0.726	1.129	1.044	1.025	1.027	1.037	1.028	1.032	1.024	1.309	1.039	1.069	0.741	1.059	1.105	1.100	1.080	1.035	1.092	1.009	1.134	1.112	1.311	1.302	1.239	1.116	1.350
12:43:12	37.0	1.074	1.040	1.040	1.016	1.018	1.030	1.051	1.053	1.075	1.093	1.095	0.855	1.097	1.180	1.169	0.965	0.997	0.998	1.004	1.028	1.039	1.044	1.084	0.810	1.106	1.087	1.121	1.294	1.279	1.262	1.086	1.111	1.135	1.063	1.149	0.737	1.115	1.125	1.133	1.110	1.145	1.088	1.281	1.296	1.133	1.098	1.116	0.727	1.135	1.045	1.024	1.029	1.039	1.030	1.035	1.028	1.313	1.042	1.072	0.744	1.061	1.107	1.099	1.079	1.041	1.095	1.011	1.139	1.114	1.312	1.305	1.243	1.118	1.352
12:47:12	37.0	1.076	1.042	1.041	1.018	1.020	1.032	1.053	1.055	1.077	1.094	1.097	0.859	1.099	1.182	1.172	0.967	0.998	1.000	1.005	1.029	1.041	1.046	1.086	0.816	1.107	1.089	1.123	1.296	1.281	1.263	1.088	1.115	1.134	1.065	1.152	0.740	1.116	1.127	1.133	1.111	1.146	1.089	1.283	1.297	1.135	1.099	1.118	0.730	1.132	1.049	1.023	1.031	1.041	1.032	1.036	1.030	1.316	1.044	1.073	0.747	1.063	1.108	1.100	1.082	1.036	1.097	1.008	1.141	1.117	1.313	1.306	1.245	1.121	1.355
12:51:12	37.0	1.078	1.045	1.045	1.021	1.023	1.034	1.056	1.058	1.078	1.096	1.099	0.864	1.101	1.186	1.174	0.969	1.001	1.002	1.007	1.032	1.043	1.049	1.088	0.811	1.109	1.093	1.124	1.302	1.282	1.266	1.091	1.113	1.139	1.067	1.154	0.745	1.120	1.131	1.133	1.113	1.148	1.091	1.284	1.299	1.137	1.101	1.119	0.732	1.137	1.052	1.025	1.033	1.044	1.034	1.038	1.032	1.319	1.047	1.075	0.750	1.065	1.109	1.101	1.081	1.030	1.099	1.003	1.145	1.117	1.313	1.310	1.247	1.122	1.356
12:55:12	37.0	1.081	1.047	1.047	1.023	1.025	1.036	1.058	1.060	1.081	1.097	1.101	0.871	1.103	1.188	1.177	0.971	1.003	1.005	1.009	1.034	1.045	1.051	1.091	0.814	1.111	1.098	1.125	1.307	1.283	1.268	1.093	1.119	1.142	1.068	1.149	0.748	1.121	1.133	1.134	1.115	1.149	1.093	1.286	1.300	1.138	1.102	1.122	0.735	1.138	1.054	1.026	1.035	1.046	1.036	1.038	1.035	1.323	1.049	1.078	0.753	1.066	1.110	1.102	1.083	1.027	1.100	1.002	1.142	1.119	1.316	1.314	1.250	1.123	1.358
12:59:12	37.0	1.083	1.050	1.050	1.025	1.028	1.039	1.062	1.063	1.083	1.100	1.104	0.878	1.105	1.191	1.179	0.974	1.006	1.007	1.012	1.036	1.047	1.054	1.094	0.817	1.113	1.104	1.127	1.311	1.285	1.271	1.096	1.118	1.145	1.071	1.157	0.751	1.124	1.137	1.135	1.117	1.150	1.093	1.288	1.303	1.141	1.105	1.125	0.741	1.140	1.057	1.030	1.038	1.049	1.039	1.040	1.038	1.327	1.052	1.080	0.757	1.068	1.111	1.103	1.083	1.032	1.100	1.000	1.139	1.117	1.319	1.317	1.253	1.124	1.359
13:03:12	37.0	1.085	1.053	1.054	1.027	1.031	1.041	1.063	1.065	1.085	1.102	1.105	0.883	1.107	1.194	1.182	0.976	1.008	1.010	1.013	1.038	1.050	1.056	1.096	0.820	1.116	1.108	1.128	1.314	1.287	1.274	1.099	1.120	1.149	1.073	1.193	0.757	1.126	1.140	1.136	1.119	1.153	1.094	1.290	1.304	1.143	1.106	1.127	0.741	1.143	1.060	1.030	1.040	1.050	1.042	1.040	1.040	1.330	1.055	1.082	0.759	1.068	1.113	1.106	1.085	1.038	1.103	1.000	1.136	1.118	1.321	1.320	1.256	1.124	1.361
13:07:12	37.0	1.087	1.055	1.055	1.028	1.032	1.042	1.065	1.066	1.086	1.103	1.107	0.888	1.109	1.196	1.184	0.978	1.010	1.011	1.015	1.041	1.052	1.058	1.098	0.823	1.118	1.112	1.130	1.318	1.288	1.276	1.101	1.125	1.150	1.075	1.202	0.762	1.128	1.143	1.137	1.121	1.155	1.096	1.292	1.305	1.145	1.107	1.129	0.743	1.142	1.065	1.032	1.041	1.052	1.043	1.039	1.042	1.334	1.057	1.083	0.764	1.067	1.114	1.106	1.086	1.034	1.105	1.001	1.138	1.119	1.325	1.324	1.260	1.126	1.365
13:11:12	37.0	1.089	1.058	1.058	1.031	1.035	1.046	1.068	1.069	1.089	1.107	1.110	0.899	1.112	1.200	1.188	0.981	1.012	1.014	1.018	1.043	1.055	1.061	1.101	0.828	1.120	1.115	1.131	1.322	1.290	1.279	1.104	1.125	1.154	1.077	1.204	0.764	1.130	1.146	1.139	1.123	1.156	1.097	1.293	1.306	1.147	1.109	1.130	0.740	1.147	1.066	1.034	1.044	1.055	1.046	1.038	1.046	1.337	1.060	1.087	0.769	1.070	1.115	1.108	1.087	1.036	1.105	1.003	1.143	1.120	1.329	1.326	1.262	1.127	1.366
13:15:12	37.0	1.092	1.061	1.060	1.033	1.038	1.047	1.069	1.071	1.091	1.108	1.111	0.905	1.114	1.202	1.190	0.982	1.014	1.015	1.020	1.045	1.057	1.063	1.104	0.830	1.122	1.116	1.132	1.325	1.292	1.282	1.106	1.127	1.157	1.079	1.202	0.768	1.133	1.147	1.140	1.125	1.158	1.098	1.294	1.307	1.149	1.111	1.132	0.749	1.148	1.068	1.034	1.046	1.056	1.048	1.035	1.048	1.340	1.062	1.090	0.772	1.072	1.116	1.109	1.089	1.036	1.106	1.003	1.143	1.120	1.332	1.327	1.265	1.130	1.368
13:19:12	37.0	1.095	1.064	1.063	1.036	1.040	1.050	1.073	1.074	1.093	1.110	1.114	0.914	1.117	1.206	1.193	0.985	1.017	1.019	1.022	1.047	1.059	1.066	1.107	0.833	1.124	1.118	1.134	1.327	1.295	1.284	1.108	1.127	1.157	1.082	1.200	0.771	1.135	1.151	1.141	1.127	1.154	1.100	1.296	1.309	1.151	1.113	1.135	0.755	1.152	1.072	1.036	1.048	1.059	1.050	1.035	1.050	1.343	1.065	1.094	0.778	1.072	1.118	1.111	1.088	1.031	1.107	1.010	1.143	1.123	1.335	1.332	1.266	1.133	1.369
13:23:12	37.0	1.098	1.066	1.066	1.038	1.042	1.051	1.075	1.076	1.095	1.112	1.115	0.917	1.119	1.207	1.194	0.987	1.019	1.020	1.023	1.049	1.062	1.069	1.109	0.833	1.125	1.119	1.134	1.329	1.297	1.286	1.110	1.135	1.159	1.084	1.201	0.775	1.138	1.155	1.143	1.130	1.159	1.102	1.298	1.311	1.153	1.115	1.137	0.764	1.151	1.077	1.038	1.050	1.061	1.052	1.035	1.052	1.346	1.067	1.096	0.781	1.073	1.119	1.113	1.091	1.027	1.111	1.013	1.136	1.125	1.339	1.335	1.266	1.134	1.371
13:27:12	37.0	1.099	1.068	1.069	1.040	1.044	1.054	1.077	1.078	1.096	1.113	1.117	0.923	1.120	1.210	1.196	0.989	1.021	1.022	1.026	1.051	1.064	1.070	1.112	0.836	1.127	1.122	1.135	1.330	1.298	1.288	1.113	1.134	1.162	1.086	1.199	0.778	1.142	1.157	1.144	1.132	1.169	1.103	1.299	1.313	1.155	1.117	1.139	0.772	1.158	1.079	1.041	1.052	1.063	1.054	1.034	1.054	1.349	1.070	1.099	0.784	1.078	1.118	1.110	1.093	1.028	1.112	1.021	1.136	1.127	1.341	1.339	1.269	1.137	1.374
13:31:12	37.0	1.100	1.071	1.072	1.042	1.047	1.056	1.080	1.081	1.099	1.116	1.120	0.930	1.123	1.213	1.199	0.992	1.024	1.024	1.028	1.054	1.067	1.075	1.115	0.838	1.129	1.124	1.137	1.333	1.301	1.291	1.116	1.136	1.165	1.088	1.199	0.784	1.144	1.160	1.145	1.134	1.166	1.105	1.301	1.315	1.158	1.119	1.143	0.781	1.158	1.082	1.044	1.054	1.065	1.057	1.037	1.057	1.352	1.073	1.103	0.788	1.079	1.120	1.110	1.094	1.024	1.115	1.026	1.136	1.129	1.346	1.341	1.271	1.137	1.374
13:35:12	37.0	1.101	1.073	1.074	1.044	1.050	1.058	1.083	1.084	1.101	1.118	1.121	0.933	1.125	1.216	1.201	0.993	1.026	1.026	1.029	1.056	1.069	1.077	1.118	0.839	1.132	1.126	1.139	1.334	1.303	1.293	1.117	1.135	1.169	1.091	1.198	0.785	1.147	1.164	1.146	1.137	1.169	1.107	1.303	1.317	1.161	1.121	1.145	0.788	1.162	1.084	1.045	1.056	1.067	1.059	1.040	1.059	1.355	1.075	1.105	0.790	1.083	1.120	1.111	1.094	1.023	1.116	1.029	1.131	1.133	1.349	1.344	1.272	1.138	1.377
13:39:12	37.0	1.101	1.076	1.077	1.046	1.052	1.061	1.085	1.087	1.104	1.120	1.124	0.939	1.127	1.219	1.202	0.996	1.029	1.028	1.031	1.058	1.072	1.080	1.121	0.841	1.134	1.128	1.141	1.337	1.305	1.298	1.121	1.142	1.171	1.093	1.198	0.788	1.150	1.166	1.148	1.139	1.170	1.109	1.305	1.320	1.164	1.124	1.148	0.790	1.166	1.087	1.049	1.058	1.070	1.062	1.045	1.061	1.358	1.077	1.108	0.795	1.085	1.119	1.113	1.097	1.020	1.116	1.035	1.138	1.135	1.351	1.348	1.276	1.141	1.380
13:43:12	37.0	1.103	1.077	1.080	1.048	1.053	1.062	1.087	1.089	1.105	1.121	1.126	0.945	1.130	1.221	1.204	0.998	1.030	1.029	1.032	1.061	1.075	1.082	1.123	0.845	1.136	1.131	1.143	1.338	1.307	1.300	1.123	1.145	1.172	1.094	1.198	0.792	1.152	1.170	1.151	1.142	1.169	1.110	1.306	1.321	1.166	1.125	1.150	0.797	1.168	1.087	1.051	1.059	1.072	1.063	1.050	1.063	1.361	1.079	1.110	0.798	1.087	1.120	1.114	1.098	1.014	1.117	1.037	1.142	1.137	1.355	1.351	1.278	1.141	1.382
13:47:12	37.0	1.102	1.079	1.082	1.050	1.056	1.065	1.090	1.091	1.107	1.124	1.128	0.951	1.132	1.223	1.206	1.000	1.033	1.031	1.034	1.063	1.077	1.084	1.125	0.847	1.138	1.135	1.144	1.339	1.308	1.303	1.125	1.151	1.172	1.097	1.197	0.801	1.153	1.173	1.152	1.145	1.173	1.112	1.308	1.323	1.168	1.128	1.153	0.807	1.167	1.090	1.054	1.061	1.074	1.065	1.054	1.065	1.364	1.081	1.113	0.804	1.087	1.120	1.119	1.101	1.025	1.118	1.035	1.145	1.140	1.359	1.354	1.279	1.143	1.385
13:51:12	37.0	1.104	1.080	1.084	1.052	1.058	1.066	1.092	1.094	1.109	1.126	1.130	0.954	1.134	1.226	1.209	1.002	1.035	1.033	1.036	1.065	1.080	1.087	1.128	0.848	1.141	1.139	1.146	1.340	1.311	1.307	1.129	1.152	1.170	1.098	1.197	0.802	1.158	1.177	1.154	1.148	1.170	1.114	1.310	1.325	1.171	1.131	1.155	0.814	1.171	1.092	1.058	1.063	1.077	1.067	1.059	1.066	1.367	1.083	1.115	0.809	1.090	1.121	1.117	1.100	1.034	1.120	1.036	1.148	1.140	1.361	1.356	1.280	1.143	1.386
13:55:12	37.0	1.105	1.082	1.087	1.054	1.060	1.069	1.095	1.096	1.111	1.127	1.131	0.958	1.134	1.228	1.212	1.004	1.037	1.035	1.037	1.067	1.082	1.089	1.131	0.850	1.143	1.142	1.148	1.341	1.313	1.309	1.131	1.158	1.173	1.100	1.197	0.806	1.161	1.179	1.156	1.151	1.179	1.116	1.312	1.327	1.174	1.133	1.158	0.817	1.173	1.094	1.060	1.064	1.078	1.069	1.065	1.068	1.372	1.086	1.117	0.814	1.094	1.123	1.109	1.100	1.037	1.121	1.044	1.150	1.143	1.363	1.362	1.281	1.143	1.387
13:59:12	37.0	1.105	1.083	1.089	1.056	1.062	1.071	1.098	1.100	1.113	1.129	1.134	0.964	1.135	1.231	1.214	1.005	1.038	1.036	1.039	1.070	1.085	1.093	1.134	0.853	1.145	1.144	1.150	1.340	1.315	1.310	1.134	1.160	1.174	1.102	1.197	0.809	1.165	1.182	1.159	1.154	1.178	1.118	1.314	1.330	1.176	1.135	1.161	0.813	1.179	1.096	1.063	1.067	1.080	1.071	1.071	1.069	1.376	1.089	1.119	0.817	1.093	1.124	1.098	1.100	1.038	1.121	1.044	1.147	1.146	1.367	1.367	1.284	1.145	1.389
14:03:12	37.0	1.105	1.084	1.092	1.058	1.064	1.073	1.101	1.103	1.115	1.131	1.136	0.968	1.137	1.233	1.216	1.007	1.041	1.038	1.041	1.072	1.087	1.096	1.137	0.858	1.147	1.145	1.152	1.342	1.317	1.310	1.137	1.160	1.175	1.105	1.197	0.815	1.168	1.186	1.160	1.157	1.178	1.120	1.315	1.333	1.178	1.138	1.164	0.810	1.178	1.099	1.065	1.068	1.082	1.073	1.076	1.069	1.380	1.091	1.122	0.820	1.096	1.125	1.093	1.103	1.040	1.123	1.050	1.142	1.145	1.373	1.372	1.284	1.145	1.389
14:07:12	37.0	1.106	1.086	1.095	1.059	1.066	1.075	1.103	1.106	1.117	1.134	1.139	0.972	1.139	1.234	1.218	1.010	1.043	1.040	1.043	1.074	1.090	1.099	1.140	0.861	1.150	1.148	1.154	1.344	1.319	1.310	1.139	1.178	1.176	1.106	1.196	0.816	1.170	1.188	1.162	1.161	1.185	1.122	1.317	1.335	1.182	1.140	1.167	0.811	1.182	1.101	1.064	1.071	1.085	1.076	1.080	1.070	1.383	1.093	1.125	0.823	1.096	1.124	1.089	1.104	1.045	1.123	1.056	1.145	1.146	1.378	1.379	1.286	1.146	1.391
14:11:12	37.0	1.107	1.087	1.098	1.062	1.068	1.078	1.107	1.109	1.119	1.136	1.141	0.974	1.141	1.237	1.221	1.012	1.045	1.042	1.045	1.077	1.093	1.101	1.143	0.863	1.153	1.150	1.156	1.344	1.321	1.313	1.142	1.184	1.177	1.108	1.195	0.820	1.173	1.192	1.165	1.163	1.187	1.125	1.319	1.338	1.185	1.143	1.170	0.816	1.185	1.103	1.060	1.072	1.086	1.077	1.085	1.072	1.387	1.096	1.127	0.828	1.098	1.125	1.093	1.106	1.047	1.125	1.065	1.146	1.145	1.383	1.383	1.288	1.147	1.393
14:15:12	37.0	1.108	1.089	1.101	1.064	1.070	1.080	1.110	1.112	1.121	1.137	1.143	0.979	1.143	1.239	1.223	1.013	1.047	1.044	1.047	1.079	1.095	1.103	1.146	0.865	1.155	1.153	1.158	1.344	1.322	1.316	1.146	1.186	1.178	1.109	1.195	0.826	1.176	1.194	1.167	1.166	1.185	1.127	1.320	1.339	1.188	1.145	1.172	0.819	1.188	1.105	1.054	1.075	1.089	1.080	1.090	1.075	1.391	1.098	1.129	0.827	1.098	1.126	1.101	1.108	1.050	1.126	1.067	1.146	1.144	1.386	1.389	1.288	1.147	1.394
14:19:12	37.0	1.108	1.090	1.103	1.066	1.073	1.083	1.113	1.115	1.123	1.139	1.145	0.979	1.144	1.242	1.226	1.016	1.049	1.046	1.049	1.082	1.096	1.104	1.149	0.867	1.157	1.155	1.160	1.345	1.324	1.317	1.149	1.188	1.180	1.112	1.195	0.829	1.178	1.196	1.169	1.169	1.192	1.130	1.322	1.342	1.190	1.148	1.175	0.828	1.186	1.107	1.047	1.077	1.091	1.082	1.094	1.077	1.394	1.100	1.132	0.831	1.099	1.127	1.107	1.111	1.053	1.128	1.074	1.149	1.144	1.394	1.394	1.290	1.149	1.396
14:23:12	37.0	1.110	1.091	1.105	1.068	1.073	1.084	1.115	1.117	1.125	1.141	1.146	0.979	1.146	1.243	1.227	1.017	1.051	1.048	1.051	1.084	1.098	1.106	1.151	0.869	1.159	1.157	1.163	1.344	1.325	1.317	1.151	1.190	1.183	1.113	1.194	0.829	1.178	1.200	1.171	1.172	1.187	1.133	1.324	1.344	1.194	1.151	1.177	0.834	1.192	1.109	1.040	1.078	1.093	1.084	1.097	1.078	1.396	1.103	1.134	0.835	1.099	1.126	1.113	1.111	1.052	1.128	1.079	1.151	1.143	1.390	1.397	1.292	1.150	1.397
14:27:12	37.0	1.110	1.093	1.108	1.069	1.076	1.087	1.118	1.119	1.127	1.143	1.149	0.981	1.148	1.246	1.230	1.019	1.052	1.049	1.053	1.087	1.099	1.108	1.153	0.871	1.161	1.160	1.165	1.344	1.327	1.319	1.154	1.192	1.181	1.116	1.194	0.834	1.182	1.203	1.173	1.176	1.199	1.136	1.327	1.348	1.197	1.155	1.181	0.844	1.194	1.110	1.032	1.082	1.096	1.087	1.102	1.079	1.400	1.106	1.137	0.838	1.102	1.128	1.119	1.113	1.052	1.133	1.083	1.153	1.142	1.395	1.398	1.294	1.151	1.398
14:31:12	37.0	1.112	1.094	1.110	1.072	1.077	1.089	1.121	1.122	1.129	1.145	1.149	0.983	1.150	1.248	1.232	1.021	1.054	1.052	1.055	1.090	1.101	1.109	1.155	0.874	1.163	1.162	1.167	1.343	1.329	1.319	1.157	1.194	1.181	1.117	1.193	0.837	1.183	1.204	1.175	1.179	1.200	1.138	1.328	1.351	1.200	1.157	1.182	0.846	1.199	1.112	1.020	1.084	1.097	1.089	1.105	1.079	1.403	1.107	1.139	0.845	1.104	1.130	1.123	1.115	1.055	1.131	1.083	1.153	1.145	1.398	1.403	1.294	1.152	1.398
14:35:12	37.0	1.113	1.096	1.113	1.073	1.079	1.092	1.123	1.125	1.131	1.147	1.151	0.984	1.150	1.250	1.234	1.023	1.056	1.054	1.057	1.092	1.102	1.110	1.157	0.878	1.165	1.164	1.170	1.343	1.329	1.318	1.159	1.196	1.181	1.118	1.192	0.839	1.184	1.206	1.178	1.181	1.203	1.141	1.329	1.352	1.202	1.160	1.185	0.852	1.198	1.113	1.010	1.085	1.099	1.090	1.108	1.081	1.406	1.109	1.141	0.850	1.103	1.131	1.123	1.117	1.058	1.130	1.088	1.152	1.143	1.400	1.409	1.295	1.155	1.400
14:39:12	37.0	1.113	1.096	1.114	1.074	1.080	1.094	1.126	1.126	1.132	1.147	1.153	0.987	1.152	1.251	1.236	1.024	1.058	1.056	1.059	1.093	1.103	1.111	1.157	0.880	1.167	1.166	1.171	1.343	1.332	1.319	1.163	1.198	1.183	1.120	1.193	0.842	1.186	1.210	1.180	1.184	1.205	1.143	1.331	1.353	1.205	1.162	1.187	0.855	1.200	1.113	1.015	1.086	1.101	1.091	1.111	1.083	1.408	1.112	1.142	0.850	1.104	1.133	1.127	1.117	1.062	1.131	1.091	1.153	1.142	1.411	1.408	1.294	1.155	1.401
14:43:12	37.0	1.112	1.098	1.117	1.076	1.083	1.097	1.128	1.128	1.134	1.149	1.153	0.989	1.153	1.253	1.237	1.026	1.059	1.057	1.061	1.096	1.104	1.113	1.159	0.881	1.169	1.168	1.174	1.343	1.333	1.321	1.165	1.200	1.185	1.122	1.192	0.843	1.188	1.213	1.183	1.187	1.212	1.146	1.332	1.356	1.208	1.164	1.189	0.857	1.203	1.115	1.019	1.088	1.102	1.093	1.114	1.085	1.411	1.114	1.143	0.851	1.104	1.131	1.127	1.118	1.065	1.131	1.092	1.153	1.143	1.409	1.406	1.295	1.156	1.402
14:47:12	37.0	1.114	1.100	1.119	1.079	1.085	1.099	1.130	1.130	1.136	1.151	1.156	0.994	1.155	1.255	1.240	1.028	1.061	1.060	1.063	1.099	1.105	1.114	1.161	0.884	1.171	1.171	1.176	1.342	1.333	1.322	1.168	1.202	1.184	1.123	1.192	0.848	1.190	1.215	1.185	1.190	1.203	1.148	1.334	1.358	1.210	1.167	1.189	0.863	1.206	1.116	1.024	1.090	1.105	1.095	1.117	1.088	1.414	1.116	1.145	0.858	1.106	1.132	1.129	1.118	1.068	1.129	1.092	1.155	1.145	1.411	1.409	1.296	1.158	1.404
14:51:12	37.0	1.114	1.102	1.120	1.080	1.087	1.101	1.132	1.131	1.138	1.153	1.159	0.995	1.156	1.257	1.242	1.030	1.063	1.062	1.066	1.102	1.107	1.116	1.162	0.887	1.173	1.173	1.178	1.343	1.334	1.323	1.170	1.203	1.182	1.125	1.192	0.854	1.192	1.217	1.187	1.193	1.212	1.151	1.336	1.362	1.213	1.170	1.193	0.865	1.210	1.118	1.030	1.092	1.107	1.098	1.119	1.091	1.418	1.119	1.148	0.863	1.109	1.133	1.128	1.120	1.070	1.130	1.093	1.156	1.144	1.414	1.410	1.297	1.160	1.405
14:55:12	37.0	1.115	1.104	1.122	1.083	1.090	1.105	1.134	1.133	1.140	1.155	1.161	0.996	1.159	1.260	1.244	1.032	1.065	1.065	1.068	1.104	1.108	1.118	1.163	0.891	1.175	1.175	1.181	1.344	1.331	1.324	1.174	1.206	1.184	1.127	1.193	0.858	1.195	1.219	1.190	1.196	1.217	1.153	1.339	1.360	1.217	1.172	1.197	0.873	1.216	1.121	1.036	1.095	1.109	1.101	1.123	1.093	1.421	1.121	1.151	0.873	1.110	1.136	1.135	1.120	1.071	1.127	1.095	1.158	1.143	1.417	1.414	1.298	1.161	1.407
14:59:12	37.0	1.115	1.105	1.123	1.084	1.091	1.106	1.135	1.135	1.141	1.157	1.162	0.997	1.160	1.261	1.246	1.034	1.067	1.067	1.070	1.106	1.109	1.119	1.165	0.895	1.177	1.178	1.183	1.343	1.333	1.326	1.175	1.207	1.183	1.128	1.193	0.860	1.198	1.221	1.192	1.198	1.222	1.155	1.341	1.364	1.219	1.175	1.197	0.879	1.217	1.121	1.040	1.096	1.112	1.103	1.125	1.095	1.424	1.123	1.154	0.880	1.107	1.135	1.136	1.120	1.073	1.129	1.097	1.157	1.142	1.422	1.415	1.300	1.160	1.408
15:03:12	37.0	1.116	1.107	1.125	1.086	1.093	1.108	1.136	1.135	1.143	1.158	1.163	0.998	1.161	1.264	1.248	1.036	1.069	1.070	1.071	1.108	1.111	1.120	1.166	0.897	1.179	1.180	1.184	1.345	1.333	1.326	1.177	1.208	1.182	1.130	1.193	0.858	1.200	1.223	1.195	1.200	1.223	1.158	1.343	1.366	1.222	1.178	1.198	0.880	1.220	1.121	1.045	1.097	1.113	1.104	1.127	1.096	1.427	1.126	1.156	0.882	1.103	1.136	1.135	1.121	1.075	1.130	1.100	1.157	1.136	1.419	1.415	1.301	1.161	1.409
15:07:12	37.0	1.116	1.109	1.126	1.088	1.095	1.111	1.138	1.137	1.145	1.159	1.166	1.001	1.163	1.266	1.250	1.038	1.071	1.072	1.073	1.109	1.112	1.123	1.168	0.902	1.181	1.183	1.187	1.349	1.333	1.328	1.180	1.210	1.182	1.131	1.193	0.858	1.202	1.224	1.195	1.202	1.230	1.160	1.343	1.365	1.225	1.181	1.199	0.883	1.222	1.122	1.049	1.100	1.115	1.106	1.129	1.097	1.429	1.127	1.159	0.887	1.108	1.136	1.136	1.123	1.073	1.132	1.102	1.157	1.127	1.417	1.417	1.302	1.163	1.408
15:11:12	37.0	1.118	1.110	1.128	1.091	1.098	1.113	1.139	1.138	1.147	1.161	1.167	1.000	1.164	1.267	1.252	1.040	1.073	1.074	1.073	1.111	1.113	1.124	1.169	0.902	1.183	1.185	1.190	1.352	1.333	1.327	1.183	1.212	1.182	1.133	1.194	0.858	1.204	1.226	1.198	1.205	1.235	1.163	1.345	1.375	1.228	1.183	1.202	0.885	1.225	1.125	1.054	1.102	1.118	1.108	1.132	1.099	1.433	1.130	1.162	0.891	1.112	1.135	1.137	1.125	1.074	1.132	1.109	1.157	1.125	1.421	1.420	1.304	1.165	1.411
15:15:12	37.0	1.119	1.111	1.129	1.092	1.100	1.114	1.140	1.139	1.149	1.163	1.170	1.003	1.165	1.270	1.254	1.042	1.075	1.077	1.074	1.112	1.115	1.125	1.171	0.907	1.185	1.187	1.192	1.356	1.333	1.329	1.185	1.214	1.182	1.135	1.194	0.858	1.206	1.228	1.200	1.208	1.238	1.165	1.347	1.368	1.230	1.186	1.204	0.888	1.230	1.125	1.056	1.103	1.120	1.111	1.135	1.102	1.435	1.131	1.164	0.894	1.109	1.133	1.139	1.126	1.072	1.130	1.114	1.157	1.122	1.425	1.425	1.306	1.165	1.412
15:19:12	37.0	1.120	1.114	1.131	1.095	1.102	1.116	1.142	1.141	1.151	1.165	1.172	1.005	1.168	1.272	1.256	1.044	1.077	1.079	1.076	1.113	1.118	1.128	1.173	0.908	1.188	1.190	1.195	1.359	1.332	1.329	1.187	1.216	1.183	1.137	1.195	0.865	1.209	1.229	1.202	1.211	1.240	1.168	1.350	1.374	1.233	1.190	1.206	0.894	1.230	1.127	1.059	1.105	1.123	1.113	1.137	1.104	1.439	1.135	1.168	0.894	1.105	1.136	1.141	1.127	1.069	1.133	1.117	1.157	1.118	1.430	1.430	1.309	1.165	1.414
15:23:12	37.0	1.121	1.116	1.133	1.097	1.105	1.117	1.144	1.144	1.153	1.167	1.174	1.007	1.169	1.275	1.257	1.046	1.079	1.081	1.077	1.115	1.118	1.129	1.175	0.912	1.190	1.192	1.197	1.361	1.333	1.328	1.189	1.217	1.182	1.138	1.195	0.869	1.211	1.230	1.204	1.214	1.241	1.170	1.352	1.370	1.236	1.192	1.206	0.901	1.231	1.128	1.062	1.107	1.125	1.115	1.139	1.106	1.441	1.136	1.169	0.898	1.106	1.138	1.137	1.127	1.060	1.133	1.120	1.157	1.114	1.435	1.428	1.311	1.163	1.417
15:27:12	37.0	1.121	1.117	1.134	1.099	1.107	1.118	1.145	1.145	1.154	1.168	1.175	1.006	1.170	1.276	1.259	1.048	1.081	1.083	1.078	1.116	1.120	1.131	1.176	0.916	1.191	1.194	1.200	1.363	1.334	1.329	1.192	1.220	1.181	1.140	1.195	0.873	1.213	1.232	1.206	1.216	1.246	1.172	1.354	1.371	1.238	1.194	1.209	0.905	1.234	1.129	1.065	1.109	1.127	1.117	1.141	1.108	1.443	1.138	1.171	0.893	1.107	1.139	1.136	1.128	1.067	1.135	1.123	1.157	1.121	1.439	1.425	1.312	1.163	1.419
15:31:12	37.0	1.121	1.119	1.137	1.101	1.109	1.119	1.147	1.146	1.155	1.170	1.176	1.006	1.171	1.279	1.262	1.050	1.083	1.085	1.079	1.117	1.121	1.133	1.179	0.919	1.194	1.196	1.202	1.364	1.334	1.328	1.194	1.220	1.180	1.142	1.196	0.877	1.216	1.234	1.207	1.218	1.259	1.174	1.357	1.373	1.242	1.197	1.220	0.902	1.236	1.132	1.069	1.111	1.129	1.120	1.144	1.111	1.447	1.141	1.174	0.902	1.109	1.143	1.137	1.130	1.068	1.138	1.125	1.155	1.123	1.440	1.425	1.315	1.163	1.421
15:35:12	37.0	1.121	1.121	1.138	1.103	1.112	1.121	1.148	1.149	1.159	1.173	1.178	1.010	1.171	1.281	1.264	1.053	1.085	1.087	1.081	1.119	1.124	1.135	1.180	0.922	1.195	1.198	1.204	1.365	1.336	1.328	1.196	1.222	1.179	1.144	1.198	0.880	1.218	1.234	1.209	1.220	1.256	1.176	1.359	1.374	1.244	1.200	1.217	0.903	1.237	1.133	1.071	1.113	1.131	1.122	1.146	1.112	1.449	1.143	1.176	0.912	1.113	1.143	1.139	1.133	1.062	1.141	1.127	1.157	1.128	1.442	1.434	1.317	1.164	1.422
15:39:12	37.0	1.120	1.122	1.139	1.104	1.113	1.123	1.150	1.151	1.161	1.175	1.179	1.011	1.173	1.283	1.266	1.054	1.087	1.088	1.082	1.120	1.125	1.137	1.183	0.925	1.197	1.200	1.207	1.366	1.336	1.328	1.197	1.223	1.179	1.145	1.199	0.882	1.220	1.237	1.209	1.222	1.252	1.178	1.361	1.375	1.246	1.203	1.216	0.906	1.239	1.134	1.074	1.113	1.133	1.123	1.147	1.113	1.451	1.144	1.178	0.915	1.117	1.146	1.140	1.134	1.060	1.142	1.129	1.158	1.128	1.441	1.437	1.318	1.165	1.423
15:43:12	37.0	1.120	1.123	1.140	1.106	1.115	1.123	1.151	1.152	1.162	1.176	1.181	1.013	1.172	1.285	1.268	1.056	1.089	1.089	1.083	1.121	1.127	1.137	1.183	0.927	1.198	1.202	1.209	1.366	1.337	1.328	1.198	1.224	1.179	1.146	1.200	0.878	1.222	1.238	1.210	1.224	1.250	1.179	1.360	1.377	1.248	1.205	1.214	0.915	1.242	1.134	1.077	1.115	1.134	1.125	1.149	1.115	1.453	1.146	1.179	0.923	1.118	1.146	1.139	1.132	1.048	1.143	1.130	1.157	1.130	1.444	1.440	1.320	1.167	1.424
15:47:12	37.0	1.121	1.125	1.142	1.107	1.117	1.125	1.153	1.153	1.164	1.177	1.181	1.014	1.172	1.286	1.269	1.058	1.091	1.089	1.084	1.123	1.128	1.139	1.185	0.929	1.200	1.203	1.211	1.367	1.338	1.330	1.201	1.225	1.178	1.148	1.201	0.874	1.225	1.240	1.212	1.227	1.248	1.181	1.360	1.376	1.250	1.208	1.213	0.924	1.244	1.136	1.081	1.117	1.137	1.127	1.152	1.118	1.456	1.149	1.182	0.927	1.117	1.148	1.140	1.133	1.031	1.145	1.133	1.159	1.135	1.446	1.444	1.322	1.170	1.425
15:51:12	37.0	1.123	1.125	1.144	1.108	1.119	1.127	1.155	1.155	1.165	1.179	1.183	1.017	1.173	1.288	1.272	1.060	1.093	1.090	1.086	1.124	1.130	1.141	1.186	0.931	1.202	1.206	1.214	1.368	1.339	1.333	1.202	1.226	1.179	1.150	1.202	0.889	1.226	1.242	1.214	1.229	1.247	1.183	1.361	1.378	1.253	1.211	1.213	0.935	1.242	1.137	1.084	1.119	1.139	1.129	1.154	1.120	1.458	1.151	1.182	0.928	1.111	1.149	1.142	1.133	1.013	1.143	1.134	1.158	1.142	1.451	1.443	1.322	1.172	1.426
15:55:12	37.0	1.125	1.127	1.145	1.110	1.120	1.128	1.156	1.156	1.167	1.180	1.185	1.021	1.173	1.291	1.274	1.062	1.095	1.092	1.088	1.126	1.132	1.143	1.188	0.935	1.204	1.207	1.216	1.369	1.339	1.335	1.204	1.227	1.179	1.151	1.203	0.894	1.228	1.243	1.215	1.231	1.246	1.185	1.362	1.379	1.255	1.214	1.213	0.939	1.244	1.138	1.086	1.121	1.141	1.131	1.156	1.122	1.460	1.153	1.185	0.933	1.112	1.151	1.137	1.133	1.002	1.144	1.133	1.159	1.144	1.456	1.445	1.324	1.174	1.427
15:59:12	37.0	1.128	1.129	1.147	1.112	1.122	1.130	1.157	1.158	1.169	1.182	1.186	1.026	1.173	1.292	1.275	1.063	1.097	1.093	1.088	1.127	1.133	1.144	1.190	0.939	1.206	1.210	1.218	1.370	1.340	1.337	1.205	1.229	1.179	1.152	1.204	0.892	1.230	1.244	1.216	1.233	1.246	1.187	1.361	1.379	1.257	1.216	1.214	0.935	1.248	1.139	1.089	1.123	1.144	1.133	1.159	1.124	1.463	1.155	1.187	0.935	1.117	1.151	1.138	1.127	0.977	1.146	1.134	1.160	1.147	1.453	1.445	1.325	1.176	1.428
16:03:12	37.0	1.129	1.130	1.149	1.113	1.124	1.131	1.159	1.159	1.170	1.183	1.187	1.028	1.172	1.295	1.277	1.064	1.099	1.094	1.090	1.129	1.135	1.145	1.192	0.942	1.208	1.211	1.220	1.371	1.340	1.339	1.207	1.230	1.179	1.155	1.207	0.895	1.233	1.246	1.218	1.235	1.246	1.190	1.361	1.382	1.259	1.219	1.215	0.936	1.248	1.141	1.092	1.126	1.146	1.135	1.161	1.127	1.466	1.157	1.190	0.939	1.113	1.154	1.138	1.123	0.947	1.146	1.135	1.162	1.150	1.457	1.450	1.325	1.177	1.429
16:07:12	37.0	1.132	1.131	1.150	1.114	1.126	1.133	1.160	1.161	1.172	1.184	1.189	1.032	1.172	1.297	1.279	1.065	1.101	1.096	1.091	1.131	1.136	1.147	1.193	0.947	1.210	1.212	1.222	1.372	1.342	1.340	1.208	1.232	1.179	1.157	1.209	0.897	1.234	1.248	1.218	1.236	1.246	1.192	1.363	1.384	1.262	1.221	1.216	0.934	1.249	1.142	1.095	1.127	1.148	1.137	1.163	1.129	1.467	1.160	1.191	0.942	1.118	1.154	1.138	1.121	0.948	1.147	1.138	1.165	1.150	1.460	1.447	1.327	1.177	1.429
16:11:12	37.0	1.135	1.132	1.151	1.116	1.127	1.134	1.161	1.163	1.174	1.186	1.191	1.038	1.171	1.299	1.281	1.067	1.103	1.097	1.093	1.132	1.138	1.149	1.195	0.950	1.212	1.214	1.224	1.373	1.343	1.340	1.209	1.232	1.179	1.157	1.209	0.900	1.236	1.249	1.219	1.236	1.246	1.193	1.361	1.384	1.263	1.224	1.215	0.937	1.250	1.143	1.097	1.129	1.150	1.139	1.165	1.130	1.470	1.161	1.193	0.945	1.119	1.155	1.140	1.116	0.983	1.147	1.139	1.165	1.149	1.462	1.450	1.329	1.177	1.430
16:15:12	37.0	1.136	1.135	1.154	1.117	1.129	1.136	1.164	1.164	1.175	1.188	1.192	1.039	1.172	1.300	1.282	1.068	1.104	1.099	1.095	1.133	1.139	1.150	1.196	0.952	1.213	1.215	1.226	1.375	1.345	1.343	1.210	1.235	1.180	1.159	1.211	0.894	1.238	1.252	1.222	1.238	1.246	1.196	1.361	1.385	1.266	1.227	1.217	0.940	1.253	1.144	1.100	1.132	1.153	1.142	1.168	1.133	1.472	1.164	1.195	0.952	1.125	1.155	1.141	1.116	1.007	1.149	1.140	1.167	1.155	1.465	1.459	1.329	1.177	1.430
16:19:12	37.0	1.137	1.135	1.155	1.119	1.129	1.137	1.165	1.166	1.176	1.189	1.193	1.045	1.172	1.302	1.285	1.069	1.106	1.100	1.096	1.135	1.141	1.152	1.198	0.956	1.215	1.218	1.229	1.377	1.345	1.343	1.212	1.236	1.180	1.161	1.212	0.901	1.240	1.253	1.222	1.240	1.246	1.197	1.362	1.385	1.267	1.230	1.218	0.943	1.253	1.145	1.101	1.133	1.155	1.143	1.170	1.136	1.475	1.166	1.198	0.960	1.130	1.157	1.140	1.117	1.031	1.149	1.142	1.167	1.157	1.468	1.458	1.330	1.178	1.431
16:23:12	37.0	1.138	1.137	1.157	1.121	1.131	1.138	1.167	1.167	1.178	1.191	1.195	1.049	1.171	1.304	1.286	1.070	1.106	1.101	1.097	1.136	1.143	1.153	1.199	0.959	1.217	1.218	1.231	1.377	1.346	1.344	1.213	1.236	1.180	1.162	1.213	0.897	1.242	1.254	1.222	1.240	1.246	1.200	1.362	1.385	1.269	1.232	1.219	0.946	1.254	1.147	1.104	1.136	1.157	1.145	1.172	1.137	1.476	1.167	1.201	0.962	1.135	1.158	1.140	1.116	1.032	1.150	1.137	1.169	1.161	1.471	1.462	1.331	1.177	1.432
16:27:12	37.0	1.137	1.138	1.158	1.122	1.131	1.139	1.168	1.169	1.180	1.192	1.196	1.054	1.171	1.306	1.288	1.072	1.107	1.103	1.099	1.137	1.144	1.155	1.201	0.962	1.219	1.219	1.232	1.379	1.347	1.345	1.214	1.238	1.181	1.163	1.215	0.901	1.244	1.257	1.223	1.241	1.245	1.202	1.361	1.386	1.271	1.234	1.219	0.948	1.254	1.147	1.106	1.136	1.158	1.147	1.173	1.139	1.478	1.169	1.204	0.966	1.135	1.159	1.141	1.121	1.036	1.154	1.142	1.170	1.164	1.471	1.467	1.332	1.179	1.432
16:31:12	37.0	1.138	1.139	1.160	1.123	1.133	1.141	1.169	1.171	1.181	1.194	1.197	1.060	1.171	1.308	1.290	1.073	1.108	1.104	1.100	1.139	1.145	1.156	1.202	0.966	1.221	1.220	1.234	1.381	1.347	1.344	1.215	1.238	1.182	1.164	1.217	0.903	1.246	1.258	1.224	1.242	1.245	1.203	1.361	1.386	1.272	1.235	1.220	0.956	1.255	1.150	1.108	1.138	1.160	1.149	1.176	1.141	1.480	1.171	1.205	0.968	1.131	1.159	1.142	1.126	1.040	1.154	1.147	1.171	1.164	1.473	1.473	1.335	1.180	1.433
16:35:12	37.0	1.137	1.140	1.161	1.124	1.135	1.142	1.171	1.172	1.182	1.194	1.198	1.064	1.171	1.309	1.291	1.074	1.109	1.105	1.101	1.140	1.146	1.157	1.204	0.970	1.222	1.221	1.236	1.381	1.349	1.345	1.216	1.239	1.182	1.166	1.218	0.905	1.248	1.258	1.224	1.242	1.245	1.205	1.361	1.385	1.273	1.237	1.220	0.957	1.257	1.151	1.111	1.139	1.162	1.150	1.178	1.143	1.482	1.173	1.206	0.971	1.133	1.160	1.142	1.130	1.040	1.152	1.150	1.172	1.165	1.475	1.472	1.335	1.181	1.433
16:39:12	37.0	1.138	1.141	1.162	1.125	1.135	1.143	1.172	1.173	1.183	1.195	1.199	1.066	1.171	1.311	1.293	1.075	1.110	1.106	1.102	1.142	1.147	1.158	1.204	0.972	1.224	1.222	1.238	1.383	1.350	1.345	1.216	1.240	1.183	1.167	1.220	0.903	1.249	1.259	1.226	1.244	1.245	1.208	1.362	1.387	1.274	1.240	1.223	0.959	1.260	1.153	1.112	1.141	1.165	1.152	1.180	1.145	1.484	1.175	1.208	0.978	1.135	1.160	1.143	1.132	1.047	1.153	1.152	1.173	1.169	1.475	1.477	1.336	1.182	1.433
16:43:12	37.0	1.139	1.143	1.165	1.127	1.137	1.145	1.173	1.175	1.185	1.197	1.201	1.073	1.173	1.313	1.295	1.077	1.111	1.108	1.104	1.143	1.149	1.161	1.206	0.976	1.226	1.223	1.241	1.385	1.352	1.345	1.217	1.240	1.184	1.169	1.223	0.908	1.251	1.260	1.226	1.244	1.245	1.210	1.362	1.387	1.275	1.242	1.224	0.960	1.261	1.154	1.114	1.144	1.166	1.155	1.183	1.148	1.486	1.178	1.211	0.984	1.140	1.161	1.143	1.131	1.036	1.153	1.152	1.178	1.170	1.481	1.478	1.338	1.184	1.432
16:47:12	37.0	1.140	1.144	1.166	1.128	1.139	1.146	1.175	1.177	1.187	1.199	1.203	1.078	1.173	1.315	1.296	1.078	1.112	1.109	1.105	1.145	1.151	1.162	1.208	0.981	1.228	1.224	1.243	1.385	1.354	1.345	1.219	1.241	1.183	1.170	1.224	0.912	1.252	1.261	1.226	1.245	1.245	1.212	1.362	1.387	1.276	1.243	1.223	0.964	1.262	1.155	1.115	1.145	1.167	1.157	1.184	1.150	1.488	1.179	1.212	0.992	1.139	1.161	1.143	1.130	1.027	1.155	1.152	1.179	1.172	1.481	1.477	1.338	1.184	1.432
16:51:12	37.0	1.140	1.145	1.167	1.130	1.140	1.147	1.176	1.178	1.188	1.200	1.205	1.083	1.174	1.317	1.298	1.080	1.114	1.111	1.106	1.146	1.152	1.163	1.209	0.984	1.230	1.225	1.245	1.388	1.355	1.347	1.220	1.242	1.183	1.171	1.228	0.917	1.254	1.263	1.228	1.246	1.246	1.215	1.363	1.389	1.277	1.245	1.227	0.961	1.264	1.158	1.118	1.148	1.169	1.158	1.187	1.153	1.490	1.181	1.214	0.994	1.141	1.161	1.145	1.130	1.018	1.158	1.157	1.179	1.172	1.482	1.478	1.339	1.185	1.433
16:55:12	37.0	1.142	1.147	1.170	1.132	1.143	1.149	1.178	1.180	1.190	1.202	1.207	1.086	1.176	1.318	1.300	1.081	1.115	1.113	1.108	1.148	1.154	1.166	1.211	0.988	1.232	1.226	1.248	1.389	1.356	1.347	1.221	1.242	1.183	1.173	1.228	0.916	1.256	1.266	1.229	1.247	1.246	1.217	1.364	1.390	1.281	1.247	1.228	0.962	1.267	1.159	1.120	1.150	1.172	1.161	1.189	1.155	1.493	1.183	1.217	0.997	1.144	1.162	1.147	1.131	1.033	1.157	1.159	1.181	1.171	1.485	1.481	1.342	1.183	1.433
16:59:12	37.0	1.143	1.149	1.172	1.133	1.144	1.151	1.180	1.182	1.192	1.204	1.209	1.091	1.176	1.320	1.302	1.083	1.116	1.114	1.110	1.149	1.156	1.167	1.213	0.992	1.233	1.226	1.250	1.391	1.359	1.348	1.223	1.243	1.183	1.175	1.231	0.916	1.257	1.266	1.229	1.248	1.245	1.219	1.364	1.390	1.281	1.248	1.229	0.966	1.268	1.162	1.123	1.153	1.175	1.164	1.192	1.158	1.496	1.187	1.221	1.004	1.148	1.163	1.151	1.129	1.050	1.159	1.160	1.182	1.174	1.489	1.482	1.344	1.183	1.433
17:03:12	37.0	1.143	1.150	1.173	1.135	1.145	1.153	1.181	1.183	1.194	1.205	1.211	1.094	1.176	1.322	1.303	1.085	1.118	1.116	1.111	1.151	1.158	1.169	1.215	0.997	1.235	1.227	1.252	1.392	1.361	1.349	1.224	1.243	1.184	1.177	1.234	0.917	1.258	1.269	1.230	1.248	1.245	1.221	1.365	1.391	1.282	1.249	1.229	0.960	1.271	1.163	1.124	1.155	1.177	1.165	1.194	1.161	1.497	1.188	1.223	1.012	1.154	1.163	1.149	1.128	1.060	1.159	1.161	1.187	1.175	1.490	1.484	1.345	1.185	1.432
17:07:12	37.0	1.143	1.151	1.174	1.135	1.146	1.153	1.182	1.185	1.194	1.206	1.211	1.097	1.177	1.323	1.305	1.086	1.119	1.116	1.112	1.152	1.158	1.170	1.216	1.001	1.236	1.227	1.255	1.393	1.363	1.349	1.224	1.243	1.183	1.177	1.235	0.930	1.259	1.270	1.231	1.249	1.245	1.223	1.365	1.393	1.282	1.250	1.230	0.967	1.272	1.164	1.126	1.156	1.178	1.166	1.195	1.163	1.499	1.189	1.225	1.019	1.154	1.167	1.147	1.123	1.068	1.158	1.161	1.190	1.175	1.490	1.488	1.345	1.182	1.434
17:11:12	37.0	1.144	1.153	1.176	1.137	1.148	1.155	1.184	1.186	1.196	1.207	1.213	1.102	1.178	1.326	1.307	1.087	1.121	1.118	1.113	1.154	1.160	1.172	1.218	1.006	1.238	1.228	1.257	1.395	1.364	1.350	1.226	1.244	1.183	1.179	1.237	0.926	1.260	1.270	1.232	1.251	1.244	1.224	1.365	1.395	1.283	1.251	1.232	0.962	1.275	1.165	1.129	1.158	1.180	1.168	1.197	1.165	1.500	1.191	1.226	1.021	1.151	1.169	1.149	1.126	1.075	1.158	1.162	1.190	1.176	1.492	1.492	1.348	1.180	1.434
17:15:12	37.0	1.144	1.154	1.177	1.138	1.150	1.156	1.186	1.188	1.197	1.209	1.215	1.102	1.179	1.327	1.308	1.089	1.122	1.120	1.115	1.155	1.161	1.174	1.219	1.008	1.239	1.228	1.259	1.396	1.365	1.352	1.227	1.244	1.184	1.181	1.239	0.919	1.261	1.272	1.232	1.251	1.245	1.227	1.366	1.397	1.284	1.252	1.233	0.965	1.277	1.166	1.132	1.160	1.182	1.171	1.199	1.167	1.503	1.194	1.230	1.024	1.146	1.171	1.148	1.123	1.082	1.157	1.163	1.189	1.178	1.494	1.492	1.349	1.181	1.434
17:19:12	37.0	1.144	1.155	1.179	1.140	1.151	1.158	1.187	1.190	1.198	1.210	1.217	1.101	1.180	1.329	1.310	1.090	1.124	1.121	1.116	1.157	1.162	1.175	1.220	1.008	1.241	1.230	1.262	1.398	1.366	1.352	1.229	1.244	1.186	1.182	1.240	0.918	1.262	1.273	1.232	1.252	1.244	1.229	1.367	1.399	1.284	1.252	1.233	0.965	1.278	1.169	1.135	1.162	1.184	1.173	1.201	1.169	1.506	1.196	1.232	1.027	1.150	1.173	1.153	1.126	1.090	1.158	1.163	1.191	1.179	1.492	1.492	1.349	1.182	1.435
17:23:12	37.0	1.144	1.157	1.181	1.141	1.153	1.159	1.189	1.191	1.201	1.212	1.218	1.105	1.181	1.331	1.312	1.092	1.126	1.123	1.118	1.159	1.164	1.177	1.223	1.011	1.242	1.230	1.264	1.399	1.368	1.353	1.230	1.245	1.187	1.184	1.242	0.922	1.263	1.274	1.233	1.253	1.244	1.231	1.368	1.400	1.285	1.253	1.234	0.964	1.280	1.172	1.136	1.164	1.187	1.175	1.204	1.172	1.508	1.199	1.234	1.031	1.148	1.175	1.162	1.133	1.090	1.157	1.166	1.191	1.182	1.493	1.496	1.352	1.184	1.435
17:27:12	37.0	1.144	1.158	1.181	1.142	1.154	1.161	1.190	1.192	1.202	1.212	1.220	1.107	1.182	1.332	1.314	1.093	1.127	1.124	1.118	1.159	1.165	1.178	1.224	1.013	1.243	1.230	1.265	1.399	1.367	1.353	1.231	1.246	1.187	1.185	1.244	0.926	1.264	1.275	1.233	1.253	1.245	1.233	1.367	1.402	1.284	1.253	1.236	0.979	1.279	1.173	1.136	1.165	1.188	1.177	1.206	1.174	1.510	1.201	1.235	1.035	1.151	1.174	1.162	1.132	1.100	1.156	1.166	1.196	1.183	1.496	1.496	1.353	1.183	1.436
17:31:12	37.0	1.145	1.159	1.184	1.143	1.156	1.162	1.192	1.193	1.204	1.214	1.221	1.108	1.184	1.333	1.316	1.094	1.129	1.125	1.120	1.161	1.166	1.180	1.225	1.017	1.245	1.231	1.267	1.401	1.367	1.355	1.233	1.245	1.188	1.187	1.245	0.925	1.265	1.275	1.234	1.254	1.244	1.235	1.369	1.404	1.285	1.254	1.236	0.978	1.279	1.175	1.139	1.168	1.190	1.179	1.207	1.177	1.511	1.202	1.237	1.038	1.153	1.175	1.163	1.131	1.105	1.158	1.167	1.195	1.185	1.498	1.494	1.353	1.184	1.435
17:35:12	37.0	1.145	1.161	1.185	1.144	1.157	1.163	1.193	1.195	1.204	1.215	1.223	1.109	1.185	1.335	1.317	1.095	1.131	1.127	1.121	1.162	1.168	1.181	1.226	1.019	1.246	1.231	1.269	1.402	1.368	1.356	1.234	1.244	1.188	1.188	1.247	0.924	1.266	1.276	1.234	1.254	1.243	1.236	1.370	1.403	1.286	1.254	1.236	0.980	1.282	1.175	1.139	1.169	1.191	1.180	1.208	1.181	1.513	1.204	1.238	1.036	1.157	1.177	1.168	1.125	1.108	1.157	1.165	1.194	1.186	1.499	1.495	1.355	1.185	1.435
17:39:12	37.1	1.146	1.161	1.186	1.146	1.159	1.165	1.194	1.197	1.206	1.217	1.224	1.114	1.185	1.337	1.319	1.096	1.132	1.128	1.122	1.164	1.169	1.182	1.228	1.021	1.248	1.231	1.270	1.404	1.369	1.356	1.236	1.245	1.190	1.189	1.249	0.921	1.268	1.277	1.234	1.255	1.242	1.238	1.371	1.403	1.285	1.254	1.238	0.986	1.282	1.176	1.141	1.171	1.193	1.183	1.211	1.184	1.516	1.206	1.241	1.039	1.155	1.179	1.167	1.122	1.116	1.159	1.167	1.197	1.188	1.502	1.497	1.358	1.185	1.435
17:43:12	37.0	1.147	1.163	1.188	1.147	1.161	1.166	1.196	1.198	1.208	1.218	1.227	1.119	1.186	1.338	1.321	1.098	1.133	1.129	1.124	1.165	1.171	1.184	1.230	1.023	1.248	1.232	1.272	1.406	1.369	1.358	1.237	1.245	1.191	1.190	1.250	0.918	1.270	1.278	1.235	1.256	1.241	1.240	1.372	1.403	1.285	1.254	1.239	0.988	1.283	1.177	1.143	1.173	1.195	1.184	1.213	1.188	1.518	1.208	1.243	1.043	1.156	1.179	1.168	1.125	1.113	1.163	1.171	1.195	1.187	1.505	1.499	1.360	1.185	1.435
17:47:12	37.0	1.148	1.165	1.188	1.148	1.162	1.167	1.197	1.200	1.209	1.219	1.229	1.125	1.187	1.339	1.323	1.099	1.135	1.131	1.125	1.166	1.172	1.185	1.232	1.026	1.249	1.231	1.272	1.407	1.371	1.359	1.238	1.245	1.193	1.192	1.253	0.931	1.270	1.278	1.235	1.256	1.242	1.241	1.372	1.405	1.285	1.255	1.242	0.987	1.284	1.178	1.144	1.173	1.196	1.186	1.215	1.190	1.519	1.209	1.244	1.045	1.158	1.180	1.164	1.132	1.114	1.165	1.169	1.196	1.187	1.505	1.500	1.361	1.185	1.436
17:51:12	37.0	1.149	1.165	1.190	1.149	1.163	1.168	1.198	1.201	1.210	1.220	1.230	1.125	1.187	1.340	1.323	1.100	1.136	1.131	1.125	1.168	1.173	1.187	1.232	1.029	1.250	1.232	1.274	1.409	1.372	1.359	1.239	1.246	1.194	1.193	1.256	0.934	1.271	1.278	1.235	1.256	1.241	1.242	1.372	1.405	1.285	1.256	1.241	0.991	1.284	1.180	1.145	1.174	1.198	1.187	1.216	1.193	1.520	1.211	1.245	1.050	1.160	1.181	1.166	1.138	1.116	1.167	1.171	1.198	1.188	1.504	1.503	1.362	1.185	1.438
17:55:12	37.0	1.149	1.167	1.191	1.150	1.164	1.169	1.198	1.202	1.210	1.221	1.230	1.128	1.187	1.341	1.325	1.101	1.137	1.132	1.126	1.168	1.174	1.187	1.233	1.033	1.250	1.232	1.274	1.410	1.371	1.360	1.240	1.246	1.195	1.194	1.257	0.925	1.272	1.278	1.235	1.256	1.241	1.244	1.372	1.407	1.284	1.257	1.243	0.991	1.286	1.180	1.146	1.175	1.199	1.189	1.217	1.195	1.522	1.212	1.247	1.058	1.162	1.184	1.163	1.145	1.119	1.172	1.173	1.195	1.189	1.508	1.502	1.364	1.187	1.437
17:59:12	37.0	1.151	1.168	1.192	1.152	1.166	1.170	1.200	1.204	1.213	1.224	1.233	1.133	1.189	1.343	1.326	1.103	1.139	1.134	1.127	1.171	1.176	1.189	1.235	1.037	1.252	1.232	1.276	1.412	1.373	1.361	1.241	1.248	1.197	1.196	1.260	0.926	1.273	1.279	1.235	1.258	1.242	1.245	1.372	1.407	1.285	1.257	1.242	0.992	1.289	1.182	1.149	1.177	1.202	1.191	1.220	1.199	1.523	1.215	1.249	1.063	1.165	1.185	1.151	1.147	1.114	1.175	1.177	1.200	1.192	1.510	1.502	1.366	1.187	1.438
18:03:12	37.0	1.151	1.169	1.193	1.153	1.167	1.171	1.202	1.206	1.214	1.224	1.234	1.138	1.189	1.345	1.328	1.104	1.139	1.135	1.128	1.171	1.177	1.190	1.236	1.040	1.253	1.233	1.276	1.414	1.374	1.363	1.242	1.249	1.198	1.197	1.262	0.931	1.272	1.279	1.236	1.257	1.240	1.246	1.373	1.409	1.285	1.258	1.242	0.997	1.291	1.183	1.150	1.178	1.203	1.194	1.221	1.202	1.525	1.217	1.251	1.067	1.165	1.187	1.145	1.151	1.117	1.175	1.178	1.206	1.193	1.513	1.504	1.367	1.189	1.439
18:07:12	37.0	1.152	1.170	1.194	1.153	1.168	1.172	1.203	1.207	1.215	1.226	1.236	1.140	1.190	1.346	1.329	1.105	1.141	1.136	1.129	1.173	1.178	1.192	1.239	1.041	1.254	1.233	1.277	1.416	1.375	1.363	1.244	1.249	1.199	1.198	1.265	0.930	1.274	1.280	1.237	1.259	1.240	1.248	1.376	1.409	1.285	1.259	1.243	1.002	1.292	1.185	1.152	1.180	1.206	1.196	1.223	1.205	1.527	1.220	1.252	1.071	1.168	1.188	1.144	1.149	1.130	1.176	1.178	1.204	1.193	1.508	1.508	1.370	1.190	1.440
18:11:12	37.0	1.154	1.172	1.195	1.155	1.170	1.174	1.205	1.208	1.217	1.228	1.239	1.142	1.190	1.348	1.330	1.107	1.143	1.138	1.131	1.174	1.179	1.192	1.240	1.039	1.255	1.233	1.277	1.418	1.376	1.365	1.245	1.251	1.200	1.200	1.268	0.932	1.274	1.280	1.238	1.259	1.240	1.249	1.378	1.411	1.285	1.260	1.243	0.999	1.295	1.187	1.155	1.181	1.208	1.198	1.226	1.208	1.529	1.222	1.255	1.074	1.169	1.191	1.150	1.158	1.127	1.174	1.181	1.201	1.195	1.504	1.511	1.371	1.191	1.441
18:15:12	37.0	1.155	1.172	1.196	1.156	1.171	1.175	1.205	1.209	1.217	1.229	1.239	1.143	1.191	1.349	1.331	1.107	1.143	1.139	1.131	1.175	1.180	1.194	1.241	1.043	1.256	1.233	1.277	1.419	1.376	1.366	1.245	1.251	1.201	1.201	1.270	0.949	1.273	1.280	1.238	1.259	1.239	1.250	1.379	1.411	1.285	1.260	1.262	0.996	1.295	1.189	1.156	1.182	1.210	1.199	1.226	1.209	1.530	1.222	1.256	1.077	1.172	1.190	1.148	1.161	1.124	1.173	1.182	1.203	1.195	1.498	1.512	1.371	1.193	1.443
18:19:12	37.0	1.157	1.173	1.197	1.157	1.173	1.176	1.207	1.211	1.219	1.230	1.241	1.145	1.192	1.350	1.333	1.108	1.145	1.139	1.132	1.177	1.181	1.195	1.243	1.042	1.257	1.234	1.278	1.421	1.377	1.367	1.246	1.252	1.202	1.202	1.272	0.948	1.274	1.282	1.239	1.260	1.238	1.251	1.382	1.412	1.284	1.260	1.263	1.000	1.299	1.191	1.157	1.184	1.212	1.201	1.228	1.211	1.532	1.225	1.258	1.081	1.179	1.194	1.142	1.161	1.125	1.173	1.185	1.203	1.197	1.492	1.516	1.374	1.195	1.445
18:23:12	37.0	1.158	1.176	1.198	1.159	1.174	1.177	1.208	1.212	1.221	1.232	1.244	1.147	1.193	1.351	1.335	1.110	1.146	1.141	1.133	1.178	1.183	1.196	1.244	1.043	1.258	1.234	1.278	1.423	1.378	1.369	1.247	1.253	1.202	1.204	1.275	0.936	1.274	1.283	1.240	1.261	1.239	1.253	1.384	1.413	1.284	1.262	1.261	1.003	1.300	1.193	1.161	1.186	1.214	1.203	1.230	1.215	1.534	1.226	1.260	1.084	1.180	1.196	1.147	1.166	1.122	1.180	1.188	1.205	1.200	1.493	1.518	1.376	1.195	1.444
18:27:12	37.0	1.159	1.176	1.200	1.159	1.175	1.178	1.209	1.213	1.222	1.233	1.244	1.151	1.194	1.353	1.336	1.111	1.147	1.141	1.135	1.179	1.184	1.198	1.245	1.044	1.259	1.235	1.278	1.425	1.380	1.369	1.248	1.253	1.204	1.205	1.278	0.949	1.274	1.283	1.241	1.260	1.238	1.253	1.384	1.414	1.284	1.261	1.258	1.010	1.300	1.195	1.162	1.187	1.216	1.204	1.232	1.216	1.535	1.228	1.262	1.087	1.186	1.196	1.157	1.164	1.123	1.186	1.188	1.206	1.200	1.494	1.518	1.375	1.195	1.446
18:31:12	37.0	1.161	1.177	1.200	1.159	1.176	1.179	1.210	1.215	1.222	1.234	1.245	1.153	1.194	1.353	1.337	1.111	1.147	1.142	1.135	1.180	1.185	1.199	1.246	1.048	1.259	1.236	1.278	1.427	1.380	1.371	1.248	1.254	1.205	1.206	1.281	0.953	1.274	1.283	1.241	1.261	1.237	1.253	1.385	1.415	1.284	1.262	1.257	1.017	1.302	1.195	1.163	1.189	1.217	1.207	1.233	1.218	1.537	1.229	1.264	1.090	1.185	1.196	1.170	1.165	1.134	1.190	1.190	1.208	1.202	1.499	1.517	1.378	1.196	1.447
18:35:12	37.0	1.162	1.179	1.202	1.161	1.178	1.180	1.212	1.216	1.224	1.236	1.247	1.157	1.195	1.355	1.338	1.112	1.149	1.144	1.137	1.182	1.186	1.200	1.248	1.048	1.260	1.236	1.278	1.429	1.381	1.372	1.250	1.255	1.205	1.207	1.284	0.952	1.274	1.284	1.242	1.263	1.237	1.254	1.386	1.416	1.284	1.263	1.255	1.020	1.302	1.197	1.165	1.192	1.220	1.209	1.235	1.220	1.538	1.231	1.266	1.096	1.188	1.199	1.172	1.165	1.135	1.193	1.188	1.207	1.203	1.502	1.518	1.377	1.195	1.449
18:39:12	37.0	1.163	1.180	1.202	1.162	1.179	1.182	1.212	1.217	1.224	1.237	1.248	1.156	1.196	1.356	1.340	1.114	1.151	1.145	1.137	1.182	1.187	1.201	1.248	1.045	1.260	1.236	1.278	1.431	1.381	1.373	1.251	1.257	1.204	1.208	1.285	0.950	1.273	1.284	1.242	1.263	1.236	1.255	1.387	1.416	1.285	1.264	1.255	1.016	1.303	1.197	1.165	1.193	1.221	1.210	1.236	1.221	1.540	1.233	1.267	1.100	1.190	1.199	1.170	1.165	1.133	1.194	1.190	1.195	1.204	1.507	1.521	1.379	1.196	1.449
18:43:12	37.0	1.166	1.181	1.204	1.163	1.180	1.183	1.214	1.219	1.226	1.239	1.250	1.159	1.197	1.358	1.341	1.115	1.152	1.147	1.139	1.184	1.188	1.203	1.249	1.042	1.261	1.236	1.277	1.432	1.383	1.375	1.252	1.258	1.205	1.209	1.287	0.947	1.272	1.285	1.243	1.264	1.236	1.256	1.389	1.416	1.284	1.264	1.257	1.016	1.304	1.198	1.169	1.195	1.224	1.213	1.238	1.223	1.542	1.235	1.269	1.105	1.183	1.199	1.178	1.166	1.129	1.193	1.196	1.197	1.208	1.511	1.522	1.380	1.196	1.449
18:47:12	37.0	1.167	1.183	1.205	1.165	1.182	1.185	1.215	1.220	1.228	1.240	1.252	1.162	1.198	1.359	1.343	1.116	1.152	1.148	1.140	1.185	1.189	1.204	1.252	1.042	1.262	1.238	1.277	1.434	1.383	1.376	1.255	1.258	1.206	1.211	1.290	0.945	1.272	1.285	1.244	1.264	1.236	1.256	1.390	1.417	1.285	1.265	1.258	1.020	1.304	1.199	1.170	1.196	1.225	1.214	1.240	1.226	1.543	1.237	1.271	1.110	1.182	1.202	1.182	1.164	1.127	1.192	1.199	1.183	1.207	1.517	1.523	1.381	1.195	1.450
18:51:12	37.0	1.169	1.184	1.206	1.165	1.183	1.185	1.216	1.222	1.229	1.242	1.254	1.164	1.199	1.360	1.343	1.117	1.154	1.149	1.141	1.187	1.190	1.205	1.253	1.042	1.262	1.238	1.277	1.436	1.384	1.377	1.257	1.261	1.208	1.213	1.293	0.945	1.271	1.287	1.245	1.265	1.235	1.257	1.391	1.419	1.286	1.266	1.255	1.030	1.307	1.200	1.173	1.198	1.228	1.216	1.242	1.228	1.545	1.239	1.274	1.116	1.179	1.205	1.189	1.167	1.125	1.192	1.203	1.179	1.208	1.519	1.527	1.383	1.194	1.453
18:55:12	37.0	1.170	1.185	1.207	1.166	1.184	1.187	1.218	1.223	1.230	1.244	1.255	1.167	1.200	1.362	1.345	1.118	1.155	1.150	1.142	1.188	1.192	1.207	1.254	1.041	1.263	1.239	1.277	1.438	1.386	1.379	1.258	1.262	1.208	1.214	1.296	0.943	1.271	1.287	1.245	1.265	1.236	1.258	1.393	1.419	1.287	1.267	1.254	1.037	1.309	1.202	1.175	1.200	1.229	1.218	1.245	1.230	1.547	1.240	1.276	1.119	1.180	1.206	1.190	1.167	1.133	1.189	1.204	1.171	1.206	1.522	1.529	1.385	1.194	1.454
18:59:12	37.0	1.172	1.186	1.209	1.167	1.185	1.188	1.219	1.225	1.231	1.245	1.257	1.167	1.202	1.363	1.347	1.119	1.156	1.152	1.143	1.189	1.192	1.208	1.255	1.036	1.264	1.240	1.276	1.439	1.387	1.380	1.258	1.263	1.209	1.215	1.298	0.941	1.270	1.288	1.247	1.267	1.237	1.259	1.393	1.420	1.287	1.268	1.253	1.039	1.309	1.203	1.177	1.201	1.231	1.220	1.246	1.232	1.548	1.242	1.278	1.121	1.176	1.207	1.193	1.170	1.140	1.189	1.209	1.182	1.206	1.524	1.531	1.385	1.196	1.453
19:03:12	37.0	1.173	1.188	1.210	1.169	1.187	1.189	1.221	1.226	1.232	1.247	1.258	1.167	1.203	1.365	1.348	1.121	1.158	1.153	1.145	1.190	1.193	1.209	1.256	1.034	1.264	1.240	1.277	1.440	1.388	1.382	1.258	1.264	1.210	1.217	1.298	0.949	1.269	1.289	1.248	1.268	1.237	1.260	1.394	1.421	1.288	1.268	1.253	1.042	1.311	1.205	1.180	1.202	1.233	1.222	1.248	1.235	1.550	1.244	1.280	1.122	1.176	1.208	1.195	1.171	1.148	1.187	1.208	1.189	1.207	1.525	1.532	1.386	1.198	1.454
19:07:12	37.0	1.175	1.188	1.210	1.169	1.187	1.190	1.221	1.227	1.233	1.248	1.260	1.168	1.204	1.366	1.350	1.121	1.159	1.153	1.146	1.192	1.195	1.211	1.258	1.034	1.265	1.241	1.275	1.443	1.389	1.383	1.259	1.264	1.211	1.218	1.301	0.944	1.268	1.291	1.249	1.268	1.237	1.260	1.395	1.423	1.289	1.270	1.253	1.050	1.313	1.203	1.181	1.203	1.234	1.223	1.250	1.236	1.552	1.245	1.282	1.127	1.179	1.209	1.196	1.171	1.153	1.183	1.205	1.167	1.209	1.528	1.532	1.388	1.197	1.455
19:11:12	37.0	1.177	1.189	1.211	1.170	1.189	1.191	1.222	1.228	1.234	1.249	1.260	1.169	1.204	1.367	1.351	1.122	1.160	1.155	1.147	1.192	1.195	1.212	1.259	1.032	1.266	1.241	1.276	1.443	1.390	1.385	1.259	1.264	1.212	1.218	1.303	0.942	1.268	1.291	1.250	1.268	1.236	1.261	1.397	1.423	1.290	1.270	1.252	1.054	1.313	1.204	1.182	1.204	1.235	1.224	1.250	1.237	1.552	1.246	1.283	1.128	1.182	1.211	1.203	1.173	1.158	1.181	1.208	1.167	1.212	1.531	1.535	1.391	1.198	1.457
19:15:12	37.0	1.177	1.190	1.212	1.170	1.190	1.192	1.224	1.230	1.236	1.251	1.263	1.177	1.206	1.368	1.352	1.123	1.161	1.156	1.148	1.194	1.197	1.213	1.261	1.032	1.266	1.242	1.276	1.445	1.392	1.386	1.262	1.265	1.212	1.220	1.307	0.943	1.267	1.293	1.251	1.268	1.236	1.262	1.398	1.425	1.290	1.271	1.253	1.058	1.316	1.205	1.185	1.206	1.237	1.226	1.252	1.239	1.554	1.247	1.285	1.132	1.185	1.214	1.207	1.175	1.158	1.180	1.204	1.170	1.217	1.534	1.532	1.392	1.198	1.458
19:19:12	37.0	1.179	1.191	1.214	1.171	1.191	1.193	1.225	1.231	1.237	1.253	1.265	1.178	1.206	1.369	1.353	1.124	1.162	1.157	1.149	1.195	1.198	1.214	1.262	1.033	1.266	1.243	1.276	1.447	1.393	1.387	1.263	1.266	1.211	1.221	1.308	0.943	1.266	1.295	1.252	1.270	1.236	1.263	1.400	1.427	1.291	1.273	1.252	1.060	1.318	1.208	1.187	1.208	1.238	1.228	1.254	1.241	1.556	1.249	1.287	1.135	1.191	1.215	1.210	1.178	1.163	1.178	1.208	1.166	1.214	1.538	1.532	1.394	1.198	1.458
19:23:12	37.0	1.181	1.193	1.216	1.173	1.194	1.195	1.227	1.233	1.239	1.255	1.267	1.182	1.208	1.371	1.354	1.125	1.164	1.159	1.151	1.197	1.199	1.215	1.264	1.030	1.267	1.245	1.276	1.448	1.395	1.389	1.264	1.267	1.212	1.223	1.311	0.943	1.266	1.297	1.253	1.271	1.238	1.264	1.401	1.429	1.294	1.274	1.254	1.058	1.320	1.212	1.191	1.211	1.240	1.231	1.257	1.244	1.558	1.251	1.289	1.138	1.191	1.217	1.212	1.180	1.163	1.169	1.214	1.177	1.216	1.543	1.536	1.396	1.198	1.460
19:27:12	37.1	1.183	1.194	1.216	1.174	1.195	1.196	1.229	1.234	1.240	1.256	1.269	1.186	1.209	1.372	1.356	1.126	1.165	1.160	1.152	1.198	1.200	1.216	1.265	1.031	1.267	1.244	1.275	1.450	1.396	1.391	1.265	1.268	1.213	1.224	1.311	0.939	1.265	1.300	1.253	1.272	1.239	1.265	1.403	1.430	1.294	1.275	1.255	1.060	1.322	1.214	1.192	1.213	1.242	1.233	1.259	1.246	1.560	1.252	1.291	1.143	1.197	1.217	1.216	1.185	1.162	1.163	1.217	1.168	1.218	1.547	1.540	1.399	1.197	1.460
19:31:12	37.0	1.184	1.195	1.217	1.174	1.196	1.197	1.229	1.236	1.241	1.258	1.270	1.189	1.210	1.373	1.357	1.127	1.167	1.162	1.153	1.200	1.202	1.218	1.267	1.031	1.268	1.245	1.275	1.451	1.397	1.391	1.267	1.270	1.214	1.225	1.314	0.948	1.264	1.300	1.254	1.273	1.239	1.266	1.404	1.431	1.294	1.276	1.256	1.064	1.325	1.216	1.194	1.214	1.244	1.235	1.260	1.248	1.561	1.254	1.292	1.144	1.199	1.215	1.217	1.185	1.164	1.160	1.220	1.149	1.219	1.550	1.540	1.399	1.196	1.462
19:35:12	37.0	1.186	1.197	1.219	1.176	1.198	1.199	1.231	1.237	1.243	1.260	1.273	1.191	1.212	1.375	1.358	1.129	1.168	1.163	1.155	1.201	1.203	1.220	1.268	1.031	1.269	1.247	1.275	1.453	1.399	1.393	1.269	1.271	1.216	1.227	1.315	0.944	1.265	1.302	1.256	1.275	1.241	1.268	1.406	1.433	1.296	1.278	1.259	1.067	1.329	1.220	1.198	1.217	1.247	1.238	1.263	1.250	1.563	1.256	1.294	1.149	1.199	1.219	1.219	1.186	1.167	1.159	1.220	1.160	1.228	1.552	1.543	1.401	1.196	1.462
19:39:12	37.0	1.187	1.198	1.220	1.177	1.198	1.200	1.232	1.238	1.243	1.261	1.274	1.191	1.213	1.377	1.359	1.129	1.169	1.164	1.155	1.202	1.204	1.221	1.270	1.032	1.269	1.248	1.274	1.455	1.400	1.394	1.269	1.271	1.218	1.228	1.317	0.957	1.263	1.304	1.256	1.275	1.240	1.268	1.406	1.434	1.297	1.279	1.261	1.069	1.327	1.222	1.199	1.217	1.248	1.238	1.264	1.252	1.564	1.256	1.294	1.150	1.204	1.221	1.218	1.181	1.168	1.156	1.223	1.175	1.232	1.554	1.544	1.403	1.195	1.464
19:43:12	37.0	1.188	1.199	1.221	1.177	1.199	1.201	1.233	1.240	1.245	1.263	1.275	1.194	1.215	1.378	1.361	1.130	1.170	1.166	1.157	1.203	1.206	1.222	1.271	1.035	1.269	1.249	1.274	1.456	1.402	1.396	1.270	1.272	1.219	1.230	1.320	0.951	1.263	1.306	1.257	1.277	1.241	1.269	1.408	1.436	1.298	1.281	1.262	1.069	1.328	1.223	1.201	1.218	1.249	1.240	1.266	1.254	1.566	1.259	1.298	1.155	1.205	1.221	1.216	1.188	1.173	1.152	1.225	1.185	1.235	1.556	1.546	1.406	1.194	1.464
19:47:12	37.0	1.190	1.200	1.222	1.178	1.200	1.202	1.234	1.241	1.245	1.264	1.277	1.196	1.216	1.379	1.362	1.131	1.171	1.167	1.157	1.204	1.207	1.224	1.272	1.040	1.270	1.250	1.275	1.458	1.403	1.397	1.272	1.272	1.220	1.231	1.324	0.950	1.263	1.307	1.258	1.278	1.242	1.270	1.409	1.437	1.299	1.282	1.263	1.072	1.329	1.226	1.202	1.219	1.251	1.241	1.266	1.255	1.566	1.259	1.298	1.155	1.207	1.223	1.218	1.192	1.177	1.151	1.227	1.178	1.232	1.556	1.549	1.407	1.194	1.467
19:51:12	37.0	1.191	1.201	1.222	1.179	1.201	1.202	1.236	1.242	1.246	1.264	1.278	1.199	1.217	1.380	1.363	1.132	1.171	1.168	1.159	1.206	1.207	1.224	1.274	1.041	1.270	1.250	1.274	1.459	1.405	1.399	1.273	1.273	1.220	1.231	1.323	0.953	1.262	1.308	1.259	1.278	1.243	1.270	1.409	1.438	1.299	1.283	1.265	1.074	1.330	1.229	1.204	1.221	1.252	1.242	1.267	1.256	1.567	1.260	1.300	1.155	1.207	1.225	1.214	1.196	1.179	1.149	1.228	1.164	1.235	1.557	1.551	1.408	1.196	1.467
19:55:12	37.0	1.192	1.202	1.223	1.180	1.202	1.204	1.237	1.244	1.247	1.266	1.281	1.204	1.218	1.381	1.364	1.133	1.173	1.169	1.160	1.207	1.209	1.226	1.275	1.047	1.272	1.251	1.275	1.461	1.406	1.400	1.275	1.273	1.221	1.234	1.326	0.956	1.262	1.310	1.260	1.280	1.244	1.272	1.411	1.440	1.301	1.285	1.267	1.079	1.332	1.230	1.206	1.223	1.254	1.245	1.270	1.257	1.569	1.262	1.304	1.160	1.211	1.225	1.197	1.199	1.181	1.151	1.229	1.145	1.240	1.562	1.552	1.410	1.198	1.466
19:59:12	37.0	1.194	1.204	1.225	1.181	1.205	1.206	1.239	1.245	1.249	1.268	1.282	1.204	1.219	1.382	1.365	1.135	1.174	1.170	1.162	1.209	1.210	1.228	1.276	1.048	1.273	1.252	1.274	1.463	1.407	1.402	1.277	1.274	1.222	1.236	1.329	0.949	1.264	1.311	1.262	1.282	1.246	1.272	1.412	1.441	1.302	1.286	1.267	1.084	1.335	1.233	1.208	1.225	1.256	1.247	1.272	1.260	1.571	1.264	1.306	1.165	1.214	1.228	1.202	1.204	1.184	1.152	1.234	1.139	1.242	1.565	1.555	1.412	1.197	1.468
20:03:12	37.0	1.196	1.205	1.226	1.183	1.205	1.207	1.240	1.247	1.250	1.270	1.283	1.203	1.221	1.383	1.367	1.135	1.176	1.171	1.163	1.210	1.212	1.229	1.278	1.052	1.273	1.252	1.274	1.464	1.410	1.403	1.279	1.275	1.223	1.236	1.331	0.954	1.262	1.319	1.263	1.284	1.247	1.274	1.414	1.443	1.304	1.288	1.269	1.086	1.337	1.235	1.211	1.227	1.258	1.248	1.273	1.262	1.573	1.267	1.308	1.168	1.216	1.232	1.212	1.203	1.183	1.152	1.237	1.172	1.245	1.567	1.558	1.413	1.196	1.469
20:07:12	37.0	1.197	1.205	1.227	1.183	1.206	1.208	1.242	1.248	1.251	1.272	1.285	1.208	1.222	1.385	1.368	1.136	1.177	1.173	1.164	1.212	1.214	1.231	1.279	1.052	1.273	1.254	1.275	1.466	1.410	1.404	1.280	1.276	1.222	1.238	1.332	0.958	1.262	1.316	1.264	1.286	1.248	1.274	1.414	1.444	1.305	1.289	1.270	1.090	1.340	1.236	1.212	1.228	1.259	1.250	1.275	1.263	1.574	1.267	1.309	1.170	1.221	1.236	1.208	1.205	1.190	1.158	1.237	1.165	1.246	1.568	1.559	1.414	1.197	1.469
20:11:12	37.0	1.198	1.206	1.227	1.184	1.207	1.209	1.243	1.248	1.251	1.273	1.286	1.207	1.222	1.385	1.369	1.137	1.177	1.174	1.165	1.212	1.215	1.232	1.279	1.058	1.274	1.253	1.275	1.467	1.412	1.404	1.282	1.276	1.223	1.238	1.332	0.958	1.261	1.313	1.265	1.288	1.249	1.275	1.414	1.445	1.308	1.290	1.271	1.093	1.341	1.236	1.213	1.229	1.260	1.250	1.275	1.264	1.575	1.268	1.310	1.169	1.225	1.239	1.205	1.210	1.184	1.151	1.238	1.162	1.243	1.569	1.557	1.414	1.197	1.471
20:15:12	37.0	1.200	1.208	1.230	1.185	1.208	1.211	1.245	1.250	1.254	1.275	1.289	1.209	1.224	1.388	1.371	1.139	1.179	1.176	1.166	1.214	1.216	1.233	1.281	1.060	1.275	1.255	1.276	1.469	1.413	1.407	1.284	1.278	1.224	1.240	1.335	0.949	1.262	1.315	1.267	1.290	1.251	1.277	1.417	1.448	1.311	1.292	1.272	1.099	1.344	1.239	1.216	1.231	1.264	1.254	1.279	1.267	1.577	1.271	1.313	1.175	1.229	1.241	1.202	1.212	1.185	1.157	1.241	1.188	1.246	1.575	1.561	1.416	1.196	1.472
20:19:12	37.0	1.201	1.209	1.230	1.186	1.210	1.211	1.246	1.252	1.255	1.276	1.290	1.211	1.225	1.388	1.372	1.139	1.180	1.177	1.167	1.216	1.217	1.235	1.282	1.066	1.275	1.255	1.276	1.471	1.415	1.408	1.286	1.278	1.225	1.242	1.335	0.955	1.262	1.317	1.269	1.292	1.251	1.278	1.418	1.449	1.313	1.294	1.275	1.103	1.347	1.242	1.218	1.233	1.265	1.255	1.280	1.268	1.577	1.271	1.313	1.173	1.231	1.243	1.201	1.216	1.190	1.153	1.241	1.183	1.245	1.576	1.564	1.416	1.197	1.473
20:23:12	37.0	1.203	1.210	1.231	1.187	1.211	1.213	1.247	1.253	1.256	1.278	1.293	1.211	1.227	1.389	1.372	1.141	1.181	1.178	1.169	1.217	1.218	1.237	1.284	1.072	1.276	1.255	1.276	1.472	1.415	1.409	1.286	1.279	1.226	1.243	1.336	0.948	1.263	1.319	1.272	1.295	1.252	1.279	1.419	1.450	1.314	1.295	1.276	1.105	1.351	1.243	1.221	1.234	1.267	1.257	1.282	1.270	1.579	1.273	1.315	1.174	1.234	1.246	1.184	1.218	1.187	1.158	1.246	1.182	1.248	1.578	1.567	1.417	1.195	1.473
20:27:12	37.0	1.204	1.211	1.232	1.188	1.212	1.214	1.250	1.254	1.257	1.279	1.294	1.212	1.228	1.391	1.374	1.141	1.182	1.179	1.171	1.218	1.220	1.238	1.285	1.076	1.277	1.257	1.277	1.474	1.417	1.411	1.288	1.281	1.227	1.245	1.335	0.955	1.262	1.321	1.274	1.296	1.254	1.279	1.420	1.451	1.315	1.297	1.280	1.108	1.351	1.243	1.221	1.235	1.268	1.258	1.283	1.271	1.580	1.274	1.316	1.176	1.237	1.249	1.183	1.217	1.197	1.162	1.246	1.196	1.248	1.580	1.569	1.417	1.195	1.475
20:31:12	37.0	1.205	1.212	1.233	1.189	1.213	1.215	1.251	1.256	1.259	1.282	1.295	1.215	1.229	1.391	1.375	1.142	1.183	1.181	1.172	1.220	1.221	1.239	1.286	1.083	1.277	1.258	1.278	1.475	1.418	1.412	1.289	1.282	1.228	1.245	1.334	0.949	1.262	1.322	1.276	1.298	1.255	1.279	1.420	1.452	1.316	1.297	1.280	1.109	1.349	1.245	1.219	1.237	1.270	1.260	1.285	1.272	1.581	1.275	1.318	1.178	1.239	1.253	1.179	1.217	1.198	1.169	1.250	1.206	1.250	1.583	1.569	1.417	1.195	1.478
20:35:12	37.0	1.207	1.214	1.234	1.190	1.214	1.217	1.253	1.257	1.260	1.283	1.297	1.216	1.230	1.393	1.377	1.143	1.184	1.182	1.174	1.222	1.222	1.240	1.287	1.086	1.279	1.259	1.279	1.477	1.419	1.413	1.291	1.284	1.230	1.247	1.334	0.946	1.262	1.325	1.278	1.299	1.256	1.281	1.421	1.454	1.318	1.299	1.282	1.111	1.352	1.247	1.220	1.239	1.271	1.261	1.287	1.274	1.583	1.277	1.321	1.181	1.240	1.252	1.175	1.220	1.196	1.181	1.255	1.209	1.252	1.587	1.569	1.415	1.194	1.480
20:39:12	37.0	1.208	1.215	1.235	1.191	1.216	1.218	1.254	1.258	1.261	1.285	1.298	1.217	1.232	1.394	1.377	1.144	1.186	1.184	1.175	1.224	1.223	1.241	1.288	1.090	1.279	1.261	1.280	1.478	1.420	1.414	1.293	1.286	1.232	1.248	1.334	0.948	1.263	1.326	1.279	1.301	1.257	1.282	1.423	1.455	1.320	1.300	1.282	1.113	1.354	1.247	1.222	1.240	1.272	1.262	1.289	1.276	1.584	1.278	1.323	1.184	1.240	1.241	1.176	1.222	1.198	1.199	1.258	1.169	1.253	1.588	1.571	1.417	1.195	1.482
20:43:12	37.0	1.210	1.217	1.236	1.192	1.216	1.219	1.256	1.260	1.262	1.286	1.299	1.218	1.233	1.395	1.379	1.145	1.187	1.185	1.177	1.225	1.225	1.241	1.289	1.093	1.280	1.262	1.280	1.479	1.423	1.415	1.295	1.288	1.233	1.249	1.335	0.950	1.264	1.328	1.280	1.303	1.258	1.284	1.423	1.457	1.321	1.301	1.283	1.115	1.356	1.248	1.225	1.241	1.274	1.265	1.290	1.277	1.586	1.280	1.325	1.186	1.243	1.242	1.176	1.224	1.198	1.177	1.243	1.200	1.254	1.589	1.572	1.418	1.197	1.483
20:47:12	37.0	1.210	1.218	1.238	1.193	1.217	1.220	1.257	1.261	1.262	1.287	1.301	1.220	1.233	1.395	1.379	1.145	1.188	1.186	1.178	1.226	1.225	1.242	1.290	1.097	1.281	1.262	1.279	1.481	1.423	1.417	1.296	1.288	1.233	1.250	1.337	0.950	1.263	1.330	1.284	1.304	1.258	1.285	1.425	1.458	1.322	1.302	1.284	1.118	1.357	1.248	1.226	1.241	1.275	1.265	1.291	1.278	1.586	1.280	1.326	1.186	1.239	1.241	1.180	1.224	1.202	1.176	1.230	1.187	1.256	1.591	1.573	1.420	1.199	1.485
20:51:12	37.0	1.212	1.219	1.238	1.194	1.218	1.222	1.258	1.262	1.263	1.289	1.302	1.223	1.234	1.396	1.381	1.147	1.189	1.188	1.179	1.228	1.226	1.244	1.291	1.099	1.281	1.264	1.280	1.482	1.425	1.419	1.298	1.290	1.234	1.251	1.338	0.952	1.264	1.331	1.284	1.306	1.260	1.286	1.426	1.460	1.324	1.303	1.286	1.120	1.359	1.249	1.228	1.242	1.276	1.267	1.292	1.279	1.588	1.282	1.327	1.188	1.241	1.236	1.187	1.219	1.208	1.186	1.230	1.176	1.257	1.592	1.576	1.424	1.200	1.486
20:55:12	37.0	1.213	1.220	1.240	1.195	1.219	1.223	1.260	1.264	1.264	1.290	1.304	1.220	1.235	1.397	1.381	1.148	1.190	1.189	1.180	1.229	1.228	1.244	1.292	1.099	1.282	1.266	1.280	1.484	1.426	1.420	1.300	1.291	1.235	1.252	1.340	0.946	1.266	1.335	1.286	1.308	1.261	1.287	1.426	1.462	1.326	1.305	1.286	1.121	1.361	1.251	1.230	1.244	1.278	1.268	1.294	1.282	1.589	1.284	1.329	1.188	1.245	1.238	1.196	1.218	1.205	1.192	1.228	1.198	1.259	1.592	1.577	1.428	1.201	1.487
20:59:12	37.0	1.215	1.222	1.242	1.197	1.221	1.225	1.262	1.265	1.266	1.292	1.306	1.223	1.237	1.398	1.382	1.149	1.192	1.190	1.181	1.231	1.229	1.246	1.292	1.099	1.282	1.268	1.282	1.486	1.428	1.421	1.302	1.293	1.236	1.253	1.342	0.940	1.267	1.339	1.287	1.310	1.263	1.288	1.428	1.464	1.328	1.306	1.288	1.123	1.362	1.254	1.232	1.246	1.280	1.271	1.297	1.283	1.591	1.286	1.333	1.189	1.246	1.242	1.188	1.216	1.205	1.203	1.221	1.188	1.262	1.593	1.580	1.431	1.202	1.488
21:03:12	37.0	1.216	1.224	1.243	1.197	1.222	1.226	1.264	1.267	1.267	1.293	1.308	1.226	1.238	1.399	1.384	1.151	1.193	1.192	1.183	1.232	1.231	1.247	1.294	1.101	1.283	1.269	1.282	1.488	1.429	1.423	1.304	1.294	1.238	1.254	1.343	0.940	1.268	1.342	1.287	1.313	1.263	1.290	1.429	1.465	1.329	1.308	1.290	1.125	1.365	1.256	1.233	1.247	1.281	1.272	1.297	1.286	1.592	1.286	1.332	1.189	1.250	1.238	1.196	1.216	1.208	1.213	1.209	1.174	1.264	1.594	1.581	1.437	1.204	1.490
21:07:12	37.0	1.217	1.225	1.244	1.199	1.224	1.227	1.265	1.268	1.268	1.294	1.309	1.225	1.240	1.401	1.385	1.152	1.194	1.194	1.183	1.233	1.232	1.248	1.295	1.099	1.284	1.270	1.283	1.489	1.431	1.424	1.306	1.296	1.239	1.256	1.344	0.940	1.269	1.343	1.288	1.314	1.265	1.291	1.430	1.467	1.331	1.308	1.291	1.123	1.367	1.259	1.235	1.249	1.283	1.273	1.299	1.287	1.594	1.287	1.335	1.189	1.257	1.233	1.200	1.218	1.205	1.230	1.209	1.191	1.266	1.596	1.584	1.440	1.205	1.492
21:11:12	37.0	1.218	1.226	1.246	1.200	1.225	1.229	1.268	1.270	1.270	1.295	1.312	1.231	1.241	1.402	1.387	1.154	1.196	1.195	1.184	1.234	1.233	1.250	1.296	1.102	1.284	1.271	1.284	1.491	1.433	1.425	1.308	1.297	1.240	1.257	1.345	0.937	1.269	1.344	1.289	1.317	1.266	1.291	1.432	1.469	1.333	1.310	1.294	1.128	1.368	1.262	1.237	1.250	1.285	1.275	1.301	1.290	1.595	1.289	1.337	1.189	1.259	1.240	1.187	1.219	1.207	1.235	1.229	1.209	1.268	1.597	1.585	1.444	1.206	1.493
21:15:12	37.0	1.220	1.228	1.247	1.201	1.226	1.230	1.270	1.272	1.272	1.297	1.313	1.230	1.242	1.403	1.388	1.155	1.196	1.197	1.185	1.236	1.233	1.251	1.298	1.103	1.285	1.273	1.284	1.492	1.435	1.427	1.310	1.299	1.242	1.258	1.346	0.938	1.270	1.347	1.290	1.319	1.268	1.292	1.433	1.471	1.334	1.312	1.294	1.128	1.368	1.263	1.238	1.252	1.287	1.276	1.302	1.291	1.596	1.291	1.339	1.190	1.261	1.228	1.186	1.217	1.214	1.240	1.238	1.226	1.268	1.596	1.585	1.448	1.207	1.495
21:19:12	37.0	1.222	1.230	1.249	1.203	1.228	1.232	1.272	1.273	1.274	1.300	1.315	1.234	1.244	1.404	1.389	1.156	1.199	1.198	1.186	1.237	1.234	1.252	1.299	1.105	1.286	1.275	1.286	1.494	1.436	1.428	1.311	1.300	1.242	1.260	1.347	0.936	1.271	1.348	1.292	1.322	1.270	1.294	1.435	1.473	1.337	1.314	1.297	1.129	1.370	1.266	1.240	1.254	1.289	1.279	1.305	1.294	1.598	1.292	1.342	1.190	1.264	1.195	1.190	1.215	1.216	1.241	1.245	1.230	1.270	1.599	1.582	1.449	1.208	1.495
21:23:12	37.0	1.223	1.232	1.250	1.203	1.228	1.234	1.273	1.274	1.275	1.301	1.315	1.232	1.245	1.405	1.390	1.157	1.200	1.199	1.188	1.238	1.235	1.253	1.298	1.106	1.287	1.276	1.286	1.496	1.438	1.430	1.312	1.300	1.242	1.261	1.347	0.937	1.271	1.351	1.295	1.324	1.271	1.295	1.437	1.475	1.339	1.315	1.301	1.128	1.372	1.266	1.242	1.255	1.290	1.280	1.306	1.295	1.599	1.293	1.343	1.190	1.266	1.205	1.202	1.204	1.224	1.244	1.247	1.243	1.272	1.599	1.581	1.452	1.209	1.496
21:27:12	37.0	1.224	1.233	1.251	1.205	1.230	1.235	1.274	1.275	1.277	1.303	1.317	1.232	1.246	1.406	1.391	1.159	1.201	1.200	1.189	1.239	1.236	1.254	1.299	1.106	1.287	1.276	1.287	1.497	1.439	1.431	1.312	1.302	1.242	1.263	1.346	0.943	1.273	1.350	1.297	1.326	1.273	1.297	1.438	1.477	1.340	1.317	1.304	1.128	1.372	1.267	1.243	1.257	1.292	1.282	1.308	1.297	1.600	1.294	1.344	1.190	1.268	1.198	1.207	1.198	1.230	1.246	1.255	1.240	1.273	1.601	1.583	1.454	1.207	1.496
21:31:12	37.0	1.225	1.234	1.252	1.206	1.231	1.236	1.275	1.277	1.278	1.304	1.318	1.234	1.248	1.407	1.393	1.161	1.203	1.201	1.190	1.240	1.237	1.255	1.300	1.106	1.288	1.278	1.289	1.499	1.441	1.433	1.313	1.304	1.244	1.264	1.346	0.940	1.274	1.351	1.298	1.328	1.276	1.300	1.439	1.479	1.343	1.319	1.308	1.127	1.373	1.268	1.244	1.258	1.293	1.283	1.309	1.299	1.601	1.295	1.345	1.192	1.271	1.212	1.203	1.178	1.229	1.243	1.261	1.247	1.274	1.603	1.587	1.457	1.208	1.496
21:35:12	37.0	1.226	1.237	1.254	1.208	1.232	1.238	1.277	1.279	1.280	1.305	1.320	1.234	1.249	1.409	1.394	1.162	1.204	1.202	1.191	1.241	1.238	1.256	1.301	1.107	1.290	1.280	1.289	1.500	1.442	1.434	1.315	1.306	1.244	1.266	1.348	0.941	1.275	1.351	1.301	1.330	1.277	1.301	1.440	1.480	1.345	1.320	1.308	1.125	1.374	1.270	1.246	1.260	1.295	1.285	1.310	1.301	1.603	1.295	1.348	1.192	1.274	1.212	1.228	1.171	1.240	1.247	1.264	1.249	1.276	1.605	1.589	1.460	1.208	1.497
21:39:12	37.0	1.228	1.237	1.255	1.208	1.233	1.239	1.278	1.280	1.281	1.306	1.321	1.235	1.250	1.409	1.395	1.163	1.206	1.203	1.191	1.243	1.239	1.258	1.302	1.111	1.290	1.280	1.290	1.502	1.444	1.435	1.316	1.308	1.245	1.266	1.351	0.940	1.276	1.351	1.303	1.332	1.279	1.304	1.442	1.481	1.346	1.322	1.308	1.124	1.373	1.272	1.248	1.261	1.296	1.286	1.312	1.302	1.604	1.296	1.349	1.193	1.273	1.212	1.237	1.183	1.229	1.248	1.267	1.253	1.277	1.607	1.592	1.464	1.209	1.498
21:43:12	37.0	1.229	1.239	1.257	1.210	1.235	1.240	1.281	1.281	1.282	1.307	1.323	1.236	1.251	1.410	1.396	1.165	1.207	1.205	1.192	1.244	1.241	1.258	1.303	1.111	1.291	1.282	1.290	1.504	1.445	1.437	1.316	1.309	1.246	1.267	1.348	0.942	1.277	1.354	1.304	1.335	1.280	1.306	1.443	1.483	1.349	1.323	1.310	1.125	1.373	1.276	1.250	1.263	1.298	1.288	1.315	1.304	1.606	1.297	1.352	1.196	1.272	1.224	1.238	1.198	1.232	1.250	1.268	1.259	1.280	1.609	1.593	1.468	1.206	1.500
21:47:12	37.0	1.231	1.240	1.258	1.212	1.236	1.242	1.282	1.283	1.284	1.309	1.325	1.238	1.252	1.412	1.398	1.167	1.209	1.206	1.193	1.245	1.242	1.260	1.304	1.113	1.292	1.283	1.291	1.505	1.447	1.438	1.318	1.311	1.247	1.268	1.349	0.945	1.278	1.353	1.305	1.336	1.282	1.309	1.444	1.484	1.351	1.324	1.311	1.124	1.371	1.277	1.252	1.264	1.299	1.290	1.316	1.305	1.607	1.297	1.353	1.198	1.276	1.234	1.233	1.192	1.225	1.253	1.271	1.265	1.284	1.609	1.595	1.470	1.208	1.501
21:51:12	37.0	1.231	1.241	1.260	1.212	1.237	1.242	1.283	1.284	1.285	1.309	1.325	1.238	1.253	1.413	1.399	1.168	1.210	1.206	1.194	1.246	1.243	1.261	1.304	1.117	1.292	1.284	1.291	1.506	1.448	1.439	1.319	1.312	1.249	1.270	1.348	0.943	1.280	1.352	1.305	1.338	1.282	1.311	1.446	1.486	1.353	1.325	1.313	1.125	1.371	1.278	1.254	1.265	1.301	1.291	1.317	1.307	1.608	1.298	1.354	1.199	1.279	1.236	1.249	1.185	1.211	1.254	1.271	1.265	1.284	1.610	1.597	1.473	1.207	1.502
21:55:12	37.0	1.233	1.242	1.261	1.214	1.239	1.244	1.284	1.286	1.286	1.311	1.327	1.241	1.255	1.414	1.400	1.169	1.212	1.208	1.196	1.248	1.244	1.262	1.305	1.120	1.293	1.284	1.292	1.508	1.450	1.440	1.323	1.314	1.251	1.270	1.347	0.941	1.281	1.355	1.307	1.340	1.285	1.312	1.448	1.488	1.354	1.326	1.314	1.123	1.373	1.280	1.256	1.266	1.302	1.293	1.319	1.309	1.609	1.298	1.356	1.201	1.285	1.244	1.245	1.192	1.218	1.258	1.269	1.266	1.286	1.612	1.600	1.476	1.206	1.503
21:59:12	37.0	1.234	1.242	1.263	1.216	1.240	1.245	1.286	1.287	1.288	1.313	1.328	1.240	1.256	1.415	1.401	1.171	1.214	1.208	1.196	1.248	1.245	1.264	1.305	1.124	1.294	1.285	1.292	1.510	1.451	1.441	1.325	1.315	1.252	1.272	1.348	0.941	1.284	1.354	1.310	1.342	1.288	1.315	1.448	1.489	1.357	1.327	1.316	1.123	1.376	1.281	1.258	1.267	1.303	1.294	1.320	1.310	1.611	1.299	1.359	1.202	1.290	1.254	1.240	1.202	1.225	1.257	1.276	1.275	1.290	1.614	1.602	1.479	1.205	1.503
22:03:12	37.0	1.235	1.244	1.264	1.218	1.242	1.246	1.288	1.289	1.290	1.313	1.330	1.243	1.257	1.416	1.402	1.172	1.215	1.210	1.197	1.249	1.246	1.265	1.306	1.126	1.294	1.286	1.293	1.511	1.453	1.443	1.324	1.317	1.253	1.273	1.349	0.943	1.284	1.357	1.313	1.343	1.290	1.317	1.450	1.492	1.358	1.328	1.318	1.124	1.379	1.282	1.259	1.270	1.305	1.296	1.321	1.312	1.612	1.300	1.360	1.206	1.298	1.258	1.234	1.204	1.235	1.258	1.284	1.274	1.293	1.615	1.604	1.481	1.204	1.504
22:07:12	37.0	1.237	1.244	1.265	1.219	1.243	1.247	1.290	1.290	1.292	1.316	1.331	1.246	1.258	1.418	1.404	1.173	1.216	1.211	1.198	1.251	1.248	1.266	1.307	1.129	1.294	1.287	1.294	1.513	1.454	1.444	1.325	1.319	1.254	1.274	1.347	0.946	1.287	1.357	1.314	1.344	1.293	1.317	1.452	1.493	1.360	1.329	1.321	1.124	1.381	1.285	1.262	1.272	1.306	1.298	1.323	1.315	1.614	1.303	1.362	1.208	1.304	1.258	1.243	1.210	1.245	1.260	1.279	1.278	1.294	1.616	1.605	1.483	1.207	1.506
22:11:12	37.0	1.238	1.246	1.266	1.220	1.245	1.248	1.291	1.292	1.294	1.316	1.331	1.248	1.259	1.419	1.405	1.173	1.218	1.212	1.199	1.252	1.249	1.267	1.308	1.130	1.295	1.287	1.296	1.514	1.456	1.446	1.326	1.320	1.256	1.275	1.346	0.947	1.288	1.357	1.314	1.346	1.295	1.319	1.454	1.495	1.362	1.331	1.323	1.125	1.383	1.284	1.263	1.273	1.307	1.299	1.324	1.316	1.615	1.305	1.363	1.210	1.312	1.253	1.260	1.214	1.225	1.263	1.272	1.274	1.296	1.617	1.608	1.486	1.206	1.508
22:15:12	37.0	1.239	1.246	1.268	1.222	1.246	1.250	1.293	1.293	1.296	1.317	1.333	1.252	1.260	1.420	1.406	1.175	1.218	1.213	1.200	1.253	1.250	1.268	1.309	1.132	1.295	1.288	1.296	1.516	1.457	1.447	1.324	1.321	1.257	1.276	1.345	0.943	1.288	1.356	1.315	1.347	1.298	1.320	1.454	1.496	1.364	1.333	1.325	1.127	1.384	1.284	1.264	1.276	1.308	1.300	1.325	1.318	1.615	1.306	1.364	1.211	1.323	1.262	1.272	1.224	1.230	1.268	1.269	1.277	1.299	1.619	1.608	1.487	1.207	1.511
22:19:12	37.0	1.241	1.248	1.269	1.224	1.248	1.251	1.294	1.295	1.297	1.319	1.334	1.255	1.262	1.421	1.407	1.176	1.220	1.214	1.201	1.254	1.251	1.270	1.310	1.136	1.296	1.289	1.298	1.517	1.458	1.449	1.326	1.322	1.259	1.277	1.346	0.945	1.290	1.358	1.317	1.350	1.300	1.324	1.456	1.498	1.365	1.336	1.328	1.130	1.384	1.287	1.267	1.279	1.310	1.302	1.327	1.320	1.617	1.309	1.366	1.214	1.327	1.272	1.278	1.225	1.222	1.270	1.274	1.248	1.306	1.622	1.611	1.489	1.207	1.513
22:23:12	37.0	1.241	1.249	1.271	1.225	1.250	1.252	1.295	1.297	1.299	1.320	1.336	1.258	1.263	1.423	1.408	1.177	1.221	1.215	1.202	1.255	1.252	1.271	1.310	1.139	1.297	1.289	1.298	1.520	1.460	1.450	1.326	1.323	1.260	1.278	1.342	0.949	1.292	1.357	1.318	1.350	1.301	1.322	1.458	1.500	1.366	1.336	1.329	1.131	1.385	1.287	1.268	1.276	1.312	1.303	1.328	1.321	1.617	1.310	1.367	1.216	1.329	1.273	1.283	1.217	1.217	1.272	1.290	1.266	1.317	1.623	1.613	1.491	1.207	1.514
22:27:12	37.0	1.244	1.251	1.272	1.226	1.250	1.254	1.297	1.298	1.300	1.322	1.337	1.261	1.264	1.424	1.410	1.178	1.222	1.216	1.203	1.256	1.254	1.272	1.312	1.142	1.298	1.290	1.300	1.521	1.461	1.452	1.327	1.325	1.261	1.279	1.343	0.945	1.296	1.358	1.318	1.349	1.303	1.327	1.460	1.501	1.369	1.337	1.331	1.132	1.386	1.289	1.270	1.273	1.314	1.305	1.330	1.324	1.618	1.311	1.369	1.219	1.331	1.282	1.289	1.220	1.232	1.275	1.302	1.276	1.326	1.626	1.615	1.493	1.209	1.516
22:31:12	37.0	1.244	1.251	1.273	1.228	1.252	1.255	1.298	1.299	1.302	1.323	1.340	1.264	1.265	1.425	1.411	1.179	1.224	1.217	1.205	1.258	1.256	1.274	1.313	1.145	1.298	1.291	1.301	1.523	1.463	1.452	1.327	1.327	1.262	1.280	1.342	0.942	1.298	1.359	1.319	1.351	1.305	1.327	1.461	1.502	1.370	1.339	1.333	1.132	1.385	1.290	1.271	1.273	1.314	1.306	1.331	1.326	1.619	1.312	1.370	1.220	1.331	1.288	1.292	1.213	1.244	1.275	1.310	1.278	1.328	1.627	1.616	1.494	1.208	1.518
22:35:12	37.0	1.246	1.253	1.274	1.230	1.254	1.256	1.299	1.300	1.303	1.324	1.339	1.264	1.266	1.426	1.412	1.181	1.225	1.218	1.206	1.259	1.257	1.274	1.313	1.145	1.299	1.292	1.303	1.524	1.463	1.454	1.328	1.327	1.263	1.282	1.341	0.944	1.301	1.359	1.323	1.353	1.307	1.329	1.463	1.504	1.371	1.340	1.334	1.133	1.387	1.291	1.272	1.275	1.316	1.308	1.333	1.328	1.620	1.314	1.372	1.225	1.332	1.290	1.300	1.219	1.249	1.276	1.316	1.284	1.331	1.629	1.618	1.495	1.209	1.518
22:39:12	37.0	1.247	1.254	1.275	1.230	1.254	1.257	1.300	1.301	1.304	1.326	1.341	1.265	1.268	1.427	1.414	1.181	1.226	1.220	1.207	1.260	1.259	1.276	1.314	1.149	1.299	1.294	1.303	1.526	1.465	1.456	1.329	1.329	1.264	1.283	1.340	0.943	1.302	1.358	1.325	1.353	1.308	1.328	1.464	1.505	1.370	1.342	1.336	1.133	1.387	1.291	1.273	1.276	1.318	1.310	1.334	1.329	1.621	1.315	1.374	1.226	1.335	1.276	1.306	1.224	1.253	1.279	1.315	1.285	1.334	1.629	1.620	1.498	1.207	1.520
22:43:12	37.0	1.248	1.254	1.276	1.231	1.255	1.259	1.301	1.303	1.306	1.327	1.342	1.267	1.269	1.429	1.415	1.182	1.228	1.221	1.208	1.261	1.261	1.277	1.314	1.152	1.300	1.296	1.302	1.528	1.466	1.456	1.330	1.331	1.265	1.284	1.340	0.950	1.304	1.359	1.323	1.355	1.309	1.329	1.464	1.506	1.372	1.342	1.337	1.134	1.388	1.292	1.274	1.277	1.319	1.311	1.334	1.330	1.622	1.315	1.375	1.227	1.337	1.279	1.305	1.202	1.263	1.282	1.321	1.289	1.334	1.630	1.620	1.498	1.209	1.518
22:47:12	37.0	1.250	1.256	1.277	1.232	1.256	1.260	1.302	1.303	1.307	1.329	1.342	1.266	1.270	1.429	1.416	1.182	1.229	1.221	1.209	1.262	1.262	1.278	1.314	1.153	1.302	1.298	1.304	1.528	1.467	1.458	1.331	1.333	1.264	1.285	1.340	0.953	1.307	1.359	1.322	1.358	1.311	1.331	1.466	1.508	1.371	1.343	1.339	1.133	1.389	1.293	1.275	1.279	1.322	1.312	1.336	1.331	1.623	1.317	1.376	1.229	1.326	1.283	1.305	1.202	1.257	1.292	1.327	1.288	1.336	1.633	1.621	1.499	1.208	1.520
22:51:12	37.0	1.251	1.257	1.278	1.234	1.257	1.261	1.303	1.305	1.308	1.330	1.343	1.269	1.271	1.431	1.417	1.183	1.230	1.222	1.210	1.263	1.264	1.279	1.315	1.154	1.302	1.298	1.305	1.530	1.469	1.460	1.331	1.334	1.265	1.286	1.341	0.949	1.310	1.360	1.323	1.358	1.313	1.331	1.468	1.510	1.371	1.343	1.341	1.133	1.390	1.295	1.277	1.282	1.323	1.315	1.337	1.332	1.624	1.319	1.378	1.230	1.325	1.274	1.301	1.196	1.264	1.294	1.327	1.287	1.338	1.634	1.623	1.499	1.208	1.520
22:55:12	37.0	1.252	1.258	1.280	1.236	1.259	1.263	1.305	1.307	1.310	1.332	1.345	1.270	1.273	1.433	1.419	1.185	1.231	1.224	1.212	1.264	1.266	1.282	1.315	1.156	1.304	1.302	1.306	1.532	1.472	1.461	1.331	1.335	1.266	1.287	1.340	0.947	1.313	1.360	1.325	1.358	1.313	1.331	1.469	1.511	1.375	1.346	1.342	1.133	1.392	1.296	1.278	1.283	1.325	1.316	1.339	1.334	1.625	1.320	1.379	1.232	1.320	1.278	1.303	1.207	1.270	1.297	1.329	1.277	1.345	1.635	1.623	1.499	1.208	1.521
22:59:12	37.0	1.254	1.260	1.281	1.238	1.260	1.264	1.306	1.308	1.311	1.333	1.347	1.270	1.274	1.434	1.420	1.187	1.233	1.225	1.213	1.266	1.268	1.283	1.316	1.158	1.304	1.302	1.308	1.534	1.472	1.463	1.333	1.338	1.268	1.290	1.343	0.943	1.316	1.360	1.327	1.359	1.317	1.332	1.470	1.512	1.378	1.343	1.343	1.134	1.394	1.300	1.281	1.286	1.327	1.319	1.341	1.336	1.627	1.323	1.382	1.232	1.321	1.283	1.308	1.200	1.265	1.290	1.333	1.279	1.348	1.637	1.625	1.500	1.206	1.522
23:03:12	37.0	1.255	1.260	1.281	1.239	1.262	1.265	1.306	1.310	1.313	1.335	1.348	1.271	1.275	1.435	1.421	1.187	1.233	1.225	1.214	1.266	1.269	1.284	1.318	1.161	1.306	1.304	1.308	1.535	1.474	1.465	1.335	1.338	1.268	1.291	1.340	0.944	1.319	1.360	1.329	1.359	1.319	1.331	1.472	1.513	1.374	1.346	1.345	1.133	1.395	1.301	1.283	1.288	1.328	1.319	1.342	1.338	1.626	1.323	1.383	1.234	1.322	1.290	1.313	1.205	1.272	1.295	1.333	1.295	1.349	1.639	1.627	1.501	1.208	1.522
23:07:12	37.0	1.257	1.262	1.283	1.240	1.263	1.267	1.308	1.311	1.314	1.337	1.351	1.274	1.277	1.436	1.423	1.188	1.235	1.227	1.216	1.268	1.270	1.286	1.318	1.165	1.307	1.305	1.310	1.536	1.476	1.465	1.336	1.340	1.270	1.293	1.339	0.945	1.321	1.359	1.333	1.358	1.319	1.333	1.473	1.514	1.375	1.348	1.346	1.134	1.397	1.302	1.285	1.291	1.331	1.321	1.344	1.341	1.628	1.325	1.385	1.237	1.327	1.288	1.314	1.211	1.276	1.299	1.327	1.302	1.354	1.642	1.631	1.501	1.206	1.526
23:11:12	37.0	1.258	1.263	1.284	1.241	1.265	1.268	1.309	1.313	1.316	1.338	1.351	1.276	1.278	1.437	1.424	1.189	1.236	1.228	1.216	1.269	1.272	1.287	1.319	1.168	1.307	1.306	1.310	1.538	1.478	1.467	1.336	1.339	1.270	1.294	1.337	0.947	1.324	1.358	1.335	1.359	1.322	1.331	1.475	1.516	1.377	1.348	1.346	1.133	1.398	1.303	1.286	1.292	1.332	1.323	1.345	1.342	1.628	1.325	1.387	1.238	1.333	1.294	1.319	1.186	1.280	1.300	1.335	1.310	1.358	1.643	1.633	1.501	1.202	1.524
23:15:12	37.1	1.259	1.264	1.285	1.242	1.266	1.268	1.311	1.315	1.317	1.339	1.352	1.274	1.279	1.438	1.425	1.189	1.238	1.228	1.217	1.270	1.273	1.289	1.320	1.171	1.308	1.307	1.313	1.539	1.479	1.468	1.335	1.337	1.272	1.296	1.334	0.947	1.326	1.357	1.335	1.360	1.323	1.331	1.475	1.517	1.374	1.351	1.346	1.131	1.397	1.303	1.288	1.292	1.333	1.324	1.346	1.343	1.629	1.325	1.389	1.236	1.334	1.302	1.324	1.183	1.280	1.299	1.337	1.320	1.355	1.645	1.634	1.502	1.204	1.524
23:19:12	37.0	1.261	1.265	1.286	1.244	1.267	1.269	1.312	1.316	1.317	1.341	1.354	1.275	1.280	1.439	1.426	1.190	1.239	1.229	1.218	1.271	1.275	1.290	1.321	1.171	1.310	1.308	1.316	1.540	1.481	1.470	1.335	1.339	1.273	1.299	1.336	0.944	1.328	1.359	1.337	1.362	1.324	1.332	1.477	1.517	1.377	1.353	1.348	1.134	1.399	1.304	1.289	1.295	1.335	1.327	1.348	1.345	1.631	1.327	1.391	1.240	1.340	1.315	1.334	1.188	1.281	1.304	1.343	1.319	1.351	1.647	1.636	1.504	1.204	1.525
23:23:12	37.0	1.263	1.267	1.288	1.246	1.268	1.271	1.315	1.318	1.319	1.342	1.356	1.276	1.282	1.440	1.428	1.192	1.240	1.230	1.219	1.272	1.276	1.292	1.322	1.173	1.311	1.310	1.317	1.542	1.482	1.472	1.335	1.338	1.273	1.300	1.335	0.944	1.328	1.360	1.335	1.364	1.325	1.331	1.479	1.519	1.376	1.353	1.349	1.132	1.401	1.308	1.291	1.298	1.338	1.327	1.348	1.347	1.632	1.330	1.392	1.242	1.341	1.298	1.322	1.208	1.283	1.308	1.348	1.331	1.353	1.648	1.639	1.507	1.205	1.528
23:27:12	37.0	1.264	1.268	1.288	1.246	1.270	1.272	1.316	1.320	1.320	1.343	1.357	1.278	1.283	1.442	1.429	1.193	1.241	1.232	1.220	1.273	1.277	1.292	1.324	1.173	1.312	1.310	1.319	1.543	1.484	1.472	1.336	1.338	1.274	1.303	1.336	0.950	1.330	1.363	1.337	1.365	1.327	1.331	1.480	1.521	1.375	1.355	1.351	1.132	1.402	1.308	1.294	1.299	1.338	1.329	1.350	1.347	1.633	1.331	1.394	1.243	1.345	1.300	1.311	1.213	1.292	1.312	1.349	1.331	1.358	1.650	1.641	1.509	1.206	1.530
23:31:12	37.0	1.266	1.268	1.289	1.247	1.271	1.273	1.318	1.320	1.321	1.343	1.358	1.278	1.283	1.442	1.429	1.194	1.242	1.233	1.220	1.274	1.278	1.293	1.325	1.173	1.314	1.309	1.320	1.545	1.485	1.474	1.336	1.338	1.274	1.305	1.335	0.953	1.331	1.364	1.339	1.366	1.327	1.331	1.481	1.522	1.374	1.357	1.350	1.134	1.404	1.310	1.295	1.300	1.338	1.330	1.351	1.348	1.633	1.332	1.395	1.244	1.351	1.302	1.309	1.228	1.298	1.315	1.354	1.334	1.357	1.650	1.642	1.509	1.206	1.531
23:35:12	37.0	1.267	1.269	1.290	1.249	1.272	1.274	1.319	1.322	1.323	1.344	1.359	1.281	1.284	1.443	1.431	1.195	1.243	1.234	1.222	1.274	1.279	1.294	1.326	1.175	1.315	1.306	1.321	1.546	1.486	1.475	1.337	1.338	1.276	1.306	1.332	0.950	1.332	1.364	1.337	1.367	1.327	1.332	1.482	1.524	1.373	1.357	1.351	1.135	1.405	1.311	1.296	1.301	1.340	1.332	1.352	1.351	1.634	1.335	1.396	1.246	1.353	1.315	1.309	1.240	1.302	1.312	1.356	1.325	1.360	1.653	1.644	1.510	1.209	1.532
23:39:12	37.0	1.268	1.271	1.292	1.250	1.273	1.276	1.320	1.323	1.324	1.346	1.360	1.282	1.285	1.445	1.432	1.196	1.244	1.236	1.223	1.276	1.280	1.296	1.329	1.174	1.317	1.305	1.323	1.548	1.487	1.476	1.339	1.339	1.278	1.308	1.331	0.947	1.331	1.362	1.338	1.367	1.327	1.333	1.483	1.525	1.372	1.357	1.352	1.135	1.407	1.313	1.298	1.303	1.342	1.334	1.354	1.353	1.635	1.335	1.398	1.247	1.352	1.320	1.308	1.251	1.303	1.311	1.355	1.335	1.363	1.653	1.646	1.512	1.212	1.534
23:43:12	37.0	1.269	1.272	1.293	1.250	1.274	1.276	1.321	1.325	1.326	1.347	1.361	1.282	1.287	1.446	1.433	1.196	1.245	1.237	1.224	1.277	1.281	1.298	1.331	1.175	1.318	1.304	1.324	1.549	1.489	1.478	1.338	1.339	1.279	1.310	1.329	0.951	1.336	1.360	1.339	1.367	1.330	1.332	1.484	1.526	1.372	1.357	1.352	1.137	1.408	1.314	1.300	1.304	1.343	1.334	1.355	1.355	1.635	1.336	1.400	1.248	1.356	1.324	1.313	1.257	1.307	1.308	1.357	1.336	1.363	1.655	1.648	1.514	1.212	1.535
23:47:12	37.0	1.270	1.272	1.292	1.251	1.275	1.277	1.322	1.327	1.327	1.348	1.361	1.282	1.287	1.446	1.434	1.197	1.246	1.238	1.225	1.278	1.282	1.299	1.333	1.180	1.319	1.302	1.325	1.550	1.490	1.480	1.337	1.341	1.280	1.311	1.330	0.954	1.337	1.360	1.338	1.367	1.332	1.334	1.484	1.528	1.371	1.356	1.352	1.138	1.408	1.314	1.302	1.305	1.344	1.335	1.356	1.356	1.635	1.338	1.401	1.250	1.359	1.328	1.317	1.258	1.314	1.309	1.350	1.339	1.363	1.656	1.649	1.516	1.211	1.536
23:51:12	37.0	1.271	1.273	1.294	1.253	1.276	1.279	1.323	1.327	1.328	1.350	1.362	1.283	1.289	1.447	1.435	1.198	1.246	1.239	1.226	1.278	1.283	1.300	1.335	1.182	1.320	1.303	1.327	1.552	1.493	1.480	1.339	1.341	1.281	1.312	1.332	0.952	1.340	1.361	1.335	1.367	1.331	1.334	1.485	1.528	1.370	1.356	1.351	1.139	1.409	1.315	1.303	1.306	1.345	1.336	1.357	1.357	1.636	1.339	1.402	1.251	1.363	1.328	1.313	1.256	1.315	1.316	1.346	1.331	1.364	1.657	1.651	1.517	1.212	1.536
23:55:12	37.0	1.272	1.274	1.295	1.253	1.277	1.280	1.323	1.329	1.328	1.350	1.362	1.285	1.290	1.448	1.437	1.198	1.247	1.240	1.227	1.280	1.284	1.302	1.337	1.183	1.321	1.303	1.329	1.553	1.494	1.481	1.339	1.341	1.283	1.312	1.333	0.955	1.342	1.362	1.334	1.368	1.331	1.335	1.486	1.531	1.368	1.355	1.351	1.139	1.411	1.315	1.304	1.308	1.346	1.337	1.358	1.360	1.636	1.340	1.405	1.252	1.363	1.333	1.317	1.262	1.317	1.312	1.358	1.348	1.361	1.659	1.649	1.519	1.213	1.537
23:59:12	37.0	1.274	1.276	1.296	1.255	1.278	1.281	1.325	1.331	1.330	1.352	1.363	1.286	1.291	1.449	1.437	1.200	1.248	1.240	1.228	1.280	1.284	1.302	1.338	1.183	1.323	1.304	1.331	1.555	1.497	1.483	1.341	1.341	1.284	1.313	1.333	0.954	1.343	1.366	1.334	1.368	1.331	1.335	1.487	1.532	1.367	1.357	1.351	1.141	1.413	1.318	1.307	1.310	1.348	1.340	1.359	1.362	1.638	1.342	1.406	1.252	1.363	1.327	1.329	1.258	1.318	1.313	1.356	1.341	1.359	1.661	1.649	1.520	1.215	1.539
24:03:12	37.0	1.274	1.277	1.296	1.256	1.280	1.282	1.325	1.331	1.331	1.353	1.363	1.287	1.291	1.450	1.438	1.200	1.249	1.241	1.229	1.282	1.285	1.304	1.340	1.187	1.326	1.305	1.333	1.556	1.498	1.484	1.340	1.342	1.284	1.313	1.330	0.955	1.350	1.365	1.334	1.367	1.329	1.335	1.488	1.534	1.366	1.359	1.350	1.144	1.413	1.320	1.308	1.312	1.348	1.341	1.359	1.362	1.637	1.343	1.407	1.252	1.365	1.325	1.336	1.238	1.320	1.310	1.360	1.358	1.359	1.661	1.649	1.520	1.213	1.539

Results
	1	2	3	4	5	6	7	8	9	10	11	12
A													Max V [mcherry:580,610]
													R-Squared [mcherry:580,610]
													t at Max V [mcherry:580,610]
													Lagtime [mcherry:580,610]
													Max V [BFP and GFP:370,445]
													R-Squared [BFP and GFP:370,445]
													t at Max V [BFP and GFP:370,445]
													Lagtime [BFP and GFP:370,445]
													Max V [BFP and GFP:485,510]
													R-Squared [BFP and GFP:485,510]
													t at Max V [BFP and GFP:485,510]
													Lagtime [BFP and GFP:485,510]
													Max V [od600:600]
													R-Squared [od600:600]
													t at Max V [od600:600]
													Lagtime [od600:600]
B	3425.000	3500.000	3050.000	2025.000	1975.000	1475.000	1800.000	1625.000	1900.000	1625.000	1675.000	1375.000	Max V [mcherry:580,610]
	0.980	0.920	0.661	0.622	0.879	0.673	0.908	0.612	0.682	0.897	0.772	0.549	R-Squared [mcherry:580,610]
	12:00:57	9:16:57	19:32:57	23:00:57	16:20:57	23:48:57	13:56:57	15:12:57	23:44:57	10:16:57	22:12:57	22:20:57	t at Max V [mcherry:580,610]
	9:40:24	7:57:18	16:00:33	19:12:54	14:02:43	20:52:24	12:55:37	14:01:27	22:32:13	9:44:13	20:51:31	20:42:37	Lagtime [mcherry:580,610]
	-45675.000	-70900.000	-65375.000	-76800.000	-69850.000	-75125.000	-58800.000	-71525.000	-70200.000	-87425.000	-79125.000	-87425.000	Max V [BFP and GFP:370,445]
	0.864	0.874	0.796	0.944	0.928	0.886	0.954	0.941	0.917	0.926	0.949	0.947	R-Squared [BFP and GFP:370,445]
	0:09:40	0:09:40	0:09:40	0:09:40	0:09:40	0:09:40	0:09:40	0:09:40	0:09:40	0:09:40	0:09:40	0:09:40	t at Max V [BFP and GFP:370,445]
	?????	?????	?????	?????	?????	?????	?????	?????	?????	?????	?????	?????	Lagtime [BFP and GFP:370,445]
	18800.000	17350.000	17400.000	17400.000	18400.000	18075.000	18250.000	15250.000	18650.000	20175.000	11850.000	17575.000	Max V [BFP and GFP:485,510]
	0.962	0.908	0.990	0.915	0.930	0.978	0.991	0.978	0.958	0.971	0.909	0.961	R-Squared [BFP and GFP:485,510]
	0:10:26	0:10:26	0:10:26	0:10:26	0:10:26	0:10:26	0:10:26	0:18:26	0:10:26	0:10:26	0:14:26	0:10:26	t at Max V [BFP and GFP:485,510]
	?????	?????	0:02:39	?????	?????	?????	?????	?????	?????	?????	0:06:52	?????	Lagtime [BFP and GFP:485,510]
	3.207	3.295	3.385	3.472	3.638	3.563	3.563	3.525	4.165	4.162	4.045	2.747	Max V [od600:600]
	0.998	0.998	0.996	0.996	0.993	0.997	0.995	0.993	0.999	0.997	0.990	0.980	R-Squared [od600:600]
	1:47:12	1:35:12	1:35:12	1:35:12	1:35:12	1:39:12	1:35:12	1:39:12	1:51:12	1:51:12	1:47:12	1:47:12	t at Max V [od600:600]
	1:05:48	1:03:09	1:01:47	1:03:31	1:03:51	1:05:12	1:01:29	1:02:56	1:10:23	1:09:18	1:08:08	1:03:44	Lagtime [od600:600]
C	3800.000	5100.000	4450.000	2200.000	1725.000	2050.000	-1175.000	1550.000	1725.000	-2000.000	2050.000	1450.000	Max V [mcherry:580,610]
	0.842	0.823	0.846	0.677	0.635	0.735	0.941	0.864	0.825	0.885	0.978	0.802	R-Squared [mcherry:580,610]
	22:08:57	20:36:57	23:16:57	13:24:57	22:32:57	21:48:57	17:12:57	8:16:57	23:24:57	9:12:57	14:04:57	13:28:57	t at Max V [mcherry:580,610]
	17:37:44	15:11:23	17:29:35	11:44:30	19:50:03	20:10:07	18:52:21	7:58:45	22:02:17	9:30:15	13:23:17	12:45:14	Lagtime [mcherry:580,610]
	-63875.000	-67750.000	-65875.000	-77675.000	-63850.000	-61925.000	-83925.000	-69425.000	-82650.000	-78550.000	-84200.000	-77350.000	Max V [BFP and GFP:370,445]
	0.927	0.990	0.958	0.949	0.953	0.909	0.978	0.983	0.981	0.999	0.969	0.970	R-Squared [BFP and GFP:370,445]
	0:09:40	0:09:40	0:09:40	0:09:40	0:09:40	0:09:40	0:09:40	0:09:40	0:09:40	0:09:40	0:09:40	0:09:40	t at Max V [BFP and GFP:370,445]
	?????	?????	?????	?????	?????	?????	?????	?????	0:01:45	?????	?????	?????	Lagtime [BFP and GFP:370,445]
	18825.000	6675.000	7650.000	-8600.000	15875.000	15550.000	16075.000	12875.000	16350.000	16550.000	13300.000	14425.000	Max V [BFP and GFP:485,510]
	0.921	0.880	0.830	0.921	0.924	0.935	0.929	0.929	0.968	0.989	0.989	0.878	R-Squared [BFP and GFP:485,510]
	0:10:26	8:46:26	8:10:26	1:46:26	0:18:26	0:22:26	0:10:26	0:10:26	0:10:26	0:10:26	0:10:26	0:10:26	t at Max V [BFP and GFP:485,510]
	?????	7:19:31	7:10:02	1:56:16	0:03:34	?????	?????	?????	?????	?????	?????	?????	Lagtime [BFP and GFP:485,510]
	3.445	3.200	3.290	3.278	3.472	3.447	3.490	3.235	3.502	3.953	3.662	3.560	Max V [od600:600]
	0.975	0.999	1.000	0.996	0.996	0.998	0.997	0.995	0.993	0.708	0.992	0.998	R-Squared [od600:600]
	7:55:12	1:39:12	1:39:12	1:39:12	1:39:12	1:39:12	1:39:12	1:39:12	1:39:12	3:47:12	1:39:12	1:43:12	t at Max V [od600:600]
	5:08:23	1:03:49	1:04:56	1:05:53	1:05:33	1:03:44	1:02:46	0:58:35	1:01:11	2:38:04	1:02:45	1:06:03	Lagtime [od600:600]
D	4200.000	3975.000	4950.000	9600.000	7950.000	8050.000	5075.000	5850.000	3950.000	1525.000	3700.000	1375.000	Max V [mcherry:580,610]
	0.833	0.928	0.954	0.910	0.859	0.917	0.839	0.986	0.776	0.714	0.815	0.966	R-Squared [mcherry:580,610]
	23:12:57	20:08:57	23:04:57	16:52:57	13:00:57	11:44:57	20:28:57	22:48:57	20:08:57	19:56:57	21:20:57	1:32:57	t at Max V [mcherry:580,610]
	18:09:34	15:35:23	18:28:40	11:51:13	9:18:09	8:26:34	16:40:16	18:49:56	16:39:17	18:50:27	15:34:44	1:26:07	Lagtime [mcherry:580,610]
	-54900.000	-69050.000	-59625.000	-67125.000	-59875.000	-75475.000	-69775.000	-71075.000	-71325.000	-71900.000	-79950.000	-79175.000	Max V [BFP and GFP:370,445]
	0.954	0.947	0.987	0.939	0.992	0.974	0.932	0.964	0.935	0.986	0.969	0.894	R-Squared [BFP and GFP:370,445]
	0:09:40	0:09:40	0:09:40	0:09:40	0:09:40	0:09:40	0:09:40	0:09:40	0:09:40	0:09:40	0:09:40	0:09:40	t at Max V [BFP and GFP:370,445]
	?????	?????	0:02:09	?????	?????	?????	?????	?????	?????	?????	?????	?????	Lagtime [BFP and GFP:370,445]
	15550.000	15050.000	15800.000	8850.000	11875.000	9450.000	10000.000	14700.000	12375.000	11350.000	14050.000	10975.000	Max V [BFP and GFP:485,510]
	0.962	0.951	0.940	0.803	0.982	0.974	0.897	0.930	0.953	0.957	0.991	0.992	R-Squared [BFP and GFP:485,510]
	0:10:26	0:10:26	0:10:26	21:54:26	11:14:26	13:34:26	0:14:26	0:10:26	0:14:26	0:10:26	0:10:26	0:10:26	t at Max V [BFP and GFP:485,510]
	?????	?????	?????	16:01:06	10:18:32	11:18:06	0:04:33	?????	0:03:59	?????	?????	?????	Lagtime [BFP and GFP:485,510]
	7.215	3.020	3.595	3.760	3.730	3.663	3.607	3.793	3.798	3.882	3.888	2.445	Max V [od600:600]
	0.909	0.997	0.839	0.996	1.000	0.999	0.999	0.998	0.997	0.998	0.881	0.983	R-Squared [od600:600]
	6:19:12	1:59:12	11:27:12	2:03:12	2:03:12	2:03:12	2:03:12	2:03:12	1:59:12	1:51:12	13:03:12	1:51:12	t at Max V [od600:600]
	5:14:29	1:03:52	7:10:02	1:14:19	1:12:42	1:14:35	1:14:08	1:15:37	1:14:27	1:07:41	8:42:09	1:12:43	Lagtime [od600:600]
E	5400.000	4250.000	5150.000	4450.000	5025.000	3750.000	10400.000	9925.000	4225.000	4925.000	6025.000	1300.000	Max V [mcherry:580,610]
	0.824	0.947	0.930	0.941	0.989	0.800	0.737	0.885	0.471	0.810	0.826	0.698	R-Squared [mcherry:580,610]
	22:40:57	16:08:57	20:40:57	20:56:57	21:04:57	17:56:57	21:12:57	22:00:57	22:04:57	22:24:57	22:48:57	12:36:57	t at Max V [mcherry:580,610]
	18:37:46	12:58:44	17:00:34	16:20:00	17:22:28	14:25:00	15:50:11	15:34:49	16:28:23	17:39:01	18:49:55	12:05:52	Lagtime [mcherry:580,610]
	-47825.000	-57875.000	-62300.000	-67225.000	-75250.000	-66050.000	-77525.000	-71875.000	-78550.000	-71575.000	-63300.000	-78425.000	Max V [BFP and GFP:370,445]
	0.927	0.905	0.931	0.940	0.958	0.946	0.985	0.921	0.947	0.938	0.940	0.858	R-Squared [BFP and GFP:370,445]
	0:09:40	0:09:40	0:09:40	0:09:40	0:09:40	0:09:40	0:09:40	0:09:40	0:09:40	0:09:40	0:09:40	0:09:40	t at Max V [BFP and GFP:370,445]
	?????	?????	?????	?????	?????	?????	?????	?????	?????	?????	?????	?????	Lagtime [BFP and GFP:370,445]
	-22700.000	16650.000	14925.000	15125.000	14325.000	10625.000	9725.000	8750.000	9425.000	12925.000	9000.000	15425.000	Max V [BFP and GFP:485,510]
	0.747	0.929	0.869	0.981	0.985	0.903	0.967	0.989	0.800	0.706	0.640	0.997	R-Squared [BFP and GFP:485,510]
	0:38:26	0:10:26	0:10:26	0:14:26	0:18:26	0:10:26	14:10:26	13:38:26	0:10:26	0:10:26	0:26:26	0:18:26	t at Max V [BFP and GFP:485,510]
	0:46:14	0:02:39	?????	0:02:40	0:03:18	?????	12:11:31	11:20:14	0:03:30	?????	0:08:29	?????	Lagtime [BFP and GFP:485,510]
	3.090	3.472	3.512	3.903	3.735	5.145	4.088	3.812	3.947	5.020	3.968	2.122	Max V [od600:600]
	1.000	0.999	0.997	0.998	0.999	0.908	0.998	0.999	0.997	0.861	0.998	0.984	R-Squared [od600:600]
	1:51:12	1:59:12	1:59:12	1:59:12	2:03:12	9:15:12	2:03:12	2:03:12	2:03:12	8:19:12	2:03:12	15:47:12	t at Max V [od600:600]
	1:07:00	1:09:03	1:13:23	1:17:51	1:15:26	6:36:59	1:19:30	1:15:34	1:16:44	5:57:14	1:16:01	9:46:26	Lagtime [od600:600]
F	1825.000	1850.000	1975.000	1575.000	1050.000	1575.000	1275.000	1075.000	3350.000	1475.000	1400.000	-1400.000	Max V [mcherry:580,610]
	0.903	0.760	0.663	0.858	0.873	0.942	0.933	0.454	0.721	0.929	0.889	0.747	R-Squared [mcherry:580,610]
	15:40:57	19:28:57	22:52:57	15:28:57	17:20:57	10:00:57	19:12:57	9:24:57	22:28:57	19:36:57	9:04:57	5:28:57	t at Max V [mcherry:580,610]
	13:45:20	17:54:15	21:37:06	14:39:56	16:07:37	9:44:42	18:34:41	9:11:33	19:18:37	19:12:24	8:59:23	5:28:57	Lagtime [mcherry:580,610]
	-65575.000	-64725.000	-63900.000	-72575.000	-80975.000	-72700.000	-68650.000	-79025.000	-71000.000	-79275.000	-71025.000	-76875.000	Max V [BFP and GFP:370,445]
	0.978	0.958	0.910	0.962	0.921	0.915	0.947	0.935	0.972	0.921	0.922	0.979	R-Squared [BFP and GFP:370,445]
	0:09:40	0:09:40	0:09:40	0:09:40	0:09:40	0:09:40	0:09:40	0:09:40	0:09:40	0:09:40	0:09:40	0:09:40	t at Max V [BFP and GFP:370,445]
	?????	?????	?????	0:02:01	?????	?????	?????	?????	?????	?????	?????	?????	Lagtime [BFP and GFP:370,445]
	17675.000	17600.000	11900.000	11800.000	17325.000	16025.000	19550.000	14275.000	5200.000	13500.000	10125.000	12975.000	Max V [BFP and GFP:485,510]
	0.915	0.935	0.954	0.909	0.987	0.938	0.946	0.930	0.820	0.824	0.930	0.976	R-Squared [BFP and GFP:485,510]
	0:10:26	0:10:26	0:10:26	0:10:26	0:10:26	0:14:26	0:10:26	0:18:26	18:22:26	0:10:26	0:22:26	0:10:26	t at Max V [BFP and GFP:485,510]
	?????	?????	?????	?????	?????	0:03:37	?????	0:10:18	16:54:56	?????	0:04:39	?????	Lagtime [BFP and GFP:485,510]
	3.625	4.368	3.485	3.650	3.790	3.415	3.763	3.665	3.622	3.757	3.613	2.985	Max V [od600:600]
	1.000	0.998	1.000	0.999	0.999	1.000	0.999	0.999	0.999	0.998	0.998	0.998	R-Squared [od600:600]
	1:47:12	10:27:12	1:47:12	1:47:12	1:47:12	1:43:12	1:47:12	1:43:12	1:47:12	1:47:12	1:43:12	1:47:12	t at Max V [od600:600]
	1:08:18	7:47:44	1:05:01	1:08:15	1:08:17	1:04:58	1:07:59	1:06:39	1:08:36	1:08:53	1:03:45	1:12:56	Lagtime [od600:600]
G	3225.000	2600.000	2825.000	2325.000	2850.000	2975.000	2600.000	2825.000	2150.000	4975.000	5275.000	8075.000	Max V [mcherry:580,610]
	0.835	0.828	0.833	0.771	0.760	0.973	0.748	0.916	0.930	0.900	0.685	0.977	R-Squared [mcherry:580,610]
	20:16:57	23:36:57	22:24:57	22:56:57	18:56:57	22:12:57	22:28:57	20:28:57	21:32:57	19:20:57	22:56:57	23:52:57	t at Max V [mcherry:580,610]
	18:31:24	21:02:43	20:11:00	20:40:36	17:26:55	20:13:13	19:45:34	18:47:43	18:29:03	16:12:24	19:02:43	20:19:06	Lagtime [mcherry:580,610]
	-67125.000	-61925.000	-65350.000	-70150.000	-74425.000	-75500.000	-78950.000	-81825.000	-88550.000	-79475.000	-74275.000	-71875.000	Max V [BFP and GFP:370,445]
	0.945	0.874	0.903	0.950	0.891	0.889	0.968	0.915	0.979	0.974	0.933	0.981	R-Squared [BFP and GFP:370,445]
	0:09:40	0:09:40	0:09:40	0:09:40	0:09:40	0:09:40	0:09:40	0:09:40	0:09:40	0:09:40	0:09:40	0:09:40	t at Max V [BFP and GFP:370,445]
	?????	?????	?????	?????	?????	?????	?????	?????	?????	?????	?????	?????	Lagtime [BFP and GFP:370,445]
	9925.000	8550.000	21075.000	12525.000	18475.000	16725.000	21275.000	14075.000	9650.000	-6975.000	5500.000	8475.000	Max V [BFP and GFP:485,510]
	0.885	0.915	0.970	0.915	0.969	0.902	0.972	0.975	0.871	0.932	0.919	0.878	R-Squared [BFP and GFP:485,510]
	0:10:26	0:22:26	0:10:26	0:10:26	0:10:26	0:10:26	0:10:26	0:10:26	0:10:26	1:46:26	23:06:26	21:02:26	t at Max V [BFP and GFP:485,510]
	?????	0:10:32	?????	?????	?????	?????	?????	0:02:40	0:02:35	1:48:42	21:03:05	19:20:35	Lagtime [BFP and GFP:485,510]
	3.532	3.743	3.920	3.665	5.645	3.953	4.062	3.647	3.733	4.245	4.405	3.145	Max V [od600:600]
	1.000	1.000	0.999	0.999	0.950	1.000	1.000	0.967	1.000	1.000	1.000	0.980	R-Squared [od600:600]
	1:51:12	2:03:12	2:03:12	2:07:12	16:11:12	2:11:12	2:11:12	21:11:12	2:07:12	2:07:12	2:07:12	7:31:12	t at Max V [od600:600]
	1:09:21	1:13:27	1:15:55	1:16:11	13:41:57	1:21:09	1:19:58	16:20:27	1:16:05	1:18:25	1:17:53	4:30:00	Lagtime [od600:600]
H											-1325.000	-1400.000	Max V [mcherry:580,610]
											0.823	0.947	R-Squared [mcherry:580,610]
											10:12:57	13:28:57	t at Max V [mcherry:580,610]
											10:18:41	13:33:40	Lagtime [mcherry:580,610]
											-78825.000	-75225.000	Max V [BFP and GFP:370,445]
											0.822	0.891	R-Squared [BFP and GFP:370,445]
											0:09:40	0:09:40	t at Max V [BFP and GFP:370,445]
											?????	?????	Lagtime [BFP and GFP:370,445]
											15000.000	4900.000	Max V [BFP and GFP:485,510]
											0.892	0.769	R-Squared [BFP and GFP:485,510]
											0:10:26	9:30:26	t at Max V [BFP and GFP:485,510]
											?????	10:19:03	Lagtime [BFP and GFP:485,510]
											2.743	6.172	Max V [od600:600]
											0.994	0.998	R-Squared [od600:600]
											4:03:12	4:43:12	t at Max V [od600:600]
											1:56:17	3:26:16	Lagtime [od600:600]

