

Software Version	3.09.07



Experiment File Path:	C:\Users\Public\Documents\Experiments\Kevin\KC_Experiment Iteration 3 1.5hours.xpt
Protocol File Path:	C:\Users\Public\Documents\Protocols\KC - GFP  RFP BFP.prt



Plate Number	Plate 3
Date	11/12/2024
Time	3:57:49 PM
Reader Type:	Synergy Neo2
Reader Serial Number:	1903282
Reading Type	Reader

Procedure Details

Plate Type	96 WELL PLATE
Well Selection	Runtime
Eject plate on completion	
Set Temperature	Setpoint 37°C, Gradient 0 °C
	Preheat before moving to next step
Start Kinetic	Runtime 12:00:00 (HH:MM:SS), Interval 0:04:00, 181 Reads
    Shake	Double Orbital: Continuous
	Frequency: 237 cpm (4 mm)
    Read	mcherry
	Fluorescence Endpoint
	Full Plate
	Filter Set 1
	    Excitation: 580/20,  Emission: 610/20
	    Optics: Bottom,  Gain: 80
	Light Source: Xenon Flash,  Lamp Energy: High,  Standard Dynamic Range
	Read Speed: Normal,  Delay: 100 msec,  Measurements/Data Point: 10
	Read Height: 7 mm
    Read	BFP and GFP
	Fluorescence Endpoint
	Full Plate
	Filter Set 1
	    Excitation: 370/20,  Emission: 445/20
	    Optics: Bottom,  Gain: 80
	Filter Set 2
	    Excitation: 485/20,  Emission: 510/20
	    Optics: Bottom,  Gain: 60
	Light Source: Xenon Flash,  Lamp Energy: High,  Standard Dynamic Range
	Read Speed: Normal,  Delay: 100 msec,  Measurements/Data Point: 10
	Read Height: 7 mm
    Read	od600
	Absorbance Endpoint
	Full Plate
	Wavelengths:  600
	Read Speed: Normal,  Delay: 100 msec,  Measurements/Data Point: 8
End Kinetic	
Set Temperature	Incubator off

Layout
	1	2	3	4	5	6	7	8	9	10	11	12
A													Well ID
B	SPL1	SPL7	SPL13	SPL19	SPL25	SPL31	SPL37	SPL43	SPL49	SPL55	SPL61	SPL67	Well ID
C	SPL2	SPL8	SPL14	SPL20	SPL26	SPL32	SPL38	SPL44	SPL50	SPL56	SPL62	SPL68	Well ID
D	SPL3	SPL9	SPL15	SPL21	SPL27	SPL33	SPL39	SPL45	SPL51	SPL57	SPL63	SPL69	Well ID
E	SPL4	SPL10	SPL16	SPL22	SPL28	SPL34	SPL40	SPL46	SPL52	SPL58	SPL64	SPL70	Well ID
F	SPL5	SPL11	SPL17	SPL23	SPL29	SPL35	SPL41	SPL47	SPL53	SPL59	SPL65	SPL71	Well ID
G	SPL6	SPL12	SPL18	SPL24	SPL30	SPL36	SPL42	SPL48	SPL54	SPL60	SPL66	SPL72	Well ID
H											SPL73	SPL74	Well ID

mcherry:580,610

Time	T° mcherry:580,610	B1	B2	B3	B4	B5	B6	B7	B8	B9	B10	B11	B12	C1	C2	C3	C4	C5	C6	C7	C8	C9	C10	C11	C12	D1	D2	D3	D4	D5	D6	D7	D8	D9	D10	D11	D12	E1	E2	E3	E4	E5	E6	E7	E8	E9	E10	E11	E12	F1	F2	F3	F4	F5	F6	F7	F8	F9	F10	F11	F12	G1	G2	G3	G4	G5	G6	G7	G8	G9	G10	G11	G12	H11	H12
0:01:24	37.0	85	91	91	91	99	96	95	100	98	97	99	100	92	96	104	98	99	100	102	106	104	105	103	101	91	93	94	93	96	94	94	94	101	98	103	97	93	95	98	97	100	100	98	99	100	103	104	105	108	104	105	106	107	106	102	104	108	109	110	104	98	99	98	97	100	100	100	98	99	102	103	102	96	101
0:05:24	37.0	88	91	89	91	95	96	97	100	102	101	98	102	91	95	101	101	99	102	95	100	101	105	104	103	89	96	96	97	96	99	94	96	99	100	102	99	93	95	94	94	102	101	98	97	93	101	104	101	106	104	104	109	101	107	105	103	106	104	102	103	100	102	98	94	101	98	101	98	103	99	103	104	95	94
0:09:24	37.0	87	92	91	89	95	95	98	96	100	99	100	99	92	100	102	97	97	100	100	100	102	102	101	102	86	95	95	96	97	93	97	94	98	100	100	101	91	94	97	97	98	97	95	100	93	100	103	101	104	107	105	108	107	106	106	106	109	112	106	106	99	96	99	98	96	95	100	99	101	103	101	101	92	97
0:13:24	36.9	83	89	88	90	98	97	99	100	100	104	100	104	91	101	99	99	97	98	99	102	99	100	103	101	88	97	95	92	94	95	94	97	100	98	97	98	91	97	95	96	97	99	95	99	93	100	103	102	110	107	105	106	109	105	106	109	109	111	107	103	96	98	99	96	99	98	99	96	99	99	103	101	91	97
0:17:24	37.0	87	88	91	91	95	96	97	98	101	101	101	101	93	96	100	98	102	97	99	102	105	105	105	108	89	95	94	93	95	97	98	94	100	99	99	102	95	99	98	102	102	101	96	99	94	104	102	103	109	109	109	113	104	109	109	109	114	115	108	105	96	99	98	99	96	96	104	101	100	102	104	105	94	97
0:21:24	37.0	88	90	92	91	97	98	93	98	101	99	105	101	93	99	100	98	102	98	102	102	99	105	102	107	90	97	93	94	96	98	95	100	99	100	96	102	90	95	98	99	102	100	99	96	94	101	102	106	111	108	114	108	109	112	114	114	111	112	114	102	99	102	95	103	95	96	100	103	98	102	99	102	99	96
0:25:24	37.0	89	89	89	89	94	95	98	96	97	101	102	97	93	97	100	99	102	97	102	100	103	102	101	103	88	92	95	95	96	92	98	95	96	100	99	97	93	99	95	99	98	100	98	98	93	102	105	105	109	111	111	111	109	111	109	114	112	112	110	102	100	99	99	99	95	98	99	100	100	103	98	103	94	96
0:29:24	37.0	88	91	92	90	95	93	94	95	99	102	104	100	97	101	101	98	99	97	99	100	104	105	103	106	88	96	92	94	98	96	94	99	99	102	105	94	91	93	97	97	99	100	97	98	94	101	104	102	109	112	112	110	112	116	113	113	112	114	111	104	98	96	95	98	100	96	98	95	103	99	104	102	92	97
0:33:24	37.0	91	88	90	89	99	96	94	96	100	101	100	100	99	99	100	104	98	96	98	101	106	104	103	102	89	93	95	93	95	96	93	96	96	99	101	97	93	97	94	96	99	103	99	99	91	103	101	100	111	115	114	113	107	113	111	110	116	118	112	99	97	95	97	94	98	97	101	102	100	100	100	100	96	95
0:37:24	37.0	90	92	93	89	95	94	97	91	93	97	97	98	102	99	102	101	103	97	100	102	100	102	105	102	85	95	95	94	94	94	97	95	99	101	95	102	90	95	98	93	104	101	98	98	94	99	105	103	113	114	117	114	110	118	116	116	118	117	115	101	96	96	97	96	97	97	99	101	101	101	99	102	90	95
0:41:24	37.0	92	89	90	90	91	93	90	96	97	100	99	100	100	98	105	99	99	99	99	96	103	104	103	101	87	94	92	93	98	92	93	90	97	98	100	102	92	94	93	98	98	99	97	98	93	101	102	101	115	115	117	119	113	119	114	116	120	118	111	99	101	100	95	97	98	94	98	99	98	99	103	98	91	96
0:45:24	37.0	92	94	92	91	92	93	95	97	95	97	101	95	103	103	101	101	99	98	100	95	103	107	105	103	88	92	93	94	97	95	95	94	94	97	98	97	91	100	96	96	99	95	97	97	95	100	105	103	120	120	115	116	119	119	119	117	119	123	114	98	92	97	97	96	99	98	99	100	100	101	99	102	90	96
0:49:24	37.0	94	90	93	91	92	97	94	97	100	98	101	102	109	109	108	103	98	101	101	99	103	101	105	107	87	91	94	95	97	93	93	97	94	100	97	102	94	96	96	98	97	98	100	96	99	102	100	103	118	122	115	117	118	121	120	120	119	117	120	104	97	96	98	100	96	96	100	100	103	97	103	103	90	95
0:53:24	37.0	96	91	93	91	98	99	96	98	97	100	98	100	111	111	110	103	102	99	98	101	104	103	104	105	88	96	96	95	99	101	94	96	100	104	101	103	94	98	97	97	101	101	102	98	97	104	106	105	119	127	125	125	121	123	126	121	123	125	117	99	95	99	99	97	100	98	99	99	103	103	105	100	94	96
0:57:24	37.0	97	94	97	93	95	95	93	96	96	99	100	99	112	111	110	100	101	102	94	103	101	103	104	106	90	94	95	92	94	95	94	97	98	94	95	100	95	97	97	101	102	100	97	99	97	102	104	104	122	125	123	123	124	121	122	119	129	125	118	100	98	100	99	99	97	98	96	101	102	100	102	107	91	99
1:01:24	37.0	98	101	95	92	98	94	98	98	94	103	107	102	119	111	109	107	101	105	100	104	108	105	102	109	92	98	93	93	94	99	96	98	102	96	99	101	98	98	97	97	97	103	101	100	98	107	108	105	123	123	126	126	122	124	124	127	126	123	117	105	99	97	98	99	99	98	99	100	100	104	105	105	96	102
1:05:24	37.0	97	98	101	95	97	97	96	99	98	99	101	105	117	116	116	109	105	104	103	100	104	106	105	107	91	92	96	96	98	95	95	95	97	101	98	101	94	97	98	98	102	101	99	100	101	105	108	108	129	125	127	122	127	126	125	121	129	122	124	101	100	93	99	102	97	98	103	99	100	102	104	101	94	98
1:09:24	37.0	102	104	103	94	94	99	100	99	100	98	107	100	131	120	119	110	109	105	105	104	105	104	104	108	90	93	93	93	99	98	97	96	96	99	101	98	92	98	101	97	101	101	100	99	96	105	105	102	129	128	124	129	131	130	131	129	130	128	127	104	100	100	106	104	100	99	99	98	102	105	105	108	96	97
1:13:24	37.0	103	98	100	94	101	94	98	99	97	104	99	104	126	119	122	109	107	106	105	100	102	107	106	106	90	97	92	94	96	98	94	96	102	100	101	103	96	100	99	97	103	102	100	98	98	106	107	105	132	129	132	131	128	133	127	129	131	128	124	102	99	101	98	100	102	102	102	100	103	101	105	104	94	97
1:17:24	37.0	106	100	104	98	99	95	98	100	101	102	101	104	134	123	126	114	106	103	106	103	105	106	106	111	91	96	96	98	97	98	97	96	101	102	101	101	103	100	103	98	100	101	97	103	98	106	107	102	131	131	128	136	135	135	131	129	138	124	125	102	101	100	102	98	94	98	100	100	102	101	101	104	94	100
1:21:24	37.0	108	106	107	101	100	98	100	101	104	98	103	98	135	128	125	118	114	103	104	102	113	107	111	108	91	99	95	97	100	98	97	103	103	102	99	100	101	103	101	99	101	103	102	100	102	106	107	107	134	129	132	135	132	133	133	139	135	131	134	105	101	97	102	100	100	101	100	100	101	104	103	104	96	96
1:25:24	37.0	109	113	103	100	99	98	98	104	100	97	104	105	140	130	128	117	111	110	108	103	106	106	114	109	92	97	94	100	101	98	99	102	99	102	104	102	102	101	97	102	107	101	103	102	102	105	110	107	132	134	137	136	136	134	134	133	135	136	134	106	99	98	100	95	100	96	104	101	104	104	107	107	90	98
1:29:24	37.0	113	110	108	101	103	101	99	101	100	105	102	105	144	133	135	128	118	111	108	105	107	107	109	106	92	97	98	95	96	98	96	98	99	102	106	104	98	102	101	103	103	103	105	105	104	108	109	111	136	139	137	137	137	138	138	138	131	136	129	108	102	99	102	101	96	105	102	99	104	104	105	109	99	95
1:33:24	37.0	117	112	106	103	104	101	99	104	101	102	105	104	150	139	136	126	116	113	112	106	107	107	113	113	96	96	95	99	100	98	97	100	102	104	105	104	101	100	102	103	104	103	103	104	102	109	110	112	138	138	146	136	136	138	139	136	138	139	133	107	102	105	101	102	104	103	107	102	105	110	107	111	93	100
1:37:24	37.0	117	115	112	105	100	101	99	97	102	106	104	104	151	141	141	127	117	113	109	104	111	110	110	113	96	94	97	98	97	101	96	100	103	104	104	105	104	101	102	103	107	104	106	101	104	109	113	110	135	134	140	141	138	136	144	134	140	138	137	107	100	101	100	100	98	100	101	104	102	108	110	110	94	96
1:41:24	37.0	118	115	111	107	103	99	102	103	104	100	105	107	161	141	144	132	114	112	110	110	110	113	109	111	96	99	96	98	97	97	99	96	102	101	102	101	104	102	103	101	106	106	105	103	105	111	113	107	141	138	142	142	137	139	143	140	138	141	135	109	99	103	101	100	99	104	104	101	101	107	105	107	94	99
1:45:24	37.0	121	119	112	110	107	104	102	104	104	101	103	105	168	143	150	135	124	120	113	109	110	108	113	115	98	98	100	100	100	99	98	103	104	101	109	107	104	105	101	107	101	106	103	103	106	109	114	109	139	142	139	146	139	141	142	143	147	142	136	108	105	104	100	100	102	100	103	102	106	106	108	108	98	97
1:49:24	37.0	133	121	114	110	105	104	104	102	102	103	103	107	168	158	155	139	129	119	108	108	114	111	112	118	96	100	103	99	99	99	99	103	104	107	107	108	107	106	106	106	107	109	106	109	105	109	116	113	141	143	140	140	145	144	145	145	144	145	138	112	104	102	104	99	106	107	105	102	106	107	107	106	98	98
1:53:24	37.0	128	120	117	113	111	105	102	107	106	105	102	105	180	157	153	138	129	121	112	109	114	111	112	114	100	102	97	99	101	102	99	102	101	105	103	105	102	105	108	105	110	105	105	105	109	108	114	113	139	136	143	146	140	148	144	143	147	145	139	109	105	105	103	105	105	105	107	103	103	113	113	114	96	97
1:57:24	37.0	134	122	126	119	109	110	99	103	104	107	106	109	186	164	164	149	131	120	118	109	117	110	113	112	100	99	97	98	100	100	101	98	104	104	107	110	105	107	105	108	110	108	109	108	110	111	114	115	143	140	142	146	148	146	148	145	149	148	149	112	103	105	106	106	103	106	107	107	109	107	110	112	96	101
2:01:24	37.0	136	127	127	124	107	105	105	105	102	107	107	107	195	170	175	151	137	128	120	113	119	115	117	117	99	97	102	99	102	100	103	100	108	108	106	108	105	109	104	108	109	110	105	108	112	114	114	115	146	144	147	144	146	146	150	149	154	152	142	110	102	104	101	104	104	103	106	106	111	107	115	114	98	100
2:05:24	37.0	141	135	131	122	110	107	105	106	108	107	106	110	203	180	174	155	141	131	120	114	117	115	115	117	98	104	100	101	100	102	102	101	105	109	106	108	107	108	108	111	111	112	112	113	112	115	117	116	149	148	157	147	151	150	152	152	151	150	144	110	106	104	102	101	104	103	110	106	110	113	113	117	95	100
2:09:24	37.0	139	132	136	128	115	111	107	108	111	105	108	107	213	179	183	162	145	132	121	118	118	117	114	117	97	98	97	101	102	103	100	106	106	111	106	109	111	108	109	109	114	110	110	112	114	115	122	119	155	144	150	150	150	152	150	158	151	154	148	112	107	105	105	106	105	107	106	105	111	115	110	116	96	100
2:13:24	37.0	146	138	136	127	117	110	109	110	108	109	110	110	227	187	186	168	148	133	123	116	115	114	118	120	100	101	99	101	102	102	101	105	106	106	105	108	110	112	110	110	110	109	113	108	115	121	120	118	151	151	148	151	152	155	149	154	156	156	150	115	104	105	105	104	106	104	105	106	110	111	113	120	95	99
2:17:24	36.9	149	141	140	127	117	113	111	108	108	111	104	108	231	195	198	176	156	135	129	117	121	116	121	118	100	102	102	102	101	105	102	104	105	105	108	107	112	113	110	109	114	114	113	113	117	117	121	120	156	149	151	152	155	156	160	155	160	154	154	113	105	108	102	107	108	104	104	107	108	113	113	116	97	102
2:21:24	37.0	155	152	145	135	117	115	110	109	109	110	110	113	234	197	201	179	156	140	129	120	119	120	117	121	102	106	104	102	105	103	107	108	103	109	108	111	115	114	108	113	115	114	110	116	115	117	120	118	157	151	154	157	155	154	157	156	156	156	151	114	105	105	107	101	108	105	108	111	109	109	114	116	97	93
2:25:24	37.0	158	150	148	137	119	117	111	109	109	111	112	111	244	207	215	185	157	142	132	129	125	123	118	119	102	98	103	102	104	106	101	104	105	110	111	109	114	113	112	109	113	116	113	116	114	121	119	123	159	149	155	153	153	161	156	160	162	157	157	118	105	106	104	106	105	105	107	111	110	117	115	125	98	96
2:29:24	37.0	159	149	149	143	127	117	112	113	111	111	113	112	258	218	219	198	174	149	133	122	123	121	122	123	103	102	104	102	107	104	103	106	109	111	112	113	118	115	112	113	112	112	117	116	115	120	122	122	160	161	157	158	157	165	158	158	166	158	163	114	108	108	106	101	104	108	109	112	114	111	115	122	100	100
2:33:24	37.0	165	155	154	145	127	122	112	111	115	115	113	114	267	215	230	199	172	154	135	131	126	124	121	124	103	102	105	107	103	104	107	111	109	108	111	113	114	117	111	115	115	116	116	116	116	119	125	123	163	155	160	161	164	163	162	166	163	157	159	122	108	111	110	111	106	108	109	113	113	116	120	123	97	97
2:37:24	37.0	167	160	158	151	129	119	115	110	112	109	113	111	278	238	228	205	178	157	140	126	126	125	128	126	104	105	105	104	104	108	107	107	108	113	111	113	117	120	115	114	120	117	115	118	123	124	125	122	168	157	163	160	165	170	171	164	165	163	163	120	103	107	107	107	111	108	111	112	113	113	116	125	94	97
2:41:24	37.0	176	163	166	155	132	124	117	114	117	115	114	114	289	237	243	209	181	158	143	133	128	120	124	131	100	105	104	100	106	102	110	105	108	109	108	115	117	113	119	120	118	120	117	117	125	121	125	126	166	165	164	166	162	172	169	168	168	170	171	122	107	109	104	109	112	105	110	110	115	121	124	129	95	98
2:45:24	37.0	185	170	171	160	135	120	114	114	112	117	114	114	298	247	254	222	188	164	145	136	135	129	129	133	107	107	106	106	108	108	108	110	109	117	113	117	122	113	116	117	121	123	118	120	121	123	128	125	167	168	166	171	167	172	172	171	169	172	170	121	107	109	108	106	107	110	109	114	108	119	120	128	96	100
2:49:24	37.0	185	177	180	166	138	126	120	118	112	115	117	117	309	259	261	230	192	165	149	140	133	130	128	132	109	107	103	113	107	107	108	110	114	114	114	111	125	119	120	119	122	119	118	124	128	124	128	128	171	169	172	171	168	173	177	170	174	170	177	126	113	109	112	112	104	107	109	111	117	113	121	128	95	96
2:53:24	37.0	195	186	188	170	139	132	120	121	120	115	118	117	325	265	273	238	195	172	152	138	140	132	129	136	110	108	107	107	111	108	109	111	116	115	118	119	124	120	115	119	126	120	124	124	133	125	129	131	175	168	177	174	171	177	172	175	183	176	169	125	111	108	112	111	113	112	109	116	117	123	122	131	94	97
2:57:24	37.0	194	193	188	172	144	130	124	118	119	113	121	120	342	269	274	242	205	178	154	141	142	133	132	135	112	107	111	106	113	111	110	110	113	118	116	116	127	122	120	119	120	123	119	122	129	126	134	131	178	175	177	179	173	181	175	176	180	181	174	127	110	112	110	108	110	108	110	115	115	120	122	134	94	99
3:01:24	37.0	210	196	199	182	151	134	124	118	117	123	117	122	349	290	289	249	218	181	159	144	148	137	134	141	112	110	104	113	110	109	111	115	115	122	119	120	125	127	124	122	124	128	126	128	133	131	136	132	183	177	176	181	178	182	181	179	178	184	178	130	113	112	109	112	110	110	112	114	120	123	123	132	99	100
3:05:24	37.0	215	202	204	185	153	132	129	123	120	121	123	122	362	299	295	257	216	187	169	151	154	141	139	141	113	114	112	112	110	108	111	116	118	117	120	123	132	124	123	124	126	129	127	126	136	133	142	139	188	183	186	186	187	188	185	182	187	186	182	133	114	110	110	111	113	110	111	116	120	121	129	137	95	96
3:09:24	37.0	223	218	211	182	158	145	127	123	122	123	122	126	377	312	310	269	233	196	172	150	155	140	142	148	117	112	112	110	115	116	112	119	119	115	122	120	132	130	125	127	130	128	133	131	132	132	141	136	196	180	182	183	184	189	185	187	188	189	184	134	110	113	115	114	116	115	116	117	122	128	127	141	96	102
3:13:24	37.0	230	223	220	197	162	145	133	125	120	122	121	128	391	319	323	281	233	200	174	154	158	143	139	147	114	114	110	113	116	111	114	119	118	120	119	125	132	131	132	126	136	131	131	132	138	135	140	138	196	185	189	193	185	193	190	191	193	193	185	137	116	113	116	116	114	113	113	121	123	121	134	143	93	102
3:17:24	37.0	235	232	230	200	167	145	139	130	122	130	123	124	407	342	337	290	244	205	186	156	159	152	141	149	116	116	115	117	113	113	116	116	125	121	121	124	136	132	129	130	128	136	136	135	141	140	140	141	196	195	190	195	190	197	192	195	195	198	193	135	114	114	110	114	116	116	119	118	123	129	132	144	94	101
3:21:24	37.0	244	234	237	210	169	152	140	132	126	128	128	128	430	347	354	302	246	211	184	164	166	151	145	159	121	116	114	119	114	116	117	117	119	124	126	128	147	133	132	130	134	138	140	138	144	144	143	153	203	195	193	198	194	199	196	195	203	200	198	134	115	116	117	112	118	114	118	120	124	129	130	145	96	99
3:25:24	37.0	250	247	239	220	177	155	140	132	129	129	128	130	450	366	371	317	261	219	183	156	173	151	149	158	119	118	117	119	121	119	119	118	121	124	128	126	143	135	133	132	135	139	136	139	146	143	148	149	210	202	202	199	198	206	203	199	205	204	202	142	115	115	119	118	120	118	116	121	126	129	133	149	97	97
3:29:24	37.0	255	247	252	220	181	157	142	137	129	131	132	130	455	375	384	330	265	225	196	166	182	154	148	154	121	117	115	119	117	120	126	123	122	130	127	133	146	138	137	138	137	136	141	139	150	148	149	155	215	199	204	206	202	207	202	208	210	214	206	150	121	114	118	117	116	118	125	125	125	130	136	155	99	98
3:33:24	37.0	260	260	263	226	184	163	147	136	136	126	127	133	462	393	398	333	272	240	200	173	185	158	150	162	123	120	122	120	123	119	122	125	125	131	129	130	148	141	135	142	140	145	141	143	152	151	154	154	217	203	208	206	211	217	207	209	216	213	214	151	119	117	118	117	115	122	119	121	127	131	138	158	98	99
3:37:24	37.0	273	266	266	237	188	161	153	135	133	130	135	134	489	400	417	353	288	240	209	175	191	158	159	165	126	120	121	118	121	123	128	125	125	133	130	133	155	141	143	147	144	142	144	144	158	154	154	164	231	207	209	212	212	217	220	216	220	217	217	155	120	121	118	123	120	116	119	126	132	134	143	159	93	99
3:41:24	37.0	273	280	268	244	201	166	152	141	136	134	135	137	508	423	434	363	295	246	204	179	195	161	158	171	128	125	126	120	127	124	123	129	127	133	133	134	156	147	143	141	142	148	148	149	159	151	155	162	230	217	216	218	218	222	218	221	225	223	219	157	121	126	115	119	121	123	122	125	129	132	144	159	95	97
3:45:24	37.0	285	284	282	246	202	174	154	139	136	138	139	138	523	447	451	372	308	256	214	182	210	168	162	174	128	129	123	125	129	129	130	127	133	135	133	136	160	145	144	148	148	145	151	151	162	155	157	166	241	214	222	220	227	229	226	228	226	229	228	159	124	120	122	124	122	126	124	129	131	141	143	167	101	98
3:49:24	37.0	291	282	293	251	209	178	160	146	138	140	141	143	535	465	465	395	317	261	215	185	206	171	161	177	129	123	126	130	128	128	126	129	130	134	136	136	159	148	148	151	148	146	151	158	164	159	161	175	244	226	226	229	226	232	230	228	232	230	233	167	119	122	124	123	120	124	127	123	131	137	146	164	97	102
3:53:24	37.0	293	299	294	254	212	185	163	149	146	141	139	143	549	494	471	404	324	271	226	188	219	169	168	180	134	130	129	128	128	127	132	137	135	137	144	141	163	156	148	148	149	155	152	157	168	163	165	169	257	233	232	233	232	234	231	240	241	238	236	165	123	125	128	124	123	125	127	128	134	141	147	167	94	100
3:57:24	36.9	299	308	308	264	220	185	165	146	148	143	141	144	558	508	492	414	333	285	229	192	218	175	174	179	133	129	129	125	131	137	133	135	133	137	141	140	168	156	154	153	152	158	160	157	176	162	165	177	261	232	237	244	243	246	240	243	243	244	247	173	122	131	129	124	124	123	129	129	135	144	147	175	98	99
4:01:24	37.0	311	311	313	270	225	195	169	151	148	143	142	146	576	524	503	436	345	284	235	201	227	178	174	180	136	127	130	132	133	128	135	133	135	138	144	144	165	161	157	158	154	157	166	161	173	165	168	181	263	244	242	246	245	243	242	248	246	252	251	176	125	126	126	125	127	127	128	130	139	141	155	174	99	98
4:05:24	37.0	312	314	325	273	231	195	169	159	146	149	146	153	599	546	525	446	362	288	240	200	231	178	178	193	140	132	134	133	135	135	137	144	137	145	145	147	172	165	157	159	158	154	161	165	177	172	171	182	277	248	249	256	252	249	256	253	256	255	265	185	126	128	123	129	129	127	131	135	139	144	153	178	96	96
4:09:24	37.0	323	329	326	290	239	197	177	161	147	147	154	146	597	572	557	459	366	299	246	206	241	187	183	191	142	135	133	136	134	134	139	139	143	143	149	149	177	165	160	163	156	167	162	165	187	170	182	191	279	255	253	263	258	258	256	258	269	267	262	185	126	128	125	128	125	131	131	133	141	150	158	184	97	99
4:13:24	37.0	329	332	329	293	240	204	177	160	154	153	154	154	616	588	568	476	386	304	249	209	245	191	180	195	141	137	131	134	139	137	139	144	145	150	150	152	180	165	165	165	162	169	166	169	182	177	180	185	284	267	265	265	264	261	264	267	271	276	275	189	126	130	132	129	130	129	129	139	143	150	158	187	99	99
4:17:24	37.0	331	362	341	295	254	212	182	162	156	159	155	157	640	615	577	486	387	310	259	213	251	191	191	194	142	138	137	140	145	140	145	144	145	151	149	157	185	166	163	166	169	173	171	176	195	181	179	187	295	269	271	274	273	270	270	278	281	281	285	192	128	129	132	130	131	129	134	138	140	155	160	189	98	101
4:21:24	37.0	339	364	353	307	257	216	187	164	165	161	161	159	652	632	597	502	399	314	258	222	256	196	184	193	149	142	142	141	141	140	145	147	149	155	158	154	187	173	173	171	164	175	168	179	198	183	184	192	308	273	282	279	280	276	280	283	291	287	292	200	126	128	135	134	134	130	137	139	142	155	165	195	94	103
4:25:24	37.0	342	366	348	316	261	215	184	168	162	159	160	163	663	661	630	527	401	320	269	225	263	197	197	196	146	138	140	140	144	152	150	150	152	153	158	155	192	177	174	174	170	178	174	182	201	185	193	201	316	285	285	292	288	289	287	288	294	295	300	210	136	136	135	134	131	137	138	144	144	155	167	195	93	98
4:29:24	36.9	345	361	363	325	275	222	188	174	168	168	166	167	671	679	632	538	415	336	280	228	273	208	199	201	152	145	146	144	145	151	151	152	155	159	159	163	197	181	177	179	175	178	175	185	202	188	193	200	320	298	294	300	298	304	292	295	301	309	311	215	132	139	137	136	135	137	138	144	146	158	168	205	98	100
4:33:24	37.0	353	379	371	329	273	227	197	177	169	165	168	166	682	708	647	551	422	344	274	236	277	205	204	200	149	141	146	145	146	148	153	155	160	158	163	165	197	188	182	176	179	179	184	184	204	194	192	201	340	304	303	308	305	311	305	312	310	312	314	214	137	137	134	138	139	139	138	144	149	159	171	209	93	99
4:37:24	37.0	354	393	385	335	277	236	206	178	168	167	170	170	697	728	670	567	441	345	287	241	281	216	207	205	158	149	149	150	149	152	153	154	157	166	165	164	199	188	185	182	180	185	185	191	208	200	203	207	349	312	313	313	314	318	316	316	321	329	326	214	138	139	138	139	138	140	139	144	154	164	177	211	96	99
4:41:24	37.0	355	399	387	347	297	234	204	182	171	168	174	175	712	747	698	577	456	354	292	238	293	213	210	206	157	157	155	153	153	153	160	157	161	169	164	171	202	192	186	185	184	190	189	196	206	202	208	209	361	326	323	326	322	330	326	329	328	338	337	220	136	143	138	143	138	137	142	143	152	169	181	217	98	98
4:45:24	37.0	359	397	394	346	301	248	212	186	177	177	174	180	713	758	717	594	458	364	292	248	293	220	219	218	162	149	150	158	155	153	159	161	167	170	175	175	209	191	188	187	190	195	195	196	219	207	212	212	370	336	332	336	337	336	340	338	342	348	350	222	137	147	141	143	139	142	143	151	155	171	184	224	96	101
4:49:24	37.0	362	411	407	359	309	250	211	197	186	185	180	179	729	781	716	605	470	371	296	254	302	223	219	222	169	159	156	156	155	159	163	165	169	170	175	176	212	197	199	193	189	198	203	202	223	206	213	217	386	347	336	339	347	345	341	341	356	357	359	225	144	146	142	144	144	147	148	151	157	170	185	220	97	100
4:53:24	37.0	372	416	406	371	307	253	221	195	186	183	183	187	738	798	742	615	477	374	312	261	305	227	224	227	167	164	159	160	159	167	166	168	171	175	178	180	218	204	192	195	193	202	204	205	227	212	225	223	393	361	351	355	356	357	353	357	359	366	364	227	144	147	142	145	151	144	149	151	166	173	189	226	97	100
4:57:24	37.0	371	430	418	364	319	256	222	201	191	184	187	190	758	831	758	628	485	388	314	262	320	239	234	230	170	164	170	162	166	171	171	175	174	177	182	182	224	210	199	198	195	199	207	213	229	218	224	223	415	371	362	362	370	365	365	367	372	374	380	234	145	151	153	148	140	146	151	153	165	174	186	229	95	98
5:01:24	37.0	370	421	419	373	325	272	222	201	192	184	189	189	754	840	765	644	491	394	324	272	318	240	227	238	176	158	165	159	170	163	173	173	176	176	179	186	226	208	204	202	205	209	209	216	230	227	229	232	425	381	371	381	368	376	374	377	384	384	398	234	145	150	146	147	148	150	150	155	168	176	199	239	95	104
5:05:24	37.0	381	429	428	378	328	266	221	208	194	187	194	195	758	880	796	662	509	397	329	271	327	243	235	237	173	168	167	163	169	169	175	177	178	185	182	187	228	212	206	206	210	217	217	211	235	230	235	238	442	389	383	384	382	387	386	388	395	399	404	241	144	149	148	150	150	145	153	157	166	179	195	243	95	101
5:09:24	37.0	378	442	433	395	336	270	231	208	196	193	198	199	774	904	817	669	524	419	333	279	324	252	241	244	177	170	170	169	173	171	177	181	183	187	186	190	229	219	213	212	211	224	217	219	237	227	246	241	451	402	396	400	397	398	396	401	406	412	419	244	147	157	148	149	151	151	155	156	170	180	205	246	96	98
5:13:24	37.0	377	445	436	392	344	273	233	212	198	197	199	202	783	931	830	670	526	420	338	286	330	250	245	243	172	169	170	174	174	177	177	182	187	187	194	196	236	223	215	214	216	217	225	227	243	234	247	244	467	417	413	408	406	411	416	408	410	423	423	245	147	154	155	149	149	151	156	158	174	181	201	251	93	97
5:17:24	37.0	380	461	441	407	350	280	245	222	203	200	203	204	793	943	855	685	547	435	349	289	342	257	245	247	182	174	170	174	182	180	184	187	190	189	194	198	244	229	218	217	212	230	229	230	246	237	242	255	471	429	421	425	419	424	427	421	423	435	438	247	154	153	155	156	157	152	160	162	172	189	210	255	95	96
5:21:24	37.0	381	457	454	409	357	288	249	220	207	210	203	205	814	954	864	710	565	440	356	290	348	268	262	255	181	177	175	177	182	183	184	182	192	198	203	204	242	228	221	221	221	230	231	232	250	244	252	259	495	436	437	437	422	437	427	435	440	451	457	256	153	155	154	152	153	151	161	161	176	191	214	259	95	95
5:25:24	37.0	388	471	462	413	358	300	257	223	208	208	209	215	815	974	878	730	569	455	369	300	352	271	262	264	188	179	189	176	185	186	189	190	196	196	204	211	249	236	224	229	229	233	233	239	259	246	255	268	510	447	441	448	439	441	448	441	453	461	453	255	154	162	156	161	159	156	156	167	183	197	214	263	93	98
5:29:24	37.0	385	476	472	429	366	305	257	235	213	215	214	214	819	1014	902	731	584	457	365	309	352	276	267	266	186	181	183	186	181	190	191	203	202	206	200	208	248	237	238	231	231	243	245	246	266	257	260	272	519	456	460	458	457	461	457	453	461	478	480	255	161	165	161	159	158	155	169	166	181	197	217	270	96	100
5:33:24	37.0	388	479	470	428	378	311	268	233	223	218	220	222	829	1021	903	744	597	472	384	307	356	279	273	273	191	188	181	185	189	188	199	196	200	203	209	215	251	242	236	232	236	250	242	250	265	263	271	268	543	461	468	462	459	472	470	471	469	481	487	262	158	168	165	158	157	160	168	169	178	198	218	278	92	98
5:37:24	37.0	381	483	481	433	389	312	270	243	228	221	225	230	824	1033	919	759	602	477	387	328	358	288	279	274	196	189	195	189	199	196	199	200	198	208	214	218	258	246	244	237	237	241	252	253	261	268	269	278	541	485	488	485	482	486	479	493	484	495	496	262	163	165	162	158	159	167	161	172	186	207	224	280	91	99
5:41:24	36.9	383	484	487	444	399	325	266	237	230	225	223	230	844	1058	934	773	611	490	394	323	368	292	279	279	192	195	197	193	197	202	205	201	215	218	214	220	254	247	250	247	248	251	254	257	279	266	277	282	558	491	495	492	491	500	493	498	494	509	519	275	164	169	167	162	164	164	167	176	192	204	224	280	94	98
5:45:24	37.0	378	485	498	433	397	334	274	247	230	230	227	234	850	1071	963	790	621	505	403	333	379	293	291	292	203	192	195	197	204	207	210	206	214	219	220	220	267	256	250	251	248	261	262	268	272	271	289	280	570	512	507	510	494	509	493	508	506	527	530	283	164	171	171	167	170	163	168	180	192	208	238	289	92	100
5:49:24	37.0	373	504	501	451	411	332	279	252	240	232	236	234	848	1101	973	805	641	511	411	338	387	307	298	296	199	203	195	201	208	204	218	209	217	222	226	226	271	266	259	250	252	269	260	272	279	274	286	292	579	521	518	522	517	519	519	516	517	535	545	283	170	170	167	171	165	172	178	179	193	212	242	298	95	99
5:53:24	37.0	365	497	509	448	411	338	284	255	240	237	230	238	864	1113	1012	825	665	517	415	351	394	309	297	291	202	206	208	199	210	210	213	218	217	231	233	229	272	265	261	260	256	268	270	271	289	288	294	297	600	531	538	532	528	532	524	525	528	542	549	293	168	176	169	172	171	168	177	185	192	217	242	299	91	100
5:57:24	37.0	361	503	512	460	422	343	289	259	248	242	240	246	882	1120	1004	844	654	532	421	344	400	310	310	307	203	202	208	205	215	215	215	220	225	230	237	242	276	273	261	264	260	275	277	277	283	286	299	304	598	547	549	547	534	539	537	540	543	560	566	297	169	170	171	172	175	173	177	177	192	222	248	308	92	98
6:01:24	37.0	362	516	513	470	431	355	302	265	246	250	242	252	883	1129	1032	849	682	536	441	356	398	313	309	313	208	210	216	209	213	220	225	226	229	233	238	236	269	283	275	267	274	277	279	287	291	296	308	306	613	565	578	561	549	562	549	560	563	574	574	300	175	177	178	174	176	175	179	181	199	224	245	313	92	98
6:05:24	37.0	357	519	521	469	443	365	301	271	260	251	244	254	889	1166	1043	869	687	540	439	373	413	330	315	318	200	215	214	209	218	223	226	222	233	235	249	241	276	279	276	274	276	289	286	288	291	299	313	314	623	577	577	575	550	570	568	576	576	583	591	308	175	178	179	173	174	170	185	186	201	224	258	318	89	97
6:09:24	37.0	346	526	523	469	439	371	310	275	264	248	252	258	890	1192	1082	876	695	555	452	368	418	330	317	322	208	216	221	217	224	228	226	239	237	236	251	251	289	290	283	283	279	292	289	295	305	306	314	319	634	586	585	594	567	583	567	581	578	599	608	311	175	178	184	180	176	181	186	188	204	228	253	320	93	95
6:13:24	37.0	338	522	524	479	455	372	316	276	260	256	259	265	911	1198	1076	890	711	563	460	384	423	333	330	325	212	225	221	223	229	231	238	234	239	244	253	250	285	296	289	287	285	300	297	299	308	311	327	321	649	612	610	601	583	600	586	598	587	606	617	317	178	184	180	186	181	177	188	191	208	232	264	324	89	99
6:17:24	37.0	331	541	540	485	466	377	322	284	266	261	264	266	911	1212	1103	909	712	579	465	389	424	345	337	335	212	224	225	224	233	234	235	246	241	248	257	259	280	294	297	291	290	296	304	306	314	312	333	331	659	618	610	610	605	612	606	606	600	621	629	331	178	187	184	181	187	180	189	194	205	227	262	336	94	99
6:21:24	37.0	327	543	533	484	465	385	327	291	272	266	269	268	912	1211	1113	921	731	586	469	396	433	347	341	333	205	232	233	227	239	236	246	248	241	253	257	260	288	301	304	300	298	301	311	309	311	320	331	335	664	633	630	634	615	624	617	612	621	636	641	336	180	184	189	184	185	183	188	195	214	232	268	339	91	97
6:25:24	37.0	322	559	542	491	472	401	327	292	278	267	271	272	924	1251	1146	942	740	580	471	391	427	356	351	350	208	232	236	235	238	246	249	251	249	262	260	264	289	314	308	308	302	312	311	310	317	329	340	343	676	641	640	643	623	633	614	633	635	650	645	335	184	189	186	188	190	185	191	197	217	240	270	341	93	97
6:29:24	37.0	322	556	548	508	480	394	338	303	288	277	276	280	907	1263	1165	952	756	597	497	406	435	363	353	348	211	243	234	234	239	245	254	256	257	265	266	264	294	319	304	310	305	314	322	319	316	332	341	351	684	661	660	660	640	652	633	643	639	651	661	352	185	189	184	187	192	188	195	195	217	242	275	346	94	98
6:33:24	37.0	313	566	547	511	486	411	339	304	289	276	280	282	921	1267	1182	956	756	607	495	402	442	364	364	355	207	240	238	243	253	254	253	258	261	265	272	270	297	322	313	314	312	326	319	333	328	344	354	354	690	677	663	663	651	659	645	653	648	688	672	356	183	192	193	191	191	185	193	203	219	240	279	353	92	98
6:37:24	37.0	309	562	558	514	504	410	345	310	290	286	283	293	904	1277	1195	992	779	613	498	420	444	376	360	366	211	243	243	248	250	255	255	260	263	269	271	282	296	327	327	318	325	331	329	339	341	348	359	360	694	688	669	678	660	688	658	657	666	690	695	365	193	194	190	191	191	191	192	205	221	247	278	361	89	99
6:41:24	37.0	298	572	555	506	509	420	347	315	299	290	285	287	920	1283	1215	1001	787	627	512	434	439	378	376	367	212	250	255	253	255	267	263	266	265	264	279	284	298	331	324	320	321	336	337	341	335	345	366	370	707	705	690	701	684	688	677	668	683	708	708	369	189	199	192	195	197	191	197	207	225	244	281	369	88	96
6:45:24	37.0	291	577	558	517	515	429	349	315	301	293	296	299	900	1296	1229	1020	792	647	527	434	431	388	381	370	213	260	258	254	263	267	263	264	273	278	277	290	303	334	329	329	334	347	342	342	346	365	375	376	712	713	698	704	690	698	682	692	683	719	725	371	191	206	197	193	194	190	198	211	226	257	290	369	89	97
6:49:24	37.0	275	583	570	528	524	430	359	325	309	296	292	304	910	1298	1246	1027	810	643	521	435	427	392	386	380	211	255	255	256	264	271	272	278	281	283	286	299	303	343	341	335	336	349	353	350	347	363	377	385	709	723	718	723	702	708	699	693	698	727	732	378	189	203	200	202	196	194	194	209	226	255	290	375	92	102
6:53:24	37.0	271	594	567	517	525	441	365	325	314	304	303	307	896	1324	1265	1032	818	658	538	449	390	393	390	388	211	260	266	256	269	268	278	282	281	285	296	297	304	350	340	343	351	357	354	359	353	365	378	383	722	742	732	737	703	725	711	710	720	748	739	379	191	204	197	202	198	201	199	214	226	258	292	379	88	98
6:57:24	37.0	256	585	576	525	542	445	374	335	316	308	304	314	901	1330	1279	1062	828	664	546	452	394	402	392	398	212	266	269	263	272	273	279	286	286	291	297	302	312	355	349	347	349	362	363	371	359	376	393	394	722	751	748	758	716	733	722	725	729	751	755	400	195	206	207	198	201	199	201	216	232	262	302	385	87	98
7:01:24	37.0	245	593	576	536	541	449	376	334	319	313	310	313	894	1360	1294	1071	825	672	542	457	395	407	400	393	206	268	274	272	278	280	290	293	289	295	303	307	299	369	350	356	356	369	362	375	358	382	401	389	739	764	759	758	732	744	736	740	731	764	763	399	196	206	203	208	205	204	207	215	239	263	307	388	91	99
7:05:24	37.0	239	589	581	528	549	453	389	347	328	317	312	321	908	1376	1313	1078	854	690	565	459	405	414	407	403	206	272	272	269	287	288	290	293	300	303	303	316	303	367	365	362	356	373	367	381	357	388	407	399	738	773	775	776	741	751	751	741	758	767	784	409	204	206	210	204	205	205	211	220	238	275	304	397	91	95
7:09:24	37.0	224	583	579	548	561	456	390	339	333	316	326	324	856	1362	1343	1087	864	693	568	474	414	432	419	408	208	277	277	276	290	287	292	301	305	304	310	315	307	370	368	366	365	379	383	381	361	404	407	399	749	792	782	799	755	770	764	772	763	783	794	399	201	210	201	205	203	203	212	221	237	267	312	399	90	94
7:13:24	37.0	212	586	581	530	552	462	394	351	331	324	330	327	868	1420	1330	1110	864	699	574	479	412	435	421	412	202	284	285	282	296	296	304	301	307	307	315	320	316	377	375	377	372	383	387	381	370	400	420	419	747	793	797	806	780	768	766	786	776	801	809	416	197	214	207	201	203	203	207	225	241	273	308	401	88	95
7:17:24	37.0	197	578	587	543	577	475	401	359	340	327	332	331	872	1421	1378	1109	885	715	587	485	429	431	434	423	206	281	289	288	299	298	302	304	310	317	314	324	310	389	377	380	379	393	389	402	376	404	422	422	763	808	811	803	782	797	782	788	784	819	820	427	206	216	211	203	211	207	212	223	245	282	319	412	85	96
7:21:24	37.0	189	586	591	540	571	480	411	366	350	340	326	336	848	1426	1360	1134	882	725	588	496	431	442	435	421	203	285	285	290	303	305	315	311	311	323	328	332	312	399	388	386	390	399	393	399	377	407	431	429	745	810	833	813	802	805	787	795	808	822	827	422	204	215	211	213	209	210	223	224	250	286	323	410	85	99
7:25:24	37.0	168	585	580	549	573	485	416	363	355	340	339	345	830	1445	1387	1154	895	725	594	502	437	454	437	438	199	298	295	297	315	312	308	310	324	325	323	330	312	395	401	395	389	408	407	408	382	424	434	428	777	834	837	830	801	820	804	814	799	839	835	435	202	223	217	211	217	212	215	229	252	282	327	416	84	99
7:29:24	37.0	159	592	579	540	592	488	418	366	360	343	344	344	841	1446	1401	1164	909	741	600	509	444	460	441	444	201	295	308	302	311	311	321	317	325	327	337	335	308	403	402	400	394	413	411	410	390	418	439	440	760	839	832	845	815	833	814	825	809	835	853	437	208	218	212	218	210	210	217	231	251	289	332	423	84	95
7:33:24	37.0	145	588	578	543	600	512	418	378	358	348	344	352	825	1450	1402	1177	927	753	610	517	450	462	453	436	198	298	304	302	318	319	323	319	327	329	338	338	309	413	407	401	402	414	421	420	385	435	451	447	779	854	857	848	832	837	815	823	832	845	870	443	210	225	214	213	218	215	219	234	253	291	330	421	88	95
7:37:24	37.0	132	600	596	549	598	510	426	383	371	362	349	354	825	1477	1430	1191	926	753	615	535	452	467	457	453	188	314	306	311	319	327	327	324	339	341	343	341	311	419	410	409	414	427	422	424	393	434	456	446	778	864	862	877	851	845	834	849	847	873	859	454	214	221	224	216	220	224	222	234	259	299	334	427	88	97
7:41:24	37.0	122	590	589	543	613	518	433	386	364	365	356	361	805	1467	1430	1208	944	773	622	538	464	489	473	462	193	311	314	317	330	331	335	333	341	343	350	356	313	422	428	421	418	431	426	435	389	435	461	452	799	871	881	881	862	864	860	852	854	883	903	461	216	226	223	220	222	219	224	239	263	305	340	433	88	95
7:45:24	37.0	115	583	591	542	616	520	435	393	374	358	361	363	778	1503	1453	1207	933	773	634	535	472	485	469	465	185	321	316	318	329	335	335	338	339	351	351	356	312	422	422	421	426	430	438	438	393	451	462	458	788	879	887	882	845	869	862	864	853	887	902	466	209	222	221	219	222	220	218	243	264	303	343	440	86	94
7:49:24	37.0	114	583	590	545	620	531	449	403	387	365	367	375	779	1496	1462	1226	949	783	640	551	472	489	481	477	187	322	317	328	338	348	338	341	354	346	355	353	304	430	428	431	435	445	443	435	404	449	476	455	797	888	898	901	878	873	862	872	879	890	907	475	213	226	226	223	227	223	226	246	268	305	341	444	85	96
7:53:24	37.0	114	576	578	545	619	525	455	403	378	380	375	369	758	1504	1485	1225	954	797	650	563	482	498	487	475	185	329	331	330	348	352	345	345	352	359	371	367	307	436	441	438	436	450	454	446	409	461	488	469	791	892	914	916	899	888	881	890	877	914	928	486	219	229	223	230	229	224	231	243	272	322	363	450	84	97
7:57:24	37.0	110	580	574	545	631	535	456	415	385	380	368	374	750	1525	1470	1249	967	807	669	558	491	500	492	475	176	319	338	330	351	351	349	343	355	356	367	362	301	449	448	446	445	457	461	457	407	468	487	474	798	905	905	925	893	904	882	883	908	927	930	491	219	236	227	224	232	223	234	245	272	319	358	442	83	96
8:01:24	37.0	116	587	583	540	634	541	461	416	395	384	382	386	729	1530	1497	1248	975	817	661	570	499	521	503	490	172	336	344	341	356	353	354	347	369	369	371	379	299	451	455	452	448	468	465	468	413	471	495	484	815	917	926	933	903	923	895	903	904	942	942	493	221	235	229	226	230	231	234	247	279	315	358	454	85	96
8:05:24	37.0	111	580	586	541	653	552	460	417	402	398	379	391	716	1563	1507	1262	987	817	680	576	520	525	502	497	175	346	342	349	364	364	358	364	375	379	376	371	297	459	464	459	459	480	458	467	415	478	507	488	810	935	949	940	929	933	911	908	926	952	960	490	227	232	236	230	234	232	238	253	275	326	363	460	83	100
8:09:24	37.0	109	565	577	542	651	558	475	416	400	398	384	397	703	1558	1490	1270	1009	828	680	581	519	524	512	510	168	338	354	349	368	367	379	364	374	383	389	391	294	462	472	457	461	478	481	481	417	490	505	499	810	940	950	959	931	929	926	927	929	955	964	498	223	233	243	237	235	229	239	253	281	325	365	461	86	98
8:13:24	37.0	110	563	567	542	656	554	475	425	410	399	382	391	672	1556	1523	1268	996	834	695	586	530	531	521	507	163	348	351	355	371	371	382	361	385	389	395	386	288	461	478	485	476	493	483	481	427	493	517	492	805	959	956	947	936	943	929	921	948	969	982	510	224	238	238	233	235	232	246	253	284	327	371	465	87	97
8:17:24	37.0	110	563	575	536	659	566	475	423	419	397	403	398	654	1557	1529	1291	1007	859	687	591	536	539	519	517	161	356	359	363	379	380	385	374	391	389	396	387	280	470	475	474	475	492	478	502	423	497	523	507	791	954	965	966	963	963	931	940	959	968	982	512	229	240	241	236	233	232	237	257	288	319	377	461	86	97
8:21:24	37.0	111	561	564	544	661	569	480	437	413	407	400	408	642	1584	1521	1288	1024	848	695	599	536	537	530	519	156	359	367	372	379	385	388	375	391	396	395	390	288	476	490	494	487	497	494	501	429	508	524	507	816	973	983	983	948	954	936	936	953	1000	997	524	228	241	245	233	240	240	248	263	288	326	377	463	93	98
8:25:24	37.0	103	549	551	527	673	571	490	431	419	411	410	402	616	1580	1515	1291	1010	855	707	608	540	543	532	524	150	356	360	366	395	381	390	375	392	400	400	394	277	477	486	495	498	511	499	502	419	511	522	511	794	945	983	988	958	972	936	944	969	988	1000	535	229	241	236	239	238	239	241	256	286	334	368	468	88	94
8:29:24	37.0	101	550	555	520	684	567	493	440	430	410	410	414	598	1566	1517	1289	1034	869	713	614	558	558	533	539	144	367	372	369	387	389	391	389	400	402	408	403	272	481	489	497	495	513	499	505	428	516	534	512	798	972	986	975	965	962	951	967	980	997	1015	539	225	251	241	234	252	239	249	262	293	335	381	469	94	96
8:33:24	37.0	103	528	540	526	679	576	496	449	431	422	412	410	569	1581	1512	1314	1040	878	731	602	543	559	537	536	137	362	371	384	399	401	396	391	410	410	407	403	268	484	497	508	501	516	509	515	424	525	546	515	794	975	998	998	975	994	973	965	987	1010	1018	541	229	244	248	242	243	237	248	268	291	338	383	476	96	92
8:37:24	37.0	102	524	547	529	685	584	497	455	442	414	412	412	553	1596	1518	1328	1052	881	715	620	564	568	552	531	133	378	380	388	401	401	405	392	401	410	403	405	263	488	507	512	513	522	520	514	429	532	541	522	789	985	1001	997	994	987	965	974	1003	1021	1029	546	229	252	244	236	244	244	247	264	291	345	379	465	98	93
8:41:24	37.0	104	519	540	527	690	593	506	460	442	427	419	422	535	1595	1530	1324	1036	880	734	626	567	570	558	537	126	377	374	382	405	409	403	389	408	419	414	415	263	497	519	520	517	533	526	528	439	532	551	518	803	995	1005	994	988	991	970	962	995	1019	1041	555	231	249	244	242	248	247	251	272	297	341	394	480	101	94
8:45:24	37.0	104	514	545	515	682	597	513	461	434	433	430	426	517	1587	1519	1324	1051	894	740	630	575	577	569	545	124	388	387	389	419	422	415	399	422	422	426	417	255	501	516	524	526	542	521	529	439	537	551	528	803	1008	1023	1012	991	1014	982	981	1003	1046	1044	559	230	245	253	241	246	247	258	267	300	347	405	484	103	94
8:49:24	37.0	104	511	533	509	696	601	505	459	445	437	428	426	493	1598	1513	1315	1057	908	747	634	572	582	562	547	116	370	389	401	418	415	413	398	417	414	430	415	248	504	530	530	535	541	527	537	424	547	559	530	788	1001	1012	1008	1003	1011	990	997	1012	1054	1048	547	229	245	246	246	247	252	258	270	309	348	405	480	100	92
0:00:00																																																																											
0:00:00																																																																											
0:00:00																																																																											
0:00:00																																																																											
0:00:00																																																																											
0:00:00																																																																											
0:00:00																																																																											
0:00:00																																																																											
0:00:00																																																																											
0:00:00																																																																											
0:00:00																																																																											
0:00:00																																																																											
0:00:00																																																																											
0:00:00																																																																											
0:00:00																																																																											
0:00:00																																																																											
0:00:00																																																																											
0:00:00																																																																											
0:00:00																																																																											
0:00:00																																																																											
0:00:00																																																																											
0:00:00																																																																											
0:00:00																																																																											
0:00:00																																																																											
0:00:00																																																																											
0:00:00																																																																											
0:00:00																																																																											
0:00:00																																																																											
0:00:00																																																																											
0:00:00																																																																											
0:00:00																																																																											
0:00:00																																																																											
0:00:00																																																																											
0:00:00																																																																											
0:00:00																																																																											
0:00:00																																																																											
0:00:00																																																																											
0:00:00																																																																											
0:00:00																																																																											
0:00:00																																																																											
0:00:00																																																																											
0:00:00																																																																											
0:00:00																																																																											
0:00:00																																																																											
0:00:00																																																																											
0:00:00																																																																											
0:00:00																																																																											
0:00:00																																																																											

BFP and GFP:370,445

Time	T° BFP and GFP:370,445	B1	B2	B3	B4	B5	B6	B7	B8	B9	B10	B11	B12	C1	C2	C3	C4	C5	C6	C7	C8	C9	C10	C11	C12	D1	D2	D3	D4	D5	D6	D7	D8	D9	D10	D11	D12	E1	E2	E3	E4	E5	E6	E7	E8	E9	E10	E11	E12	F1	F2	F3	F4	F5	F6	F7	F8	F9	F10	F11	F12	G1	G2	G3	G4	G5	G6	G7	G8	G9	G10	G11	G12	H11	H12
0:02:05	37.0	14860	17202	17353	17090	19907	19828	20670	19879	19691	19765	19703	19903	17352	19484	20939	20052	19857	19966	20128	20058	20152	19676	20029	19829	16185	19756	19427	19711	20698	19945	19834	19986	20046	19907	19715	19899	17135	19254	19567	19854	19852	20120	19701	19978	17312	19728	19866	19737	19204	19592	20071	20166	20354	20366	20212	20136	20152	19835	20274	20380	19930	20410	20211	20178	20028	19859	20135	21008	20004	19844	19736	19509	16154	19389
0:06:05	37.0	14614	16837	17101	16869	19475	19392	20097	19642	19404	19345	19198	19340	17028	19095	19673	19927	19642	19842	19763	19867	19877	19510	19769	19398	15824	19509	19232	19525	20304	19608	19668	19702	19631	19391	19330	19389	16946	19300	19584	19567	19711	19899	19501	19601	17054	19444	19719	19265	18699	19223	19602	19615	19896	19787	19668	19710	19713	19378	19663	19889	19383	19614	19592	19487	19706	19465	19552	20557	19377	19436	19436	19249	15686	18924
0:10:05	37.0	14362	16706	16812	16579	19142	19157	19853	19194	19145	19002	18954	19075	16761	18507	19398	19449	19301	19432	19520	19580	19617	19300	19487	19127	15644	19139	19001	19299	19895	19286	19274	19267	19300	19127	18974	19179	16543	18906	19386	19320	19471	19609	19130	19314	16895	19159	19239	18989	18437	18825	19309	19202	19435	19368	19292	19183	19296	18942	19364	19647	19106	19157	19195	19123	19268	18974	19149	21468	19080	19069	19147	18906	15526	18751
0:14:05	37.0	14185	16511	16583	16404	19003	19003	19607	18970	18950	18845	18761	18904	16560	18436	19045	19223	19150	19156	19337	19310	19435	19041	19352	19092	15450	19080	18686	18994	19681	18994	19168	19064	19115	19066	18810	18896	16497	18711	18997	19160	19263	19273	18951	19146	16759	19117	19161	18772	18379	18791	19014	19002	19217	19137	19237	19138	19058	18808	19224	19348	18728	18981	18994	18863	18866	18641	18859	20611	18734	18810	18909	18654	15346	18598
0:18:05	37.0	14038	16434	16395	16374	18798	18676	19510	18945	18856	18765	18575	18632	16442	18219	18864	19230	19039	19018	19248	19151	19157	18892	19074	19844	15276	18853	18568	18790	19529	18932	18865	18964	18996	18814	18811	18839	16315	18558	18837	19077	19060	19250	18840	18926	16660	18888	19039	18671	18213	18603	18874	18905	19091	18931	19072	18838	18919	18766	19122	19308	18552	18775	18816	18697	18687	18515	18667	20114	18675	18714	18791	18511	15364	18365
0:22:05	37.0	13965	16427	16474	16215	18938	18658	19438	18749	18785	18668	18598	18751	16448	18077	18771	18922	19014	19045	19046	19156	19155	18853	19005	19702	15290	18752	18488	18839	19551	18841	18863	18966	18945	18862	18688	18856	16335	18321	18806	18915	18968	19219	18693	18874	16477	18835	18877	18697	17920	18544	18802	18893	18977	18831	18910	18883	18824	18583	18990	19154	18380	18571	18632	18568	18542	18413	18471	20291	18440	18396	18661	18360	15114	18336
0:26:05	37.0	13917	16146	16337	16119	18805	18762	19447	18731	18616	18528	18485	18651	16412	18044	18665	18791	18725	18905	19011	19105	19150	18928	18968	19111	15277	18595	18391	18707	19413	18919	18693	18930	18890	18724	18659	18691	16148	18310	18681	18861	18834	19032	18664	18811	16500	18942	18833	18718	18087	18730	18771	18684	19026	18726	18803	18785	18806	18594	19024	19068	18391	18462	18446	18342	18622	18329	18415	20623	18439	18531	18747	18366	15180	18203
0:30:05	37.0	13979	16297	16366	16149	18703	18755	19298	18652	18652	18609	18402	18613	16292	18042	18655	18922	18823	18802	18923	18991	19104	18704	18866	18786	15197	18468	18219	18633	19411	18753	18795	18804	18801	18766	18668	18698	16135	18187	18616	18723	18784	18971	18569	18851	16434	18719	18802	18541	17974	18763	18598	18701	18909	18699	18731	18796	18796	18627	18900	19156	18290	18357	18529	18399	18409	18262	18441	18328	18576	18509	18548	18445	15092	18151
0:34:05	37.0	13920	16149	16367	16071	18519	18571	19322	18679	18574	18500	18350	18528	16264	17994	18577	18980	18718	18764	18868	18775	19143	18587	18734	18682	15203	18564	18123	18452	19401	18609	18707	18781	18865	18593	18553	18585	16114	18144	18491	18665	18579	18874	18604	18737	16271	18531	18654	18512	17951	18705	18638	18612	18913	18773	18790	18606	18775	18569	18945	19128	18191	18334	18394	18292	18393	18214	18414	18541	18430	18459	18430	18292	15068	18131
0:38:05	37.0	13974	16194	16411	16180	18551	18516	19315	18547	18611	18552	18309	18499	16238	18081	18560	18814	18696	18828	18917	18948	18923	18645	18714	18677	15105	18477	18002	18454	19164	18581	18753	18703	18856	18643	18388	18756	16125	18104	18428	18659	18558	18777	18530	18737	16285	18621	18579	18521	17864	18576	18694	18627	18799	18774	18703	18657	18698	18502	18944	19102	18186	18438	18368	18236	18233	18241	18396	18432	18445	18566	18493	18326	15056	18224
0:42:05	37.0	13907	16047	16318	16075	18536	18509	19122	18500	18421	18401	18272	18560	16194	18090	18510	18823	18589	18689	18794	18795	18909	18484	18581	18625	15149	18291	18034	18393	19140	18558	18582	18529	18697	18522	18417	18511	16029	18035	18327	18497	18503	18803	18443	18781	16256	18582	18596	18472	17807	18579	18630	18634	18685	18698	18734	18630	18588	18585	18941	18961	18370	18364	18372	18232	18388	18377	18312	18451	18452	18431	18381	18322	14979	18185
0:46:05	37.0	13809	15893	16170	15927	18491	18423	18973	18424	18373	18376	18218	18428	16176	18094	18426	18670	18551	18696	18645	18698	18778	18391	18635	18393	15106	18307	17974	18293	19138	18474	18526	18505	18638	18326	18350	18460	15870	18094	18273	18503	18486	18713	18497	18536	16106	18500	18469	18287	17947	18647	18665	18556	18782	18610	18722	18753	18616	18480	18899	18871	18390	18472	18434	18201	18368	18289	18421	18364	18361	18427	18309	18115	15005	18099
0:50:05	37.0	13900	16148	16134	16081	18299	18317	19076	18398	18311	18287	18126	18471	16206	18136	18382	18718	18406	18629	18532	18621	18835	18444	18590	18330	15093	18221	17963	18308	19002	18507	18423	18505	18462	18433	18326	18558	15820	17951	18211	18491	18405	18571	18392	18449	16199	18454	18571	18328	17723	18541	18670	18562	18756	18718	18791	18666	18606	18513	18767	18771	18313	18384	18393	18279	18298	18138	18418	18227	18449	18341	18268	18085	14938	17996
0:54:05	37.0	13804	16128	16102	15945	18403	18304	19033	18490	18431	18215	18158	18277	16003	18025	18326	18551	18408	18499	18511	18536	18730	18376	18498	18202	14929	18172	17845	18231	19019	18362	18333	18313	18423	18301	18353	18419	15906	17708	18156	18197	18287	18473	18164	18398	16240	18406	18482	18163	17722	18513	18602	18488	18690	18786	18711	18558	18673	18376	18774	18852	18289	18365	18304	18315	18371	18100	18264	18226	18313	18272	18141	17904	14987	18015
0:58:05	37.0	13824	16097	16185	15942	18379	18367	19029	18378	18412	18255	18250	18263	16080	17924	18294	18664	18253	18507	18480	18417	18770	18407	18361	18284	15066	18171	17866	18182	18973	18474	18387	18354	18464	18329	18266	18331	15839	17824	18116	18173	18253	18454	18177	18438	16127	18243	18423	18205	17696	18455	18505	18443	18763	18669	18547	18686	18596	18439	18730	18832	18172	18395	18298	18219	18320	18234	18379	18270	18328	18242	18090	17967	14934	17952
1:02:05	37.0	13765	16106	16072	15957	18175	18293	18879	18253	18323	18133	18081	18247	16060	17907	18322	18413	18357	18421	18585	18555	18655	18254	18530	18319	14968	18054	17812	18040	18840	18083	18222	18281	18526	18176	18141	18225	15821	17761	18193	18171	18222	18493	18232	18325	16003	18249	18382	18189	17691	18396	18509	18429	18507	18511	18594	18465	18533	18296	18598	18817	18125	18446	18265	18164	18156	18029	18286	18189	18295	18235	18173	17954	14922	17891
1:06:05	37.0	13762	16080	16088	15948	18090	18227	18915	18280	18272	18166	17948	18060	16076	17868	18233	18438	18315	18401	18496	18441	18564	18271	18423	18299	14995	18024	17817	18043	18901	18207	18238	18278	18317	18248	18128	18257	15761	17656	17977	18055	18216	18413	18042	18219	16102	18140	18334	18103	17553	18462	18518	18432	18494	18631	18457	18556	18473	18389	18660	18661	17993	18384	18103	18108	18172	18075	18223	18223	18274	18197	18082	17883	15008	17900
1:10:05	37.0	13802	16090	16060	15754	18254	18050	18699	18197	18227	18083	17849	18028	16093	17854	18231	18523	18134	18309	18491	18383	18598	18245	18354	18228	14942	17920	17677	18069	18693	18113	18139	18269	18293	18203	18101	18129	15696	17733	18125	18203	18149	18411	18120	18331	16079	18229	18302	18199	17538	18264	18304	18394	18618	18552	18444	18495	18488	18330	18586	18733	18140	18302	18135	18179	18187	18028	18191	18604	18152	18151	18177	17983	14923	17862
1:14:05	37.0	13739	16132	15928	15853	18064	18180	18794	18110	18004	18115	17932	18162	16039	17801	18184	18456	18181	18315	18422	18503	18739	18219	18290	18361	14982	17965	17717	17922	18708	18052	18139	18236	18219	18080	18081	18234	15728	17628	18067	18263	18158	18364	18080	18226	16074	18218	18290	18209	17504	18219	18344	18252	18540	18377	18544	18426	18486	18381	18617	18681	18109	18129	18346	18127	18099	17954	18181	18107	18129	18056	18118	17944	14896	17854
1:18:05	37.0	13606	15985	16098	15820	18035	17952	18779	18109	18083	18094	17867	18022	16106	17776	18219	18436	18169	18371	18495	18470	18720	18301	18375	18229	14945	17807	17646	17850	18732	18030	18053	18243	18210	18068	18066	18043	15718	17678	18049	18136	18144	18354	18069	18293	16013	18108	18295	18148	17551	18191	18262	18324	18431	18540	18359	18349	18313	18346	18457	18615	17999	18208	18157	18071	18146	17994	18107	18073	18127	18238	18107	17938	14850	17811
1:22:05	37.0	13651	15952	15996	15774	17951	18148	18764	18029	18110	17968	17999	17978	16014	17757	18517	18410	18201	18400	18500	18525	18685	18148	18214	18116	14898	17964	17626	17985	18658	18028	18057	18109	18112	17962	18018	18071	15762	17675	18011	18105	18085	18419	18088	18209	16095	18238	18418	17928	17423	18187	18206	18260	18376	18428	18373	18335	18308	18052	18549	18667	18090	18091	17961	18012	18090	18142	18103	18196	18215	18112	18055	17802	14873	17838
1:26:05	37.0	13677	16014	15983	15834	18017	18010	18730	18009	18024	18023	17958	17970	15974	17829	18545	18408	18248	18318	18448	18398	18415	18005	18198	18112	14841	17940	17747	17887	18653	17940	18072	18098	18261	18098	17970	18131	15654	17642	17980	18127	18105	18402	18153	18282	15966	18122	18214	17953	17522	18172	18245	18123	18312	18312	18290	18226	18252	18104	18440	18580	17932	18085	17976	18045	18128	17963	18036	18004	18087	18024	17909	17662	14858	17737
1:30:05	37.0	13668	15952	15860	15757	17947	18000	18702	17948	18016	18005	17785	18124	16042	17919	18817	18456	18195	18329	18394	18205	18314	18055	18132	18056	14878	17903	17489	17908	18726	17968	17974	17986	18156	18128	18035	18066	15577	17628	17943	17997	17969	18237	17959	18243	15919	18072	18117	17857	17287	18101	18203	18106	18365	18351	18321	18280	18179	18077	18495	18544	17951	18112	17927	17914	18041	17729	17950	17974	18038	17978	17935	17639	14860	17661
1:34:05	37.0	13660	16009	15964	15713	17941	17877	18679	18119	18148	18070	17960	17972	16045	17864	19071	18411	18185	18242	18311	18057	18306	17952	18086	18021	14942	17848	17616	17926	18640	18066	18101	18046	18169	18018	18005	17963	15641	17523	17799	17903	17987	18025	17921	18117	15948	17992	17989	17828	17372	18096	18084	18242	18370	18239	18234	18268	18223	18110	18344	18702	17822	17958	17869	17804	18039	17941	17955	17852	17960	17804	17923	17681	14834	17677
1:38:05	37.0	13667	15845	15901	15785	17999	17982	18719	18168	18121	17845	17708	17994	15997	17809	19152	18463	18092	18047	18028	18035	18127	17785	18019	17929	14750	17982	17526	17870	18596	18064	18152	18143	18181	18039	17919	17881	15593	17343	17771	17859	17941	18093	17697	17911	15814	17938	18012	17747	17369	18095	18079	18149	18192	18292	18271	18084	18404	18023	18371	18404	17885	17960	17740	17780	17862	17721	17831	18058	17959	17778	17755	17374	14633	17741
1:42:05	37.0	13632	15896	15928	15820	17905	18077	18641	17922	17832	17818	17708	17842	16095	17895	19028	18394	17950	17951	18156	18109	18322	17797	18001	18172	14717	17845	17604	17742	18562	17925	17910	18016	17967	17989	17838	17823	15530	17582	17757	17842	17707	17837	17718	17850	15832	17883	18027	17741	17339	18078	18015	18014	18374	18149	18071	18052	18117	18051	18378	18381	17661	17943	17713	17772	17852	17692	17844	18201	17793	17683	17720	17558	14710	17617
1:46:05	37.0	13630	15881	15904	15677	18024	17977	18415	17895	17740	17673	17550	17709	16075	17752	18931	18266	17878	18272	18063	17910	18080	17705	17945	17802	14678	17659	17413	17725	18506	17829	17765	17793	17961	17838	17727	17917	15470	17131	17611	17902	17920	17932	17555	17730	15879	17719	17801	17640	17404	17839	18085	18049	18079	18050	18066	18070	18181	18057	18267	18274	17759	17777	17840	17694	17841	17610	17764	18130	17888	17688	17666	17495	14707	17568
1:50:05	37.0	13577	15929	15958	15775	18001	17676	18492	17736	17676	17657	17480	17690	15993	17760	19020	18133	18027	18067	17868	17883	18022	17694	17869	17782	14665	17625	17448	17567	18371	17696	17781	17772	17860	17757	17589	17760	15464	17159	17431	17569	17725	17861	17715	17928	15711	17740	18010	17596	17396	18072	17963	18015	18214	18182	18129	17979	18011	17966	18382	18226	17728	17871	17855	17816	17719	17786	17827	17766	17743	17582	17703	17473	14596	17579
1:54:05	37.0	13559	15949	15958	15744	17557	17586	18392	17848	17683	17666	17491	17706	15922	17731	18965	17944	17932	17829	17984	17988	18104	17619	17754	17767	14604	17766	17232	17537	18328	17581	17794	17715	17817	17729	17630	17640	15370	17114	17394	17504	17566	17831	17478	17779	15779	17582	17794	17536	17334	17988	18073	18004	18083	18101	18176	18272	18102	17981	18327	18205	17678	18074	17683	17623	17725	17484	17733	17589	17615	17596	17599	17433	14550	17472
1:58:05	37.0	13461	15923	15946	15721	17580	17479	18251	17649	17460	17534	17374	17638	15923	17786	19082	18219	17730	17786	17867	17833	17934	17466	17648	17956	14510	17464	17041	17349	18218	17473	17679	17529	17752	17661	17528	17685	15394	17100	17435	17507	17461	17644	17481	17640	15699	17642	17771	17512	17330	17987	18048	17908	18212	18179	18228	18027	18140	17936	18285	18159	17625	18445	17585	17544	17577	17532	17759	17639	17682	17417	17508	17319	14556	17571
2:02:05	37.0	13539	15916	15961	15755	17681	17587	18233	17589	17606	17468	17376	17528	15928	17733	18512	18274	17823	17803	17849	17739	17869	17647	17667	18510	14558	17683	17262	17391	18189	17519	17438	17609	17767	17537	17495	17527	15373	17098	17370	17431	17534	17615	17439	17664	15636	17522	17754	17499	17225	17986	17939	17954	18108	18196	18166	17981	18078	17812	18046	17985	17564	18234	17633	17563	17647	17582	17626	17587	17590	17558	17578	17355	14574	17420
2:06:05	37.0	13537	15984	15936	15696	17696	17633	18245	17505	17537	17414	17389	17543	15959	17839	18773	17999	17681	17811	17886	17701	17801	17488	17686	18502	14564	17517	17174	17537	18183	17644	17427	17608	17629	17469	17507	17569	15369	17098	17364	17445	17583	17678	17404	17538	15711	17531	17591	17483	17197	17888	17866	17854	17983	18042	18052	17969	18002	17772	18196	17944	17552	17664	17573	17578	17633	17427	17552	17756	17498	17518	17412	17355	14536	17494
2:10:05	37.0	13412	15884	15843	15655	17650	17791	18381	17727	17614	17398	17376	17556	15979	17933	18883	17972	17596	17768	17819	17696	17707	17513	17639	18341	14474	17290	17034	17236	18047	17577	17471	17838	17719	17610	17522	17465	15389	16944	17352	17363	17456	17633	17421	17438	15695	17460	17607	17467	17139	17876	17924	17770	18017	17891	17965	17848	17968	17841	18167	18099	17469	17533	17461	17483	17629	17430	17613	17556	17497	17335	17426	17246	14423	17336
2:14:05	37.0	13456	15987	15927	15597	17865	17550	18255	17562	17410	17349	17351	17465	16041	17962	18958	18000	17728	17845	17840	17557	17837	17549	17618	17517	14554	17368	17021	17346	17905	17386	17532	17487	17620	17481	17440	17546	15378	16930	17271	17384	17496	17557	17332	17508	15602	17377	17627	17435	17364	17814	17816	17824	17960	17884	17942	17948	17962	17759	18016	18008	17602	17655	17458	17573	17609	17556	17499	17727	17423	17465	17430	17273	14464	17397
2:18:05	37.0	13416	15801	15878	15652	17554	17435	18158	17495	17441	17431	17378	17492	16020	17848	19968	18048	17634	17734	17789	17673	17817	17509	17527	17592	14456	17286	16990	17283	18019	17291	17460	17493	17618	17421	17417	17535	15334	16989	17366	17372	17398	17474	17262	17498	15581	17484	17496	17363	17223	17627	17689	17852	17891	17868	17901	17870	17856	17644	18038	17963	17548	17906	17413	17534	17438	17357	17425	17442	17450	17381	17367	17352	14357	17348
2:22:05	37.0	13532	15908	15852	15666	17590	17389	18227	17549	17428	17361	17334	17373	16009	17613	19869	17892	17702	17726	17684	17570	17702	17379	17452	18042	14354	17158	17027	17220	17993	17377	17450	17506	17562	17433	17412	17551	15305	17035	17152	17329	17331	17548	17300	17441	15522	17421	17384	17294	17172	17650	17653	17825	17786	17884	17790	17808	17901	17803	18033	17838	17650	17813	17541	17457	17547	17394	17546	17688	17429	17395	17446	17146	14383	17347
2:26:05	37.0	13410	15877	15891	15571	17583	17491	18192	17427	17453	17258	17360	17445	16001	17749	20313	17974	17606	17613	17738	17626	17821	17373	17505	18020	14360	17349	16991	17240	17987	17342	17472	17431	17508	17370	17263	17368	15285	17047	17274	17299	17446	17496	17375	17494	15494	17389	17522	17452	17061	17635	17632	17716	17826	17779	17847	17731	17809	17619	17903	17735	17459	17823	17435	17367	17425	17308	17624	17508	17578	17343	17322	17195	14366	17329
2:30:05	37.0	13413	15867	15904	15463	17511	17536	18168	17437	17392	17211	17264	17250	15844	17611	20107	18085	17569	17731	17721	17572	17697	17396	17564	17964	14382	17245	17047	17171	17921	17247	17395	17372	17478	17408	17359	17289	15306	17031	17155	17238	17374	17442	17231	17490	15555	17364	17482	17284	17184	17643	17692	17619	17790	17755	17809	17744	17784	17576	17946	17730	17485	17498	17544	17431	17497	17431	17505	17455	17383	17316	17282	17061	14355	17276
2:34:05	37.0	13330	15995	15780	15620	17439	17411	18021	17391	17260	17262	17145	17436	16044	17544	19713	17928	17735	17724	17735	17698	17677	17317	17521	17796	14345	17215	16815	17164	17888	17250	17414	17310	17335	17352	17246	17436	15377	17034	17335	17246	17277	17460	17281	17335	15507	17380	17475	17449	17035	17679	17558	17640	17655	17841	17859	17741	17680	17419	17926	17789	17448	17824	17551	17352	17476	17286	17442	17482	17388	17384	17396	17238	14346	17320
2:38:05	37.0	13297	15885	15887	15570	17382	17359	18114	17445	17184	17180	17048	17214	15975	17734	19919	17908	17603	17513	17654	17642	17593	17436	17518	17964	14234	17224	16992	17028	17856	17221	17239	17305	17391	17311	17365	17396	15227	17061	17240	17217	17388	17456	17198	17447	15466	17250	17353	17223	16973	17422	17680	17703	17658	17698	17685	17764	17709	17594	17791	17774	17397	17696	17509	17422	17376	17120	17353	17503	17338	17133	17378	17158	14295	17294
2:42:05	36.9	13342	15872	15790	15414	17516	17383	17992	17375	17354	17250	17186	17372	15968	17687	20062	17879	17628	17793	17650	17517	17365	17355	17462	17841	14257	17177	16921	16977	17871	17127	17349	17326	17320	17254	17288	17301	15234	16992	17192	17322	17311	17428	17180	17294	15508	17335	17474	17217	17059	17537	17610	17595	17605	17755	17652	17622	17703	17493	17807	17689	17365	17578	17276	17344	17407	17209	17380	17291	17309	17340	17284	17044	14286	17337
2:46:05	37.0	13262	15826	15712	15541	17392	17322	18068	17252	17196	17147	17174	17329	15942	17578	20129	17799	17610	17674	17604	17532	17212	17251	17409	17902	14281	17161	16867	17027	17890	17181	17239	17283	17360	17162	17174	17349	15124	16965	17146	17299	17246	17393	17225	17328	15350	17181	17376	17250	17052	17489	17426	17465	17632	17655	17731	17658	17525	17427	17646	17821	17430	17538	17420	17248	17522	17304	17377	17307	17338	17210	17245	17255	14287	17348
2:50:05	37.0	13201	15884	15810	15419	17569	17254	18056	17317	17315	17258	17101	17331	16037	17519	20129	17896	17562	17559	17561	17547	17147	17258	17429	17918	14323	17197	16885	17079	17763	17184	17154	17246	17296	17218	17134	17334	15226	16992	17233	17293	17302	17532	17194	17373	15370	17354	17402	17371	16883	17382	17554	17403	17602	17649	17556	17640	17687	17409	17701	17762	17368	17752	17254	17307	17474	17171	17458	17991	17496	17314	17237	17117	14164	17348
2:54:05	37.0	13277	15837	15744	15428	17435	17311	18088	17286	17283	17184	17146	17298	15896	17583	19926	17818	17562	17613	17651	17567	16811	17356	17364	17745	14232	17170	16858	16970	17806	17116	17229	17271	17311	17224	17183	17401	15155	16982	17192	17251	17289	17383	17076	17357	15543	17265	17467	17336	17022	17354	17426	17406	17576	17781	17465	17605	17532	17316	17712	17705	17409	17783	17183	17285	17404	17236	17395	17282	17307	17236	17346	17085	14269	17283
2:58:05	37.0	13220	15717	15761	15414	17601	17324	18058	17386	17257	17070	16991	17296	15953	17652	18104	17800	17470	17497	17617	17572	16727	17270	17408	18045	14272	17244	16941	17076	17665	17130	17234	17264	17314	17233	17197	17385	15155	16938	17227	17261	17276	17324	17197	17236	15480	17211	17464	17293	16889	17422	17389	17389	17476	17487	17531	17556	17465	17405	17670	17672	17423	17290	17351	17230	17359	17188	17327	17608	17401	17266	17296	17140	14131	17311
3:02:05	37.0	13138	15862	15810	15404	17462	17276	18071	17234	17202	17158	17111	17285	15988	17692	18995	17849	17558	17640	17649	17556	16385	17292	17437	17407	14185	17290	16940	17083	17729	17179	17239	17248	17365	17109	17153	17409	15184	16959	17270	17378	17310	17484	17227	17298	15410	17270	17435	17269	16893	17283	17363	17345	17507	17477	17480	17510	17564	17388	17558	17712	17308	17368	17242	17265	17321	17115	17274	17707	17339	17214	17451	17131	14121	17442
3:06:05	37.0	13093	15705	15821	15419	17523	17267	18030	17278	17046	17104	17006	17274	15895	17670	19540	17870	17502	17532	17654	17493	16326	17296	17396	17008	14139	17160	16816	16908	17630	17139	17207	17193	17264	17156	17174	17341	15144	16952	17048	17318	17332	17329	17249	17456	15433	17287	17400	17266	16835	17229	17428	17276	17535	17534	17524	17475	17381	17333	17576	17655	17234	17545	17284	17195	17282	17178	17343	17284	17395	17161	17433	17171	14072	17228
3:10:05	37.0	13015	15717	15769	15426	17402	17179	17854	17314	17181	17188	17114	17325	15857	17739	19411	17865	17454	17670	17560	17471	16195	17429	17262	17166	14199	17231	16767	17065	17806	17138	17252	17191	17397	17213	17076	17267	15042	16916	17111	17133	17327	17412	17181	17340	15465	17182	17241	17097	16827	17312	17324	17259	17364	17476	17511	17328	17418	17336	17641	17538	17330	17510	17419	17210	17440	17306	17416	17194	17292	17327	17412	17046	14100	17210
3:14:05	37.0	12966	15719	15702	15366	17305	17174	17959	17277	17268	17040	17184	17410	15855	17730	19461	17743	17495	17619	17670	17485	16010	17211	17255	17729	14122	17246	16745	17008	17791	17155	17228	17188	17148	17153	17147	17327	15089	16929	17102	17263	17215	17329	17130	17275	15441	17260	17340	17178	16810	17155	17390	17339	17297	17520	17438	17400	17342	17202	17661	17418	17364	17593	17220	17252	17392	17176	17453	17172	17339	17195	17310	17109	14042	17270
3:18:05	37.0	13015	15689	15764	15251	17316	17249	18020	17293	17193	17092	17071	17275	15863	17821	18996	17744	17405	17494	17623	17471	15908	17296	17345	17724	14064	17103	16805	16988	17781	17182	17219	17243	17152	17092	17195	17358	15152	16892	17155	17164	17260	17369	17073	17327	15427	17261	17334	17015	16855	17071	17318	17250	17336	17368	17329	17485	17383	17303	17496	17415	17371	17794	17328	17239	17214	17227	17290	17305	17291	17306	17416	17227	14000	17252
3:22:05	37.0	12932	15739	15675	15213	17253	17171	18041	17224	17129	17152	17121	17259	15889	17684	18994	17590	17509	17444	17633	17502	15865	17225	17400	16899	13964	17116	16891	16931	17850	17141	17083	17228	17348	17049	17150	17273	15038	16925	17111	17254	17238	17380	17167	17307	15355	17214	17390	17074	16711	17212	17304	17270	17426	17383	17433	17373	17312	17300	17615	17366	17448	17507	17275	17225	17347	17061	17284	17256	17177	17180	17367	17195	13866	17212
3:26:05	37.0	12921	15652	15644	15222	17297	17192	17958	17288	17228	17135	17136	17219	15913	17810	19726	17701	17558	17499	17532	17495	15756	17184	17422	16910	14002	17122	16803	16984	17727	17042	17108	17224	17278	17057	17133	17249	15075	17031	17146	17196	17206	17393	17188	17234	15371	17277	17426	16911	16884	17237	17244	17142	17361	17269	17450	17394	17377	17234	17585	17422	17367	17486	17253	17216	17337	17297	17227	18905	17277	17306	17392	17226	13979	17097
3:30:05	37.0	12878	15644	15615	15317	17373	17221	17937	17178	17213	17142	17121	17295	15742	17809	20020	17747	17467	17543	17546	17533	15666	17224	17444	17042	13987	17218	16790	17142	17648	17143	17148	17262	17262	17185	17115	17240	15053	16982	17183	17255	17266	17323	17156	17323	15397	17230	17461	16968	16711	17153	17252	17114	17206	17345	17352	17120	17406	17310	17547	17192	17304	17897	17320	17211	17431	17175	17305	18803	17275	17184	17305	17133	14025	17165
3:34:05	37.0	12760	15576	15688	15233	17259	17250	17855	17208	17143	17162	17007	17418	15741	17829	20163	17669	17338	17548	17492	17482	15643	17307	17410	16779	13996	17184	16883	17010	17644	17128	17240	17188	17167	17154	17208	17215	14991	16912	17148	17162	17243	17277	17214	17298	15385	17411	17335	17020	16782	17141	17244	17223	17192	17276	17333	17406	17263	17254	17470	17285	17400	17476	17298	17164	17268	17184	17305	20159	17329	17248	17437	17267	13868	17266
3:38:05	37.0	12710	15652	15642	15314	17320	17153	17959	17236	17326	17061	17020	17228	15843	17888	19931	17818	17562	17566	17544	17448	15590	17376	17337	16805	13977	17141	16831	17107	17763	17303	17198	17207	17231	17060	17167	17328	15183	16874	17215	17273	17224	17474	17151	17289	15442	17242	17355	16838	16874	17202	17225	17302	17252	17227	17272	17272	17242	17251	17446	17248	17406	17626	17270	17172	17376	17304	17404	20452	17255	17162	17377	17115	13861	17145
3:42:05	37.0	12582	15556	15648	15175	17228	17259	17890	17250	17222	17101	17111	17244	15669	17935	19660	17853	17481	17493	17659	17418	15495	17322	17493	16916	13837	17125	16799	17074	17708	17178	17293	17283	17144	17207	17155	17265	15058	17032	17235	17100	17209	17269	17180	17421	15432	17225	17361	16873	16823	17143	17316	17304	17215	17293	17326	17489	17246	17289	17646	17186	17319	17615	17363	17220	17321	17183	17342	20346	17351	17275	17333	17276	13820	17238
3:46:05	37.0	12529	15575	15574	15187	17313	17148	17942	17115	17176	17052	17089	17261	15632	17908	19669	17685	17530	17456	17467	17406	15365	17319	17397	16867	13935	17169	16788	17078	17697	17080	17106	17236	17195	17183	17182	17217	14999	16921	17066	17275	17343	17439	17218	17317	15386	17232	17453	16984	16799	17246	17225	17208	17295	17348	17419	17276	17315	17097	17578	17124	17424	17618	17473	17175	17350	17181	17278	17176	17223	17285	17338	17287	13793	17169
3:50:05	37.0	12474	15561	15475	15194	17288	17187	17964	17200	17155	17103	17074	17288	15598	17850	19326	17651	17506	17435	17509	17512	15404	17341	17458	16859	13787	17168	16709	16930	17620	17144	17244	17082	17189	16977	17118	17270	14974	16873	17060	17207	17138	17293	17234	17303	15362	17319	17354	16987	16728	17140	17349	17118	17117	17254	17314	17202	17364	17336	17512	17017	17348	17774	17459	17258	17340	17121	17299	17366	17280	17408	17269	17031	13662	17230
3:54:05	37.0	12415	15459	15433	15241	17271	17061	18037	17167	17147	17049	17183	17289	15589	17864	18337	17664	17564	17505	17535	17428	15366	17215	17331	17905	13682	17160	16780	17105	17615	17079	17133	17103	17204	17111	17084	17329	14996	16964	17200	17156	17289	17360	17203	17322	15429	17179	17366	16892	16797	17208	17230	17300	17280	17349	17293	17304	17354	17256	17605	17099	17447	17478	17300	17263	17379	17262	17214	17203	17240	17177	17224	17155	13588	17185
3:58:05	37.0	12383	15365	15431	15128	17305	17188	17974	17181	17196	17123	16920	17430	15524	17741	19066	17648	17367	17465	17514	17538	15316	17358	17349	17877	13840	17186	16875	16999	17603	17143	17047	17161	17295	17177	17025	17344	14967	16977	17122	17234	17276	17249	17126	17265	15390	17324	17372	16855	16777	17242	17232	17273	17278	17253	17281	17351	17308	17125	17732	16960	17448	17684	17339	17417	17258	17208	17260	17843	17259	17174	17174	17129	13654	17048
4:02:05	37.0	12245	15484	15517	15064	17254	17206	17886	17164	17074	17140	17122	17315	15617	17752	18354	17607	17379	17555	17460	17509	15195	17344	17333	17953	13738	17147	16727	17119	17615	17086	17135	17177	17300	17055	17161	17323	14922	17025	17259	17166	17273	17346	17070	17439	15279	17244	17488	16939	16714	17150	17216	17193	17127	17422	17351	17262	17325	17170	17667	16932	17417	17597	17339	17141	17272	17248	17353	17851	17176	17263	17455	17194	13594	17068
4:06:05	37.0	12231	15308	15407	15057	17252	17195	17929	17226	17158	17162	17082	17183	15474	17825	19885	17535	17476	17586	17655	17469	15173	17290	17382	17225	13641	17045	16786	16987	17591	17116	17239	17128	17295	17154	17156	17309	14927	16960	17206	17159	17195	17361	17178	17251	15369	17211	17304	16979	16737	17244	17153	17213	17337	17428	17315	17231	17250	17149	17565	16743	17489	17810	17469	17288	17236	17171	17312	17771	17217	17163	17449	17220	13448	17160
4:10:05	37.0	12157	15411	15360	14983	17267	17231	17973	17181	17100	17108	17080	17202	15362	17752	18679	17626	17471	17427	17493	17416	15202	17228	17433	17282	13644	17131	16835	16950	17734	17039	17191	17243	17165	17113	17122	17429	14848	16968	17225	17139	17393	17359	17149	17385	15221	17178	17415	16973	16760	17216	17147	17258	17345	17426	17319	17356	17315	17172	17508	16921	17349	17571	17473	17203	17268	17303	17407	17910	17361	17239	17401	17228	13506	17085
4:14:05	37.0	12126	15400	15423	15077	17271	17183	17826	17261	17184	17059	17035	17301	15372	17828	18624	17703	17449	17431	17522	17411	15086	17276	17407	17501	13600	17152	16796	16980	17709	17182	17211	17084	17231	17070	17194	17301	14946	17018	17124	17255	17275	17461	17195	17306	15263	17175	17398	17179	16577	17238	17216	17347	17194	17420	17368	17316	17317	17218	17457	16856	17384	18028	17327	17223	17285	17074	17336	18106	17327	17226	17408	17168	13454	16877
4:18:05	37.0	12008	15174	15385	15015	17341	17233	17994	17313	17233	17163	17068	17406	15390	17709	19412	17626	17418	17448	17511	17534	15173	17280	17410	17587	13578	17101	16767	17062	17621	17085	17115	17262	17236	17073	17028	17363	14790	16947	17137	17094	17161	17339	17072	17329	15338	17304	17423	17174	16677	17189	17154	17286	17258	17368	17398	17287	17188	17233	17557	16805	17318	17440	17465	17428	17312	17286	17333	18156	17317	17274	17298	17251	13378	16992
4:22:05	37.0	11927	15296	15204	14836	17366	17107	17956	17226	17072	17071	17004	17402	15431	17601	18040	17609	17437	17472	17480	17384	15187	17303	17428	17609	13624	17163	16757	16974	17532	17154	17211	17245	17255	17166	17111	17266	14721	16934	17143	17279	17124	17360	17110	17341	15329	17267	17368	17305	16812	17214	17361	17251	17256	17389	17338	17369	17224	17271	17576	16777	17338	17567	17279	17180	17333	17220	17376	18461	17316	17242	17254	17209	13279	16966
4:26:05	37.0	11949	15282	15207	14956	17247	17142	17879	17167	17099	17133	17234	17264	15343	17790	18419	17589	17373	17400	17464	17401	15163	17218	17321	17698	13506	17145	16748	16821	17764	17221	17088	17219	17071	17201	17142	17324	14764	16925	17089	17150	17123	17363	17151	17269	15246	17186	17379	17263	16683	17282	17201	17259	17272	17327	17417	17286	17243	17236	17501	16894	17411	17676	17291	17226	17343	17176	17236	18253	17317	17297	17344	17240	13242	16936
4:30:05	37.0	11697	15276	15200	14863	17252	17029	17883	17289	17108	17121	17076	17372	15337	17602	17708	17604	17388	17548	17564	17442	15226	17215	17382	17915	13468	17165	16795	16995	17795	17258	17226	17258	17241	17108	17177	17358	14707	16951	17152	17230	17196	17391	17146	17292	15280	17242	17408	17120	16760	17154	17240	17287	17239	17444	17265	17224	17323	17050	17552	16956	17424	17668	17375	17350	17313	17209	17371	18468	17411	17334	17394	17164	13186	16971
4:34:05	37.0	11620	15224	15223	14844	17373	17145	17975	17173	17176	17227	17144	17471	15247	17795	17639	17570	17360	17571	17539	17456	15202	17166	17497	17866	13499	17250	16712	17051	17671	17123	17155	17248	17204	17048	17156	17464	14652	16966	17127	17181	17232	17350	17143	17328	15322	17225	17444	17377	16718	17216	17162	17257	17300	17441	17283	17287	17367	17290	17620	17006	17425	17696	17461	17352	17386	17114	17380	18751	17311	17273	17351	17167	13105	16939
4:38:05	37.0	11716	15128	15220	14875	17281	17173	17992	17223	17179	17182	17101	17417	15177	17767	18203	17868	17366	17499	17608	17360	15251	17356	17361	17908	13468	17135	16831	17088	17705	17251	17103	17178	17279	17272	17207	17277	14703	17041	17172	17257	17212	17348	17145	17299	15338	17232	17401	17402	16842	17249	17250	17204	17349	17457	17339	17300	17383	17185	17532	17298	17396	17695	17418	17289	17313	17233	17346	20585	17432	17344	17265	17332	13104	16954
4:42:05	37.0	11576	15226	15217	14910	17399	17322	17892	17264	17241	17098	17047	17322	15148	17702	17632	17694	17449	17631	17519	17471	15539	17362	17465	17998	13475	17132	16744	16984	17596	17229	17159	17126	17196	17196	17153	17453	14726	16951	17156	17238	17204	17408	17134	17289	15384	17271	17437	17405	16691	17165	17430	17324	17244	17427	17429	17350	17427	17256	17705	17413	17398	17659	17443	17325	17382	17221	17282	18741	17377	17316	17343	17369	13170	16909
4:46:05	37.0	11389	15093	15108	14835	17292	17090	17946	17332	17188	17128	17152	17370	15163	17623	18063	17805	17420	17619	17439	17476	15546	17332	17548	17994	13398	17138	16878	16884	17782	17068	17112	17120	17452	17096	17107	17370	14633	17000	17141	17217	17291	17502	17135	17299	15257	17160	17433	17439	16802	17179	17277	17252	17175	17282	17409	17332	17190	17283	17506	17569	17402	17672	17314	17188	17342	17257	17345	18124	17286	17332	17306	17343	13019	16895
4:50:05	37.0	11234	15181	15175	14830	17367	17214	17902	17147	17204	17213	17016	17321	15070	17722	19307	17729	17439	17371	17549	17420	15561	17291	17466	17917	13277	17151	16793	16987	17649	17206	17170	17244	17245	17258	17132	17464	14672	16921	17038	17275	17414	17381	17247	17311	15364	17275	17527	17465	16693	17285	17183	17262	17407	17432	17226	17229	17349	17318	17662	17548	17478	17770	17508	17294	17433	17301	17435	18605	17290	17322	17288	17217	12837	16845
4:54:05	37.0	11202	15079	15159	14818	17217	17291	17959	17266	17241	17170	17048	17304	15012	17532	19166	17748	17526	17596	17473	17458	15761	17256	17531	18204	13309	17145	16796	17064	17674	17078	17055	17174	17254	17114	17143	17357	14490	17006	17072	17232	17179	17406	17152	17340	15258	17157	17519	17433	16691	17177	17332	17304	17320	17389	17330	17375	17280	17123	17587	17418	17472	17642	17394	17273	17313	17292	17420	18731	17384	17246	17308	17312	12914	16832
4:58:05	37.0	11135	14930	15092	14745	17192	17221	17828	17225	17238	17143	17109	17396	14963	17467	19183	17744	17378	17389	17634	17444	15520	17337	17415	17872	13230	17210	16819	17008	17643	17246	17210	17207	17234	17167	17111	17437	14682	16970	17155	17287	17184	17394	17182	17277	15338	17246	17476	17428	16628	17234	17276	17298	17346	17318	17335	17262	17353	17237	17408	17686	17455	17748	17377	17401	17336	17294	17393	17976	17299	17373	17417	17302	12749	16803
5:02:05	37.0	10962	15002	14986	14777	17285	17232	17978	17261	17254	17171	17054	17468	14939	17558	19433	17653	17419	17531	17652	17550	15776	17278	17329	17821	13139	17223	16788	17095	17703	17103	17216	17174	17334	17307	17247	17425	14582	17001	17150	17192	17235	17414	17219	17344	15331	17332	17411	17479	16715	17232	17190	17235	17328	17329	17375	17316	17329	17201	17598	17670	17476	17892	17387	17414	17337	17336	17384	18262	17307	17427	17343	17446	12698	16851
5:06:05	37.0	10899	14972	15082	14682	17354	17291	18041	17165	17309	17066	17133	17562	14860	17627	17842	17756	17493	17575	17525	17642	15758	17382	17340	17958	13184	17191	16933	17082	17710	17050	17160	17207	17287	17244	17188	17376	14599	17000	17079	17198	17203	17367	17122	17410	15309	17363	17445	17558	16723	17280	17275	17231	17283	17381	17382	17338	17381	17180	17521	17743	17415	17892	17420	17322	17517	17375	17396	18396	17383	17505	17437	17428	12555	16747
5:10:05	36.9	10726	14838	14963	14688	17401	17212	17857	17314	17154	17001	17158	17496	14728	17479	17811	17865	17489	17486	17538	17605	15685	17300	17497	17995	13102	17163	16869	16945	17773	17153	17132	17136	17267	17255	17172	17366	14527	17051	17210	17219	17153	17472	17135	17346	15279	17270	17481	17402	16659	17232	17284	17229	17309	17445	17419	17387	17426	17247	17566	17773	17355	17761	17478	17386	17401	17287	17433	18923	17398	17456	17408	17425	12514	16804
5:14:05	37.0	10669	14850	14927	14692	17226	17272	17952	17261	17258	17138	17140	17409	14731	17481	17644	17813	17495	17401	17696	17466	15705	17318	17431	17977	13064	17205	16831	17011	17689	17204	17256	17135	17275	17132	17076	17399	14584	16997	17231	17308	17263	17427	17028	17323	15230	17301	17566	17465	16723	17330	17240	17312	17275	17461	17419	17368	17439	17227	17468	17810	17501	17746	17478	17259	17536	17392	17395	18442	17435	17466	17468	17331	12512	16691
5:18:05	37.0	10557	14891	14883	14669	17298	17274	17957	17353	17168	17178	17163	17452	14904	17530	17668	17712	17503	17457	17560	17500	15816	17454	17377	18082	13025	17128	16756	17082	17735	17186	17202	17187	17265	17229	17253	17443	14388	17038	17234	17337	17308	17448	17217	17308	15275	17247	17531	17517	16691	17213	17309	17392	17230	17249	17342	17400	17472	17186	17548	17898	17328	17851	17463	17421	17472	17311	17478	18181	17405	17383	17550	17331	12351	16790
5:22:05	37.0	10443	14794	14904	14598	17376	17330	17846	17291	17343	17256	17182	17506	14655	17453	17738	17696	17538	17538	17700	17491	15945	17251	17481	18033	12904	17191	16873	16929	17702	17177	17255	17285	17166	17180	17181	17628	14370	17028	17193	17204	17302	17384	17175	17470	15236	17369	17495	17526	16578	17136	17357	17347	17161	17327	17380	17296	17365	17239	17548	17937	17547	17873	17475	17432	17461	17346	17448	18165	17480	17442	17403	17256	12340	16659
5:26:05	37.0	10296	14858	14886	14638	17372	17358	18053	17300	17302	17118	17051	17414	14679	17539	17939	17902	17629	17632	17543	17467	15972	17421	17469	18576	12891	17165	16819	16994	17697	17130	17230	17258	17325	17241	17154	17457	14436	16997	17225	17389	17332	17424	17240	17409	15247	17295	17490	17446	16620	17289	17372	17279	17332	17346	17400	17310	17423	17212	17678	17902	17569	17843	17441	17394	17494	17404	17451	18002	17450	17431	17457	17346	12213	16547
5:30:05	37.0	10204	14713	14784	14710	17314	17113	17986	17293	17270	17145	17149	17421	14634	17478	17634	17819	17456	17516	17647	17498	16023	17277	17416	18209	12818	17239	16818	17016	17721	17301	17138	17216	17258	17232	17155	17608	14330	16994	17185	17271	17356	17514	17237	17396	15198	17402	17461	17507	16483	17313	17318	17140	17264	17387	17372	17344	17340	17269	17627	17870	17582	17701	17529	17426	17604	17371	17454	17835	17474	17385	17429	17301	12089	16519
5:34:05	37.0	10089	14718	14913	14625	17272	17255	17997	17221	17280	17249	17281	17470	14537	17502	17668	17784	17485	17565	17590	17573	16117	17267	17487	17873	12731	17185	16867	17107	17699	17154	17211	17277	17335	17170	17247	17462	14370	17023	17236	17464	17372	17536	17240	17328	15264	17386	17551	17563	16611	17281	17343	17270	17235	17552	17396	17346	17416	17284	17564	17878	17577	17931	17445	17387	17448	17340	17559	17441	17394	17480	17495	17408	11975	16600
5:38:05	37.0	9947	14692	14841	14578	17322	17296	17935	17227	17289	17150	17076	17494	14427	17492	17586	17729	17448	17575	17578	17473	16120	17431	17377	18024	12645	17307	16888	17085	17710	17172	17222	17176	17324	17317	17323	17594	14338	17052	17171	17368	17212	17572	17371	17375	15307	17448	17441	17568	16619	17154	17319	17261	17211	17496	17418	17384	17539	17264	17542	17888	17528	17939	17677	17519	17420	17332	17485	17470	17422	17426	17461	17283	11895	16569
5:42:05	37.0	9870	14521	14802	14610	17363	17221	18141	17274	17348	17157	17221	17510	14436	17542	17564	17773	17527	17524	17515	17687	16187	17303	17439	18142	12555	17225	16885	17143	17705	17208	17327	17439	17355	17342	17230	17468	14298	17051	17187	17228	17290	17520	17323	17443	15232	17343	17604	17524	16589	17202	17202	17332	17380	17466	17381	17414	17464	17286	17576	17911	17466	17788	17597	17470	17557	17259	17529	17707	17521	17430	17539	17427	11790	16444
5:46:05	37.0	9580	14582	14730	14620	17322	17194	17891	17242	17344	17162	17272	17492	14366	17491	17761	17819	17408	17525	17531	17537	16214	17360	17476	17922	12490	17346	16917	17081	17733	17201	17283	17241	17256	17251	17133	17529	14280	17107	17126	17278	17381	17486	17332	17464	15214	17484	17538	17504	16549	17243	17290	17276	17427	17482	17432	17293	17501	17214	17647	17926	17431	17856	17529	17420	17584	17365	17563	17556	17475	17438	17545	17279	11709	16451
5:50:05	37.0	9547	14648	14737	14495	17255	17298	17964	17276	17249	17279	17273	17556	14344	17445	17692	17765	17608	17620	17549	17533	16226	17351	17512	17781	12512	17303	16902	17112	17733	17343	17240	17337	17409	17212	17368	17447	14281	17099	17132	17308	17208	17512	17313	17460	15302	17361	17551	17449	16429	17133	17364	17343	17292	17536	17460	17395	17568	17272	17543	17984	17406	17955	17603	17480	17569	17356	17529	17497	17589	17450	17447	17325	11580	16315
5:54:05	37.0	9428	14546	14696	14518	17321	17280	18026	17262	17400	17243	17167	17654	14152	17349	17773	17855	17516	17761	17771	17510	16382	17414	17479	18134	12374	17289	16892	17045	17730	17205	17220	17319	17389	17243	17248	17483	14230	17087	17309	17371	17329	17501	17416	17475	15283	17443	17548	17616	16484	17257	17289	17303	17334	17515	17496	17389	17429	17292	17625	17954	17505	18117	17479	17464	17561	17384	17590	17660	17531	17425	17589	17345	11476	16314
5:58:05	37.0	9214	14479	14628	14520	17396	17298	17982	17435	17304	17258	17198	17494	14143	17379	17926	17665	17643	17615	17670	17603	16397	17470	17493	18006	12309	17248	16831	17113	17821	17212	17304	17358	17339	17298	17219	17608	14114	17159	17244	17360	17281	17539	17328	17427	15260	17360	17605	17515	16603	17245	17399	17398	17353	17439	17463	17437	17517	17323	17502	17878	17481	18056	17528	17364	17734	17452	17486	17681	17594	17426	17503	17408	11260	16361
6:02:05	37.0	9114	14468	14702	14523	17393	17361	18053	17305	17339	17304	17192	17503	14123	17474	17713	17850	17457	17648	17606	17475	16424	17422	17484	18122	12252	17282	16846	17121	17767	17208	17314	17226	17263	17273	17245	17547	14102	17159	17284	17364	17279	17485	17269	17496	15160	17445	17707	17605	16492	17227	17347	17305	17410	17518	17335	17348	17402	17367	17740	17999	17452	18091	17473	17432	17586	17529	17546	17652	17618	17515	17644	17444	11166	16319
6:06:05	37.0	8948	14350	14575	14381	17332	17217	17979	17369	17302	17295	17192	17590	13969	17364	18136	17881	17607	17663	17634	17521	16540	17379	17585	18082	12174	17325	16884	17143	17930	17261	17360	17222	17358	17308	17186	17599	13958	17077	17258	17344	17326	17560	17332	17421	15236	17407	17628	17567	16489	17097	17324	17301	17299	17498	17422	17393	17496	17416	17509	17938	17612	17761	17521	17475	17582	17477	17573	17569	17603	17508	17591	17353	11012	16215
6:10:05	37.0	8742	14352	14535	14420	17373	17262	18068	17332	17313	17292	17218	17516	13908	17451	17680	17905	17645	17711	17693	17569	16610	17386	17462	18140	12003	17242	16940	17221	17682	17231	17238	17192	17299	17275	17336	17593	13970	17080	17247	17354	17408	17453	17245	17527	15166	17257	17499	17520	16294	17146	17264	17259	17393	17490	17453	17372	17549	17432	17609	18043	17386	17649	17610	17483	17567	17428	17591	17608	17489	17521	17539	17430	10799	16181
6:14:05	37.0	8531	14274	14577	14426	17304	17243	18001	17310	17336	17351	17162	17548	13871	17488	17717	17997	17429	17638	17709	17687	16653	17320	17538	17840	11950	17357	16862	17095	17881	17251	17261	17331	17367	17375	17249	17464	13767	17128	17301	17296	17304	17577	17295	17428	15226	17473	17561	17558	16528	17156	17336	17258	17369	17591	17541	17312	17470	17302	17658	18068	17488	18095	17509	17482	17591	17458	17533	17457	17552	17587	17622	17258	10722	16090
6:18:05	37.0	8426	14145	14542	14408	17298	17286	18083	17324	17269	17253	17325	17433	13791	17444	19143	17828	17500	17622	17564	17796	16822	17343	17557	17818	11855	17172	16981	17172	17783	17337	17386	17335	17405	17231	17293	17506	13776	17106	17224	17419	17373	17562	17241	17532	15184	17417	17717	17492	16440	17220	17437	17324	17438	17470	17469	17398	17502	17342	17693	18020	17426	18024	17479	17539	17535	17375	17625	17744	17553	17383	17593	17324	10565	16064
6:22:05	37.0	8172	14249	14524	14346	17343	17284	18092	17419	17312	17344	17198	17528	13780	17404	17846	17936	17479	17613	17640	17737	16733	17448	17587	17869	11744	17379	17002	17170	17828	17262	17268	17328	17489	17334	17216	17522	13809	17178	17240	17296	17455	17450	17274	17539	15155	17424	17646	17704	16389	17232	17313	17412	17243	17419	17547	17291	17475	17299	17604	17987	17539	18073	17473	17531	17571	17301	17541	17461	17662	17514	17610	17467	10398	16028
6:26:05	37.0	7987	14225	14461	14403	17243	17333	18030	17290	17338	17230	17173	17525	13709	17441	17792	17953	17494	17710	17568	17720	16885	17459	17522	18238	11705	17284	16968	16963	17902	17280	17322	17358	17333	17358	17283	17542	13656	17128	17236	17384	17444	17437	17309	17483	14939	17486	17643	17579	16277	17156	17360	17351	17344	17564	17430	17286	17497	17344	17570	17994	17370	17996	17545	17404	17599	17385	17650	17566	17612	17515	17672	17334	10326	15952
6:30:05	37.0	7842	14047	14392	14266	17365	17306	17997	17434	17370	17260	17220	17608	13604	17529	17786	17924	17677	17841	17590	17735	16966	17481	17593	18197	11624	17239	16887	16962	17774	17250	17196	17421	17451	17308	17308	17587	13657	17126	17259	17331	17411	17604	17265	17432	15166	17460	17575	17565	16335	17252	17371	17354	17403	17549	17413	17334	17523	17332	17562	18004	17369	17812	17659	17492	17440	17403	17575	17461	17572	17570	17549	17401	10041	15896
6:34:05	37.0	7688	14040	14316	14231	17252	17374	18094	17424	17468	17336	17222	17593	13464	17481	17750	17931	17512	17633	17789	17789	17090	17489	17563	17964	11558	17354	16912	17270	17861	17230	17271	17448	17434	17304	17338	17547	13571	17169	17286	17428	17385	17587	17398	17472	15132	17483	17629	17649	16207	17181	17323	17360	17383	17561	17412	17323	17426	17346	17761	18144	17370	18012	17560	17508	17704	17512	17554	17603	17699	17573	17583	17262	9963	15821
6:38:05	37.0	7439	14073	14313	14232	17356	17460	18080	17360	17371	17295	17196	17609	13441	17449	17773	17946	17630	17669	17789	17908	17208	17545	17544	18717	11449	17335	17047	17174	17895	17334	17308	17336	17473	17175	17253	17571	13483	17180	17266	17312	17389	17445	17452	17382	15031	17456	17671	17694	16181	17349	17404	17479	17398	17446	17453	17446	17407	17443	17622	18033	17461	17783	17565	17604	17714	17485	17600	17578	17702	17682	17539	17378	9740	15791
6:42:05	37.0	7199	14050	14326	14210	17441	17330	18028	17310	17350	17382	17177	17546	13384	17531	18124	17890	17485	17654	17562	17836	17262	17606	17498	18085	11278	17387	17027	17206	17812	17294	17208	17346	17354	17457	17306	17656	13395	17147	17304	17464	17435	17611	17361	17517	15073	17466	17783	17614	16368	17256	17323	17323	17400	17549	17544	17450	17472	17310	17701	18099	17296	18135	17613	17516	17600	17467	17643	18255	17651	17500	17609	17348	9607	15697
6:46:05	37.0	6927	13972	14285	14221	17370	17275	18111	17366	17423	17250	17348	17608	13240	17484	19312	18040	17628	17682	17667	17758	17390	17423	17614	18149	11252	17279	16918	17101	17866	17299	17352	17411	17320	17399	17371	17606	13288	17053	17408	17472	17477	17624	17395	17557	15050	17427	17676	17590	16229	17243	17398	17316	17322	17497	17431	17501	17528	17256	17589	18051	17321	17993	17497	17554	17718	17463	17518	17540	17713	17663	17632	17414	9438	15523
6:50:05	37.0	6718	13902	14214	14118	17396	17313	18099	17389	17448	17352	17193	17584	13215	17505	17845	17962	17655	17747	17806	17835	17932	17483	17724	17911	11059	17274	16986	17238	17892	17245	17238	17334	17419	17402	17277	17646	13215	17164	17389	17400	17486	17592	17402	17543	15032	17470	17773	17697	16154	17365	17518	17401	17359	17504	17456	17397	17629	17496	17689	18043	17357	17879	17673	17567	17619	17475	17610	17515	17604	17566	17572	17280	9160	15544
6:54:05	37.0	6481	13889	14169	14032	17372	17335	17986	17474	17419	17399	17239	17526	13071	17471	19289	17999	17663	17816	17705	17641	18223	17472	17649	18038	10991	17392	16965	17149	17933	17311	17254	17317	17413	17411	17286	17585	13174	17188	17329	17413	17353	17632	17425	17527	15003	17558	17779	17648	16135	17212	17454	17421	17397	17622	17598	17445	17517	17353	17610	18172	17331	17793	17625	17643	17657	17402	17603	18407	17552	17536	17620	17325	9001	15430
6:58:05	37.0	6199	13739	14149	14098	17359	17448	18002	17503	17322	17333	17219	17544	13010	17472	18371	18005	17778	17690	17754	17824	17986	17505	17622	18026	10846	17331	16928	17073	17851	17308	17394	17380	17456	17320	17497	17558	13146	17177	17397	17586	17495	17490	17382	17568	15187	17449	17729	17606	16221	17237	17446	17452	17588	17620	17540	17468	17630	17363	17665	18062	17323	17673	17696	17614	17646	17448	17599	17567	17707	17618	17625	17183	8789	15326
7:02:05	37.0	6028	13636	14173	13972	17400	17375	18099	17336	17296	17329	17246	17503	12896	17522	18713	17888	17596	17715	17780	17897	18149	17493	17637	18624	10776	17360	17005	17156	17867	17334	17320	17260	17427	17390	17309	17765	12965	17135	17330	17433	17441	17603	17342	17597	14920	17438	17793	17611	15964	17248	17425	17359	17422	17604	17554	17465	17494	17417	17615	18066	17250	17590	17662	17525	17708	17443	17723	17687	17722	17651	17629	17332	8560	15284
7:06:05	37.0	5736	13660	14041	13997	17398	17269	18096	17513	17372	17349	17276	17628	12763	17370	17730	17999	17651	17613	17792	17857	18219	17554	17584	18044	10467	17422	16895	17154	17983	17266	17260	17227	17499	17447	17309	17640	12906	17239	17273	17459	17479	17766	17492	17522	15045	17603	17693	17715	16044	17275	17492	17458	17495	17640	17558	17403	17627	17364	17654	18093	17360	17705	17659	17578	17695	17484	17610	17650	17785	17649	17667	17268	8292	15124
7:10:05	37.0	5425	13591	14010	13978	17376	17361	18033	17399	17438	17287	17332	17496	12695	17402	18436	17939	17651	17691	17759	17741	18133	17469	17628	18074	10423	17389	16891	17157	17879	17343	17317	17403	17499	17492	17399	17706	12837	17273	17315	17344	17584	17654	17410	17559	14974	17476	17759	17580	16008	17293	17524	17405	17432	17630	17506	17339	17560	17415	17657	18115	17306	17591	17594	17556	17570	17539	17664	17643	17782	17605	17626	17337	8012	15020
7:14:05	37.0	5111	13506	13979	13883	17499	17416	18013	17458	17407	17297	17272	17505	12691	17391	19334	17983	17633	17710	17766	17981	18130	17600	17655	18057	10182	17420	16975	17206	17814	17406	17343	17426	17463	17337	17398	17549	12798	17253	17438	17366	17509	17643	17408	17520	14924	17557	17871	17575	15917	17255	17349	17439	17442	17549	17467	17417	17588	17388	17707	18099	17174	17727	17663	17625	17706	17496	17636	19368	17653	17644	17551	17282	7775	14941
7:18:05	36.9	4837	13476	13987	13962	17369	17355	18154	17478	17298	17450	17216	17654	12325	17309	17775	18026	17757	17877	17748	17885	18242	17513	17530	18623	10015	17413	17095	17237	17908	17344	17396	17323	17423	17401	17333	17714	12698	17120	17399	17450	17497	17684	17493	17573	14979	17553	17794	17526	16028	17193	17373	17358	17353	17666	17488	17458	17591	17378	17753	18139	17301	17703	17705	17485	17852	17484	17701	17598	17761	17659	17590	17304	7551	14716
7:22:05	37.0	4538	13431	13712	13827	17412	17373	18016	17480	17340	17356	17320	17437	12362	17314	17695	18097	17739	17682	17787	17806	18276	17587	17692	18185	9908	17405	17025	17232	17932	17338	17212	17453	17409	17411	17428	17549	12602	17179	17308	17509	17527	17557	17525	17560	14995	17425	17933	17660	15979	17339	17424	17410	17448	17646	17622	17504	17613	17453	17714	18164	17290	17689	17547	17631	17718	17505	17665	17669	17624	17685	17599	17253	7266	14659
7:26:05	37.0	4223	13313	13872	13799	17297	17387	18153	17355	17489	17331	17364	17667	12236	17399	17869	17964	17678	17839	17840	17993	18274	17527	17568	18245	9778	17371	16964	17102	17914	17363	17470	17365	17583	17427	17359	17690	12527	17227	17373	17516	17508	17735	17525	17522	14855	17589	17760	17582	15793	17184	17438	17456	17544	17602	17538	17455	17593	17375	17714	18080	17163	17716	17611	17616	17655	17447	17691	17572	17854	17513	17706	17187	6903	14618
7:30:05	37.0	3896	13209	13879	13633	17417	17374	18053	17400	17390	17287	17262	17575	12076	17413	17651	18126	17644	17732	17977	17894	18338	17584	17580	18700	9537	17375	17015	17227	17988	17291	17363	17351	17477	17397	17368	17588	12281	17229	17344	17553	17563	17680	17453	17571	14881	17552	17850	17500	15839	17288	17376	17465	17491	17564	17624	17339	17517	17389	17773	18083	17231	17651	17605	17556	17655	17434	17694	17581	17698	17619	17667	17231	6676	14535
7:34:05	37.0	3518	13167	13649	13666	17279	17369	18001	17353	17423	17344	17250	17570	12023	17358	17730	18009	17625	17794	17861	17851	18138	17610	17603	18234	9365	17409	17063	17262	17938	17367	17334	17413	17486	17401	17429	17661	12249	17191	17442	17432	17565	17686	17416	17593	14914	17612	17868	17653	15735	17156	17587	17409	17330	17631	17561	17470	17568	17380	17738	18029	17128	17627	17688	17638	17689	17361	17769	17675	17736	17722	17565	17132	6333	14428
7:38:05	37.0	3217	13035	13646	13545	17387	17320	18141	17422	17369	17319	17254	17711	11846	17351	17808	18031	17612	17740	17815	17912	18283	17659	17693	18644	9156	17377	16946	17224	18054	17339	17346	17405	17525	17324	17300	17373	12127	17119	17454	17502	17451	17659	17525	17574	14844	17582	17932	17608	15823	17208	17432	17415	17469	17718	17517	17477	17502	17374	17733	18068	17223	17859	17629	17530	17733	17431	17727	17698	17764	17688	17638	17279	6088	14337
7:42:05	37.0	3038	13029	13658	13555	17375	17415	18087	17382	17368	17334	17308	17521	11773	17403	17821	18041	17779	17793	17935	18022	18191	17550	17596	18257	9022	17394	17029	17175	17948	17377	17364	17386	17446	17355	17374	17597	12065	17134	17411	17507	17566	17734	17461	17718	14868	17389	17857	17732	15632	17270	17543	17426	17383	17565	17629	17391	17632	17336	17699	18038	17095	17689	17573	17521	17773	17462	17635	17538	17659	17676	17606	17153	5702	14254
7:46:05	37.0	2849	12863	13516	13522	17484	17345	18078	17428	17396	17367	17182	17472	11557	17470	17847	18089	17757	17854	17926	17950	18278	17570	17673	18692	8751	17384	16954	17170	17975	17309	17336	17371	17514	17411	17433	17536	11964	17018	17384	17553	17402	17692	17539	17672	14894	17547	18048	17587	15691	17233	17483	17372	17457	17707	17651	17416	17604	17508	17647	18107	17138	17657	17664	17530	17785	17469	17761	17619	17706	17737	17680	17205	5367	13940
7:50:05	37.0	2695	12911	13501	13403	17276	17205	18051	17414	17403	17405	17255	17497	11382	17448	17851	18070	17726	17821	17908	17875	18336	17717	17756	18700	8606	17237	17099	17185	17979	17342	17425	17332	17420	17373	17447	17603	11787	17103	17434	17540	17554	17630	17528	17540	14880	17377	17847	17635	15467	17109	17447	17358	17480	17510	17561	17456	17502	17373	17648	18141	17030	17745	17657	17638	17692	17459	17709	17511	17832	17724	17572	17131	5037	13859
7:54:05	37.0	2604	12773	13422	13340	17220	17297	18005	17335	17445	17429	17236	17519	11264	17419	17660	18147	17779	17875	17898	18002	18288	17696	17786	18647	8368	17347	16949	17217	17937	17397	17385	17387	17517	17535	17353	17612	11643	17130	17435	17458	17467	17742	17480	17723	14800	17592	17809	17610	15476	17200	17456	17443	17432	17618	17536	17460	17530	17397	17750	18045	16980	17724	17612	17508	17623	17561	17649	17700	17748	17597	17637	17074	4735	13632
7:58:05	37.0	2513	12675	13334	13382	17381	17425	18098	17301	17417	17350	17210	17611	11104	17435	17769	18126	17763	17789	17836	17958	18265	17588	17606	18776	8191	17321	16978	17116	18119	17331	17399	17338	17526	17345	17366	17576	11566	17131	17313	17565	17575	17692	17553	17549	14879	17573	17810	17681	15394	17208	17402	17406	17438	17704	17577	17514	17643	17417	17605	18158	16910	17609	17589	17608	17631	17425	17706	17606	17775	17680	17696	17068	4440	13615
8:02:05	37.0	2395	12589	13334	13287	17314	17309	18134	17209	17372	17431	17203	17559	10966	17278	17778	18074	17704	17796	17946	18034	18309	17667	17775	18542	7944	17422	17000	17187	18035	17370	17375	17382	17511	17542	17347	17574	11421	17080	17409	17495	17684	17583	17562	17650	14725	17705	17903	17604	15363	17144	17512	17545	17565	17810	17595	17393	17708	17358	17594	18052	16845	17595	17622	17565	17692	17487	17645	17566	17712	17660	17622	17043	4221	13388
8:06:05	37.0	2314	12547	13169	13249	17324	17231	18076	17398	17450	17330	17236	17814	10702	17333	17718	18053	17794	17855	17969	17875	18269	17622	17842	18438	7712	17338	17113	17128	17984	17391	17436	17384	17468	17463	17393	17617	11226	17204	17370	17568	17579	17663	17363	17647	14764	17573	17956	17552	15327	17181	17415	17397	17418	17505	17544	17462	17735	17403	17715	17969	16869	17725	17645	17552	17737	17498	17608	17856	17781	17719	17589	17089	4040	13218
8:10:05	37.0	2298	12368	13081	13166	17401	17334	18097	17316	17360	17353	17300	17389	10511	17339	17776	18181	17815	17911	17917	17986	18226	17530	17707	18437	7420	17329	16819	17326	18072	17331	17404	17347	17540	17490	17460	17561	11007	17145	17375	17466	17572	17645	17520	17577	14729	17627	17861	17567	15168	17114	17441	17371	17626	17667	17600	17471	17615	17289	17716	18010	16778	17919	17579	17485	17678	17468	17712	17682	17634	17674	17602	16914	3889	13112
8:14:05	37.0	2263	12266	13058	13068	17396	17288	18033	17379	17436	17380	17181	17510	10395	17354	17711	18050	17762	17796	17907	18000	18335	17695	17746	18476	7135	17323	16911	17195	18044	17494	17403	17440	17491	17443	17340	17470	10867	17090	17382	17479	17599	17684	17545	17649	14646	17570	17850	17537	15155	17137	17490	17370	17471	17799	17527	17570	17650	17472	17584	18134	16760	17562	17536	17488	17683	17478	17773	17510	17807	17641	17598	16938	3762	12961
8:18:05	37.0	2207	12180	13046	13069	17298	17263	18070	17431	17397	17260	17218	17506	10212	17285	17763	18196	17645	17851	17950	17982	18363	17610	17662	18393	6919	17362	17083	17227	18028	17467	17414	17403	17652	17388	17356	17498	10647	17079	17403	17527	17661	17736	17547	17645	14568	17628	17839	17473	15094	17181	17385	17413	17534	17631	17507	17563	17594	17461	17568	18063	16631	17608	17593	17639	17776	17408	17705	17567	17766	17714	17640	16976	3684	12615
8:22:05	36.9	2189	12118	12939	12929	17345	17203	17979	17450	17322	17344	17119	17491	9952	17301	17882	18096	17737	17712	17951	17907	18383	17831	17715	18526	6628	17273	17063	17175	18050	17429	17408	17384	17482	17474	17365	17455	10523	17077	17378	17663	17646	17761	17551	17637	14522	17571	17975	17540	14904	17079	17423	17370	17482	17574	17570	17569	17574	17515	17641	18071	16653	17737	17488	17593	17688	17563	17599	17535	17579	17701	17678	16858	3612	12615
8:26:05	37.0	2188	11967	12852	13033	17355	17248	17947	17275	17355	17197	17167	17420	9772	17441	17679	18192	17680	17842	17690	17692	18387	17723	17658	18472	6359	17237	16905	17142	18118	17443	17401	17432	17533	17451	17467	17534	10330	17049	17386	17610	17659	17711	17644	17709	14520	17574	17924	17614	14999	17091	17491	17414	17544	17670	17650	17426	17589	17372	17658	17965	16617	17536	17615	17514	17747	17398	17591	17688	17709	17541	17501	16799	3537	12283
8:30:05	37.0	2152	11935	12791	12889	17284	17361	17937	17410	17372	17405	17184	17445	9605	17168	17664	17952	17670	17930	17975	17869	18287	17651	17691	18464	5998	17289	17000	17296	18019	17363	17505	17473	17483	17464	17433	17551	10131	16974	17323	17545	17620	17982	17562	17703	14465	17566	17916	17450	14821	17011	17385	17364	17484	17618	17596	17402	17590	17364	17633	18031	16516	17479	17524	17600	17597	17394	17670	17573	17839	17692	17602	16759	3452	12055
8:34:05	37.0	2158	11773	12752	12729	17303	17329	17962	17324	17343	17354	17206	17444	9370	17225	17605	18144	17720	17752	17992	17823	18286	17587	17660	18585	5706	17220	16936	17189	18105	17411	17389	17321	17593	17362	17410	17445	9967	17076	17462	17509	17701	17803	17588	17676	14519	17659	17897	17493	14765	17153	17408	17405	17441	17776	17596	17406	17492	17397	17669	18093	16543	17490	17368	17438	17683	17402	17653	17639	17714	17607	17498	16699	3417	11827
8:38:05	37.0	2166	11733	12489	12689	17253	17331	18139	17269	17363	17382	17059	17313	9147	17324	17677	18150	17768	17855	17876	17854	18295	17676	17797	18462	5417	17257	16979	17268	18024	17435	17542	17384	17580	17435	17339	17437	9794	17073	17520	17500	17686	17618	17621	17684	14519	17592	17965	17431	14569	17082	17337	17322	17490	17689	17586	17365	17542	17316	17578	18066	16492	17600	17465	17425	17627	17362	17643	17541	17707	17599	17524	16632	3352	11698
8:42:05	37.0	2191	11494	12456	12579	17282	17130	18045	17243	17378	17296	17116	17272	8900	17261	17740	18038	17659	17720	17771	17789	18340	17585	17670	18388	5066	17261	16980	17189	18066	17308	17320	17449	17610	17405	17335	17440	9580	16966	17282	17491	17623	17691	17557	17677	14399	17599	18009	17513	14408	16998	17386	17407	17391	17569	17574	17513	17566	17369	17533	17959	16361	17585	17462	17436	17637	17418	17536	17652	17712	17515	17634	16563	3293	11346
8:46:05	37.0	2165	11354	12392	12503	17302	17307	18011	17319	17341	17285	17057	17439	8607	17222	17670	18119	17848	17837	17862	17824	18384	17540	17717	18533	4766	17174	17034	17127	18046	17455	17372	17405	17549	17489	17326	17337	9336	16963	17369	17510	17697	17771	17560	17641	14344	17596	17940	17464	14396	17007	17444	17307	17586	17620	17469	17488	17506	17415	17608	18012	16291	17574	17419	17585	17556	17280	17682	17567	17721	17586	17568	16586	3290	11104
8:50:05	37.0	2140	11220	12311	12454	17252	17281	18085	17236	17357	17285	17138	17327	8329	17114	17690	18272	17743	17846	17932	17795	18381	17675	17800	18532	4461	17272	16914	17172	18096	17376	17383	17337	17582	17373	17390	17336	9118	16985	17404	17522	17750	17594	17602	17600	14289	17671	17909	17453	14240	16940	17419	17255	17484	17647	17512	17516	17749	17353	17537	18009	16188	17389	17368	17402	17681	17316	17554	17529	17795	17680	17579	16654	3242	10885
0:00:00																																																																											
0:00:00																																																																											
0:00:00																																																																											
0:00:00																																																																											
0:00:00																																																																											
0:00:00																																																																											
0:00:00																																																																											
0:00:00																																																																											
0:00:00																																																																											
0:00:00																																																																											
0:00:00																																																																											
0:00:00																																																																											
0:00:00																																																																											
0:00:00																																																																											
0:00:00																																																																											
0:00:00																																																																											
0:00:00																																																																											
0:00:00																																																																											
0:00:00																																																																											
0:00:00																																																																											
0:00:00																																																																											
0:00:00																																																																											
0:00:00																																																																											
0:00:00																																																																											
0:00:00																																																																											
0:00:00																																																																											
0:00:00																																																																											
0:00:00																																																																											
0:00:00																																																																											
0:00:00																																																																											
0:00:00																																																																											
0:00:00																																																																											
0:00:00																																																																											
0:00:00																																																																											
0:00:00																																																																											
0:00:00																																																																											
0:00:00																																																																											
0:00:00																																																																											
0:00:00																																																																											
0:00:00																																																																											
0:00:00																																																																											
0:00:00																																																																											
0:00:00																																																																											
0:00:00																																																																											
0:00:00																																																																											
0:00:00																																																																											
0:00:00																																																																											
0:00:00																																																																											

BFP and GFP:485,510

Time	T° BFP and GFP:485,510	B1	B2	B3	B4	B5	B6	B7	B8	B9	B10	B11	B12	C1	C2	C3	C4	C5	C6	C7	C8	C9	C10	C11	C12	D1	D2	D3	D4	D5	D6	D7	D8	D9	D10	D11	D12	E1	E2	E3	E4	E5	E6	E7	E8	E9	E10	E11	E12	F1	F2	F3	F4	F5	F6	F7	F8	F9	F10	F11	F12	G1	G2	G3	G4	G5	G6	G7	G8	G9	G10	G11	G12	H11	H12
0:02:48	37.0	11027	10666	10960	10903	10959	10993	11100	11216	11745	11780	11998	11690	10463	10464	10567	10648	10841	10809	10965	11003	11256	11742	11737	11770	10745	10415	10633	10554	10961	10896	10896	11093	11409	11773	11955	11790	10814	10412	10488	10440	10823	10996	10515	10931	11576	11606	11835	11741	10782	10183	10483	10524	10603	10837	10813	10882	11346	11526	11699	11387	10704	10594	10671	10562	10773	10987	11034	11029	11427	11415	11754	11472	11711	11673
0:06:48	37.0	10889	10541	10913	10837	10805	11033	11034	11170	11502	11680	11912	11538	10236	10369	10619	10607	10700	10696	10923	10831	11184	11629	11604	11689	10686	10352	10593	10456	10836	10871	10791	11003	11251	11622	11822	11631	10697	10451	10449	10540	10692	10837	10448	10934	11489	11380	11626	11450	10723	9955	10465	10312	10477	10735	10762	10841	11235	11423	11554	11479	10670	10447	10489	10403	10635	10749	10931	10967	11178	11321	11535	11435	11738	11498
0:10:48	37.0	11073	10608	10931	10888	10893	10851	11009	11219	11667	11752	11850	11611	10371	10305	10637	10589	10729	10740	10898	11075	11165	11662	11707	11693	10657	10246	10486	10626	10796	10969	10894	11012	11387	11707	11798	11645	10697	10418	10374	10443	10654	10927	10436	10882	11530	11391	11652	11613	10768	10206	10476	10459	10575	10748	10811	10984	11284	11421	11564	11405	10715	10512	10607	10497	10610	10844	10973	11076	11197	11362	11614	11471	11627	11523
0:14:48	37.0	11072	10617	10842	10814	10877	10920	11057	11142	11542	11722	11834	11550	10306	10317	10607	10601	10685	10759	10889	10977	11258	11734	11726	11748	10750	10419	10660	10604	10844	10825	10878	11070	11350	11655	11747	11519	10849	10587	10456	10551	10756	11000	10587	10964	11638	11436	11692	11662	10790	10256	10475	10331	10588	10827	10856	10945	11315	11432	11541	11471	10681	10586	10543	10398	10661	10800	11037	10981	11152	11471	11554	11452	11785	11627
0:18:48	37.0	11026	10582	10817	10861	10925	11027	10949	11147	11492	11722	11912	11716	10323	10390	10519	10574	10793	10702	10859	10881	11188	11648	11636	11622	10718	10244	10507	10646	10851	10749	10794	11034	11428	11591	11844	11737	10711	10492	10437	10361	10863	10868	10566	10711	11449	11391	11748	11618	10749	10353	10408	10409	10512	10750	10764	10873	11304	11438	11493	11295	10699	10472	10631	10421	10761	10746	10898	11042	11194	11388	11624	11484	11683	11508
0:22:48	37.0	11126	10690	11025	10913	10913	10964	11098	11247	11653	11730	11855	11672	10454	10450	10506	10436	10851	10638	10980	10981	11167	11676	11689	11617	10703	10398	10583	10495	10953	10886	10926	11075	11357	11750	11824	11713	10843	10439	10437	10364	10769	10829	10439	10830	11513	11418	11725	11620	10795	9885	10461	10194	10553	10690	10849	10868	11253	11548	11538	11401	10688	10421	10426	10496	10693	10813	10993	10870	11193	11218	11609	11338	11780	11693
0:26:48	37.0	11179	10630	10957	10821	10837	11048	10848	11216	11620	11874	11906	11656	10453	10337	10530	10435	10729	10613	10872	10909	11300	11596	11617	11600	10805	10382	10520	10447	10834	10774	10957	11017	11282	11684	11939	11670	10866	10435	10392	10437	10714	10919	10354	10863	11595	11395	11792	11580	10815	10323	10487	10390	10585	10680	10834	10930	11189	11426	11636	11327	10656	10565	10610	10461	10597	10693	10887	10926	11143	11319	11749	11399	11802	11518
0:30:48	37.0	11117	10710	10988	10978	10890	10894	11089	11167	11609	11766	11989	11554	10374	10321	10523	10546	10713	10754	10932	10874	11190	11577	11681	11633	10842	10466	10481	10649	10826	10857	10914	10983	11496	11708	11827	11495	10763	10344	10437	10537	10655	10878	10441	10824	11601	11454	11584	11550	10800	10340	10604	10370	10522	10665	10867	10945	11312	11488	11633	11429	10668	10530	10658	10497	10646	10793	10961	11058	11227	11387	11550	11453	11763	11683
0:34:48	37.0	11185	10660	10917	10876	10786	10972	10982	11105	11377	11703	11891	11608	10448	10367	10572	10457	10571	10708	10972	10900	11135	11645	11670	11736	10847	10329	10586	10670	10755	10710	10835	10945	11402	11535	11838	11565	10762	10274	10348	10432	10680	10709	10462	10946	11438	11442	11624	11625	10754	10339	10541	10212	10499	10772	10877	10976	11240	11478	11518	11362	10621	10414	10606	10395	10616	10720	11041	10910	11133	11349	11474	11364	11867	11573
0:38:48	37.0	11114	10603	10983	10884	10791	10810	10981	11031	11532	11671	11767	11563	10421	10365	10488	10474	10539	10519	10772	10842	11186	11377	11518	11695	10894	10236	10437	10463	10717	10686	10705	11025	11353	11557	11745	11519	10923	10255	10264	10275	10687	10685	10370	10791	11581	11416	11627	11622	10721	10278	10457	10313	10596	10657	10717	10874	11134	11352	11558	11372	10614	10371	10506	10381	10592	10672	10816	10913	11124	11355	11441	11293	11715	11518
0:42:48	37.0	11144	10621	10791	10920	10848	10852	10992	11149	11353	11610	11764	11593	10408	10251	10429	10441	10482	10607	10848	10759	11073	11370	11606	11511	10859	10323	10480	10488	10770	10839	10692	10788	11259	11380	11681	11578	10881	10302	10317	10258	10677	10710	10347	10730	11411	11326	11537	11521	10685	10277	10452	10330	10503	10741	10717	10784	11201	11412	11587	11151	10630	10391	10500	10349	10586	10708	10772	10879	11104	11140	11515	11277	11661	11522
0:46:48	37.0	11115	10720	10932	10879	10793	10825	10954	11009	11501	11630	11813	11522	10392	10320	10561	10410	10569	10649	10835	10710	11110	11497	11531	11497	10830	10351	10483	10480	10748	10754	10791	10938	11314	11541	11662	11470	10838	10389	10302	10276	10683	10778	10314	10689	11543	11476	11526	11526	10789	10407	10481	10335	10576	10723	10905	10866	11171	11431	11477	11299	10538	10367	10434	10362	10557	10560	10927	10911	11151	11299	11400	11342	11925	11451
0:50:48	37.0	11111	10785	10890	10992	10855	10732	10787	11024	11519	11616	11626	11568	10429	10305	10399	10513	10526	10620	10734	10822	11104	11447	11517	11544	10899	10293	10410	10473	10656	10589	10734	10757	11265	11576	11744	11503	10945	10302	10257	10415	10576	10789	10276	10770	11471	11255	11561	11438	10668	10243	10421	10354	10574	10702	10785	10866	11180	11351	11400	11234	10473	10335	10420	10397	10621	10715	10842	10947	11114	11255	11470	11373	11746	11517
0:54:48	37.0	11309	10861	11023	11047	10824	10965	10980	11179	11583	11618	11731	11577	10490	10326	10571	10575	10540	10581	10870	10958	11230	11539	11646	11625	10811	10380	10626	10586	10773	10827	10816	10925	11344	11545	11706	11565	10809	10429	10416	10266	10704	10756	10490	10745	11591	11385	11724	11560	10738	10139	10490	10372	10519	10749	10812	10873	11196	11476	11597	11476	10682	10529	10538	10435	10740	10803	10936	10940	11201	11310	11501	11314	11872	11509
0:58:48	37.0	11354	10774	11057	10988	10740	10865	10928	11098	11522	11695	11862	11688	10469	10451	10555	10615	10624	10585	10893	10836	11072	11502	11541	11634	10998	10360	10465	10510	10741	10726	10732	10967	11278	11636	11704	11632	10915	10396	10335	10379	10682	10744	10434	10811	11549	11442	11637	11552	10751	10313	10590	10460	10631	10697	10844	10911	11241	11436	11508	11469	10778	10515	10572	10613	10719	10705	11034	10962	11197	11194	11528	11427	11936	11670
1:02:48	37.0	11264	10739	11018	11015	10743	10937	10862	11128	11319	11579	11740	11551	10465	10455	10459	10489	10509	10645	10890	10897	11092	11443	11609	11543	11006	10290	10446	10515	10605	10784	10695	10924	11263	11619	11653	11522	10940	10383	10315	10323	10592	10693	10349	10782	11460	11282	11576	11606	10904	10337	10413	10223	10479	10706	10828	10784	11199	11372	11543	11252	10603	10350	10572	10490	10586	10814	10914	10937	11195	11317	11517	11266	12036	11524
1:06:48	37.0	11294	10738	10904	11008	10680	10822	10915	11030	11470	11531	11819	11576	10545	10353	10526	10511	10513	10637	10764	10931	11116	11423	11563	11564	11019	10283	10404	10499	10754	10735	10725	10915	11299	11560	11643	11514	10820	10359	10324	10353	10586	10688	10411	10778	11583	11283	11484	11506	10741	10215	10457	10385	10434	10664	10784	10858	11173	11341	11447	11277	10522	10480	10520	10555	10664	10586	10898	10828	11091	11240	11461	11291	11951	11481
1:10:48	37.0	11310	10823	10936	11037	10869	10894	10877	11118	11405	11527	11715	11519	10525	10360	10449	10440	10475	10588	10843	10782	11067	11347	11425	11481	10949	10332	10417	10491	10750	10714	10794	10887	11257	11532	11738	11591	10804	10370	10314	10234	10679	10641	10351	10817	11597	11314	11630	11470	10823	10269	10458	10409	10532	10623	10820	10912	11254	11405	11457	11168	10622	10443	10505	10461	10680	10657	10896	10833	11057	11138	11376	11409	11969	11553
1:14:48	37.0	11356	10876	11054	10996	10829	10857	10816	11182	11338	11684	11679	11523	10532	10282	10397	10500	10635	10622	10680	10818	11186	11457	11544	11550	10984	10336	10493	10494	10649	10752	10741	10958	11246	11526	11764	11641	10932	10303	10302	10273	10548	10671	10462	10746	11419	11305	11450	11514	10802	10279	10465	10261	10629	10748	10798	10868	11069	11385	11430	11321	10673	10387	10545	10451	10709	10777	10856	10929	11048	11332	11489	11363	12019	11574
1:18:48	37.0	11421	10964	10995	10957	10803	10994	10919	11092	11580	11673	11708	11566	10548	10357	10468	10540	10490	10610	10830	10977	11187	11541	11679	11651	11001	10222	10501	10469	10770	10773	10706	10895	11341	11533	11672	11610	10945	10292	10346	10362	10657	10774	10432	10804	11587	11450	11746	11484	10836	10223	10494	10451	10593	10809	10843	10846	11219	11406	11581	11223	10626	10392	10561	10554	10720	10766	10868	10937	11068	11255	11531	11410	12162	11592
1:22:48	37.0	11467	10941	11089	11124	10793	10743	10915	11073	11554	11673	11625	11724	10680	10463	10539	10619	10606	10576	10906	10989	11204	11547	11579	11603	11142	10316	10536	10481	10716	10759	10849	11050	11223	11576	11822	11634	11130	10367	10461	10340	10767	10753	10422	10882	11507	11392	11670	11612	10973	10332	10531	10403	10589	10695	10842	10975	11278	11529	11584	11183	10756	10501	10503	10535	10793	10788	10965	11034	11241	11336	11470	11444	12106	11624
1:26:48	37.0	11370	10820	10847	11055	10820	10787	10927	11087	11502	11640	11752	11572	10631	10417	10496	10598	10636	10689	10896	10990	11184	11533	11624	11575	11076	10423	10515	10432	10708	10761	10775	10973	11377	11514	11866	11633	11001	10370	10416	10424	10611	10745	10475	10922	11633	11374	11576	11571	10805	10354	10585	10510	10569	10753	10877	10899	11128	11340	11422	11300	10612	10540	10554	10525	10739	10859	10922	10870	11303	11304	11505	11309	12238	11624
1:30:48	37.0	11391	10979	11043	11074	10795	10872	10969	11234	11445	11615	11911	11562	10797	10416	10514	10595	10644	10785	10912	10990	11186	11550	11582	11707	11086	10410	10621	10606	10805	10820	10787	11063	11405	11576	11903	11680	10956	10383	10382	10456	10651	10772	10458	10830	11699	11500	11719	11738	10951	10300	10621	10501	10627	10784	10854	10937	11207	11382	11510	11374	10755	10525	10579	10580	10576	10882	11049	11011	11115	11349	11408	11393	12106	11527
1:34:48	37.0	11550	11009	10974	11007	10848	10937	11072	11179	11546	11628	11879	11651	10784	10435	10557	10602	10608	10753	11023	10898	11255	11591	11566	11571	11091	10336	10473	10406	10803	10841	10833	11089	11271	11566	11756	11605	10988	10342	10322	10395	10646	10830	10425	10845	11511	11438	11650	11559	10879	10382	10645	10484	10667	10866	10879	10968	11234	11507	11514	11364	10707	10443	10652	10474	10593	10713	10929	11014	11023	11250	11564	11514	12138	11659
1:38:48	37.0	11581	10951	11064	11088	10783	10960	10943	11188	11475	11708	11654	11460	10663	10540	10590	10602	10679	10739	10834	10843	11207	11477	11541	11684	11143	10427	10407	10547	10696	10834	10875	10939	11332	11534	11756	11585	10946	10446	10287	10362	10675	10773	10407	10911	11421	11430	11535	11573	10835	10345	10557	10369	10564	10822	10793	10959	11303	11342	11459	11354	10726	10521	10588	10391	10607	10735	10923	10834	11139	11295	11413	11368	12165	11492
1:42:48	37.0	11556	10949	11022	11178	10912	10934	11049	11239	11328	11720	11804	11600	10772	10485	10623	10655	10654	10700	11010	10966	11316	11566	11594	11735	11168	10417	10554	10503	10807	10747	10806	11024	11505	11670	11668	11536	10943	10417	10444	10411	10709	10864	10502	10968	11633	11402	11550	11589	10889	10445	10590	10427	10706	10756	10932	11055	11236	11435	11520	11451	10674	10519	10555	10545	10719	10785	10894	11120	11133	11429	11603	11444	12398	11659
1:46:48	37.0	11730	10941	11111	11181	10778	10790	10966	11211	11324	11559	11803	11685	10827	10467	10605	10650	10612	10705	10858	11038	11203	11553	11570	11686	11157	10342	10562	10532	10883	10841	10770	11105	11285	11479	11860	11606	10912	10356	10330	10424	10574	10886	10514	10914	11668	11541	11507	11667	10908	10433	10590	10442	10538	10648	10794	11016	11312	11502	11564	11404	10656	10525	10555	10567	10571	10819	10900	10986	11197	11372	11416	11388	12229	11544
1:50:48	37.0	11680	11008	11076	11217	10842	10886	10977	11168	11526	11645	11740	11578	10796	10530	10683	10582	10755	10741	10806	10944	11215	11663	11645	11588	11254	10391	10438	10558	10697	10829	10792	11101	11440	11474	11774	11602	10981	10365	10349	10419	10659	10866	10583	10899	11603	11500	11603	11523	10950	10302	10612	10421	10651	10829	10895	10888	11203	11466	11578	11397	10745	10481	10594	10507	10708	10721	10883	11032	11143	11317	11570	11409	12356	11636
1:54:48	37.0	11550	10971	11058	11237	10918	10957	10873	11265	11425	11699	11678	11533	10817	10507	10533	10561	10568	10791	10902	10930	11127	11600	11643	11605	11161	10370	10528	10488	10690	10720	10741	10900	11398	11542	11691	11621	11008	10426	10306	10409	10720	10738	10509	10826	11709	11325	11513	11691	10824	10299	10569	10479	10507	10705	10768	10991	11179	11445	11592	11432	10748	10612	10416	10455	10667	10794	10893	11041	11179	11282	11454	11411	12282	11572
1:58:48	37.0	11644	11033	11208	11228	10825	10954	11017	11259	11579	11653	11826	11674	10877	10610	10648	10633	10713	10694	10938	11025	11202	11591	11651	11730	11289	10327	10485	10661	10733	10815	10887	11019	11381	11540	11911	11731	11112	10498	10351	10517	10675	10840	10560	10877	11720	11404	11578	11559	11040	10415	10619	10557	10541	10814	10952	11013	11384	11452	11700	11386	10670	10514	10522	10487	10654	10871	10989	11007	11285	11265	11606	11543	12343	11546
2:02:48	37.0	11706	11004	11194	11297	10880	10916	11016	11152	11517	11695	11882	11449	10851	10598	10716	10658	10687	10741	10868	10989	11213	11595	11651	11741	11262	10412	10543	10599	10745	10760	10782	10937	11339	11436	11822	11783	11051	10363	10370	10444	10661	10792	10549	10868	11625	11376	11675	11545	10944	10393	10624	10458	10645	10765	10890	11109	11403	11431	11605	11438	10669	10461	10675	10364	10705	10767	10987	11077	11238	11373	11538	11434	12274	11604
2:06:48	37.0	11617	11073	11246	11190	10846	10804	11073	11168	11492	11516	11757	11551	10901	10522	10652	10683	10645	10743	10843	10980	11173	11571	11467	11602	11235	10328	10485	10609	10748	10864	10794	10998	11355	11613	11802	11662	11076	10465	10370	10494	10758	10781	10455	10863	11645	11325	11492	11726	10910	10310	10603	10458	10624	10687	10866	11004	11251	11514	11657	11264	10638	10574	10549	10470	10670	10613	10957	10942	11239	11331	11415	11435	12271	11689
2:10:48	37.0	11717	11045	11188	11333	10946	10936	10898	11227	11429	11653	11662	11520	10954	10627	10569	10657	10786	10732	10969	11042	11266	11690	11584	11728	11137	10453	10470	10579	10766	10727	10868	11058	11387	11596	11774	11755	11051	10302	10373	10439	10661	10759	10563	10853	11641	11434	11755	11604	11007	10371	10625	10545	10551	10831	10807	11023	11258	11467	11534	11491	10771	10527	10556	10544	10610	10715	10949	11086	11319	11240	11448	11455	12296	11684
2:14:48	37.0	11634	11023	11200	11385	11018	10873	11026	11140	11468	11651	11755	11564	10892	10506	10590	10693	10747	10793	10900	11033	11295	11448	11523	11740	11193	10432	10488	10600	10813	10727	10747	10934	11389	11488	11812	11586	10991	10463	10376	10525	10647	10918	10452	10913	11499	11572	11611	11666	10901	10390	10515	10527	10625	10724	10781	10940	11273	11468	11438	11300	10791	10435	10560	10562	10699	10752	11091	10967	11068	11324	11359	11438	12378	11605
2:18:48	37.0	11704	11098	11188	11287	10921	10852	10939	11247	11473	11658	11713	11613	10845	10552	10716	10667	10703	10740	10971	11051	11142	11537	11651	11594	11192	10367	10487	10483	10810	10795	10859	11122	11212	11534	11732	11613	11075	10347	10391	10443	10592	10800	10433	10811	11503	11482	11673	11722	10932	10426	10540	10411	10559	10672	10806	11033	11198	11476	11568	11382	10821	10530	10560	10452	10716	10670	10888	10944	11198	11317	11402	11440	12454	11604
2:22:48	37.0	11672	10917	11225	11217	10751	10906	10836	11115	11430	11591	11689	11544	10804	10580	10675	10588	10715	10690	10834	10970	11154	11422	11384	11583	11170	10294	10462	10478	10682	10681	10769	10914	11195	11478	11755	11573	10963	10499	10365	10444	10632	10898	10473	10868	11492	11361	11541	11573	10841	10347	10498	10374	10575	10737	10759	10940	11101	11295	11495	11383	10676	10499	10478	10512	10565	10710	10828	11017	11152	11284	11372	11288	12305	11582
2:26:48	37.0	11810	11007	11161	11173	10819	10906	10797	11193	11454	11613	11697	11443	10949	10630	10666	10701	10701	10709	10817	10859	11162	11427	11441	11627	11168	10339	10385	10499	10731	10861	10733	10940	11293	11546	11690	11608	11032	10350	10306	10333	10613	10842	10494	10804	11502	11292	11614	11527	10775	10312	10489	10473	10455	10697	10828	10883	11220	11388	11572	11375	10686	10505	10543	10471	10641	10829	10936	10998	11148	11260	11374	11432	12375	11489
2:30:48	37.0	11713	11065	11036	11254	10896	10952	10940	11160	11501	11574	11681	11491	10907	10538	10627	10539	10709	10709	10919	10915	11062	11522	11386	11577	11187	10356	10496	10468	10742	10719	10715	10866	11255	11557	11629	11524	11021	10398	10355	10367	10584	10766	10427	10739	11574	11404	11450	11525	10839	10327	10484	10351	10554	10678	10777	10808	11219	11273	11546	11425	10732	10523	10463	10501	10569	10707	10967	10955	11136	11274	11364	11282	12337	11574
2:34:48	37.0	11617	10989	11082	11196	10933	10795	10851	11015	11407	11414	11597	11450	10803	10505	10487	10577	10505	10691	10772	10855	10996	11428	11387	11593	11182	10330	10433	10457	10546	10806	10716	10811	11181	11471	11526	11434	10995	10386	10285	10306	10612	10605	10385	10622	11466	11331	11493	11524	10708	10258	10472	10297	10495	10650	10713	10891	11104	11293	11347	11216	10698	10376	10332	10472	10520	10700	10838	10859	11015	11193	11206	11277	12311	11391
2:38:48	37.0	11758	11006	11081	11159	10791	10915	10835	11079	11327	11369	11571	11445	10852	10520	10507	10557	10637	10642	10688	10830	11062	11468	11532	11578	11072	10176	10421	10466	10613	10699	10683	10825	11125	11436	11639	11485	10948	10306	10238	10324	10632	10703	10276	10653	11528	11244	11436	11478	10877	10312	10402	10298	10442	10725	10792	10877	11137	11258	11385	11295	10530	10318	10404	10397	10497	10551	10847	10991	11080	11198	11318	11273	12176	11531
2:42:48	36.9	11711	11119	11202	11152	10828	10960	10979	11129	11327	11419	11695	11374	10874	10494	10538	10546	10534	10746	10757	10874	11021	11433	11398	11553	11176	10360	10469	10535	10640	10653	10628	10920	11214	11357	11589	11474	11146	10362	10332	10370	10602	10691	10419	10839	11494	11267	11487	11495	10811	10279	10390	10305	10458	10578	10689	10900	11115	11340	11490	11315	10709	10456	10469	10312	10530	10751	10879	10796	11077	11274	11370	11401	12353	11448
2:46:48	37.0	11820	11030	11198	11255	10890	10905	10862	11166	11271	11410	11667	11466	10890	10542	10608	10662	10614	10612	10842	10993	11195	11404	11437	11560	11160	10421	10534	10450	10752	10622	10713	10922	11247	11536	11696	11654	11063	10322	10289	10419	10551	10660	10384	10819	11578	11454	11600	11586	10864	10377	10551	10451	10512	10668	10804	10929	11140	11419	11415	11406	10752	10502	10407	10507	10572	10698	10829	10920	11152	11226	11427	11350	12466	11618
2:50:48	37.0	11803	11044	11182	11144	10932	10894	10902	10987	11342	11522	11617	11448	10939	10622	10602	10667	10586	10671	10831	10808	11062	11439	11404	11658	11199	10288	10512	10466	10682	10743	10655	10887	11208	11422	11667	11519	11184	10422	10332	10383	10626	10741	10408	10673	11439	11328	11492	11544	10874	10330	10457	10444	10436	10753	10751	10803	11208	11424	11470	11270	10708	10404	10548	10376	10499	10663	10801	10834	11089	11139	11403	11355	12385	11645
2:54:48	37.0	11721	11050	11072	11296	10811	10911	10852	11135	11365	11336	11618	11395	11010	10693	10542	10567	10567	10650	10833	10822	10979	11476	11451	11482	11205	10445	10355	10468	10670	10708	10662	10897	11235	11454	11645	11484	11084	10437	10314	10326	10564	10746	10413	10783	11550	11399	11567	11527	10869	10266	10453	10341	10448	10625	10653	10910	11054	11228	11422	11371	10627	10436	10413	10477	10588	10755	10875	10912	11038	11201	11343	11463	12435	11641
2:58:48	37.0	11853	11118	11184	11250	10794	10887	10951	11123	11364	11650	11567	11515	11118	10679	10743	10656	10698	10735	10859	10954	11135	11472	11544	11640	11263	10379	10435	10506	10702	10701	10755	10885	11354	11469	11743	11531	11217	10407	10432	10386	10718	10818	10433	10846	11575	11382	11635	11525	10891	10396	10508	10446	10441	10758	10816	10925	11091	11337	11396	11429	10756	10456	10494	10546	10607	10717	10794	11029	11101	11284	11502	11466	12538	11468
3:02:48	37.0	11854	11126	11218	11310	10879	10833	10907	11008	11317	11557	11590	11561	11001	10443	10613	10687	10630	10706	10816	10864	11117	11419	11528	11558	11193	10297	10421	10431	10622	10617	10570	10831	11164	11357	11640	11399	11143	10364	10206	10413	10600	10653	10347	10726	11539	11365	11395	11459	10882	10206	10510	10325	10483	10666	10771	10799	11147	11228	11383	11224	10684	10418	10429	10505	10502	10702	10900	10904	11076	11195	11411	11343	12426	11623
3:06:48	37.0	11701	11205	11195	11313	10776	10869	10915	11113	11312	11580	11675	11550	11075	10626	10698	10637	10706	10711	10890	10972	11203	11549	11497	11531	11286	10243	10398	10411	10745	10665	10700	10901	11149	11475	11531	11513	11078	10348	10302	10398	10678	10814	10398	10768	11564	11261	11490	11478	10940	10196	10447	10425	10542	10760	10734	10918	11193	11310	11383	11327	10769	10437	10544	10505	10623	10743	10834	10954	11157	11295	11354	11433	12423	11687
3:10:48	37.0	11821	11112	11243	11354	10841	10884	10935	11110	11438	11600	11684	11534	11043	10680	10587	10642	10594	10673	10833	10924	11067	11458	11595	11602	11326	10371	10316	10500	10703	10697	10702	10867	11175	11404	11783	11590	11127	10478	10275	10455	10693	10736	10312	10836	11614	11338	11525	11579	10796	10394	10448	10404	10361	10740	10743	10887	11204	11398	11450	11315	10645	10507	10515	10459	10633	10651	11005	11004	11231	11207	11419	11522	12480	11579
3:14:48	37.0	11834	11171	11258	11281	10838	10864	10906	11037	11283	11535	11612	11525	11044	10673	10623	10683	10541	10659	10844	10844	11071	11471	11579	11537	11357	10256	10455	10473	10713	10659	10558	10903	11285	11433	11620	11623	11120	10310	10322	10488	10615	10789	10380	10841	11567	11291	11442	11459	10821	10282	10400	10350	10510	10714	10668	10877	11047	11196	11433	11265	10713	10420	10510	10438	10630	10643	10913	10878	11178	11281	11298	11486	12365	11673
3:18:48	37.0	11924	11240	11211	11266	10828	10997	10918	11143	11424	11561	11612	11525	11116	10694	10757	10598	10742	10659	10759	10938	11219	11473	11480	11604	11239	10345	10492	10478	10775	10738	10718	10860	11210	11529	11706	11585	11187	10498	10282	10338	10670	10781	10484	10835	11507	11297	11637	11509	10857	10336	10496	10391	10449	10630	10788	10751	11172	11301	11479	11249	10710	10503	10451	10508	10692	10837	10958	10969	11012	11333	11531	11351	12573	11685
3:22:48	37.0	11874	11141	11133	11222	10778	10743	10895	11178	11294	11559	11676	11475	10964	10707	10659	10639	10637	10716	10784	11032	11128	11550	11476	11617	11281	10339	10443	10500	10747	10708	10741	10927	11217	11324	11629	11437	11182	10327	10289	10297	10635	10787	10441	10854	11489	11304	11501	11545	10919	10328	10459	10317	10428	10696	10802	10843	11165	11170	11330	11149	10623	10528	10482	10391	10581	10742	10966	10925	11087	11249	11432	11349	12587	11775
3:26:48	37.0	11924	11304	11192	11311	10850	10994	10866	11125	11365	11635	11725	11530	11133	10633	10710	10577	10585	10745	10899	10949	11090	11515	11557	11564	11353	10296	10396	10489	10761	10724	10674	10849	11202	11494	11598	11547	11107	10399	10270	10420	10630	10717	10448	10835	11509	11444	11529	11432	10921	10290	10531	10304	10398	10627	10659	10791	11131	11332	11444	11243	10723	10528	10482	10518	10553	10691	10914	10895	11117	11299	11314	11430	12645	11701
3:30:48	37.0	11838	11268	11344	11462	10870	10837	10979	11027	11359	11549	11714	11529	11162	10705	10704	10699	10610	10705	11006	10901	11186	11555	11536	11632	11342	10362	10436	10486	10618	10796	10675	10842	11276	11321	11635	11634	11310	10453	10301	10452	10728	10765	10434	10979	11660	11431	11656	11520	10806	10325	10530	10365	10487	10738	10686	10926	11037	11228	11409	11313	10662	10438	10569	10479	10637	10708	10986	10982	11037	11183	11356	11463	12473	11748
3:34:48	37.0	11906	11223	11196	11337	10779	10932	10911	11084	11351	11597	11594	11564	11099	10697	10605	10610	10640	10667	10853	10853	11089	11478	11600	11537	11332	10333	10368	10439	10644	10733	10682	10933	11251	11425	11628	11591	11131	10387	10369	10359	10657	10756	10282	10851	11600	11351	11574	11462	10924	10339	10371	10320	10432	10572	10609	10844	11129	11283	11461	11224	10750	10445	10505	10439	10627	10682	10805	11061	11240	11212	11493	11442	12430	11717
3:38:48	37.0	11796	11182	11222	11235	10842	10895	10916	11069	11371	11504	11710	11550	11070	10693	10680	10576	10625	10642	10898	10974	11210	11424	11638	11637	11433	10319	10466	10461	10758	10728	10664	10944	11285	11488	11694	11559	11209	10436	10368	10457	10626	10786	10524	10860	11707	11330	11659	11493	11010	10462	10455	10446	10505	10676	10778	10842	11044	11167	11398	11208	10652	10592	10606	10456	10671	10802	10981	10966	11175	11296	11348	11601	12536	11693
3:42:48	37.0	11790	11170	11256	11291	10765	10909	10821	11178	11347	11551	11772	11523	11125	10678	10656	10639	10667	10689	10859	10969	11116	11482	11407	11702	11383	10430	10365	10426	10671	10615	10657	10963	11181	11391	11524	11489	11168	10363	10280	10436	10547	10646	10426	10798	11609	11367	11562	11465	10906	10237	10433	10377	10466	10633	10710	10785	11109	11301	11312	11197	10639	10431	10479	10498	10646	10768	10898	10952	11097	11296	11499	11507	12451	11588
3:46:48	37.0	11789	11202	11152	11404	10823	10903	10924	11214	11438	11654	11639	11581	11126	10717	10698	10630	10659	10666	10885	10911	11061	11450	11572	11679	11537	10434	10441	10551	10674	10656	10715	10935	11277	11480	11704	11590	11254	10528	10397	10407	10470	10753	10480	10889	11640	11371	11670	11573	10951	10298	10448	10447	10382	10654	10750	10811	11113	11390	11384	11332	10772	10520	10599	10482	10560	10750	10840	10888	11168	11264	11464	11452	12625	11621
3:50:48	37.0	11849	11190	11233	11355	10806	10762	10829	11172	11387	11433	11513	11395	11086	10705	10565	10656	10520	10716	10832	10820	10996	11396	11433	11575	11400	10435	10439	10410	10574	10602	10647	10850	11209	11293	11644	11487	11343	10423	10300	10343	10661	10709	10419	10840	11616	11352	11489	11622	10926	10215	10374	10386	10389	10637	10701	10801	11176	11140	11347	11162	10711	10481	10406	10453	10565	10628	10857	10902	11201	11187	11428	11417	12459	11757
3:54:48	37.0	11803	11302	11210	11286	10737	10788	10798	10980	11377	11571	11614	11501	11076	10592	10654	10631	10599	10754	10820	10826	11102	11422	11487	11597	11406	10262	10423	10352	10665	10629	10713	10811	11254	11430	11594	11572	11311	10459	10244	10254	10611	10756	10366	10803	11489	11351	11439	11635	10863	10352	10460	10270	10464	10647	10778	10824	11094	11258	11391	11227	10708	10522	10399	10387	10566	10570	10851	10849	11162	11206	11355	11382	12526	11595
3:58:48	37.0	11873	11292	11256	11407	10742	10912	10985	11175	11401	11600	11662	11441	11211	10556	10684	10698	10729	10730	10834	10887	11169	11527	11472	11683	11505	10262	10513	10539	10667	10599	10679	10992	11308	11468	11643	11619	11293	10439	10326	10405	10637	10838	10409	10857	11630	11379	11661	11617	10958	10313	10449	10347	10537	10608	10690	10776	11086	11243	11369	11303	10824	10505	10459	10464	10659	10707	10881	10953	11051	11199	11505	11447	12585	11611
4:02:48	37.0	11997	11159	11242	11426	10758	10927	10776	11171	11495	11545	11670	11427	11202	10622	10644	10678	10714	10710	10880	10963	11327	11543	11547	11549	11459	10285	10430	10530	10624	10764	10687	10946	11241	11343	11647	11664	11339	10394	10422	10394	10596	10833	10412	10839	11676	11316	11631	11544	10903	10391	10518	10433	10476	10663	10769	10774	11058	11215	11271	11230	10714	10509	10449	10490	10676	10715	10971	10893	11033	11308	11331	11509	12493	11645
4:06:48	37.0	11891	11281	11345	11365	10912	10894	10845	11151	11344	11544	11736	11566	11173	10622	10579	10606	10667	10664	10864	10974	11306	11488	11599	11480	11495	10361	10425	10407	10649	10724	10664	10859	11266	11322	11711	11585	11320	10388	10309	10379	10666	10859	10502	10870	11626	11279	11518	11434	10906	10218	10403	10309	10412	10632	10620	10843	11103	11376	11336	11362	10778	10534	10500	10442	10692	10711	10870	10994	11255	11312	11468	11454	12535	11672
4:10:48	37.0	12057	11332	11310	11386	10841	10902	10969	11271	11376	11583	11768	11583	11188	10713	10777	10665	10682	10665	11000	11002	11376	11576	11565	11641	11607	10386	10486	10396	10714	10739	10738	11073	11319	11464	11773	11539	11339	10514	10311	10430	10644	10771	10420	10849	11696	11499	11669	11654	11026	10322	10504	10459	10561	10611	10792	10892	11178	11321	11516	11278	10866	10595	10581	10613	10702	10829	10946	11016	11105	11309	11429	11533	12531	11809
4:14:48	37.0	11954	11319	11308	11454	10833	10875	10843	11102	11383	11562	11602	11475	11232	10615	10716	10572	10651	10664	10904	10898	11190	11599	11552	11591	11614	10284	10456	10507	10756	10722	10680	11001	11285	11410	11542	11592	11364	10453	10331	10404	10782	10747	10363	10807	11643	11412	11661	11515	10930	10268	10490	10417	10397	10623	10682	10869	11110	11380	11401	11262	10777	10555	10493	10411	10688	10729	10887	10893	11172	11302	11406	11528	12620	11619
4:18:48	37.0	11995	11278	11285	11543	10774	10883	10857	11100	11328	11569	11619	11421	11227	10647	10708	10738	10651	10683	10915	10995	11198	11494	11586	11721	11549	10383	10550	10379	10634	10694	10681	10913	11225	11429	11644	11605	11377	10487	10362	10598	10615	10746	10510	10805	11727	11420	11597	11627	10870	10289	10478	10322	10568	10712	10840	10904	11084	11425	11373	11286	10801	10469	10592	10483	10681	10797	10942	11026	11215	11387	11404	11497	12644	11827
4:22:48	37.0	11885	11192	11279	11554	10787	10909	10961	11130	11419	11547	11629	11511	11103	10571	10546	10589	10721	10623	10890	10993	11292	11497	11563	11681	11529	10324	10398	10454	10667	10728	10666	10906	11202	11437	11620	11518	11366	10387	10351	10424	10675	10795	10382	10839	11559	11316	11568	11632	10915	10280	10439	10348	10365	10675	10675	10821	11014	11237	11412	11394	10686	10417	10477	10469	10699	10814	11015	11001	11108	11298	11492	11500	12587	11825
4:26:48	37.0	12057	11355	11342	11526	10835	10990	10898	11068	11438	11603	11773	11543	11193	10682	10660	10595	10724	10754	10905	10893	11222	11524	11575	11721	11562	10461	10488	10528	10699	10625	10694	10927	11211	11527	11759	11565	11450	10446	10444	10509	10726	10708	10507	10866	11621	11319	11716	11553	10904	10340	10417	10337	10460	10571	10711	10843	11147	11268	11288	11253	10816	10568	10662	10483	10500	10863	10901	11029	11265	11363	11440	11510	12478	11740
4:30:48	37.0	11985	11269	11315	11340	10871	10953	10932	11207	11328	11562	11680	11504	11179	10622	10730	10593	10749	10716	10893	10981	11274	11534	11554	11710	11609	10417	10426	10455	10637	10658	10657	10913	11221	11391	11606	11667	11393	10389	10414	10424	10661	10804	10412	10905	11703	11332	11568	11547	10995	10315	10521	10395	10380	10514	10836	10830	11033	11367	11440	11326	10793	10540	10616	10420	10679	10753	10878	11141	11188	11409	11511	11455	12636	11812
4:34:48	37.0	11904	11290	11354	11533	10854	10865	10842	11185	11405	11550	11578	11526	11168	10729	10728	10582	10586	10779	10835	10996	11367	11487	11608	11675	11570	10415	10444	10483	10671	10717	10623	10961	11201	11368	11634	11609	11331	10492	10291	10354	10582	10751	10488	10739	11592	11423	11489	11524	10981	10261	10386	10375	10508	10631	10735	10840	11138	11398	11424	11305	10854	10541	10379	10589	10687	10783	10875	11027	11153	11318	11424	11442	12569	11742
4:38:48	37.0	11966	11349	11306	11478	10913	10886	10820	11105	11370	11652	11792	11634	11303	10699	10746	10613	10592	10575	10894	10957	11451	11541	11556	11765	11641	10406	10481	10396	10615	10635	10755	11099	11298	11439	11698	11597	11468	10479	10441	10503	10641	10849	10352	10798	11807	11397	11565	11629	10980	10311	10519	10357	10405	10670	10704	10884	11071	11229	11386	11370	10854	10656	10582	10460	10705	10805	10962	10972	11227	11238	11527	11456	12566	11869
4:42:48	37.0	11972	11351	11307	11548	10820	10898	10963	11276	11481	11510	11723	11501	11193	10597	10649	10645	10570	10611	10953	11004	11378	11499	11575	11710	11479	10357	10474	10444	10712	10788	10617	10940	11281	11483	11634	11547	11409	10553	10380	10376	10727	10879	10506	10948	11792	11435	11545	11781	11031	10236	10461	10354	10477	10668	10762	10733	11085	11323	11438	11325	10829	10474	10504	10475	10607	10787	10961	11026	11186	11290	11482	11485	12610	11702
4:46:48	37.0	12024	11371	11367	11554	10828	10948	10995	11269	11481	11595	11760	11631	11245	10617	10658	10692	10709	10666	10974	10970	11368	11561	11647	11676	11586	10414	10356	10547	10731	10793	10779	10958	11352	11512	11743	11617	11456	10480	10379	10492	10668	10743	10474	10903	11822	11338	11660	11758	11061	10361	10531	10397	10506	10661	10689	10936	10993	11384	11397	11354	10942	10536	10591	10504	10691	10932	11008	11109	11241	11286	11467	11653	12671	11765
4:50:48	37.0	11891	11330	11516	11577	10889	10918	10961	11077	11398	11668	11723	11608	11310	10692	10760	10768	10650	10779	10973	10983	11299	11510	11708	11711	11533	10377	10466	10507	10755	10698	10758	10964	11255	11395	11759	11554	11502	10504	10402	10465	10630	10780	10498	10882	11779	11399	11638	11585	10978	10259	10513	10353	10501	10660	10771	10767	11154	11289	11488	11330	10915	10566	10595	10557	10673	10767	10935	11006	11127	11291	11447	11526	12738	11859
4:54:48	37.0	12003	11445	11282	11486	10824	10906	10934	11266	11435	11400	11787	11590	11290	10633	10682	10623	10604	10726	11018	10991	11266	11453	11589	11716	11667	10443	10397	10602	10676	10680	10787	10903	11255	11444	11667	11591	11564	10440	10340	10371	10692	10788	10485	10830	11696	11440	11649	11616	10986	10319	10426	10441	10370	10645	10728	10825	11080	11294	11517	11314	10908	10603	10541	10511	10678	10732	10882	10994	11126	11317	11445	11532	12624	11776
4:58:48	37.0	11995	11210	11416	11552	10858	10989	10962	11150	11467	11642	11752	11559	11230	10613	10648	10678	10686	10706	10824	11018	11359	11628	11590	11700	11650	10430	10424	10536	10578	10760	10826	10857	11354	11372	11601	11561	11541	10607	10374	10492	10676	10751	10515	10938	11875	11497	11553	11690	10965	10332	10523	10360	10557	10719	10726	10843	11106	11340	11492	11333	10793	10661	10588	10475	10697	10803	10897	11135	11115	11346	11473	11509	12717	11851
5:02:48	37.0	11853	11295	11327	11474	10846	10878	11017	11091	11354	11548	11700	11510	11271	10712	10726	10595	10657	10659	10889	10826	11402	11561	11539	11608	11560	10401	10417	10498	10716	10761	10674	10942	11139	11435	11680	11512	11414	10442	10375	10376	10628	10765	10494	10865	11744	11490	11536	11786	11130	10323	10429	10353	10533	10652	10723	10753	11143	11333	11456	11338	10921	10528	10453	10381	10716	10675	11017	11014	11162	11308	11442	11555	12552	11805
5:06:48	37.0	11930	11351	11357	11561	10830	10927	10869	11081	11344	11590	11631	11553	11358	10631	10642	10616	10593	10622	10881	10930	11259	11592	11536	11695	11594	10395	10489	10619	10767	10685	10585	10977	11254	11443	11669	11594	11466	10546	10373	10397	10633	10741	10410	10785	11648	11474	11649	11663	11076	10314	10424	10309	10441	10634	10664	10831	11068	11390	11453	11351	10748	10535	10554	10589	10590	10684	10967	11035	11166	11348	11403	11518	12600	12006
5:10:48	36.9	11895	11498	11353	11520	10783	10893	10899	11202	11298	11428	11700	11578	11323	10713	10638	10654	10596	10695	10959	10885	11234	11476	11682	11719	11614	10367	10383	10456	10620	10776	10634	10905	11206	11375	11601	11590	11518	10485	10375	10534	10553	10779	10416	10816	11703	11477	11491	11612	11000	10316	10441	10298	10437	10513	10634	10829	11116	11322	11404	11392	10796	10552	10528	10516	10671	10688	10928	10972	11202	11303	11440	11642	12679	11875
5:14:48	37.0	11931	11407	11358	11629	10844	10905	10950	11070	11279	11548	11737	11540	11289	10598	10662	10647	10633	10779	10890	11076	11348	11591	11625	11775	11582	10411	10545	10513	10710	10722	10670	10874	11199	11502	11624	11672	11541	10414	10390	10483	10643	10800	10458	10764	11712	11388	11525	11715	10986	10314	10577	10344	10317	10583	10713	10832	11144	11323	11438	11289	10923	10512	10523	10533	10580	10726	10995	10918	11225	11239	11420	11573	12505	11864
5:18:48	37.0	11892	11396	11384	11582	10851	10895	10850	11145	11350	11567	11674	11647	11306	10617	10590	10613	10696	10757	10827	10905	11316	11613	11535	11774	11574	10326	10375	10435	10649	10785	10624	10909	11199	11399	11621	11612	11379	10448	10441	10366	10679	10806	10515	10823	11689	11396	11560	11571	11037	10323	10475	10412	10375	10633	10648	10752	11063	11266	11428	11356	10840	10580	10550	10439	10778	10726	10791	11025	11160	11376	11407	11535	12594	11861
5:22:48	37.0	11870	11482	11397	11582	10834	10866	10883	11129	11430	11583	11604	11615	11454	10681	10602	10626	10706	10815	10888	10989	11301	11524	11649	11794	11654	10441	10479	10386	10749	10767	10716	10921	11231	11482	11664	11540	11549	10420	10461	10500	10728	10797	10545	10841	11807	11515	11649	11744	10996	10223	10438	10341	10529	10739	10623	10817	11062	11283	11437	11378	10898	10523	10571	10542	10722	10733	10902	11096	11238	11419	11473	11614	12589	11758
5:26:48	37.0	11796	11472	11341	11662	10808	10844	10839	11256	11300	11408	11588	11602	11338	10665	10700	10665	10680	10671	10902	10995	11322	11514	11535	11745	11697	10449	10433	10510	10565	10691	10615	10805	11123	11364	11695	11686	11585	10556	10399	10431	10635	10817	10433	10883	11802	11413	11611	11734	10942	10365	10460	10318	10468	10665	10735	10827	11067	11278	11528	11440	10837	10556	10515	10595	10622	10786	11009	11053	11183	11268	11398	11527	12457	11885
5:30:48	37.0	11827	11435	11457	11695	10792	10868	10806	11154	11335	11485	11812	11603	11296	10514	10706	10600	10649	10656	10865	10970	11268	11496	11606	11801	11608	10368	10388	10532	10788	10708	10699	10864	11225	11344	11631	11568	11554	10434	10387	10420	10708	10644	10398	10793	11686	11368	11650	11684	11119	10133	10485	10425	10458	10704	10633	10890	10990	11288	11359	11471	10825	10537	10511	10493	10549	10756	10953	10937	11145	11290	11372	11593	12543	11799
5:34:48	37.0	11789	11474	11415	11479	10733	10932	10929	11140	11287	11469	11600	11606	11269	10696	10651	10666	10669	10663	10970	10945	11233	11546	11563	11684	11522	10430	10350	10452	10687	10712	10712	10898	11177	11408	11725	11680	11468	10474	10290	10499	10586	10722	10309	10766	11738	11376	11584	11651	10997	10282	10474	10235	10575	10561	10711	10701	11038	11252	11347	11319	10875	10527	10560	10447	10589	10687	10871	10926	11140	11246	11436	11608	12515	11905
5:38:48	37.0	11845	11484	11424	11658	10854	10888	10905	11129	11319	11595	11759	11535	11385	10712	10617	10607	10628	10804	10816	11005	11296	11518	11584	11809	11653	10344	10443	10512	10707	10662	10659	10855	11284	11423	11709	11732	11627	10506	10380	10372	10581	10812	10432	10899	11748	11313	11617	11778	10974	10350	10468	10328	10477	10734	10661	10851	11076	11224	11460	11390	10842	10560	10493	10614	10604	10849	10956	11013	11182	11415	11505	11579	12515	12107
5:42:48	37.0	11860	11463	11433	11641	10921	10967	10963	11150	11498	11513	11787	11643	11365	10679	10616	10580	10581	10735	10963	10953	11342	11633	11557	11670	11667	10649	10430	10587	10710	10772	10680	10941	11309	11461	11741	11670	11621	10461	10361	10532	10690	10841	10487	10856	11868	11535	11632	11683	10999	10315	10543	10353	10432	10673	10771	10791	11157	11313	11444	11336	10961	10605	10541	10569	10783	10888	11057	10979	11185	11283	11517	11596	12543	11921
5:46:48	37.0	12022	11559	11498	11736	10900	11013	10961	11281	11549	11626	11826	11703	11446	10800	10744	10659	10735	10787	10929	11098	11235	11695	11708	11855	11740	10453	10474	10543	10714	10761	10787	11041	11298	11441	11770	11677	11685	10458	10455	10578	10771	10811	10499	10962	11939	11462	11662	11646	11017	10386	10470	10545	10620	10594	10770	10936	11182	11401	11678	11498	10850	10590	10648	10623	10807	10880	11075	11237	11256	11381	11569	11601	12575	12068
5:50:48	37.0	11811	11515	11512	11727	10888	10988	11068	11136	11373	11565	11895	11650	11444	10750	10762	10589	10707	10807	10912	10991	11403	11639	11610	11838	11758	10581	10576	10584	10706	10625	10706	11004	11315	11384	11713	11708	11755	10637	10423	10551	10801	10819	10611	10949	11932	11440	11559	11776	11154	10367	10484	10324	10637	10617	10683	10870	11151	11299	11533	11395	11072	10719	10567	10678	10733	10905	11038	11109	11157	11261	11539	11706	12573	12036
5:54:48	37.0	11863	11605	11582	11751	10950	10939	11054	11234	11474	11556	11875	11722	11458	10735	10821	10670	10736	10706	10972	11069	11376	11591	11638	11838	11625	10475	10556	10604	10721	10739	10714	11065	11371	11514	11747	11773	11636	10550	10443	10517	10664	10839	10496	10864	11884	11514	11712	11826	11182	10379	10529	10476	10626	10696	10683	10854	11134	11374	11422	11537	11038	10640	10653	10659	10775	10825	10949	11108	11289	11375	11519	11598	12630	11960
5:58:48	37.0	11831	11576	11522	11676	10922	10957	10956	11248	11456	11456	11802	11609	11511	10672	10705	10676	10652	10707	11017	11008	11261	11480	11725	11844	11728	10464	10554	10478	10674	10688	10665	10965	11350	11485	11604	11685	11715	10562	10473	10483	10672	10914	10573	10945	11832	11476	11650	11615	11169	10471	10572	10371	10504	10759	10699	10978	11139	11339	11556	11459	11013	10654	10620	10618	10728	10858	11097	11133	11256	11352	11569	11686	12454	12033
6:02:48	37.0	11846	11849	11617	11684	10877	10940	10900	11231	11410	11512	11754	11660	11570	10665	10731	10708	10712	10637	10987	11060	11198	11731	11504	11700	11700	10407	10574	10511	10749	10737	10700	10990	11270	11482	11664	11686	11705	10449	10481	10585	10694	10897	10507	10917	11853	11451	11657	11765	11154	10402	10563	10397	10476	10656	10756	10851	11085	11313	11491	11500	11053	10589	10644	10544	10746	10835	11029	11104	11230	11459	11480	11694	12411	12122
6:06:48	37.0	11942	11706	11550	11761	10905	10948	11120	11279	11528	11553	11840	11748	11594	10626	10704	10704	10704	10844	10918	11112	11304	11693	11726	11897	11667	10445	10508	10526	10766	10778	10701	11082	11308	11541	11711	11704	11702	10566	10424	10548	10867	10858	10490	10959	12057	11551	11655	11869	11125	10436	10575	10455	10500	10709	10685	10842	11324	11446	11522	11425	11114	10653	10789	10726	10855	10856	11042	11170	11306	11445	11660	11555	12557	12027
6:10:48	37.0	11875	11653	11571	11810	10967	11084	11035	11217	11513	11593	11787	11700	11510	10753	10669	10537	10772	10820	10973	10996	11342	11573	11733	11858	11676	10521	10555	10591	10644	10709	10697	10845	11231	11519	11851	11661	11719	10556	10415	10565	10672	10870	10526	10830	11921	11444	11713	11845	11204	10321	10582	10409	10409	10601	10747	10832	11204	11346	11562	11527	11061	10695	10781	10690	10765	10934	11012	11163	11192	11423	11572	11744	12426	12050
6:14:48	37.0	11903	11728	11498	11746	10784	10866	10906	11288	11450	11697	11861	11666	11635	10672	10716	10780	10725	10734	10888	10998	11344	11653	11656	11865	11748	10526	10574	10545	10738	10730	10705	10974	11273	11511	11792	11722	11714	10601	10481	10655	10725	10963	10596	10854	12023	11381	11682	11888	11098	10421	10524	10370	10545	10714	10759	10905	11189	11442	11475	11541	11122	10744	10727	10587	10719	10843	11059	11113	11271	11492	11587	11809	12390	12037
6:18:48	37.0	11824	11602	11553	11727	10822	10898	10973	11304	11443	11428	11774	11649	11485	10605	10729	10676	10691	10849	10973	10988	11255	11609	11691	11808	11642	10506	10541	10574	10648	10705	10739	10995	11311	11499	11683	11732	11740	10707	10421	10561	10796	10844	10499	10873	11782	11396	11597	11743	11349	10447	10589	10403	10451	10751	10788	10908	11195	11434	11508	11378	11024	10610	10694	10585	10578	10947	11055	11112	11279	11458	11655	11753	12367	11979
6:22:48	37.0	11776	11491	11521	11736	10901	10877	10995	11228	11407	11564	11730	11650	11578	10717	10578	10737	10716	10661	10877	11013	11292	11689	11524	11813	11704	10456	10508	10444	10613	10668	10658	10942	11216	11486	11766	11680	11674	10463	10412	10484	10717	10853	10516	10968	11851	11420	11771	11716	11265	10380	10514	10299	10374	10691	10839	10807	11279	11399	11441	11469	10931	10724	10594	10621	10706	10924	10973	10991	11304	11324	11633	11663	12425	12110
6:26:48	37.0	11822	11756	11628	11853	10953	10989	11008	11263	11506	11631	11840	11666	11646	10656	10798	10689	10680	10832	10983	11074	11191	11616	11649	11830	11676	10503	10539	10503	10697	10694	10752	10936	11256	11372	11818	11723	11674	10622	10392	10469	10747	10823	10471	10933	11984	11574	11723	11750	11323	10458	10520	10375	10532	10740	10774	10917	11224	11330	11479	11541	10989	10628	10710	10661	10912	10953	10985	11106	11229	11393	11595	11714	12377	12130
6:30:48	37.0	11617	11659	11466	11687	11017	10951	10938	11189	11419	11588	11678	11696	11559	10650	10738	10731	10696	10749	10961	11106	11283	11676	11602	11918	11603	10591	10508	10547	10627	10653	10704	10897	11266	11465	11788	11663	11747	10627	10353	10382	10703	10832	10456	11009	11992	11572	11745	11726	11286	10334	10601	10500	10531	10756	10764	10872	11181	11426	11566	11469	11113	10691	10723	10716	10836	10832	10967	11086	11438	11341	11508	11729	12375	12070
6:34:48	37.0	11540	11814	11612	11805	10966	10983	10930	11047	11502	11615	11721	11771	11505	10727	10734	10640	10702	10732	10893	10957	11324	11667	11633	11820	11497	10490	10640	10597	10665	10807	10698	11012	11289	11435	11636	11711	11682	10672	10427	10593	10767	10967	10527	10855	12026	11511	11635	11763	11302	10416	10564	10342	10493	10615	10790	10830	11222	11337	11547	11448	11050	10597	10641	10645	10741	10842	11058	11046	11290	11329	11644	11726	12283	12126
6:38:48	37.0	11661	11580	11527	11738	10937	10881	11012	11202	11427	11630	11752	11769	11535	10707	10731	10596	10746	10690	10993	10963	11276	11727	11667	11935	11645	10552	10550	10597	10704	10660	10617	10980	11356	11485	11735	11739	11752	10602	10464	10523	10721	10910	10591	10856	11949	11456	11741	11683	11370	10467	10647	10339	10480	10713	10765	10830	11158	11377	11449	11502	11017	10850	10653	10609	10788	10857	11007	11038	11240	11506	11655	11682	12375	12155
6:42:48	37.0	11553	11724	11509	11837	10886	10999	10996	11255	11435	11689	11759	11744	11539	10677	10806	10733	10633	10655	11012	11118	11227	11676	11645	11787	11502	10583	10561	10482	10778	10794	10850	10981	11260	11593	11703	11711	11723	10500	10457	10508	10752	10914	10552	10922	11924	11551	11713	11803	11273	10463	10719	10388	10589	10684	10774	10874	11222	11430	11578	11508	11088	10741	10745	10701	10754	10937	11002	11126	11356	11352	11606	11800	12449	12175
6:46:48	37.0	11607	11835	11518	11950	10951	10927	10932	11274	11533	11667	11810	11630	11575	10710	10815	10758	10724	10837	10936	11070	11289	11656	11748	11950	11518	10520	10537	10568	10710	10871	10714	10924	11335	11548	11822	11719	11862	10681	10507	10635	10766	10909	10498	10891	11980	11429	11816	11834	11295	10418	10630	10429	10461	10782	10777	10892	11245	11414	11554	11584	11153	10735	10746	10665	10797	10926	11037	11174	11336	11459	11594	11793	12421	12271
6:50:48	37.0	11511	11918	11587	11918	10933	11047	11086	11324	11496	11635	11866	11819	11558	10858	10801	10791	10879	10855	11008	11025	11300	11788	11727	11928	11562	10616	10511	10477	10683	10859	10800	10915	11191	11574	11764	11736	11842	10692	10639	10532	10721	10975	10607	10914	12024	11564	11827	11827	11457	10506	10652	10510	10509	10706	10865	10945	11226	11515	11616	11591	11102	10742	10699	10810	10813	11069	11028	11224	11297	11422	11684	11780	12498	12249
6:54:48	37.0	11478	11804	11465	11855	10990	11019	11107	11280	11492	11697	11829	11793	11508	10772	10820	10825	10661	10755	10949	11044	11319	11552	11787	11885	11524	10555	10538	10575	10693	10795	10782	10993	11340	11525	11762	11701	11774	10657	10593	10615	10738	10944	10602	10953	12025	11428	11803	11942	11319	10412	10576	10358	10571	10735	10874	10923	11245	11380	11498	11613	11179	10754	10633	10738	10817	10960	11077	11221	11323	11515	11745	11801	12458	12160
6:58:48	37.0	11372	11806	11579	11885	10993	11098	10935	11175	11496	11608	11878	11680	11622	10784	10694	10786	10747	10744	10995	10969	11450	11598	11628	11933	11380	10596	10532	10487	10709	10796	10851	10996	11394	11511	11825	11785	11795	10684	10585	10618	10760	10901	10547	11028	12107	11608	11758	11946	11405	10400	10616	10439	10608	10761	10767	10996	11236	11411	11497	11420	11116	10841	10645	10704	10762	10884	11062	11098	11255	11436	11721	11914	12320	12205
7:02:48	37.0	11344	11767	11551	11888	11041	11012	11083	11382	11520	11662	11928	11715	11606	10776	10700	10827	10737	10767	10946	11137	11353	11642	11746	11904	11414	10647	10677	10602	10713	10752	10748	11019	11351	11611	11735	11748	11850	10727	10607	10438	10740	10847	10536	11056	12024	11465	11722	11820	11401	10425	10629	10493	10563	10847	10827	10996	11233	11331	11525	11536	11123	10802	10765	10681	10930	10891	11161	11276	11423	11427	11732	11846	12333	12229
7:06:48	37.0	11276	11752	11541	11797	10988	10987	11047	11372	11635	11697	11821	11887	11460	10698	10749	10748	10770	10819	10946	11022	11357	11695	11656	11853	11468	10688	10639	10626	10806	10826	10782	11021	11374	11490	11749	11714	11767	10690	10500	10647	10746	10921	10535	10844	12018	11570	11818	11865	11384	10598	10597	10472	10599	10593	10826	10890	11053	11351	11527	11406	11286	10805	10683	10750	10758	10923	11231	11188	11479	11471	11684	11809	12327	12097
7:10:48	37.0	11149	11739	11521	11791	10898	10911	10937	11159	11525	11616	11785	11654	11516	10736	10734	10658	10704	10785	10994	10994	11290	11650	11663	11860	11389	10588	10554	10546	10719	10651	10709	10944	11276	11455	11704	11736	11642	10584	10337	10485	10734	10803	10538	10943	12124	11554	11736	11825	11372	10531	10555	10387	10468	10729	10773	10841	11138	11384	11460	11508	11249	10735	10676	10677	10732	10868	11107	11220	11254	11456	11608	11914	12179	12250
7:14:48	37.0	11096	11779	11613	11924	10957	11125	11043	11410	11601	11630	11892	11929	11547	10807	10804	10704	10795	10900	11048	11000	11265	11668	11686	11982	11527	10662	10613	10549	10821	10843	10831	10992	11328	11579	11914	11917	11843	10682	10495	10601	10872	10891	10628	11027	12158	11477	11841	11932	11325	10503	10573	10538	10604	10730	10829	10926	11149	11458	11660	11514	11218	10837	10868	10724	10905	11016	11117	11196	11407	11539	11514	11840	12259	12379
7:18:48	36.9	11111	11895	11553	11818	10990	10984	11085	11286	11488	11641	11890	11858	11520	10717	10818	10880	10784	10840	10969	11124	11361	11661	11865	12023	11332	10525	10728	10514	10853	10787	10796	11003	11371	11414	11729	11847	11881	10724	10464	10634	10859	10922	10629	10912	12020	11519	11856	11873	11473	10524	10657	10499	10493	10703	10889	10916	11195	11488	11586	11604	11333	10745	10808	10688	10734	10931	10999	11179	11407	11495	11681	11885	12289	12292
7:22:48	37.0	10850	11820	11626	12013	11002	11086	11097	11266	11535	11668	11933	11804	11372	10746	10739	10798	10803	10733	10981	11054	11327	11724	11689	11941	11283	10734	10695	10662	10715	10793	10778	10948	11342	11492	11818	11880	11835	10624	10438	10569	10803	10850	10532	10952	12068	11514	11748	11918	11367	10510	10628	10424	10588	10761	10892	10829	11177	11385	11460	11605	11247	10812	10860	10775	10849	10980	11175	11232	11414	11555	11705	11963	12234	12299
7:26:48	37.0	10826	11686	11540	11902	10969	10954	11002	11306	11541	11760	11957	11847	11427	10731	10745	10759	10833	10747	11014	11180	11358	11690	11722	11847	11281	10647	10613	10583	10689	10804	10689	11011	11269	11507	11798	11710	11702	10699	10552	10611	10850	10875	10560	10924	12119	11489	11777	11965	11429	10418	10553	10487	10632	10694	10827	10863	11177	11520	11713	11634	11268	10811	10793	10682	10783	10902	11119	11183	11456	11450	11713	11935	12005	12306
7:30:48	37.0	10760	11825	11589	11854	11016	10996	11057	11339	11553	11671	11963	11808	11485	10856	10697	10758	10813	10794	11087	11095	11287	11621	11649	12007	11353	10532	10643	10614	10834	10837	10673	11042	11371	11531	11719	11875	11673	10638	10567	10586	10788	10888	10565	10960	12009	11523	11800	11877	11390	10495	10686	10479	10550	10776	10859	10947	11190	11432	11597	11457	11302	10759	10815	10769	10780	11070	11167	11086	11327	11488	11726	11958	12134	12253
7:34:48	37.0	10608	11673	11640	11885	10971	11122	11029	11318	11485	11660	11917	11809	11409	10777	10740	10692	10785	10718	10970	11030	11374	11638	11645	12037	11364	10682	10539	10649	10798	10770	10816	11094	11435	11619	11741	11787	11685	10503	10527	10580	10769	10907	10597	10890	12067	11639	11696	12010	11506	10475	10685	10387	10591	10825	10815	11012	11338	11395	11604	11597	11305	10770	10781	10816	10883	11067	11198	11093	11385	11505	11696	11939	12038	12311
7:38:48	37.0	10455	11874	11777	11921	11048	11185	11219	11494	11712	11846	11999	12020	11461	10943	10831	10910	10925	10973	11084	11230	11474	11766	11961	12154	11402	10669	10786	10861	10798	10916	10964	11133	11434	11726	12037	12098	11770	10807	10623	10785	10820	10992	10653	11258	12165	11767	12106	11986	11587	10657	10732	10608	10687	10755	10885	11058	11375	11560	11769	11756	11522	10965	10967	10827	10915	11175	11378	11422	11475	11695	11787	12020	12169	12363
7:42:48	37.0	10581	11818	11663	12046	11126	11105	11165	11542	11689	11774	12083	11945	11403	10800	10972	10911	10877	10951	11038	11244	11386	11907	11831	12106	11464	10711	10685	10697	10891	10901	10914	11042	11426	11634	11925	12047	11829	10810	10568	10707	10859	10994	10607	11190	12352	11709	11926	12161	11605	10574	10726	10504	10665	10896	11070	11074	11367	11533	11815	11749	11475	10969	10994	10907	11004	11129	11195	11407	11584	11747	11815	12096	12058	12378
7:46:48	37.0	10526	11863	11490	11844	11079	11062	11178	11484	11644	11725	11985	12041	11266	10790	10823	10779	10813	10900	11014	11085	11368	11692	11821	12067	11388	10595	10634	10628	10795	10775	10773	11144	11373	11654	11879	11872	11678	10666	10558	10635	10872	10975	10609	11140	12164	11537	11711	12024	11399	10482	10556	10471	10557	10717	10863	11087	11225	11414	11556	11577	11352	10905	10754	10684	10865	10934	11152	11354	11385	11629	11681	11996	11873	12301
7:50:48	37.0	10723	11900	11615	11934	11190	11191	11252	11596	11620	11873	11993	12146	11212	10852	10961	10847	10885	11006	11135	11211	11425	11684	11769	12084	11319	10752	10674	10693	10786	10824	10943	11123	11416	11660	11890	12058	11766	10683	10631	10716	10912	11007	10762	11089	12181	11732	11850	12045	11617	10569	10709	10543	10729	10877	10882	11001	11321	11444	11782	11569	11520	10934	10947	10816	10979	11267	11324	11288	11428	11588	11856	12045	11824	12401
7:54:48	37.0	10891	11829	11784	12108	11124	11194	11191	11511	11803	11908	12044	12194	11389	10937	11040	11054	10985	10982	11269	11248	11440	11796	11829	12219	11385	10739	10752	10665	10907	10918	10920	11291	11546	11662	11974	12104	11680	10826	10678	10773	11000	11100	10695	11177	12387	11722	11861	12147	11545	10708	10893	10657	10874	10895	11065	11050	11430	11639	11840	11871	11647	11024	10879	10850	11044	11187	11262	11353	11609	11781	11855	12242	11819	12566
7:58:48	37.0	11169	11804	11619	11876	11098	11231	11218	11367	11639	11857	11991	11946	11158	10881	10932	10870	10856	10932	11069	11122	11423	11723	11748	12131	11335	10719	10763	10588	10837	10890	10924	11125	11493	11706	11916	11909	11709	10832	10599	10670	10895	10992	10717	11133	12214	11672	11867	12023	11625	10607	10660	10595	10604	10773	10893	11192	11355	11582	11685	11740	11467	11045	10945	10836	11055	11085	11320	11293	11479	11683	11758	12134	11508	12435
8:02:48	37.0	11696	11913	11590	12008	11157	11223	11147	11469	11707	11776	12099	12108	11238	10994	10944	10876	10884	10920	11179	11283	11492	11779	11849	12126	11223	10821	10732	10696	10778	10985	10868	11217	11450	11601	11967	12040	11712	10872	10752	10823	10883	11109	10724	11124	12247	11728	11901	12058	11624	10635	10847	10625	10638	10881	10958	11102	11494	11667	11743	11830	11527	10986	11005	10953	11157	11188	11368	11318	11448	11778	11950	12137	11625	12450
8:06:48	37.0	12038	11848	11696	12049	11309	11313	11266	11564	11761	11970	12118	12194	11185	10993	11050	11057	10904	10989	11148	11200	11493	11922	11970	12269	11169	10796	10871	10815	10933	11000	10980	11213	11482	11721	12016	12096	11775	10998	10860	10749	10981	11126	10665	11088	12293	11827	11962	12283	11715	10647	10743	10696	10789	11032	11031	11108	11481	11731	11839	11826	11675	11012	11127	10955	11152	11213	11314	11395	11503	11868	12015	12285	11903	12579
8:10:48	37.0	12378	11946	11804	12257	11232	11228	11309	11608	11866	12022	12343	12184	11232	11054	11127	11112	11144	11025	11266	11315	11657	11943	12005	12331	11283	10861	10991	10857	10965	11046	11085	11291	11696	11813	12161	12182	11693	10909	10836	10964	10951	11272	10971	11275	12388	11797	11960	12314	11811	10741	10982	10768	10804	11011	11038	11167	11568	11731	11968	11902	11647	11141	11141	10997	11226	11266	11300	11582	11713	11767	11984	12271	12036	12480
8:14:48	37.0	12865	11808	11786	12086	11151	11385	11336	11538	11770	11931	12062	12416	11209	11050	11145	11042	10964	11082	11243	11288	11598	11904	11981	12286	11263	10844	11014	10846	11015	11086	11021	11296	11651	11755	12091	12346	11747	11075	10794	10851	11036	11163	10759	11138	12389	11849	12105	12289	11758	10733	10965	10741	10673	11042	11096	11225	11522	11727	11926	11843	11668	11054	11167	11062	11240	11222	11491	11465	11580	11824	12024	12305	12226	12589
8:18:48	37.0	13196	11718	11923	12118	11282	11410	11409	11608	11915	11932	12291	12208	11114	11076	11078	10991	11064	10984	11243	11334	11547	11873	11985	12277	11237	10933	10970	10822	10959	11118	11045	11381	11613	11758	12089	12221	11711	10901	10757	10794	11019	11161	10843	11297	12357	11859	11993	12228	11785	10781	10917	10813	10887	11045	11143	11207	11428	11745	11922	11827	11670	11149	11151	11048	11250	11228	11394	11503	11628	11788	12086	12321	12637	12692
8:22:48	36.9	13579	11898	11944	12100	11254	11391	11392	11713	11984	12058	12357	12432	11139	11085	11092	10997	11057	11125	11379	11448	11731	11957	12029	12335	11139	11001	10955	10845	10998	11109	11001	11373	11660	11897	12192	12094	11586	11025	10746	10882	11006	11165	10932	11327	12502	11934	12167	12384	11885	10790	10922	10780	10808	11154	11166	11197	11582	11783	12013	11894	11713	11143	11356	11044	11303	11242	11411	11638	11733	11834	11956	12543	13105	12757
8:26:48	37.0	13726	11704	11728	12055	11248	11322	11249	11608	11787	12009	12119	12253	11034	10874	11031	10898	10994	11041	11217	11217	11515	11839	11981	12191	10958	10902	10894	10765	10945	11054	10956	11185	11569	11866	12084	12076	11611	11088	10729	10905	10901	11253	10791	11192	12417	11661	11930	12286	11696	10781	10922	10706	10893	10934	11076	11217	11485	11715	11841	11814	11615	11087	11061	11002	11229	11199	11392	11492	11730	11760	11903	12214	13323	12534
8:30:48	37.0	14071	11663	11844	12146	11403	11394	11322	11654	11838	11977	12272	12337	11158	11161	11118	11033	11009	11055	11285	11320	11615	11993	12045	12379	10991	10943	10903	10861	11045	11092	10946	11306	11669	11985	12259	12253	11678	11117	10841	10947	11065	11113	10899	11250	12360	11810	12106	12317	11781	10846	11034	10801	10943	11040	11175	11217	11506	11828	11969	11854	11754	11233	11271	11067	11305	11272	11425	11501	11655	11905	12140	12496	13971	12698
8:34:48	37.0	14313	11724	11731	12119	11379	11380	11405	11680	11832	12014	12224	12317	11033	11089	11093	11064	11083	11007	11320	11400	11549	11925	11967	12324	10875	10930	10945	10805	10995	11096	11080	11308	11619	11938	12152	12186	11597	11070	10913	10954	11052	11240	10831	11290	12339	11789	12116	12293	11789	10978	11000	10808	10876	11075	11205	11302	11548	11775	11997	11969	11831	11138	11226	11097	11187	11273	11520	11501	11729	11841	12012	12417	14268	12710
8:38:48	37.0	14271	11591	11792	12018	11227	11373	11220	11580	11794	11971	12251	12346	10925	11005	11062	11021	11038	11087	11206	11400	11529	11905	11918	12380	10854	10899	10899	10801	10884	10993	10986	11192	11549	11833	12286	12221	11612	10891	10744	10831	11010	11168	10936	11314	12310	11789	12022	12269	11709	10705	10962	10757	10800	11103	11093	11111	11497	11663	11871	11871	11734	11114	11127	11000	11241	11258	11357	11550	11681	11745	12013	12315	14535	12546
8:42:48	37.0	14475	11649	11803	12139	11360	11296	11514	11759	12018	12147	12422	12461	10986	11213	11199	11073	11074	11146	11294	11397	11606	11997	12141	12407	10912	11032	11063	10885	10981	11024	11157	11417	11742	11921	12133	12368	11605	11055	10938	11022	11109	11167	10859	11180	12492	11933	12244	12415	11868	10918	11096	10808	10968	11127	11208	11222	11601	11837	12052	12047	11894	11295	11250	11151	11373	11303	11577	11517	11744	11895	12181	12516	15088	12662
8:46:48	37.0	14674	11597	11905	12210	11513	11475	11538	11854	11949	12177	12413	12446	10945	11296	11237	11173	11101	11222	11491	11390	11775	12191	11997	12526	10785	11189	11116	10962	11142	11221	11121	11386	11740	11887	12343	12365	11599	11181	11026	10996	11116	11257	11066	11314	12638	11987	12150	12476	11779	11010	11085	10966	10995	11236	11337	11293	11716	11957	12187	12106	11916	11329	11345	11186	11348	11586	11585	11630	11802	11978	12184	12483	15474	12738
8:50:48	37.0	14568	11555	11762	12010	11461	11520	11451	11673	11925				10877	11219	11133	11043	11155	11130	11355	11370	11670				10725	11096	10989	10917	11121	11154	11092	11401	11753				11553	11208	10890	11002	11127	11255	10902	11342	12479				11760	10814	11052	10787	10922	11123	11235	11378	11595				11740	11325	11275	11135	11164	11499	11593	11563	11758					
0:00:00																																																																											
0:00:00																																																																											
0:00:00																																																																											
0:00:00																																																																											
0:00:00																																																																											
0:00:00																																																																											
0:00:00																																																																											
0:00:00																																																																											
0:00:00																																																																											
0:00:00																																																																											
0:00:00																																																																											
0:00:00																																																																											
0:00:00																																																																											
0:00:00																																																																											
0:00:00																																																																											
0:00:00																																																																											
0:00:00																																																																											
0:00:00																																																																											
0:00:00																																																																											
0:00:00																																																																											
0:00:00																																																																											
0:00:00																																																																											
0:00:00																																																																											
0:00:00																																																																											
0:00:00																																																																											
0:00:00																																																																											
0:00:00																																																																											
0:00:00																																																																											
0:00:00																																																																											
0:00:00																																																																											
0:00:00																																																																											
0:00:00																																																																											
0:00:00																																																																											
0:00:00																																																																											
0:00:00																																																																											
0:00:00																																																																											
0:00:00																																																																											
0:00:00																																																																											
0:00:00																																																																											
0:00:00																																																																											
0:00:00																																																																											
0:00:00																																																																											
0:00:00																																																																											
0:00:00																																																																											
0:00:00																																																																											
0:00:00																																																																											
0:00:00																																																																											
0:00:00																																																																											

od600:600

Time	T° od600:600	B1	B2	B3	B4	B5	B6	B7	B8	B9	B10	B11	B12	C1	C2	C3	C4	C5	C6	C7	C8	C9	C10	C11	C12	D1	D2	D3	D4	D5	D6	D7	D8	D9	D10	D11	D12	E1	E2	E3	E4	E5	E6	E7	E8	E9	E10	E11	E12	F1	F2	F3	F4	F5	F6	F7	F8	F9	F10	F11	F12	G1	G2	G3	G4	G5	G6	G7	G8	G9	G10	G11	G12	H11	H12
0:03:31	37.0	0.159	0.203	0.194	0.183	0.228	0.227	0.229	0.217	0.220	0.219	0.217	0.220	0.221	0.290	0.268	0.276	0.272	0.266	0.272	0.267	0.266	0.264	0.265	0.262	0.169	0.222	0.227	0.221	0.226	0.225	0.221	0.216	0.215	0.218	0.217	0.219	0.210	0.256	0.257	0.260	0.263	0.258	0.258	0.258	0.201	0.254	0.256	0.254	0.198	0.209	0.202	0.199	0.201	0.195	0.195	0.199	0.199	0.203	0.204	0.228	0.241	0.255	0.251	0.249	0.246	0.249	0.245	0.251	0.246	0.251	0.248	0.254	0.121	0.160
0:07:31	37.0	0.157	0.193	0.190	0.181	0.232	0.231	0.234	0.222	0.226	0.224	0.224	0.227	0.219	0.294	0.268	0.281	0.276	0.272	0.274	0.271	0.270	0.265	0.269	0.267	0.168	0.222	0.228	0.222	0.231	0.228	0.224	0.222	0.221	0.225	0.223	0.227	0.202	0.244	0.254	0.256	0.266	0.258	0.261	0.261	0.199	0.261	0.264	0.260	0.202	0.219	0.209	0.212	0.212	0.210	0.207	0.215	0.211	0.218	0.216	0.236	0.250	0.260	0.259	0.265	0.260	0.265	0.259	0.267	0.260	0.265	0.254	0.258	0.122	0.161
0:11:31	37.0	0.159	0.196	0.192	0.183	0.239	0.237	0.241	0.230	0.234	0.231	0.230	0.234	0.223	0.308	0.277	0.290	0.283	0.279	0.280	0.279	0.278	0.269	0.275	0.275	0.172	0.228	0.234	0.228	0.237	0.234	0.231	0.229	0.227	0.232	0.230	0.234	0.207	0.250	0.260	0.261	0.271	0.264	0.268	0.268	0.201	0.267	0.268	0.265	0.206	0.225	0.218	0.224	0.221	0.226	0.217	0.228	0.222	0.228	0.223	0.248	0.264	0.277	0.271	0.282	0.273	0.282	0.273	0.289	0.273	0.277	0.259	0.261	0.125	0.165
0:15:31	37.0	0.164	0.198	0.195	0.186	0.245	0.242	0.246	0.235	0.239	0.236	0.234	0.239	0.229	0.321	0.284	0.301	0.292	0.287	0.289	0.286	0.287	0.277	0.281	0.282	0.176	0.237	0.241	0.235	0.245	0.239	0.237	0.234	0.234	0.238	0.235	0.241	0.213	0.260	0.267	0.269	0.279	0.269	0.275	0.274	0.206	0.270	0.274	0.271	0.220	0.232	0.224	0.234	0.229	0.237	0.224	0.236	0.230	0.232	0.226	0.256	0.275	0.291	0.282	0.295	0.286	0.295	0.286	0.294	0.284	0.286	0.267	0.266	0.129	0.170
0:19:31	37.0	0.169	0.212	0.199	0.192	0.250	0.248	0.251	0.240	0.244	0.241	0.239	0.244	0.233	0.333	0.293	0.312	0.301	0.294	0.297	0.296	0.297	0.286	0.293	0.293	0.183	0.247	0.248	0.242	0.253	0.245	0.243	0.240	0.240	0.243	0.242	0.246	0.226	0.269	0.277	0.278	0.287	0.276	0.283	0.280	0.211	0.275	0.281	0.278	0.210	0.234	0.229	0.238	0.232	0.245	0.229	0.238	0.234	0.234	0.231	0.262	0.288	0.304	0.294	0.309	0.299	0.306	0.299	0.298	0.296	0.294	0.276	0.274	0.132	0.174
0:23:31	37.0	0.174	0.206	0.206	0.197	0.256	0.254	0.256	0.245	0.248	0.247	0.245	0.252	0.242	0.341	0.301	0.319	0.309	0.301	0.305	0.304	0.307	0.297	0.305	0.305	0.190	0.256	0.258	0.252	0.262	0.252	0.249	0.244	0.246	0.248	0.249	0.252	0.239	0.281	0.287	0.288	0.299	0.285	0.292	0.288	0.219	0.286	0.291	0.287	0.215	0.240	0.233	0.241	0.236	0.249	0.234	0.240	0.238	0.237	0.236	0.268	0.299	0.318	0.305	0.321	0.311	0.317	0.314	0.316	0.308	0.301	0.286	0.283	0.137	0.180
0:27:31	37.0	0.180	0.223	0.213	0.204	0.265	0.262	0.266	0.253	0.257	0.255	0.252	0.259	0.253	0.347	0.310	0.325	0.318	0.308	0.313	0.313	0.318	0.308	0.316	0.320	0.197	0.265	0.269	0.262	0.272	0.263	0.259	0.253	0.253	0.256	0.257	0.259	0.252	0.294	0.300	0.298	0.311	0.295	0.301	0.296	0.229	0.295	0.302	0.300	0.220	0.240	0.239	0.249	0.243	0.250	0.239	0.244	0.243	0.242	0.243	0.274	0.309	0.330	0.314	0.332	0.323	0.326	0.326	0.324	0.316	0.306	0.295	0.297	0.142	0.188
0:31:31	36.9	0.186	0.229	0.222	0.211	0.273	0.269	0.274	0.264	0.267	0.266	0.262	0.270	0.266	0.352	0.321	0.331	0.329	0.318	0.324	0.324	0.329	0.320	0.329	0.326	0.209	0.274	0.276	0.271	0.283	0.273	0.269	0.264	0.265	0.266	0.267	0.268	0.262	0.309	0.314	0.311	0.323	0.306	0.311	0.306	0.245	0.306	0.315	0.316	0.228	0.246	0.245	0.254	0.250	0.253	0.245	0.250	0.248	0.248	0.249	0.281	0.321	0.340	0.321	0.342	0.334	0.332	0.335	0.328	0.323	0.309	0.304	0.311	0.146	0.198
0:35:31	37.0	0.192	0.239	0.234	0.222	0.284	0.280	0.285	0.275	0.278	0.279	0.276	0.281	0.277	0.355	0.330	0.340	0.338	0.327	0.335	0.336	0.340	0.333	0.343	0.339	0.221	0.287	0.287	0.280	0.292	0.281	0.279	0.275	0.275	0.278	0.280	0.281	0.271	0.319	0.326	0.326	0.338	0.321	0.325	0.318	0.257	0.320	0.328	0.321	0.236	0.252	0.253	0.260	0.257	0.259	0.252	0.256	0.255	0.254	0.257	0.292	0.330	0.345	0.334	0.354	0.347	0.340	0.347	0.330	0.331	0.318	0.320	0.319	0.154	0.208
0:39:31	37.0	0.201	0.250	0.246	0.234	0.295	0.290	0.298	0.286	0.289	0.292	0.289	0.293	0.284	0.363	0.341	0.347	0.352	0.343	0.348	0.348	0.351	0.348	0.357	0.356	0.234	0.300	0.299	0.293	0.305	0.295	0.290	0.286	0.287	0.290	0.292	0.295	0.286	0.331	0.334	0.335	0.346	0.330	0.334	0.329	0.262	0.332	0.338	0.333	0.246	0.260	0.261	0.268	0.264	0.265	0.257	0.262	0.263	0.262	0.264	0.303	0.335	0.351	0.341	0.362	0.360	0.347	0.356	0.339	0.338	0.330	0.331	0.334	0.159	0.214
0:43:31	37.0	0.212	0.260	0.260	0.247	0.308	0.304	0.309	0.298	0.302	0.304	0.303	0.307	0.294	0.368	0.352	0.361	0.364	0.355	0.362	0.361	0.365	0.361	0.372	0.373	0.232	0.314	0.313	0.306	0.320	0.307	0.302	0.299	0.300	0.302	0.307	0.310	0.297	0.347	0.348	0.348	0.361	0.344	0.349	0.344	0.279	0.346	0.356	0.354	0.255	0.269	0.270	0.278	0.273	0.272	0.265	0.269	0.272	0.269	0.273	0.320	0.340	0.357	0.350	0.366	0.366	0.352	0.359	0.345	0.345	0.342	0.346	0.353	0.162	0.220
0:47:31	37.0	0.218	0.278	0.274	0.261	0.320	0.318	0.324	0.310	0.315	0.316	0.313	0.319	0.306	0.375	0.364	0.373	0.375	0.368	0.377	0.376	0.380	0.376	0.387	0.387	0.244	0.328	0.324	0.321	0.332	0.320	0.315	0.312	0.313	0.316	0.319	0.316	0.307	0.362	0.361	0.363	0.373	0.356	0.363	0.357	0.297	0.361	0.370	0.373	0.265	0.278	0.280	0.289	0.283	0.279	0.274	0.277	0.280	0.278	0.283	0.324	0.347	0.363	0.360	0.370	0.372	0.359	0.363	0.355	0.353	0.354	0.360	0.370	0.166	0.228
0:51:31	37.0	0.220	0.287	0.279	0.262	0.332	0.329	0.334	0.320	0.324	0.326	0.322	0.333	0.317	0.385	0.376	0.384	0.387	0.380	0.393	0.391	0.395	0.389	0.401	0.398	0.261	0.338	0.333	0.329	0.343	0.332	0.325	0.322	0.324	0.325	0.328	0.329	0.316	0.376	0.374	0.377	0.386	0.372	0.379	0.374	0.311	0.377	0.387	0.387	0.277	0.288	0.290	0.298	0.292	0.287	0.283	0.286	0.290	0.288	0.295	0.340	0.356	0.370	0.370	0.373	0.378	0.371	0.370	0.366	0.365	0.368	0.373	0.383	0.170	0.237
0:55:31	37.0	0.231	0.289	0.285	0.271	0.345	0.344	0.348	0.335	0.339	0.343	0.340	0.350	0.327	0.397	0.387	0.396	0.397	0.393	0.406	0.403	0.405	0.401	0.412	0.408	0.275	0.352	0.348	0.343	0.359	0.346	0.340	0.337	0.338	0.341	0.345	0.345	0.325	0.389	0.387	0.392	0.398	0.387	0.395	0.389	0.323	0.391	0.401	0.397	0.287	0.299	0.300	0.306	0.303	0.296	0.293	0.295	0.299	0.298	0.307	0.350	0.364	0.380	0.381	0.382	0.385	0.383	0.380	0.378	0.376	0.380	0.384	0.396	0.176	0.251
0:59:31	37.0	0.241	0.299	0.302	0.288	0.360	0.360	0.366	0.350	0.355	0.358	0.356	0.365	0.337	0.410	0.398	0.408	0.407	0.404	0.415	0.412	0.416	0.411	0.421	0.415	0.285	0.366	0.361	0.357	0.370	0.361	0.356	0.352	0.354	0.356	0.359	0.364	0.334	0.398	0.398	0.404	0.410	0.400	0.406	0.402	0.334	0.405	0.413	0.406	0.294	0.313	0.316	0.324	0.317	0.308	0.305	0.308	0.314	0.314	0.324	0.374	0.371	0.388	0.391	0.391	0.393	0.394	0.390	0.391	0.387	0.391	0.392	0.406	0.183	0.267
1:03:31	37.0	0.248	0.318	0.317	0.304	0.373	0.373	0.382	0.364	0.369	0.372	0.371	0.381	0.343	0.422	0.408	0.418	0.416	0.415	0.423	0.420	0.422	0.419	0.431	0.423	0.292	0.378	0.371	0.370	0.383	0.374	0.371	0.365	0.368	0.371	0.375	0.382	0.342	0.405	0.407	0.413	0.419	0.409	0.416	0.411	0.346	0.416	0.423	0.415	0.306	0.320	0.325	0.333	0.330	0.325	0.321	0.323	0.330	0.326	0.329	0.389	0.377	0.396	0.400	0.402	0.403	0.406	0.400	0.400	0.396	0.401	0.402	0.415	0.189	0.282
1:07:31	37.0	0.253	0.328	0.333	0.318	0.386	0.387	0.397	0.378	0.383	0.388	0.386	0.393	0.349	0.433	0.421	0.427	0.425	0.424	0.432	0.428	0.430	0.429	0.439	0.430	0.300	0.391	0.383	0.383	0.393	0.389	0.385	0.381	0.383	0.386	0.390	0.394	0.351	0.412	0.415	0.420	0.425	0.417	0.424	0.420	0.353	0.425	0.431	0.422	0.317	0.332	0.333	0.340	0.336	0.331	0.326	0.328	0.335	0.330	0.342	0.400	0.386	0.406	0.411	0.412	0.413	0.416	0.410	0.411	0.406	0.410	0.413	0.424	0.198	0.295
1:11:31	37.0	0.257	0.340	0.346	0.332	0.398	0.399	0.409	0.391	0.396	0.399	0.397	0.404	0.354	0.443	0.429	0.435	0.432	0.432	0.439	0.434	0.438	0.436	0.448	0.435	0.306	0.401	0.393	0.394	0.405	0.402	0.398	0.393	0.395	0.399	0.404	0.404	0.359	0.418	0.422	0.427	0.432	0.424	0.431	0.428	0.361	0.434	0.440	0.429	0.326	0.342	0.344	0.350	0.347	0.339	0.336	0.338	0.344	0.343	0.353	0.407	0.393	0.416	0.418	0.421	0.422	0.425	0.420	0.420	0.415	0.418	0.419	0.428	0.206	0.307
1:15:31	37.0	0.262	0.349	0.357	0.342	0.410	0.410	0.421	0.401	0.407	0.410	0.409	0.415	0.360	0.453	0.438	0.442	0.439	0.439	0.448	0.441	0.445	0.441	0.453	0.439	0.312	0.411	0.402	0.404	0.414	0.414	0.409	0.404	0.407	0.409	0.414	0.411	0.364	0.424	0.429	0.432	0.439	0.432	0.440	0.436	0.367	0.442	0.447	0.433	0.335	0.353	0.355	0.357	0.356	0.346	0.346	0.347	0.354	0.351	0.362	0.414	0.400	0.423	0.427	0.430	0.432	0.434	0.429	0.430	0.423	0.425	0.425	0.429	0.216	0.319
1:19:31	37.0	0.266	0.357	0.365	0.349	0.420	0.420	0.429	0.410	0.416	0.419	0.417	0.423	0.365	0.460	0.446	0.447	0.446	0.444	0.453	0.446	0.449	0.445	0.458	0.461	0.316	0.420	0.412	0.412	0.423	0.421	0.418	0.413	0.416	0.419	0.423	0.420	0.369	0.431	0.436	0.438	0.446	0.439	0.446	0.442	0.372	0.446	0.450	0.437	0.342	0.363	0.364	0.366	0.367	0.355	0.355	0.355	0.363	0.362	0.373	0.422	0.405	0.425	0.432	0.436	0.440	0.440	0.436	0.438	0.429	0.430	0.428	0.448	0.225	0.335
1:23:31	37.0	0.269	0.365	0.374	0.355	0.430	0.428	0.438	0.419	0.425	0.428	0.426	0.430	0.370	0.465	0.455	0.453	0.450	0.449	0.458	0.450	0.457	0.463	0.478	0.477	0.320	0.426	0.419	0.419	0.431	0.428	0.427	0.421	0.424	0.428	0.432	0.426	0.380	0.435	0.443	0.444	0.452	0.444	0.451	0.443	0.378	0.448	0.456	0.463	0.351	0.372	0.373	0.376	0.375	0.366	0.364	0.365	0.373	0.373	0.384	0.429	0.415	0.431	0.438	0.442	0.444	0.446	0.440	0.441	0.431	0.432	0.447	0.463	0.234	0.350
1:27:31	36.9	0.272	0.371	0.381	0.362	0.439	0.437	0.446	0.425	0.433	0.435	0.434	0.436	0.371	0.470	0.459	0.456	0.454	0.452	0.468	0.470	0.477	0.476	0.490	0.485	0.325	0.432	0.427	0.424	0.437	0.436	0.435	0.429	0.433	0.435	0.439	0.431	0.385	0.457	0.452	0.449	0.457	0.452	0.464	0.459	0.390	0.468	0.479	0.475	0.358	0.383	0.383	0.387	0.385	0.377	0.374	0.376	0.384	0.385	0.395	0.438	0.424	0.443	0.449	0.455	0.457	0.457	0.451	0.452	0.450	0.460	0.465	0.474	0.241	0.361
1:31:31	37.0	0.274	0.377	0.389	0.368	0.446	0.443	0.450	0.432	0.438	0.441	0.437	0.438	0.368	0.473	0.461	0.459	0.456	0.455	0.483	0.482	0.489	0.485	0.497	0.494	0.338	0.437	0.435	0.430	0.446	0.442	0.441	0.433	0.438	0.441	0.443	0.433	0.393	0.480	0.473	0.472	0.478	0.472	0.480	0.474	0.401	0.478	0.488	0.484	0.366	0.392	0.394	0.397	0.395	0.388	0.385	0.387	0.393	0.395	0.406	0.444	0.441	0.457	0.463	0.470	0.473	0.479	0.473	0.476	0.469	0.473	0.474	0.484	0.245	0.373
1:35:31	37.0	0.278	0.383	0.393	0.373	0.453	0.448	0.454	0.435	0.439	0.442	0.442	0.459	0.371	0.474	0.459	0.458	0.456	0.468	0.492	0.490	0.497	0.493	0.505	0.505	0.342	0.441	0.440	0.435	0.451	0.444	0.445	0.435	0.441	0.440	0.445	0.453	0.398	0.492	0.487	0.488	0.491	0.483	0.490	0.484	0.412	0.488	0.497	0.491	0.385	0.401	0.402	0.406	0.405	0.399	0.394	0.398	0.405	0.407	0.417	0.451	0.457	0.480	0.484	0.489	0.492	0.491	0.486	0.487	0.481	0.483	0.482	0.492	0.250	0.378
1:39:31	37.0	0.281	0.385	0.397	0.378	0.457	0.449	0.455	0.437	0.453	0.458	0.459	0.472	0.377	0.470	0.463	0.456	0.469	0.478	0.498	0.498	0.505	0.504	0.515	0.512	0.347	0.454	0.453	0.439	0.456	0.449	0.452	0.445	0.447	0.455	0.462	0.469	0.406	0.498	0.497	0.495	0.501	0.490	0.497	0.492	0.420	0.497	0.504	0.500	0.379	0.409	0.411	0.416	0.415	0.411	0.406	0.409	0.414	0.417	0.425	0.474	0.468	0.488	0.494	0.500	0.501	0.503	0.497	0.498	0.489	0.490	0.488	0.502	0.254	0.384
1:43:31	37.0	0.285	0.399	0.401	0.380	0.458	0.448	0.468	0.456	0.467	0.470	0.471	0.483	0.380	0.469	0.467	0.465	0.483	0.479	0.495	0.499	0.508	0.507	0.524	0.526	0.357	0.477	0.467	0.460	0.473	0.465	0.468	0.462	0.466	0.470	0.476	0.480	0.414	0.477	0.489	0.490	0.502	0.498	0.506	0.501	0.429	0.506	0.511	0.512	0.395	0.417	0.420	0.424	0.423	0.420	0.414	0.419	0.425	0.427	0.433	0.486	0.476	0.497	0.500	0.509	0.510	0.512	0.504	0.507	0.496	0.497	0.496	0.515	0.259	0.398
1:47:31	36.9	0.287	0.391	0.400	0.380	0.456	0.459	0.480	0.467	0.477	0.481	0.483	0.493	0.384	0.476	0.478	0.472	0.486	0.476	0.519	0.516	0.523	0.523	0.537	0.537	0.366	0.487	0.475	0.469	0.484	0.476	0.479	0.473	0.477	0.482	0.487	0.488	0.421	0.504	0.504	0.495	0.507	0.495	0.513	0.513	0.438	0.517	0.523	0.518	0.382	0.422	0.427	0.431	0.431	0.428	0.422	0.428	0.432	0.434	0.436	0.492	0.479	0.502	0.506	0.515	0.516	0.518	0.509	0.515	0.495	0.495	0.503	0.528	0.264	0.412
1:51:31	37.0	0.290	0.395	0.403	0.388	0.458	0.473	0.489	0.477	0.487	0.491	0.492	0.504	0.391	0.483	0.481	0.488	0.484	0.505	0.527	0.525	0.530	0.532	0.547	0.545	0.373	0.494	0.481	0.477	0.494	0.486	0.488	0.483	0.487	0.492	0.498	0.497	0.427	0.514	0.514	0.517	0.525	0.521	0.526	0.516	0.445	0.522	0.537	0.538	0.405	0.424	0.431	0.437	0.437	0.434	0.429	0.434	0.439	0.438	0.434	0.502	0.496	0.514	0.514	0.522	0.525	0.527	0.519	0.519	0.511	0.512	0.520	0.537	0.268	0.425
1:55:31	37.0	0.294	0.393	0.409	0.394	0.478	0.481	0.497	0.486	0.497	0.499	0.502	0.513	0.394	0.488	0.487	0.500	0.508	0.512	0.533	0.532	0.539	0.540	0.554	0.553	0.378	0.495	0.488	0.483	0.501	0.494	0.496	0.493	0.497	0.499	0.507	0.507	0.433	0.519	0.522	0.525	0.532	0.530	0.537	0.534	0.454	0.539	0.550	0.546	0.399	0.418	0.432	0.436	0.440	0.438	0.433	0.438	0.440	0.435	0.446	0.516	0.504	0.524	0.530	0.540	0.539	0.541	0.531	0.533	0.522	0.524	0.531	0.546	0.273	0.434
1:59:31	37.0	0.296	0.400	0.415	0.405	0.488	0.490	0.507	0.494	0.506	0.508	0.511	0.524	0.398	0.496	0.498	0.479	0.517	0.519	0.542	0.538	0.547	0.547	0.565	0.565	0.383	0.497	0.497	0.492	0.510	0.504	0.508	0.500	0.503	0.509	0.516	0.517	0.439	0.526	0.529	0.532	0.539	0.538	0.546	0.541	0.463	0.547	0.561	0.556	0.425	0.426	0.434	0.438	0.442	0.435	0.431	0.435	0.441	0.446	0.457	0.528	0.509	0.533	0.537	0.554	0.552	0.555	0.545	0.543	0.534	0.534	0.539	0.555	0.277	0.442
2:03:31	37.0	0.299	0.407	0.421	0.413	0.494	0.496	0.515	0.502	0.519	0.520	0.523	0.537	0.404	0.500	0.494	0.513	0.523	0.526	0.549	0.546	0.555	0.555	0.572	0.574	0.390	0.498	0.502	0.497	0.516	0.512	0.519	0.514	0.517	0.521	0.529	0.531	0.445	0.532	0.535	0.539	0.545	0.547	0.556	0.551	0.474	0.556	0.570	0.563	0.418	0.436	0.445	0.455	0.456	0.448	0.441	0.447	0.449	0.458	0.471	0.535	0.516	0.542	0.542	0.560	0.562	0.564	0.554	0.556	0.540	0.543	0.545	0.563	0.281	0.449
2:07:31	37.0	0.302	0.411	0.431	0.420	0.502	0.497	0.512	0.512	0.528	0.530	0.534	0.544	0.407	0.492	0.508	0.523	0.529	0.532	0.556	0.553	0.563	0.562	0.579	0.581	0.395	0.519	0.516	0.506	0.526	0.517	0.526	0.524	0.528	0.533	0.541	0.536	0.458	0.539	0.542	0.546	0.551	0.553	0.562	0.559	0.495	0.565	0.579	0.571	0.440	0.447	0.455	0.461	0.467	0.460	0.455	0.461	0.466	0.472	0.480	0.544	0.523	0.551	0.551	0.569	0.568	0.572	0.561	0.562	0.549	0.549	0.553	0.572	0.285	0.453
2:11:31	37.0	0.305	0.407	0.439	0.426	0.505	0.512	0.538	0.524	0.539	0.542	0.546	0.558	0.410	0.519	0.521	0.529	0.535	0.536	0.564	0.561	0.572	0.569	0.589	0.585	0.398	0.526	0.524	0.523	0.538	0.536	0.540	0.531	0.537	0.542	0.553	0.552	0.465	0.543	0.547	0.552	0.557	0.560	0.570	0.566	0.505	0.574	0.588	0.578	0.431	0.455	0.463	0.471	0.475	0.474	0.468	0.472	0.477	0.481	0.489	0.561	0.528	0.557	0.556	0.575	0.576	0.580	0.569	0.570	0.556	0.558	0.561	0.584	0.288	0.455
2:15:31	37.0	0.308	0.423	0.445	0.432	0.511	0.523	0.546	0.532	0.548	0.550	0.555	0.567	0.414	0.528	0.533	0.535	0.542	0.544	0.570	0.568	0.580	0.577	0.596	0.592	0.404	0.532	0.533	0.531	0.546	0.544	0.549	0.542	0.549	0.552	0.564	0.560	0.469	0.550	0.554	0.559	0.563	0.567	0.578	0.574	0.508	0.581	0.596	0.586	0.442	0.460	0.471	0.478	0.481	0.480	0.475	0.480	0.487	0.489	0.498	0.570	0.536	0.566	0.565	0.584	0.584	0.586	0.575	0.581	0.564	0.566	0.568	0.597	0.292	0.459
2:19:31	37.0	0.310	0.427	0.450	0.437	0.528	0.531	0.555	0.539	0.555	0.558	0.562	0.575	0.413	0.537	0.545	0.540	0.547	0.548	0.576	0.575	0.587	0.585	0.604	0.606	0.406	0.538	0.540	0.538	0.553	0.552	0.556	0.549	0.558	0.561	0.573	0.570	0.471	0.556	0.559	0.563	0.569	0.574	0.585	0.582	0.512	0.589	0.605	0.598	0.448	0.468	0.478	0.486	0.490	0.490	0.483	0.489	0.494	0.498	0.508	0.580	0.541	0.569	0.571	0.591	0.591	0.594	0.582	0.586	0.571	0.573	0.578	0.603	0.295	0.464
2:23:31	37.0	0.314	0.431	0.456	0.443	0.540	0.538	0.563	0.547	0.564	0.565	0.569	0.581	0.425	0.543	0.551	0.547	0.554	0.556	0.583	0.584	0.595	0.604	0.619	0.613	0.408	0.544	0.546	0.546	0.558	0.559	0.565	0.557	0.566	0.569	0.580	0.577	0.472	0.560	0.565	0.570	0.576	0.581	0.591	0.589	0.515	0.596	0.614	0.607	0.455	0.475	0.486	0.493	0.499	0.499	0.491	0.497	0.501	0.508	0.517	0.588	0.547	0.573	0.578	0.597	0.597	0.602	0.590	0.595	0.580	0.583	0.592	0.609	0.297	0.470
2:27:31	37.0	0.315	0.434	0.454	0.446	0.548	0.544	0.570	0.554	0.570	0.573	0.576	0.588	0.430	0.548	0.556	0.555	0.561	0.563	0.592	0.598	0.604	0.612	0.627	0.619	0.412	0.550	0.553	0.552	0.566	0.565	0.573	0.564	0.574	0.577	0.589	0.585	0.475	0.566	0.571	0.576	0.582	0.587	0.599	0.595	0.519	0.613	0.627	0.614	0.463	0.483	0.493	0.507	0.509	0.508	0.500	0.506	0.509	0.517	0.531	0.595	0.553	0.584	0.583	0.605	0.604	0.609	0.596	0.602	0.590	0.598	0.598	0.614	0.298	0.472
2:31:31	37.0	0.315	0.426	0.461	0.450	0.556	0.551	0.576	0.561	0.578	0.580	0.581	0.597	0.434	0.553	0.563	0.562	0.569	0.569	0.603	0.609	0.618	0.617	0.634	0.624	0.413	0.556	0.559	0.559	0.572	0.573	0.579	0.572	0.581	0.584	0.595	0.590	0.479	0.571	0.575	0.581	0.588	0.593	0.607	0.609	0.523	0.622	0.636	0.619	0.479	0.493	0.504	0.518	0.520	0.518	0.509	0.517	0.519	0.530	0.543	0.601	0.557	0.590	0.590	0.611	0.612	0.616	0.604	0.615	0.604	0.606	0.604	0.621	0.301	0.478
2:35:31	37.0	0.317	0.440	0.466	0.462	0.563	0.559	0.585	0.568	0.584	0.585	0.591	0.611	0.438	0.559	0.570	0.569	0.575	0.577	0.619	0.617	0.630	0.623	0.639	0.628	0.415	0.560	0.565	0.565	0.578	0.579	0.588	0.578	0.588	0.589	0.604	0.600	0.480	0.573	0.581	0.587	0.592	0.599	0.620	0.619	0.529	0.630	0.641	0.623	0.479	0.500	0.513	0.522	0.530	0.530	0.520	0.528	0.532	0.541	0.553	0.607	0.561	0.606	0.596	0.618	0.618	0.626	0.615	0.624	0.611	0.611	0.609	0.623	0.303	0.481
2:39:31	37.0	0.318	0.448	0.471	0.482	0.571	0.565	0.591	0.576	0.591	0.597	0.606	0.618	0.440	0.564	0.573	0.577	0.581	0.585	0.624	0.622	0.642	0.630	0.644	0.637	0.416	0.565	0.569	0.570	0.584	0.583	0.590	0.584	0.594	0.603	0.618	0.612	0.480	0.577	0.585	0.592	0.598	0.609	0.626	0.625	0.532	0.636	0.646	0.629	0.487	0.509	0.520	0.533	0.540	0.541	0.531	0.539	0.543	0.552	0.562	0.614	0.564	0.600	0.602	0.627	0.628	0.633	0.622	0.630	0.616	0.615	0.614	0.629	0.305	0.486
2:43:31	37.0	0.318	0.449	0.475	0.490	0.577	0.573	0.599	0.588	0.606	0.609	0.612	0.624	0.443	0.571	0.579	0.583	0.591	0.601	0.627	0.627	0.656	0.634	0.651	0.640	0.416	0.570	0.572	0.576	0.590	0.588	0.596	0.599	0.608	0.617	0.627	0.620	0.481	0.591	0.590	0.597	0.604	0.619	0.633	0.632	0.535	0.639	0.652	0.633	0.494	0.517	0.528	0.541	0.549	0.550	0.540	0.549	0.551	0.560	0.575	0.621	0.568	0.604	0.609	0.634	0.634	0.638	0.626	0.633	0.620	0.619	0.617	0.634	0.308	0.490
2:47:31	37.0	0.320	0.456	0.485	0.493	0.586	0.579	0.612	0.597	0.614	0.616	0.620	0.629	0.446	0.578	0.587	0.591	0.606	0.611	0.631	0.631	0.672	0.640	0.655	0.646	0.416	0.575	0.578	0.581	0.595	0.595	0.610	0.609	0.619	0.624	0.632	0.626	0.485	0.602	0.602	0.605	0.615	0.627	0.638	0.636	0.539	0.645	0.657	0.637	0.501	0.525	0.536	0.550	0.558	0.560	0.549	0.558	0.560	0.568	0.593	0.628	0.573	0.616	0.617	0.638	0.638	0.642	0.631	0.639	0.624	0.624	0.623	0.638	0.310	0.494
2:51:31	37.0	0.321	0.456	0.503	0.494	0.592	0.596	0.620	0.605	0.621	0.622	0.625	0.633	0.452	0.582	0.591	0.600	0.622	0.617	0.638	0.637	0.687	0.645	0.662	0.651	0.418	0.578	0.586	0.586	0.600	0.607	0.620	0.618	0.625	0.630	0.639	0.631	0.488	0.609	0.608	0.615	0.623	0.630	0.644	0.642	0.542	0.651	0.663	0.641	0.507	0.533	0.543	0.557	0.567	0.569	0.558	0.566	0.568	0.588	0.602	0.631	0.578	0.626	0.622	0.643	0.643	0.646	0.635	0.644	0.629	0.628	0.627	0.642	0.311	0.496
2:55:31	37.0	0.320	0.460	0.511	0.499	0.605	0.610	0.625	0.611	0.626	0.627	0.629	0.640	0.456	0.588	0.590	0.607	0.631	0.620	0.643	0.643	0.706	0.651	0.665	0.662	0.417	0.584	0.599	0.595	0.611	0.617	0.626	0.623	0.632	0.636	0.644	0.636	0.487	0.611	0.615	0.620	0.627	0.634	0.649	0.647	0.546	0.655	0.666	0.646	0.512	0.541	0.554	0.570	0.580	0.575	0.566	0.576	0.582	0.600	0.608	0.639	0.586	0.624	0.627	0.647	0.648	0.651	0.639	0.650	0.634	0.633	0.633	0.647	0.314	0.500
2:59:31	37.0	0.322	0.464	0.515	0.500	0.625	0.614	0.631	0.616	0.630	0.634	0.636	0.644	0.457	0.596	0.601	0.616	0.639	0.623	0.649	0.646	0.724	0.655	0.672	0.668	0.417	0.596	0.607	0.606	0.622	0.624	0.632	0.628	0.638	0.642	0.649	0.641	0.489	0.616	0.620	0.626	0.634	0.640	0.655	0.652	0.549	0.662	0.674	0.652	0.517	0.553	0.564	0.580	0.588	0.590	0.582	0.593	0.601	0.609	0.613	0.644	0.591	0.630	0.632	0.652	0.653	0.655	0.644	0.657	0.639	0.637	0.637	0.651	0.316	0.504
3:03:31	37.0	0.326	0.473	0.519	0.504	0.635	0.619	0.636	0.619	0.635	0.639	0.641	0.649	0.460	0.602	0.609	0.630	0.643	0.629	0.653	0.652	0.748	0.661	0.676	0.689	0.417	0.606	0.612	0.612	0.628	0.629	0.638	0.633	0.644	0.647	0.656	0.647	0.490	0.621	0.624	0.629	0.639	0.646	0.658	0.657	0.553	0.665	0.678	0.656	0.523	0.562	0.570	0.591	0.601	0.604	0.594	0.604	0.610	0.614	0.614	0.650	0.595	0.638	0.635	0.656	0.656	0.661	0.648	0.657	0.644	0.642	0.642	0.655	0.317	0.507
3:07:31	37.0	0.329	0.471	0.521	0.505	0.641	0.623	0.640	0.625	0.642	0.642	0.645	0.653	0.463	0.610	0.623	0.643	0.645	0.633	0.657	0.657	0.766	0.663	0.680	0.699	0.418	0.613	0.617	0.618	0.635	0.636	0.642	0.638	0.648	0.652	0.659	0.652	0.491	0.625	0.630	0.634	0.644	0.651	0.663	0.661	0.557	0.671	0.682	0.662	0.526	0.575	0.583	0.601	0.609	0.613	0.601	0.611	0.615	0.616	0.614	0.658	0.600	0.641	0.640	0.661	0.661	0.665	0.653	0.660	0.648	0.646	0.646	0.660	0.320	0.511
3:11:31	37.0	0.331	0.489	0.522	0.507	0.645	0.627	0.644	0.629	0.646	0.647	0.649	0.658	0.463	0.616	0.631	0.651	0.647	0.637	0.662	0.662	0.786	0.669	0.686	0.700	0.417	0.617	0.620	0.623	0.639	0.640	0.650	0.644	0.654	0.657	0.666	0.657	0.491	0.628	0.634	0.640	0.649	0.657	0.670	0.668	0.559	0.675	0.687	0.666	0.533	0.582	0.591	0.608	0.614	0.618	0.607	0.614	0.618	0.617	0.617	0.662	0.602	0.644	0.644	0.665	0.665	0.668	0.660	0.667	0.653	0.651	0.650	0.663	0.322	0.513
3:15:31	37.0	0.335	0.496	0.525	0.509	0.648	0.634	0.650	0.635	0.651	0.654	0.654	0.660	0.466	0.624	0.649	0.657	0.651	0.642	0.667	0.668	0.799	0.674	0.691	0.712	0.418	0.623	0.627	0.626	0.645	0.644	0.654	0.649	0.660	0.663	0.671	0.660	0.491	0.633	0.638	0.644	0.656	0.662	0.674	0.673	0.565	0.681	0.693	0.670	0.531	0.585	0.595	0.612	0.617	0.621	0.608	0.615	0.620	0.620	0.621	0.668	0.605	0.649	0.648	0.670	0.670	0.674	0.663	0.670	0.658	0.655	0.655	0.666	0.322	0.515
3:19:31	37.0	0.337	0.491	0.528	0.510	0.649	0.637	0.656	0.639	0.655	0.658	0.659	0.667	0.468	0.632	0.659	0.663	0.655	0.647	0.674	0.671	0.814	0.679	0.694	0.735	0.417	0.626	0.632	0.631	0.651	0.649	0.659	0.653	0.665	0.668	0.676	0.666	0.492	0.637	0.643	0.649	0.660	0.666	0.679	0.677	0.567	0.685	0.699	0.678	0.538	0.587	0.597	0.618	0.619	0.621	0.609	0.619	0.622	0.625	0.625	0.678	0.609	0.652	0.653	0.674	0.674	0.676	0.668	0.673	0.663	0.659	0.659	0.671	0.323	0.518
3:23:31	37.0	0.340	0.495	0.530	0.510	0.653	0.644	0.659	0.644	0.660	0.663	0.663	0.674	0.472	0.640	0.669	0.667	0.661	0.652	0.678	0.677	0.825	0.684	0.700	0.740	0.417	0.631	0.637	0.636	0.656	0.654	0.666	0.659	0.670	0.673	0.680	0.671	0.492	0.643	0.648	0.653	0.666	0.670	0.684	0.682	0.570	0.691	0.702	0.684	0.537	0.590	0.600	0.615	0.623	0.624	0.613	0.622	0.626	0.628	0.630	0.689	0.613	0.659	0.658	0.678	0.679	0.680	0.673	0.684	0.667	0.664	0.662	0.674	0.326	0.521
3:27:31	37.0	0.341	0.492	0.531	0.511	0.656	0.648	0.666	0.648	0.664	0.667	0.668	0.677	0.474	0.647	0.679	0.671	0.666	0.656	0.684	0.681	0.838	0.689	0.705	0.742	0.415	0.636	0.641	0.640	0.661	0.660	0.670	0.663	0.677	0.677	0.686	0.674	0.491	0.645	0.653	0.658	0.670	0.675	0.687	0.686	0.573	0.694	0.707	0.690	0.544	0.594	0.603	0.620	0.627	0.629	0.618	0.626	0.631	0.633	0.635	0.698	0.615	0.669	0.662	0.683	0.683	0.684	0.677	0.688	0.672	0.668	0.666	0.677	0.327	0.522
3:31:31	37.0	0.343	0.497	0.534	0.511	0.660	0.653	0.668	0.652	0.669	0.671	0.673	0.685	0.474	0.654	0.679	0.673	0.670	0.661	0.687	0.685	0.853	0.692	0.709	0.749	0.414	0.641	0.646	0.644	0.667	0.664	0.674	0.669	0.679	0.682	0.690	0.680	0.490	0.649	0.657	0.661	0.676	0.680	0.692	0.691	0.574	0.698	0.712	0.697	0.548	0.598	0.608	0.623	0.631	0.633	0.621	0.631	0.635	0.637	0.639	0.710	0.618	0.662	0.666	0.687	0.686	0.686	0.682	0.688	0.676	0.672	0.670	0.681	0.330	0.525
3:35:31	37.0	0.344	0.495	0.535	0.511	0.663	0.658	0.673	0.658	0.675	0.676	0.675	0.691	0.477	0.661	0.689	0.673	0.675	0.665	0.693	0.690	0.864	0.697	0.713	0.751	0.413	0.644	0.651	0.651	0.672	0.670	0.680	0.673	0.686	0.687	0.695	0.684	0.489	0.653	0.662	0.667	0.679	0.685	0.696	0.695	0.579	0.703	0.716	0.704	0.546	0.603	0.611	0.627	0.637	0.637	0.625	0.636	0.640	0.642	0.644	0.716	0.621	0.676	0.669	0.691	0.691	0.691	0.685	0.691	0.680	0.676	0.674	0.684	0.332	0.528
3:39:31	37.0	0.345	0.493	0.536	0.512	0.669	0.662	0.677	0.660	0.678	0.680	0.680	0.695	0.478	0.668	0.699	0.677	0.681	0.669	0.697	0.694	0.881	0.700	0.717	0.747	0.413	0.648	0.655	0.654	0.678	0.674	0.685	0.677	0.691	0.692	0.699	0.688	0.489	0.657	0.667	0.672	0.684	0.689	0.701	0.699	0.581	0.708	0.720	0.704	0.555	0.608	0.617	0.636	0.642	0.642	0.631	0.640	0.646	0.647	0.649	0.724	0.624	0.676	0.673	0.695	0.695	0.695	0.689	0.691	0.684	0.680	0.677	0.688	0.333	0.529
3:43:31	37.0	0.344	0.500	0.537	0.511	0.673	0.668	0.681	0.664	0.682	0.684	0.684	0.700	0.479	0.677	0.706	0.681	0.685	0.674	0.701	0.698	0.896	0.705	0.721	0.749	0.412	0.653	0.659	0.659	0.682	0.679	0.689	0.680	0.695	0.697	0.702	0.692	0.488	0.661	0.671	0.676	0.688	0.694	0.705	0.703	0.583	0.713	0.725	0.707	0.554	0.612	0.622	0.641	0.647	0.646	0.635	0.646	0.650	0.652	0.654	0.726	0.626	0.682	0.674	0.698	0.698	0.699	0.693	0.697	0.688	0.684	0.681	0.691	0.335	0.530
3:47:31	37.0	0.345	0.500	0.537	0.512	0.678	0.673	0.687	0.668	0.688	0.688	0.686	0.703	0.480	0.689	0.708	0.685	0.692	0.680	0.706	0.703	0.908	0.711	0.725	0.758	0.411	0.658	0.665	0.664	0.688	0.684	0.694	0.685	0.701	0.701	0.707	0.695	0.486	0.664	0.675	0.681	0.694	0.699	0.709	0.707	0.585	0.716	0.729	0.715	0.557	0.618	0.626	0.646	0.652	0.652	0.640	0.650	0.656	0.657	0.660	0.729	0.630	0.689	0.680	0.702	0.703	0.703	0.698	0.700	0.693	0.688	0.686	0.695	0.336	0.533
3:51:31	37.0	0.346	0.505	0.537	0.511	0.682	0.676	0.689	0.673	0.691	0.692	0.691	0.708	0.479	0.699	0.699	0.690	0.695	0.689	0.710	0.706	0.922	0.715	0.731	0.760	0.410	0.662	0.669	0.667	0.691	0.688	0.698	0.690	0.704	0.706	0.712	0.699	0.483	0.669	0.681	0.684	0.697	0.704	0.714	0.712	0.588	0.721	0.733	0.718	0.566	0.623	0.632	0.651	0.658	0.657	0.645	0.656	0.661	0.661	0.665	0.734	0.633	0.688	0.682	0.706	0.707	0.707	0.703	0.704	0.696	0.692	0.689	0.696	0.336	0.531
3:55:31	37.0	0.347	0.503	0.536	0.511	0.687	0.681	0.693	0.675	0.693	0.698	0.695	0.712	0.477	0.710	0.698	0.694	0.699	0.688	0.714	0.711	0.932	0.718	0.735	0.750	0.408	0.666	0.673	0.672	0.696	0.694	0.703	0.694	0.708	0.709	0.717	0.701	0.481	0.671	0.683	0.689	0.701	0.708	0.717	0.715	0.590	0.726	0.738	0.720	0.570	0.627	0.637	0.657	0.662	0.662	0.649	0.661	0.665	0.666	0.671	0.747	0.635	0.692	0.684	0.709	0.710	0.709	0.706	0.707	0.699	0.696	0.694	0.700	0.339	0.532
3:59:31	37.0	0.347	0.505	0.536	0.512	0.690	0.685	0.699	0.679	0.698	0.701	0.697	0.714	0.477	0.718	0.694	0.698	0.704	0.692	0.719	0.714	0.944	0.722	0.738	0.748	0.409	0.669	0.676	0.676	0.702	0.697	0.707	0.698	0.712	0.714	0.720	0.705	0.482	0.675	0.686	0.693	0.706	0.712	0.722	0.719	0.592	0.730	0.741	0.722	0.572	0.633	0.641	0.660	0.667	0.667	0.655	0.665	0.670	0.671	0.674	0.768	0.637	0.694	0.689	0.713	0.714	0.714	0.710	0.715	0.703	0.700	0.697	0.703	0.341	0.533
4:03:31	37.0	0.348	0.503	0.537	0.510	0.694	0.689	0.701	0.683	0.703	0.701	0.701	0.717	0.477	0.726	0.700	0.706	0.709	0.697	0.723	0.719	0.951	0.726	0.742	0.748	0.408	0.673	0.681	0.679	0.706	0.701	0.711	0.700	0.717	0.718	0.724	0.708	0.480	0.679	0.692	0.698	0.711	0.716	0.724	0.723	0.594	0.733	0.745	0.724	0.576	0.638	0.647	0.666	0.674	0.672	0.659	0.672	0.675	0.675	0.678	0.786	0.642	0.701	0.694	0.717	0.717	0.719	0.714	0.718	0.706	0.703	0.700	0.706	0.340	0.533
4:07:31	37.0	0.349	0.503	0.537	0.510	0.700	0.694	0.705	0.686	0.705	0.709	0.704	0.721	0.475	0.733	0.710	0.710	0.714	0.702	0.727	0.723	0.962	0.731	0.747	0.738	0.407	0.678	0.686	0.682	0.712	0.707	0.714	0.704	0.720	0.722	0.728	0.712	0.477	0.682	0.697	0.701	0.714	0.721	0.729	0.725	0.596	0.737	0.748	0.726	0.577	0.641	0.652	0.669	0.679	0.677	0.664	0.675	0.681	0.680	0.683	0.811	0.643	0.698	0.700	0.720	0.721	0.723	0.717	0.723	0.710	0.707	0.704	0.709	0.341	0.533
4:11:31	37.0	0.348	0.504	0.534	0.510	0.701	0.697	0.710	0.691	0.711	0.711	0.708	0.724	0.476	0.739	0.704	0.712	0.717	0.706	0.730	0.727	0.969	0.735	0.751	0.738	0.406	0.681	0.688	0.687	0.717	0.711	0.720	0.708	0.724	0.726	0.731	0.715	0.475	0.685	0.700	0.705	0.719	0.725	0.732	0.731	0.597	0.741	0.751	0.725	0.580	0.646	0.657	0.675	0.684	0.682	0.669	0.680	0.685	0.684	0.686	0.779	0.645	0.708	0.701	0.723	0.724	0.726	0.723	0.728	0.713	0.710	0.707	0.711	0.343	0.533
4:15:31	37.0	0.347	0.505	0.535	0.510	0.706	0.701	0.713	0.694	0.713	0.716	0.712	0.725	0.475	0.744	0.723	0.718	0.720	0.711	0.735	0.731	0.979	0.739	0.754	0.738	0.405	0.686	0.693	0.690	0.721	0.715	0.725	0.713	0.728	0.730	0.736	0.718	0.475	0.689	0.704	0.709	0.723	0.730	0.737	0.735	0.598	0.745	0.756	0.725	0.582	0.651	0.662	0.679	0.689	0.686	0.673	0.684	0.690	0.688	0.691	0.797	0.647	0.706	0.703	0.727	0.728	0.730	0.724	0.733	0.716	0.714	0.710	0.714	0.343	0.535
4:19:31	37.0	0.348	0.507	0.534	0.509	0.709	0.706	0.718	0.697	0.717	0.719	0.715	0.729	0.470	0.749	0.719	0.722	0.725	0.717	0.740	0.735	0.986	0.743	0.758	0.740	0.404	0.689	0.697	0.694	0.724	0.720	0.728	0.717	0.733	0.734	0.740	0.722	0.471	0.692	0.707	0.713	0.727	0.734	0.739	0.739	0.600	0.749	0.760	0.728	0.582	0.653	0.666	0.682	0.694	0.691	0.677	0.689	0.695	0.692	0.695	0.789	0.650	0.705	0.708	0.730	0.731	0.733	0.727	0.736	0.720	0.717	0.713	0.715	0.343	0.533
4:23:31	37.0	0.346	0.503	0.534	0.508	0.713	0.710	0.720	0.701	0.721	0.722	0.718	0.731	0.473	0.754	0.723	0.727	0.729	0.720	0.744	0.739	0.993	0.748	0.762	0.743	0.403	0.691	0.701	0.699	0.728	0.723	0.732	0.719	0.735	0.738	0.743	0.726	0.469	0.695	0.712	0.717	0.730	0.737	0.743	0.742	0.599	0.752	0.762	0.732	0.584	0.657	0.671	0.685	0.697	0.696	0.682	0.693	0.699	0.696	0.698	0.820	0.652	0.709	0.709	0.734	0.733	0.736	0.730	0.742	0.724	0.721	0.717	0.718	0.343	0.533
4:27:31	37.0	0.345	0.502	0.533	0.510	0.717	0.713	0.724	0.705	0.723	0.727	0.723	0.735	0.471	0.760	0.724	0.730	0.734	0.725	0.747	0.743	0.998	0.750	0.767	0.746	0.403	0.694	0.704	0.702	0.733	0.727	0.736	0.723	0.739	0.742	0.748	0.728	0.467	0.699	0.714	0.722	0.736	0.742	0.748	0.746	0.600	0.755	0.767	0.733	0.584	0.662	0.674	0.692	0.703	0.699	0.685	0.697	0.702	0.701	0.702	0.785	0.655	0.712	0.711	0.736	0.737	0.739	0.733	0.745	0.726	0.724	0.719	0.720	0.343	0.532
4:31:31	37.0	0.344	0.514	0.533	0.510	0.721	0.717	0.729	0.708	0.726	0.730	0.725	0.738	0.467	0.765	0.730	0.732	0.737	0.730	0.752	0.746	0.999	0.754	0.769	0.749	0.404	0.699	0.709	0.706	0.737	0.732	0.740	0.726	0.743	0.746	0.751	0.731	0.466	0.702	0.720	0.725	0.739	0.746	0.752	0.749	0.601	0.759	0.769	0.736	0.584	0.666	0.678	0.693	0.706	0.704	0.690	0.702	0.706	0.704	0.705	0.782	0.656	0.717	0.714	0.738	0.740	0.741	0.736	0.749	0.730	0.725	0.720	0.721	0.341	0.529
4:35:31	37.0	0.341	0.503	0.531	0.510	0.724	0.722	0.734	0.711	0.731	0.733	0.729	0.740	0.464	0.769	0.740	0.737	0.741	0.736	0.757	0.750	1.007	0.757	0.774	0.753	0.405	0.702	0.714	0.710	0.742	0.735	0.745	0.730	0.746	0.748	0.755	0.734	0.465	0.706	0.725	0.729	0.743	0.751	0.755	0.753	0.601	0.761	0.773	0.740	0.585	0.668	0.682	0.700	0.710	0.708	0.693	0.704	0.709	0.708	0.708	0.801	0.658	0.718	0.718	0.739	0.742	0.743	0.738	0.750	0.732	0.729	0.723	0.722	0.342	0.530
4:39:31	37.0	0.338	0.506	0.531	0.509	0.728	0.726	0.735	0.714	0.734	0.736	0.734	0.742	0.463	0.772	0.730	0.741	0.745	0.739	0.759	0.753	1.012	0.760	0.777	0.753	0.404	0.705	0.716	0.713	0.746	0.738	0.747	0.734	0.750	0.753	0.758	0.737	0.463	0.708	0.728	0.733	0.747	0.755	0.758	0.757	0.601	0.766	0.776	0.746	0.586	0.672	0.686	0.701	0.714	0.712	0.696	0.708	0.713	0.710	0.712	0.792	0.660	0.721	0.719	0.741	0.743	0.746	0.741	0.741	0.735	0.731	0.725	0.724	0.341	0.527
4:43:31	37.0	0.336	0.505	0.531	0.508	0.731	0.729	0.739	0.719	0.736	0.738	0.734	0.745	0.461	0.774	0.741	0.745	0.750	0.745	0.764	0.758	1.012	0.763	0.780	0.757	0.405	0.708	0.720	0.717	0.750	0.742	0.751	0.738	0.753	0.756	0.762	0.740	0.461	0.713	0.732	0.738	0.751	0.759	0.763	0.761	0.601	0.770	0.780	0.750	0.589	0.675	0.690	0.708	0.716	0.716	0.700	0.713	0.716	0.715	0.715	0.786	0.660	0.724	0.724	0.744	0.743	0.746	0.743	0.745	0.737	0.734	0.729	0.725	0.341	0.525
4:47:31	37.0	0.333	0.499	0.531	0.508	0.734	0.733	0.743	0.720	0.738	0.742	0.738	0.747	0.459	0.774	0.737	0.749	0.756	0.749	0.767	0.760	1.018	0.766	0.784	0.759	0.403	0.712	0.723	0.720	0.754	0.746	0.755	0.740	0.756	0.759	0.764	0.742	0.459	0.715	0.735	0.741	0.754	0.761	0.765	0.763	0.599	0.771	0.783	0.751	0.594	0.679	0.693	0.708	0.722	0.719	0.703	0.716	0.719	0.717	0.718	0.781	0.662	0.725	0.724	0.746	0.747	0.747	0.746	0.762	0.740	0.735	0.730	0.726	0.338	0.526
4:51:31	37.0	0.331	0.507	0.529	0.509	0.739	0.736	0.744	0.724	0.742	0.744	0.740	0.749	0.457	0.775	0.748	0.752	0.760	0.754	0.771	0.764	1.018	0.769	0.788	0.762	0.402	0.715	0.727	0.725	0.758	0.750	0.759	0.743	0.760	0.762	0.768	0.745	0.458	0.719	0.739	0.744	0.760	0.766	0.768	0.768	0.600	0.775	0.787	0.754	0.589	0.682	0.696	0.714	0.725	0.723	0.707	0.719	0.724	0.721	0.721	0.778	0.664	0.728	0.729	0.749	0.751	0.747	0.748	0.764	0.742	0.739	0.732	0.726	0.337	0.524
4:55:31	37.0	0.327	0.499	0.528	0.507	0.743	0.741	0.748	0.726	0.744	0.747	0.743	0.752	0.454	0.774	0.744	0.754	0.764	0.757	0.775	0.767	1.021	0.772	0.789	0.763	0.403	0.718	0.731	0.728	0.763	0.754	0.762	0.746	0.762	0.766	0.770	0.746	0.458	0.721	0.742	0.749	0.764	0.770	0.772	0.769	0.598	0.777	0.788	0.757	0.595	0.684	0.698	0.715	0.727	0.725	0.708	0.721	0.726	0.724	0.723	0.776	0.664	0.729	0.729	0.750	0.753	0.744	0.749	0.766	0.744	0.740	0.733	0.726	0.336	0.523
4:59:31	37.0	0.324	0.504	0.526	0.507	0.746	0.743	0.752	0.729	0.747	0.750	0.745	0.754	0.453	0.772	0.744	0.759	0.769	0.761	0.778	0.770	1.022	0.775	0.791	0.766	0.403	0.721	0.735	0.733	0.766	0.758	0.765	0.748	0.766	0.768	0.772	0.749	0.457	0.724	0.746	0.752	0.767	0.774	0.775	0.772	0.598	0.780	0.790	0.758	0.586	0.687	0.702	0.720	0.731	0.729	0.711	0.726	0.729	0.727	0.726	0.775	0.666	0.732	0.734	0.752	0.755	0.743	0.752	0.768	0.748	0.742	0.734	0.726	0.335	0.521
5:03:31	37.0	0.321	0.495	0.522	0.507	0.750	0.747	0.754	0.730	0.748	0.751	0.747	0.754	0.449	0.773	0.750	0.764	0.773	0.765	0.781	0.774	1.026	0.776	0.794	0.766	0.404	0.724	0.735	0.735	0.769	0.761	0.767	0.749	0.768	0.770	0.773	0.751	0.457	0.727	0.749	0.756	0.771	0.776	0.777	0.774	0.597	0.782	0.792	0.760	0.586	0.689	0.704	0.721	0.735	0.731	0.713	0.727	0.731	0.730	0.727	0.774	0.667	0.734	0.733	0.753	0.758	0.743	0.752	0.771	0.750	0.744	0.736	0.727	0.333	0.521
5:07:31	37.0	0.318	0.488	0.521	0.506	0.752	0.751	0.756	0.734	0.751	0.754	0.750	0.758	0.446	0.774	0.760	0.767	0.777	0.770	0.784	0.777	1.023	0.778	0.797	0.770	0.402	0.726	0.740	0.739	0.773	0.765	0.771	0.752	0.771	0.774	0.777	0.752	0.455	0.729	0.752	0.760	0.774	0.779	0.781	0.777	0.597	0.785	0.795	0.763	0.586	0.692	0.708	0.724	0.738	0.734	0.716	0.731	0.734	0.733	0.730	0.776	0.668	0.734	0.738	0.754	0.760	0.745	0.754	0.773	0.751	0.746	0.737	0.728	0.331	0.519
5:11:31	37.0	0.314	0.481	0.518	0.504	0.755	0.754	0.758	0.736	0.752	0.756	0.752	0.761	0.445	0.774	0.763	0.771	0.782	0.773	0.787	0.777	1.020	0.781	0.800	0.770	0.401	0.729	0.742	0.743	0.777	0.769	0.773	0.754	0.774	0.777	0.779	0.755	0.455	0.730	0.754	0.763	0.778	0.783	0.783	0.780	0.596	0.787	0.799	0.763	0.584	0.696	0.710	0.727	0.741	0.737	0.719	0.734	0.737	0.737	0.732	0.775	0.668	0.742	0.737	0.756	0.763	0.748	0.758	0.774	0.753	0.748	0.739	0.728	0.331	0.518
5:15:31	37.0	0.310	0.492	0.515	0.503	0.760	0.758	0.762	0.737	0.754	0.760	0.754	0.760	0.444	0.778	0.768	0.778	0.785	0.777	0.791	0.781	1.023	0.785	0.802	0.776	0.401	0.732	0.746	0.748	0.782	0.773	0.776	0.756	0.778	0.779	0.782	0.757	0.454	0.734	0.758	0.766	0.783	0.786	0.786	0.783	0.594	0.791	0.800	0.765	0.591	0.698	0.714	0.731	0.744	0.741	0.722	0.737	0.739	0.738	0.735	0.769	0.669	0.748	0.744	0.757	0.762	0.747	0.759	0.772	0.755	0.750	0.741	0.728	0.329	0.518
5:19:31	37.0	0.307	0.491	0.512	0.502	0.763	0.760	0.763	0.741	0.755	0.762	0.754	0.762	0.441	0.777	0.769	0.780	0.790	0.780	0.794	0.783	1.015	0.787	0.805	0.776	0.399	0.733	0.748	0.748	0.783	0.775	0.780	0.759	0.779	0.782	0.785	0.759	0.454	0.735	0.760	0.769	0.784	0.789	0.789	0.785	0.593	0.793	0.803	0.767	0.588	0.699	0.716	0.731	0.746	0.741	0.724	0.738	0.741	0.741	0.737	0.766	0.669	0.749	0.741	0.756	0.765	0.747	0.762	0.775	0.757	0.752	0.741	0.728	0.326	0.516
5:23:31	37.0	0.303	0.485	0.510	0.502	0.766	0.763	0.766	0.743	0.758	0.763	0.757	0.761	0.438	0.778	0.773	0.785	0.793	0.784	0.797	0.786	1.020	0.789	0.808	0.778	0.397	0.735	0.752	0.751	0.789	0.779	0.783	0.760	0.782	0.784	0.787	0.760	0.453	0.736	0.763	0.772	0.789	0.791	0.791	0.787	0.593	0.795	0.805	0.769	0.579	0.699	0.719	0.734	0.749	0.745	0.727	0.742	0.744	0.744	0.739	0.766	0.668	0.751	0.744	0.758	0.767	0.748	0.762	0.773	0.759	0.753	0.742	0.727	0.324	0.515
5:27:31	37.0	0.299	0.478	0.509	0.501	0.767	0.767	0.769	0.746	0.760	0.765	0.757	0.764	0.436	0.780	0.776	0.790	0.797	0.788	0.799	0.788	1.004	0.792	0.810	0.778	0.395	0.738	0.754	0.756	0.792	0.782	0.786	0.763	0.785	0.786	0.788	0.762	0.453	0.739	0.766	0.775	0.791	0.795	0.794	0.790	0.591	0.798	0.807	0.770	0.579	0.701	0.722	0.735	0.752	0.746	0.730	0.745	0.745	0.745	0.741	0.767	0.669	0.752	0.750	0.760	0.767	0.750	0.763	0.772	0.760	0.755	0.743	0.727	0.321	0.514
5:31:31	37.0	0.294	0.473	0.507	0.502	0.771	0.769	0.771	0.749	0.762	0.767	0.759	0.765	0.433	0.779	0.777	0.794	0.799	0.790	0.803	0.792	1.004	0.794	0.814	0.781	0.394	0.740	0.755	0.758	0.795	0.785	0.789	0.766	0.787	0.788	0.790	0.763	0.453	0.740	0.769	0.777	0.794	0.797	0.797	0.792	0.591	0.800	0.809	0.772	0.584	0.704	0.726	0.740	0.755	0.748	0.731	0.746	0.749	0.747	0.743	0.769	0.669	0.754	0.747	0.760	0.765	0.749	0.764	0.765	0.762	0.755	0.746	0.727	0.317	0.514
5:35:31	37.0	0.290	0.493	0.504	0.500	0.775	0.772	0.773	0.750	0.763	0.769	0.761	0.764	0.430	0.780	0.782	0.800	0.804	0.795	0.806	0.794	1.000	0.796	0.816	0.779	0.393	0.743	0.758	0.760	0.798	0.790	0.792	0.767	0.788	0.791	0.791	0.764	0.452	0.742	0.771	0.780	0.797	0.801	0.799	0.795	0.590	0.801	0.810	0.772	0.576	0.706	0.728	0.740	0.758	0.751	0.733	0.748	0.749	0.749	0.745	0.771	0.668	0.745	0.748	0.760	0.765	0.750	0.765	0.765	0.761	0.757	0.746	0.726	0.315	0.511
5:39:31	37.0	0.285	0.480	0.502	0.500	0.778	0.776	0.776	0.753	0.766	0.771	0.759	0.768	0.426	0.781	0.786	0.803	0.807	0.796	0.808	0.797	0.998	0.799	0.817	0.784	0.391	0.745	0.760	0.762	0.801	0.791	0.793	0.771	0.791	0.793	0.793	0.765	0.450	0.744	0.772	0.782	0.799	0.803	0.801	0.796	0.591	0.804	0.812	0.774	0.575	0.707	0.729	0.744	0.758	0.753	0.736	0.751	0.751	0.751	0.746	0.776	0.667	0.755	0.754	0.762	0.770	0.752	0.765	0.772	0.764	0.757	0.746	0.725	0.313	0.510
5:43:31	37.0	0.281	0.471	0.499	0.500	0.779	0.775	0.777	0.753	0.766	0.773	0.762	0.766	0.423	0.781	0.789	0.806	0.809	0.800	0.809	0.797	0.997	0.803	0.821	0.786	0.390	0.746	0.761	0.765	0.805	0.794	0.796	0.773	0.793	0.794	0.795	0.766	0.449	0.744	0.775	0.785	0.802	0.806	0.802	0.798	0.590	0.805	0.815	0.774	0.572	0.708	0.731	0.746	0.760	0.755	0.737	0.752	0.753	0.753	0.747	0.780	0.666	0.747	0.750	0.762	0.771	0.751	0.769	0.772	0.764	0.758	0.748	0.725	0.309	0.508
5:47:31	37.0	0.278	0.468	0.497	0.498	0.781	0.779	0.778	0.755	0.769	0.774	0.762	0.765	0.418	0.782	0.794	0.810	0.813	0.802	0.812	0.799	0.996	0.807	0.825	0.786	0.387	0.747	0.765	0.766	0.807	0.796	0.798	0.776	0.796	0.796	0.796	0.767	0.450	0.746	0.777	0.785	0.804	0.808	0.806	0.800	0.589	0.808	0.816	0.775	0.567	0.712	0.732	0.749	0.762	0.757	0.739	0.754	0.755	0.755	0.749	0.783	0.666	0.758	0.754	0.763	0.772	0.752	0.768	0.772	0.766	0.760	0.750	0.726	0.306	0.506
5:51:31	37.0	0.272	0.469	0.496	0.498	0.782	0.783	0.781	0.756	0.770	0.776	0.763	0.766	0.414	0.782	0.799	0.813	0.815	0.806	0.815	0.802	0.992	0.810	0.829	0.786	0.384	0.749	0.766	0.769	0.810	0.800	0.801	0.778	0.796	0.797	0.798	0.767	0.446	0.748	0.779	0.789	0.806	0.812	0.808	0.801	0.588	0.811	0.820	0.777	0.571	0.713	0.734	0.749	0.765	0.759	0.741	0.756	0.756	0.756	0.750	0.785	0.663	0.747	0.755	0.763	0.772	0.753	0.770	0.774	0.766	0.760	0.752	0.726	0.303	0.503
5:55:31	37.0	0.269	0.467	0.495	0.497	0.785	0.784	0.783	0.758	0.772	0.778	0.764	0.767	0.410	0.786	0.799	0.815	0.817	0.806	0.818	0.806	0.991	0.812	0.831	0.792	0.383	0.751	0.768	0.771	0.813	0.802	0.803	0.782	0.800	0.800	0.799	0.768	0.447	0.749	0.780	0.791	0.809	0.813	0.810	0.805	0.589	0.816	0.823	0.779	0.564	0.715	0.736	0.749	0.766	0.760	0.742	0.758	0.759	0.758	0.751	0.786	0.663	0.748	0.754	0.763	0.772	0.753	0.769	0.775	0.768	0.760	0.752	0.724	0.300	0.501
5:59:31	37.0	0.262	0.467	0.492	0.497	0.786	0.786	0.784	0.759	0.771	0.778	0.765	0.766	0.409	0.786	0.805	0.818	0.820	0.811	0.821	0.808	0.986	0.814	0.833	0.789	0.380	0.753	0.770	0.774	0.816	0.805	0.805	0.784	0.800	0.801	0.800	0.767	0.446	0.749	0.783	0.792	0.811	0.816	0.813	0.810	0.588	0.817	0.826	0.779	0.565	0.717	0.738	0.754	0.768	0.763	0.745	0.759	0.759	0.759	0.752	0.786	0.660	0.749	0.754	0.764	0.774	0.753	0.770	0.774	0.769	0.762	0.754	0.723	0.296	0.500
6:03:31	37.0	0.256	0.463	0.488	0.497	0.788	0.787	0.785	0.760	0.772	0.780	0.765	0.766	0.408	0.785	0.810	0.821	0.822	0.812	0.823	0.811	0.979	0.816	0.835	0.793	0.377	0.753	0.771	0.776	0.817	0.807	0.807	0.786	0.803	0.803	0.801	0.769	0.443	0.750	0.784	0.794	0.815	0.818	0.817	0.812	0.588	0.819	0.827	0.777	0.565	0.717	0.738	0.754	0.770	0.763	0.746	0.761	0.762	0.759	0.752	0.787	0.658	0.748	0.753	0.763	0.773	0.754	0.768	0.771	0.770	0.759	0.755	0.721	0.291	0.499
6:07:31	37.0	0.251	0.460	0.488	0.496	0.790	0.790	0.788	0.762	0.775	0.780	0.767	0.765	0.405	0.785	0.810	0.821	0.825	0.815	0.824	0.815	0.972	0.816	0.834	0.793	0.375	0.754	0.775	0.778	0.820	0.808	0.809	0.788	0.804	0.804	0.803	0.769	0.443	0.751	0.786	0.796	0.818	0.823	0.820	0.814	0.587	0.820	0.829	0.777	0.562	0.719	0.740	0.757	0.771	0.764	0.748	0.763	0.763	0.761	0.753	0.787	0.656	0.751	0.754	0.766	0.777	0.755	0.771	0.770	0.771	0.757	0.757	0.719	0.289	0.496
6:11:31	37.0	0.246	0.464	0.486	0.495	0.791	0.792	0.790	0.762	0.774	0.782	0.768	0.765	0.403	0.786	0.814	0.824	0.827	0.818	0.827	0.818	0.966	0.818	0.837	0.794	0.372	0.756	0.775	0.780	0.822	0.811	0.811	0.790	0.804	0.805	0.805	0.770	0.442	0.752	0.788	0.798	0.820	0.826	0.823	0.816	0.587	0.822	0.830	0.779	0.557	0.722	0.741	0.757	0.773	0.766	0.749	0.764	0.764	0.761	0.753	0.789	0.654	0.750	0.758	0.766	0.775	0.756	0.775	0.772	0.771	0.755	0.756	0.717	0.284	0.495
6:15:31	37.0	0.239	0.458	0.485	0.494	0.793	0.793	0.790	0.763	0.776	0.783	0.769	0.764	0.400	0.786	0.819	0.828	0.828	0.820	0.829	0.821	0.960	0.820	0.838	0.790	0.370	0.756	0.776	0.783	0.825	0.812	0.813	0.791	0.806	0.807	0.807	0.771	0.440	0.752	0.789	0.801	0.822	0.829	0.824	0.817	0.587	0.823	0.831	0.779	0.555	0.723	0.741	0.761	0.775	0.766	0.751	0.766	0.767	0.763	0.754	0.790	0.653	0.747	0.757	0.765	0.772	0.757	0.772	0.771	0.773	0.756	0.755	0.715	0.279	0.493
6:19:31	37.0	0.234	0.469	0.483	0.493	0.792	0.796	0.792	0.764	0.778	0.785	0.770	0.764	0.396	0.785	0.820	0.830	0.830	0.821	0.833	0.823	0.952	0.819	0.839	0.792	0.367	0.758	0.779	0.783	0.826	0.815	0.815	0.792	0.808	0.810	0.808	0.770	0.437	0.754	0.793	0.803	0.826	0.832	0.826	0.820	0.587	0.824	0.831	0.777	0.554	0.724	0.742	0.761	0.776	0.768	0.752	0.768	0.767	0.762	0.754	0.792	0.650	0.757	0.757	0.767	0.773	0.759	0.775	0.773	0.773	0.755	0.755	0.711	0.274	0.490
6:23:31	37.0	0.228	0.455	0.481	0.492	0.795	0.796	0.792	0.765	0.780	0.787	0.770	0.762	0.394	0.788	0.826	0.831	0.833	0.823	0.837	0.825	0.943	0.821	0.840	0.794	0.364	0.760	0.780	0.786	0.829	0.816	0.816	0.794	0.810	0.812	0.809	0.769	0.436	0.757	0.798	0.810	0.830	0.834	0.827	0.819	0.586	0.825	0.832	0.775	0.552	0.724	0.743	0.765	0.778	0.769	0.752	0.768	0.769	0.765	0.755	0.791	0.647	0.756	0.753	0.766	0.774	0.758	0.771	0.773	0.772	0.757	0.753	0.709	0.269	0.488
6:27:31	37.0	0.222	0.455	0.480	0.491	0.797	0.797	0.792	0.765	0.779	0.788	0.770	0.761	0.391	0.786	0.822	0.832	0.835	0.826	0.839	0.826	0.933	0.821	0.840	0.794	0.361	0.759	0.781	0.788	0.831	0.818	0.818	0.796	0.813	0.813	0.809	0.772	0.434	0.760	0.802	0.813	0.834	0.836	0.828	0.821	0.586	0.826	0.832	0.776	0.550	0.724	0.745	0.767	0.779	0.770	0.754	0.769	0.769	0.764	0.755	0.795	0.645	0.747	0.757	0.767	0.773	0.759	0.776	0.774	0.772	0.757	0.753	0.707	0.264	0.485
6:31:31	37.0	0.216	0.454	0.479	0.490	0.799	0.798	0.792	0.767	0.783	0.788	0.770	0.760	0.389	0.787	0.826	0.835	0.838	0.827	0.840	0.828	0.921	0.822	0.841	0.794	0.359	0.760	0.781	0.789	0.833	0.820	0.821	0.797	0.814	0.814	0.810	0.772	0.432	0.763	0.804	0.817	0.835	0.837	0.830	0.822	0.585	0.826	0.833	0.775	0.551	0.725	0.746	0.765	0.780	0.771	0.752	0.771	0.771	0.765	0.756	0.793	0.642	0.749	0.755	0.767	0.774	0.759	0.765	0.773	0.766	0.758	0.751	0.705	0.258	0.481
6:35:31	37.0	0.209	0.453	0.478	0.490	0.799	0.799	0.794	0.769	0.784	0.789	0.771	0.758	0.381	0.788	0.828	0.839	0.839	0.829	0.842	0.829	0.916	0.823	0.840	0.791	0.356	0.760	0.782	0.791	0.836	0.822	0.824	0.798	0.816	0.815	0.810	0.770	0.429	0.764	0.805	0.819	0.837	0.838	0.831	0.822	0.585	0.826	0.833	0.773	0.548	0.726	0.746	0.769	0.781	0.771	0.754	0.771	0.772	0.766	0.757	0.796	0.638	0.751	0.754	0.767	0.773	0.759	0.763	0.772	0.765	0.758	0.747	0.701	0.253	0.478
6:39:31	36.9	0.203	0.450	0.476	0.488	0.800	0.800	0.792	0.770	0.784	0.788	0.770	0.757	0.381	0.790	0.816	0.837	0.840	0.833	0.844	0.831	0.900	0.822	0.841	0.790	0.354	0.761	0.782	0.793	0.836	0.824	0.825	0.799	0.817	0.815	0.810	0.769	0.428	0.764	0.806	0.820	0.841	0.839	0.831	0.822	0.585	0.826	0.833	0.774	0.546	0.725	0.746	0.769	0.781	0.772	0.755	0.771	0.772	0.765	0.757	0.795	0.637	0.744	0.754	0.766	0.769	0.759	0.763	0.773	0.763	0.758	0.746	0.699	0.247	0.476
6:43:31	37.0	0.195	0.449	0.474	0.487	0.800	0.801	0.793	0.770	0.783	0.790	0.769	0.756	0.377	0.792	0.827	0.838	0.842	0.835	0.844	0.831	0.876	0.824	0.842	0.789	0.349	0.762	0.784	0.795	0.840	0.828	0.826	0.800	0.818	0.816	0.811	0.769	0.425	0.765	0.808	0.821	0.842	0.841	0.832	0.823	0.584	0.828	0.835	0.773	0.551	0.725	0.747	0.769	0.783	0.774	0.754	0.772	0.773	0.767	0.758	0.797	0.634	0.748	0.753	0.765	0.770	0.762	0.764	0.776	0.765	0.759	0.747	0.695	0.241	0.472
6:47:31	37.0	0.187	0.446	0.472	0.486	0.801	0.801	0.793	0.770	0.785	0.788	0.767	0.755	0.374	0.795	0.827	0.840	0.844	0.835	0.845	0.832	0.850	0.823	0.841	0.789	0.344	0.762	0.785	0.796	0.843	0.829	0.826	0.800	0.820	0.816	0.811	0.767	0.422	0.765	0.808	0.822	0.843	0.841	0.832	0.824	0.583	0.829	0.835	0.773	0.542	0.726	0.747	0.769	0.783	0.773	0.753	0.772	0.774	0.767	0.759	0.799	0.631	0.744	0.753	0.765	0.770	0.762	0.764	0.775	0.767	0.758	0.747	0.693	0.235	0.469
6:51:31	37.0	0.179	0.444	0.470	0.484	0.802	0.801	0.795	0.770	0.785	0.787	0.765	0.751	0.370	0.796	0.827	0.842	0.846	0.837	0.846	0.834	0.835	0.824	0.844	0.787	0.340	0.762	0.788	0.801	0.846	0.830	0.827	0.800	0.818	0.817	0.812	0.765	0.419	0.764	0.810	0.825	0.845	0.843	0.834	0.825	0.583	0.829	0.836	0.769	0.540	0.725	0.747	0.772	0.784	0.776	0.758	0.772	0.774	0.766	0.759	0.795	0.627	0.743	0.753	0.764	0.771	0.763	0.769	0.776	0.765	0.760	0.746	0.690	0.228	0.466
6:55:31	37.0	0.171	0.443	0.469	0.483	0.802	0.803	0.795	0.769	0.785	0.789	0.766	0.750	0.366	0.798	0.829	0.842	0.846	0.842	0.849	0.836	0.837	0.826	0.845	0.787	0.339	0.763	0.792	0.804	0.850	0.834	0.829	0.801	0.820	0.819	0.813	0.765	0.416	0.764	0.810	0.824	0.846	0.844	0.835	0.826	0.582	0.830	0.838	0.770	0.538	0.725	0.749	0.768	0.785	0.775	0.760	0.773	0.775	0.766	0.760	0.795	0.625	0.742	0.752	0.765	0.766	0.762	0.769	0.775	0.766	0.762	0.747	0.688	0.222	0.461
6:59:31	37.0	0.164	0.441	0.467	0.481	0.800	0.802	0.797	0.767	0.787	0.788	0.763	0.748	0.362	0.800	0.830	0.843	0.847	0.842	0.848	0.834	0.836	0.827	0.844	0.787	0.335	0.761	0.792	0.806	0.851	0.833	0.827	0.801	0.820	0.818	0.813	0.763	0.413	0.762	0.810	0.825	0.847	0.844	0.836	0.825	0.581	0.830	0.838	0.768	0.541	0.722	0.749	0.769	0.785	0.775	0.757	0.772	0.776	0.765	0.760	0.788	0.623	0.740	0.751	0.762	0.766	0.761	0.767	0.777	0.767	0.762	0.746	0.686	0.215	0.457
7:03:31	37.0	0.156	0.441	0.465	0.479	0.800	0.803	0.797	0.766	0.787	0.788	0.766	0.745	0.358	0.801	0.829	0.843	0.849	0.845	0.849	0.834	0.840	0.827	0.845	0.784	0.328	0.761	0.794	0.807	0.853	0.835	0.829	0.802	0.823	0.819	0.812	0.761	0.408	0.761	0.809	0.826	0.848	0.846	0.836	0.826	0.580	0.830	0.839	0.765	0.534	0.724	0.749	0.769	0.786	0.772	0.759	0.774	0.775	0.764	0.760	0.791	0.619	0.734	0.750	0.761	0.773	0.760	0.765	0.775	0.767	0.762	0.746	0.684	0.208	0.452
7:07:31	37.0	0.147	0.438	0.464	0.478	0.797	0.802	0.794	0.765	0.788	0.787	0.763	0.742	0.354	0.801	0.830	0.846	0.848	0.847	0.848	0.835	0.840	0.827	0.845	0.782	0.324	0.760	0.796	0.807	0.854	0.835	0.828	0.803	0.823	0.820	0.814	0.758	0.407	0.758	0.809	0.827	0.850	0.845	0.837	0.827	0.579	0.831	0.840	0.763	0.536	0.722	0.750	0.771	0.786	0.771	0.761	0.774	0.776	0.766	0.760	0.792	0.618	0.732	0.749	0.759	0.768	0.761	0.766	0.777	0.767	0.763	0.747	0.683	0.200	0.451
7:11:31	37.0	0.139	0.441	0.462	0.477	0.797	0.802	0.795	0.765	0.782	0.786	0.760	0.738	0.353	0.813	0.827	0.846	0.850	0.848	0.850	0.836	0.842	0.827	0.847	0.780	0.319	0.763	0.797	0.809	0.855	0.836	0.830	0.803	0.823	0.820	0.813	0.756	0.402	0.758	0.811	0.826	0.849	0.847	0.838	0.827	0.578	0.830	0.840	0.762	0.536	0.722	0.751	0.771	0.787	0.770	0.758	0.774	0.776	0.764	0.758	0.787	0.613	0.733	0.750	0.758	0.767	0.759	0.767	0.774	0.770	0.764	0.746	0.681	0.192	0.445
7:15:31	37.0	0.129	0.437	0.459	0.474	0.796	0.801	0.794	0.764	0.781	0.786	0.757	0.737	0.348	0.802	0.825	0.844	0.849	0.848	0.850	0.835	0.844	0.828	0.847	0.780	0.313	0.764	0.795	0.808	0.855	0.837	0.830	0.802	0.823	0.820	0.812	0.754	0.399	0.755	0.810	0.826	0.849	0.848	0.839	0.828	0.577	0.831	0.840	0.757	0.528	0.720	0.747	0.767	0.787	0.770	0.760	0.773	0.775	0.764	0.756	0.783	0.611	0.731	0.745	0.757	0.767	0.757	0.766	0.774	0.770	0.763	0.747	0.678	0.184	0.439
7:19:31	37.0	0.120	0.427	0.457	0.473	0.795	0.800	0.790	0.763	0.782	0.785	0.759	0.732	0.343	0.801	0.824	0.846	0.850	0.850	0.848	0.836	0.849	0.829	0.846	0.777	0.308	0.763	0.793	0.810	0.858	0.839	0.831	0.802	0.824	0.820	0.812	0.750	0.395	0.753	0.810	0.827	0.852	0.849	0.839	0.828	0.577	0.830	0.839	0.756	0.527	0.719	0.750	0.771	0.788	0.769	0.760	0.771	0.775	0.763	0.755	0.782	0.609	0.726	0.743	0.756	0.770	0.756	0.768	0.775	0.772	0.762	0.747	0.674	0.176	0.435
7:23:31	37.0	0.111	0.428	0.455	0.471	0.793	0.800	0.789	0.762	0.781	0.783	0.752	0.729	0.340	0.800	0.823	0.847	0.852	0.850	0.850	0.837	0.847	0.830	0.846	0.774	0.302	0.762	0.793	0.810	0.859	0.839	0.831	0.802	0.824	0.820	0.811	0.748	0.391	0.752	0.810	0.830	0.853	0.850	0.840	0.829	0.575	0.830	0.838	0.754	0.534	0.717	0.750	0.770	0.789	0.769	0.759	0.772	0.774	0.763	0.755	0.781	0.608	0.724	0.742	0.755	0.767	0.756	0.768	0.774	0.769	0.762	0.748	0.672	0.167	0.431
7:27:31	37.0	0.100	0.428	0.452	0.469	0.790	0.799	0.788	0.761	0.786	0.782	0.750	0.725	0.337	0.800	0.824	0.847	0.852	0.852	0.849	0.836	0.847	0.829	0.845	0.773	0.296	0.760	0.797	0.812	0.859	0.840	0.831	0.802	0.824	0.820	0.811	0.746	0.387	0.751	0.813	0.831	0.853	0.850	0.841	0.829	0.574	0.829	0.836	0.750	0.534	0.716	0.747	0.771	0.788	0.768	0.762	0.769	0.774	0.761	0.752	0.779	0.605	0.721	0.740	0.754	0.764	0.755	0.765	0.773	0.768	0.764	0.748	0.667	0.159	0.426
7:31:31	37.0	0.090	0.421	0.450	0.469	0.789	0.799	0.786	0.759	0.782	0.782	0.748	0.724	0.332	0.796	0.822	0.846	0.852	0.851	0.849	0.838	0.848	0.829	0.846	0.771	0.290	0.756	0.797	0.812	0.864	0.839	0.832	0.804	0.825	0.819	0.812	0.743	0.384	0.748	0.813	0.832	0.856	0.851	0.842	0.829	0.574	0.830	0.837	0.749	0.530	0.713	0.749	0.767	0.790	0.768	0.760	0.770	0.774	0.758	0.753	0.771	0.602	0.719	0.738	0.752	0.764	0.756	0.767	0.773	0.769	0.767	0.746	0.664	0.151	0.422
7:35:31	36.9	0.082	0.424	0.447	0.467	0.786	0.798	0.784	0.759	0.781	0.780	0.746	0.722	0.328	0.793	0.818	0.846	0.852	0.852	0.849	0.837	0.849	0.829	0.844	0.769	0.283	0.755	0.796	0.812	0.863	0.839	0.831	0.802	0.826	0.819	0.810	0.741	0.379	0.745	0.814	0.831	0.857	0.851	0.840	0.829	0.573	0.829	0.836	0.746	0.519	0.712	0.745	0.765	0.789	0.767	0.758	0.769	0.774	0.758	0.751	0.772	0.600	0.730	0.736	0.749	0.765	0.753	0.766	0.774	0.769	0.765	0.746	0.662	0.141	0.416
7:39:31	37.0	0.075	0.416	0.444	0.465	0.783	0.795	0.782	0.757	0.780	0.778	0.741	0.717	0.322	0.790	0.818	0.847	0.852	0.852	0.847	0.837	0.851	0.828	0.845	0.767	0.277	0.753	0.796	0.813	0.866	0.841	0.831	0.801	0.824	0.818	0.809	0.739	0.375	0.743	0.815	0.833	0.858	0.850	0.840	0.828	0.572	0.827	0.835	0.742	0.515	0.710	0.748	0.764	0.788	0.765	0.761	0.767	0.774	0.756	0.749	0.770	0.598	0.714	0.734	0.748	0.763	0.750	0.767	0.773	0.768	0.765	0.746	0.658	0.132	0.412
7:43:31	37.0	0.070	0.411	0.441	0.463	0.778	0.793	0.780	0.755	0.777	0.777	0.739	0.715	0.317	0.787	0.818	0.845	0.851	0.851	0.847	0.837	0.850	0.829	0.845	0.764	0.269	0.751	0.795	0.813	0.865	0.839	0.831	0.798	0.824	0.818	0.809	0.736	0.370	0.742	0.814	0.830	0.857	0.851	0.840	0.828	0.571	0.826	0.836	0.739	0.512	0.707	0.744	0.764	0.788	0.764	0.759	0.766	0.776	0.754	0.746	0.769	0.594	0.712	0.731	0.744	0.759	0.750	0.765	0.776	0.769	0.765	0.745	0.654	0.122	0.406
7:47:31	37.0	0.067	0.410	0.438	0.461	0.775	0.791	0.779	0.753	0.778	0.777	0.736	0.712	0.312	0.783	0.807	0.846	0.852	0.853	0.849	0.838	0.853	0.830	0.845	0.760	0.260	0.749	0.794	0.812	0.866	0.839	0.832	0.795	0.825	0.819	0.807	0.733	0.365	0.737	0.814	0.831	0.857	0.851	0.840	0.827	0.571	0.827	0.835	0.738	0.509	0.705	0.744	0.763	0.787	0.765	0.758	0.765	0.775	0.754	0.744	0.765	0.591	0.711	0.729	0.743	0.755	0.748	0.765	0.773	0.769	0.764	0.743	0.651	0.112	0.400
7:51:31	37.0	0.064	0.403	0.435	0.458	0.770	0.789	0.775	0.752	0.774	0.774	0.734	0.709	0.308	0.778	0.813	0.845	0.853	0.852	0.847	0.836	0.851	0.827	0.843	0.757	0.253	0.746	0.792	0.812	0.867	0.839	0.832	0.791	0.824	0.817	0.806	0.730	0.361	0.735	0.815	0.830	0.857	0.850	0.839	0.826	0.569	0.825	0.834	0.734	0.508	0.704	0.744	0.760	0.787	0.765	0.761	0.763	0.774	0.754	0.741	0.763	0.588	0.710	0.726	0.741	0.753	0.745	0.761	0.772	0.770	0.764	0.740	0.649	0.103	0.395
7:55:31	37.0	0.063	0.400	0.432	0.456	0.766	0.786	0.774	0.751	0.768	0.770	0.731	0.709	0.303	0.774	0.807	0.847	0.853	0.852	0.846	0.837	0.853	0.828	0.842	0.755	0.246	0.744	0.791	0.812	0.866	0.838	0.830	0.783	0.825	0.815	0.801	0.728	0.357	0.732	0.813	0.831	0.860	0.849	0.838	0.825	0.568	0.824	0.835	0.731	0.504	0.703	0.738	0.759	0.785	0.763	0.757	0.761	0.774	0.752	0.739	0.761	0.586	0.706	0.722	0.738	0.752	0.743	0.760	0.769	0.770	0.763	0.739	0.645	0.095	0.391
7:59:31	37.0	0.061	0.396	0.428	0.453	0.762	0.784	0.774	0.750	0.765	0.770	0.725	0.706	0.298	0.771	0.804	0.845	0.853	0.851	0.847	0.837	0.853	0.826	0.842	0.754	0.236	0.741	0.789	0.811	0.868	0.838	0.831	0.778	0.826	0.814	0.802	0.727	0.351	0.728	0.813	0.830	0.860	0.848	0.839	0.824	0.567	0.823	0.832	0.729	0.501	0.700	0.741	0.753	0.786	0.764	0.756	0.761	0.770	0.750	0.735	0.759	0.584	0.710	0.719	0.736	0.751	0.741	0.758	0.769	0.768	0.761	0.736	0.642	0.088	0.383
8:03:31	37.0	0.060	0.392	0.424	0.450	0.758	0.782	0.770	0.747	0.765	0.767	0.729	0.704	0.292	0.765	0.800	0.845	0.855	0.851	0.846	0.836	0.854	0.826	0.839	0.751	0.227	0.737	0.786	0.811	0.868	0.837	0.831	0.777	0.825	0.813	0.798	0.723	0.346	0.725	0.811	0.829	0.860	0.847	0.838	0.823	0.566	0.821	0.832	0.726	0.498	0.699	0.737	0.755	0.786	0.762	0.757	0.759	0.769	0.747	0.733	0.757	0.580	0.702	0.718	0.732	0.750	0.738	0.757	0.768	0.769	0.761	0.733	0.639	0.083	0.377
8:07:31	37.0	0.059	0.387	0.421	0.448	0.752	0.780	0.769	0.745	0.765	0.766	0.724	0.701	0.285	0.759	0.797	0.843	0.854	0.851	0.845	0.835	0.855	0.826	0.839	0.747	0.220	0.735	0.784	0.809	0.868	0.836	0.831	0.777	0.824	0.813	0.797	0.718	0.341	0.721	0.811	0.827	0.860	0.847	0.839	0.823	0.564	0.820	0.830	0.722	0.493	0.696	0.734	0.751	0.784	0.760	0.754	0.757	0.764	0.746	0.728	0.755	0.577	0.700	0.714	0.731	0.746	0.737	0.752	0.767	0.768	0.761	0.732	0.636	0.080	0.371
8:11:31	37.0	0.057	0.383	0.417	0.445	0.749	0.777	0.766	0.744	0.762	0.763	0.718	0.699	0.280	0.752	0.789	0.842	0.853	0.849	0.845	0.833	0.853	0.823	0.838	0.742	0.209	0.731	0.780	0.806	0.867	0.835	0.829	0.778	0.824	0.810	0.794	0.717	0.332	0.718	0.809	0.826	0.860	0.846	0.837	0.822	0.562	0.818	0.830	0.720	0.490	0.695	0.732	0.750	0.783	0.757	0.756	0.757	0.764	0.744	0.726	0.752	0.575	0.696	0.711	0.728	0.739	0.733	0.752	0.767	0.767	0.760	0.730	0.631	0.078	0.366
8:15:31	37.0	0.055	0.379	0.414	0.442	0.745	0.774	0.761	0.739	0.761	0.761	0.718	0.695	0.274	0.748	0.785	0.840	0.854	0.849	0.843	0.834	0.853	0.822	0.835	0.740	0.203	0.727	0.777	0.804	0.868	0.834	0.828	0.776	0.823	0.809	0.791	0.714	0.328	0.715	0.804	0.824	0.860	0.846	0.835	0.820	0.563	0.816	0.827	0.717	0.485	0.694	0.726	0.749	0.782	0.756	0.754	0.755	0.763	0.741	0.720	0.751	0.573	0.696	0.709	0.724	0.736	0.730	0.748	0.766	0.767	0.759	0.727	0.626	0.077	0.357
8:19:31	37.0	0.053	0.373	0.410	0.439	0.742	0.770	0.758	0.737	0.754	0.757	0.720	0.693	0.268	0.741	0.781	0.838	0.853	0.848	0.843	0.831	0.850	0.821	0.833	0.734	0.190	0.724	0.775	0.803	0.869	0.832	0.829	0.774	0.821	0.807	0.786	0.710	0.318	0.712	0.802	0.824	0.860	0.843	0.835	0.818	0.561	0.814	0.825	0.712	0.480	0.689	0.726	0.744	0.780	0.754	0.752	0.755	0.762	0.738	0.717	0.747	0.569	0.690	0.706	0.722	0.734	0.728	0.744	0.765	0.766	0.758	0.725	0.623	0.076	0.351
8:23:31	37.0	0.052	0.369	0.406	0.435	0.739	0.767	0.754	0.735	0.756	0.754	0.712	0.690	0.258	0.735	0.778	0.835	0.852	0.847	0.841	0.831	0.853	0.819	0.832	0.732	0.180	0.721	0.768	0.800	0.868	0.831	0.829	0.775	0.822	0.806	0.783	0.708	0.313	0.707	0.799	0.822	0.859	0.842	0.836	0.818	0.559	0.813	0.822	0.709	0.477	0.689	0.722	0.746	0.778	0.752	0.750	0.752	0.760	0.735	0.711	0.745	0.567	0.687	0.703	0.720	0.732	0.726	0.744	0.764	0.764	0.756	0.723	0.619	0.075	0.343
8:27:31	37.0	0.052	0.364	0.403	0.431	0.736	0.764	0.750	0.731	0.757	0.753	0.709	0.688	0.253	0.727	0.770	0.836	0.850	0.847	0.842	0.826	0.855	0.818	0.830	0.728	0.169	0.717	0.765	0.799	0.868	0.831	0.829	0.774	0.822	0.804	0.780	0.704	0.304	0.704	0.796	0.821	0.859	0.842	0.835	0.817	0.559	0.812	0.822	0.706	0.472	0.683	0.718	0.740	0.776	0.750	0.749	0.751	0.759	0.733	0.709	0.743	0.562	0.684	0.699	0.717	0.729	0.725	0.741	0.762	0.764	0.755	0.722	0.615	0.074	0.336
8:31:31	37.0	0.051	0.357	0.398	0.428	0.733	0.761	0.747	0.729	0.751	0.751	0.708	0.684	0.248	0.719	0.765	0.835	0.849	0.846	0.840	0.824	0.854	0.816	0.829	0.724	0.160	0.713	0.761	0.797	0.869	0.829	0.827	0.775	0.819	0.803	0.778	0.701	0.297	0.700	0.790	0.819	0.859	0.840	0.833	0.815	0.557	0.809	0.822	0.703	0.468	0.682	0.714	0.738	0.774	0.748	0.745	0.749	0.752	0.730	0.705	0.742	0.560	0.681	0.696	0.713	0.726	0.722	0.739	0.760	0.763	0.753	0.722	0.612	0.072	0.327
8:35:31	37.0	0.052	0.353	0.395	0.424	0.728	0.757	0.745	0.727	0.751	0.747	0.710	0.680	0.239	0.713	0.760	0.831	0.848	0.843	0.837	0.822	0.852	0.814	0.826	0.721	0.150	0.709	0.757	0.795	0.868	0.827	0.826	0.770	0.817	0.801	0.775	0.699	0.290	0.697	0.787	0.817	0.857	0.839	0.831	0.813	0.554	0.807	0.818	0.700	0.463	0.678	0.710	0.736	0.771	0.747	0.742	0.746	0.749	0.727	0.702	0.739	0.556	0.677	0.693	0.712	0.724	0.720	0.737	0.759	0.761	0.753	0.720	0.610	0.070	0.320
8:39:31	37.0	0.052	0.345	0.391	0.420	0.726	0.752	0.742	0.723	0.749	0.746	0.702	0.678	0.236	0.705	0.755	0.829	0.846	0.843	0.836	0.823	0.855	0.813	0.823	0.718	0.139	0.704	0.753	0.793	0.867	0.824	0.824	0.770	0.815	0.799	0.772	0.696	0.285	0.693	0.783	0.814	0.855	0.836	0.830	0.812	0.553	0.805	0.813	0.695	0.459	0.677	0.709	0.736	0.767	0.745	0.740	0.746	0.749	0.725	0.698	0.736	0.555	0.674	0.691	0.710	0.719	0.718	0.736	0.758	0.761	0.751	0.719	0.606	0.068	0.311
8:43:31	37.0	0.054	0.340	0.386	0.416	0.722	0.750	0.739	0.722	0.745	0.741	0.702	0.675	0.221	0.697	0.746	0.827	0.842	0.841	0.835	0.820	0.853	0.809	0.820	0.714	0.128	0.701	0.749	0.790	0.867	0.823	0.824	0.769	0.813	0.797	0.768	0.694	0.275	0.689	0.777	0.811	0.854	0.835	0.830	0.810	0.550	0.802	0.811	0.692	0.454	0.673	0.703	0.731	0.764	0.743	0.735	0.744	0.748	0.722	0.697	0.732	0.550	0.671	0.689	0.706	0.717	0.715	0.735	0.755	0.759	0.750	0.718	0.601	0.067	0.305
8:47:31	37.0	0.055	0.334	0.382	0.412	0.720	0.746	0.736	0.717	0.742	0.739	0.705	0.672	0.214	0.692	0.745	0.823	0.841	0.838	0.833	0.819	0.843	0.809	0.818	0.712	0.117	0.699	0.745	0.788	0.866	0.821	0.822	0.767	0.811	0.796	0.765	0.691	0.267	0.686	0.773	0.809	0.854	0.832	0.829	0.808	0.548	0.801	0.808	0.689	0.449	0.672	0.700	0.728	0.761	0.740	0.731	0.744	0.743	0.721	0.696	0.730	0.546	0.667	0.686	0.703	0.713	0.713	0.731	0.754	0.758	0.748	0.718	0.597	0.065	0.296
0:00:00																																																																											
0:00:00																																																																											
0:00:00																																																																											
0:00:00																																																																											
0:00:00																																																																											
0:00:00																																																																											
0:00:00																																																																											
0:00:00																																																																											
0:00:00																																																																											
0:00:00																																																																											
0:00:00																																																																											
0:00:00																																																																											
0:00:00																																																																											
0:00:00																																																																											
0:00:00																																																																											
0:00:00																																																																											
0:00:00																																																																											
0:00:00																																																																											
0:00:00																																																																											
0:00:00																																																																											
0:00:00																																																																											
0:00:00																																																																											
0:00:00																																																																											
0:00:00																																																																											
0:00:00																																																																											
0:00:00																																																																											
0:00:00																																																																											
0:00:00																																																																											
0:00:00																																																																											
0:00:00																																																																											
0:00:00																																																																											
0:00:00																																																																											
0:00:00																																																																											
0:00:00																																																																											
0:00:00																																																																											
0:00:00																																																																											
0:00:00																																																																											
0:00:00																																																																											
0:00:00																																																																											
0:00:00																																																																											
0:00:00																																																																											
0:00:00																																																																											
0:00:00																																																																											
0:00:00																																																																											
0:00:00																																																																											
0:00:00																																																																											
0:00:00																																																																											
0:00:00																																																																											
0:00:00																																																																											

Results
	1	2	3	4	5	6	7	8	9	10	11	12
A													Max V [mcherry:580,610]
													R-Squared [mcherry:580,610]
													t at Max V [mcherry:580,610]
													Lagtime [mcherry:580,610]
													Max V [BFP and GFP:370,445]
													R-Squared [BFP and GFP:370,445]
													t at Max V [BFP and GFP:370,445]
													Lagtime [BFP and GFP:370,445]
													Max V [BFP and GFP:485,510]
													R-Squared [BFP and GFP:485,510]
													t at Max V [BFP and GFP:485,510]
													Lagtime [BFP and GFP:485,510]
													Max V [od600:600]
													R-Squared [od600:600]
													t at Max V [od600:600]
													Lagtime [od600:600]
B	-3425.000	3325.000	2500.000	2225.000	2625.000	2200.000	1850.000	1825.000	1825.000	1750.000	1750.000	1825.000	Max V [mcherry:580,610]
	0.985	0.921	0.957	0.970	0.997	0.984	0.952	0.983	0.975	0.883	0.816	0.977	R-Squared [mcherry:580,610]
	7:29:24	4:13:24	4:33:24	3:17:24	5:33:24	6:01:24	7:45:24	8:33:24	7:21:24	7:57:24	8:17:24	8:01:24	t at Max V [mcherry:580,610]
	7:50:53	2:58:27	2:41:29	2:27:36	3:47:07	4:03:57	4:39:08	5:23:16	5:04:51	5:14:53	5:27:48	5:26:07	Lagtime [mcherry:580,610]
	-83675.000	-46550.000	-60850.000	-47425.000	-67250.000	-67325.000	-70250.000	-63500.000	-53100.000	-62500.000	-67325.000	-74450.000	Max V [BFP and GFP:370,445]
	0.999	0.937	0.994	0.941	0.954	0.972	0.917	0.928	0.968	0.920	0.947	0.948	R-Squared [BFP and GFP:370,445]
	7:30:05	0:10:05	0:10:05	0:10:05	0:10:05	0:10:05	0:10:05	0:10:05	0:10:05	0:10:05	0:10:05	0:10:05	t at Max V [BFP and GFP:370,445]
	5:18:51	?????	?????	?????	?????	?????	?????	?????	?????	?????	?????	?????	Lagtime [BFP and GFP:370,445]
	101850.000	17000.000	18900.000	16725.000	14925.000	14600.000	14850.000	15675.000	15975.000	-16075.000	18125.000	25400.000	Max V [BFP and GFP:485,510]
	0.993	0.972	0.919	0.589	0.992	0.972	0.938	0.814	0.738	0.821	0.724	0.895	R-Squared [BFP and GFP:485,510]
	8:06:48	0:46:48	8:10:48	8:06:48	6:22:48	1:30:48	8:10:48	7:34:48	5:38:48	2:30:48	8:02:48	8:06:48	t at Max V [BFP and GFP:485,510]
	7:56:58	0:43:44	7:28:29	6:57:55	6:27:04	1:39:55	7:57:47	7:23:04	6:00:33	2:14:08	7:56:07	7:47:55	Lagtime [BFP and GFP:485,510]
	-2.425	3.263	3.845	3.832	3.415	3.670	4.027	3.605	3.718	3.820	3.990	3.888	Max V [od600:600]
	0.999	0.989	0.998	0.997	0.999	0.998	0.999	0.999	0.999	0.999	0.998	0.999	R-Squared [od600:600]
	7:23:31	1:03:31	1:03:31	1:03:31	0:59:31	0:59:31	0:59:31	0:59:31	0:59:31	0:59:31	0:59:31	0:55:31	t at Max V [od600:600]
	7:03:16	0:29:15	0:31:31	0:32:20	0:21:07	0:23:40	0:25:39	0:22:55	0:23:24	0:23:19	0:24:58	0:22:13	Lagtime [od600:600]
C	-5625.000	6600.000	5625.000	4525.000	3900.000	3000.000	2750.000	2500.000	-3275.000	2375.000	2325.000	2350.000	Max V [mcherry:580,610]
	0.993	0.976	0.966	0.948	0.954	0.954	0.963	0.897	0.843	0.927	0.975	0.947	R-Squared [mcherry:580,610]
	8:29:24	5:05:24	5:45:24	6:37:24	5:45:24	6:37:24	7:49:24	6:33:24	6:49:24	7:57:24	8:37:24	7:41:24	t at Max V [mcherry:580,610]
	?????	3:07:02	3:13:11	3:21:33	3:29:46	3:44:40	4:32:40	4:31:34	8:24:44	5:08:18	5:25:14	5:09:14	Lagtime [mcherry:580,610]
	-65550.000	-79725.000	-119450.000	-58700.000	-53200.000	-64550.000	-54650.000	-59275.000	67500.000	-50925.000	-58175.000	-81000.000	Max V [BFP and GFP:370,445]
	0.997	0.927	0.849	0.903	0.963	0.969	0.947	0.992	0.900	0.993	0.990	0.945	R-Squared [BFP and GFP:370,445]
	8:42:05	0:10:05	0:10:05	0:10:05	0:10:05	0:10:05	0:10:05	0:10:05	6:46:05	0:10:05	0:10:05	0:26:05	t at Max V [BFP and GFP:370,445]
	6:32:42	?????	?????	?????	?????	0:02:36	?????	0:02:15	7:23:51	0:02:23	?????	0:18:38	Lagtime [BFP and GFP:370,445]
	15325.000	13875.000	15225.000	14500.000	-19550.000	14675.000	13250.000	14675.000	21125.000	-16300.000	15550.000	16625.000	Max V [BFP and GFP:485,510]
	0.809	0.712	0.937	0.680	0.948	0.620	0.734	0.821	0.921	0.631	0.812	0.801	R-Squared [BFP and GFP:485,510]
	1:22:48	5:38:48	8:06:48	8:06:48	0:30:48	7:34:48	1:22:48	1:18:48	3:58:48	0:34:48	8:06:48	7:34:48	t at Max V [BFP and GFP:485,510]
	1:11:24	5:23:13	7:35:46	7:43:07	0:22:36	7:32:55	1:31:52	1:25:03	4:02:24	0:20:45	7:55:38	7:19:09	Lagtime [BFP and GFP:485,510]
	2.802	3.048	3.158	3.208	3.248	3.283	3.653	3.460	-5.300	3.478	3.633	3.873	Max V [od600:600]
	0.997	0.999	0.999	0.837	0.990	0.998	0.999	0.998	0.993	1.000	1.000	0.997	R-Squared [od600:600]
	0:27:31	0:59:31	2:11:31	2:07:31	2:47:31	0:43:31	0:47:31	0:47:31	6:43:31	0:43:31	0:43:31	0:39:31	t at Max V [od600:600]
	0:15:42	0:20:21	0:51:45	0:52:45	1:04:34	0:16:30	0:18:43	0:16:05	8:38:29	0:15:29	0:14:09	0:15:07	Lagtime [od600:600]
D	-1500.000	1625.000	1925.000	1500.000	1750.000	1850.000	2275.000	1650.000	1625.000	2000.000	1850.000	1650.000	Max V [mcherry:580,610]
	0.997	0.875	0.952	0.920	0.920	0.926	0.911	0.932	0.882	0.951	0.959	0.955	R-Squared [mcherry:580,610]
	8:25:24	7:37:24	7:53:24	8:13:24	8:37:24	8:37:24	8:05:24	6:53:24	8:05:24	8:05:24	8:05:24	6:37:24	t at Max V [mcherry:580,610]
	?????	5:25:13	5:51:13	5:17:00	5:42:26	5:49:37	6:06:33	5:00:19	5:18:53	5:46:48	5:35:53	4:47:42	Lagtime [mcherry:580,610]
	-79175.000	-55875.000	-56600.000	-59325.000	-74025.000	-66000.000	-60950.000	-67050.000	-65400.000	-62775.000	-58200.000	-65325.000	Max V [BFP and GFP:370,445]
	0.998	0.960	0.986	0.994	0.961	0.960	0.976	0.952	0.946	0.914	0.887	0.923	R-Squared [BFP and GFP:370,445]
	8:34:05	0:10:05	0:10:05	0:10:05	0:10:05	0:10:05	0:10:05	0:10:05	0:10:05	0:10:05	0:10:05	0:10:05	t at Max V [BFP and GFP:370,445]
	6:21:46	?????	0:02:14	0:02:33	?????	?????	0:02:20	?????	?????	?????	?????	?????	Lagtime [BFP and GFP:370,445]
	-21800.000	15550.000	19025.000	16925.000	-13775.000	12150.000	18525.000	-16750.000	14050.000	-18975.000	-14950.000	25400.000	Max V [BFP and GFP:485,510]
	0.895	0.681	0.880	0.857	0.928	0.884	0.808	0.809	0.641	0.829	0.929	0.971	R-Squared [BFP and GFP:485,510]
	8:26:48	8:42:48	8:06:48	8:06:48	0:30:48	7:54:48	7:34:48	2:26:48	8:06:48	0:34:48	0:34:48	8:06:48	t at Max V [BFP and GFP:485,510]
	8:40:20	8:03:18	7:54:07	7:54:36	0:20:21	7:56:15	7:39:23	2:17:06	7:56:27	0:24:15	0:24:50	7:54:01	Lagtime [BFP and GFP:485,510]
	3.385	3.487	3.113	3.362	3.210	3.520	3.775	3.655	3.730	3.793	3.858	4.193	Max V [od600:600]
	0.994	0.959	0.995	1.000	0.995	1.000	0.999	1.000	0.999	1.000	1.000	0.995	R-Squared [od600:600]
	0:51:31	1:43:31	0:59:31	0:59:31	0:47:31	0:59:31	0:59:31	0:59:31	0:59:31	0:59:31	0:59:31	0:55:31	t at Max V [od600:600]
	0:25:00	0:32:10	0:17:08	0:19:11	0:14:29	0:21:04	0:23:52	0:22:32	0:22:24	0:23:08	0:22:36	0:24:49	Lagtime [od600:600]
E	-1475.000	2075.000	2150.000	2175.000	2125.000	2200.000	2150.000	2225.000	1775.000	2250.000	2075.000	2150.000	Max V [mcherry:580,610]
	0.953	0.958	0.985	0.731	0.934	0.970	0.987	0.889	0.873	0.964	0.950	0.912	R-Squared [mcherry:580,610]
	8:29:24	7:13:24	7:53:24	8:13:24	8:17:24	7:53:24	7:49:24	8:13:24	6:29:24	7:01:24	6:57:24	7:09:24	t at Max V [mcherry:580,610]
	?????	4:55:51	5:14:53	5:20:10	5:18:52	5:14:19	5:08:17	5:19:17	4:23:59	4:56:57	4:38:59	4:49:35	Lagtime [mcherry:580,610]
	-53900.000	-57650.000	-52625.000	-49025.000	-50800.000	-59150.000	-56800.000	-63975.000	-39975.000	-50175.000	-55300.000	-65625.000	Max V [BFP and GFP:370,445]
	0.997	0.969	0.923	0.956	0.995	0.957	0.965	0.976	0.967	0.955	0.919	0.936	R-Squared [BFP and GFP:370,445]
	8:42:05	0:14:05	0:14:05	0:10:05	0:10:05	0:10:05	0:10:05	0:10:05	0:10:05	0:10:05	0:10:05	0:10:05	t at Max V [BFP and GFP:370,445]
	6:21:32	0:05:30	0:05:38	?????	0:02:35	?????	?????	?????	?????	?????	?????	?????	Lagtime [BFP and GFP:370,445]
	19025.000	16900.000	-14925.000	-17400.000	-15650.000	-15675.000	16775.000	20750.000	17725.000	17100.000	15875.000	19700.000	Max V [BFP and GFP:485,510]
	0.850	0.898	0.700	0.793	0.983	0.741	0.931	0.614	0.673	0.831	0.386	0.785	R-Squared [BFP and GFP:485,510]
	1:14:48	7:58:48	7:02:48	0:38:48	3:38:48	2:30:48	5:42:48	7:34:48	8:38:48	7:34:48	7:30:48	8:06:48	t at Max V [BFP and GFP:485,510]
	1:08:54	7:33:21	7:05:14	0:33:57	3:24:55	2:15:55	5:45:38	7:29:20	7:50:45	7:33:40	7:31:24	7:43:50	Lagtime [BFP and GFP:485,510]
	3.085	4.195	3.583	3.570	3.293	3.563	3.805	3.738	3.837	3.745	3.910	4.293	Max V [od600:600]
	0.996	0.965	0.983	0.999	0.973	0.997	0.999	0.999	0.992	1.000	0.998	0.994	R-Squared [od600:600]
	0:23:31	1:27:31	1:31:31	0:47:31	1:31:31	0:51:31	0:47:31	0:47:31	0:47:31	0:47:31	0:47:31	0:43:31	t at Max V [od600:600]
	0:14:15	0:39:08	0:31:58	0:18:41	0:26:51	0:19:29	0:19:44	0:20:36	0:23:06	0:18:53	0:18:12	0:20:16	Lagtime [od600:600]
F	4200.000	3875.000	4325.000	3800.000	4200.000	3875.000	3775.000	3875.000	3825.000	3900.000	4100.000	2200.000	Max V [mcherry:580,610]
	0.978	0.991	0.971	0.996	0.991	0.993	0.993	0.985	0.991	0.907	0.991	0.967	R-Squared [mcherry:580,610]
	5:25:24	6:33:24	5:53:24	6:01:24	6:13:24	7:57:24	6:33:24	5:57:24	5:57:24	6:37:24	6:37:24	8:17:24	t at Max V [mcherry:580,610]
	3:50:15	4:06:12	4:13:17	4:01:27	4:19:50	4:31:25	4:09:27	4:04:00	4:03:03	4:08:07	4:15:24	5:10:13	Lagtime [mcherry:580,610]
	-57550.000	-60250.000	-74550.000	-78375.000	-80125.000	-88000.000	-67775.000	-79200.000	-78025.000	-67700.000	-68575.000	-67125.000	Max V [BFP and GFP:370,445]
	0.885	0.919	0.965	0.916	0.943	0.950	0.885	0.939	0.956	0.885	0.876	0.927	R-Squared [BFP and GFP:370,445]
	0:10:05	0:10:05	0:10:05	0:10:05	0:10:05	0:10:05	0:10:05	0:10:05	0:10:05	0:10:05	0:10:05	0:10:05	t at Max V [BFP and GFP:370,445]
	?????	?????	?????	?????	?????	?????	?????	?????	?????	?????	?????	?????	Lagtime [BFP and GFP:370,445]
	15550.000	20050.000	18625.000	13475.000	-14400.000	16700.000	12800.000	15175.000	14300.000	16100.000	18375.000	20325.000	Max V [BFP and GFP:485,510]
	0.932	0.418	0.715	0.708	0.921	0.812	0.610	0.985	0.770	0.792	0.764	0.799	R-Squared [BFP and GFP:485,510]
	8:02:48	0:30:48	8:06:48	1:22:48	5:06:48	8:06:48	7:34:48	7:30:48	7:54:48	7:54:48	5:38:48	0:50:48	t at Max V [BFP and GFP:485,510]
	7:06:05	0:28:18	7:47:40	1:30:08	4:56:40	8:00:10	7:28:41	7:26:52	7:53:28	7:53:22	5:51:56	0:53:49	Lagtime [BFP and GFP:485,510]
	2.615	2.750	2.925	2.860	2.955	3.140	2.938	2.980	3.313	3.220	3.217	4.835	Max V [od600:600]
	0.998	0.992	0.991	0.984	0.994	0.981	0.988	0.983	0.984	0.977	0.989	0.990	R-Squared [od600:600]
	0:47:31	0:55:31	0:55:31	0:55:31	0:55:31	0:11:31	0:55:31	2:55:31	2:55:31	2:51:31	2:43:31	3:59:31	t at Max V [od600:600]
	0:21:17	0:22:29	0:21:09	0:16:49	0:20:21	?????	0:21:35	0:47:54	0:59:06	0:52:56	0:47:47	2:07:40	Lagtime [od600:600]
G	875.000	1025.000	1225.000	1050.000	975.000	900.000	1075.000	900.000	1125.000	1400.000	1750.000	1775.000	Max V [mcherry:580,610]
	0.914	0.944	0.956	0.878	0.688	0.883	0.894	0.920	0.907	0.978	0.838	0.992	R-Squared [mcherry:580,610]
	6:57:24	6:37:24	8:01:24	7:21:24	8:21:24	5:29:24	5:45:24	6:37:24	8:41:24	7:33:24	8:41:24	6:33:24	t at Max V [mcherry:580,610]
	5:06:33	5:02:46	6:12:20	5:34:33	5:58:13	4:25:11	4:40:06	4:39:24	5:44:52	5:16:50	5:55:34	4:11:26	Lagtime [mcherry:580,610]
	-85275.000	-97575.000	-84700.000	-89650.000	-88050.000	-87800.000	-90725.000	-236950.000	-82525.000	-72150.000	-60425.000	-64775.000	Max V [BFP and GFP:370,445]
	0.970	0.901	0.929	0.927	0.985	0.965	0.958	0.752	0.922	0.954	0.977	0.983	R-Squared [BFP and GFP:370,445]
	0:10:05	0:10:05	0:10:05	0:10:05	0:10:05	0:10:05	0:10:05	3:46:05	0:10:05	0:10:05	0:10:05	0:10:05	t at Max V [BFP and GFP:370,445]
	?????	?????	?????	?????	?????	?????	?????	3:35:32	?????	?????	?????	?????	Lagtime [BFP and GFP:370,445]
	15850.000	14725.000	17650.000	15025.000	17750.000	19500.000	13325.000	21250.000	17125.000	20025.000	-15275.000	14150.000	Max V [BFP and GFP:485,510]
	0.754	0.780	0.962	0.789	0.884	0.685	0.716	0.633	0.820	0.890	0.626	0.635	R-Squared [BFP and GFP:485,510]
	7:34:48	8:42:48	8:02:48	0:50:48	5:38:48	8:42:48	0:50:48	7:38:48	1:18:48	7:34:48	0:30:48	8:14:48	t at Max V [BFP and GFP:485,510]
	6:52:30	7:58:55	7:43:04	0:59:30	5:44:48	8:22:27	1:00:41	7:27:21	1:35:22	7:26:43	0:18:24	7:13:06	Lagtime [BFP and GFP:485,510]
	3.493	3.820	3.682	3.772	3.692	3.705	3.748	3.757	3.655	3.663	3.435	4.097	Max V [od600:600]
	0.990	0.980	0.987	0.993	0.990	0.988	0.984	0.976	0.968	0.950	0.997	0.997	R-Squared [od600:600]
	1:31:31	1:31:31	1:31:31	1:31:31	1:31:31	1:31:31	1:31:31	1:31:31	1:31:31	1:27:31	0:39:31	0:43:31	t at Max V [od600:600]
	0:34:16	0:37:56	0:33:11	0:32:45	0:29:59	0:30:21	0:31:44	0:32:53	0:31:52	0:31:48	0:14:55	0:19:43	Lagtime [od600:600]
H											750.000	-500.000	Max V [mcherry:580,610]
											0.945	0.935	R-Squared [mcherry:580,610]
											8:33:24	5:09:24	t at Max V [mcherry:580,610]
											8:34:12	5:05:48	Lagtime [mcherry:580,610]
											-84275.000	-61950.000	Max V [BFP and GFP:370,445]
											0.998	0.986	R-Squared [BFP and GFP:370,445]
											7:46:05	8:42:05	t at Max V [BFP and GFP:370,445]
											5:38:19	6:32:40	Lagtime [BFP and GFP:370,445]
											104400.000	17950.000	Max V [BFP and GFP:485,510]
											0.982	0.706	R-Squared [BFP and GFP:485,510]
											8:22:48	5:30:48	t at Max V [BFP and GFP:485,510]
											8:09:57	5:18:40	Lagtime [BFP and GFP:485,510]
											-2.435	3.658	Max V [od600:600]
											0.999	0.999	R-Squared [od600:600]
											7:39:31	0:59:31	t at Max V [od600:600]
											7:43:45	0:30:24	Lagtime [od600:600]

