

Software Version	3.10.06



Experiment File Path:	C:\Users\Public\Documents\Experiments\Kevin\KC Experiment 7 6B Stock new layout.xpt
Protocol File Path:	C:\Users\Public\Documents\Protocols\KC - GFP  RFP BFP.prt



Plate Number	Plate 1
Date	2/4/2025
Time	3:39:29 PM
Reader Type:	Synergy H1
Reader Serial Number:	1811261C
Reading Type	Reader

Procedure Details

Plate Type	96 WELL PLATE
Well Selection	Runtime
Eject plate on completion	
Set Temperature	Setpoint 37°C
	Preheat before moving to next step
Start Kinetic	Runtime 24:00:00 (HH:MM:SS), Interval 0:04:00, 361 Reads
    Shake	Double Orbital: Continuous
	Frequency: 237 cpm (4 mm)
    Read	mcherry
	Fluorescence Endpoint
	Full Plate
	Filter Set 1
	    Excitation: 580,  Emission: 610
	    Optics: Bottom,  Gain: 80
	Light Source: Xenon Flash,  Lamp Energy: High
	Read Speed: Normal,  Delay: 100 msec,  Measurements/Data Point: 10
	Read Height: 7 mm
    Read	BFP and GFP
	Fluorescence Endpoint
	Full Plate
	Filter Set 1
	    Excitation: 370,  Emission: 445
	    Optics: Bottom,  Gain: 80
	Filter Set 2
	    Excitation: 485,  Emission: 510
	    Optics: Bottom,  Gain: 60
	Light Source: Xenon Flash,  Lamp Energy: High
	Read Speed: Normal,  Delay: 100 msec,  Measurements/Data Point: 10
	Read Height: 7 mm
    Read	od600
	Absorbance Endpoint
	Full Plate
	Wavelengths:  600
	Read Speed: Normal,  Delay: 100 msec,  Measurements/Data Point: 8
End Kinetic	
Set Temperature	Incubator off

Layout
	1	2	3	4	5	6	7	8	9	10	11	12
A													Well ID
B	SPL1	SPL7	SPL13	SPL19	SPL25	SPL31	SPL37	SPL43	SPL49	SPL55	SPL61	SPL67	Well ID
C	SPL2	SPL8	SPL14	SPL20	SPL26	SPL32	SPL38	SPL44	SPL50	SPL56	SPL62	SPL68	Well ID
D	SPL3	SPL9	SPL15	SPL21	SPL27	SPL33	SPL39	SPL45	SPL51	SPL57	SPL63	SPL69	Well ID
E	SPL4	SPL10	SPL16	SPL22	SPL28	SPL34	SPL40	SPL46	SPL52	SPL58	SPL64	SPL70	Well ID
F	SPL5	SPL11	SPL17	SPL23	SPL29	SPL35	SPL41	SPL47	SPL53	SPL59	SPL65	SPL71	Well ID
G	SPL6	SPL12	SPL18	SPL24	SPL30	SPL36	SPL42	SPL48	SPL54	SPL60	SPL66	SPL72	Well ID
H											SPL73	SPL74	Well ID

mcherry:580,610

Time	T° mcherry:580,610	B1	B2	B3	B4	B5	B6	B7	B8	B9	B10	B11	B12	C1	C2	C3	C4	C5	C6	C7	C8	C9	C10	C11	C12	D1	D2	D3	D4	D5	D6	D7	D8	D9	D10	D11	D12	E1	E2	E3	E4	E5	E6	E7	E8	E9	E10	E11	E12	F1	F2	F3	F4	F5	F6	F7	F8	F9	F10	F11	F12	G1	G2	G3	G4	G5	G6	G7	G8	G9	G10	G11	G12	H11	H12
0:00:57	37.0	5	13	1	19	13	15	15	3	14	4	5	19	4	10	20	3	12	18	21	14	11	10	1	14	11	19	13	12	16	15	10	8	7	17	14	18	7	12	12	17	15	3	12	9	11	11	15	7	8	7	14	4	3	18	17	7	11	8	11	11	8	19	23	7	13	19	10	12	15	11	13	9	15	13
0:04:57	36.9	3	15	5	13	15	22	7	7	9	9	8	19	15	11	6	16	5	8	15	16	18	14	11	13	12	8	3	18	8	11	13	19	10	10	11	8	18	17	8	8	13	12	18	8	12	9	10	1	9	15	16	8	14	25	25	9	16	16	9	15	13	16	0	10	25	12	9	16	16	16	17	17	24	8
0:08:57	37.0	9	20	12	20	12	13	10	8	12	14	7	4	17	8	10	13	14	13	12	12	11	7	5	13	12	15	24	16	19	16	17	16	4	11	17	9	14	17	18	6	14	9	12	11	16	10	4	16	16	12	8	9	7	21	13	9	14	14	10	4	9	15	11	4	12	9	19	19	10	7	18	12	12	10
0:12:57	37.0	19	13	13	26	10	1	11	9	14	21	15	3	15	17	15	6	9	11	7	15	8	17	17	12	14	16	14	8	12	13	15	11	14	9	15	6	6	13	13	0	20	7	12	17	10	12	11	7	2	8	11	9	16	21	16	9	9	11	17	16	12	8	13	11	13	15	12	10	0	6	14	12	16	10
0:16:57	37.0	11	11	16	23	9	15	17	9	18	16	14	4	5	7	10	20	3	2	19	11	19	12	6	19	15	10	9	14	15	19	13	18	12	21	1	4	16	15	21	10	10	11	9	7	16	13	12	18	15	11	9	16	6	12	10	9	13	15	13	3	17	9	16	14	21	16	13	22	6	1	7	5	8	10
0:20:57	37.0	12	8	13	13	4	9	14	10	17	20	11	10	14	10	5	16	18	13	9	8	12	12	16	18	12	4	16	4	7	10	15	7	20	14	1	18	16	17	18	8	11	13	7	9	9	9	14	11	16	2	5	13	16	4	9	11	15	8	12	6	21	9	21	5	10	22	6	4	12	18	22	11	10	10
0:24:57	37.0	14	12	13	18	13	12	12	14	16	16	9	7	14	18	3	0	18	11	19	18	9	12	13	16	14	10	19	16	18	7	7	11	2	17	18	6	6	11	25	7	12	14	12	14	2	9	10	9	14	11	11	16	15	13	10	13	9	0	17	9	9	11	15	10	7	16	7	17	12	10	15	9	1	17
0:28:57	37.0	9	17	7	7	17	11	11	17	8	9	15	14	5	1	13	12	13	0	13	2	12	19	9	10	19	25	9	15	19	10	7	9	14	15	14	12	21	7	14	23	11	10	7	18	3	10	10	16	14	15	0	11	15	16	10	10	4	5	4	7	12	16	17	13	17	20	5	18	15	16	16	16	7	0
0:32:57	37.0	6	3	6	17	7	1	16	11	10	5	15	10	4	16	9	13	16	13	9	10	14	13	19	15	15	16	16	5	22	9	7	10	18	12	10	14	5	22	10	6	5	13	16	0	8	23	8	27	2	6	17	2	9	8	22	15	14	17	3	7	4	5	16	6	10	5	15	11	14	11	18	11	12	17
0:36:57	37.0	4	14	5	6	15	14	9	17	11	1	16	14	14	18	18	13	6	9	16	8	16	21	14	7	13	8	13	18	9	9	6	16	5	20	18	11	0	12	14	16	18	7	6	9	13	10	17	11	6	11	9	14	7	16	10	11	5	9	4	15	16	17	16	15	13	8	14	14	7	9	13	13	11	2
0:40:57	37.0	10	9	1	17	0	15	15	9	18	19	14	13	10	10	4	4	11	18	1	10	9	13	10	13	8	7	11	13	9	14	12	11	14	8	14	14	10	11	17	14	6	17	9	15	6	8	14	18	9	5	9	16	7	20	6	14	10	7	7	12	0	16	12	6	14	10	17	18	6	13	11	15	5	12
0:44:57	37.0	11	15	15	10	2	8	20	10	2	0	6	23	4	14	13	14	14	19	6	6	9	16	15	9	11	2	7	6	12	8	6	11	22	14	7	12	3	14	4	5	13	9	9	10	12	11	19	13	8	14	13	14	8	0	12	11	5	12	5	16	13	1	11	13	27	4	16	10	11	10	16	11	7	16
0:48:57	37.0	16	12	17	14	17	18	3	15	4	0	3	14	0	12	6	12	16	4	11	8	12	19	11	12	11	17	10	15	9	17	15	7	7	14	8	16	9	17	16	17	12	13	19	4	16	16	8	21	2	10	17	10	7	14	4	15	9	13	11	10	11	15	15	12	14	9	12	1	17	10	13	14	0	16
0:52:57	37.0	2	19	1	7	8	5	12	6	16	20	17	16	10	18	24	13	15	8	14	12	10	14	12	0	10	15	4	8	6	9	10	20	4	5	18	19	13	8	5	10	1	7	13	8	11	7	11	2	10	16	11	7	14	6	20	10	8	12	14	12	5	17	18	13	16	17	15	24	19	13	14	17	18	17
0:56:57	37.0	9	9	17	12	17	17	10	12	8	5	18	14	9	20	16	6	2	7	11	11	10	15	14	13	4	21	10	13	9	10	17	11	0	11	9	2	8	7	10	0	7	19	1	7	15	9	3	13	19	7	10	19	15	20	11	18	14	7	8	10	15	2	8	16	27	14	11	14	18	4	10	11	19	7
1:00:57	37.0	19	18	15	8	1	6	12	6	19	7	12	20	11	11	11	12	19	2	11	13	10	7	24	11	19	19	17	17	8	14	0	12	14	8	16	14	13	10	9	12	9	12	5	2	18	11	12	9	11	5	13	0	12	9	9	12	5	8	9	4	12	14	6	0	20	8	19	30	10	11	11	9	0	9
1:04:57	37.0	4	9	2	4	14	11	3	3	18	26	9	7	9	20	14	8	20	12	10	24	11	18	7	7	11	7	14	15	17	12	12	13	4	14	25	12	0	11	8	8	8	14	11	18	16	9	23	20	28	6	8	5	13	11	23	2	5	16	16	10	13	11	6	5	21	4	2	11	13	17	12	8	14	16
1:08:57	37.0	15	12	12	4	17	10	11	2	13	12	8	25	13	11	13	5	8	16	16	12	10	13	7	18	9	7	13	6	17	15	18	16	9	4	10	9	8	1	11	13	14	15	22	4	27	19	19	20	10	15	20	20	8	21	9	10	8	12	11	11	13	9	14	14	15	13	12	8	16	10	8	12	8	9
1:12:57	37.0	6	18	18	17	5	18	4	5	17	17	15	7	17	15	17	11	8	7	7	14	11	17	17	22	17	13	15	10	9	6	18	14	19	9	20	13	3	5	11	16	26	19	11	7	15	20	13	17	14	15	6	13	10	18	7	2	9	19	11	7	9	16	21	11	9	14	4	15	12	5	11	22	14	16
1:16:57	37.0	20	13	11	7	10	5	18	13	8	20	10	6	22	0	10	22	6	6	16	0	12	12	6	15	7	20	20	14	15	17	10	11	17	13	11	1	16	15	4	14	20	14	23	5	5	12	10	13	8	22	20	10	18	16	5	8	5	10	0	1	1	20	16	15	24	22	18	19	13	10	16	9	14	29
1:20:57	37.0	18	20	11	17	4	11	3	15	14	14	8	10	13	8	12	15	20	9	13	20	10	13	11	24	12	10	15	13	7	11	18	13	8	8	5	16	0	19	11	10	20	2	4	6	20	13	8	16	9	15	5	8	11	8	14	8	2	13	15	17	17	5	17	17	8	5	9	14	23	11	14	13	7	4
1:24:57	37.0	9	16	27	9	18	15	10	9	3	9	12	13	15	5	5	17	17	9	12	8	7	17	8	13	11	23	22	4	8	10	30	5	0	6	12	12	19	6	10	15	0	8	11	12	26	11	11	17	5	15	8	13	23	19	12	1	12	7	21	7	18	23	19	8	12	11	14	9	17	9	8	8	11	4
1:28:57	37.0	22	13	14	0	17	19	8	16	9	11	20	15	21	18	12	15	10	16	2	14	14	9	17	13	22	14	7	15	14	12	20	16	8	7	13	23	14	10	10	0	16	14	11	6	22	0	25	14	8	15	9	6	13	15	11	18	11	15	14	10	13	9	13	13	13	10	14	0	18	22	21	21	12	23
1:32:57	37.0	16	19	3	14	7	10	9	15	22	15	17	17	12	5	26	8	4	20	6	17	13	16	6	11	14	3	19	16	7	20	8	16	18	6	18	6	23	10	12	9	11	11	10	12	18	5	16	13	3	12	12	11	15	8	15	9	21	11	5	7	20	13	3	19	16	9	15	24	11	21	11	19	7	8
1:36:57	37.0	17	11	0	10	8	0	13	13	10	21	0	8	3	7	18	11	17	23	19	14	8	7	9	11	7	4	14	3	19	17	12	17	16	0	5	8	11	5	4	10	9	13	8	11	12	18	17	10	7	25	7	9	11	14	14	12	4	7	17	13	8	20	8	0	4	18	5	18	13	16	12	11	8	2
1:40:57	37.0	19	15	11	10	15	11	9	15	8	15	8	4	9	14	24	22	9	4	16	15	2	4	12	5	16	14	9	22	9	15	7	12	11	5	16	17	11	14	16	11	7	7	3	0	3	5	10	7	4	6	13	17	15	7	20	14	10	8	17	20	10	14	13	14	10	14	10	25	22	17	14	10	20	8
1:44:57	37.0	8	18	6	8	16	14	20	15	7	12	21	22	6	21	3	10	15	6	4	2	7	3	16	0	21	8	16	15	16	13	5	7	18	15	12	18	16	2	10	13	18	17	15	0	25	14	10	10	5	9	12	13	20	11	8	14	15	12	17	28	18	17	24	10	10	18	19	26	16	8	9	14	21	15
1:48:57	37.0	15	19	7	18	11	11	8	19	10	17	13	4	8	26	8	13	9	18	19	11	8	14	17	10	16	10	8	17	11	11	17	13	6	12	14	15	21	6	9	0	7	9	9	21	15	16	11	9	11	2	0	13	12	16	19	17	13	5	9	16	16	12	11	17	4	20	13	15	14	15	15	13	18	6
1:52:57	37.0	22	16	9	10	18	12	2	9	6	24	11	14	12	20	15	17	8	3	14	18	20	5	25	11	13	17	25	23	10	26	7	9	18	1	5	12	27	7	21	5	13	3	16	0	6	23	6	3	9	7	11	15	14	13	15	2	12	8	13	16	10	26	9	16	17	17	9	0	9	16	25	12	11	19
1:56:57	37.0	16	24	21	15	10	14	12	12	9	24	13	15	6	18	32	10	2	8	16	10	15	13	11	12	11	15	18	23	16	17	18	9	13	3	7	21	10	13	0	10	19	9	14	0	18	7	17	12	8	18	23	7	17	1	12	20	12	12	11	12	19	18	18	10	17	9	22	0	9	11	14	14	18	26
2:00:57	37.0	0	12	19	14	15	17	13	16	5	5	17	15	11	13	6	8	18	14	14	6	17	19	19	10	19	0	26	14	7	20	20	10	20	11	20	4	13	14	14	12	14	28	6	5	11	6	11	9	8	11	9	9	15	14	14	2	1	11	7	23	20	18	16	13	17	13	10	15	15	18	14	7	7	20
2:04:57	37.0	8	21	6	14	6	13	11	9	17	25	8	9	7	22	6	15	16	10	18	11	15	12	12	19	7	11	8	16	9	7	15	5	17	8	10	3	6	9	23	14	8	8	9	2	10	12	19	15	20	14	28	2	7	20	4	23	5	13	13	5	10	17	9	4	14	10	9	0	9	16	17	14	10	20
2:08:57	37.0	15	23	11	6	9	3	20	6	4	15	17	14	14	17	19	20	13	7	11	20	12	13	4	8	4	11	14	22	19	3	14	17	12	27	12	9	5	16	12	9	23	12	15	9	13	39	10	9	18	6	22	6	9	12	8	10	9	20	12	17	5	17	9	12	21	4	6	8	21	13	19	15	14	18
2:12:57	37.0	8	18	14	26	22	10	13	3	13	12	18	12	22	21	3	13	10	6	5	7	6	12	12	7	9	6	10	10	13	7	7	9	1	11	12	16	7	0	19	6	4	13	13	14	4	9	13	10	13	14	16	7	7	7	12	21	10	11	4	14	13	24	20	14	14	15	9	11	11	8	8	9	8	25
2:16:57	37.0	34	22	14	8	3	8	10	19	17	20	12	24	8	17	11	18	16	13	20	5	10	15	16	7	18	15	21	18	22	10	18	17	3	22	5	14	7	22	9	16	8	10	16	15	14	17	5	14	9	17	17	8	20	13	14	10	6	15	7	17	22	5	8	13	17	9	21	4	24	8	17	7	9	12
2:20:57	37.0	9	20	13	28	7	15	4	10	8	5	6	9	11	13	10	13	5	9	15	17	25	2	12	3	10	31	8	12	13	17	13	23	13	5	5	18	5	25	12	15	10	22	7	8	16	25	10	19	15	15	11	15	6	11	13	24	3	16	8	5	6	21	12	22	15	17	0	2	10	10	14	26	6	13
2:24:57	37.0	14	12	17	17	6	0	8	15	14	15	14	9	10	16	13	7	12	9	19	8	11	10	17	17	9	16	16	13	20	20	13	12	24	17	24	11	18	11	7	7	10	13	5	19	24	12	13	6	9	6	15	26	6	8	11	7	11	11	9	6	30	2	26	11	0	14	22	2	8	14	21	10	14	10
2:28:57	37.0	14	12	11	15	9	9	11	17	18	5	13	9	1	20	2	7	12	19	5	14	5	6	13	15	18	14	14	13	8	9	9	4	15	8	21	11	10	12	8	22	6	10	10	15	0	21	0	15	8	14	4	14	13	9	17	15	18	20	20	4	23	8	12	13	18	12	16	5	13	17	10	10	6	7
2:32:57	37.0	12	10	13	10	13	14	2	16	14	16	10	9	4	19	19	21	9	19	14	4	5	12	9	19	16	22	15	14	11	15	16	7	22	15	6	5	0	8	0	7	4	10	16	16	10	0	8	9	12	14	9	14	11	17	16	6	8	12	12	20	8	12	4	12	12	4	4	18	18	19	20	14	7	28
2:36:57	37.0	23	20	11	20	8	11	11	22	13	15	22	15	11	20	4	7	2	10	10	19	15	13	7	3	6	13	1	9	6	15	11	14	2	23	12	12	17	13	8	18	8	10	4	2	12	11	18	11	11	8	9	13	16	7	17	14	3	14	8	19	10	5	12	12	23	26	13	19	17	20	13	11	4	7
2:40:57	37.0	22	15	19	17	7	10	15	18	14	19	22	7	5	6	15	22	16	8	10	21	8	23	16	15	20	16	11	6	7	8	10	2	12	17	26	11	13	12	10	23	10	10	11	17	7	12	13	15	7	16	9	8	12	10	9	11	9	19	9	10	14	17	2	10	14	21	18	22	20	10	11	17	8	14
2:44:57	37.0	27	23	3	0	10	21	16	12	13	18	12	13	22	17	2	10	13	19	8	14	14	9	7	8	18	19	13	15	8	20	22	13	14	23	12	6	12	14	5	12	4	6	1	19	14	18	7	4	12	14	15	11	19	13	7	12	6	5	14	12	14	8	24	7	17	6	16	12	19	20	14	9	4	15
2:48:57	37.0	13	23	7	19	13	28	21	18	18	13	19	15	11	10	15	12	22	12	12	4	21	15	11	4	17	13	22	16	19	7	10	11	14	7	12	7	15	15	17	12	6	16	17	6	13	7	18	21	22	13	4	4	11	19	20	18	10	0	17	24	4	11	6	2	11	14	26	4	11	13	5	16	12	5
2:52:57	37.0	1	15	19	10	15	3	11	17	9	9	26	10	15	15	15	12	7	21	19	9	13	9	11	8	9	26	12	28	13	23	9	13	10	19	15	7	11	11	15	16	16	11	10	0	10	15	12	17	7	21	14	12	23	12	3	16	12	15	14	10	3	16	7	8	21	20	10	13	19	20	15	14	16	15
2:56:57	37.0	15	26	20	16	23	24	16	17	1	12	21	20	18	8	9	4	15	10	8	16	12	10	19	18	26	12	21	17	8	23	13	12	9	14	21	7	10	12	15	7	24	8	15	4	3	15	8	8	6	7	6	15	14	11	9	11	15	11	5	13	14	5	15	12	14	3	18	22	19	6	15	12	7	15
3:00:57	37.0	25	22	24	7	1	8	10	22	11	15	10	28	14	18	20	9	13	14	24	9	6	16	12	4	9	9	27	10	24	11	17	30	23	3	18	6	14	9	6	13	12	15	16	18	10	18	5	18	12	3	10	8	17	4	16	11	18	6	1	9	14	21	12	9	13	13	13	9	22	10	12	9	10	21
3:04:57	37.0	19	24	17	13	5	26	5	11	9	7	20	6	16	13	11	18	13	7	17	17	11	10	18	23	13	13	21	21	20	13	22	23	6	15	18	23	0	7	6	11	15	14	10	3	12	5	9	18	10	19	8	12	12	14	20	24	11	10	3	13	17	14	1	15	10	11	8	14	24	17	14	10	11	13
3:08:57	37.0	8	28	16	19	15	7	12	17	9	8	17	11	20	10	5	13	6	7	19	24	17	23	17	12	27	20	20	6	24	8	21	17	16	18	17	16	15	16	17	1	6	15	20	11	11	15	20	13	14	9	14	11	3	13	19	16	10	22	8	15	2	9	16	10	9	12	7	7	25	15	10	7	8	11
3:12:57	37.0	18	17	19	11	11	14	11	21	11	16	5	0	20	18	15	5	17	15	14	11	12	1	14	16	15	21	15	19	0	5	9	13	18	23	15	16	17	13	10	8	24	15	10	0	3	17	19	22	10	20	17	17	15	21	17	9	11	13	10	21	20	5	15	8	11	15	14	14	18	16	13	25	12	12
3:16:57	37.0	12	19	6	12	5	7	11	12	18	20	6	14	19	13	15	22	29	18	19	17	24	13	20	17	20	8	6	15	22	17	13	19	11	24	6	25	15	8	19	21	8	12	22	2	12	19	18	7	16	27	2	11	16	17	11	11	14	9	0	18	9	15	21	17	16	15	25	14	14	19	11	7	16	20
3:20:57	37.0	17	21	7	11	7	6	3	18	7	16	21	18	20	12	15	13	20	25	7	4	13	11	11	14	12	9	7	17	11	7	19	16	10	14	6	11	16	0	6	12	22	20	22	19	14	17	25	12	7	18	18	12	0	13	5	12	9	18	21	14	34	20	4	1	18	8	6	10	13	8	15	0	4	11
3:24:57	37.0	16	33	21	14	21	13	16	11	18	14	8	13	8	31	20	16	9	11	13	17	13	11	15	14	22	19	18	14	17	20	13	12	29	10	19	18	19	18	12	14	9	3	13	1	3	7	14	14	10	15	2	7	9	17	24	16	9	19	13	0	25	25	16	19	2	8	10	2	10	16	7	7	18	15
3:28:57	37.0	19	10	16	4	11	10	11	16	21	14	12	18	13	14	14	18	11	6	9	12	19	8	12	9	22	24	22	16	11	7	25	15	22	2	11	9	24	17	10	11	20	22	15	13	0	14	15	19	18	11	22	5	15	11	21	8	3	16	2	11	7	6	15	8	12	17	0	0	26	9	16	22	17	14
3:32:57	37.0	12	15	12	9	11	17	11	12	14	11	13	16	17	19	5	15	15	8	8	7	16	18	12	3	27	19	4	19	16	13	14	11	25	24	20	7	3	15	3	20	16	20	11	10	22	22	14	6	15	16	12	4	0	7	8	14	13	17	11	17	23	17	21	10	22	8	7	3	10	6	12	2	15	18
3:36:57	37.0	15	23	25	19	18	14	20	18	10	13	19	18	28	15	21	6	14	11	9	0	14	7	9	16	24	13	13	21	24	16	17	12	18	16	23	20	17	11	20	31	7	14	22	9	25	26	15	16	15	11	14	11	13	23	18	16	17	12	14	17	13	24	12	2	15	8	13	14	4	20	18	25	11	14
3:40:57	37.0	23	11	18	16	11	7	18	23	14	8	18	4	30	6	25	21	16	16	12	11	14	21	9	14	26	26	24	25	18	24	19	10	19	20	16	22	0	14	34	18	7	19	16	21	6	21	19	4	12	26	2	17	13	14	15	15	7	14	3	9	0	12	14	18	26	19	25	14	13	17	12	5	10	12
3:44:57	37.0	27	20	19	25	9	18	21	16	13	5	15	13	23	12	11	9	19	10	15	14	25	17	15	12	15	30	14	27	18	12	16	18	25	15	24	9	14	8	16	9	16	24	9	12	13	25	13	20	12	3	16	6	12	17	9	14	11	1	17	8	18	11	11	18	6	5	20	2	29	11	17	7	17	10
3:48:57	37.0	19	26	14	4	15	8	11	14	13	7	5	9	19	8	16	15	18	6	12	32	18	19	5	8	25	17	10	10	24	10	23	24	9	11	18	18	13	16	22	17	9	10	15	26	26	16	19	10	14	5	0	19	8	9	10	32	7	14	5	14	22	12	22	4	22	16	4	10	20	29	9	10	20	14
3:52:57	37.0	34	27	13	22	12	18	14	5	11	18	18	11	19	19	22	17	24	14	26	15	15	18	15	8	24	21	2	15	25	19	14	27	19	19	19	10	8	33	11	13	3	17	9	16	12	14	15	21	14	6	10	7	19	11	18	17	14	15	5	19	20	11	19	15	30	8	21	11	21	11	14	16	14	6
3:56:57	37.0	34	17	32	6	14	14	20	10	12	7	18	15	12	20	13	24	4	13	15	15	10	13	6	21	20	27	18	20	16	17	16	23	10	24	26	13	24	11	11	20	13	5	10	18	20	21	27	22	15	13	14	6	15	18	17	15	11	20	17	21	12	29	26	15	6	21	11	15	0	20	9	18	16	9
4:00:57	37.0	34	18	21	13	9	17	20	13	12	17	9	19	26	15	20	13	14	12	11	13	11	8	23	6	27	16	27	20	23	26	20	24	15	28	23	13	12	16	17	15	26	8	17	22	24	28	24	11	22	11	8	4	19	7	19	10	12	11	17	17	17	17	18	14	14	12	10	20	23	17	26	13	14	11
4:04:57	37.0	11	19	25	11	16	23	10	15	9	13	16	16	12	31	15	11	10	13	16	8	8	14	16	14	28	23	2	24	17	33	25	21	22	20	27	9	9	13	16	18	19	19	26	10	29	21	19	19	15	12	21	15	11	7	23	23	9	13	7	12	19	11	3	15	12	14	12	15	8	16	23	11	19	26
4:08:57	37.0	34	17	18	15	3	0	10	13	14	13	13	20	17	23	23	17	8	16	17	34	13	16	15	12	34	23	25	16	20	18	12	21	16	24	23	17	12	27	25	23	20	24	11	12	22	11	15	11	4	13	13	17	12	19	3	16	15	7	20	24	15	24	15	19	13	23	13	18	0	15	13	9	12	0
4:12:57	37.0	13	17	23	13	19	7	20	13	17	13	27	9	10	13	13	16	13	17	15	16	13	17	6	20	28	12	26	21	30	12	17	14	11	20	30	21	35	25	24	14	14	11	18	12	12	15	28	12	20	18	7	24	28	12	12	10	15	11	0	14	15	20	25	14	23	2	21	7	21	18	19	18	14	11
4:16:57	37.0	19	25	17	15	13	14	13	19	8	16	4	18	23	12	25	22	12	10	18	13	14	8	21	18	30	25	27	34	22	25	25	23	24	27	25	11	32	27	20	20	12	13	22	11	19	27	27	11	14	9	10	24	18	14	11	12	11	10	6	8	19	29	18	12	18	12	18	5	24	26	25	0	7	25
4:20:57	37.0	32	23	17	16	14	18	13	14	12	12	12	22	18	14	17	27	11	6	9	16	19	23	20	20	32	21	21	25	23	10	18	18	21	26	27	0	20	25	22	17	23	17	14	24	15	12	19	17	7	19	0	7	14	16	7	18	17	8	12	10	26	18	18	22	15	12	16	12	26	13	17	6	14	14
4:24:57	37.0	33	25	6	17	8	7	13	7	20	10	8	19	19	19	15	20	21	13	17	11	23	11	23	12	31	37	25	17	17	12	28	26	18	22	14	20	19	31	28	22	26	22	24	7	15	16	34	20	21	13	21	9	12	10	17	19	10	13	13	9	27	16	23	13	13	12	17	20	20	10	13	6	15	12
4:28:57	37.0	22	20	16	20	18	19	9	25	17	4	21	9	16	15	16	12	13	9	10	19	13	19	9	15	37	37	25	7	25	37	24	21	26	29	20	24	32	22	30	22	17	19	21	9	38	18	31	19	21	10	12	21	11	13	7	13	12	18	17	16	21	18	7	12	23	15	28	8	23	23	15	17	10	5
4:32:57	37.0	37	25	30	20	13	12	6	11	10	17	14	8	26	17	19	14	21	12	23	12	33	20	15	16	27	34	14	39	27	26	32	18	20	15	24	18	25	34	21	19	23	23	18	13	15	14	19	13	10	18	11	12	11	13	10	23	10	5	12	17	28	22	8	11	8	13	11	15	20	16	15	13	15	7
4:36:57	37.0	30	29	23	28	16	2	15	14	15	14	13	21	23	18	12	16	17	15	2	11	12	27	17	18	26	33	30	27	24	31	20	25	32	19	28	11	32	20	30	25	21	30	34	22	26	35	35	14	17	12	11	7	12	12	16	17	13	12	12	7	20	20	12	20	14	23	15	15	22	24	22	16	9	15
4:40:57	37.0	22	23	28	17	9	5	29	7	11	18	25	15	16	24	21	16	22	17	13	11	7	19	9	9	33	39	25	26	22	17	18	19	20	34	27	17	31	19	15	17	23	21	32	4	17	34	27	11	13	13	7	14	21	19	19	6	11	8	18	15	19	29	16	17	22	0	28	14	26	18	25	9	12	12
4:44:57	37.0	24	25	17	14	18	13	17	17	11	21	12	17	20	27	29	19	15	14	6	16	9	17	9	14	27	33	50	24	15	26	27	30	30	27	30	22	18	25	26	23	32	31	22	43	23	21	34	11	6	14	20	16	14	15	12	7	10	9	24	12	22	21	25	19	28	14	13	7	21	26	25	10	8	18
4:48:57	37.0	35	39	36	19	13	14	15	14	12	18	19	15	24	17	32	23	15	6	22	15	12	9	19	28	38	33	13	21	26	25	27	24	23	26	20	15	24	34	24	17	37	22	27	23	19	32	26	15	15	18	17	14	4	18	11	8	17	11	13	13	23	19	27	17	27	9	34	13	18	13	16	6	16	13
4:52:57	37.0	35	37	24	19	20	15	22	18	17	18	2	16	21	28	25	12	19	9	15	8	22	11	21	9	43	34	48	29	33	32	20	30	34	22	29	19	32	40	20	28	39	40	31	29	17	25	40	15	7	8	18	8	8	11	6	12	11	11	19	16	29	7	12	12	30	23	14	19	12	22	22	9	7	17
4:56:57	37.0	40	31	26	18	16	16	16	13	13	5	21	22	28	19	26	13	18	16	14	14	17	13	14	14	28	37	35	38	28	27	26	33	31	36	23	18	41	28	20	37	28	47	26	35	24	49	34	3	19	16	14	11	14	12	10	16	14	11	12	18	9	17	23	6	16	10	12	36	17	29	8	8	10	17
5:00:57	37.0	52	43	36	20	28	24	22	30	13	16	13	18	24	32	33	20	15	26	17	26	22	21	10	4	35	36	32	40	23	30	33	31	27	23	25	15	28	32	31	24	32	21	38	18	17	33	32	13	19	16	28	11	22	13	8	15	14	17	21	10	27	15	28	22	14	14	8	29	25	13	27	5	14	23
5:04:57	37.0	18	47	35	26	12	18	10	10	14	16	9	15	27	29	38	21	17	13	13	25	21	18	15	11	40	26	24	36	25	33	29	24	37	37	28	14	32	30	29	29	28	44	19	30	22	36	25	14	10	13	1	13	12	16	10	11	12	8	18	19	28	19	21	8	23	13	18	25	24	20	26	13	9	1
5:08:57	37.0	41	52	29	20	11	19	17	23	6	17	17	13	36	26	28	34	28	10	14	9	22	18	17	20	43	35	43	26	39	34	35	25	33	39	33	11	45	26	49	20	35	37	23	57	24	26	32	12	7	27	20	9	13	12	16	8	1	6	13	16	17	21	18	18	20	22	23	16	15	26	22	12	12	16
5:12:57	37.0	50	36	43	21	13	21	22	11	14	2	14	16	29	31	44	25	19	18	9	17	13	15	27	18	35	44	41	36	34	38	16	38	27	39	35	10	48	35	41	34	43	51	27	28	18	30	36	12	16	18	16	9	29	9	14	11	16	12	5	18	17	8	24	29	20	19	18	12	19	30	19	5	12	15
5:16:57	37.0	44	40	47	7	8	14	10	8	13	13	17	23	43	28	38	17	24	7	10	10	6	24	15	10	31	40	38	33	36	29	33	25	29	27	39	18	36	29	35	21	41	50	26	28	17	23	45	18	25	19	16	13	18	19	12	5	17	10	17	14	25	28	25	22	26	24	23	13	19	23	22	19	10	8
5:20:57	37.0	37	37	30	23	24	11	15	12	23	6	19	24	20	41	43	29	22	3	20	19	10	0	16	6	41	54	40	28	31	36	38	34	29	37	21	27	41	50	35	33	38	48	28	52	27	30	36	21	21	22	29	19	20	7	14	17	9	21	2	21	34	13	26	19	23	7	21	23	25	9	26	15	18	20
5:24:57	37.0	28	41	40	32	17	15	17	16	12	13	10	10	45	33	40	16	23	27	14	12	14	12	10	7	40	41	15	35	31	31	38	26	32	39	41	23	39	39	39	42	50	54	36	36	37	41	43	14	19	21	17	11	10	26	8	11	10	13	5	13	14	34	33	19	25	29	22	17	32	26	25	9	6	5
5:28:57	37.0	50	59	52	25	12	10	11	7	19	16	27	17	28	31	38	32	27	10	15	0	7	10	10	6	50	41	54	37	35	33	35	39	34	24	46	23	32	39	46	37	48	54	29	39	35	31	43	9	6	23	20	14	17	19	18	0	7	25	18	9	19	26	22	24	16	18	25	0	24	28	25	16	9	8
5:32:57	37.0	31	58	44	28	18	14	11	24	17	9	18	16	36	37	51	17	29	23	17	11	6	8	19	19	34	45	34	47	38	35	43	30	39	40	37	11	34	37	40	45	47	43	33	54	36	42	45	16	14	28	9	23	24	16	8	13	17	14	0	14	18	17	17	32	21	18	25	20	25	28	24	13	17	18
5:36:57	37.0	41	55	56	22	29	18	20	15	33	22	8	22	44	37	35	27	31	16	12	12	0	13	9	8	37	39	40	41	40	39	38	35	39	47	32	19	48	37	49	31	58	50	39	59	37	37	40	10	26	27	28	34	17	20	17	5	4	14	19	19	23	30	30	16	14	31	19	32	25	21	24	18	23	14
5:40:57	37.0	57	71	51	25	16	17	27	13	12	15	12	23	43	40	45	29	32	11	18	18	3	30	22	7	38	39	42	38	37	35	38	33	53	47	33	19	47	32	35	39	64	59	39	58	35	37	38	7	28	26	23	19	20	4	14	9	15	14	17	27	26	28	26	28	26	23	29	10	25	18	32	2	18	6
5:44:57	37.0	44	73	47	31	32	18	24	14	9	13	19	19	26	39	53	27	35	24	19	21	30	21	17	17	49	48	44	36	28	33	44	35	37	38	44	13	38	31	45	38	56	70	29	63	37	28	33	16	27	22	31	15	18	14	7	10	16	12	23	16	20	33	24	23	17	23	18	21	5	27	35	20	0	15
5:48:57	37.0	50	61	58	27	23	10	19	6	14	13	7	18	36	36	43	30	25	6	15	5	23	14	17	15	43	57	57	50	40	44	43	44	43	50	57	15	51	44	47	37	71	66	49	44	55	43	47	19	34	32	31	27	14	13	15	19	13	22	15	10	23	28	39	41	21	22	19	9	28	36	28	8	10	11
5:52:57	37.0	45	66	62	33	33	16	22	18	30	16	11	14	29	36	52	31	33	21	16	13	11	11	22	10	38	47	47	41	48	41	35	52	38	46	49	14	51	50	49	53	63	66	44	57	45	46	38	21	20	31	19	8	14	14	19	15	20	18	17	28	28	24	34	25	34	22	19	21	29	23	21	13	6	6
5:56:57	37.0	41	69	67	32	33	24	19	12	14	11	24	16	38	51	56	33	37	19	17	26	18	17	22	21	45	44	61	55	39	41	35	36	49	47	37	12	57	50	47	42	76	74	35	64	48	47	33	16	16	35	23	17	10	18	17	2	23	10	10	21	28	22	21	22	27	30	32	32	17	27	26	5	19	12
6:00:57	37.0	49	69	69	41	27	20	16	18	11	9	22	7	61	41	57	43	35	21	29	8	24	23	12	15	43	66	43	45	52	43	42	45	50	43	48	14	42	53	65	43	67	75	41	59	43	44	47	10	33	21	17	23	14	16	8	11	19	12	14	13	32	20	33	32	27	22	27	19	36	29	34	19	10	7
6:04:57	37.0	59	69	70	31	23	25	26	21	17	10	19	13	62	42	52	27	49	24	19	22	16	12	29	21	43	53	52	51	43	39	36	55	52	49	49	24	56	41	42	43	76	76	54	70	45	44	49	14	21	37	27	20	21	19	9	17	14	23	13	7	24	24	24	24	31	19	13	17	31	22	25	17	8	15
6:08:57	37.0	40	81	77	28	37	28	31	25	16	15	22	12	47	28	68	36	42	20	14	11	30	16	28	21	54	52	59	42	39	35	47	46	48	64	51	20	42	52	45	49	80	77	34	76	47	40	57	28	19	40	17	30	24	11	6	19	8	19	8	26	29	26	33	39	43	30	31	22	25	36	29	16	19	16
6:12:57	37.0	47	89	98	36	36	30	23	17	16	31	21	14	47	41	63	34	44	30	19	8	20	16	23	13	52	57	63	61	54	38	53	49	54	51	39	17	48	53	62	42	82	82	48	74	39	58	51	11	34	31	26	28	12	19	12	22	12	16	14	12	27	28	27	33	30	31	23	34	26	24	26	22	21	2
6:16:57	37.0	77	84	79	51	41	31	19	16	14	17	26	24	51	55	83	45	46	25	31	26	23	10	19	20	58	55	56	52	58	45	35	44	49	43	56	11	54	50	50	45	87	86	56	93	58	48	56	12	20	31	22	18	23	12	16	21	26	23	7	12	36	19	16	36	27	25	25	26	38	25	31	18	8	13
6:20:57	37.0	61	89	99	51	45	24	21	23	27	14	12	26	52	50	80	39	50	23	25	36	13	13	14	27	43	55	48	43	42	54	56	50	58	40	50	12	47	56	60	52	91	89	51	83	42	45	42	2	24	33	31	38	14	12	11	18	23	6	15	14	44	28	26	29	36	26	32	32	35	21	25	22	7	0
6:24:57	37.0	51	95	116	52	37	28	19	24	15	25	19	18	42	61	76	30	64	14	28	40	25	12	29	18	48	43	65	56	51	52	54	46	54	47	45	14	68	52	49	55	94	92	43	92	50	53	48	10	28	41	23	21	25	20	5	24	0	10	11	15	19	27	23	32	46	21	29	11	35	32	47	16	9	9
6:28:57	37.0	60	90	102	55	41	41	29	26	17	30	19	19	52	58	85	60	63	12	19	21	11	10	27	22	41	51	64	54	51	41	45	57	51	58	52	15	53	67	55	42	95	110	56	91	41	49	49	20	18	44	23	31	18	14	22	13	22	20	13	15	32	32	35	46	33	29	28	22	31	22	25	26	12	8
6:32:57	37.0	54	103	108	48	33	32	25	23	25	7	23	21	58	53	104	55	57	36	26	29	27	14	21	17	43	43	53	54	45	53	62	49	43	59	56	14	44	55	46	66	111	99	54	87	68	54	50	15	20	42	37	28	10	30	31	17	16	20	13	21	15	28	32	39	35	35	22	17	37	37	24	18	6	14
6:36:57	37.0	45	106	118	44	34	29	27	30	21	26	22	21	55	57	117	52	67	34	17	24	4	25	16	12	60	52	53	48	55	57	57	48	57	59	50	16	63	59	61	54	114	98	52	97	62	54	57	23	23	39	32	23	23	23	14	20	22	21	19	19	34	25	24	35	28	43	44	17	44	34	45	28	9	11
6:40:57	37.0	71	116	122	61	44	31	28	25	27	26	24	15	48	61	115	42	74	28	26	24	34	21	29	15	55	47	51	59	63	47	54	55	57	46	63	20	52	72	55	50	117	118	58	107	53	53	53	14	23	52	27	13	32	10	15	24	18	14	7	20	37	29	26	38	44	36	25	20	35	24	35	25	2	12
6:44:57	37.0	50	111	135	63	42	36	27	13	18	15	25	21	62	76	117	38	75	38	31	16	32	17	16	24	61	55	68	56	55	62	54	61	68	55	44	20	60	49	65	64	117	114	53	85	60	64	63	19	30	48	45	25	12	25	20	13	12	12	21	21	33	28	32	47	34	31	37	31	26	35	40	21	18	20
6:48:57	37.0	80	130	128	51	32	28	23	17	13	18	20	20	59	54	118	62	80	26	27	17	26	22	14	16	48	66	67	59	62	53	56	56	71	62	55	32	48	71	49	61	125	122	58	114	53	48	66	15	28	48	38	39	17	8	15	9	22	18	14	11	37	32	40	41	42	27	37	26	33	28	24	11	10	1
6:52:57	37.0	60	131	148	56	34	36	34	17	32	20	26	24	63	59	127	54	68	45	19	17	20	20	18	11	65	58	64	61	53	71	60	66	62	56	64	19	70	53	70	62	129	113	58	116	64	66	54	20	29	52	44	29	21	21	27	22	10	17	4	20	22	43	30	39	37	27	32	19	36	30	33	14	11	18
6:56:57	37.0	69	152	162	61	51	31	31	31	18	24	16	14	70	55	135	59	76	24	26	33	17	33	29	14	70	68	56	74	64	61	69	67	60	62	65	21	74	58	54	61	147	129	68	110	47	61	55	24	36	63	34	30	20	13	19	13	23	15	10	25	39	41	33	45	33	29	38	23	36	27	43	11	4	4
7:00:57	37.0	63	162	160	64	50	37	35	30	15	24	23	26	65	76	129	66	86	36	38	34	34	20	16	16	64	57	61	75	76	58	69	60	63	69	61	21	56	60	65	80	140	143	64	113	71	63	56	18	27	51	40	24	17	20	19	17	17	15	9	20	38	37	33	41	39	28	38	27	28	24	43	13	16	12
7:04:57	37.0	79	149	156	64	55	31	31	18	22	22	17	21	74	78	131	62	96	38	32	39	21	23	21	20	68	70	73	70	72	68	66	65	61	74	74	25	72	66	68	66	154	155	70	138	76	52	61	23	38	53	41	24	25	24	16	15	19	20	27	7	43	34	30	40	42	35	55	30	23	34	32	11	15	13
7:08:57	37.0	64	175	183	65	47	41	35	24	25	16	22	22	77	82	150	67	90	24	43	25	31	20	27	30	69	65	69	71	67	69	65	63	83	71	70	19	73	51	63	64	169	154	69	154	69	65	71	15	35	54	40	25	28	17	24	21	14	12	9	20	9	15	38	46	31	33	19	32	34	31	38	10	6	12
7:12:57	37.0	85	176	175	73	44	33	28	29	32	28	25	26	75	84	168	65	94	38	30	39	19	36	16	29	60	77	65	75	64	68	60	66	74	72	60	28	70	78	74	81	175	150	57	144	57	63	60	15	34	55	32	36	19	26	16	18	15	21	15	26	41	43	37	56	30	42	40	27	42	47	37	18	9	10
7:16:57	37.0	84	182	201	63	56	39	33	28	42	26	28	33	86	85	169	68	92	37	35	26	24	14	27	36	74	75	66	77	74	53	75	66	64	82	83	22	67	76	79	73	181	179	65	153	71	72	61	13	35	57	49	26	36	18	19	10	20	15	17	22	47	41	34	48	42	39	47	32	36	30	36	8	24	10
7:20:57	37.0	88	192	201	74	60	34	31	29	23	33	27	28	87	98	167	70	98	36	29	30	22	27	14	32	73	63	68	71	57	69	79	68	74	76	71	17	78	78	66	77	182	183	72	175	70	64	78	20	41	57	39	32	25	19	19	23	24	11	28	19	64	32	38	59	40	38	54	17	30	44	45	23	4	6
7:24:57	37.0	88	212	196	82	57	42	39	25	26	31	31	31	75	104	184	76	114	58	31	21	22	34	26	19	64	73	79	104	64	72	82	87	82	73	71	20	93	82	84	67	207	193	72	162	67	75	90	26	39	62	44	30	16	13	14	17	17	17	20	31	42	46	44	45	36	43	38	41	39	42	46	19	6	4
7:28:57	37.0	101	199	209	75	57	45	29	29	33	36	24	34	77	88	187	76	106	56	32	31	23	16	29	19	74	82	73	78	71	70	77	67	82	81	78	32	82	86	79	79	217	204	79	198	82	77	79	20	36	65	42	40	22	18	30	18	17	18	29	27	45	40	36	51	48	50	55	25	33	42	36	13	4	7
7:32:57	37.0	87	214	234	93	64	44	36	25	26	21	34	27	81	116	196	90	113	37	29	25	19	39	32	26	75	91	85	76	74	70	73	82	85	84	73	24	80	92	84	72	229	215	85	214	73	78	77	26	32	68	43	43	33	17	8	19	19	18	18	15	45	37	46	64	25	36	45	33	29	42	43	24	6	8
7:36:57	37.0	95	226	220	92	67	41	33	38	26	11	28	28	84	90	193	79	112	43	31	33	25	29	27	19	87	69	76	80	68	70	81	69	79	91	85	30	94	95	92	71	224	231	88	206	93	86	79	26	34	57	57	29	29	34	27	18	25	17	19	16	54	37	45	58	51	52	45	36	28	39	45	24	7	14
7:40:57	37.0	115	229	246	85	60	36	36	22	30	18	35	27	96	111	193	87	134	38	46	20	29	17	25	33	89	79	84	91	77	82	86	83	86	84	79	30	85	80	89	93	235	248	77	226	94	79	79	28	46	70	43	42	20	22	31	18	26	19	13	25	50	31	42	67	44	35	26	35	32	39	48	12	15	9
7:44:57	37.0	98	258	252	84	81	51	32	25	32	12	18	32	87	111	213	104	116	47	39	32	33	34	31	23	94	81	64	78	83	82	75	77	102	83	77	23	92	75	83	84	243	265	86	228	88	93	88	12	46	73	56	40	26	25	26	19	16	11	14	24	47	34	47	62	37	39	36	34	58	42	50	19	6	15
7:48:57	37.0	128	257	267	97	64	54	33	34	31	26	27	32	102	108	228	101	137	42	35	27	28	20	43	17	89	89	96	80	83	89	88	77	81	88	78	17	93	104	80	95	257	279	91	235	93	83	74	18	29	70	45	40	18	25	18	21	29	25	17	19	36	42	39	64	48	41	40	39	49	45	48	26	7	16
7:52:57	37.0	125	269	263	93	71	47	43	38	26	26	27	30	98	118	220	83	133	45	47	33	38	27	22	35	92	71	112	96	78	85	79	84	96	84	87	26	86	94	92	80	287	296	89	241	96	82	86	19	44	81	48	38	28	26	22	14	23	16	30	34	45	38	53	54	51	48	38	41	56	42	47	16	12	10
7:56:57	37.0	118	286	288	93	56	39	38	32	29	33	30	18	97	122	237	103	140	51	48	45	32	31	29	31	95	94	92	78	76	91	88	96	92	100	100	22	93	99	86	83	283	298	111	275	103	86	81	18	41	79	57	30	27	22	19	29	12	17	24	25	56	43	34	85	44	49	48	50	40	56	49	21	6	2
8:00:57	37.0	121	303	289	107	61	47	41	32	40	26	28	29	108	115	233	109	133	56	39	32	29	24	29	18	90	89	89	105	87	80	88	87	92	95	89	27	111	92	92	86	306	321	97	264	84	97	89	28	48	79	54	42	21	34	14	23	15	20	27	27	59	37	46	69	47	44	38	51	54	40	49	32	8	13
8:04:57	37.0	115	282	295	108	83	52	36	33	24	26	30	28	111	122	246	108	141	57	49	30	32	25	28	34	92	89	110	87	80	107	84	92	97	100	95	21	80	92	93	104	309	334	100	285	97	91	100	19	44	106	57	44	29	30	16	24	30	15	24	32	66	46	59	74	60	35	57	46	43	45	39	26	14	13
8:08:57	37.0	136	305	316	100	74	46	49	47	25	35	34	35	120	130	247	112	159	64	41	46	35	34	22	29	97	90	108	103	69	88	106	96	88	106	95	30	116	107	109	99	334	337	107	295	105	97	91	26	44	97	53	50	23	25	19	12	15	19	24	24	38	40	43	90	40	40	45	51	41	47	40	24	18	16
8:12:57	37.0	138	323	318	108	74	62	43	33	41	30	32	42	115	123	262	119	162	56	46	35	27	27	25	42	115	94	109	90	93	104	86	98	87	97	103	30	95	125	97	103	338	393	114	303	95	110	86	18	38	80	70	44	26	25	20	17	18	20	15	26	67	31	54	83	40	53	49	50	47	31	58	15	24	4
8:16:57	37.0	155	353	328	110	82	67	42	56	30	36	27	32	133	139	284	110	155	57	44	28	32	22	34	33	86	98	105	99	92	92	90	108	105	102	101	25	87	124	118	118	366	404	116	317	111	101	102	24	53	95	54	51	34	36	27	18	17	15	17	23	51	46	46	64	45	44	38	28	46	50	61	38	20	8
8:20:57	37.0	147	354	352	111	79	60	43	44	27	26	33	28	110	149	267	114	180	60	41	33	40	33	35	34	104	92	97	104	96	92	104	94	105	110	89	35	113	105	117	99	387	418	113	360	133	110	101	37	52	102	74	52	31	15	27	31	36	25	27	28	55	44	62	85	45	52	55	48	39	31	46	21	21	21
8:24:57	37.0	147	349	346	111	87	57	56	29	35	26	39	36	155	145	285	113	157	60	49	37	40	34	32	31	101	106	110	109	102	106	98	98	102	109	109	26	116	117	121	110	378	437	122	345	120	107	102	26	45	103	62	43	35	28	29	20	13	24	32	29	46	43	44	93	54	45	49	45	53	52	47	22	11	19
8:28:57	37.0	151	370	354	118	93	61	51	34	32	34	28	33	156	158	293	123	168	56	51	28	50	30	35	24	110	103	105	99	103	109	105	125	98	114	113	25	114	111	125	103	405	465	116	394	119	121	117	33	51	82	67	50	31	26	29	25	23	16	19	21	44	46	48	83	52	44	50	37	51	40	53	32	14	13
8:32:57	37.0	159	397	352	111	72	65	50	37	28	36	35	31	141	157	306	119	175	67	43	28	46	34	36	37	120	102	113	97	103	100	100	109	115	120	108	31	127	125	106	124	406	480	129	406	139	123	103	36	63	87	63	44	27	19	26	13	24	24	24	27	54	44	56	86	49	43	51	59	51	45	45	19	16	5
8:36:57	37.0	171	398	377	128	93	64	48	42	36	33	30	34	150	143	303	132	170	69	48	38	32	22	31	30	119	114	101	115	104	103	107	111	106	115	98	21	116	118	114	104	427	513	128	428	149	123	111	23	51	101	60	50	34	23	24	23	19	28	14	36	50	36	52	76	57	59	68	34	44	59	39	32	7	8
8:40:57	37.0	177	393	377	128	78	70	37	40	41	35	49	33	145	161	298	125	173	70	56	43	20	39	29	40	117	104	120	119	94	102	114	107	115	124	100	25	121	116	131	127	428	518	124	463	139	116	110	29	52	104	65	40	38	29	27	31	26	12	18	35	54	45	57	91	42	43	54	45	41	48	47	27	23	9
8:44:57	37.0	166	412	369	130	101	76	51	45	43	34	34	37	139	166	312	145	182	69	57	54	33	39	32	46	116	108	121	118	118	110	109	124	112	132	105	30	117	108	121	118	455	571	143	460	149	117	127	30	57	94	75	49	32	36	28	28	15	18	25	27	51	61	54	100	58	44	47	35	45	52	54	26	15	15
8:48:57	37.0	198	404	372	144	100	61	49	48	41	34	35	37	152	189	327	119	181	79	48	54	29	33	34	40	119	118	133	115	117	121	119	120	105	126	123	38	123	135	121	128	441	576	154	481	149	123	115	31	54	101	67	56	41	22	15	22	14	25	21	28	56	45	65	101	61	52	52	44	62	50	59	22	8	5
8:52:57	37.0	176	433	379	140	91	68	56	51	35	28	30	45	169	177	308	124	172	59	56	39	38	34	21	32	123	116	124	130	126	104	106	125	121	128	124	37	114	129	130	125	449	618	150	517	157	122	119	33	53	118	72	49	38	21	31	17	33	23	37	30	67	51	54	110	54	55	62	61	59	61	58	18	21	19
8:56:57	37.0	183	425	403	143	100	72	54	43	41	46	36	38	176	192	328	147	182	69	55	50	42	29	36	35	134	116	132	129	119	108	128	132	138	140	125	26	137	126	133	125	491	646	144	530	166	132	121	31	53	109	93	57	37	29	35	25	23	32	22	25	68	58	54	111	48	43	58	51	47	61	57	32	14	7
9:00:57	37.0	207	445	379	142	94	78	50	43	46	35	47	37	189	198	332	148	184	79	44	61	40	33	28	42	136	123	128	120	114	128	125	135	117	143	111	47	128	132	145	142	468	651	160	538	170	137	135	28	71	101	79	59	49	31	32	28	18	34	20	28	43	57	61	107	69	54	53	50	48	62	67	38	10	12
9:04:57	37.0	204	444	408	144	115	84	54	44	35	32	28	46	175	204	323	128	202	63	53	40	38	37	39	33	126	124	123	127	126	130	115	125	123	148	114	31	126	129	146	159	494	681	177	541	170	147	133	28	59	123	79	52	47	36	19	31	29	22	25	33	70	64	56	114	57	52	60	44	52	51	65	38	19	6
9:08:57	37.0	224	462	408	151	98	78	48	48	41	44	38	45	193	202	347	134	193	89	64	49	35	43	50	37	140	132	128	128	113	124	141	127	115	134	125	31	138	125	133	139	498	685	175	569	182	152	132	31	56	114	77	63	42	32	33	17	30	25	23	36	54	52	54	117	46	57	52	38	53	52	69	29	0	3
9:12:57	37.0	240	473	425	152	102	64	66	49	41	25	34	47	202	202	335	153	197	69	67	42	44	42	30	48	148	134	142	133	119	121	123	131	134	160	143	32	148	152	153	149	477	701	197	607	201	159	116	33	65	124	81	62	39	28	23	26	38	37	33	38	44	45	51	121	62	55	62	48	45	61	61	27	0	2
9:16:57	37.0	210	456	415	160	104	79	50	39	49	42	35	49	200	213	347	150	188	70	55	55	49	32	43	36	168	135	159	142	114	133	142	135	145	162	138	35	154	145	165	149	506	733	190	589	197	158	138	26	66	132	86	55	41	26	36	26	24	19	13	25	55	63	60	116	52	59	57	61	61	47	47	34	13	0
9:20:57	37.0	237	447	417	150	94	70	45	45	35	40	36	28	202	225	343	121	187	84	57	36	43	41	38	32	157	139	147	150	145	138	131	162	135	168	145	36	140	142	163	161	518	734	183	615	194	163	151	41	68	127	81	70	34	32	38	19	35	21	12	23	55	59	65	135	55	58	56	56	59	54	54	39	10	10
9:24:57	37.0	242	458	424	152	118	73	59	52	42	28	43	39	230	220	333	162	198	68	65	40	41	36	53	33	153	151	151	144	149	132	140	141	138	166	143	28	149	148	163	159	542	736	219	619	211	161	152	37	55	122	70	46	28	24	41	22	32	22	23	34	76	49	55	132	60	60	57	47	59	47	73	42	6	9
9:28:57	37.0	267	475	446	157	118	72	70	43	37	34	39	47	210	237	364	155	207	74	53	53	27	38	43	30	164	146	141	147	141	141	142	145	141	165	138	38	162	150	175	164	523	759	208	632	219	160	157	34	71	134	76	45	36	46	25	25	18	20	18	24	63	67	58	118	65	54	69	55	56	71	52	29	4	19
9:32:57	37.0	272	477	447	169	120	87	50	51	54	42	43	46	239	226	349	136	207	90	67	49	45	38	39	44	161	151	143	147	156	154	161	164	151	183	149	32	162	147	168	158	549	790	206	669	233	177	153	43	71	134	86	58	40	35	40	34	25	29	26	30	46	62	51	127	64	52	61	56	58	49	51	24	25	17
9:36:57	37.0	266	464	444	157	112	73	59	38	42	38	41	35	244	223	360	173	224	76	57	41	39	42	40	41	164	136	165	158	152	148	145	163	136	179	154	34	166	152	177	184	566	795	224	661	220	184	159	40	61	138	83	65	41	35	29	26	22	24	25	30	50	71	64	141	51	53	58	62	56	53	67	36	8	12
9:40:57	37.0	267	486	451	162	113	85	63	51	46	33	37	46	237	235	343	143	219	77	55	42	42	38	33	46	159	160	159	164	131	160	156	166	169	189	156	37	163	168	179	184	556	793	241	691	241	186	158	27	70	148	80	56	40	37	32	28	36	31	23	29	76	50	54	137	69	69	57	67	71	63	68	34	4	16
9:44:57	37.0	263	483	463	155	105	82	60	62	38	43	41	39	255	247	365	154	201	82	70	63	40	41	37	41	166	159	156	168	150	161	167	158	157	186	162	34	182	179	179	191	545	819	238	673	235	189	180	27	73	136	88	58	26	32	28	34	27	30	21	22	63	64	58	136	67	65	51	43	66	64	67	33	0	14
9:48:57	37.0	293	508	444	180	126	78	48	64	45	33	42	49	262	258	369	169	224	82	71	32	46	35	44	33	177	161	155	157	155	168	160	171	157	213	151	31	179	172	186	208	563	837	233	691	247	200	153	37	71	130	84	74	34	41	34	29	25	34	34	40	66	67	59	142	70	77	64	61	46	59	60	35	7	11
9:52:57	37.0	262	497	471	169	111	78	56	49	43	41	40	47	269	248	366	155	224	94	55	43	42	43	42	51	166	166	189	162	154	151	176	158	162	192	174	44	189	177	191	190	578	825	258	698	259	200	170	41	70	150	91	73	33	33	26	32	24	28	35	34	78	51	58	145	63	63	48	74	63	63	63	25	8	13
9:56:57	37.0	285	509	486	170	112	71	58	51	39	41	42	40	263	259	382	175	224	81	69	59	48	34	42	36	167	165	175	195	174	180	167	185	177	216	172	42	193	179	215	205	558	816	269	703	268	211	174	37	83	161	89	53	32	37	36	26	36	32	27	45	71	72	69	149	76	63	63	65	59	69	71	27	11	11
10:00:57	37.0	276	538	504	181	111	93	55	53	47	40	51	44	244	269	395	162	233	85	64	53	44	33	42	35	171	177	177	186	178	176	183	196	187	204	189	50	192	198	190	219	566	865	263	709	261	222	182	41	78	157	94	66	39	25	38	31	45	28	22	29	63	53	65	163	64	57	63	57	53	67	67	30	5	11
10:04:57	37.0	296	516	481	152	125	83	60	52	43	46	35	58	260	256	386	170	244	71	69	59	44	41	40	39	191	170	168	211	191	162	178	187	183	221	168	38	203	213	206	210	572	842	267	701	256	223	185	36	66	142	82	64	39	29	27	19	17	21	25	46	72	69	72	160	73	74	56	69	66	62	70	27	18	21
10:08:57	37.0	306	500	492	165	113	86	69	58	43	38	43	44	276	301	379	157	239	74	55	42	35	48	33	33	196	196	184	191	176	184	186	191	196	226	189	40	209	197	210	229	579	871	269	709	257	229	195	31	78	163	105	68	43	41	32	28	25	25	32	38	74	69	76	171	63	57	75	68	69	64	70	32	0	14
10:12:57	37.0	315	509	506	180	117	82	61	50	43	43	54	48	265	251	386	179	243	94	67	47	46	46	38	43	211	203	200	190	191	194	184	191	195	221	198	42	214	200	212	213	594	868	290	752	270	224	185	37	81	150	102	79	41	37	33	27	28	37	33	39	77	55	72	167	60	70	64	61	62	80	77	47	0	9
10:16:57	37.0	294	534	495	177	117	94	59	45	49	48	55	46	279	287	387	158	229	85	71	60	46	52	41	49	201	172	199	196	200	190	185	203	195	221	197	34	197	208	218	233	598	906	283	746	280	241	196	38	76	171	104	73	51	30	34	34	19	38	34	32	70	63	63	171	73	62	75	47	45	71	68	40	9	24
10:20:57	37.0	318	537	507	175	125	74	60	41	53	41	54	56	271	300	379	157	237	88	67	39	40	46	54	49	198	189	188	216	192	198	197	208	204	231	163	29	206	209	251	229	619	890	289	748	282	254	195	43	82	176	101	64	44	34	35	29	28	20	30	41	78	66	78	170	83	76	68	55	76	71	75	39	7	14
10:24:57	37.0	310	509	515	184	130	87	57	52	37	37	40	44	283	269	423	177	252	97	71	47	42	39	41	36	193	186	207	216	189	204	206	194	207	232	209	39	205	207	243	245	640	901	291	772	290	240	205	38	73	153	99	68	42	43	49	30	33	30	25	41	66	60	67	180	79	76	72	87	66	72	67	40	10	4
10:28:57	37.0	329	539	513	165	107	91	63	45	46	33	59	48	272	259	386	169	233	81	62	45	37	51	35	49	208	190	189	204	191	206	209	216	227	216	195	32	219	212	244	254	623	907	294	764	300	261	229	39	83	167	98	71	54	42	32	40	28	34	35	38	91	72	73	177	67	60	55	63	75	79	78	41	16	9
10:32:57	37.0	317	527	493	176	122	84	56	52	42	35	53	43	307	294	404	156	261	88	66	44	51	37	42	44	193	201	210	224	210	212	217	209	223	249	200	29	225	224	247	260	623	928	313	751	297	269	212	42	75	170	102	68	48	34	32	34	36	40	36	47	50	70	74	177	89	63	68	67	89	69	67	29	11	3
10:36:57	37.0	338	548	526	175	119	86	73	67	40	45	59	42	305	273	406	165	253	80	66	52	45	43	46	41	197	212	204	228	207	215	208	240	240	242	197	38	225	249	269	254	643	928	312	780	293	270	230	33	85	160	100	68	39	46	32	29	38	36	27	43	97	69	84	179	78	63	83	71	70	80	63	44	13	23
10:40:57	37.0	323	561	527	184	112	84	59	57	43	51	45	52	304	280	415	157	260	81	69	57	56	43	40	50	218	228	203	246	192	215	217	225	237	261	212	43	244	232	278	272	656	932	315	770	280	272	245	58	88	183	96	73	45	38	33	41	30	24	22	38	65	69	76	192	72	72	47	72	72	79	84	40	6	13
10:44:57	37.0	334	577	522	186	116	97	76	64	49	32	47	51	315	301	400	174	264	88	82	52	46	35	53	43	211	221	210	221	223	232	227	240	224	248	201	40	249	250	279	278	648	969	310	803	303	272	249	51	88	179	98	73	43	40	31	38	30	39	28	41	83	76	61	185	76	66	86	67	69	80	82	46	19	5
10:48:57	37.0	341	583	511	179	111	88	64	60	56	41	50	52	300	296	417	163	260	80	59	43	58	43	38	38	220	213	245	237	202	214	217	225	240	257	204	47	241	257	271	280	657	953	346	779	314	293	239	43	86	180	104	74	51	55	29	34	22	40	29	32	83	75	69	197	67	72	70	76	72	79	83	33	11	7
10:52:57	37.0	360	568	538	195	117	88	68	65	38	45	51	63	311	290	410	176	281	90	74	55	57	32	58	51	209	227	234	239	217	218	211	221	236	271	222	38	249	246	298	295	680	957	329	780	300	287	253	43	86	185	101	86	47	37	30	32	25	26	22	41	99	65	66	196	81	69	65	54	65	66	77	31	9	11
10:56:57	37.0	341	585	543	185	132	85	71	67	43	39	58	55	307	304	437	179	271	83	75	52	50	34	46	44	200	217	223	246	233	228	228	243	248	267	227	40	234	243	286	298	672	986	323	800	323	284	251	37	88	191	110	76	48	46	37	34	36	34	30	51	91	76	80	188	90	75	72	54	78	75	83	30	7	17
11:00:57	37.0	343	586	560	179	124	98	72	53	50	52	45	53	308	281	452	169	263	92	72	56	48	42	39	45	208	225	230	241	216	231	228	233	254	265	229	46	240	250	294	284	682	1007	328	806	331	274	266	42	100	203	120	66	47	41	28	34	41	34	22	45	97	76	78	208	81	85	75	64	87	95	88	43	12	19
11:04:57	37.0	371	581	560	171	127	91	71	50	44	43	41	58	313	285	444	185	284	85	74	51	42	40	38	51	211	256	229	241	226	231	240	237	265	274	245	45	252	274	293	297	683	984	343	812	327	290	256	37	87	194	112	79	43	42	40	40	36	31	29	40	77	73	80	212	78	88	74	76	75	84	84	42	19	6
11:08:57	37.0	366	568	577	188	139	99	71	53	46	38	56	55	320	292	420	175	272	84	79	48	53	55	49	49	235	236	231	265	230	232	239	247	261	283	222	37	259	281	320	292	726	1007	348	831	360	309	263	45	102	202	120	81	56	43	41	34	31	29	29	46	85	82	80	212	86	70	67	69	79	70	96	51	7	9
11:12:57	37.0	354	597	578	187	140	96	63	60	50	47	54	55	333	301	432	167	275	98	68	49	53	51	55	46	217	231	227	262	233	250	246	254	263	295	229	46	255	291	320	299	696	1021	338	844	335	291	276	49	76	190	111	81	49	51	35	38	25	21	38	41	84	72	91	213	80	75	83	83	92	91	85	42	4	15
11:16:57	37.0	348	597	577	194	136	95	58	56	49	52	49	58	323	296	456	169	283	94	70	70	51	47	49	49	221	250	246	267	241	247	255	249	275	291	234	50	255	280	329	312	692	1014	380	857	339	302	278	40	94	200	118	76	43	40	38	44	25	39	28	45	91	94	86	210	83	89	84	88	86	79	87	37	13	9
11:20:57	37.0	355	614	585	188	133	94	63	67	46	50	52	61	324	295	450	176	294	91	66	52	51	49	43	59	238	245	247	267	233	243	255	259	275	304	240	54	256	277	330	319	721	1040	357	837	340	307	290	48	97	208	117	76	59	42	46	40	37	25	36	38	99	75	88	209	79	91	75	72	92	89	89	38	15	22
11:24:57	37.0	383	614	606	188	135	104	70	68	43	48	49	58	328	301	437	172	304	104	71	59	56	48	59	54	238	238	231	271	232	247	256	250	272	309	247	44	285	291	332	313	711	1042	372	853	357	308	281	40	109	199	114	75	43	43	41	27	32	29	43	37	100	78	66	223	81	86	86	86	84	75	91	48	20	11
11:28:57	37.0	354	617	597	208	132	93	65	48	54	52	62	54	324	307	444	174	293	91	82	46	46	39	50	41	236	254	250	269	256	250	255	260	292	306	252	45	263	303	341	319	740	1048	367	846	352	317	301	41	119	211	108	88	50	52	42	36	30	41	26	52	92	73	75	217	78	87	93	84	78	85	83	40	18	13
11:32:57	37.0	362	619	600	188	134	92	65	66	64	33	47	77	325	306	470	180	301	99	83	74	53	50	47	50	239	242	249	276	270	257	269	263	280	292	253	46	277	297	349	314	751	1039	382	850	360	325	288	42	91	208	110	80	59	48	45	32	42	31	28	49	72	76	73	241	91	88	83	78	91	95	83	40	10	9
11:36:57	37.0	350	650	608	199	143	95	61	58	60	46	49	59	324	297	481	179	305	101	67	45	62	44	53	54	223	256	259	288	257	277	261	286	277	307	249	52	292	308	351	320	735	1048	384	874	367	325	293	52	106	206	130	97	45	65	40	39	51	40	30	65	81	86	94	238	104	81	86	60	91	97	91	53	6	3
11:40:57	37.0	384	636	612	194	128	97	68	58	48	39	70	57	326	318	461	191	291	94	75	60	54	45	54	41	240	255	240	275	273	270	272	265	293	304	247	38	274	315	385	327	773	1070	398	882	349	322	315	35	101	199	106	95	60	40	38	36	33	33	33	43	89	94	73	236	79	89	83	81	88	80	85	44	10	0
11:44:57	37.0	375	648	618	198	128	94	72	73	60	42	54	57	340	311	476	185	318	95	77	76	47	51	56	48	228	264	264	279	275	263	271	281	292	326	250	44	303	310	378	356	782	1091	416	860	376	328	305	49	93	217	115	88	51	46	43	45	34	30	44	33	98	75	100	246	87	80	74	83	95	79	94	50	7	15
11:48:57	37.0	386	651	646	196	134	119	75	76	63	46	50	72	345	314	462	176	310	100	81	51	49	58	61	40	238	273	235	294	249	267	271	281	290	324	267	48	282	327	368	351	786	1111	402	875	391	335	307	42	122	227	119	77	47	55	29	51	36	35	36	42	99	77	80	245	97	80	99	97	107	88	97	45	7	20
11:52:57	37.0	369	644	610	199	134	99	77	69	50	57	57	70	339	280	462	174	325	104	78	63	46	52	44	50	244	268	261	280	267	274	294	265	306	332	266	46	301	336	363	341	790	1089	395	905	354	330	329	40	106	222	114	91	48	43	39	37	30	43	36	56	105	90	85	256	98	83	95	92	91	84	94	48	8	10
11:56:57	37.0	385	667	640	204	136	94	70	81	48	54	61	64	361	328	477	180	303	104	87	74	45	43	61	53	241	279	254	289	268	274	288	284	327	330	256	46	298	331	377	361	781	1133	422	919	394	366	317	39	91	235	128	97	58	45	47	43	34	33	46	52	109	86	81	250	91	97	103	90	90	94	85	37	13	9
12:00:57	37.0	399	694	648	185	144	99	63	68	65	48	57	61	327	324	494	188	297	107	87	61	53	53	54	48	252	260	249	292	267	285	284	295	311	324	257	48	300	344	402	334	807	1127	423	947	380	355	317	56	105	228	140	84	48	36	54	35	32	32	31	53	103	87	90	239	96	101	90	99	108	94	105	48	6	9
12:04:57	37.0	402	670	645	203	137	105	63	60	47	58	55	70	359	304	490	202	309	105	87	64	56	50	61	57	268	273	287	302	277	283	289	297	316	341	277	42	301	329	402	356	809	1143	414	916	385	355	319	53	115	240	117	86	54	44	41	43	25	37	38	47	100	89	108	260	98	83	79	88	104	98	96	42	19	0
12:08:57	37.0	391	688	648	204	152	120	64	61	66	61	48	78	355	320	463	186	323	105	85	69	58	63	56	63	257	262	278	309	275	278	303	314	319	333	258	41	304	358	385	364	822	1146	423	957	404	363	330	52	108	252	126	84	54	49	49	42	41	30	32	47	111	102	89	244	103	81	99	82	90	89	88	52	17	14
12:12:57	37.0	402	682	654	199	147	103	74	75	45	48	50	75	351	315	514	205	351	102	102	82	66	54	62	47	276	278	264	311	270	285	310	323	322	345	279	43	299	344	394	356	821	1133	432	939	411	351	334	38	107	244	140	91	53	48	37	49	32	39	39	34	113	77	95	255	101	86	91	83	94	99	100	51	12	10
12:16:57	37.0	387	708	644	210	152	112	86	72	62	62	54	76	375	321	486	197	330	100	84	78	57	53	44	54	244	262	289	294	284	282	300	309	315	344	293	35	316	353	412	377	855	1169	428	934	397	358	332	55	107	236	120	98	58	32	48	46	29	28	42	54	102	84	97	262	100	90	103	105	114	95	109	49	24	12
12:20:57	37.0	410	684	662	206	140	111	81	73	60	53	65	71	363	309	502	198	338	100	90	67	60	49	51	57	260	262	271	303	280	282	302	303	331	346	285	52	334	346	408	391	824	1189	436	927	411	358	361	55	107	230	147	97	62	56	38	57	35	38	35	43	89	75	96	274	104	108	108	105	100	100	99	50	2	12
12:24:57	37.0	392	684	679	210	150	112	82	77	52	59	54	73	351	314	502	187	340	98	89	59	56	56	60	47	250	289	269	320	285	302	306	301	322	342	288	40	323	358	418	389	844	1217	454	956	418	371	344	48	106	245	135	100	57	44	47	42	45	46	40	59	106	97	103	272	113	106	97	105	102	88	98	45	7	7
12:28:57	37.0	421	700	679	201	138	111	75	78	55	51	56	70	352	316	490	199	320	88	86	80	56	56	55	52	277	289	276	311	282	296	308	309	333	362	307	49	325	358	423	405	847	1197	444	996	419	374	350	54	116	248	110	107	57	43	47	44	33	40	42	52	103	89	96	273	92	85	103	105	104	84	106	44	13	9
12:32:57	37.0	392	725	692	206	129	101	72	64	62	52	60	72	370	331	508	205	345	112	83	67	65	48	62	57	260	306	294	324	294	308	322	313	357	357	310	53	322	354	424	381	833	1220	450	939	446	400	356	47	115	238	134	93	56	50	44	40	40	42	34	42	107	102	96	273	100	97	112	99	131	97	103	41	12	17
12:36:57	37.0	413	715	665	206	152	104	78	69	56	56	61	78	376	320	501	186	352	117	93	65	67	58	70	44	266	293	307	315	293	293	329	339	352	376	289	43	308	365	422	403	873	1216	440	965	415	386	362	46	101	256	140	92	57	52	59	43	41	26	40	59	110	85	108	266	109	94	116	113	108	86	110	60	11	11
12:40:57	37.0	434	702	687	210	160	103	69	70	52	53	46	82	374	306	523	196	342	96	84	75	61	63	54	63	273	285	287	328	294	305	314	314	363	358	310	56	318	360	450	379	875	1236	451	995	421	400	377	49	129	247	127	90	66	45	38	51	45	37	41	37	113	97	83	268	109	101	100	104	105	105	105	54	0	14
12:44:57	37.0	419	705	707	216	145	125	83	74	57	51	69	76	382	343	515	191	373	115	92	75	54	62	50	58	271	297	292	338	297	329	326	360	363	369	290	46	346	380	442	411	886	1247	479	982	459	410	367	51	116	257	133	94	53	48	49	45	37	41	49	43	113	97	102	283	118	109	115	109	103	93	100	60	6	4
12:48:57	37.0	425	747	694	207	140	115	90	60	64	62	63	79	371	343	546	200	367	106	91	62	55	61	57	49	283	289	317	314	298	315	345	348	366	381	329	52	338	389	468	395	892	1275	475	1009	433	402	390	38	109	249	130	91	52	59	50	48	41	39	34	51	122	110	109	283	104	118	103	100	104	94	126	63	14	18
12:52:57	37.0	445	751	704	221	160	111	75	80	55	53	67	77	351	346	528	207	381	104	99	61	55	60	53	55	279	291	311	322	300	316	327	338	378	388	312	47	343	383	443	425	895	1272	470	1020	451	417	366	55	118	269	139	100	59	54	43	32	29	38	40	46	119	102	108	287	113	121	95	101	110	109	105	61	11	15
12:56:57	37.0	433	739	693	220	143	124	81	74	53	70	51	80	367	333	539	202	366	101	93	60	59	65	61	69	296	312	304	343	315	332	345	335	372	389	309	37	349	380	477	411	916	1275	493	1047	441	420	407	53	107	271	141	91	54	60	46	50	46	36	36	47	114	115	109	283	124	109	100	104	97	106	124	46	12	2
13:00:57	37.0	431	771	722	218	148	111	79	71	59	60	58	74	406	340	514	199	384	118	89	62	69	53	53	64	276	318	327	344	313	336	344	350	376	388	300	52	366	388	470	426	929	1318	471	1008	458	413	384	56	118	280	134	90	64	49	44	46	38	45	44	60	113	101	103	299	104	110	114	105	103	103	97	50	13	8
13:04:57	37.0	438	755	719	214	160	115	82	76	61	58	72	84	403	339	537	224	387	111	86	62	47	52	54	47	278	295	317	363	321	340	356	376	372	386	317	50	339	382	480	427	943	1310	480	1059	455	403	393	62	123	266	148	102	55	53	52	44	49	42	36	51	128	102	108	282	116	101	113	111	114	109	104	48	6	16
13:08:57	37.0	457	771	737	212	141	117	85	78	61	67	64	77	379	342	546	210	379	111	88	67	65	63	56	68	287	320	310	368	315	326	374	355	384	412	331	47	349	379	478	425	934	1318	482	1046	461	430	399	46	124	273	141	98	62	62	60	51	39	43	35	52	126	105	107	288	101	109	120	112	112	120	111	67	12	4
13:12:57	37.0	440	770	735	220	160	108	88	76	59	62	62	89	394	347	552	199	396	128	96	74	67	52	65	51	294	326	308	362	325	340	344	356	394	405	312	50	372	412	492	431	965	1330	496	1040	454	429	408	59	121	260	141	111	65	60	43	49	43	36	39	57	118	104	100	286	123	119	122	118	126	116	120	50	8	19
13:16:57	37.0	477	777	752	223	159	118	88	78	70	58	74	80	382	350	530	210	399	110	96	68	70	45	69	50	290	323	325	349	325	337	352	368	406	396	337	47	355	390	512	460	957	1363	501	1041	481	435	394	54	118	283	143	105	60	47	58	37	41	45	50	57	131	102	109	299	117	104	120	127	127	94	119	49	13	20
13:20:57	37.0	441	774	749	219	152	132	83	76	73	67	57	92	402	335	564	198	393	106	96	63	58	56	66	53	300	334	324	368	327	360	366	370	407	405	323	56	342	390	491	429	966	1348	527	1070	488	450	411	54	113	278	142	106	63	66	54	50	46	54	48	53	123	117	115	295	135	114	111	118	116	115	123	53	7	0
13:24:57	37.0	452	781	737	228	157	112	89	74	62	55	63	85	422	336	560	229	405	110	96	63	80	67	68	51	303	332	332	357	341	364	362	383	411	420	339	47	361	415	494	465	966	1342	513	1060	482	454	420	47	132	263	153	91	65	57	52	57	50	42	48	61	129	126	107	296	114	121	127	104	129	106	128	54	8	15
13:28:57	37.0	471	798	752	222	162	111	89	94	62	67	54	92	408	359	566	218	408	106	91	61	45	59	46	53	303	335	338	380	340	346	368	380	421	421	335	55	362	414	514	470	967	1372	539	1072	477	450	423	47	119	266	163	91	44	66	52	36	44	44	40	56	112	113	116	304	123	126	117	128	113	117	115	48	11	2
13:32:57	37.0	471	792	766	238	155	135	82	80	58	58	63	88	405	366	554	224	402	100	95	75	63	64	73	55	301	310	331	371	338	360	375	401	411	418	341	49	363	419	505	468	994	1385	533	1094	505	443	435	51	123	288	139	102	59	63	63	45	56	44	41	56	137	112	121	291	128	114	125	117	133	121	120	62	11	2
13:36:57	37.0	473	774	784	233	166	120	90	75	70	64	64	71	428	355	581	210	415	121	86	71	62	62	68	61	300	328	360	382	366	372	371	388	432	422	343	54	383	397	516	468	986	1399	544	1082	485	486	434	58	125	302	131	116	62	53	63	54	35	39	57	54	144	116	106	309	117	116	125	113	140	118	142	48	10	0
13:40:57	37.0	468	808	774	208	156	122	94	87	59	67	58	82	419	352	580	221	415	112	96	70	72	73	80	62	307	357	343	387	361	359	387	396	419	437	350	45	375	423	524	461	1023	1392	538	1096	481	475	434	57	114	294	137	106	64	58	56	53	52	45	41	54	131	110	124	299	130	114	123	133	142	115	118	46	8	13
13:44:57	37.0	445	802	784	228	161	127	90	95	62	73	56	84	416	356	568	227	410	116	110	70	68	65	70	53	321	357	344	390	371	390	397	386	439	438	339	65	386	436	516	485	998	1407	547	1113	508	483	434	60	142	274	161	100	69	66	56	40	50	48	53	49	145	112	117	321	135	121	123	128	127	118	133	60	1	9
13:48:57	37.0	461	792	787	238	176	130	100	83	68	58	60	104	418	371	588	217	412	134	93	69	64	60	67	50	319	346	340	406	378	361	382	397	430	448	359	64	391	443	538	477	1019	1386	560	1107	543	489	447	54	133	316	150	94	66	50	61	57	37	42	51	50	139	113	128	329	140	113	132	136	141	138	128	42	2	11
13:52:57	37.0	492	815	778	242	154	122	82	77	74	61	70	88	406	390	569	227	443	122	92	68	54	64	61	55	330	354	374	399	373	387	413	404	459	460	363	48	394	429	538	501	1026	1443	545	1144	519	504	464	65	118	296	169	110	70	61	64	56	48	39	49	62	144	122	119	311	130	137	126	126	131	130	127	62	26	12
13:56:57	37.0	478	815	811	230	172	129	91	91	76	64	73	102	411	366	583	217	437	118	105	79	64	62	70	60	328	346	374	407	361	376	384	424	436	471	352	49	409	439	525	507	1038	1458	567	1170	516	492	469	56	124	296	149	112	68	56	55	45	50	42	37	60	145	121	120	304	136	124	129	124	139	132	142	48	11	11
14:00:57	37.0	469	844	813	229	156	126	93	95	75	54	64	83	433	391	608	229	437	122	98	74	76	73	66	59	343	356	367	416	378	386	396	421	446	475	375	46	394	441	552	496	1046	1464	574	1120	539	505	465	52	131	306	163	109	69	50	57	57	44	53	44	59	142	131	118	309	122	112	134	134	129	115	135	56	18	1
14:04:57	37.0	486	841	807	235	157	116	96	85	78	64	80	91	433	402	603	209	443	122	91	92	64	62	67	71	334	358	372	413	377	394	396	412	429	473	360	50	410	452	558	484	1066	1449	564	1112	533	507	483	56	137	325	167	118	69	59	62	52	31	47	61	56	157	133	127	316	133	129	134	136	139	109	153	49	4	8
14:08:57	37.0	488	845	801	230	173	122	88	89	76	65	73	81	442	372	606	214	451	133	106	74	58	63	71	55	321	367	383	413	386	402	403	444	460	473	365	53	405	457	563	507	1059	1474	556	1158	524	498	472	65	144	315	163	103	70	62	54	58	60	52	48	61	134	116	145	326	133	120	136	140	137	140	136	58	0	17
14:12:57	37.0	490	844	821	258	186	120	99	89	74	59	76	90	435	381	592	242	440	130	102	73	60	64	66	55	338	358	389	419	393	416	411	464	477	492	379	59	413	454	572	510	1095	1496	577	1170	540	501	482	63	136	319	149	103	71	64	60	63	47	34	40	57	143	135	122	328	121	134	135	132	127	131	139	53	7	6
14:16:57	37.0	484	860	820	240	173	128	103	78	67	67	68	88	436	382	593	222	422	113	98	87	77	74	68	63	342	360	381	427	395	417	404	457	491	484	401	53	410	445	573	509	1093	1513	587	1155	540	522	505	65	123	301	152	114	66	53	68	55	46	40	37	63	151	120	143	328	148	141	137	139	145	133	142	58	13	5
14:20:57	37.0	508	866	845	241	182	129	93	88	73	75	65	105	459	379	613	235	462	136	109	104	63	65	72	56	353	372	384	444	380	423	424	443	471	477	392	59	431	457	578	533	1102	1504	566	1184	550	539	491	50	133	308	149	112	71	68	63	49	50	47	49	51	146	127	138	354	146	139	145	137	140	132	144	61	7	11
14:24:57	37.0	506	851	870	228	175	129	104	90	82	55	71	90	451	401	604	226	437	124	103	67	82	56	75	59	349	385	392	452	406	409	446	441	495	472	393	57	422	481	583	517	1088	1535	613	1212	572	542	486	55	145	341	162	97	72	67	64	50	59	54	41	47	149	126	141	340	151	145	132	145	137	133	154	57	9	9
14:28:57	37.0	487	860	871	248	186	133	94	76	86	49	70	97	452	391	612	233	434	123	109	76	78	73	68	54	338	382	390	450	425	427	428	464	491	485	385	45	406	489	588	534	1111	1521	609	1170	561	537	507	53	130	321	152	113	72	62	62	67	62	54	38	59	153	129	134	327	141	136	137	141	151	134	141	61	14	13
14:32:57	37.0	514	845	861	252	184	120	93	89	72	60	82	96	477	393	628	244	470	119	96	78	60	63	68	52	370	393	402	457	395	416	431	474	512	514	407	59	411	464	591	548	1141	1573	610	1210	570	542	518	53	137	325	162	112	68	63	62	69	46	41	47	63	144	138	139	321	144	135	140	153	143	133	145	58	2	9
14:36:57	37.0	527	879	855	240	171	138	104	94	67	67	73	95	456	400	628	239	458	127	109	89	65	85	69	62	338	398	400	466	430	423	447	481	523	496	403	51	442	487	598	544	1111	1583	638	1223	580	543	492	64	143	334	162	104	70	61	57	65	62	33	39	71	154	121	142	343	155	157	149	148	147	134	149	56	16	6
14:40:57	37.0	526	890	878	255	173	137	111	84	68	79	74	103	453	426	631	225	469	129	116	65	78	62	77	51	353	405	421	450	435	457	452	490	514	509	399	60	423	488	618	549	1135	1556	622	1212	574	554	523	55	136	335	166	111	78	61	58	51	62	45	52	49	162	140	149	347	144	143	153	128	139	144	151	62	15	16
14:44:57	37.0	532	913	872	244	166	124	114	93	81	70	76	96	449	420	628	244	469	120	110	85	68	58	72	61	362	393	419	453	448	449	458	479	509	525	414	56	452	486	613	538	1147	1605	634	1219	588	557	533	60	143	330	165	116	68	75	73	65	50	50	51	59	164	129	143	352	148	135	141	156	141	144	155	68	5	13
14:48:57	37.0	522	890	885	259	189	133	103	88	77	66	85	100	462	409	629	237	488	137	103	96	71	70	63	71	385	419	406	454	433	442	481	488	523	509	414	67	467	493	608	535	1165	1610	617	1209	589	532	539	57	137	329	158	123	77	64	61	56	62	50	43	57	180	134	148	343	145	138	152	145	146	146	151	50	8	8
14:52:57	37.0	542	927	885	244	176	137	94	93	58	70	79	108	491	405	627	221	464	122	102	83	70	66	70	62	385	423	399	452	433	450	453	506	523	526	420	48	473	511	616	525	1159	1602	667	1233	597	574	558	65	144	324	158	116	72	64	64	47	53	50	33	60	176	144	148	344	155	154	149	154	153	147	145	57	15	17
14:56:57	37.0	543	907	874	256	183	140	97	94	78	63	87	107	476	418	622	233	473	132	97	85	75	72	80	54	372	417	443	450	447	455	477	506	530	535	429	58	451	526	617	561	1169	1615	641	1258	603	586	539	61	138	344	154	101	79	66	69	49	45	55	57	69	159	131	136	347	150	146	142	140	152	146	168	56	5	14
15:00:57	37.0	540	903	892	248	170	140	105	78	57	82	75	107	483	416	629	245	482	128	110	81	74	78	73	68	373	406	442	487	422	464	480	507	556	514	417	60	451	511	621	570	1199	1613	657	1263	617	587	555	52	144	359	172	121	70	72	60	64	55	53	40	56	159	138	162	337	155	135	149	144	169	158	156	67	5	11
15:04:57	37.0	550	933	913	253	177	132	104	86	71	72	74	119	477	397	649	230	495	124	106	83	71	73	70	63	391	423	443	488	440	479	475	511	560	545	445	52	478	517	617	585	1185	1625	661	1261	618	568	558	62	140	360	173	116	76	68	66	63	41	42	41	56	177	152	152	359	165	145	153	164	145	162	160	65	15	10
15:08:57	37.0	532	946	925	266	182	147	97	93	79	68	80	102	494	427	663	233	507	124	105	88	68	73	68	63	394	429	446	493	448	478	486	512	555	533	428	50	478	527	625	567	1207	1688	663	1273	613	569	574	54	152	363	167	107	72	69	66	59	56	39	39	57	157	152	148	362	163	149	152	176	158	149	162	62	11	6
15:12:57	37.0	568	931	937	249	187	130	101	84	90	72	74	120	482	408	653	239	494	124	121	88	68	76	67	56	396	448	433	512	457	484	489	515	561	559	441	63	462	530	636	594	1232	1666	654	1273	614	591	583	66	136	358	183	133	68	60	68	74	40	53	46	61	168	143	141	360	162	151	167	149	154	148	165	61	23	10
15:16:57	37.0	548	941	935	267	196	134	107	92	74	82	80	107	472	411	666	242	537	132	106	86	78	67	70	61	388	428	453	505	455	472	491	541	567	544	453	53	488	533	629	557	1201	1666	688	1282	629	597	575	59	146	360	175	115	79	66	65	58	45	47	41	66	173	159	155	372	158	159	168	168	154	143	170	61	6	9
15:20:57	37.0	534	944	963	267	187	137	107	105	86	81	70	119	472	423	641	230	493	133	111	71	67	56	86	54	394	441	457	501	475	484	519	562	577	569	448	44	478	535	661	574	1238	1711	700	1284	604	617	581	55	138	367	164	119	68	66	63	70	59	44	48	55	187	132	152	375	152	153	159	150	163	157	159	61	17	6
15:24:57	37.0	555	946	920	259	179	129	98	96	75	59	85	120	498	442	669	241	515	133	121	74	75	71	69	62	408	444	464	516	480	510	507	540	603	557	453	71	469	549	645	580	1244	1729	697	1288	618	630	584	53	141	355	173	115	69	60	72	58	64	48	38	57	166	165	153	362	154	163	160	162	181	145	162	64	9	19
15:28:57	37.0	561	953	919	262	191	139	109	98	78	81	87	109	508	422	679	240	514	133	107	79	81	72	85	72	409	474	459	512	482	492	507	550	588	573	467	59	483	530	654	587	1252	1715	712	1276	626	628	577	61	154	360	177	123	65	61	73	60	43	52	48	56	183	161	156	366	171	159	166	187	152	151	162	56	22	15
15:32:57	37.0	563	968	951	257	186	141	100	98	73	71	87	122	504	426	674	235	520	143	123	111	76	68	86	60	409	443	499	537	488	507	544	560	585	567	458	52	507	557	668	602	1263	1709	700	1295	645	627	593	57	148	367	171	105	76	72	59	53	53	47	48	53	180	149	156	362	168	156	163	158	153	160	184	60	2	9
15:36:57	37.0	569	974	948	257	186	149	104	92	81	80	75	120	465	441	687	251	517	121	108	86	80	74	76	62	410	469	490	540	483	507	533	560	594	581	461	67	514	545	653	586	1269	1736	708	1324	666	611	598	60	157	382	174	127	71	62	67	63	50	52	52	65	162	172	161	371	151	167	166	153	158	159	167	61	6	13
15:40:57	37.0	570	995	963	276	190	138	112	91	72	80	75	114	492	443	685	240	516	139	106	83	71	68	65	65	420	481	485	536	486	515	534	573	617	573	467	53	506	563	659	609	1257	1741	729	1347	668	623	619	72	146	388	172	114	71	63	68	67	54	53	48	55	191	150	157	351	167	168	168	171	164	170	170	61	2	0
15:44:57	37.0	584	973	970	251	178	152	107	98	78	75	79	106	505	433	673	241	545	130	118	81	71	77	79	64	409	469	487	541	485	515	542	567	653	589	468	59	517	576	687	639	1293	1748	729	1367	651	636	611	64	150	387	188	125	72	63	61	70	54	63	43	63	190	154	154	382	165	154	164	178	197	158	173	68	16	8
15:48:57	37.0	588	987	969	278	200	143	98	96	73	81	92	117	521	427	681	254	522	141	123	77	80	77	74	68	416	462	494	541	502	525	546	582	639	585	473	79	494	581	692	603	1269	1739	742	1354	639	647	622	57	150	386	167	103	67	69	65	61	66	40	51	64	182	158	161	384	156	157	171	180	171	166	166	70	18	19
15:52:57	37.0	587	1004	991	267	180	136	114	111	71	81	80	117	508	468	701	264	545	138	113	86	81	76	91	61	418	472	490	556	513	542	554	586	630	578	492	63	511	580	697	628	1297	1774	718	1340	651	644	637	61	151	393	172	110	73	60	74	58	51	52	48	53	182	158	151	371	181	176	166	161	182	170	180	72	8	11
15:56:57	37.0	592	1028	1014	269	187	149	111	100	64	70	81	107	508	471	691	272	559	142	112	86	73	74	73	66	418	475	478	575	521	548	563	584	628	589	496	61	526	600	704	619	1301	1770	735	1364	672	659	641	56	154	400	169	124	79	60	74	73	60	50	53	58	182	147	159	398	163	177	172	171	174	170	168	70	13	12
16:00:57	37.0	585	1004	963	282	204	142	113	103	88	64	77	113	529	465	712	253	553	146	115	98	78	83	79	73	442	483	507	593	524	530	559	589	657	609	500	59	528	580	704	612	1303	1788	746	1345	690	661	655	75	161	403	189	124	64	71	65	68	64	41	41	72	182	149	167	378	180	177	163	181	181	170	197	64	5	12
16:04:57	37.0	571	1009	988	275	205	136	106	110	84	83	78	114	510	449	700	239	536	146	124	102	79	75	79	74	425	495	513	584	506	563	570	611	657	609	502	61	548	605	725	668	1340	1814	746	1377	678	685	628	70	145	387	171	126	77	66	69	65	42	52	47	58	192	155	168	416	168	170	177	172	188	170	190	68	2	10
16:08:57	37.0	587	1004	998	286	194	149	104	94	90	71	77	120	536	446	703	251	546	133	105	95	74	72	64	55	468	510	528	576	535	566	603	615	667	593	507	64	521	598	723	649	1326	1791	757	1343	682	675	681	64	154	390	180	152	85	72	64	72	62	57	50	55	202	165	155	400	186	167	190	188	205	176	177	74	0	6
16:12:57	37.0	616	1034	1013	265	188	146	113	103	82	82	90	112	537	472	689	255	558	147	107	94	78	86	79	53	435	505	513	574	526	548	592	608	656	603	517	61	545	607	721	666	1369	1824	813	1364	698	664	663	66	148	398	192	130	71	56	72	62	59	50	61	65	226	145	176	395	169	161	171	183	161	170	191	61	4	1
16:16:57	37.0	602	994	1014	269	202	139	107	88	76	75	91	121	539	475	687	241	557	140	116	98	87	77	80	64	451	511	536	578	542	549	602	631	673	616	519	61	546	642	713	657	1363	1846	778	1383	685	686	684	58	163	408	184	124	78	80	80	57	56	65	40	70	198	173	175	400	176	170	178	187	170	199	175	59	15	16
16:20:57	37.0	576	1015	991	277	205	154	115	103	76	71	83	125	536	483	688	248	573	143	124	101	76	82	73	67	463	517	523	588	546	572	602	619	681	613	528	69	533	630	742	682	1385	1854	797	1395	687	711	685	63	161	413	179	121	75	79	75	80	58	42	48	64	209	169	184	421	185	180	164	210	180	184	188	65	13	8
16:24:57	37.0	629	1047	1000	265	201	155	100	111	74	81	80	116	532	461	717	250	563	150	128	66	65	79	84	75	460	532	536	595	522	569	600	635	678	646	524	58	578	613	710	657	1364	1887	773	1409	711	683	682	68	156	411	196	126	80	75	72	74	56	49	58	67	206	171	181	426	199	172	178	177	183	181	200	64	2	16
16:28:57	37.0	617	1031	1027	276	197	158	118	101	89	86	72	126	541	457	717	279	588	144	128	100	88	73	81	62	469	529	530	607	565	607	619	624	683	648	532	62	569	639	749	665	1410	1905	789	1407	708	690	671	69	157	425	180	130	68	68	74	63	72	48	60	66	217	158	185	403	186	186	191	200	164	187	207	69	14	21
16:32:57	37.0	639	1052	1022	281	214	160	122	107	83	71	72	127	545	474	727	279	578	154	113	91	83	64	80	66	466	544	525	612	561	572	598	619	677	656	532	75	567	630	744	663	1384	1870	791	1421	749	703	714	62	161	414	174	153	77	73	82	72	52	45	68	61	206	175	185	396	190	190	183	202	188	172	207	72	10	4
16:36:57	37.0	639	1074	1050	289	196	138	117	112	81	72	84	115	559	448	723	257	574	148	123	90	84	75	81	68	482	530	541	612	553	574	621	671	691	645	558	60	560	632	746	666	1397	1914	794	1461	691	716	704	62	163	437	185	123	87	70	79	73	74	54	55	75	223	171	197	420	185	183	184	219	169	180	204	70	20	10
16:40:57	37.0	625	1058	1040	279	195	153	114	103	94	74	92	101	561	487	722	258	589	145	116	100	85	86	78	66	474	537	544	631	563	596	656	648	692	655	565	66	579	622	757	685	1411	1897	805	1434	753	709	723	54	161	412	186	129	84	78	73	73	55	50	63	56	212	165	190	417	181	179	178	192	198	195	197	59	12	3
16:44:57	37.0	634	1109	1059	272	206	157	111	103	96	72	99	129	557	475	738	235	566	148	109	108	75	76	83	56	481	546	551	639	555	604	642	686	708	675	574	66	616	648	765	686	1427	1910	817	1450	757	722	742	67	162	431	174	132	88	83	72	76	56	50	45	66	227	186	180	422	189	189	194	210	195	180	195	62	6	14
16:48:57	37.0	640	1072	1066	285	224	161	115	112	91	82	76	131	554	490	739	265	570	131	116	97	83	75	80	70	485	563	563	622	574	613	624	676	717	684	576	64	592	632	787	677	1430	1943	813	1455	758	742	736	63	179	438	206	130	86	75	68	73	53	41	45	67	212	174	184	426	188	192	196	217	179	190	202	67	15	21
16:52:57	37.0	631	1084	1043	290	208	158	112	107	93	85	91	127	569	486	708	251	583	145	123	84	78	79	80	66	486	551	577	638	570	607	651	672	714	680	551	67	601	657	761	689	1412	1931	815	1474	735	713	715	70	165	444	185	132	87	72	74	78	61	56	60	68	208	177	197	421	188	195	196	198	192	200	205	72	11	9
16:56:57	37.0	626	1035	1062	303	214	159	116	109	95	70	84	131	582	497	747	268	588	146	125	101	81	92	82	80	479	552	569	650	581	625	661	655	701	671	575	76	618	662	804	678	1412	1920	853	1447	758	761	748	68	176	446	187	140	73	80	76	66	59	48	59	65	224	190	180	405	204	188	211	201	196	174	213	64	14	15
17:00:57	37.0	648	1089	1070	279	208	159	119	98	100	78	81	113	557	489	719	256	601	145	117	104	80	84	85	73	491	556	574	654	597	615	657	672	747	672	557	72	627	632	775	699	1467	1973	868	1464	776	748	726	66	170	442	186	126	89	75	69	93	56	61	49	76	225	196	203	414	187	187	201	212	204	194	207	69	7	14
17:04:57	37.0	639	1104	1097	287	200	163	119	100	88	86	79	122	570	490	753	263	609	147	112	107	73	77	81	85	485	577	585	656	602	626	687	690	742	684	563	74	596	660	792	682	1474	2000	864	1496	770	776	733	68	158	449	187	137	79	72	85	83	53	51	48	69	229	175	193	417	193	189	212	200	206	201	212	61	4	9
17:08:57	37.0	647	1084	1063	283	219	152	114	107	96	91	91	124	568	490	724	263	612	154	124	84	85	85	93	68	495	568	591	672	572	646	677	690	748	712	600	61	612	664	798	704	1470	2015	850	1525	771	773	739	70	159	438	185	142	87	71	75	74	64	65	41	62	216	181	186	431	189	213	210	214	205	197	206	60	0	12
17:12:57	37.0	684	1078	1075	285	218	150	120	99	86	74	81	130	575	492	745	278	618	153	134	105	79	73	81	73	507	570	572	651	604	638	678	700	748	724	591	71	606	687	796	691	1443	2058	877	1466	758	762	757	66	157	450	184	130	88	83	78	85	55	60	44	62	238	184	199	440	206	199	211	225	218	212	204	82	13	4
17:16:57	37.0	663	1095	1102	290	219	173	116	101	95	89	100	128	579	490	742	281	612	152	128	84	87	87	81	75	510	551	597	664	598	649	679	700	778	692	593	57	613	694	810	731	1487	2048	865	1513	813	769	777	65	162	464	185	130	83	80	99	82	57	66	49	68	225	205	210	441	188	188	210	205	196	190	214	72	13	14
17:20:57	37.0	665	1148	1088	295	222	142	111	106	102	83	91	133	596	496	761	268	606	147	129	102	77	70	92	64	502	576	579	695	601	655	683	694	743	696	590	72	631	697	805	723	1496	2029	894	1499	805	780	770	74	166	448	199	129	86	80	80	82	52	46	54	77	236	198	196	461	202	204	232	223	210	214	226	63	23	8
17:24:57	37.0	657	1125	1100	308	222	168	140	96	99	83	86	131	575	490	754	258	614	146	128	90	82	90	84	61	506	570	597	686	622	637	699	705	727	688	580	64	638	700	809	723	1520	2077	867	1479	781	762	751	68	175	459	191	143	88	71	77	82	67	50	60	74	217	204	201	443	205	203	229	213	202	196	209	65	13	9
17:28:57	37.0	681	1124	1130	297	210	175	118	111	88	87	89	134	585	511	734	270	600	135	120	99	85	85	94	74	499	602	620	692	627	644	705	708	750	704	591	66	655	691	812	738	1504	2040	893	1497	813	789	766	64	175	455	193	141	90	78	81	81	62	56	60	73	231	192	209	462	200	210	201	237	192	198	228	70	12	9
17:32:57	37.0	679	1125	1128	292	222	162	116	106	88	77	83	135	578	498	764	269	633	146	123	105	100	85	86	66	533	588	611	678	628	630	709	730	758	727	602	61	664	708	806	740	1523	2080	908	1537	832	803	767	80	169	468	193	122	78	71	82	78	56	56	54	75	230	216	198	461	214	191	220	232	221	206	229	70	13	7
17:36:57	37.0	684	1136	1122	299	220	159	124	109	90	93	88	140	590	506	763	269	606	141	137	110	85	80	85	72	536	605	606	692	648	664	719	735	762	727	609	66	655	669	819	724	1521	2061	902	1536	820	795	768	66	174	478	194	142	72	76	74	82	63	53	64	65	248	208	218	449	219	205	218	230	222	201	231	62	12	4
17:40:57	37.0	692	1179	1135	290	220	178	129	110	81	79	85	125	582	532	787	272	626	155	125	106	71	79	79	71	539	600	629	693	625	658	718	747	779	733	631	76	657	703	809	757	1516	2098	924	1557	831	792	792	68	173	471	199	129	84	88	75	74	64	75	51	76	234	198	211	467	213	217	223	222	216	209	227	72	14	5
17:44:57	37.0	668	1157	1121	301	229	165	126	102	89	77	102	128	604	529	784	286	607	155	136	102	92	93	99	74	522	603	612	701	642	662	712	721	784	752	623	56	668	735	816	735	1547	2104	924	1530	818	839	790	74	166	482	197	148	95	83	85	78	56	63	61	70	236	202	198	468	213	215	223	233	225	220	221	75	17	12
17:48:57	37.0	684	1143	1121	292	232	173	125	107	85	86	87	128	594	501	780	279	622	158	129	105	89	84	93	86	532	600	624	713	640	654	721	722	780	746	610	68	661	733	864	757	1555	2127	926	1587	827	822	797	66	164	463	201	148	87	87	93	91	66	60	50	77	247	207	198	457	223	195	216	244	219	224	238	78	11	13
17:52:57	37.0	713	1168	1161	304	232	168	119	116	97	93	83	131	613	529	801	271	628	149	127	90	97	88	90	74	540	621	638	701	658	679	721	755	782	733	647	82	654	708	860	733	1566	2128	912	1554	811	820	796	69	177	472	191	140	84	82	88	78	61	60	58	75	260	208	212	470	214	226	232	233	214	222	221	67	6	15
17:56:57	37.0	708	1190	1163	296	221	167	129	116	100	99	84	142	615	513	792	281	645	149	130	89	84	74	83	65	545	598	632	704	663	693	729	737	796	762	641	76	670	696	830	763	1582	2122	936	1574	838	832	800	67	172	469	209	141	91	78	83	79	53	62	57	60	250	230	225	479	203	207	238	239	222	214	239	65	21	7
18:00:57	37.0	692	1186	1156	310	221	171	125	117	103	83	95	154	611	514	769	292	630	165	133	88	91	74	93	87	540	608	622	715	678	691	753	735	773	767	645	63	667	712	859	767	1560	2136	936	1555	854	853	796	67	172	480	200	133	85	80	88	83	63	51	58	52	243	199	219	477	213	223	236	232	232	227	245	76	4	14
18:04:57	37.0	693	1154	1150	300	221	158	133	116	92	85	102	138	625	538	779	297	654	153	141	102	93	87	80	79	553	617	628	734	666	686	755	737	794	778	669	76	683	726	839	800	1590	2159	943	1573	834	846	816	67	184	492	209	147	90	83	73	84	68	56	49	72	246	218	208	464	205	226	228	228	231	219	245	77	16	24
18:08:57	37.0	712	1157	1175	302	224	167	124	107	99	81	91	147	618	513	773	274	643	155	142	95	77	78	92	82	560	643	628	714	679	675	764	733	781	790	645	70	697	739	856	777	1607	2222	940	1574	856	845	821	77	174	494	203	143	80	92	81	76	64	58	52	75	255	208	219	486	218	221	232	233	220	223	243	70	10	18
18:12:57	37.0	707	1183	1138	307	225	176	129	109	88	92	102	135	613	531	786	283	651	150	137	104	84	91	87	77	558	647	640	743	681	692	771	777	784	760	682	77	671	759	864	770	1610	2179	983	1538	851	879	813	79	175	474	202	144	86	78	89	73	61	56	53	61	269	217	216	470	223	226	268	243	241	239	248	65	15	6
18:16:57	37.0	713	1198	1148	300	227	180	122	108	101	78	93	134	605	550	791	280	657	154	130	82	90	83	94	75	574	659	641	752	688	713	756	768	803	796	668	78	707	724	864	792	1601	2233	944	1624	884	865	811	85	172	492	176	133	78	88	94	92	63	54	53	76	252	229	226	490	232	215	249	261	232	239	246	76	12	4
18:20:57	37.0	706	1193	1177	316	231	172	125	119	106	106	105	132	611	558	787	266	650	162	137	119	89	88	97	73	568	636	654	732	663	694	768	776	794	808	671	81	704	742	888	773	1588	2211	936	1594	880	878	835	76	164	520	195	138	90	79	77	81	56	54	56	81	252	218	227	475	223	230	259	241	239	212	247	78	16	10
18:24:57	37.0	722	1213	1176	315	221	165	135	100	95	91	104	130	616	548	791	299	680	163	126	110	96	76	94	81	572	620	644	738	689	730	767	766	808	799	677	67	706	741	887	792	1639	2211	987	1629	869	875	826	70	164	502	202	147	91	84	86	89	55	66	50	55	258	229	230	483	242	218	254	256	235	225	258	87	4	15
18:28:57	37.0	700	1231	1200	302	218	157	131	114	100	76	110	134	645	539	797	297	662	151	126	108	88	72	88	86	584	625	654	767	697	728	757	786	821	808	686	79	700	742	873	806	1651	2262	987	1671	869	891	827	77	192	508	203	130	99	79	77	77	66	48	47	76	253	227	244	471	248	222	263	234	249	235	244	76	9	8
18:32:57	37.0	727	1222	1203	305	240	176	133	105	103	81	91	143	630	560	810	281	678	159	126	99	92	71	109	78	576	657	663	752	692	720	754	787	814	838	682	76	678	735	894	787	1667	2260	968	1623	871	897	869	63	174	507	202	142	82	88	86	96	59	52	56	65	263	224	244	494	228	233	250	258	244	250	256	80	15	25
18:36:57	37.0	745	1222	1198	308	233	168	133	120	95	89	100	142	657	558	809	275	683	154	147	98	102	85	102	87	591	673	645	756	717	731	772	794	807	835	683	75	718	778	894	837	1676	2239	978	1650	896	883	833	68	179	525	215	139	85	90	83	96	63	60	49	74	253	227	246	488	237	236	259	234	232	237	257	82	7	11
18:40:57	37.0	740	1216	1216	320	228	168	136	119	78	88	94	141	647	562	802	301	691	159	142	113	86	96	93	82	604	660	673	765	721	726	817	780	804	836	696	71	728	750	923	849	1662	2314	1017	1635	899	922	815	76	193	539	208	143	91	85	90	84	58	56	57	78	277	235	240	493	229	238	266	242	239	248	276	81	13	17
18:44:57	37.0	728	1250	1213	305	232	192	149	119	88	93	98	140	651	571	821	275	693	163	130	110	87	91	87	84	623	666	679	775	689	739	801	826	823	838	703	81	722	745	886	838	1644	2329	1022	1676	905	938	841	73	181	533	225	146	85	96	87	89	66	55	73	72	280	224	232	522	235	238	265	249	239	260	257	84	11	11
18:48:57	37.0	739	1233	1217	319	228	171	128	125	104	91	97	139	642	574	821	282	685	154	145	105	89	95	94	81	626	689	694	747	726	749	783	820	826	857	712	80	713	768	885	828	1702	2297	1015	1646	914	911	811	79	175	527	224	149	98	96	79	80	68	53	54	74	282	222	237	504	224	247	281	267	265	248	256	74	14	1
18:52:57	37.0	758	1236	1244	324	219	173	125	123	93	95	109	148	652	578	815	289	714	160	149	108	91	78	96	84	606	667	683	770	730	740	782	811	843	849	724	67	727	759	904	851	1693	2343	1036	1700	921	942	834	85	204	538	205	144	90	85	78	90	60	55	53	77	284	237	247	515	244	246	252	284	246	249	265	77	10	22
18:56:57	37.0	790	1270	1233	327	233	175	130	126	97	102	95	153	674	557	812	278	702	160	137	108	87	82	81	79	630	686	659	780	707	746	834	817	837	836	720	68	703	772	920	870	1676	2352	1033	1678	920	961	844	82	182	526	218	137	92	73	84	80	70	69	64	77	281	248	225	522	231	257	260	273	250	239	266	73	6	19
19:00:57	37.0	733	1259	1232	319	239	177	123	132	97	87	89	151	674	577	819	302	715	157	146	94	89	98	89	80	626	676	687	765	704	737	819	838	845	863	706	73	719	794	906	861	1703	2370	999	1726	941	964	841	76	179	537	206	160	90	81	95	89	61	61	59	70	274	245	237	517	244	260	274	289	272	247	278	70	8	4
19:04:57	37.0	762	1285	1221	314	233	176	132	133	101	99	98	159	642	562	814	280	727	159	130	111	86	85	97	92	634	687	685	801	727	761	829	842	823	850	729	77	724	785	907	871	1766	2372	1026	1667	947	956	851	79	186	551	216	138	97	80	78	83	62	67	46	88	280	240	260	539	260	247	279	278	274	253	260	79	9	16
19:08:57	37.0	762	1273	1291	320	236	184	136	116	95	81	90	152	664	563	840	293	707	159	147	113	104	94	96	82	636	688	681	774	729	747	822	830	821	882	753	78	721	784	916	872	1745	2416	1035	1714	950	988	837	79	180	560	201	155	93	95	80	78	67	54	65	72	248	234	238	516	233	244	267	265	247	251	281	69	12	17
19:12:57	37.0	750	1261	1259	333	248	173	126	128	99	84	107	146	630	607	841	297	703	155	141	118	100	93	93	80	633	704	687	771	760	769	810	847	834	884	713	77	737	801	928	893	1761	2387	1038	1719	949	989	844	86	178	548	208	139	98	96	81	92	55	59	60	78	267	250	258	524	245	259	275	269	251	256	274	79	19	16
19:16:57	37.0	783	1274	1274	330	245	176	141	142	103	88	102	155	673	601	830	282	726	164	147	98	97	92	90	79	653	711	675	817	752	768	820	876	855	873	724	75	706	800	928	892	1772	2437	1091	1680	970	952	850	75	181	572	224	142	95	78	85	86	64	71	56	68	286	239	250	528	253	263	268	266	268	254	289	71	5	14
19:20:57	37.0	780	1299	1265	329	230	185	131	128	96	90	107	143	675	597	841	297	734	170	136	105	106	89	99	86	644	718	724	801	751	781	841	837	853	903	755	88	703	810	945	885	1763	2437	1059	1724	961	979	857	74	196	576	219	150	91	91	83	104	60	53	56	79	266	256	248	555	251	258	272	284	257	246	269	86	10	8
19:24:57	37.0	821	1294	1316	331	262	190	128	128	104	83	100	155	665	597	838	290	730	185	144	130	99	81	84	85	662	704	700	801	733	765	837	871	875	917	762	91	706	769	911	885	1767	2448	1089	1683	962	992	836	81	179	570	223	135	89	81	89	93	66	64	58	77	278	244	254	539	249	266	282	283	237	267	276	71	0	12
19:28:57	37.0	777	1294	1296	330	245	176	139	131	116	111	103	148	656	586	858	300	743	145	139	116	80	104	97	84	664	716	709	780	731	769	843	875	860	928	752	80	739	807	930	915	1805	2477	1076	1729	965	993	856	74	189	564	228	151	96	85	96	99	68	61	57	75	288	243	267	549	258	252	304	269	275	271	288	78	12	15
19:32:57	37.0	789	1291	1307	343	228	176	132	126	111	93	91	151	661	609	837	283	747	168	146	106	102	87	90	78	668	704	701	784	760	768	836	891	874	915	729	62	740	818	971	908	1783	2476	1082	1783	979	1000	841	75	180	562	221	155	101	88	76	97	79	43	67	75	266	247	249	533	256	255	289	296	257	270	287	79	6	7
19:36:57	37.0	800	1289	1315	320	257	191	132	128	112	100	104	152	667	592	856	301	758	172	134	110	106	99	99	97	668	707	699	808	754	763	857	879	886	925	761	77	728	797	955	919	1811	2472	1100	1734	991	1008	855	74	183	576	220	142	98	83	85	97	62	55	52	81	289	257	260	519	252	254	289	288	268	265	285	75	16	15
19:40:57	37.0	790	1325	1321	335	263	203	134	128	106	81	102	152	677	617	891	302	746	165	130	118	95	90	113	79	677	702	703	835	750	802	858	882	893	932	781	71	722	794	967	931	1804	2488	1099	1760	964	1008	856	70	179	559	213	162	90	94	95	96	82	58	50	77	282	250	258	563	270	249	295	276	265	271	292	86	15	20
19:44:57	37.0	786	1335	1292	345	234	186	133	122	120	97	99	152	690	608	849	306	756	166	143	115	103	95	98	91	676	729	722	818	785	803	879	899	890	948	748	79	721	832	977	927	1825	2515	1108	1788	982	1031	856	81	181	586	228	150	108	84	94	83	75	52	69	72	287	256	254	544	297	262	290	301	255	270	280	73	3	5
19:48:57	37.0	803	1331	1302	331	248	180	132	127	102	102	100	150	674	597	862	313	776	168	137	119	101	103	102	94	680	737	718	814	766	810	869	872	864	925	757	86	735	836	975	917	1875	2592	1090	1786	973	1021	868	73	189	582	231	151	105	86	82	93	79	52	61	79	289	254	248	549	260	274	273	300	256	276	291	83	16	14
19:52:57	37.0	805	1293	1320	352	250	180	140	127	118	100	97	147	685	612	842	297	778	173	153	128	99	88	95	94	720	709	727	865	781	805	868	889	885	971	769	81	712	824	973	950	1854	2542	1131	1773	969	1039	869	79	191	593	225	146	99	96	94	95	73	51	58	90	298	257	272	564	274	263	270	297	278	276	292	76	21	16
19:56:57	37.0	815	1328	1348	344	257	172	140	136	101	93	100	151	704	628	866	314	756	168	143	105	90	99	98	89	693	715	739	805	764	804	845	866	858	969	791	77	716	840	1025	955	1841	2553	1090	1747	997	1037	882	87	188	564	227	148	94	89	86	94	64	53	58	93	279	257	266	552	262	268	289	318	254	277	297	71	9	15
20:00:57	37.0	828	1349	1327	356	246	182	149	132	106	104	109	149	691	624	855	307	771	174	128	123	96	85	103	74	723	737	739	815	777	795	888	881	901	984	775	78	727	836	994	980	1868	2553	1143	1809	1006	1020	848	72	183	602	223	164	97	83	102	96	70	70	54	80	276	264	254	555	273	261	269	318	280	278	295	85	9	9
20:04:57	37.0	823	1307	1342	341	267	186	141	126	105	103	99	174	718	615	871	300	792	176	150	127	93	92	101	99	720	737	747	842	782	800	869	906	917	996	776	78	732	838	992	983	1894	2582	1111	1757	1031	1053	881	62	185	604	222	159	95	80	87	92	72	69	54	80	305	268	251	560	276	276	282	316	282	289	297	78	8	13
20:08:57	37.0	819	1318	1371	341	249	186	142	130	119	95	103	162	717	641	860	322	791	165	154	117	89	107	91	87	692	730	732	836	782	832	875	916	885	1000	783	84	711	870	994	971	1940	2591	1125	1765	1015	1040	882	72	197	589	229	172	102	81	93	90	66	49	58	73	310	240	264	547	286	269	294	303	297	280	293	76	17	20
20:12:57	37.0	827	1354	1383	348	250	185	134	135	107	113	98	157	713	638	873	308	781	179	138	122	96	94	103	95	717	738	728	834	825	831	869	917	883	1016	790	88	719	844	1019	959	1908	2629	1132	1835	1014	1065	872	78	197	598	243	151	95	97	106	85	71	60	64	97	302	239	273	543	285	284	288	325	265	293	311	71	22	14
20:16:57	37.0	810	1357	1376	348	252	197	126	127	112	114	117	158	727	615	855	310	786	180	147	132	103	92	103	94	729	754	742	836	790	793	884	932	882	986	801	82	724	863	1007	964	1918	2598	1143	1833	1002	1065	894	86	195	590	237	157	91	91	94	96	68	62	56	88	304	275	257	575	292	263	295	322	282	295	300	83	11	10
20:20:57	37.0	859	1340	1366	336	237	202	146	135	103	109	107	159	698	641	879	311	800	182	151	119	115	97	104	88	747	751	742	835	809	793	879	898	908	999	780	84	734	855	1024	992	1944	2661	1169	1817	1011	1103	898	83	187	600	235	162	99	88	93	94	80	68	60	79	313	273	270	572	289	293	304	325	291	296	303	87	12	8
20:24:57	37.0	853	1350	1338	352	261	191	146	129	123	89	108	166	703	626	888	303	817	174	160	116	107	112	96	91	766	745	769	851	789	799	905	936	884	1021	789	87	719	863	1021	978	1922	2688	1139	1848	1048	1051	886	85	191	585	223	152	106	97	100	88	61	53	62	79	324	270	270	587	296	289	304	325	270	291	307	66	11	12
20:28:57	37.0	870	1407	1357	355	260	195	145	130	110	104	100	152	713	630	902	318	797	184	162	118	104	101	91	86	758	775	757	841	794	816	886	925	876	1044	788	83	726	867	1041	996	1975	2630	1157	1835	1017	1124	869	78	198	586	231	148	87	87	94	92	85	62	66	81	319	277	269	538	295	301	294	330	282	305	306	68	16	6
20:32:57	37.0	882	1390	1398	361	242	184	143	122	110	97	111	165	707	649	930	328	816	174	160	125	118	77	98	77	770	744	753	856	832	821	897	939	917	1034	813	80	724	878	1042	1010	2007	2670	1169	1855	1034	1065	867	78	195	626	229	167	103	90	95	94	70	70	66	90	323	272	269	560	289	294	305	341	268	305	338	74	9	8
20:36:57	37.0	845	1382	1370	364	255	176	149	142	106	92	105	173	761	645	889	310	815	170	149	132	105	98	97	85	764	779	742	886	795	802	940	953	913	1025	821	82	723	875	1026	1042	1992	2732	1169	1885	1020	1119	912	83	185	636	236	142	98	93	79	100	69	55	60	87	334	266	263	587	293	292	296	322	280	300	344	86	17	27
20:40:57	37.0	877	1372	1394	359	256	201	139	135	110	110	113	173	741	672	894	311	822	176	143	128	78	100	96	83	797	758	765	875	833	808	917	928	924	1030	823	78	714	880	1056	1028	1978	2694	1179	1809	1040	1133	884	79	193	602	242	161	103	90	87	84	77	64	69	84	319	278	279	589	305	306	309	323	292	297	330	76	15	11
20:44:57	37.0	855	1411	1398	350	244	196	132	136	109	115	97	164	712	667	917	322	818	170	144	120	99	93	100	99	785	794	772	889	794	849	918	942	932	1042	822	82	740	884	1067	1019	2034	2716	1164	1847	1006	1122	934	90	197	605	238	170	99	83	88	99	81	47	62	84	319	286	291	573	291	306	293	339	280	305	321	83	10	3
20:48:57	37.0	881	1399	1439	361	250	195	150	149	105	108	112	164	750	651	930	334	826	169	158	129	108	111	100	89	796	781	765	893	822	825	932	966	941	1064	819	83	743	879	1040	1039	2005	2756	1180	1866	1037	1104	904	71	178	628	230	155	96	80	98	94	72	55	61	85	308	306	277	555	288	306	314	328	273	306	340	83	11	4
20:52:57	37.0	892	1423	1427	365	269	195	144	126	120	117	112	176	751	673	884	305	821	169	170	120	112	100	116	83	805	772	771	890	821	843	919	950	957	1089	815	83	749	911	1050	1027	2067	2791	1189	1924	1049	1124	916	84	191	618	233	158	101	81	104	91	73	68	61	83	316	283	293	588	306	307	319	338	301	291	334	85	3	12
20:56:57	37.0	880	1417	1454	345	266	191	148	141	111	97	107	173	750	690	890	301	877	182	159	124	111	103	112	84	801	783	763	867	845	810	950	981	923	1066	846	84	725	905	1080	1056	2060	2727	1182	1909	1034	1141	916	73	202	617	239	166	101	93	94	107	80	64	59	86	325	292	294	601	310	323	310	327	293	297	351	91	21	18
21:00:57	37.0	898	1423	1431	357	263	190	143	134	111	119	101	171	760	672	913	315	836	177	159	125	110	96	100	93	784	775	776	868	826	841	945	962	940	1073	838	87	733	889	1066	1064	2084	2784	1166	1885	1033	1141	929	88	205	623	244	158	111	99	90	94	63	75	73	89	348	268	281	575	318	306	323	343	293	295	354	77	12	18
21:04:57	37.0	910	1435	1450	364	264	197	132	135	112	101	111	174	744	674	917	330	864	175	145	131	93	108	95	91	815	790	760	877	830	859	955	992	967	1075	827	102	716	917	1088	1073	2064	2805	1213	1924	1020	1116	926	87	201	621	223	155	102	78	74	94	81	63	52	74	331	278	271	604	293	316	306	333	287	325	332	90	7	0
21:08:57	37.0	901	1423	1466	365	254	204	146	123	119	105	114	166	748	678	933	335	837	178	155	136	105	90	98	91	814	788	741	882	818	832	954	1031	947	1093	829	96	738	928	1085	1060	2022	2871	1196	1925	1040	1133	915	90	193	645	239	147	99	89	91	101	62	55	56	79	330	295	276	599	308	319	324	318	293	312	349	80	1	10
21:12:57	37.0	901	1448	1454	379	265	201	159	154	108	105	111	176	752	682	930	317	842	168	157	110	111	110	101	94	832	789	787	899	848	845	926	980	948	1078	849	82	749	924	1100	1069	2078	2841	1176	1903	1037	1147	921	88	188	627	242	161	106	86	99	90	72	68	60	86	332	294	305	606	310	309	329	329	301	313	346	78	8	12
21:16:57	37.0	901	1453	1493	357	264	200	150	135	116	109	126	165	777	688	926	329	851	185	152	130	111	102	100	96	829	789	782	899	832	831	930	1009	968	1102	847	80	757	916	1131	1093	2120	2820	1201	1861	1037	1155	934	79	196	629	241	175	110	87	95	101	76	72	56	85	329	286	282	602	287	323	330	339	306	309	364	84	24	15
21:20:57	37.0	894	1463	1477	371	270	203	153	135	105	114	110	179	785	697	940	323	857	185	148	129	102	94	103	82	833	774	778	890	847	864	947	1021	951	1110	853	78	749	911	1108	1063	2109	2857	1218	1864	1038	1119	925	88	203	635	232	157	98	93	106	93	76	66	64	89	333	291	296	621	308	322	308	361	292	324	359	84	0	25
21:24:57	37.0	922	1465	1449	370	269	189	163	129	113	105	131	170	765	680	933	353	896	189	154	136	110	94	114	94	830	814	800	886	832	859	944	1001	968	1109	861	82	768	912	1098	1095	2160	2929	1215	1940	1061	1160	938	92	211	635	257	160	101	96	80	92	69	57	57	89	339	308	299	628	316	311	329	357	303	312	349	73	14	18
21:28:57	37.0	914	1469	1471	374	273	198	141	140	114	118	104	173	750	692	945	319	876	178	155	135	101	84	108	98	836	804	786	931	811	864	971	1019	946	1124	855	78	765	913	1119	1082	2145	2876	1199	1915	1050	1176	964	86	201	637	246	169	115	90	89	94	67	54	71	93	342	317	298	618	318	312	319	375	327	330	378	79	18	11
21:32:57	37.0	918	1493	1483	375	256	198	150	136	108	103	110	175	774	696	940	342	898	177	158	125	115	92	111	86	872	792	788	907	838	895	945	1031	978	1156	868	79	779	937	1129	1116	2155	2922	1250	1932	1076	1175	948	79	201	659	258	165	105	90	96	93	64	53	55	96	352	292	296	634	316	312	336	338	319	324	348	81	11	14
21:36:57	37.0	927	1487	1525	381	257	208	141	150	107	108	122	185	757	685	937	338	912	177	162	128	119	109	113	100	873	800	784	922	862	869	977	1049	962	1169	875	93	782	940	1118	1127	2173	2890	1203	1943	1073	1197	967	82	194	660	242	174	96	92	98	94	71	68	51	103	349	299	283	654	316	313	349	351	313	342	369	89	15	9
21:40:57	37.0	926	1521	1516	377	270	201	147	143	118	106	113	171	780	707	948	327	917	198	164	137	103	105	117	96	835	818	790	930	857	869	979	1019	968	1146	875	80	794	969	1156	1126	2209	2895	1238	1957	1078	1169	969	89	206	634	244	150	101	97	99	83	79	66	60	78	338	327	302	626	311	305	347	339	309	315	369	78	14	15
21:44:57	37.0	962	1512	1534	366	268	206	142	148	111	107	114	169	807	731	981	330	918	195	173	132	112	95	110	94	882	807	826	917	848	851	989	1049	947	1184	874	98	803	953	1174	1110	2206	2913	1219	1913	1050	1188	982	89	209	655	240	169	92	90	96	94	75	72	62	76	340	317	321	633	319	315	324	368	315	322	385	85	11	15
21:48:57	37.0	937	1543	1531	379	259	201	153	144	105	101	116	185	802	711	975	333	922	181	166	132	110	104	102	108	875	826	815	917	879	852	962	1066	960	1180	871	79	785	962	1169	1129	2223	2948	1234	1949	1060	1192	958	98	199	644	243	169	96	105	82	91	72	59	62	98	364	348	320	628	314	337	340	351	319	318	357	74	0	17
21:52:57	37.0	945	1500	1541	386	259	195	142	134	116	107	122	171	800	715	966	321	906	189	145	128	107	97	106	106	877	808	796	922	856	888	979	1065	1004	1177	907	89	791	970	1130	1120	2184	2991	1228	1942	1102	1194	987	83	196	647	252	165	105	91	92	97	77	63	60	92	358	308	315	640	320	315	334	344	308	331	379	93	7	10
21:56:57	37.0	935	1539	1537	384	266	207	155	140	113	112	121	167	775	730	991	358	931	197	161	131	130	105	108	89	894	817	796	935	849	872	1010	1037	987	1202	890	82	788	991	1150	1157	2226	2966	1245	2006	1100	1229	954	98	204	666	253	160	97	98	91	91	66	82	81	97	375	329	327	617	309	317	359	345	312	331	378	91	24	12
22:00:57	37.0	967	1535	1580	367	258	209	143	141	125	108	112	176	809	722	1001	329	928	181	166	129	108	94	106	87	884	824	828	950	884	874	986	1068	1003	1176	893	84	790	974	1151	1144	2252	3017	1237	1944	1077	1228	990	86	204	648	256	180	98	91	100	96	79	58	59	101	379	301	335	641	333	330	343	359	318	338	380	92	10	13
22:04:57	37.0	982	1562	1586	382	272	199	152	141	109	117	122	182	803	708	978	329	925	192	156	129	124	101	110	94	892	824	821	955	867	889	963	1101	990	1228	900	84	804	963	1156	1174	2269	3035	1256	2004	1091	1228	1000	75	213	651	240	160	105	94	103	98	60	58	45	80	355	313	331	645	332	310	311	379	311	339	356	81	11	14
22:08:57	37.0	942	1574	1536	399	267	202	149	128	124	120	112	182	799	740	974	332	964	197	164	112	102	114	115	92	902	833	834	954	872	872	1007	1071	1035	1204	913	86	784	1007	1158	1175	2276	3013	1253	1977	1119	1216	1008	96	212	654	252	179	93	104	99	102	65	66	52	80	343	316	322	604	329	342	351	369	310	343	397	90	6	9
0:00:00																																																																											
0:00:00																																																																											
0:00:00																																																																											
0:00:00																																																																											
0:00:00																																																																											
0:00:00																																																																											
0:00:00																																																																											
0:00:00																																																																											
0:00:00																																																																											
0:00:00																																																																											
0:00:00																																																																											
0:00:00																																																																											
0:00:00																																																																											
0:00:00																																																																											
0:00:00																																																																											
0:00:00																																																																											
0:00:00																																																																											
0:00:00																																																																											
0:00:00																																																																											
0:00:00																																																																											
0:00:00																																																																											
0:00:00																																																																											
0:00:00																																																																											
0:00:00																																																																											
0:00:00																																																																											
0:00:00																																																																											
0:00:00																																																																											
0:00:00																																																																											

BFP and GFP:370,445

Time	T° BFP and GFP:370,445	B1	B2	B3	B4	B5	B6	B7	B8	B9	B10	B11	B12	C1	C2	C3	C4	C5	C6	C7	C8	C9	C10	C11	C12	D1	D2	D3	D4	D5	D6	D7	D8	D9	D10	D11	D12	E1	E2	E3	E4	E5	E6	E7	E8	E9	E10	E11	E12	F1	F2	F3	F4	F5	F6	F7	F8	F9	F10	F11	F12	G1	G2	G3	G4	G5	G6	G7	G8	G9	G10	G11	G12	H11	H12
0:01:40	37.0	13806	13886	14015	14208	14121	14122	14341	14010	14051	13979	13882	14278	13885	14221	14364	14173	14480	14339	14345	14745	14212	14061	14271	14219	16709	14640	14739	14429	14951	15438	14815	14795	14515	14466	14552	14070	13821	13922	13956	14269	14220	13809	14557	14356	14190	14317	14070	14438	13648	14280	13078	20606	14498	14313	14104	14582	13814	13911	14486	14251	13329	13827	13954	13686	14003	14027	13818	13969	16323	13924	13787	14196	13856	14496
0:05:40	37.0	13605	13667	13748	13735	13792	13822	13954	13670	13692	13769	13450	14026	13601	14098	14005	13862	14161	14196	14126	14311	13964	13833	13962	14038	16144	14423	14436	14248	14410	15065	14531	14695	14053	14101	14287	13944	13449	13637	13651	13852	13850	13601	14462	14039	13990	14040	13900	14136	13498	14252	12777	20106	14272	14140	13752	14239	13693	13678	14075	13970	13017	13656	13573	13405	13647	13571	13573	13647	15778	13563	13458	13846	13584	14243
0:09:40	37.0	13318	13442	13477	13595	13686	13533	13772	13433	13556	13564	13389	13847	13464	13722	13738	14010	13920	13827	14057	14162	13802	13621	13919	13743	16123	14303	14154	13857	14018	14789	14205	14461	13856	13896	14015	13777	13362	13478	13379	13600	13632	13388	14229	13805	13771	13568	13577	13798	13050	13949	12564	19734	14132	14022	13491	13923	13587	13581	13770	13597	12897	13286	13447	13132	13426	13458	13298	13342	15818	13409	13222	13555	13431	14175
0:13:40	37.0	13192	13357	13139	13272	13471	13424	13508	13369	13253	13337	13094	13605	13176	13544	13526	13767	13747	13633	13736	14065	13681	13459	13623	13731	15805	14109	13902	13984	14092	14604	14065	14323	13676	13782	13706	13394	13259	13239	13366	13527	13443	13208	14074	13634	13497	13462	13321	13683	13146	13706	12466	19414	13843	13894	13447	13817	13349	13447	13794	13557	12709	13267	13190	13078	13144	13234	13134	13314	15720	13239	13152	13610	13131	13991
0:17:40	37.0	13149	13248	13211	13160	13292	13336	13404	13156	13215	13233	13220	13495	13228	13360	13463	13540	13561	13702	13672	13932	13521	13487	13546	13568	15706	13842	13921	13688	14079	14671	14023	14173	13647	13630	13766	13323	13230	13254	13170	13389	13480	13086	13757	13677	13351	13376	13242	13568	12977	13556	12402	19129	13689	13764	13292	13679	13284	13293	13635	13499	12665	13073	13092	13006	13173	13150	13206	13232	15601	13098	12928	13334	13216	13728
0:21:40	37.0	13086	13025	13122	13201	13077	13297	13376	13302	13213	13130	13076	13311	13024	13317	13472	13498	13616	13558	13511	13921	13495	13153	13554	13510	15621	13724	13766	13540	13854	14383	13766	14070	13430	13587	13733	13249	13007	13080	13107	13386	13215	12996	13786	13380	13337	13306	13162	13543	12808	13555	12397	18887	13604	13722	13236	13625	13028	13269	13494	13350	12584	13043	13119	12761	13264	13053	13048	13201	15481	13068	12815	13390	13172	13904
0:25:40	37.0	12984	13115	12956	13019	13191	13075	13264	13200	13058	13066	12935	13289	13027	13273	13281	13227	13443	13350	13387	13647	13291	13145	13237	13273	15269	13575	13635	13585	13640	14351	13854	13887	13433	13514	13473	13099	12852	12936	13039	13349	13093	12854	13598	13390	13089	13280	13239	13384	12770	13345	12279	18802	13540	13615	13156	13529	12927	13211	13330	13420	12544	12992	13000	12686	13052	12970	13107	13235	15288	13110	12875	13377	13037	13693
0:29:40	37.0	12920	12927	12915	13122	13084	13148	13234	13087	12969	13050	12906	13232	12912	13209	13100	13401	13286	13360	13301	13610	13204	13027	13246	13201	15358	13494	13561	13432	13729	14289	13674	13922	13404	13433	13454	13026	12873	12810	12922	13045	13000	12875	13518	13525	13117	13251	13106	13594	12707	13324	12224	18532	13552	13532	13179	13492	12937	12912	13364	13177	12490	12996	12958	12647	13044	13054	12874	13174	15143	12982	12868	13307	13057	13705
0:33:40	37.0	12904	12929	12828	12975	13039	12896	13211	13108	12975	12942	12996	13138	12890	13148	13061	13312	13281	13226	13316	13646	13038	13108	13230	13121	15297	13612	13444	13407	13628	14174	13651	13753	13159	13421	13449	12995	12968	12801	12914	12939	13022	12809	13397	13489	13059	13148	12957	13466	12591	13292	12221	18590	13509	13405	13098	13499	12863	13073	13318	13112	12361	12957	12973	12651	12867	12885	12888	12976	15129	12734	12754	13078	12930	13585
0:37:40	37.0	12891	13023	12835	12923	12855	12972	13191	13045	12954	13074	12973	13144	12661	13014	12951	13434	13337	13059	13239	13580	13182	13113	13182	13228	15111	13464	13557	13454	13606	14126	13611	13769	13169	13264	13346	12949	12843	12785	12892	13073	12901	12655	13380	13353	13112	13193	12880	13272	12661	13188	12083	18250	13554	13386	13041	13378	12877	12858	13176	13154	12364	12817	12992	12312	12949	12880	12874	13105	15028	12830	12740	13303	12945	13528
0:41:40	37.0	12874	12702	12789	12989	12997	12963	13145	13092	12979	12842	12914	13203	12678	13028	13018	13367	13310	13157	13192	13467	13085	12915	13129	13203	15215	13403	13423	13213	13610	14172	13481	13716	13228	13237	13331	12903	12775	12741	12832	12999	12817	12623	13407	13221	13024	12995	12962	13223	12567	13198	12127	18279	13352	13243	13055	13293	12681	12836	13226	13101	12288	12898	12838	12564	12980	12955	12867	13014	15036	12915	12672	12978	12959	13495
0:45:40	37.0	12923	12768	12812	12867	12926	12901	13031	12980	12836	12818	12925	13292	12664	13007	12901	13284	13134	13093	13206	13394	13121	13039	13060	13073	15138	13448	13300	13326	13461	13908	13462	13585	13295	13213	13348	12831	12720	12647	12730	13030	12881	12578	13474	13225	12822	12932	13040	13269	12404	13054	12025	18136	13304	13321	13075	13127	12759	12793	13187	12995	12267	12913	12757	12513	12875	12801	12731	12900	15044	12816	12685	13141	12882	13325
0:49:40	37.0	12773	12760	12755	12882	12943	12701	12998	12896	12821	12851	12844	13059	12525	12945	12973	13339	13092	13099	13110	13411	12934	12907	13129	13219	15017	13291	13286	13182	13392	13929	13409	13644	13153	13276	13211	12858	12707	12802	12762	12957	12838	12514	13348	12951	12990	12966	12819	13222	12562	13066	12079	18214	13326	13241	12950	13127	12746	12901	13124	12974	12245	12829	12758	12447	12796	12771	12798	12855	14950	12910	12739	12905	12718	13398
0:53:40	37.0	12792	12758	12656	12641	13035	12799	12855	12910	12785	12762	12595	13124	12534	12947	12744	13273	13211	13022	13110	13299	12972	12914	13065	12979	15066	13340	13356	13240	13487	13908	13513	13501	13005	13232	13323	12773	12632	12681	12726	12990	12735	12482	13280	12972	12957	12989	12911	13110	12342	12961	11938	18213	13476	13109	12974	13267	12745	12837	13062	12903	12341	12780	12743	12383	12682	12722	12748	12854	14821	12630	12702	12990	12720	13353
0:57:40	37.0	12730	12583	12554	12773	12816	12823	12868	12837	12668	12807	12632	13040	12514	12876	12801	13340	12986	13137	13045	13280	12973	12690	12879	13055	14845	13352	13319	13225	13482	13915	13286	13578	13109	13153	12996	12769	12589	12711	12791	12823	12617	12320	13201	12878	12804	12842	12770	13111	12327	12908	11938	18069	13321	13328	12834	13149	12757	12747	13020	12896	12355	12795	12781	12345	12846	12805	12809	12931	14965	12677	12477	13017	12803	13350
1:01:40	37.0	12679	12540	12531	12720	12717	12697	12860	12724	12730	12797	12575	12897	12603	12845	12890	13235	13009	13037	12977	13327	12853	12874	13011	12893	14915	13384	13342	13134	13415	13770	13448	13519	12981	13174	13109	12800	12606	12618	12676	12824	12648	12545	13200	12812	12806	12829	12795	13067	12311	12874	11907	17745	13304	13166	12866	13160	12641	12864	13147	12812	12101	12762	12907	12241	12662	12790	12644	12759	14827	12579	12576	12866	12764	13301
1:05:40	37.0	12602	12514	12582	12647	12735	12787	12919	12773	12603	12622	12633	12952	12490	13010	12731	13125	13087	12880	12992	13220	13018	12767	12826	12902	14948	13315	13220	13130	13342	13790	13444	13449	12987	13046	12943	12723	12591	12559	12732	12782	12693	12449	13170	12860	12882	12908	12704	13035	12234	12943	12021	17821	13295	13147	12728	13130	12535	12763	13122	12917	12118	12707	12996	12334	12661	12662	12778	12781	14668	12563	12530	12810	12506	13224
1:09:40	37.0	12564	12563	12538	12779	12722	12664	12871	12711	12645	12636	12649	12827	12464	12759	12619	13160	12955	12829	12992	13286	12823	12776	12855	12956	14828	13114	13281	13150	13350	13740	13343	13460	12913	13119	13036	12679	12485	12608	12633	12747	12729	12305	13148	12662	12741	12784	12728	12965	12232	12904	12024	17807	13260	13103	12799	13049	12624	12681	13018	12720	12209	12703	13086	12294	12687	12740	12688	12808	14758	12699	12492	12781	12556	13190
1:13:40	37.0	12605	12502	12478	12648	12810	12624	12763	12692	12682	12643	12498	12870	12471	12639	12726	13017	12917	12917	13015	13141	12795	12739	12897	12750	14868	13301	13077	13037	13255	13783	13171	13458	12848	13112	13075	12634	12414	12504	12666	12736	12557	12287	13226	12616	12777	12776	12669	13000	12313	12718	11772	17691	13230	13042	12748	13132	12551	12818	12974	12794	12080	12675	12984	12142	12668	12651	12700	12684	14770	12571	12383	12739	12449	13235
1:17:40	37.0	12728	12461	12504	12533	12610	12759	12699	12672	12685	12655	12449	12746	12421	12592	12647	13114	12795	12892	12939	13187	12779	12675	12867	12936	14689	13121	13156	12916	13267	13718	13236	13430	12929	13016	13030	12427	12459	12444	12607	12673	12584	12294	13038	12683	12835	12857	12651	12996	12287	12685	11879	17670	13223	12923	12789	12958	12580	12512	12893	12831	12182	12630	12813	12124	12615	12641	12559	12731	14745	12501	12354	12865	12379	13117
1:21:40	37.0	12522	12493	12316	12450	12754	12711	12752	12674	12598	12710	12458	12823	12403	12657	12774	13077	12899	12859	12898	13119	12826	12615	12989	12881	14632	13070	13089	13125	13177	13761	13158	13336	12944	12882	13035	12437	12375	12468	12605	12613	12651	12269	13055	12554	12797	12680	12525	12923	12172	12831	11791	17632	13219	12967	12765	13038	12510	12696	12969	12770	12206	12555	12892	12338	12541	12526	12467	12659	14605	12387	12293	12634	12469	13117
1:25:40	37.0	12521	12504	12478	12717	12618	12490	12776	12685	12703	12580	12457	12873	12478	12578	12560	13008	12854	12840	12903	13081	12726	12595	12827	12864	14706	12976	13001	12926	13247	13648	13163	13341	12781	13016	12926	12459	12487	12455	12547	12694	12390	12200	13024	12694	12605	12831	12529	12950	12233	12764	11704	17527	13268	12999	12641	12863	12427	12574	12786	12628	12087	12474	12725	12164	12442	12644	12504	12672	14662	12512	12395	12721	12422	13148
1:29:40	37.0	12432	12512	12320	12489	12584	12691	12733	12636	12450	12458	12399	12664	12384	12712	12663	12920	12852	12778	12786	13215	12660	12722	12868	12658	14493	13112	13166	12933	13091	13724	13200	13418	12685	12957	12993	12524	12310	12167	12406	12645	12431	12221	13017	12699	12757	12629	12649	12722	12240	12686	11829	17548	13120	12976	12666	12828	12382	12544	12962	12686	12068	12642	12713	12132	12430	12582	12495	12711	14643	12508	12337	12652	12355	13028
1:33:40	37.0	12425	12427	12419	12625	12716	12437	12649	12557	12390	12588	12498	12612	12404	12589	12612	12719	12799	12831	12950	13145	12730	12669	12882	12825	14564	13078	12980	12855	13221	13625	13117	13249	12761	12890	12782	12545	12431	12267	12418	12589	12507	12208	12945	12522	12646	12664	12528	12730	12047	12832	11757	17406	13278	12985	12595	12889	12459	12623	12894	12666	12091	12452	12662	12190	12473	12470	12518	12555	14518	12513	12353	12653	12284	12904
1:37:40	37.0	12559	12543	12378	12582	12652	12547	12667	12549	12485	12561	12427	12750	12349	12560	12504	12815	12702	12670	12655	13009	12573	12654	12702	12654	14608	13118	12982	12808	13030	13593	13049	13343	12691	12810	12891	12579	12383	12271	12537	12631	12517	12109	12950	12628	12558	12596	12355	12869	12090	12627	11677	17239	13010	12992	12671	12940	12479	12516	12707	12600	11978	12505	12653	12111	12430	12528	12469	12821	14536	12389	12349	12704	12177	13100
1:41:40	37.0	12385	12449	12209	12476	12669	12520	12603	12542	12571	12460	12429	12726	12264	12513	12517	12814	12767	12660	12692	13191	12491	12582	12784	12711	14681	13003	12917	12937	13265	13573	13164	13285	12841	12785	12840	12454	12304	12230	12438	12653	12414	12174	12909	12463	12500	12537	12629	12691	12118	12730	11595	17288	13225	12874	12643	12888	12485	12647	12722	12576	11867	12390	12462	12059	12457	12443	12400	12672	14474	12502	12358	12609	12232	12877
1:45:40	37.0	12305	12480	12279	12322	12658	12573	12586	12523	12528	12453	12337	12606	12161	12428	12497	12651	12852	12732	12704	13001	12528	12562	12594	12571	14565	12942	12894	12917	13093	13582	13121	13275	12748	12893	12936	12318	12107	12205	12513	12440	12518	12112	12811	12332	12596	12529	12607	12782	12153	12647	11696	17400	13069	12866	12531	12842	12369	12420	12733	12541	12074	12400	12677	11996	12442	12487	12485	12608	14223	12346	12229	12665	12246	12952
1:49:40	37.0	12396	12350	12298	12540	12466	12430	12722	12566	12499	12420	12457	12702	12376	12592	12613	12844	12696	12724	12728	13007	12677	12613	12731	12621	14536	12882	12994	12813	13155	13492	13069	13145	12591	12842	12788	12528	12219	12346	12369	12519	12497	12102	12845	12480	12564	12580	12551	12781	12169	12624	11636	17319	13076	12864	12356	12747	12260	12457	12652	12458	11969	12383	12519	11966	12359	12360	12406	12506	14568	12433	12411	12564	12289	12745
1:53:40	37.0	12320	12427	12214	12511	12485	12437	12704	12418	12469	12424	12479	12562	12224	12611	12478	12775	12698	12770	12723	13077	12770	12661	12705	12829	14468	12900	12839	12869	13186	13437	12977	13174	12690	12763	12978	12482	12102	12178	12332	12605	12457	12094	12905	12508	12533	12565	12338	12782	12143	12563	11743	17344	12963	12779	12562	12982	12462	12477	12813	12433	11926	12405	12646	12080	12432	12298	12509	12611	14387	12396	12258	12523	12049	12678
1:57:40	37.0	12260	12304	12282	12380	12494	12352	12657	12486	12342	12470	12369	12603	12166	12651	12524	12658	12671	12704	12834	12882	12538	12444	12551	12553	14506	12734	12879	12788	13186	13609	12916	13040	12605	12769	12715	12360	12095	12159	12369	12562	12415	12124	12906	12469	12541	12635	12300	12629	12040	12698	11726	17390	13079	12890	12558	12792	12296	12391	12747	12462	11905	12189	12642	11973	12325	12361	12447	12628	14522	12436	12217	12541	12008	12809
2:01:40	37.0	12390	12348	12136	12414	12591	12444	12515	12433	12309	12451	12407	12558	12175	12566	12615	12561	12654	12604	12692	12914	12577	12524	12449	12620	14467	12879	12872	12645	13093	13387	12973	13152	12630	12755	12804	12290	12084	12175	12326	12410	12273	11981	12782	12443	12531	12533	12310	12784	12129	12648	11542	17288	13066	12826	12544	12718	12215	12505	12616	12476	11810	12348	12588	12040	12389	12346	12274	12307	14360	12370	12184	12548	12114	12754
2:05:40	37.0	12370	12264	12178	12314	12536	12484	12681	12527	12330	12487	12252	12426	12128	12522	12517	12666	12672	12705	12534	12978	12497	12477	12571	12585	14423	12783	12700	12652	12989	13419	12830	13094	12525	12809	12731	12520	12076	12219	12234	12414	12321	12015	12789	12411	12375	12566	12416	12733	11986	12574	11658	17244	12965	12740	12527	12759	12341	12413	12752	12400	11863	12319	12607	11902	12189	12440	12374	12382	14283	12279	12239	12414	12006	12546
2:09:40	37.0	12307	12314	12155	12345	12384	12438	12638	12513	12266	12493	12287	12417	12140	12514	12436	12719	12711	12685	12756	12960	12523	12616	12523	12421	14417	12887	12766	12731	13043	13346	12934	13071	12416	12701	12672	12076	12068	12134	12178	12567	12268	12040	12779	12307	12324	12483	12429	12612	12047	12665	11663	17141	12914	12771	12386	12832	12371	12285	12662	12452	11891	12193	12589	11998	12294	12351	12352	12458	14199	12382	12100	12453	11953	12502
2:13:40	37.0	12336	12300	12236	12336	12363	12410	12555	12424	12287	12361	12343	12430	12234	12620	12457	12666	12594	12524	12654	13059	12403	12453	12598	12475	14391	12710	12799	12636	12686	13384	12820	13112	12587	12635	12724	12413	11968	12102	12112	12421	12262	11984	12804	12282	12363	12545	12313	12656	11970	12600	11525	17136	13067	12838	12377	12766	12265	12367	12692	12505	12009	12280	12595	12040	12271	12359	12289	12246	14312	12390	12144	12373	12005	12561
2:17:40	37.0	12302	12262	12134	12479	12330	12387	12577	12405	12371	12302	12244	12577	12199	12519	12361	12512	12599	12585	12622	12861	12421	12546	12558	12409	14419	12787	12793	12468	12921	13404	12882	12961	12545	12728	12628	12336	12031	12168	12075	12313	12074	11926	12754	12345	12467	12419	12251	12545	12037	12560	11505	17118	13051	12723	12526	12694	12309	12415	12604	12315	11845	12199	12552	11970	12302	12344	12090	12332	14206	12284	12294	12423	11776	12470
2:21:40	37.0	12274	12166	12257	12276	12405	12296	12595	12485	12311	12474	12285	12447	12191	12439	12419	12551	12640	12627	12719	12934	12490	12461	12613	12374	14560	12757	12601	12508	12671	13274	12800	13040	12349	12573	12597	12207	12028	12078	12274	12305	12130	12052	12808	12298	12423	12405	12165	12522	12017	12457	11404	17094	12903	12662	12364	12635	12389	12315	12573	12229	11799	12241	12509	11907	12052	12164	12320	12208	14271	12236	11980	12404	11605	12469
2:25:40	37.0	12290	12267	12239	12273	12347	12386	12475	12490	12325	12440	12196	12459	12120	12358	12346	12442	12663	12628	12647	12775	12595	12355	12641	12454	14407	12592	12679	12576	12690	13236	12761	12819	12334	12564	12478	12192	12061	12082	12150	12289	12305	11885	12752	12199	12279	12299	12146	12574	11933	12373	11621	16958	12755	12584	12486	12636	12195	12387	12519	12327	11633	12166	12504	11881	12104	12228	12245	12276	14235	12140	12052	12412	11761	12371
2:29:40	37.0	12225	12153	12242	12350	12323	12303	12478	12392	12231	12306	12202	12357	12181	12478	12309	12676	12595	12679	12501	12886	12555	12325	12601	12405	14335	12646	12519	12533	12781	13111	12636	12738	12382	12527	12495	12201	11948	12043	12046	12249	12073	11776	12539	12151	12199	12259	12125	12488	11845	12477	11552	17055	12802	12675	12347	12545	12165	12344	12509	12167	11913	12203	12643	11773	12095	12190	12291	12308	14156	12149	12017	12176	11687	12290
2:33:40	37.0	12198	12295	12101	12354	12317	12256	12391	12298	12237	12318	12138	12384	12104	12346	12402	12502	12448	12641	12422	12923	12443	12334	12552	12330	14395	12552	12430	12353	12651	13085	12599	12818	12223	12410	12461	12250	11944	12060	11979	12189	12113	11819	12546	12241	12234	12124	12187	12304	11926	12440	11471	16948	12757	12723	12297	12640	12102	12240	12610	12159	11791	12001	12505	11724	12135	12144	12227	12154	14080	12173	11993	12263	11612	12090
2:37:40	37.0	12142	12236	12222	12337	12310	12317	12493	12395	12298	12372	12200	12300	12048	12368	12261	12546	12520	12577	12474	12939	12557	12341	12556	12131	14538	12661	12461	12371	12636	13114	12683	12856	12189	12408	12468	12033	12040	12025	11941	12220	12081	11707	12591	12133	12222	12068	12112	12233	11873	12397	11511	16793	13023	12723	12385	12652	12203	12209	12650	12047	11592	11976	12377	11785	11929	12046	12203	12181	13876	12279	11932	12236	11539	12169
2:41:40	37.0	12192	12292	12098	12293	12323	12295	12463	12339	12246	12342	12192	12345	12015	12330	12280	12562	12525	12631	12674	12802	12474	12360	12536	12178	14470	12620	12471	12302	12625	13043	12435	12730	12328	12463	12244	12124	11801	11966	11957	12149	12042	11690	12534	12009	12135	12093	12047	12235	11866	12597	11405	16989	12783	12635	12169	12669	12155	12281	12611	11999	11520	12065	12480	11664	12083	11998	12149	12053	13939	12208	11827	12203	11445	12007
2:45:40	37.0	12247	12131	12104	12269	12351	12345	12453	12420	12199	12239	12161	12289	12135	12474	12294	12553	12488	12517	12350	12784	12361	12269	12552	12173	14362	12536	12527	12239	12442	12932	12419	12651	12191	12381	12317	12032	11968	12121	11902	12117	11856	11703	12577	11983	11973	12110	11918	12234	11864	12341	11453	16991	12887	12594	12284	12747	12168	12287	12427	11994	11666	12060	12428	11664	11921	11970	11851	11985	13905	12081	11793	12214	11331	11875
2:49:40	37.0	12175	12194	12086	12258	12401	12379	12577	12446	12109	12351	12208	12164	12223	12331	12415	12490	12593	12491	12583	12897	12374	12412	12589	12143	14287	12464	12419	12224	12379	12911	12412	12697	12181	12170	12277	11936	11972	12060	11811	11978	11819	11552	12408	12058	12080	12082	11893	12326	11752	12240	11451	16841	12704	12612	12383	12702	12080	12210	12396	11919	11641	12049	12414	11544	11804	12059	12056	11708	13760	12016	11862	12101	11371	11924
2:53:40	37.0	12299	12308	12276	12330	12265	12329	12522	12382	12392	12353	12179	12135	12115	12448	12222	12582	12419	12712	12446	12895	12370	12278	12612	12028	14317	12393	12306	12164	12401	12795	12345	12670	12069	12252	12193	12062	11973	11926	11697	12022	11803	11440	12336	11955	11846	11988	11903	12166	11692	12362	11490	16763	12837	12443	12261	12588	12080	12069	12521	11822	11477	11870	12228	11425	11812	11918	11947	11612	13747	12093	11667	12095	11188	11741
2:57:40	37.0	12256	12196	12251	12224	12431	12250	12540	12348	12292	12355	12236	12240	12173	12397	12168	12397	12592	12670	12556	12695	12420	12272	12479	12099	14353	12365	12087	12051	12325	12692	12421	12354	11919	12068	12206	12035	11896	12005	11821	11876	11883	11400	12168	11819	11891	11999	11758	11999	11601	12265	11427	16840	12778	12594	12283	12579	12081	12218	12400	11787	11403	11759	12247	11605	11808	11759	11895	11526	13633	11936	11556	12018	11142	11689
3:01:40	37.0	12104	12212	12165	12256	12375	12273	12451	12381	12229	12240	12181	12008	12038	12417	12448	12646	12438	12476	12553	12757	12500	12300	12579	11923	14358	12398	12301	12152	12296	12888	12362	12452	11988	12050	12069	11866	12051	12000	11787	11892	11532	11481	12346	11768	11799	11813	11842	12059	11877	12172	11393	16873	12764	12396	12263	12500	12090	12177	12380	11808	11366	11788	12208	11339	11694	11720	11787	11548	13671	11889	11439	12012	11100	11597
3:05:40	37.0	12113	12166	12174	12256	12463	12262	12486	12373	12292	12127	12208	11865	12115	12447	12200	12618	12503	12566	12508	12808	12426	12340	12456	11950	14270	12375	12263	11842	12239	12717	12223	12368	11805	11948	12028	11722	11994	11919	11669	11762	11586	11252	12294	11703	11712	11875	11591	11992	11646	12293	11397	16716	12635	12584	12216	12546	11916	12067	12397	11762	11466	11687	12238	11305	11682	11636	11869	11424	13415	11745	11494	11922	11125	11631
3:09:40	37.0	12164	12267	11990	12247	12407	12372	12365	12354	12353	12251	12219	11853	12147	12317	12297	12732	12577	12591	12561	12827	12428	12379	12497	11849	14288	12397	12195	11982	12209	12641	12206	12337	11687	11849	12058	11724	11981	11787	11499	11768	11580	11151	11975	11615	11728	11786	11526	12000	11658	12157	11292	16609	12598	12462	12088	12372	11933	12168	12169	11475	11304	11785	12143	11263	11593	11687	11810	11398	13530	11751	11316	11829	11022	11617
3:13:40	37.0	12136	12187	12011	12244	12331	12168	12339	12340	12200	12417	12252	11859	12142	12366	12309	12372	12344	12444	12581	12857	12312	12336	12530	11735	14227	12420	12172	11942	12129	12621	12151	12341	11807	11822	11929	11703	12002	11782	11690	11755	11497	11269	12055	11555	11812	11737	11627	11804	11814	12143	11365	16744	12709	12503	12153	12417	11932	12073	12333	11461	11316	11633	12038	11198	11493	11565	11566	11291	13423	11704	11601	11639	10882	11577
3:17:40	37.0	12132	12061	12094	12319	12230	12266	12497	12423	12168	12206	12174	11781	12142	12484	12388	12640	12529	12584	12517	12739	12429	12395	12542	11616	14383	12365	12202	11894	12172	12686	12226	12289	11783	11781	11874	11666	11989	11725	11535	11629	11373	11148	11874	11548	11472	11567	11487	11794	11464	12225	11253	16701	12594	12527	12008	12440	11872	12079	12203	11479	11242	11522	12018	11157	11484	11536	11537	11306	13261	11543	11356	11593	10999	11598
3:21:40	37.0	12171	12191	12060	12317	12402	12425	12429	12335	12216	12220	12054	11849	12032	12337	12269	12536	12455	12415	12399	12666	12339	12359	12598	11613	14253	12373	12131	11939	12146	12661	12065	12327	11794	11795	11875	11605	11928	11934	11530	11652	11386	11063	11792	11572	11599	11586	11359	11613	11466	12147	11290	16482	12554	12341	11980	12427	11962	12078	12234	11427	11226	11463	11947	11038	11379	11469	11527	11217	13209	11617	11249	11685	11044	11498
3:25:40	37.0	12196	12137	12194	12261	12381	12280	12393	12295	12277	12371	12219	11699	12175	12409	12311	12476	12388	12507	12562	12766	12365	12347	12590	11563	14436	12412	12073	11882	12105	12556	12119	12371	11819	11818	12010	11468	12061	11883	11497	11530	11376	11111	11828	11428	11372	11433	11407	11745	11549	12146	11173	16373	12590	12273	11943	12374	11819	11857	12086	11540	11235	11314	11845	10978	11264	11306	11476	11120	13115	11412	11247	11555	10985	11618
3:29:40	37.0	12105	12196	12040	12266	12279	12205	12176	12202	12185	12241	12187	11799	12298	12342	12134	12331	12483	12533	12504	12738	12406	12313	12452	11552	14274	12252	12039	11908	12154	12708	12092	12208	11710	11780	11976	11560	11953	11846	11404	11546	11440	10996	11925	11405	11542	11535	11352	11655	11422	12020	11246	16480	12379	12317	11993	12334	11703	11927	12168	11470	11036	11250	11854	11031	11212	11234	11392	11108	13098	11454	11088	11592	10974	11588
3:33:40	37.0	12240	12137	12099	12287	12239	12289	12350	12203	12133	12157	12132	11783	12021	12277	12198	12312	12396	12458	12420	12762	12415	12245	12356	11420	14258	12250	12124	11866	12105	12547	11982	12186	11619	11754	11785	11506	11988	11750	11491	11616	11334	11099	11737	11391	11355	11399	11278	11632	11202	12073	11096	16472	12477	12238	11948	12268	11692	11842	12200	11451	10908	11244	11561	10985	11107	11192	11331	10962	13047	11443	10960	11591	11154	11696
3:37:40	37.0	12077	12080	12056	12218	12295	12225	12362	12185	12194	12291	12191	11702	12034	12348	12194	12262	12206	12446	12485	12663	12340	12309	12499	11561	14257	12258	11996	11845	12062	12629	12019	12175	11636	11648	11937	11469	11894	11955	11560	11564	11335	10869	11727	11242	11481	11362	11424	11657	11350	11979	11163	16569	12372	12225	11838	12199	11757	11826	12151	11466	10844	11162	11755	10827	11051	11238	11228	11048	12871	11352	10908	11581	11143	11765
3:41:40	37.0	12126	12068	11953	12158	12249	12057	12324	12174	12281	12285	12171	11785	12147	12220	12161	12336	12363	12591	12462	12784	12374	12289	12353	11711	14310	12344	12010	11915	12108	12558	12061	12221	11659	11805	11802	11482	12059	11825	11609	11513	11139	10897	11816	11341	11472	11441	11261	11705	11218	11868	11101	16334	12274	12188	11962	12322	11727	11934	11977	11532	10868	10996	11526	10674	11019	11144	11132	10904	12799	11071	10936	11649	11128	11785
3:45:40	37.0	12258	12023	11944	12288	12194	12160	12291	12179	12016	12243	12068	11835	12122	12311	12221	12322	12255	12515	12386	12812	12283	12167	12267	11662	14203	12360	11997	11857	12145	12409	12042	12161	11606	11800	11845	11399	12092	11873	11616	11623	11418	10955	11806	11420	11483	11404	11243	11843	11249	11783	11018	16484	12307	12200	11842	12205	11688	11798	11847	11579	10834	10988	11525	10743	10841	10927	11029	10819	12825	11042	10703	11853	11217	11889
3:49:40	37.0	12037	12010	11955	12167	12141	12125	12306	12077	12190	12162	12120	11964	12023	12253	12190	12256	12270	12490	12450	12770	12276	12323	12316	11778	14158	12182	12098	11884	11938	12489	11944	12127	11571	11640	11784	11575	12063	11898	11532	11554	11347	11000	11799	11468	11428	11437	11263	11729	11159	11692	11173	16301	12321	12139	11747	12315	11637	11651	11969	11586	10701	10930	11468	10553	10730	10949	11080	10652	12598	11041	10686	11802	11277	11878
3:53:40	37.0	12086	11897	11960	12141	12030	12200	12231	12116	12238	12087	12028	11955	12110	12216	12170	12203	12288	12424	12289	12510	12285	12119	12391	11769	14182	12177	11978	11754	11916	12428	11870	12119	11640	11772	11706	11751	11996	11988	11555	11531	11415	10987	11823	11494	11360	11373	11272	11901	11063	11838	11147	16285	12256	12017	11685	12121	11698	11617	12012	11722	10639	10803	11288	10488	10665	10835	10866	10616	12348	10892	10611	11952	11334	11937
3:57:40	37.0	12023	11996	11876	12125	12010	12066	12289	12169	12124	12133	12115	11954	12175	12347	11978	12195	12308	12370	12404	12582	12140	12130	12282	11818	14216	12162	11898	11699	11959	12366	11868	12147	11597	11598	11790	11725	12021	11832	11578	11611	11467	11074	11856	11455	11535	11345	11263	11960	11067	11719	11176	16385	12122	12002	11757	12094	11511	11749	11976	11696	10800	10828	11312	10361	10618	10621	10824	10534	12446	10848	10514	11901	11473	11991
4:01:40	37.0	12134	11942	11982	12023	12210	12045	12245	12046	11997	12133	12095	12118	12208	12255	12080	12208	12240	12282	12232	12570	12196	12197	12287	11827	14223	12267	11894	11770	12074	12541	11921	12092	11586	11693	11764	11809	11992	11991	11593	11708	11318	10952	11851	11543	11482	11420	11248	12021	10937	11650	10916	16288	12122	11952	11653	12099	11439	11745	11786	11769	10529	10733	11230	10340	10537	10624	10764	10298	12330	10722	10455	11992	11529	12095
4:05:40	37.0	12027	11881	11801	12136	12129	12050	12098	12133	12127	12011	11931	12041	12027	12162	12006	12115	12173	12424	12453	12542	12294	12168	12298	11993	14229	12240	12037	11790	12021	12456	11846	12144	11561	11586	11771	11846	12019	11934	11488	11457	11413	11087	11836	11401	11723	11525	11439	12011	10984	11664	10872	16267	12149	12034	11628	12112	11383	11643	11886	11932	10409	10550	11110	10289	10497	10520	10661	10416	12338	10675	10397	11957	11516	12105
4:09:40	37.0	12017	11895	11856	12036	12045	12119	12116	12069	12099	12053	11935	12151	11995	12180	12075	12091	12227	12254	12308	12625	12258	12084	12332	11938	14201	12306	11980	11754	12188	12358	11787	11943	11786	11556	11787	11904	12081	11756	11579	11486	11305	10999	11873	11524	11434	11444	11203	12055	11042	11501	10944	16255	12130	11955	11589	12025	11463	11484	11807	11944	10573	10569	11070	10171	10397	10532	10553	10438	12296	10492	10442	12002	11609	12159
4:13:40	37.0	11965	11799	11906	12087	12067	12088	12221	12093	12072	12263	11971	12206	11926	12222	11990	12115	12206	12417	12219	12677	12337	12178	12336	12027	14130	12457	12033	11771	11964	12350	11827	11987	11592	11730	11868	11971	11922	11848	11572	11553	11335	10947	11816	11436	11434	11411	11291	12037	10917	11537	10882	16114	12064	11796	11637	11898	11366	11500	11773	11896	10473	10485	11006	10157	10281	10330	10556	10208	12157	10524	10181	12226	11649	12152
4:17:40	37.0	11974	11931	11823	12077	12101	12145	12196	12105	12140	12051	11994	12330	11896	12168	11934	12109	12149	12372	12410	12525	12222	12198	12348	12136	14118	12364	11984	11713	12061	12422	11869	11981	11594	11809	11895	12048	11825	11893	11501	11593	11424	10985	11813	11345	11540	11354	11399	12354	10878	11516	10937	16209	12016	11766	11601	12001	11356	11588	11651	12006	10413	10523	10932	10051	10312	10316	10466	10129	12163	10530	10117	12087	11687	12222
4:21:40	37.0	12059	11929	11935	12197	12155	12060	12307	12095	12138	12020	12096	12311	12072	12136	11992	12257	12228	12341	12351	12644	12240	12033	12262	12149	14163	12472	12062	11922	12032	12541	11990	11913	11639	11600	11947	12135	11870	11915	11539	11549	11257	10940	11830	11330	11317	11512	11254	12190	10808	11558	10923	16085	11926	11918	11568	11949	11337	11633	11664	12043	10473	10317	10858	9964	10252	10279	10400	10191	12050	10417	10138	12357	11669	12187
4:25:40	37.0	12046	11948	11986	12114	12028	12069	12296	12177	12081	12044	11958	12300	12042	12018	12104	12255	12182	12233	12268	12633	12281	12183	12332	12248	14193	12446	12027	11865	12094	12436	11901	11921	11602	11873	11909	12076	11778	11890	11522	11666	11432	11059	11740	11349	11442	11456	11300	12251	10798	11485	11032	16217	12013	11866	11462	11895	11373	11645	11576	12164	10333	10341	10555	9911	10154	10263	10399	9977	11890	10331	10118	12394	11863	12272
4:29:40	37.0	12009	11933	11833	12191	12167	11940	12195	12186	11990	12107	12105	12302	11958	12212	12000	12252	12179	12323	12450	12608	12204	12018	12370	12236	14123	12473	12078	12003	12092	12598	11934	11946	11635	11743	11928	12060	11977	11893	11730	11595	11463	11053	11769	11357	11493	11419	11221	12373	10773	11528	10854	15915	12000	11738	11487	11889	11357	11544	11689	12075	10335	10332	10707	9911	10092	10189	10337	10003	11982	10296	9993	12239	11809	12165
4:33:40	37.0	11902	11970	11839	12210	12192	12162	12142	11979	11922	12095	11907	12293	11972	12220	12032	12107	12198	12390	12343	12561	12270	12177	12147	12167	14130	12514	12090	12030	11975	12556	11906	12060	11674	11700	11843	12182	12002	11853	11605	11711	11508	11073	11856	11357	11454	11491	11241	12281	10743	11379	10775	15652	11890	11775	11462	11916	11329	11552	11634	12130	10362	10349	10519	9807	9988	10252	10233	9970	11956	10140	10003	12317	11869	12299
4:37:40	37.0	11956	11985	11834	12139	12127	12092	12199	12009	12008	12070	11869	12393	11962	12149	12030	12110	12104	12413	12349	12551	12216	12174	12280	12310	14041	12503	12132	12195	12119	12607	12050	12056	11722	11665	11911	12231	11968	11880	11647	11729	11550	11160	11984	11301	11496	11369	11373	12363	10741	11348	10696	15743	11952	11769	11529	11946	11406	11525	11658	12116	10171	10282	10577	9915	9968	10054	10249	9907	11724	10244	9869	12326	11931	12336
4:41:40	37.0	12008	11918	11866	12169	12114	12108	12270	12066	12144	12040	11871	12237	11876	12124	12094	12224	12147	12285	12261	12484	12131	12086	12275	12319	14139	12508	12263	12160	12212	12723	12147	12118	11828	11676	11986	12262	11897	11868	11767	11757	11594	11231	12196	11453	11494	11605	11385	12352	10525	11138	10755	15716	11937	11777	11559	12011	11321	11635	11703	12110	10252	10104	10461	9847	9979	9912	10221	9819	11766	10053	9935	12190	12115	12467
4:45:40	37.0	11980	11867	11982	12136	12060	12069	12123	12114	11958	11947	12047	12313	12052	12295	11949	12064	12221	12259	12326	12595	12220	11945	12345	12288	14078	12539	12358	12271	12186	12851	12242	12300	11746	11741	11821	12072	11946	12053	11683	11775	11560	11107	12002	11515	11532	11478	11348	12539	10581	11322	10689	15597	11950	11856	11530	12136	11537	11554	11731	12205	10326	10155	10455	9866	9909	9971	10091	9771	11798	9990	9916	12231	12044	12411
4:49:40	37.0	11989	11921	11833	12077	12080	11978	12183	11993	12025	11975	11948	12378	11977	12274	12026	12154	12122	12251	12202	12569	12184	11990	12286	12343	13987	12541	12363	12265	12127	12685	12356	12368	11752	11857	11915	12280	12013	11935	11753	11706	11677	11344	11913	11501	11656	11596	11465	12372	10602	11195	10646	15717	11983	11934	11717	12222	11462	11862	11709	12172	10226	10182	10477	9697	9928	9975	10128	9748	11806	10106	9823	12241	11740	12171
4:53:40	37.0	12139	11957	11812	12090	12113	12123	12139	12057	12033	12166	11886	12506	11948	12189	11980	12158	12168	12395	12148	12522	12228	12022	12209	12413	13914	12437	12397	12328	12200	12810	12341	12409	11865	11997	11932	12308	12013	11940	11768	11916	11659	11197	12108	11511	11724	11690	11411	12598	10491	11274	10655	15546	11955	11977	11551	12324	11543	11871	11906	12419	10160	10070	10373	9629	9904	9848	10071	9776	11727	10082	9814	12363	11732	12190
4:57:40	37.0	12044	11890	11937	12062	12037	12129	12093	12009	12084	11929	11901	12488	12005	12234	12007	12139	12070	12205	12306	12549	12052	12039	12238	12492	14026	12365	12352	12373	12231	12867	12440	12313	11989	11868	11959	12284	11887	12017	11752	11915	11684	11255	12379	11611	11600	11701	11611	12544	10396	11191	10646	15702	11913	11934	11574	12365	11528	11787	11884	12400	10192	10110	10303	9675	9833	9911	9951	9765	11839	9947	9779	12340	11647	12120
5:01:40	37.0	12125	11810	11904	12134	11959	12099	12103	11933	12066	12050	11892	12341	12013	12162	11914	12137	12141	12301	12285	12433	12195	12069	12202	12457	13829	12326	12469	12421	12299	12926	12381	12387	12108	12000	12045	12280	11951	12069	11889	11864	11752	11335	12204	11735	11663	11543	11563	12349	10552	11268	10623	15666	12056	12045	11820	12277	11617	11989	11847	12192	10104	10027	10389	9624	9808	9911	10078	9665	11665	10014	9715	12066	11665	12059
5:05:40	37.0	12010	12001	11843	12059	11928	12063	12152	12014	12019	11916	11904	12175	11899	12252	12072	12090	11921	12295	12372	12443	12127	12046	12104	12097	13861	12333	12385	12358	12348	12965	12457	12345	12011	12007	12241	12121	12036	12007	11919	11911	11980	11518	12418	11785	11712	11777	11656	12235	10530	11228	10632	15635	11914	12059	11815	12403	11571	11991	11909	12102	10181	10013	10264	9591	9821	9767	10094	9765	11649	9963	9627	12053	11618	11990
5:09:40	37.0	12014	11849	11872	12187	12075	11842	11871	11855	11874	11670	11697	12386	11995	12371	11853	12096	11880	12162	12207	12279	11928	11785	12030	12117	13829	12316	12417	12343	12518	12870	12499	12577	12134	12051	12183	11948	11879	11934	11939	12080	11863	11600	12435	12004	11837	11733	11617	12240	10463	11310	10709	15407	11995	11953	11684	12288	11752	11936	12049	12093	10090	10066	10213	9570	9715	9755	9946	9789	11591	9826	9798	12058	11573	11897
5:13:40	37.0	12042	11914	11943	12170	11974	11863	11796	11760	11831	11719	11778	12232	11906	12350	11824	12270	11882	12095	12094	12137	11876	11841	12021	12106	13874	12296	12152	12380	12450	13039	12523	12578	12126	12141	12217	12066	11939	11907	11884	12071	11907	11752	12419	12021	11942	11873	11725	12245	10419	11241	10545	15376	11897	12062	11797	12380	11715	11887	12038	12043	10113	10069	10169	9605	9768	9720	9777	9608	11581	9987	9667	12013	11353	11780
5:17:40	37.0	12124	11914	11788	11968	11843	11908	11809	11869	11746	11798	11822	12207	12064	12260	11857	12087	11955	11951	12116	12339	11855	11812	12092	12121	13861	12407	12264	12241	12349	13090	12464	12657	12247	12167	12234	11937	11841	11855	12133	12094	11975	11628	12506	11952	12095	11846	11791	12199	10457	11214	10582	15256	11926	11975	11770	12349	11782	11940	12063	12109	10117	10028	10241	9453	9678	9740	9821	9712	11623	9867	9799	11919	11438	11799
5:21:40	37.0	12085	11804	11890	11990	11953	11858	11879	11921	11901	11736	11816	12166	11913	12236	11717	11958	11880	12037	11985	12296	11868	11795	12195	12078	13806	12437	12209	12365	12340	13020	12526	12575	12152	12156	12230	11830	11912	12076	12108	12023	11937	11857	12585	12101	11928	12012	11900	12030	10409	11113	10478	15470	11893	11926	11854	12358	11830	11993	12051	11973	10115	9979	10227	9544	9636	9816	9885	9599	11624	9810	9568	11908	11190	11678
5:25:40	37.0	12069	11670	11815	12050	11881	11975	11878	11866	11791	11914	11917	12041	11920	12155	11727	11992	11896	12013	11968	12306	11941	11966	12252	12026	14024	12232	12104	12273	12239	12969	12313	12483	12283	12202	12428	11960	11885	11961	11959	12082	11963	11731	12503	12079	11987	12034	11909	11994	10404	11178	10551	15371	11762	11982	11893	12396	11801	12040	12216	11867	10134	9945	10165	9512	9670	9721	9799	9603	11512	9907	9585	11893	11175	11548
5:29:40	37.0	11903	11773	11815	12014	11989	11879	11803	11912	11955	11939	11609	12188	11924	12263	11845	12138	11914	12164	11953	12390	11871	11880	12092	11910	13827	12286	12262	12175	12311	12903	12261	12501	12324	12150	12230	11846	12038	12054	12164	12131	12007	11685	12427	11966	11968	12006	11997	11917	10260	11188	10521	15404	11719	11952	11854	12220	11768	11970	12149	11750	10020	9985	10293	9566	9702	9720	9822	9756	11517	9906	9662	11690	11087	11630
5:33:40	37.0	12080	11796	11756	12008	11968	11895	11999	11675	11846	11838	11651	12029	11854	12201	11773	12079	11945	12038	11970	12262	11986	11985	12034	11794	13748	12364	12246	12159	12430	12981	12233	12622	12317	12312	12098	11641	12013	12071	12154	11992	11932	11790	12388	11870	12111	12104	11984	12013	10191	11011	10615	15427	11692	11958	11665	12236	11721	11807	12045	11713	10081	9962	10279	9566	9652	9730	9884	9649	11554	9873	9566	11832	11032	11572
5:37:40	37.0	12094	11700	11655	11936	11879	11725	11897	11792	11898	11707	11666	12025	11916	12176	11839	12113	11649	12048	12159	12222	11913	11830	11991	11896	13906	12528	12379	12272	12362	12974	12340	12563	12298	12112	12183	11804	11898	12081	11945	11996	12000	11762	12486	11915	12148	12176	11990	11921	10214	11004	10408	15305	11697	11791	11604	12185	11549	11709	11839	11756	10005	9954	10212	9545	9596	9683	9785	9715	11385	9783	9710	11892	10964	11323
5:41:40	37.0	12072	11740	11773	11960	11900	11695	11906	11731	11772	11730	11660	11886	11909	12152	11801	11999	11569	12000	11940	12071	11760	11879	11913	11789	13956	12357	12238	12355	12359	12957	12429	12450	12219	12334	12228	11577	11948	12095	12052	12020	12010	11748	12386	11902	11954	12206	11982	11887	10252	11057	10559	15362	11627	11569	11577	12155	11535	11613	11783	11681	10074	9940	10116	9455	9720	9766	9720	9447	11449	9816	9627	11718	10935	11291
5:45:40	37.0	12132	11692	11555	11957	11706	11605	11722	11711	11708	11850	11596	11851	11792	12074	11715	11953	11596	11919	11790	12191	11852	11707	11814	11742	13945	12429	12384	12462	12348	13062	12409	12524	12288	12154	12270	11557	11921	11870	12012	11942	11981	11723	12472	11948	12205	12244	12148	11809	10323	11003	10319	15141	11489	11653	11437	11895	11452	11654	11733	11695	10015	9805	10147	9534	9672	9702	9580	9705	11567	9745	9505	11715	10830	11341
5:49:40	37.0	11958	11672	11541	11875	11755	11549	11709	11696	11710	11559	11624	11798	11836	12218	11738	12015	11592	11882	11820	12134	11772	11683	11910	11701	14069	12453	12263	12226	12456	13036	12412	12478	12214	12282	12309	11447	11954	11957	11995	12154	11995	11624	12397	12026	12215	12208	12035	11803	10205	10938	10305	15123	11530	11609	11281	11864	11450	11536	11545	11621	9993	9819	10118	9555	9619	9670	9672	9533	11513	9783	9643	11643	10854	11316
5:53:40	37.0	11969	11865	11604	11908	11656	11479	11669	11546	11694	11596	11591	11840	12020	12037	11672	11982	11509	11873	11767	11976	11672	11695	11789	11697	14248	12456	12397	12249	12488	12962	12274	12453	12419	12183	12244	11574	11905	11992	12082	12060	11767	11698	12459	12006	12245	12280	12123	11683	10233	10874	10235	15121	11387	11596	11308	11877	11220	11421	11569	11703	10021	9820	10211	9561	9694	9760	9582	9508	11426	9754	9538	11653	10855	11249
5:57:40	37.0	11905	11825	11530	11848	11658	11587	11641	11714	11636	11592	11577	11877	12082	12316	11723	11817	11475	11767	11740	11939	11536	11676	11776	11670	14122	12393	12295	12214	12384	12843	12486	12658	12336	12296	12322	11508	11899	11959	12009	12002	11855	11697	12285	11922	12206	12162	12200	11739	10157	10755	10261	15162	11375	11398	11237	11728	11196	11441	11416	11688	10064	9759	10121	9535	9587	9724	9668	9648	11633	9764	9686	11507	10678	11367
6:01:40	37.0	11993	11836	11490	11852	11578	11579	11720	11487	11582	11469	11394	11785	11887	12088	11729	11760	11428	11677	11774	11963	11678	11433	11682	11650	14181	12346	12348	12260	12431	12956	12391	12707	12341	12199	12320	11544	11848	12072	12072	12162	11847	11763	12375	11989	12198	12038	12122	11728	10203	10836	10219	14824	11336	11387	11081	11518	11155	11372	11448	11701	9913	9842	9984	9496	9661	9677	9645	9595	11460	9751	9644	11478	10726	11335
6:05:40	37.0	11995	11760	11425	11675	11602	11510	11585	11617	11524	11444	11377	11745	11929	12211	11725	11764	11379	11749	11665	11950	11602	11611	11664	11565	14074	12443	12333	12378	12588	12854	12507	12614	12388	12213	12282	11451	11806	11919	11985	12161	11950	11720	12420	11943	12020	12194	12048	11752	10142	10724	10288	14953	11224	11354	11140	11635	11040	11308	11280	11508	9969	9774	10017	9466	9554	9626	9754	9474	11448	9683	9544	11492	10739	11046
6:09:40	37.0	11878	11634	11413	11670	11450	11521	11490	11530	11400	11406	11290	11735	12039	12146	11659	11721	11209	11778	11605	11843	11567	11369	11604	11633	14068	12417	12262	12390	12411	12980	12386	12536	12340	12226	12231	11472	11971	11959	12072	12049	11928	11626	12396	11928	12185	12234	12061	11788	10112	10635	10209	15033	11297	11180	11073	11437	11035	11142	11121	11609	9858	9824	10062	9509	9602	9630	9825	9541	11492	9707	9552	11553	10631	11131
6:13:40	37.0	12149	11721	11382	11703	11583	11415	11565	11246	11321	11413	11248	11779	11988	12197	11501	11642	11251	11610	11672	11790	11314	11279	11553	11594	14205	12535	12409	12470	12388	13048	12364	12655	12329	12321	12387	11386	12028	12021	12157	12087	11779	11776	12314	11973	12180	12197	12126	11589	10210	10629	10180	14912	11090	11237	10926	11391	11021	11039	11139	11599	9906	9833	10111	9562	9600	9611	9616	9453	11489	9725	9548	11538	10560	11099
6:17:40	37.0	12016	11785	11259	11496	11378	11359	11414	11248	11342	11234	11052	11602	11991	12205	11455	11619	11157	11583	11603	11727	11442	11295	11377	11484	14111	12398	12308	12345	12358	13004	12471	12567	12260	12244	12360	11430	12037	12159	12138	11995	11719	11725	12383	12021	12253	12045	12124	11688	10137	10653	10092	15034	11027	11126	10816	11302	10833	11060	11130	11541	9898	9706	10090	9582	9514	9535	9630	9489	11389	9673	9610	11491	10564	10954
6:21:40	37.0	12075	11819	11082	11531	11274	11162	11255	11354	11252	11223	10957	11671	12127	12165	11381	11673	11079	11596	11511	11744	11322	11223	11292	11519	14196	12532	12182	12434	12580	13046	12529	12517	12353	12236	12381	11466	12082	12111	12050	12122	11676	11701	12548	11988	12095	12125	12108	11678	10138	10683	10038	14767	10989	11061	10835	11269	10721	11032	11016	11515	9866	9711	10153	9550	9573	9511	9649	9458	11392	9609	9527	11554	10547	10994
6:25:40	37.0	12086	11768	11197	11466	11390	11155	11282	11236	11010	11058	10847	11491	12084	12148	11443	11396	10941	11525	11251	11589	11242	11084	11235	11496	14106	12357	12210	12288	12409	12887	12396	12520	12374	12172	12276	11419	12011	12121	12174	12049	11671	11750	12445	12036	12069	12138	12070	11528	10040	10572	10053	14890	11081	11043	10730	11114	10858	10970	11013	11459	9895	9681	9970	9513	9552	9443	9590	9576	11468	9584	9463	11526	10565	10939
6:29:40	37.0	12065	11643	11125	11431	11312	11216	11207	11020	11011	11029	10859	11616	12033	12153	11288	11478	10972	11452	11121	11498	11214	10995	11060	11502	14251	12520	12309	12398	12450	13155	12418	12526	12246	12242	12319	11418	11989	12228	12082	12055	11851	11725	12367	11937	11997	12275	12133	11614	10106	10507	10005	14668	10936	10883	10740	11172	10679	10773	10925	11455	9793	9720	10062	9488	9547	9577	9526	9432	11392	9622	9529	11500	10542	10891
6:33:40	37.0	12078	11567	11081	11326	11216	10896	11112	10917	10871	10971	10957	11459	11951	12128	11253	11258	10886	11293	11184	11417	11192	10948	11225	11486	14349	12623	12250	12199	12428	13052	12558	12627	12188	12230	12426	11393	12052	12137	12210	12121	11601	11678	12384	11846	12066	12417	12065	11572	10108	10396	9995	14704	10862	11037	10715	11043	10593	10783	10806	11451	9856	9756	10094	9509	9628	9529	9608	9501	11409	9660	9633	11465	10425	10910
6:37:40	37.0	12041	11519	10874	11437	11188	11022	11075	10921	11009	11013	10873	11579	11934	12132	11169	11249	10797	11299	11272	11409	11046	11066	10993	11489	14142	12572	12219	12414	12520	13056	12378	12480	12255	12035	12429	11380	11962	12275	12110	12141	11464	11661	12449	11915	11951	12132	12173	11674	10126	10433	9971	14746	10810	10820	10474	10984	10555	10643	10727	11450	9736	9679	9986	9408	9566	9443	9608	9517	11382	9641	9528	11414	10476	10978
6:41:40	37.0	12043	11421	10926	11276	11200	10859	10988	10864	10860	10704	10758	11574	12074	11914	11081	11173	10681	10958	11046	11281	10921	10927	10930	11453	14241	12330	12159	12312	12453	13048	12386	12571	12319	12238	12287	11289	11997	12122	12131	12065	11566	11556	12417	11925	11997	12196	12107	11599	10066	10359	9924	14628	10778	10835	10629	10938	10609	10610	10734	11393	9828	9670	9962	9504	9469	9601	9654	9413	11364	9565	9546	11331	10377	11018
6:45:40	37.0	11930	11276	10860	11244	10945	10837	10993	10757	10834	10776	10696	11580	12055	11864	10953	11154	10653	11110	11001	11197	10952	10846	10963	11321	14148	12517	12087	12451	12441	13000	12329	12476	12304	12112	12233	11319	12030	12232	12219	12149	11410	11646	12370	11973	11955	12125	12168	11567	10017	10414	9908	14540	10664	10639	10417	10818	10535	10537	10766	11343	9737	9632	10034	9584	9477	9576	9576	9373	11432	9713	9528	11518	10395	10985
6:49:40	37.0	11951	11304	10804	11099	10880	10798	10961	10759	10807	10863	10589	11581	11967	11933	10921	11222	10516	10950	10944	11262	10882	10748	10863	11344	14177	12503	12161	12288	12484	13042	12276	12324	12250	12170	12183	11228	12017	12150	12214	12305	11457	11600	12444	11861	11877	12198	12207	11434	9997	10226	9792	14603	10734	10634	10445	10757	10375	10643	10555	11412	9744	9634	10043	9538	9508	9571	9537	9437	11439	9688	9511	11529	10404	10891
6:53:40	37.0	11921	11269	10641	11053	10960	10738	10768	10792	10677	10631	10598	11371	11863	11958	10802	11164	10413	10932	10945	11002	10794	10657	10725	11271	14211	12552	12155	12223	12482	12773	12286	12413	12227	12055	12250	11294	12035	12128	12210	12077	11235	11591	12474	11884	11978	12063	12129	11568	10042	10295	9896	14590	10688	10610	10384	10792	10400	10438	10503	11304	9763	9638	10019	9520	9535	9481	9540	9410	11456	9754	9576	11403	10285	10841
6:57:40	37.0	11818	11231	10536	10975	10930	10666	10793	10692	10625	10719	10582	11523	11918	11839	10883	11041	10413	10903	10786	11007	10735	10583	10717	11393	14168	12641	12123	12318	12510	12878	12310	12257	12331	12157	12172	11359	12014	12197	12230	12127	11207	11608	12306	11999	11895	12142	11993	11393	10080	10332	9834	14696	10745	10602	10242	10688	10252	10415	10512	11324	9892	9707	9957	9431	9510	9517	9626	9468	11360	9578	9488	11333	10218	10940
7:01:40	37.0	11856	11159	10625	11021	10815	10652	10737	10573	10656	10544	10446	11319	11768	11863	10767	10866	10425	10897	10648	10939	10747	10455	10680	11182	14114	12531	12022	12223	12355	12934	12276	12336	12133	12061	12160	11256	11988	12198	12229	12061	11234	11524	12275	11944	11738	12089	11995	11481	10008	10181	9818	14555	10621	10553	10274	10573	10231	10374	10391	11283	9755	9736	9995	9468	9539	9578	9541	9511	11394	9676	9508	11328	10356	10799
7:05:40	37.0	11928	11205	10457	10860	10751	10530	10692	10568	10534	10545	10437	11397	11813	11733	10689	10860	10278	10724	10722	10811	10640	10493	10408	11331	14244	12396	12072	12164	12327	12864	12270	12356	12221	12001	12108	11113	11973	12141	12056	12036	11049	11497	12288	11805	11810	11984	12132	11526	9890	10172	9703	14499	10593	10454	10195	10489	10042	10352	10319	11149	9722	9737	9987	9458	9423	9531	9492	9408	11380	9614	9519	11168	10280	10765
7:09:40	37.0	11799	10935	10330	10852	10763	10626	10753	10516	10451	10595	10363	11406	11796	11625	10644	10944	10173	10738	10597	10817	10645	10447	10613	11271	14074	12348	12059	12377	12390	12776	12203	12358	12379	11958	12209	11151	11939	12195	12049	12073	11068	11563	12247	11772	11877	11999	11988	11365	9884	10075	9719	14529	10603	10434	10181	10491	10049	10397	10403	11272	9794	9663	9983	9502	9389	9415	9525	9436	11528	9598	9519	11270	10244	10758
7:13:40	37.0	11785	10900	10400	10677	10649	10608	10593	10429	10455	10425	10268	11342	11708	11518	10519	10639	10241	10702	10584	10736	10545	10518	10413	11398	14042	12318	11951	12277	12312	12715	12141	12333	12077	12010	11996	11013	11937	12195	11992	11938	10918	11540	12270	11748	11718	12047	11929	11313	9917	10113	9789	14411	10413	10385	10152	10452	10019	10287	10290	11288	9785	9694	9877	9453	9486	9529	9512	9489	11327	9606	9440	11245	10166	10901
7:17:40	37.0	11654	10775	10341	10570	10504	10538	10477	10434	10412	10440	10254	11311	11580	11526	10436	10670	10142	10722	10470	10708	10471	10278	10318	11211	14218	12289	12005	12185	12258	12794	12149	12281	12060	11887	11993	11076	11801	12074	12057	11928	10891	11514	12303	11646	11742	12021	11990	11303	9987	10142	9694	14467	10451	10426	10099	10450	9831	10278	10240	11163	9759	9660	9982	9427	9578	9563	9574	9401	11469	9517	9542	11176	10129	10824
7:21:40	37.0	11612	10732	10248	10604	10584	10420	10444	10293	10465	10439	10164	11313	11733	11433	10257	10611	10051	10597	10589	10644	10408	10287	10267	11158	14053	12302	12016	12183	12293	12705	12085	12332	12067	11828	12060	10982	11783	12055	11947	11945	10849	11479	12242	11667	11718	11860	11928	11384	9855	10033	9634	14399	10366	10328	10010	10235	9929	10050	10228	11061	9744	9570	9949	9474	9549	9484	9558	9472	11392	9594	9540	11230	10139	10726
7:25:40	37.0	11609	10742	10005	10559	10518	10377	10397	10378	10266	10215	10014	11327	11760	11311	10335	10530	9950	10473	10464	10618	10379	10238	10366	11138	14074	12107	11903	12042	12217	12774	12013	12332	12041	11896	11973	11067	11891	11985	11920	11729	10862	11252	12207	11483	11763	12026	11953	11212	9856	9889	9624	14539	10395	10358	10038	10343	9887	10055	10127	11146	9595	9652	9993	9434	9496	9418	9555	9427	11521	9647	9547	11242	10057	10930
7:29:40	37.0	11594	10427	10043	10495	10464	10385	10390	10354	10302	10272	10080	11281	11653	11381	10157	10456	9939	10448	10408	10517	10359	10254	10268	11142	13914	12303	11990	12141	12204	12814	12111	12117	11985	11864	11918	11162	11791	12034	11787	11996	10683	11337	12216	11427	11700	11929	11887	11249	9877	9934	9525	14331	10375	10424	10178	10301	9867	9920	10075	11027	9656	9739	9970	9507	9503	9538	9524	9321	11412	9597	9470	11233	10062	10795
7:33:40	37.0	11624	10507	9947	10410	10392	10362	10325	10306	10238	10203	10062	11353	11568	11228	10120	10362	9986	10379	10431	10514	10321	10163	10247	11074	13993	12249	11944	12216	12277	12604	12098	12216	12072	11796	11944	11068	11974	11937	11977	11840	10758	11209	12083	11407	11623	11877	11822	11213	9899	9982	9594	14320	10399	10228	9962	10298	9887	9975	10003	11151	9743	9696	9860	9463	9543	9525	9532	9410	11325	9513	9394	11062	10077	10785
7:37:40	37.0	11438	10465	9988	10413	10372	10320	10362	10213	10095	10150	9920	11159	11599	10938	10183	10520	9822	10307	10365	10587	10234	10126	10122	11108	13968	12193	11916	12113	12270	12606	12087	12281	11991	11878	11949	11127	11771	11903	11804	11848	10532	11132	11984	11332	11679	11864	11805	11200	9679	9985	9608	14370	10267	10255	9909	10174	9691	9961	9953	11106	9617	9569	9975	9403	9472	9362	9543	9517	11440	9570	9466	11056	10076	10793
7:41:40	37.0	11362	10398	9944	10434	10289	10253	10292	10148	10147	10159	9989	11131	11484	11055	9991	10260	9962	10269	10309	10443	10203	10015	10105	11150	13860	12305	11904	12230	12030	12781	12026	12095	11944	11840	11935	10889	11630	11902	11841	11838	10509	11062	12032	11188	11690	11863	11875	11184	9792	9839	9508	14204	10250	10216	9791	10117	9817	9897	9949	11045	9739	9464	10024	9465	9457	9524	9555	9431	11463	9597	9510	11018	10015	10798
7:45:40	37.0	11372	10356	9888	10447	10234	10186	10273	10199	10090	10088	9889	11220	11486	10934	9913	10269	9858	10428	10281	10470	10072	10019	10020	11012	13966	12196	11972	12165	12239	12627	11932	12053	11985	11666	11901	10936	11703	11851	11736	11816	10502	11067	12058	11297	11542	11918	11969	11245	9727	9756	9655	14287	10289	10154	9772	10057	9770	9952	9766	11013	9731	9599	9990	9450	9523	9377	9553	9473	11411	9579	9483	11038	9981	10739
7:49:40	37.0	11302	10338	9764	10387	10183	10136	10091	10109	9949	10032	9787	11286	11474	10996	9930	10329	9733	10181	10132	10271	10113	10018	9992	11082	13955	12266	11866	12074	12019	12410	12025	12176	11820	11805	11784	10955	11778	11852	11839	11816	10422	10998	12164	11215	11543	11754	11679	11221	9802	9841	9565	14195	10178	10094	9777	10090	9678	9830	9914	11017	9722	9609	9993	9410	9433	9489	9505	9206	11332	9645	9345	11118	9913	10645
7:53:40	37.0	11154	10165	9800	10342	10168	9988	10247	10044	9916	9896	9761	11104	11461	11001	9870	10185	9623	10128	10065	10254	10010	9945	9973	11086	13798	12142	11828	11972	12154	12545	11935	12052	11993	11759	11762	10887	11633	11773	11837	11665	10198	10814	11926	11097	11496	11789	11782	11297	9702	9840	9414	14240	10185	10113	9715	9959	9688	9787	9816	10958	9777	9701	9930	9469	9481	9449	9427	9490	11407	9499	9441	11036	9949	10721
7:57:40	37.0	11084	10233	9706	10228	10093	10120	10113	10042	10012	9855	9867	11230	11309	10839	9833	10128	9586	10124	10162	10191	10107	9875	9910	11000	13838	12118	11745	11998	12180	12489	12022	12078	11806	11751	11832	10863	11629	11835	11839	11786	10215	10803	12125	11070	11444	11811	11646	11089	9701	9756	9437	14282	10087	10064	9674	10004	9605	9711	9759	10889	9675	9553	10007	9443	9513	9428	9533	9411	11235	9572	9474	11006	9932	10686
8:01:40	37.0	11106	10093	9769	10208	9938	9910	10040	9858	9870	9907	9706	11205	11303	10699	9703	10060	9657	10135	10116	10117	9924	9925	9833	10927	13764	12086	11766	11845	12008	12427	12009	12027	11835	11662	11838	10914	11685	11750	11737	11737	10032	10684	12076	11019	11488	11734	11772	11192	9700	9696	9448	14153	10119	10038	9697	9907	9605	9758	9773	10943	9589	9633	9939	9476	9453	9396	9546	9319	11361	9486	9358	11016	10005	10657
8:05:40	37.0	11027	9994	9641	10139	10117	10011	9989	9869	9905	9791	9776	11028	11151	10658	9772	9957	9579	10093	9950	10218	9831	9803	9789	11049	13622	12166	11697	11938	12003	12517	11804	11923	11881	11584	11676	10800	11662	11617	11694	11775	10144	10644	11832	11001	11400	11589	11583	11089	9625	9634	9412	14250	10143	10011	9593	9856	9528	9629	9665	10907	9601	9546	9854	9541	9511	9473	9568	9456	11390	9471	9417	11017	9914	10673
8:09:40	37.0	10884	9949	9574	10110	9846	9982	10044	9927	9822	9817	9599	11048	11166	10618	9762	10040	9522	10063	9990	10092	9840	9721	9727	10963	13685	12088	11751	12018	11900	12265	11853	11951	11884	11654	11677	10735	11698	11671	11737	11669	10066	10517	11910	10878	11380	11672	11629	11164	9596	9690	9441	14173	9991	9952	9582	9780	9500	9644	9632	10869	9629	9576	9901	9516	9360	9361	9558	9445	11351	9471	9488	10941	10080	10667
8:13:40	37.0	10799	9885	9520	10102	9933	9804	9792	9836	9936	9910	9546	11182	11107	10682	9657	9918	9364	10055	9882	9997	9845	9794	9764	10918	13722	12030	11508	11804	12043	12322	11863	11825	11702	11604	11581	10888	11596	11837	11619	11800	9861	10522	11837	10762	11431	11613	11656	11156	9588	9709	9437	14235	10101	9947	9587	9843	9476	9568	9670	10901	9497	9581	9985	9503	9404	9335	9588	9433	11413	9448	9443	10778	9902	10710
8:17:40	37.0	10809	9746	9599	10043	9810	9942	9904	9805	9814	9746	9618	11121	10921	10515	9510	9884	9408	9974	9920	9959	9737	9645	9810	10768	13648	12038	11626	11806	11871	12275	11906	11866	11778	11532	11570	10818	11575	11764	11676	11600	9860	10520	11803	10715	11451	11579	11670	11046	9608	9583	9420	14144	10005	9882	9555	9792	9562	9582	9595	10814	9610	9541	9931	9414	9462	9397	9566	9358	11353	9535	9373	10982	9925	10586
8:21:40	37.0	10790	9864	9463	9962	9794	9764	9813	9783	9748	9723	9636	11045	10888	10470	9532	9889	9466	9909	9848	9961	9728	9669	9699	10792	13640	11965	11536	11871	11825	12401	11801	11922	11745	11485	11548	10800	11491	11616	11755	11623	9723	10320	11779	10756	11406	11531	11616	11078	9582	9546	9366	13941	10022	9844	9632	9739	9339	9478	9606	10832	9535	9542	9927	9383	9330	9411	9530	9390	11433	9555	9393	10898	9835	10556
8:25:40	37.0	10754	9796	9394	9936	9741	9671	9814	9746	9684	9643	9478	10955	10961	10421	9546	9824	9351	9781	9809	9852	9637	9631	9662	10828	13497	11800	11595	11833	11841	12272	11683	11757	11815	11478	11595	10769	11518	11755	11646	11579	9804	10260	11730	10660	11257	11623	11553	11089	9520	9575	9314	14097	10129	9884	9467	9646	9453	9475	9505	10718	9616	9604	9887	9425	9435	9439	9592	9390	11274	9547	9517	10889	9920	10513
8:29:40	37.0	10624	9634	9317	9957	9797	9718	9708	9705	9699	9643	9451	10972	10676	10336	9479	9785	9374	9741	9694	9816	9710	9553	9572	10821	13440	11831	11556	11771	11841	12356	11666	11695	11932	11467	11454	10824	11394	11590	11573	11627	9724	10234	11764	10425	11349	11595	11507	11155	9568	9493	9304	14155	9887	9775	9529	9730	9427	9574	9505	10820	9578	9528	9836	9424	9449	9359	9611	9379	11359	9500	9482	10997	9940	10579
8:33:40	37.0	10655	9642	9453	9794	9788	9641	9645	9735	9668	9504	9476	10967	10718	10228	9406	9679	9274	9819	9726	9828	9680	9492	9671	10840	13397	11814	11380	11696	11713	12298	11647	11716	11661	11395	11460	10837	11534	11657	11523	11465	9584	10127	11572	10437	11258	11501	11613	11159	9578	9398	9421	13974	9975	9769	9480	9505	9378	9436	9496	10614	9566	9587	9844	9358	9316	9434	9511	9421	11291	9443	9516	10955	9817	10523
8:37:40	37.0	10581	9698	9388	9661	9686	9582	9635	9627	9551	9629	9408	10979	10703	10275	9420	9811	9320	9776	9728	9877	9592	9511	9523	10752	13455	11653	11510	11527	11791	12005	11607	11611	11704	11465	11407	10695	11503	11588	11543	11559	9577	10093	11679	10254	11223	11456	11480	11117	9549	9564	9357	14029	9898	9776	9324	9704	9403	9518	9453	10747	9584	9524	9930	9466	9361	9441	9545	9415	11328	9413	9454	10878	9815	10525
8:41:40	37.0	10475	9610	9274	9700	9611	9507	9612	9533	9625	9554	9397	10868	10537	10167	9313	9726	9343	9699	9649	9684	9626	9491	9623	10664	13409	11667	11366	11668	11543	12161	11515	11588	11655	11435	11422	10692	11468	11697	11537	11370	9581	9981	11610	10202	11042	11451	11486	11106	9621	9443	9258	14002	9967	9761	9417	9637	9368	9513	9383	10802	9598	9549	9867	9448	9431	9434	9441	9376	11503	9482	9482	10832	9819	10436
8:45:40	37.0	10331	9497	9302	9716	9601	9622	9663	9560	9569	9521	9458	10985	10504	10006	9353	9646	9283	9618	9770	9705	9598	9495	9424	10559	13289	11657	11376	11395	11618	12131	11624	11630	11496	11216	11313	10530	11350	11562	11604	11483	9528	9897	11537	10120	11049	11432	11428	11014	9475	9421	9296	13989	9924	9775	9422	9533	9354	9389	9377	10729	9634	9502	9964	9412	9412	9581	9534	9463	11444	9558	9494	10741	9938	10512
8:49:40	37.0	10321	9490	9236	9675	9666	9452	9630	9476	9502	9494	9372	10961	10392	10067	9312	9672	9258	9590	9555	9663	9570	9466	9503	10643	13278	11556	11405	11407	11531	11939	11544	11522	11588	11330	11295	10628	11186	11425	11466	11395	9538	9762	11466	10100	11019	11345	11459	11094	9444	9556	9373	13853	9792	9677	9365	9433	9242	9355	9382	10635	9652	9643	9830	9305	9483	9428	9678	9436	11406	9493	9484	10816	9908	10538
8:53:40	37.0	10403	9512	9215	9606	9510	9420	9558	9552	9499	9453	9280	10874	10420	9937	9404	9582	9316	9677	9626	9652	9473	9472	9403	10680	13203	11551	11249	11391	11482	11792	11493	11536	11565	11246	11320	10688	11249	11589	11515	11448	9524	9911	11318	9946	10752	11313	11496	10997	9481	9367	9157	13900	9897	9647	9297	9413	9266	9291	9229	10579	9626	9589	9880	9389	9460	9477	9561	9429	11505	9484	9419	10730	9863	10452
8:57:40	37.0	10219	9424	9158	9574	9467	9431	9459	9389	9403	9453	9306	10926	10359	9939	9258	9499	9237	9642	9532	9653	9588	9365	9411	10654	13094	11528	11151	11418	11429	11922	11351	11546	11507	11298	11422	10848	11273	11432	11491	11251	9465	9762	11243	9871	10727	11299	11434	11049	9485	9318	9225	13862	9873	9586	9261	9484	9217	9310	9337	10595	9521	9581	9805	9356	9475	9482	9558	9439	11373	9616	9392	10899	9791	10381
9:01:40	37.0	10161	9460	9226	9522	9517	9480	9521	9456	9390	9293	9239	10900	10175	9942	9219	9559	9265	9522	9592	9570	9424	9328	9424	10531	13043	11576	11191	11312	11405	11906	11370	11529	11534	11152	11169	10693	11303	11427	11411	11270	9431	9574	11149	9858	10754	11273	11394	11060	9408	9249	9160	13777	9704	9656	9198	9526	9181	9266	9359	10665	9526	9544	9955	9409	9486	9440	9673	9447	11403	9562	9321	10955	9878	10310
9:05:40	37.0	10030	9421	9231	9430	9495	9441	9509	9520	9375	9352	9288	10931	10295	9908	9248	9571	9167	9538	9512	9528	9433	9423	9277	10673	13004	11410	11192	11128	11448	11890	11346	11398	11442	11167	11173	10627	11191	11322	11447	11216	9547	9686	11193	9802	10671	11217	11366	11016	9412	9289	9130	13894	9759	9626	9240	9459	9159	9263	9189	10665	9525	9490	10024	9453	9474	9488	9560	9432	11350	9416	9465	10804	9874	10545
9:09:40	37.0	9933	9306	9257	9512	9477	9422	9447	9438	9506	9381	9243	10852	10081	9743	9203	9452	9243	9593	9374	9608	9387	9374	9367	10626	12928	11376	11172	11161	11324	11822	11287	11376	11319	11060	11284	10657	11156	11442	11387	11327	9348	9736	11098	9747	10466	11193	11362	11006	9455	9209	9182	13899	9800	9484	9107	9418	9119	9332	9289	10549	9585	9589	9888	9280	9505	9365	9602	9457	11525	9522	9376	10815	9821	10317
9:13:40	37.0	9922	9371	9190	9444	9467	9358	9535	9269	9404	9294	9266	10844	10072	9727	9220	9449	9095	9539	9399	9578	9517	9248	9330	10626	12968	11359	10955	11284	11242	11715	11212	11393	11506	11038	11216	10583	11140	11330	11256	11121	9432	9557	11117	9817	10469	11251	11246	10958	9396	9322	9173	13896	9640	9573	9247	9388	9167	9207	9244	10578	9600	9555	9865	9392	9433	9475	9507	9458	11254	9581	9481	10704	9705	10454
9:17:40	37.0	9991	9381	9206	9429	9354	9343	9418	9316	9408	9392	9147	10880	9993	9651	9196	9420	9186	9426	9444	9537	9379	9206	9339	10593	12799	11475	11117	11047	11176	11686	11218	11313	11481	10926	11138	10629	11080	11341	11220	11232	9349	9492	10942	9744	10377	11010	11275	10956	9280	9198	9132	13675	9667	9451	9194	9435	9100	9241	9176	10645	9541	9463	9875	9410	9345	9455	9660	9447	11438	9535	9506	10648	9754	10395
9:21:40	37.0	9891	9380	9227	9406	9388	9247	9535	9363	9223	9319	9233	10938	9927	9627	9190	9317	9212	9468	9454	9559	9337	9371	9388	10496	12739	11286	11033	11148	11113	11705	11171	11371	11448	10920	11167	10585	11059	11408	11344	11053	9300	9529	10802	9717	10293	11085	11199	10856	9389	9123	9162	13825	9573	9430	9212	9344	9043	9038	9091	10570	9558	9528	9892	9394	9455	9439	9648	9448	11483	9538	9453	10784	9702	10247
9:25:40	37.0	9831	9449	9193	9516	9393	9380	9350	9264	9324	9359	9227	10826	9868	9630	9179	9360	9160	9437	9360	9565	9414	9237	9303	10420	12841	11192	10928	11063	11184	11674	11156	11174	11359	11024	11031	10617	11026	11256	11257	11073	9284	9505	10876	9598	10176	11069	11216	10932	9394	9211	9078	13777	9666	9545	9140	9347	9065	9088	9066	10458	9529	9552	9799	9341	9466	9516	9477	9373	11322	9633	9424	10827	9675	10393
9:29:40	37.0	9716	9361	9159	9442	9440	9377	9384	9296	9365	9278	9217	10865	9843	9581	9212	9358	9219	9496	9349	9540	9340	9328	9334	10488	12654	11176	10974	10925	10963	11616	10983	11169	11450	10931	11036	10460	10931	11226	11198	11007	9407	9460	10789	9572	10187	10765	11178	10974	9362	9219	9085	13679	9648	9429	9153	9274	8988	9128	9104	10518	9607	9507	9886	9232	9482	9441	9566	9467	11383	9343	9508	10656	9662	10349
9:33:40	37.0	9746	9341	9220	9325	9321	9322	9361	9204	9368	9353	9158	10771	9802	9628	9117	9312	9120	9459	9442	9499	9299	9354	9293	10454	12657	11092	10910	10887	11006	11428	11093	11187	11434	10746	11040	10598	10923	11288	11118	10995	9232	9524	10801	9535	10221	10874	11033	10870	9281	9127	9068	13802	9629	9441	9078	9235	9015	9007	9121	10473	9486	9465	9845	9383	9504	9341	9657	9443	11325	9395	9463	10707	9619	10354
9:37:40	37.0	9668	9213	9207	9338	9257	9332	9396	9098	9258	9305	9240	10710	9681	9563	9158	9326	9138	9376	9327	9465	9377	9251	9268	10506	12536	11136	10888	10795	10959	11466	10966	11126	11338	10796	10776	10504	10839	11093	11082	10845	9377	9455	10664	9512	9961	10703	11030	10937	9234	9177	9113	13726	9675	9389	9096	9248	8913	9045	9069	10546	9584	9409	9915	9230	9484	9509	9653	9437	11351	9479	9517	10644	9669	10308
9:41:40	37.0	9628	9192	9187	9397	9370	9313	9402	9108	9184	9251	9214	10743	9669	9519	9173	9402	9150	9452	9422	9426	9282	9269	9379	10468	12618	10939	10813	10930	10898	11542	11089	11095	11218	10615	10909	10552	10776	11156	11099	10939	9393	9449	10596	9415	10043	10725	11040	10876	9203	9223	9007	13648	9616	9390	9059	9139	8922	9007	9041	10504	9493	9566	9834	9397	9434	9527	9546	9636	11496	9545	9454	10753	9670	10313
9:45:40	37.0	9681	9227	9212	9306	9329	9197	9376	9188	9233	9199	9128	10586	9641	9576	9240	9299	9243	9312	9385	9521	9386	9247	9351	10367	12494	11061	10770	10962	10910	11456	10976	10968	11194	10753	10887	10525	10768	11040	10975	10766	9282	9499	10448	9553	9954	10754	10995	10967	9261	9057	9081	13697	9735	9405	9004	9341	8937	9104	8989	10367	9587	9614	9828	9310	9436	9498	9546	9373	11419	9531	9509	10825	9641	10154
9:49:40	37.0	9666	9320	9196	9312	9268	9222	9253	9272	9104	9203	9192	10541	9566	9470	9218	9293	9220	9358	9311	9406	9324	9259	9214	10368	12436	10850	10825	10763	10845	11315	10870	10930	11083	10573	10815	10553	10676	11032	11044	10809	9328	9464	10485	9525	10019	10627	10981	10809	9265	9094	9079	13550	9531	9435	8988	9218	9015	8900	8989	10419	9467	9516	9790	9243	9583	9463	9674	9453	11458	9548	9460	10615	9631	10162
9:53:40	37.0	9584	9328	9168	9312	9327	9175	9304	9285	9201	9202	9150	10579	9703	9503	9282	9374	8987	9462	9305	9473	9276	9219	9211	10484	12422	10957	10637	10699	10846	11506	10799	10978	11054	10720	10702	10585	10849	10899	10960	10814	9307	9375	10399	9487	9927	10587	10851	10834	9254	9043	8905	13658	9636	9485	8961	9185	8833	9065	8979	10379	9482	9569	9861	9210	9582	9415	9637	9572	11380	9575	9446	10627	9679	10277
9:57:40	37.0	9528	9273	9214	9316	9333	9255	9348	9267	9240	9084	9111	10653	9532	9402	9159	9338	9161	9303	9317	9420	9190	9257	9152	10338	12462	10782	10767	10776	10772	11254	10821	10981	10976	10603	10837	10594	10739	10871	10943	10758	9354	9382	10475	9482	9919	10382	10876	10865	9312	9038	8929	13635	9534	9311	8997	9149	8995	9078	8950	10471	9462	9532	9912	9280	9535	9584	9559	9442	11499	9599	9403	10647	9684	10145
10:01:40	37.0	9536	9235	9262	9332	9227	9109	9241	9257	9261	9296	9199	10669	9487	9498	9271	9465	9184	9387	9315	9427	9295	9277	9297	10453	12383	10766	10714	10649	10725	11378	10764	10848	11019	10554	10742	10578	10551	10866	10947	10545	9270	9513	10363	9515	9937	10298	10842	10811	9325	8937	8978	13509	9575	9336	8893	9164	8901	8914	8902	10414	9533	9566	9906	9131	9509	9461	9737	9457	11357	9475	9361	10594	9755	10066
10:05:40	37.0	9540	9304	9186	9310	9310	9218	9314	9218	9142	9176	9164	10548	9488	9377	9122	9388	9240	9484	9262	9335	9242	9188	9217	10447	12319	10844	10577	10626	10786	11221	10864	10834	10942	10512	10739	10657	10737	10770	10948	10487	9222	9353	10389	9509	9843	10384	10813	10776	9308	8948	8928	13630	9608	9353	8915	9122	8943	8981	8931	10294	9618	9525	9847	9139	9388	9468	9617	9324	11334	9559	9514	10432	9668	10105
10:09:40	37.0	9519	9295	9244	9306	9209	9305	9295	9274	9191	9133	9089	10579	9497	9450	9121	9282	9067	9297	9275	9479	9270	9347	9248	10451	12323	10804	10682	10566	10706	11293	10736	10830	10757	10343	10731	10433	10522	10797	10753	10442	9193	9415	10253	9459	9830	10335	10767	10751	9200	9086	8943	13607	9565	9275	8923	9065	8752	8906	8921	10386	9416	9560	9843	9209	9448	9642	9642	9490	11379	9529	9519	10572	9701	10120
10:13:40	37.0	9456	9340	9285	9290	9258	9224	9344	9212	9193	9164	9125	10607	9471	9452	9217	9324	9041	9314	9365	9393	9244	9329	9236	10315	12346	10783	10575	10583	10611	11241	10681	10831	10962	10327	10665	10500	10404	10747	10793	10405	9254	9334	10334	9474	9922	10307	10748	10875	9178	9067	8910	13538	9434	9250	8936	9072	8854	8921	8815	10434	9562	9617	9924	9232	9514	9463	9637	9493	11380	9583	9460	10492	9685	10165
10:17:40	37.0	9438	9218	9159	9263	9297	9273	9315	9247	9227	9150	9148	10604	9490	9391	9158	9416	9112	9263	9214	9389	9251	9168	9237	10450	12297	10657	10532	10700	10629	11159	10518	10717	10783	10371	10540	10494	10482	10726	10749	10294	9324	9458	10131	9508	9860	10171	10777	10742	9195	8840	8763	13666	9455	9177	8805	9134	8789	8856	8821	10305	9614	9608	9993	9233	9581	9476	9624	9430	11447	9502	9474	10490	9600	10092
10:21:40	37.0	9508	9275	9215	9308	9220	9225	9336	9133	9195	9113	9016	10554	9426	9334	9161	9321	9163	9340	9325	9310	9250	9190	9235	10372	12235	10672	10599	10604	10518	11261	10571	10665	10736	10308	10570	10486	10541	10637	10673	10233	9250	9434	10169	9440	9779	10137	10628	10766	9193	8921	8901	13631	9418	9218	8849	9053	8838	8767	8814	10258	9441	9534	10022	9175	9441	9441	9592	9452	11238	9466	9505	10368	9557	10096
10:25:40	37.0	9516	9246	9204	9300	9207	9284	9194	9221	9253	9126	9033	10524	9408	9403	9126	9372	9122	9312	9304	9370	9275	9148	9192	10293	12309	10634	10581	10609	10642	11097	10669	10586	10781	10303	10528	10555	10380	10676	10789	10159	9242	9424	10307	9539	9734	10118	10691	10774	9295	8936	8931	13570	9423	9285	8813	8991	8769	8822	8841	10388	9600	9654	9910	9171	9505	9546	9647	9571	11303	9539	9486	10462	9645	10161
10:29:40	37.0	9543	9330	9183	9319	9282	9242	9240	9193	9128	9193	9069	10560	9352	9415	9193	9282	9201	9329	9303	9299	9188	9156	9138	10379	12132	10626	10627	10465	10482	11144	10573	10682	10615	10206	10545	10552	10454	10503	10646	10125	9304	9384	10147	9517	9693	9964	10465	10795	9205	8880	8866	13454	9384	9097	8777	9091	8684	8737	8826	10314	9600	9642	9870	9095	9445	9524	9643	9557	11343	9702	9473	10441	9645	10090
10:33:40	37.0	9477	9314	9209	9217	9285	9160	9259	9171	9125	9225	9131	10468	9418	9376	9112	9418	9120	9385	9285	9348	9276	9114	9269	10324	12176	10546	10514	10396	10458	11129	10525	10621	10578	10229	10463	10427	10247	10685	10619	10110	9161	9452	10147	9487	9840	10008	10644	10643	9202	8971	8923	13519	9418	9131	8740	8986	8746	8848	8741	10405	9550	9595	9904	9084	9551	9475	9585	9372	11433	9613	9505	10372	9624	10022
10:37:40	37.0	9446	9309	9263	9387	9273	9244	9240	9187	9153	9198	8961	10459	9419	9350	9150	9356	9136	9368	9225	9410	9155	9158	9212	10337	12149	10530	10357	10549	10441	11104	10445	10710	10635	10210	10539	10390	10200	10532	10439	10090	9168	9485	10073	9358	9755	10034	10502	10763	9140	8884	8858	13475	9426	9154	8824	8810	8746	8851	8750	10326	9512	9553	9896	9071	9463	9567	9717	9474	11398	9602	9467	10471	9537	9945
10:41:40	37.0	9330	9168	9277	9412	9245	9092	9299	9161	9127	9146	8981	10450	9325	9437	9102	9302	9083	9334	9340	9405	9189	9194	9207	10310	12047	10570	10436	10547	10440	11069	10452	10654	10675	10100	10484	10463	10284	10586	10576	10029	9202	9462	10209	9457	9750	9999	10474	10742	9204	8927	8885	13479	9459	9170	8801	8918	8704	8824	8710	10400	9562	9652	9876	9132	9478	9490	9671	9475	11291	9456	9560	10456	9622	10162
10:45:40	37.0	9326	9192	9251	9270	9336	9195	9292	9169	9150	9202	9081	10522	9499	9309	9080	9353	9150	9383	9306	9266	9184	9146	9281	10283	12060	10559	10342	10387	10412	10984	10491	10573	10551	10035	10472	10436	10189	10506	10393	10060	9286	9290	10071	9406	9696	9874	10381	10753	9102	8862	8834	13375	9385	9211	8742	8914	8683	8704	8743	10293	9433	9629	9930	9021	9492	9533	9590	9484	11407	9504	9510	10349	9587	10048
10:49:40	37.0	9543	9255	9295	9403	9295	9165	9282	9175	9189	9181	9145	10427	9391	9374	9203	9349	9139	9422	9263	9416	9198	9205	9156	10302	12110	10522	10377	10345	10465	10899	10463	10552	10489	10206	10450	10413	10278	10486	10400	9994	9138	9415	10201	9479	9751	9769	10488	10665	9120	8778	8797	13591	9367	9134	8781	8891	8689	8726	8677	10346	9512	9664	9922	9015	9498	9580	9618	9496	11443	9675	9466	10409	9523	9986
10:53:40	37.0	9353	9255	9225	9316	9171	9212	9222	9056	9079	9193	9025	10429	9346	9345	9162	9307	9150	9244	9288	9279	9212	9175	9231	10336	12215	10460	10403	10383	10455	10994	10396	10574	10472	10011	10430	10378	10189	10477	10332	9953	9256	9381	10160	9360	9780	9974	10369	10722	9130	8945	8942	13479	9380	9147	8673	8973	8587	8655	8764	10292	9459	9505	9895	9027	9434	9618	9645	9570	11432	9495	9515	10445	9645	9922
10:57:40	37.0	9311	9304	9192	9323	9312	9183	9258	9153	9137	9173	9109	10471	9353	9398	9150	9275	9185	9243	9251	9421	9213	9157	9224	10226	12159	10499	10375	10410	10366	10996	10395	10633	10447	10103	10408	10410	10193	10437	10444	9940	9251	9433	10114	9537	9670	9981	10354	10675	9085	8898	8855	13286	9473	9202	8695	8909	8623	8673	8679	10248	9530	9647	9953	9098	9541	9573	9603	9556	11301	9590	9543	10471	9425	9908
11:01:40	37.0	9364	9280	9250	9256	9193	9169	9339	9192	9094	9160	9015	10400	9376	9335	9127	9310	9100	9321	9295	9338	9213	9161	9199	10414	12096	10361	10265	10425	10273	10983	10415	10491	10389	10030	10430	10302	10126	10435	10310	9948	9233	9239	10205	9497	9675	9871	10320	10576	9001	8847	8776	13532	9470	9156	8642	8847	8664	8690	8751	10391	9392	9658	9816	8961	9547	9465	9534	9451	11421	9465	9525	10363	9531	9938
11:05:40	37.0	9379	9243	9114	9217	9186	9181	9280	9152	9152	9199	9044	10333	9289	9340	9177	9324	9180	9329	9129	9433	9196	9234	9187	10287	12080	10321	10275	10299	10343	10881	10425	10462	10561	9969	10467	10390	10164	10401	10341	9905	9270	9309	10070	9407	9741	9788	10293	10578	9128	8834	8758	13418	9361	9003	8707	8862	8637	8674	8628	10419	9473	9581	9932	8969	9578	9482	9576	9494	11398	9430	9392	10428	9445	9975
11:09:40	37.0	9428	9254	9224	9343	9137	9126	9206	9034	9114	9163	9078	10418	9378	9264	9121	9237	9010	9243	9236	9298	9096	9092	9202	10299	12140	10347	10318	10300	10281	11014	10373	10383	10372	9927	10328	10315	10026	10232	10222	9874	9344	9350	10116	9374	9675	9808	10357	10631	9087	8916	8784	13428	9276	9117	8602	8740	8693	8643	8638	10294	9391	9487	9817	8973	9534	9606	9617	9552	11358	9651	9592	10319	9445	9838
11:13:40	37.0	9327	9276	9289	9258	9240	9181	9271	9129	9229	9114	8954	10234	9280	9322	9093	9319	9092	9389	9211	9313	9183	9076	9190	10266	11894	10383	10343	10369	10244	10929	10359	10446	10392	10069	10360	10327	10044	10286	10215	9866	9179	9298	10038	9456	9734	9769	10240	10640	9050	8701	8859	13418	9352	9080	8577	8823	8696	8680	8573	10339	9414	9735	9994	8969	9512	9413	9706	9503	11343	9525	9437	10325	9498	9796
11:17:40	37.0	9396	9269	9310	9240	9162	9124	9287	9181	9108	9134	9047	10326	9343	9299	9128	9368	9145	9310	9269	9329	9211	9133	9107	10218	12099	10343	10251	10215	10268	10850	10345	10241	10442	9901	10354	10359	10070	10225	10168	9876	9303	9362	10179	9448	9614	9754	10305	10598	9168	8820	8862	13428	9341	9059	8588	8774	8602	8594	8661	10320	9486	9602	9881	8941	9408	9529	9658	9508	11358	9513	9408	10362	9464	9904
11:21:40	37.0	9353	9260	9233	9252	9186	9086	9312	9061	9108	9065	9028	10220	9269	9292	9111	9363	9227	9307	9259	9349	9117	9207	9142	10249	11983	10330	10291	10130	10366	10905	10291	10344	10234	9881	10275	10366	10033	10213	10293	9786	9267	9322	9958	9396	9612	9780	10248	10628	9057	8794	8887	13336	9236	9042	8557	8761	8496	8664	8626	10299	9404	9574	9795	8934	9556	9525	9654	9481	11364	9600	9374	10284	9480	9844
11:25:40	37.0	9379	9204	9338	9205	9262	9228	9301	9156	9069	9067	9122	10277	9274	9278	9085	9254	9210	9342	9197	9446	9182	9147	9134	10321	12042	10338	10305	10286	10215	10819	10315	10426	10355	9826	10286	10295	10003	10202	10145	9791	9214	9383	10065	9503	9582	9834	10116	10574	9009	8798	8815	13402	9221	8977	8673	8857	8616	8636	8651	10255	9477	9559	9915	8901	9494	9485	9632	9384	11370	9477	9518	10298	9407	9739
11:29:40	37.0	9329	9184	9336	9253	9241	9138	9222	9063	9111	9091	8991	10145	9267	9409	9136	9388	9119	9295	9193	9299	9205	9098	9177	10253	12069	10360	10257	10272	10208	10770	10368	10408	10303	9901	10338	10332	10088	10171	10159	9867	9252	9420	10023	9368	9533	9690	10198	10588	8992	8789	8764	13371	9183	9013	8589	8786	8535	8548	8573	10246	9440	9588	9836	8907	9559	9515	9855	9538	11393	9500	9538	10261	9434	9737
11:33:40	37.0	9310	9147	9221	9312	9224	9182	9291	9091	9133	9061	9074	10166	9359	9370	9218	9268	9188	9280	9221	9280	9149	9118	9203	10181	11984	10242	10259	10226	10259	10781	10361	10239	10272	9837	10269	10397	9968	10172	10175	9827	9294	9359	9983	9473	9601	9790	10127	10588	9102	8686	8775	13428	9296	9034	8582	8783	8509	8523	8538	10211	9430	9670	10007	8865	9512	9483	9607	9539	11337	9502	9488	10271	9555	9781
11:37:40	37.0	9318	9211	9265	9279	9130	9166	9253	9129	9029	9109	8982	10323	9307	9334	9166	9293	9124	9232	9344	9255	9247	9056	9153	10275	12013	10307	10085	10171	10182	10697	10328	10262	10288	9929	10250	10290	9972	10005	10104	9729	9306	9439	9959	9452	9627	9766	10156	10484	9049	8796	8821	13449	9257	8964	8585	8798	8639	8501	8506	10219	9438	9494	9992	8900	9559	9391	9685	9551	11266	9532	9615	10383	9450	9794
11:41:40	37.0	9414	9227	9230	9301	9252	9152	9252	9036	9090	9071	9053	10288	9231	9241	9092	9237	9184	9144	9232	9288	9217	9066	9090	10267	11998	10261	10276	10154	10251	10803	10293	10271	10218	9864	10194	10242	9966	10197	10055	9732	9292	9339	10003	9409	9588	9724	10197	10398	9126	8698	8784	13318	9244	8893	8589	8735	8424	8583	8483	10122	9436	9660	9895	8860	9532	9582	9593	9660	11345	9584	9474	10332	9445	9700
11:45:40	37.0	9232	9206	9209	9291	9216	9160	9317	9147	9044	9165	8919	10243	9243	9355	9143	9312	9075	9332	9156	9461	9070	9152	9093	10289	11890	10203	10094	10109	10210	10799	10393	10288	10209	9891	10200	10340	9916	10043	10006	9766	9292	9506	9939	9399	9599	9711	10176	10490	9002	8664	8831	13339	9194	8905	8467	8711	8549	8512	8427	10219	9348	9601	9880	8847	9516	9583	9587	9489	11311	9568	9523	10382	9386	9719
11:49:40	37.0	9334	9209	9255	9345	9242	9063	9372	9132	8984	9086	9052	10150	9284	9273	9132	9300	9190	9263	9195	9308	9109	9090	9186	10206	11984	10156	10151	10204	10169	10827	10339	10146	10181	9771	10159	10265	9839	10059	9948	9734	9172	9388	10081	9459	9625	9659	10113	10464	8984	8786	8747	13353	9111	8947	8473	8666	8434	8538	8543	10145	9494	9586	9961	8733	9676	9540	9628	9467	11397	9477	9489	10264	9487	9624
11:53:40	37.0	9403	9280	9315	9237	9187	9069	9280	9166	9105	9133	9022	10194	9271	9245	9179	9267	9193	9313	9281	9259	9259	9095	9115	10263	11869	10229	10145	10116	10117	10833	10220	10223	10228	9871	10139	10257	9957	10120	9965	9779	9263	9487	10056	9518	9600	9752	10085	10420	9123	8654	8761	13366	9209	8905	8547	8757	8487	8502	8627	10150	9436	9526	9834	8811	9529	9483	9670	9521	11298	9507	9520	10357	9359	9682
11:57:40	37.0	9356	9259	9278	9224	9219	9115	9161	9078	9100	9049	9032	10182	9230	9332	9156	9320	9128	9346	9324	9303	9117	9045	9170	10307	12047	10236	10021	10039	10157	10779	10175	10069	10234	9792	10178	10388	9902	10094	10006	9692	9270	9492	10075	9461	9583	9871	10078	10612	9013	8616	8763	13310	9185	8924	8505	8654	8481	8488	8580	10201	9450	9607	9896	8848	9525	9542	9586	9494	11255	9468	9487	10270	9383	9685
12:01:40	37.0	9348	9275	9307	9319	9218	9112	9279	9095	9116	9179	9103	10167	9297	9400	9188	9245	9114	9387	9230	9231	9151	9197	9076	10172	12037	10252	10093	10112	10083	10616	10235	10178	10226	9915	10228	10275	9932	10171	9905	9675	9166	9374	9984	9422	9577	9572	10127	10432	8931	8762	8739	13294	9230	8973	8421	8630	8377	8473	8439	10177	9478	9603	9938	8837	9548	9560	9604	9542	11222	9644	9506	10341	9354	9765
12:05:40	37.0	9305	9208	9243	9258	9209	9117	9158	9054	9101	9161	9074	10217	9294	9283	9119	9334	9143	9312	9167	9411	9081	9184	9159	10174	11931	10232	10038	10126	10030	10708	10213	10149	10097	9823	10212	10272	10004	9982	9947	9854	9313	9459	9944	9389	9506	9648	10020	10411	8919	8749	8636	13402	9195	9004	8478	8642	8530	8401	8529	10163	9400	9536	9950	8929	9575	9520	9579	9479	11309	9577	9499	10314	9345	9698
12:09:40	37.0	9471	9243	9296	9322	9278	9098	9273	9001	9034	9067	9036	10019	9274	9299	9146	9295	9089	9278	9252	9359	9078	9081	9190	10209	11890	10151	9992	10059	10068	10510	10264	10232	10207	9832	10143	10301	10011	9994	10031	9710	9260	9440	10027	9478	9429	9582	10170	10426	8953	8729	8727	13276	9200	8869	8331	8676	8445	8435	8507	10259	9418	9564	9872	8743	9461	9570	9568	9573	11327	9435	9521	10287	9389	9661
12:13:40	37.0	9437	9237	9410	9257	9262	9111	9288	9092	9010	8969	8984	10065	9287	9183	9089	9289	9207	9347	9205	9270	9047	9078	9259	10271	11845	10233	10045	9941	10146	10673	10292	10210	10288	9714	10238	10256	9921	10023	9982	9737	9393	9398	10043	9492	9541	9687	9987	10386	8938	8653	8736	13290	9069	8757	8373	8643	8482	8501	8447	10182	9450	9540	10017	8725	9582	9601	9725	9601	11252	9592	9371	10191	9261	9719
12:17:40	37.0	9403	9251	9328	9343	9104	9146	9240	9111	8986	9089	9009	10153	9249	9330	9171	9302	9137	9272	9283	9333	9116	9094	9201	10194	11836	10165	9985	9956	10182	10543	10120	10133	10170	9717	10073	10289	9953	9985	9934	9609	9293	9443	9961	9372	9473	9710	10062	10401	8944	8648	8784	13140	9318	8811	8418	8645	8418	8421	8481	10190	9414	9601	9950	8758	9565	9570	9612	9454	11318	9438	9424	10259	9334	9614
12:21:40	37.0	9246	9271	9243	9198	9342	9091	9277	9017	9098	9173	9075	10014	9315	9314	9108	9322	9099	9201	9200	9339	9146	9230	9124	10181	11814	10209	9987	9868	10083	10682	10189	10082	10047	9713	10142	10240	9878	10053	9854	9732	9296	9517	9888	9410	9517	9732	9970	10251	8897	8582	8669	13326	9211	8882	8428	8484	8410	8499	8455	10091	9436	9561	9904	8738	9632	9535	9637	9461	11267	9580	9453	10298	9397	9661
12:25:40	37.0	9253	9266	9364	9230	9193	9182	9220	9109	9078	9126	9084	10101	9295	9342	9180	9360	9049	9263	9260	9343	9125	9117	9126	10318	11881	10082	9991	9900	10013	10567	10239	10106	10187	9876	10227	10217	9919	10126	9835	9626	9218	9417	10015	9501	9587	9677	10085	10348	8982	8618	8608	13299	9116	8849	8312	8592	8433	8443	8423	10148	9470	9677	9883	8692	9506	9572	9615	9503	11185	9531	9370	10198	9300	9600
12:29:40	37.0	9371	9161	9377	9150	9106	9249	9321	9100	9059	9161	9065	9987	9341	9240	9223	9379	9118	9252	9182	9307	9186	9034	9188	10278	11795	10078	9867	9950	9973	10628	10058	10160	10045	9829	10059	10283	9956	9918	9797	9792	9296	9421	9865	9500	9553	9655	10083	10272	8955	8734	8706	13301	9180	8868	8331	8527	8419	8432	8452	10104	9441	9581	9969	8777	9537	9587	9616	9449	11184	9469	9483	10190	9321	9649
12:33:40	37.0	9272	9304	9338	9146	9219	9223	9312	9051	9067	8992	9025	10129	9378	9359	9116	9291	9215	9228	9217	9180	9147	9062	9189	10162	11831	10177	9994	9877	10061	10530	10169	10075	10111	9739	10010	10212	9927	10052	9845	9581	9192	9297	9974	9510	9557	9632	10009	10385	8907	8650	8679	13175	9191	8859	8324	8528	8408	8430	8441	10079	9325	9694	9838	8699	9446	9552	9563	9515	11273	9596	9324	10200	9329	9525
12:37:40	37.0	9315	9234	9248	9233	9202	9157	9171	9141	9097	9006	9105	9943	9307	9380	9044	9334	9138	9359	9101	9211	9139	9104	9089	10185	11733	10011	9942	9932	10040	10563	10011	10189	9986	9841	10152	10083	9827	9997	9859	9651	9367	9454	9954	9551	9480	9605	9946	10228	8847	8599	8680	13250	9058	8780	8242	8538	8340	8361	8363	10099	9484	9521	9968	8781	9541	9511	9585	9433	11218	9511	9568	10277	9300	9652
12:41:40	37.0	9343	9287	9392	9135	9145	9074	9242	9063	9014	9191	9138	10063	9323	9281	9166	9253	9211	9269	9140	9376	9173	9191	9073	10194	11748	10036	9955	9868	9964	10496	10079	10133	10006	9682	9957	10192	9942	10024	9742	9645	9251	9523	9968	9490	9531	9542	10098	10237	8946	8654	8653	13286	9142	8851	8385	8487	8377	8337	8445	10064	9344	9561	9948	8760	9559	9571	9733	9530	11159	9568	9566	10196	9334	9512
12:45:40	37.0	9341	9277	9279	9242	9195	9238	9295	9111	9042	9134	9021	9795	9232	9327	9208	9224	9119	9343	9198	9358	9161	9126	9190	10223	11754	9972	9886	9879	10015	10537	9978	10013	10020	9836	10040	10203	9954	9942	9780	9716	9330	9470	10026	9510	9548	9640	10008	10285	8941	8527	8669	13278	9043	8779	8344	8572	8353	8459	8476	10074	9485	9628	9833	8728	9472	9430	9601	9550	11179	9611	9474	10237	9267	9551
12:49:40	37.0	9349	9225	9395	9276	9278	9092	9226	9148	9079	9056	8988	9954	9245	9383	9054	9361	9206	9329	9235	9202	9187	9036	9206	10135	11817	9908	9873	9924	9897	10605	10047	10101	9961	9792	10050	10166	9802	9784	9884	9505	9282	9488	9931	9473	9426	9667	10157	10218	8832	8727	8710	13123	9052	8744	8260	8524	8349	8359	8333	10131	9363	9659	9998	8762	9452	9503	9687	9612	11244	9524	9457	10143	9297	9589
12:53:40	37.0	9380	9307	9317	9366	9148	9195	9144	9180	9031	9084	9040	9912	9335	9215	9085	9382	9174	9361	9222	9387	9071	9146	9128	10143	11820	9978	9833	9956	9960	10583	10050	10020	9958	9768	10000	10165	10035	9885	9782	9536	9329	9542	9959	9359	9504	9568	9965	10260	8808	8585	8626	13333	9116	8814	8294	8472	8347	8329	8333	10136	9390	9432	9930	8804	9540	9563	9575	9438	11261	9553	9608	10108	9276	9543
12:57:40	37.0	9308	9359	9270	9236	9107	9195	9134	9115	9112	9222	9001	9747	9250	9398	9193	9354	9134	9276	9239	9264	9116	9168	9186	10060	11779	9894	9874	9827	9863	10467	10019	10007	9932	9693	9963	10101	9810	9853	9892	9586	9297	9540	9902	9415	9456	9555	9929	10274	8942	8546	8666	13063	8912	8757	8366	8406	8281	8406	8392	10030	9388	9571	9927	8688	9510	9521	9622	9475	11212	9598	9525	10213	9281	9545
13:01:40	37.0	9346	9307	9324	9275	9179	9139	9142	9122	9114	9151	9025	9848	9311	9242	9122	9252	9147	9352	9144	9243	9185	9130	9200	10231	11792	9983	9846	9887	9876	10468	10040	10086	10004	9749	9919	10241	9825	9809	9860	9670	9314	9565	9983	9561	9494	9583	9915	10074	8889	8687	8679	13209	9046	8699	8228	8452	8324	8402	8386	10050	9422	9676	9951	8708	9513	9548	9686	9560	11231	9686	9437	10123	9251	9519
13:05:40	37.0	9404	9430	9372	9253	9234	9121	9219	9110	9103	9131	9056	9873	9220	9305	9147	9341	9127	9300	9191	9256	9178	9075	9171	10012	11759	9993	9952	9804	9905	10595	10043	9966	9950	9768	9972	10161	9870	9795	9789	9643	9286	9478	9964	9431	9465	9580	9922	10194	8824	8638	8701	13159	9000	8690	8223	8418	8321	8452	8325	10083	9353	9581	9965	8745	9442	9514	9616	9493	11203	9558	9574	10125	9344	9438
13:09:40	37.0	9237	9291	9336	9244	9163	9198	9232	9143	9142	9091	8956	9858	9286	9265	9092	9270	9163	9336	9245	9275	9209	9157	9188	10161	11735	9947	9895	9770	9882	10525	9901	10122	10022	9765	10033	10058	9812	9867	9764	9605	9211	9426	9982	9588	9502	9577	9947	10165	8840	8585	8708	13282	9004	8815	8184	8488	8270	8351	8311	10080	9397	9701	9918	8676	9490	9558	9571	9531	11297	9537	9505	10147	9186	9549
13:13:40	37.0	9235	9260	9311	9154	9121	9223	9227	9096	9084	9182	9105	9869	9329	9284	9071	9378	9199	9322	9227	9300	9180	9080	9178	10217	11862	9842	9933	9785	9900	10546	9944	10024	9973	9720	9967	10127	9661	9900	9794	9613	9240	9544	10049	9505	9430	9631	9906	10148	8845	8637	8563	13187	9040	8746	8237	8439	8160	8440	8318	10100	9379	9619	9889	8751	9540	9555	9600	9505	11224	9475	9511	10094	9318	9431
13:17:40	37.0	9275	9362	9276	9250	9216	9212	9215	9195	9093	9108	8987	9925	9193	9353	9122	9296	9125	9288	9221	9279	9129	9050	9299	10202	11716	9955	9830	9837	9819	10380	10011	9976	9909	9666	9947	10065	9892	9901	9767	9633	9328	9575	10010	9482	9463	9619	9759	10173	8805	8544	8666	13246	9135	8750	8266	8513	8374	8356	8238	10162	9405	9588	9953	8652	9542	9717	9674	9499	11139	9500	9416	10128	9248	9476
13:21:40	37.0	9423	9233	9383	9319	9172	9184	9188	9050	9044	9004	8977	9882	9334	9349	9074	9180	9207	9324	9314	9264	9139	9201	9165	10094	11731	9991	9848	9773	9965	10473	9941	9971	9950	9677	10031	10019	9680	9872	9831	9616	9351	9548	9907	9462	9500	9568	9875	10159	8806	8715	8688	13208	9104	8607	8207	8355	8395	8297	8328	9937	9471	9482	9924	8639	9543	9495	9719	9485	11147	9648	9462	10268	9238	9480
13:25:40	37.0	9276	9346	9266	9318	9284	9193	9249	9139	9151	9003	9056	9780	9182	9187	9228	9225	9004	9277	9296	9262	9177	9061	9170	10054	11684	9960	9820	9861	9810	10557	9976	9869	9996	9676	9998	10110	9886	9831	9787	9588	9261	9481	9994	9511	9564	9613	9825	10133	8856	8546	8566	13242	9002	8714	8261	8349	8321	8326	8379	10125	9351	9617	9890	8603	9577	9697	9684	9556	11215	9613	9522	10164	9173	9478
13:29:40	37.0	9421	9312	9387	9280	9196	9212	9149	9131	9298	9008	9063	9672	9286	9292	9100	9287	9207	9306	9240	9264	9157	9114	9127	10053	11586	9896	9806	9726	9802	10509	10013	10016	9872	9737	9969	10175	9775	10052	9798	9642	9376	9498	9965	9423	9587	9496	9903	10173	8804	8510	8663	13323	9025	8621	8218	8420	8256	8410	8276	10070	9417	9666	9955	8651	9502	9531	9678	9395	11150	9575	9439	10164	9107	9398
13:33:40	37.0	9228	9284	9321	9276	9316	9162	9259	9143	9122	9014	9062	9711	9223	9306	9165	9291	9158	9322	9180	9290	9156	9056	9172	10039	11661	9919	9870	9800	9962	10440	9951	9986	9937	9708	10003	10104	9805	9813	9828	9542	9357	9650	9964	9532	9362	9599	9894	10154	8854	8534	8634	13203	8996	8787	8157	8276	8164	8409	8395	10038	9425	9690	9935	8768	9516	9561	9627	9516	11287	9612	9456	10061	9187	9471
13:37:40	37.0	9356	9312	9374	9240	9180	9230	9212	9052	9114	9056	9092	9651	9226	9300	9138	9334	9224	9279	9257	9314	9069	9020	9156	9998	11686	9936	9763	9873	9835	10403	9874	9962	9897	9644	9898	10158	9722	9838	9735	9632	9290	9554	9836	9521	9437	9531	9901	10099	8898	8554	8656	13074	9049	8713	8166	8335	8246	8407	8359	10021	9307	9578	9928	8649	9457	9555	9605	9461	11264	9545	9406	10113	9219	9491
13:41:40	37.0	9256	9301	9229	9210	9156	9200	9317	9128	9115	9048	9021	9651	9201	9346	9111	9340	9097	9365	9202	9278	9191	9141	9219	10046	11748	9918	9780	9829	9970	10466	9992	9965	9929	9618	9957	10182	9674	9867	9798	9583	9258	9547	9884	9424	9498	9590	9779	10063	8861	8542	8651	13216	8988	8667	8215	8313	8248	8342	8192	9953	9462	9627	9805	8640	9426	9621	9667	9589	11211	9442	9455	10005	9233	9377
13:45:40	37.0	9313	9244	9337	9212	9163	9154	9216	9055	9071	9161	8964	9777	9219	9351	9156	9268	9120	9335	9185	9368	9211	9126	9141	10091	11704	9884	9691	9796	9932	10442	9958	9876	9802	9628	9900	10135	9890	9825	9800	9546	9312	9653	9958	9474	9479	9541	9837	10157	8847	8612	8640	13263	9097	8639	8164	8324	8308	8359	8266	9928	9355	9598	9959	8577	9444	9547	9621	9576	11190	9641	9409	10108	9103	9476
13:49:40	37.0	9348	9396	9311	9237	9122	9153	9241	9205	9109	9189	9068	9692	9193	9332	9171	9282	9172	9323	9257	9297	9074	9109	9107	10041	11782	9921	9832	9774	9777	10483	9894	9846	9983	9687	9845	10033	9705	9807	9809	9681	9370	9593	10052	9462	9499	9544	9875	10090	8804	8510	8684	13280	9085	8601	8181	8297	8300	8438	8239	10062	9385	9515	9966	8680	9562	9571	9571	9543	11159	9532	9401	10068	9231	9369
13:53:40	37.0	9381	9393	9416	9359	9112	9083	9050	9087	9132	9147	9021	9736	9267	9382	9141	9279	9203	9247	9143	9262	9237	9078	9100	9926	11768	9935	9831	9741	9783	10454	9866	9863	9879	9732	9961	10045	9770	9737	9841	9702	9406	9535	10014	9506	9438	9632	9815	10022	8795	8508	8636	13175	8983	8670	8217	8344	8246	8344	8248	9925	9374	9606	10029	8625	9498	9487	9666	9528	11203	9560	9499	9967	9142	9428
13:57:40	37.0	9290	9301	9300	9314	9273	9199	9222	9111	9151	9044	9059	9707	9240	9323	9063	9239	9130	9343	9253	9433	9080	9130	9209	10000	11775	9908	9939	9769	9702	10414	10020	9841	9880	9606	9870	10067	9728	9820	9760	9594	9292	9496	9959	9499	9525	9399	9800	10041	8939	8607	8593	13147	8837	8696	8206	8310	8188	8228	8222	9880	9431	9579	9903	8572	9549	9507	9643	9471	11178	9591	9379	9995	9132	9510
14:01:40	37.0	9250	9352	9327	9259	9246	9211	9161	9028	9028	9049	9214	9766	9287	9279	9104	9328	9044	9332	9290	9248	9158	9164	9140	9992	11670	9831	9709	9677	9793	10343	9937	9926	9796	9617	9908	10123	9727	9765	9710	9637	9272	9663	10009	9328	9495	9528	9813	10045	8820	8568	8510	13140	8935	8659	8088	8355	8219	8326	8160	9842	9441	9599	9924	8546	9488	9607	9577	9506	11167	9498	9397	10024	9157	9475
14:05:40	37.0	9364	9323	9392	9246	9228	9136	9279	9151	9161	9127	9109	9669	9262	9407	9110	9290	9226	9389	9244	9323	9151	9138	9163	9920	11628	9832	9921	9669	9808	10467	9898	9928	9809	9787	9892	10011	9577	9845	9726	9585	9261	9470	9906	9453	9452	9636	9868	10090	8883	8467	8533	13083	9078	8552	8115	8282	8170	8225	8263	9900	9406	9700	9843	8484	9514	9581	9535	9582	11232	9535	9451	9955	9205	9332
14:09:40	37.0	9384	9240	9322	9372	9157	9202	9260	9122	9189	9147	9107	9738	9257	9334	9183	9358	9185	9319	9305	9464	9186	9167	9081	9918	11711	9911	9809	9826	9917	10449	9904	9786	9869	9694	9929	10026	9691	9819	9727	9513	9280	9540	9930	9637	9582	9598	9768	10097	8852	8468	8540	13019	8951	8570	8177	8285	8223	8281	8293	9898	9317	9617	9933	8667	9485	9522	9642	9488	11167	9562	9489	10047	9062	9460
14:13:40	37.0	9340	9211	9368	9273	9241	9177	9253	9148	9089	9123	9075	9571	9244	9356	9039	9327	9127	9364	9296	9336	9100	9107	9087	9957	11643	9854	9746	9793	9680	10412	9914	9811	9840	9663	9876	9966	9672	9840	9796	9629	9335	9573	9874	9472	9553	9554	9906	9996	8765	8590	8562	13030	9032	8573	8080	8256	8177	8262	8252	9948	9336	9616	10001	8663	9486	9600	9563	9563	11124	9577	9503	9973	9180	9354
14:17:40	37.0	9353	9279	9407	9226	9263	9122	9180	9225	9117	9126	9026	9727	9319	9295	9178	9362	9249	9355	9338	9405	9176	9106	9258	9965	11617	9931	9764	9653	9842	10400	9805	9965	9862	9606	9896	9852	9683	9713	9858	9570	9218	9575	9954	9477	9514	9596	9768	10056	8840	8518	8527	13178	8987	8611	8034	8311	8195	8318	8253	9950	9332	9569	9859	8667	9517	9516	9532	9620	11188	9591	9540	10034	9202	9361
14:21:40	37.0	9422	9278	9368	9264	9236	9161	9212	9187	9094	9131	9115	9722	9288	9292	9206	9342	9196	9367	9237	9404	9286	9173	9172	10008	11722	9913	9687	9664	9838	10362	9971	9812	9919	9795	9884	9975	9685	9770	9722	9586	9343	9574	9937	9561	9487	9605	9807	9952	8858	8467	8597	13098	8912	8713	8119	8241	8194	8280	8230	9845	9413	9661	9911	8568	9459	9501	9719	9480	11190	9612	9456	9939	9107	9419
14:25:40	37.0	9310	9305	9422	9288	9339	9140	9222	9176	9186	9164	9130	9636	9286	9317	9121	9274	9104	9382	9324	9280	9178	9242	9218	9967	11679	9878	9750	9718	9745	10449	9859	9881	9871	9645	9903	9974	9753	9814	9773	9586	9313	9638	9925	9561	9526	9568	9824	9952	8857	8375	8635	13095	8970	8686	8102	8258	8270	8326	8185	9755	9360	9624	9962	8569	9476	9538	9686	9579	11122	9531	9483	9908	9187	9385
14:29:40	37.0	9368	9267	9355	9284	9148	9229	9248	9161	9115	9195	9096	9658	9319	9353	9143	9394	9171	9308	9203	9234	9226	9191	9151	9887	11740	9805	9808	9774	9900	10351	9891	9945	9948	9704	9795	9895	9765	9880	9714	9582	9289	9512	10106	9546	9511	9527	9760	9996	8823	8548	8614	13237	9045	8566	8146	8319	8247	8278	8220	9891	9395	9498	10019	8613	9511	9600	9640	9658	11201	9545	9476	9871	9137	9402
14:33:40	37.0	9399	9191	9415	9283	9276	9181	9156	9199	9153	9112	9239	9622	9396	9297	9162	9307	9230	9296	9216	9349	9223	9124	9251	9908	11721	9821	9808	9714	9856	10355	9869	9857	9916	9750	9992	9938	9723	9744	9776	9504	9411	9715	9884	9433	9518	9504	9936	10057	8845	8529	8569	13120	8939	8529	8110	8317	8141	8302	8184	9960	9430	9653	9971	8554	9426	9500	9625	9456	11132	9590	9492	10026	9228	9351
14:37:40	37.0	9495	9257	9435	9283	9212	9186	9255	9158	9144	9083	9046	9656	9349	9425	9133	9398	9241	9272	9262	9358	9066	9161	9286	9957	11617	9879	9822	9730	9820	10559	9833	9880	9898	9701	9934	10024	9748	9961	9790	9585	9332	9601	9968	9556	9586	9721	9939	9860	8833	8428	8586	12998	8928	8609	8043	8228	8206	8347	8175	9876	9339	9609	9926	8540	9529	9562	9594	9414	11158	9453	9526	10010	9181	9443
14:41:40	37.0	9490	9296	9427	9325	9310	9188	9306	9086	9107	9126	9080	9687	9226	9284	9152	9371	9149	9352	9153	9285	9294	9115	9131	9896	11646	9874	9754	9611	9876	10402	9957	9809	9759	9748	9896	9860	9852	9790	9907	9559	9383	9470	9952	9463	9596	9554	9837	9939	8798	8512	8677	12989	8864	8574	8067	8265	8143	8221	8217	9880	9341	9707	10017	8707	9453	9635	9593	9560	11146	9558	9474	9887	9141	9320
14:45:40	37.0	9427	9319	9333	9350	9283	9172	9277	9076	9170	9109	9047	9750	9311	9309	9113	9293	9220	9327	9206	9365	9274	9074	9131	9876	11679	9881	9803	9700	9669	10383	9870	9916	9911	9628	9798	10007	9663	9817	9687	9612	9295	9432	9940	9637	9511	9523	9764	9888	8727	8423	8587	13021	8930	8647	8116	8330	8175	8333	8145	9784	9291	9659	10048	8485	9457	9560	9638	9565	11177	9574	9486	9871	9213	9365
14:49:40	37.0	9331	9271	9532	9366	9274	9159	9287	9195	9157	9135	9109	9484	9293	9359	9082	9407	9152	9420	9220	9316	9218	9134	9226	9934	11661	9910	9776	9813	9789	10380	9943	9762	9989	9702	9958	9864	9770	9800	9848	9616	9353	9559	10005	9432	9607	9494	9883	9847	8768	8499	8516	13178	8910	8681	7996	8348	8255	8319	8232	9899	9374	9529	9921	8493	9482	9602	9615	9550	11033	9497	9639	9955	9155	9356
14:53:40	37.0	9467	9303	9389	9191	9131	9217	9215	9081	9133	9163	9175	9658	9288	9334	9195	9279	9145	9366	9231	9385	9235	9087	9268	9825	11622	9790	9751	9806	9823	10406	9826	9921	9862	9677	9891	9935	9723	9853	9705	9659	9353	9666	10019	9502	9437	9614	9921	9874	8795	8495	8534	12983	8914	8608	8161	8225	8158	8236	8129	9829	9303	9657	9993	8490	9485	9576	9649	9596	11042	9547	9497	9883	9082	9381
14:57:40	37.0	9456	9322	9403	9117	9238	9215	9230	9159	9202	9144	9022	9644	9282	9432	9079	9316	9142	9378	9266	9291	9194	9229	9190	9921	11576	9859	9771	9888	9738	10358	9877	9779	9924	9641	9814	9884	9693	9645	9844	9609	9308	9502	9905	9457	9583	9634	9803	9850	8813	8480	8496	13081	8994	8527	8010	8339	8164	8329	8200	9768	9391	9549	10003	8463	9465	9499	9531	9613	11192	9610	9519	9925	9022	9373
15:01:40	37.0	9462	9279	9397	9240	9188	9278	9275	9158	9143	9150	9134	9512	9416	9384	9107	9372	9174	9410	9313	9371	9194	9095	9192	9773	11621	10014	9710	9599	9724	10338	9894	9908	9914	9655	9784	9895	9802	9736	9728	9643	9349	9550	9992	9564	9545	9605	9843	9750	8764	8458	8530	13018	8908	8621	7997	8214	8232	8213	8185	9912	9453	9658	10014	8619	9514	9584	9515	9449	10987	9585	9509	9810	9163	9402
15:05:40	37.0	9440	9387	9477	9332	9221	9312	9275	9241	9147	9166	9095	9617	9276	9469	9153	9349	9151	9313	9429	9333	9231	9243	9256	9861	11666	9990	9699	9795	9808	10337	9909	9881	9912	9686	9843	9820	9753	9783	9937	9517	9362	9666	10129	9475	9489	9550	9831	9735	8783	8532	8427	13035	8817	8571	8077	8140	8196	8189	8247	9812	9279	9602	9961	8507	9481	9551	9456	9542	11166	9513	9586	9942	9036	9499
15:09:40	37.0	9429	9284	9514	9310	9263	9240	9268	9190	9108	9216	9167	9610	9294	9408	9113	9401	9087	9391	9197	9335	9186	9220	9205	9762	11618	9925	9758	9724	9751	10359	10046	9911	9917	9754	9909	9921	9606	9751	9801	9552	9370	9618	10024	9578	9523	9608	9809	9835	8828	8465	8497	13167	8945	8568	7993	8241	8269	8259	8221	9726	9373	9653	9968	8635	9500	9593	9547	9576	11119	9657	9566	9837	9177	9367
15:13:40	37.0	9390	9406	9440	9275	9297	9105	9260	9226	9160	9087	9148	9534	9355	9366	9136	9288	9206	9400	9265	9355	9172	9137	9169	9834	11606	9857	9775	9796	9715	10389	9982	9832	9954	9564	9887	9810	9690	9812	9786	9621	9282	9618	10026	9524	9549	9578	9907	9811	8772	8489	8514	13006	8869	8529	8048	8193	8142	8297	8248	9667	9431	9686	10006	8475	9539	9531	9619	9603	11177	9603	9521	9802	9070	9398
15:17:40	37.0	9312	9293	9449	9385	9194	9232	9228	9285	9059	9154	9148	9539	9354	9328	9142	9375	9140	9399	9374	9290	9248	9099	9156	9776	11638	9797	9685	9694	9725	10396	9931	9746	9874	9672	9788	9818	9584	9786	9828	9618	9433	9583	10034	9610	9591	9564	9974	9796	8765	8409	8554	13046	8941	8513	7945	8212	8149	8248	8241	9744	9306	9547	9996	8506	9415	9581	9456	9514	11164	9574	9434	9886	9079	9380
15:21:40	37.0	9511	9330	9524	9284	9250	9344	9344	9156	9203	9164	9084	9639	9396	9404	9215	9369	9275	9202	9307	9449	9162	9245	9282	9789	11669	9854	9684	9771	9692	10329	9796	9711	9902	9691	9848	9778	9624	9729	9784	9608	9298	9621	10058	9437	9549	9694	9868	9761	8722	8510	8557	12983	8854	8669	7941	8224	8217	8162	8216	9786	9307	9578	9865	8489	9497	9550	9546	9543	11097	9525	9545	9758	9063	9274
15:25:40	37.0	9430	9392	9467	9326	9284	9224	9251	9211	9105	9023	9009	9592	9284	9353	9136	9378	9160	9393	9209	9392	9228	9158	9300	9685	11638	9737	9626	9740	9783	10392	9781	9826	9778	9619	9913	9732	9780	9736	9729	9650	9366	9591	10161	9458	9633	9598	9754	9818	8695	8402	8521	13076	8856	8575	8055	8234	8117	8193	8137	9727	9324	9780	9883	8495	9452	9613	9500	9525	11024	9488	9487	9862	9113	9310
15:29:40	37.0	9414	9360	9450	9431	9247	9164	9268	9158	9168	9190	9041	9592	9227	9368	9184	9352	9112	9377	9310	9371	9256	9244	9234	9622	11579	9775	9611	9753	9779	10484	9900	9888	9822	9738	9804	9832	9694	9923	9802	9629	9401	9547	10040	9577	9584	9585	9806	9693	8704	8506	8456	13105	8824	8509	8058	8192	8175	8151	8138	9656	9312	9608	10020	8514	9499	9626	9592	9514	11102	9525	9499	9919	9134	9336
15:33:40	37.0	9526	9420	9463	9425	9185	9237	9265	9251	9120	9250	9153	9522	9351	9349	9218	9388	9106	9383	9282	9363	9225	9237	9215	9791	11625	9731	9761	9757	9735	10409	9827	9889	9932	9713	9849	9730	9714	9745	9828	9646	9394	9608	10027	9590	9558	9721	9814	9781	8736	8475	8500	12920	8806	8541	8004	8098	8140	8152	8215	9759	9323	9669	10041	8488	9445	9494	9560	9554	10961	9621	9579	9840	9141	9310
15:37:40	37.0	9509	9248	9529	9410	9215	9158	9301	9166	9121	9189	9168	9543	9392	9492	9182	9438	9171	9358	9319	9481	9217	9213	9232	9735	11634	9759	9701	9797	9630	10447	9838	9882	9819	9669	9873	9693	9740	9862	9742	9651	9399	9720	10075	9517	9586	9507	9869	9880	8759	8531	8618	13124	8847	8560	8065	8124	8097	8159	8134	9781	9389	9592	9949	8522	9474	9515	9480	9531	11102	9588	9578	9855	9116	9291
15:41:40	37.0	9542	9312	9465	9376	9221	9227	9300	9238	9126	9169	9106	9507	9330	9377	9223	9366	9112	9416	9260	9297	9133	9241	9247	9743	11545	9917	9737	9773	9763	10265	9790	9802	9835	9625	9920	9780	9684	9769	9725	9573	9389	9613	10117	9654	9744	9580	9770	9836	8783	8480	8508	13055	8877	8494	7936	8117	8214	8198	8102	9707	9323	9630	10035	8424	9565	9632	9513	9513	11110	9426	9470	9794	9110	9362
15:45:40	37.0	9522	9341	9466	9344	9425	9344	9264	9190	9079	9195	9238	9596	9368	9382	9147	9377	9200	9458	9354	9387	9189	9286	9231	9820	11545	9752	9670	9765	9849	10317	9724	9894	10016	9787	9753	9839	9784	9800	9844	9591	9436	9618	10078	9563	9618	9664	9776	9673	8747	8480	8524	13150	8826	8452	7972	8197	8093	8140	8058	9627	9383	9548	10011	8411	9432	9522	9426	9459	11045	9579	9463	9774	9147	9259
15:49:40	37.0	9494	9370	9574	9323	9355	9246	9298	9234	9211	9109	9132	9544	9432	9558	9166	9484	9220	9362	9269	9351	9163	9177	9244	9720	11631	9849	9650	9693	9771	10311	9900	9929	9830	9621	9852	9838	9681	9892	9862	9554	9415	9714	10091	9609	9741	9702	9932	9733	8698	8554	8443	13102	8822	8458	7992	8223	8093	8216	8147	9717	9333	9594	9867	8508	9405	9616	9487	9604	10996	9573	9487	9719	9105	9301
15:53:40	37.0	9473	9351	9534	9339	9206	9201	9258	9200	9135	9332	9158	9528	9403	9471	9209	9423	9271	9362	9417	9300	9227	9141	9303	9612	11553	9907	9718	9741	9759	10391	9804	9855	9837	9697	9837	9646	9772	9807	9872	9573	9481	9640	10127	9452	9631	9746	9797	9706	8621	8476	8376	12955	8863	8441	7970	8105	8027	8169	8191	9685	9346	9609	9961	8429	9496	9751	9481	9535	11105	9488	9499	9773	8973	9342
15:57:40	37.0	9450	9367	9550	9359	9262	9274	9141	9198	9083	9260	9210	9576	9462	9421	9203	9418	9222	9397	9271	9362	9148	9190	9243	9679	11554	9817	9727	9688	9719	10375	9753	9807	9935	9776	9903	9730	9701	9712	9795	9710	9477	9581	10122	9524	9691	9657	9824	9668	8693	8556	8426	12939	8788	8445	8045	8137	8106	8260	8163	9717	9402	9651	9869	8500	9462	9487	9395	9539	11092	9573	9485	9669	9155	9371
16:01:40	37.0	9568	9388	9510	9303	9363	9273	9274	9226	9206	9047	9209	9699	9457	9443	9227	9360	9203	9382	9282	9241	9282	9200	9234	9737	11595	9743	9677	9770	9745	10296	9889	9893	9897	9680	9864	9737	9802	9840	9891	9628	9415	9649	10079	9541	9645	9562	9739	9716	8643	8464	8503	12975	8867	8470	7924	8168	8131	8172	8128	9639	9401	9558	9978	8386	9454	9575	9544	9437	11077	9576	9471	9756	9058	9211
16:05:40	37.0	9593	9440	9593	9311	9163	9307	9235	9169	9221	9217	9157	9538	9429	9393	9170	9365	9218	9445	9309	9383	9283	9171	9220	9642	11571	9856	9656	9634	9813	10384	9849	9887	9926	9709	9930	9726	9673	9898	9817	9588	9499	9627	10089	9523	9689	9626	9909	9638	8652	8511	8585	12992	8797	8464	7940	8119	8168	8165	8104	9729	9293	9615	10009	8521	9376	9597	9429	9491	11107	9547	9478	9706	9029	9273
16:09:40	37.0	9542	9357	9522	9281	9325	9235	9336	9174	9215	9204	9160	9415	9381	9460	9269	9394	9220	9490	9335	9449	9266	9194	9263	9616	11534	9808	9644	9749	9689	10242	9774	9815	9845	9629	9822	9678	9818	9728	9783	9465	9508	9568	10169	9561	9690	9666	9842	9651	8657	8555	8429	13018	8800	8505	7933	8127	8082	8145	8179	9619	9382	9704	10023	8520	9406	9631	9542	9480	11021	9595	9498	9736	9025	9278
16:13:40	37.0	9526	9331	9477	9396	9302	9286	9320	9171	9094	9294	9206	9599	9388	9388	9195	9395	9222	9396	9337	9458	9321	9265	9226	9688	11549	9748	9710	9756	9793	10401	9836	9801	9869	9591	9782	9696	9730	9830	9784	9521	9444	9647	10171	9553	9625	9701	9874	9730	8645	8432	8548	13079	8767	8445	7978	8039	8252	8240	8060	9669	9380	9534	9876	8517	9557	9662	9392	9476	11092	9678	9430	9800	9087	9324
16:17:40	37.0	9613	9362	9532	9428	9316	9338	9380	9173	9226	9218	9198	9493	9481	9506	9178	9371	9332	9243	9277	9345	9300	9307	9286	9548	11676	9723	9657	9735	9718	10416	9850	9923	9917	9637	9783	9705	9776	9787	9828	9687	9438	9655	10246	9533	9728	9630	9916	9677	8682	8495	8485	12891	8766	8502	7994	8091	8019	8165	8089	9624	9412	9595	9897	8516	9430	9653	9429	9522	11019	9561	9478	9642	9060	9359
16:21:40	37.0	9517	9341	9588	9419	9225	9282	9294	9274	9273	9220	9176	9400	9444	9424	9156	9442	9232	9416	9239	9398	9212	9202	9192	9648	11706	9718	9667	9729	9731	10404	9924	9908	9854	9779	9905	9705	9699	9845	9826	9680	9496	9741	9950	9636	9724	9622	9950	9675	8719	8526	8482	13099	8792	8560	7914	8099	8155	8154	8146	9568	9327	9671	9914	8493	9314	9664	9286	9571	11138	9590	9538	9649	9136	9350
16:25:40	37.0	9609	9313	9545	9393	9300	9302	9381	9246	9341	9143	9206	9539	9384	9522	9195	9421	9319	9403	9373	9423	9312	9249	9345	9625	11667	9815	9623	9723	9776	10314	9948	9713	9876	9688	9925	9674	9790	9749	9824	9594	9493	9738	10114	9532	9709	9654	10010	9708	8695	8446	8493	12955	8777	8490	7924	8042	8138	8126	8061	9623	9372	9702	9903	8524	9460	9558	9383	9500	10962	9575	9496	9622	9002	9322
16:29:40	37.0	9524	9406	9623	9437	9279	9343	9297	9101	9291	9123	9145	9580	9516	9455	9157	9458	9213	9437	9348	9561	9217	9242	9237	9655	11625	9775	9812	9793	9748	10403	9875	9876	9902	9674	9869	9659	9682	9825	9830	9654	9435	9712	10128	9670	9621	9637	9955	9785	8731	8460	8586	13010	8838	8441	7938	8098	8149	8234	8120	9639	9388	9591	10039	8503	9401	9534	9356	9438	10917	9548	9420	9636	9148	9331
16:33:40	37.0	9614	9523	9573	9386	9331	9207	9404	9316	9277	9182	9292	9532	9497	9538	9231	9421	9282	9476	9319	9510	9208	9254	9268	9647	11543	9772	9765	9705	9715	10422	9896	9866	9876	9697	9858	9655	9723	9897	9801	9613	9418	9652	10131	9646	9701	9677	9976	9602	8712	8463	8473	13079	8727	8419	7968	7977	8087	8144	8183	9669	9366	9514	9991	8379	9422	9551	9403	9528	11022	9578	9486	9660	9308	9270
16:37:40	37.0	9632	9374	9587	9325	9333	9294	9213	9238	9185	9257	9195	9434	9385	9516	9168	9459	9193	9388	9330	9487	9200	9245	9295	9693	11483	9797	9689	9709	9743	10336	9859	9883	9892	9655	9797	9658	9669	9838	9760	9640	9431	9707	10128	9598	9719	9592	9867	9587	8707	8450	8506	12978	8789	8359	7981	8174	8163	8169	8143	9590	9291	9706	9981	8538	9334	9547	9449	9438	10957	9609	9471	9644	9069	9231
16:41:40	37.0	9728	9406	9670	9325	9318	9250	9291	9288	9115	9154	9235	9494	9541	9496	9200	9364	9240	9394	9440	9506	9254	9232	9281	9591	11474	9780	9596	9670	9706	10343	9880	9840	9915	9679	9928	9701	9706	9847	9850	9657	9498	9711	10192	9621	9689	9724	9939	9705	8704	8525	8400	13013	8732	8460	8008	7986	8202	8203	8174	9642	9419	9602	9937	8439	9441	9543	9373	9619	11055	9582	9640	9649	8992	9279
16:45:40	37.0	9549	9470	9620	9371	9300	9246	9396	9212	9160	9116	9111	9365	9540	9396	9206	9438	9220	9383	9364	9422	9287	9167	9260	9644	11631	9834	9718	9618	9762	10320	9892	9859	10024	9692	9846	9583	9776	9852	9930	9641	9555	9688	10213	9654	9681	9783	9876	9673	8758	8484	8508	13001	8785	8418	8001	8145	8117	8168	8151	9591	9372	9612	9838	8442	9482	9560	9343	9530	10838	9537	9462	9723	9061	9332
16:49:40	37.0	9572	9454	9552	9329	9294	9276	9263	9242	9320	9137	9318	9561	9492	9465	9335	9415	9250	9402	9351	9550	9311	9223	9244	9639	11592	9772	9668	9814	9707	10413	9880	9742	10063	9770	9953	9754	9727	9806	9839	9674	9417	9685	10160	9598	9757	9589	9945	9673	8642	8521	8423	12901	8762	8389	7945	8114	8077	8071	8076	9500	9252	9615	9938	8500	9513	9509	9395	9598	10998	9609	9606	9602	9143	9336
16:53:40	37.0	9666	9429	9554	9361	9338	9213	9266	9316	9184	9238	9236	9491	9452	9496	9202	9434	9254	9424	9427	9479	9241	9156	9283	9705	11720	9771	9744	9678	9859	10388	9824	9842	9819	9755	9910	9550	9753	9801	9863	9655	9528	9764	10211	9538	9841	9725	9974	9687	8591	8459	8482	12908	8740	8489	7901	8087	8156	8100	8088	9540	9355	9621	9883	8383	9420	9536	9420	9557	11063	9664	9651	9563	9143	9374
16:57:40	37.0	9643	9442	9583	9355	9280	9285	9309	9311	9331	9244	9043	9430	9537	9524	9223	9467	9212	9323	9298	9381	9272	9178	9323	9609	11689	9898	9767	9758	9745	10340	9999	9837	9966	9700	9895	9520	9756	9822	9827	9701	9443	9752	10281	9673	9830	9782	9905	9620	8689	8405	8533	12976	8837	8478	7835	8052	8093	8130	8029	9587	9367	9617	10016	8487	9474	9695	9330	9536	11002	9684	9391	9630	9079	9329
17:01:40	37.0	9626	9466	9584	9387	9336	9329	9276	9275	9225	9209	9204	9608	9442	9500	9198	9446	9326	9416	9381	9477	9248	9314	9246	9641	11574	9780	9698	9755	9743	10435	9913	9855	9896	9722	9847	9510	9863	9880	9808	9680	9487	9637	10308	9662	9767	9718	9744	9621	8737	8472	8485	13017	8844	8496	8011	8171	8073	8272	8107	9524	9402	9583	9843	8461	9423	9480	9302	9537	11020	9541	9426	9754	9032	9213
17:05:40	37.0	9755	9470	9583	9402	9405	9333	9368	9293	9312	9151	9234	9528	9462	9575	9138	9448	9377	9447	9442	9404	9250	9247	9325	9595	11543	9679	9705	9697	9749	10446	9963	9893	9938	9802	9853	9549	9690	9883	9852	9622	9456	9672	10237	9664	9803	9686	9947	9634	8633	8495	8548	12890	8775	8361	7963	8083	8104	8154	8147	9646	9372	9583	9992	8511	9522	9575	9377	9564	11179	9480	9447	9700	8957	9348
17:09:40	37.0	9617	9436	9582	9364	9429	9348	9400	9320	9224	9293	9303	9652	9491	9524	9230	9547	9236	9426	9443	9450	9293	9163	9243	9629	11624	9855	9778	9892	9809	10365	9918	9904	10007	9686	9853	9684	9736	9815	9827	9644	9573	9775	10347	9556	9836	9690	9875	9592	8651	8535	8497	13150	8814	8428	7909	8133	8064	8094	8021	9622	9340	9624	9959	8474	9439	9547	9276	9487	11028	9564	9546	9587	9093	9273
17:13:40	37.0	9607	9492	9705	9412	9430	9306	9301	9249	9221	9142	9166	9460	9497	9507	9222	9356	9378	9466	9390	9476	9309	9260	9314	9533	11489	9798	9629	9737	9704	10444	9842	9839	9945	9700	9748	9668	9804	9876	9884	9630	9533	9742	10327	9688	9733	9761	9880	9670	8694	8462	8480	12970	8730	8480	7854	8136	8109	8109	8106	9511	9376	9625	9962	8432	9566	9561	9336	9495	11131	9543	9348	9691	9076	9325
17:17:40	37.0	9769	9341	9742	9438	9244	9289	9350	9231	9296	9225	9231	9480	9544	9509	9198	9393	9408	9479	9463	9488	9193	9203	9234	9628	11666	9757	9725	9799	9621	10451	9886	9825	10004	9793	9815	9611	9843	9753	9828	9750	9495	9813	10321	9698	9806	9781	10013	9612	8669	8483	8486	13000	8824	8465	7850	8154	8097	8176	8094	9442	9422	9584	10057	8429	9368	9484	9347	9561	11088	9612	9608	9534	9131	9252
17:21:40	37.0	9645	9406	9592	9424	9274	9334	9301	9309	9259	9157	9204	9474	9623	9597	9244	9542	9368	9556	9389	9435	9210	9129	9322	9592	11663	9751	9729	9729	9715	10461	9843	9945	10026	9772	9891	9607	9768	9855	9850	9772	9529	9685	10242	9645	9798	9915	9840	9602	8669	8541	8504	13001	8706	8438	7930	8083	8027	8156	8100	9549	9283	9625	9958	8489	9456	9636	9372	9457	10969	9744	9548	9629	9063	9303
17:25:40	37.0	9589	9506	9643	9476	9361	9346	9431	9342	9183	9203	9172	9472	9633	9567	9239	9503	9296	9511	9410	9362	9390	9190	9294	9606	11536	9854	9728	9714	9805	10442	9856	9783	9951	9813	9871	9571	9835	9798	9839	9786	9597	9819	10359	9569	9712	9715	9929	9627	8589	8531	8577	12889	8704	8453	7977	8196	8105	8076	8084	9560	9256	9622	9884	8371	9462	9524	9277	9574	11013	9528	9497	9601	9184	9223
17:29:40	37.0	9743	9471	9770	9441	9356	9322	9333	9366	9261	9138	9196	9551	9509	9575	9240	9534	9321	9667	9297	9449	9271	9251	9295	9650	11533	9702	9751	9842	9815	10461	9837	9957	9901	9760	9956	9697	9757	9902	9858	9648	9604	9743	10294	9674	9847	9788	10001	9584	8643	8464	8360	12919	8762	8368	7883	8070	8054	8159	8104	9547	9411	9645	9950	8409	9527	9563	9317	9513	10897	9603	9506	9565	9082	9189
17:33:40	37.0	9750	9551	9699	9414	9360	9322	9408	9260	9331	9162	9076	9516	9604	9511	9228	9310	9324	9430	9451	9456	9231	9259	9351	9630	11643	9745	9803	9708	9826	10486	9885	9868	9945	9766	9863	9673	9796	9823	9931	9712	9525	9824	10255	9682	9890	9848	9854	9601	8641	8483	8462	12923	8732	8534	7969	8113	8113	8159	8151	9441	9369	9512	9926	8486	9457	9517	9226	9515	10869	9577	9577	9608	9105	9299
17:37:40	37.0	9652	9519	9783	9393	9325	9384	9399	9230	9229	9208	9276	9517	9557	9588	9259	9445	9293	9555	9419	9261	9300	9171	9275	9534	11592	9686	9733	9755	9725	10437	9856	9806	10015	9869	9863	9538	9772	9917	9870	9686	9608	9741	10388	9602	9830	9758	9941	9580	8550	8502	8451	12994	8749	8471	7962	8058	8204	8113	8133	9624	9376	9694	9883	8401	9427	9628	9380	9563	10851	9531	9486	9561	9037	9262
17:41:40	37.0	9837	9449	9700	9481	9345	9236	9366	9402	9231	9292	9306	9543	9590	9576	9231	9430	9413	9361	9349	9455	9261	9193	9307	9435	11599	9743	9689	9807	9703	10481	9844	9925	9995	9720	9916	9483	9711	9866	9966	9681	9622	9694	10391	9600	9963	9808	9973	9556	8668	8499	8425	13028	8839	8504	7895	8133	8105	8189	8131	9449	9381	9603	9925	8408	9342	9460	9282	9432	10961	9513	9525	9635	9092	9209
17:45:40	37.0	9687	9470	9686	9404	9330	9320	9417	9370	9170	9159	9257	9449	9517	9539	9244	9525	9349	9439	9457	9483	9294	9315	9270	9587	11624	9707	9742	9709	9825	10413	9911	9893	9928	9746	9832	9647	9741	9811	9954	9744	9531	9857	10376	9660	9888	9806	9975	9523	8627	8578	8462	12907	8711	8399	7916	8138	8061	8112	8116	9421	9354	9631	10056	8489	9394	9600	9261	9512	10936	9497	9449	9486	9185	9292
17:49:40	37.0	9706	9507	9731	9347	9301	9334	9377	9241	9283	9214	9221	9455	9623	9722	9280	9435	9302	9494	9387	9436	9185	9246	9299	9473	11554	9772	9667	9772	9794	10356	9952	9771	9980	9828	9800	9526	9732	9998	9805	9761	9598	9776	10392	9655	9895	9870	9884	9566	8627	8586	8432	12991	8726	8401	7876	8029	8158	8088	8099	9426	9356	9590	9949	8399	9385	9446	9207	9486	10942	9514	9481	9612	9162	9089
17:53:40	37.0	9724	9497	9682	9391	9343	9384	9381	9282	9229	9249	9305	9476	9544	9621	9334	9478	9259	9468	9511	9392	9195	9308	9297	9569	11627	9720	9683	9767	9779	10391	9918	10001	10020	9786	9822	9643	9818	9798	9953	9685	9533	9802	10283	9690	9954	9884	9884	9566	8565	8533	8458	12942	8694	8345	7924	8159	8100	8119	8149	9470	9307	9517	9921	8431	9346	9563	9248	9452	10969	9636	9493	9504	9126	9262
17:57:40	37.0	9700	9531	9738	9447	9316	9299	9430	9294	9260	9245	9233	9459	9496	9704	9222	9431	9308	9461	9314	9432	9283	9309	9254	9520	11546	9845	9729	9734	9763	10506	9956	9858	9955	9807	9878	9429	9744	9868	9941	9689	9608	9806	10384	9653	9950	9779	10003	9583	8612	8516	8398	13027	8720	8437	7841	8040	8205	8211	8050	9441	9336	9628	9977	8344	9381	9628	9375	9454	10910	9567	9566	9602	9028	9230
18:01:40	37.0	9762	9475	9692	9501	9322	9303	9127	9277	9307	9295	9245	9504	9613	9469	9298	9372	9368	9458	9428	9444	9367	9279	9190	9595	11615	9799	9749	9827	9755	10402	9861	9934	9924	9836	9907	9511	9695	9946	9910	9775	9686	9831	10378	9814	9916	9829	10033	9575	8625	8540	8465	12758	8761	8534	7867	7962	8040	8181	8092	9476	9337	9634	9938	8530	9374	9571	9274	9552	10861	9478	9497	9552	9145	9287
18:05:40	37.0	9741	9547	9681	9437	9356	9365	9387	9360	9198	9270	9216	9446	9620	9423	9298	9442	9322	9445	9351	9391	9392	9215	9379	9573	11741	9773	9743	9858	9798	10372	9902	9873	9946	9933	9931	9595	9962	9993	9961	9677	9696	9840	10537	9687	9916	9822	9945	9564	8657	8545	8366	12837	8773	8390	7953	8070	7972	8191	8081	9549	9393	9561	10038	8448	9335	9547	9231	9503	11020	9518	9547	9571	9045	9249
18:09:40	37.0	9771	9472	9733	9463	9254	9381	9243	9344	9282	9237	9162	9518	9503	9491	9248	9293	9404	9552	9381	9417	9447	9318	9297	9544	11663	9764	9662	9731	9779	10394	9926	9893	9928	9861	9921	9558	9832	9896	10028	9726	9614	9843	10532	9598	9946	9880	10009	9506	8657	8547	8572	12991	8677	8369	7850	8065	8036	8159	8181	9581	9480	9595	9949	8466	9330	9528	9325	9422	10978	9507	9608	9600	9016	9210
18:13:40	37.0	9793	9465	9619	9432	9308	9356	9292	9329	9264	9301	9184	9369	9621	9541	9292	9483	9352	9478	9382	9464	9294	9239	9378	9514	11619	9728	9706	9723	9753	10390	9918	10022	9984	9775	9810	9539	9884	9883	9916	9851	9610	9810	10474	9742	10068	9874	9966	9664	8554	8509	8458	12826	8754	8484	7916	8091	8071	8132	8163	9587	9438	9563	9952	8446	9390	9531	9257	9462	10954	9433	9593	9585	9116	9275
18:17:40	37.0	9779	9484	9758	9481	9267	9300	9362	9285	9314	9249	9297	9401	9624	9498	9263	9503	9394	9533	9318	9454	9398	9349	9255	9609	11517	9772	9719	9804	9788	10434	9923	9952	9919	9817	9835	9611	9855	9926	9937	9784	9579	9941	10431	9722	10004	9860	9914	9499	8565	8655	8509	12859	8758	8427	7913	8078	8079	8040	8187	9465	9399	9647	9932	8524	9308	9577	9254	9457	10858	9607	9332	9558	9151	9326
18:21:40	37.0	9839	9593	9702	9457	9339	9319	9442	9278	9247	9327	9101	9560	9667	9588	9233	9380	9350	9384	9434	9397	9226	9198	9212	9484	11458	9789	9707	9745	9768	10481	9918	10010	9910	9967	9875	9540	9795	10015	9793	9688	9606	9939	10497	9639	9942	9776	9986	9571	8584	8529	8432	13002	8629	8412	7846	8060	8049	8169	8139	9589	9414	9650	10020	8466	9337	9576	9339	9535	10956	9590	9430	9561	9014	9180
18:25:40	37.0	9784	9464	9782	9399	9338	9268	9394	9360	9197	9218	9164	9377	9535	9588	9326	9509	9393	9457	9359	9419	9335	9233	9338	9471	11573	9802	9769	9803	9837	10284	9916	9941	10000	9751	9843	9449	9767	9889	9901	9786	9642	9903	10465	9657	10004	9971	9903	9409	8695	8573	8418	12978	8733	8458	7915	8124	8135	8180	8071	9518	9401	9623	9929	8453	9382	9547	9259	9517	10926	9440	9482	9508	9058	9312
18:29:40	37.0	9855	9657	9763	9452	9363	9301	9333	9304	9282	9315	9219	9495	9591	9588	9283	9498	9385	9380	9371	9421	9344	9290	9299	9430	11643	9794	9750	9742	9695	10343	9836	9891	9904	9871	9877	9485	9777	9835	9952	9870	9740	9900	10572	9721	10071	9820	9976	9534	8668	8594	8376	12842	8754	8447	7776	7970	8026	8165	8077	9471	9456	9469	9957	8543	9380	9480	9190	9380	10930	9508	9405	9579	9020	9242
18:33:40	37.0	9861	9656	9766	9434	9325	9394	9407	9281	9255	9232	9286	9381	9601	9493	9286	9522	9356	9447	9380	9400	9268	9155	9402	9495	11530	9786	9753	9761	9721	10366	9839	10061	9978	9742	9895	9454	9832	9906	9963	9811	9592	9929	10538	9778	10015	9854	9940	9638	8642	8601	8380	12940	8702	8469	8004	8114	8103	8243	8104	9534	9458	9489	9961	8554	9335	9575	9240	9437	10976	9501	9464	9515	9115	9346
18:37:40	37.0	9864	9608	9742	9400	9370	9303	9392	9328	9218	9279	9160	9550	9639	9570	9277	9411	9384	9486	9416	9493	9239	9206	9345	9478	11674	9768	9796	9755	9747	10520	9924	9903	9926	9894	9812	9533	9804	9935	9980	9758	9710	9885	10627	9672	10006	9883	9865	9577	8676	8456	8481	12961	8725	8400	7857	8160	8151	8153	8183	9550	9396	9504	9872	8441	9382	9500	9242	9481	10777	9545	9489	9506	9101	9255
18:41:40	37.0	9775	9528	9753	9468	9364	9291	9429	9371	9282	9346	9208	9434	9777	9589	9338	9462	9406	9378	9341	9471	9256	9300	9217	9497	11615	9764	9681	9875	9885	10530	10058	9995	9980	9844	9878	9523	9865	9926	9906	9840	9627	9941	10634	9787	10081	9937	10055	9601	8719	8589	8425	12954	8626	8379	7878	8075	8101	8192	8169	9520	9422	9580	9942	8497	9324	9552	9169	9453	10940	9605	9410	9543	9060	9289
18:45:40	37.0	9832	9555	9752	9423	9341	9335	9357	9350	9232	9113	9189	9463	9756	9534	9308	9398	9424	9429	9440	9526	9322	9317	9285	9675	11635	9763	9810	9895	9845	10396	9882	9937	9971	9845	9924	9500	9764	9890	9874	9780	9671	9930	10635	9756	10112	9824	10019	9490	8703	8560	8536	12963	8767	8419	7879	8074	8111	8176	8108	9477	9394	9657	10026	8469	9413	9476	9228	9487	10973	9376	9530	9582	9016	9282
18:49:40	37.0	9833	9665	9697	9414	9221	9359	9362	9332	9282	9202	9248	9384	9583	9716	9329	9456	9416	9438	9431	9400	9303	9296	9368	9585	11647	9838	9740	9830	9804	10472	9926	9992	9950	9900	9938	9510	9886	9921	10025	9719	9708	9981	10683	9752	10092	10042	10019	9436	8688	8490	8399	12986	8791	8406	7892	8007	8062	8195	8120	9461	9326	9657	9809	8474	9301	9483	9161	9416	10913	9578	9530	9550	9164	9349
18:53:40	37.0	9826	9622	9873	9458	9273	9385	9415	9244	9371	9211	9326	9417	9703	9621	9300	9464	9519	9413	9436	9589	9200	9236	9276	9550	11524	9910	9610	9768	9809	10439	9916	9882	9960	9921	9853	9554	9769	9968	9868	9809	9698	9925	10658	9725	10161	9952	10088	9556	8718	8532	8431	12953	8646	8374	7918	8029	8010	8182	8122	9459	9278	9583	9888	8557	9371	9528	9190	9461	10805	9435	9433	9568	9045	9230
18:57:40	37.0	9897	9561	9843	9426	9281	9384	9418	9328	9249	9278	9322	9423	9773	9532	9343	9513	9412	9486	9371	9482	9337	9275	9301	9601	11481	9751	9796	9757	9739	10387	9898	9932	9968	9950	9839	9547	9830	9857	9837	9910	9777	10059	10596	9784	10155	9919	10075	9525	8669	8584	8416	12898	8619	8328	7863	8094	8041	8251	8139	9511	9312	9581	9901	8459	9411	9482	9200	9443	11060	9486	9527	9485	9139	9299
19:01:40	37.0	9917	9668	9970	9435	9333	9366	9385	9323	9306	9250	9351	9382	9803	9606	9352	9574	9396	9327	9345	9499	9358	9234	9312	9565	11561	9865	9806	9797	9812	10486	9942	9972	9982	9978	9898	9584	9804	9978	9828	9822	9710	10043	10685	9795	10116	9940	9995	9464	8519	8679	8515	12917	8640	8420	7907	8085	8099	8214	8147	9531	9402	9659	9932	8484	9404	9526	9325	9473	10895	9431	9376	9415	9106	9240
19:05:40	37.0	9772	9649	9825	9516	9360	9391	9356	9324	9217	9252	9233	9510	9721	9609	9236	9354	9432	9545	9499	9459	9238	9226	9344	9457	11609	9807	9782	9647	9698	10478	9956	9963	9971	9951	9849	9556	9808	9882	9922	9930	9753	10015	10583	9760	10078	10012	9883	9503	8688	8630	8442	12822	8711	8382	7875	8061	8072	8159	8115	9438	9395	9472	9907	8437	9426	9583	9177	9459	11004	9536	9500	9672	9182	9324
19:09:40	37.0	9858	9632	9889	9348	9351	9385	9345	9315	9236	9252	9203	9371	9656	9646	9340	9442	9389	9409	9432	9478	9304	9248	9164	9555	11585	9806	9706	9810	9804	10450	9954	10035	10026	9935	9896	9555	9907	9893	10015	9803	9724	10020	10636	9772	10120	9973	9839	9492	8624	8581	8466	12893	8780	8464	7977	8204	8138	8204	8135	9556	9422	9641	9953	8509	9390	9402	9212	9527	10974	9572	9543	9494	9099	9293
19:13:40	37.0	9808	9693	9856	9462	9303	9390	9370	9377	9239	9278	9169	9492	9713	9669	9210	9530	9390	9518	9384	9443	9294	9200	9428	9495	11632	9750	9777	9745	9819	10535	9909	10045	10011	9980	9943	9587	9883	9899	9976	9902	9769	10090	10600	9791	10182	10002	9945	9573	8635	8649	8453	12937	8736	8388	7918	8087	8078	8242	8195	9424	9434	9616	9906	8484	9368	9526	9113	9509	10816	9550	9530	9522	9139	9249
19:17:40	37.0	9843	9750	9968	9437	9363	9383	9384	9360	9305	9365	9340	9348	9664	9585	9423	9470	9395	9545	9358	9365	9302	9295	9262	9518	11627	9781	9718	9697	9753	10424	10014	9919	9938	9964	9875	9510	9782	9958	9908	9959	9855	9944	10747	9759	10295	10045	9963	9530	8564	8653	8418	12917	8730	8434	7895	8171	8097	8200	8166	9485	9442	9477	9946	8539	9313	9507	9285	9332	10755	9479	9419	9488	9058	9259
19:21:40	37.0	9903	9661	9984	9407	9410	9334	9398	9393	9305	9291	9252	9451	9616	9616	9292	9504	9566	9435	9423	9503	9319	9213	9288	9530	11563	9873	9815	9872	9942	10520	9961	9962	10023	9948	9835	9439	9788	9933	9943	9918	9877	10025	10695	9895	10130	10106	9918	9405	8606	8734	8458	12858	8656	8385	7985	8088	8174	8161	8113	9416	9436	9553	9897	8548	9313	9506	9162	9460	10949	9539	9588	9492	9143	9319
19:25:40	37.0	9853	9801	9776	9417	9239	9272	9343	9326	9274	9284	9235	9299	9691	9649	9264	9551	9437	9461	9476	9443	9263	9324	9376	9510	11547	9835	9698	9788	9891	10476	9908	9915	9956	10030	9872	9547	9868	10038	9953	9902	9791	10186	10826	9843	10140	10055	10034	9536	8613	8719	8540	12860	8635	8298	7890	7980	8105	8154	8182	9533	9388	9498	9969	8446	9331	9588	9144	9457	10851	9430	9420	9498	9096	9224
19:29:40	37.0	9727	9753	9835	9456	9397	9379	9305	9316	9310	9135	9189	9471	9682	9688	9424	9512	9452	9551	9414	9507	9394	9314	9362	9505	11583	9781	9717	9754	9806	10613	9919	10137	9983	10017	9992	9409	9822	9830	10016	9950	9939	10091	10735	9768	10138	10191	10037	9451	8616	8796	8425	12949	8683	8381	7902	8131	8052	8191	8117	9502	9430	9529	9896	8496	9275	9394	9172	9493	10810	9612	9497	9542	9125	9244
19:33:40	37.0	9841	9673	10021	9460	9405	9373	9437	9350	9208	9138	9258	9440	9778	9715	9328	9446	9452	9447	9334	9408	9417	9206	9224	9492	11565	9911	9866	9881	9788	10436	9969	9912	10080	10026	9937	9425	9839	9876	9975	9885	9827	10003	10735	9841	10197	10079	10031	9537	8540	8620	8446	12923	8718	8447	7928	8103	8168	8076	8153	9523	9344	9628	9869	8565	9305	9580	9222	9413	10889	9471	9527	9655	8993	9279
19:37:40	37.0	9813	9742	9901	9428	9364	9269	9314	9304	9180	9289	9292	9460	9675	9632	9301	9460	9438	9510	9401	9498	9330	9198	9310	9472	11622	9785	9682	9766	9895	10488	10049	9879	9975	9992	9918	9530	9931	9802	9912	9991	9852	10113	10878	9884	10181	10065	10036	9512	8558	8636	8380	12993	8596	8443	7946	8186	8167	8187	8188	9399	9460	9590	10017	8423	9379	9502	9197	9467	10850	9457	9401	9473	9068	9374
19:41:40	37.0	9816	9815	9885	9452	9443	9401	9340	9376	9259	9195	9199	9409	9728	9542	9340	9462	9455	9512	9427	9542	9239	9313	9302	9515	11687	9844	9743	9829	9691	10477	10006	10145	10038	10040	9904	9485	9867	10126	9991	9987	9856	10040	10693	9867	10186	10167	10019	9598	8642	8677	8426	12877	8747	8420	7993	7924	8115	8200	8126	9572	9449	9577	9894	8455	9326	9484	9230	9399	10833	9599	9296	9503	9157	9242
19:45:40	37.0	9857	9593	9973	9618	9346	9362	9431	9295	9238	9188	9286	9438	9702	9696	9420	9496	9483	9558	9342	9464	9331	9360	9420	9525	11682	9906	9690	9783	9867	10504	9960	9944	10024	9925	9911	9447	9832	9879	9875	10008	9751	10233	10759	9825	10122	10135	10012	9555	8642	8660	8399	12877	8674	8321	7959	8078	8127	8154	8193	9448	9332	9588	9973	8421	9406	9535	9231	9420	10820	9519	9504	9577	9114	9299
19:49:40	37.0	9836	9683	9945	9439	9358	9388	9289	9365	9345	9243	9251	9425	9733	9597	9398	9389	9447	9408	9476	9534	9329	9231	9433	9519	11589	9799	9784	9845	9918	10403	10059	10064	9968	10079	9990	9532	9956	9890	9964	9940	9824	10118	10846	9965	10340	10173	10044	9511	8740	8675	8517	12818	8709	8415	7896	8111	8043	8276	8189	9397	9412	9542	9778	8538	9304	9538	9251	9386	10801	9470	9382	9544	9085	9340
19:53:40	37.0	9874	9770	9981	9458	9369	9340	9280	9287	9313	9238	9216	9376	9645	9646	9394	9428	9569	9540	9381	9428	9345	9248	9264	9404	11720	9878	9704	9873	9905	10425	9902	9953	10015	10083	9832	9494	9824	9965	9950	10041	9917	10216	10649	9861	10175	10091	10047	9425	8570	8660	8497	12893	8752	8316	7854	8108	8188	8220	8099	9436	9404	9590	9873	8550	9340	9522	9221	9453	10792	9451	9584	9506	9106	9243
19:57:40	37.0	9838	9775	10013	9417	9346	9373	9374	9297	9257	9185	9356	9458	9702	9576	9335	9439	9427	9471	9506	9405	9375	9157	9382	9509	11722	9872	9824	9868	9853	10483	9992	9976	10076	10036	9907	9490	9830	9996	10005	10140	9894	10204	10763	9808	10109	10081	10079	9531	8585	8720	8473	12950	8770	8452	7900	8043	8066	8146	8208	9369	9311	9612	9956	8516	9140	9432	9223	9444	10871	9492	9416	9539	9120	9338
20:01:40	37.0	9852	9771	9963	9550	9464	9394	9369	9358	9325	9243	9268	9373	9817	9715	9447	9394	9510	9546	9332	9573	9255	9322	9343	9610	11637	9854	9781	9878	9830	10483	9983	10066	10048	10130	10071	9688	9807	9966	9915	10040	9871	10233	10832	9888	10225	10188	10000	9588	8589	8695	8508	12884	8667	8378	7892	8089	8054	8258	8117	9481	9414	9516	9825	8445	9247	9491	9161	9330	10736	9478	9395	9468	9153	9245
20:05:40	37.0	9959	9746	9992	9481	9366	9448	9400	9382	9341	9158	9198	9350	9839	9537	9425	9524	9513	9535	9479	9479	9203	9266	9469	9515	11639	9955	9737	9935	9850	10593	10025	10025	9994	10119	9797	9557	9901	9884	10028	10002	9952	10210	10830	9903	10245	10238	9862	9534	8689	8638	8409	12836	8693	8409	7780	8077	8107	8251	8265	9433	9441	9630	9790	8494	9267	9453	9239	9393	10964	9514	9504	9516	9169	9363
20:09:40	37.0	9902	9807	10053	9470	9443	9385	9443	9353	9331	9266	9260	9499	9743	9553	9483	9564	9476	9541	9412	9559	9308	9277	9320	9434	11576	9900	9803	9869	9837	10422	10043	10071	10053	10067	9943	9489	9913	9982	9957	9939	10001	10205	10865	9843	10185	10293	9999	9548	8568	8788	8432	12861	8761	8411	7929	8084	8106	8309	8219	9392	9427	9454	9798	8627	9346	9488	9249	9397	10800	9519	9398	9579	9138	9236
20:13:40	37.0	9941	9765	10042	9526	9231	9419	9476	9375	9389	9271	9281	9497	9808	9649	9453	9458	9606	9454	9532	9568	9278	9303	9419	9479	11506	9920	9820	9827	9880	10507	10067	10196	10091	10075	10027	9513	9858	9960	9899	10101	9959	10205	10768	9970	10109	10319	10074	9556	8698	8750	8438	12893	8692	8530	7948	8141	8169	8256	8156	9453	9449	9619	9899	8594	9361	9544	9166	9460	10788	9379	9451	9460	9094	9301
20:17:40	37.0	9900	9694	10050	9512	9390	9343	9227	9279	9354	9314	9255	9458	9717	9691	9467	9381	9469	9581	9380	9492	9306	9317	9347	9523	11683	9869	9722	9802	9875	10512	9933	10027	10058	10188	9936	9496	9868	9853	9906	10050	9947	10230	10785	9883	10253	10222	9995	9631	8668	8646	8510	13014	8689	8438	7850	8082	8194	8240	8142	9543	9319	9520	9801	8697	9195	9402	9181	9446	10836	9414	9419	9582	9147	9303
20:21:40	37.0	9899	9854	10143	9476	9405	9382	9481	9359	9301	9319	9326	9377	9785	9726	9444	9581	9531	9428	9407	9576	9307	9274	9285	9471	11755	9839	9828	9772	9908	10560	9948	10089	10057	10153	9977	9448	9910	10053	10001	10005	9871	10167	10844	9906	10279	10318	9974	9604	8583	8656	8487	12819	8720	8430	7926	8111	8125	8219	8206	9467	9358	9475	9891	8501	9309	9528	9278	9351	10842	9402	9396	9593	9114	9205
20:25:40	37.0	9858	9800	10072	9541	9430	9499	9296	9379	9259	9278	9261	9418	9758	9642	9426	9457	9560	9531	9368	9464	9281	9305	9294	9473	11602	9827	9794	9860	9870	10416	9991	10085	10004	10272	9941	9521	9807	9927	10035	10086	9894	10333	10850	9910	10346	10306	10044	9580	8711	8770	8522	12787	8663	8436	7919	8077	8193	8268	8176	9407	9397	9552	9922	8546	9227	9521	9216	9391	10745	9526	9367	9551	9025	9267
20:29:40	37.0	9943	9815	9911	9544	9357	9424	9361	9400	9268	9307	9210	9406	9684	9624	9389	9491	9586	9391	9503	9461	9308	9336	9380	9478	11610	9936	9721	9853	9882	10533	10031	10218	10218	10178	9869	9563	9817	9922	10123	10063	9856	10209	10797	9961	10212	10238	10100	9520	8678	8757	8425	12907	8579	8345	8005	8202	8125	8288	8186	9413	9433	9359	9900	8653	9284	9397	9138	9464	10821	9433	9402	9574	9077	9309
20:33:40	37.0	9871	9813	10203	9447	9412	9304	9473	9293	9252	9323	9321	9454	9790	9657	9514	9482	9584	9490	9369	9524	9455	9241	9398	9482	11649	9880	9827	9916	9926	10413	9989	10180	10086	10091	9939	9412	9863	9996	9936	10145	9972	10331	10964	9965	10298	10299	9931	9511	8652	8773	8432	12939	8683	8365	7904	8109	8235	8330	8253	9494	9394	9550	9871	8561	9208	9516	9169	9330	10673	9486	9523	9548	9080	9363
20:37:40	37.0	9871	9784	10127	9476	9489	9422	9308	9307	9316	9256	9284	9434	9751	9709	9440	9543	9493	9559	9432	9566	9173	9261	9385	9427	11606	9913	9808	9830	9848	10499	9986	10099	10049	10145	9929	9377	9928	9931	10059	10221	10053	10309	10834	9876	10237	10276	10049	9504	8471	8825	8502	12904	8634	8435	7962	8219	8123	8281	8267	9445	9397	9420	9764	8493	9299	9486	9084	9442	10759	9480	9419	9520	9020	9274
20:41:40	37.0	9872	9813	10121	9583	9421	9419	9383	9259	9293	9268	9264	9414	9785	9719	9550	9473	9623	9476	9561	9538	9308	9295	9368	9485	11626	9820	9718	9740	9805	10474	10017	10073	10038	10149	10018	9381	9848	10071	10060	10092	9977	10345	10857	10032	10226	10356	10089	9567	8710	8775	8382	12859	8732	8394	7915	8097	8119	8368	8183	9442	9426	9447	9902	8554	9211	9426	9180	9380	10789	9409	9389	9552	9098	9306
20:45:40	37.0	9923	9752	10170	9458	9396	9428	9480	9257	9303	9194	9225	9356	9821	9627	9437	9500	9592	9492	9502	9433	9368	9339	9361	9537	11639	9909	9822	9740	9938	10563	10119	10150	10060	10303	9991	9453	9872	9989	9940	10209	10024	10198	10878	9929	10359	10455	10103	9545	8546	8712	8613	12821	8692	8471	7861	8086	8075	8313	8216	9410	9384	9541	9928	8559	9257	9504	9249	9439	10893	9398	9560	9544	9064	9306
20:49:40	37.0	9813	9889	10133	9391	9469	9386	9356	9317	9384	9339	9254	9541	9744	9652	9493	9472	9581	9474	9420	9524	9352	9309	9316	9462	11739	9776	9888	9891	9880	10571	9960	10235	10070	10274	9925	9488	9947	10019	10126	10190	9933	10313	10857	9986	10298	10451	10107	9549	8558	8874	8588	12908	8721	8470	7953	8148	8164	8326	8301	9438	9314	9574	9938	8628	9309	9418	9147	9443	10875	9430	9393	9668	9282	9258
20:53:40	37.0	9900	9841	10110	9570	9459	9424	9341	9350	9265	9296	9304	9452	9760	9742	9511	9534	9676	9515	9485	9469	9268	9328	9355	9464	11722	10109	9852	9938	9803	10593	10092	10046	10018	10199	9973	9467	9894	9965	10106	10165	10056	10308	10843	10118	10245	10432	10091	9517	8699	8820	8512	12914	8663	8476	7986	8122	8106	8305	8158	9412	9348	9568	9853	8503	9175	9422	9084	9415	10842	9538	9328	9597	9134	9167
20:57:40	37.0	9847	9801	10146	9570	9380	9456	9342	9324	9261	9316	9238	9421	9658	9654	9542	9460	9632	9518	9541	9424	9319	9300	9367	9453	11653	9830	9889	10010	9798	10678	10052	10113	10001	10220	9987	9545	9882	9983	9993	10117	10060	10370	10860	9938	10289	10407	10021	9592	8601	8758	8447	12910	8604	8317	7987	8169	8140	8230	8219	9534	9371	9454	9859	8623	9181	9423	9097	9502	10889	9433	9357	9538	9129	9323
21:01:40	37.0	9943	9924	10192	9489	9385	9353	9507	9379	9368	9394	9201	9493	9632	9633	9482	9516	9763	9518	9489	9495	9293	9259	9274	9478	11654	10021	9891	9853	9887	10567	10053	10116	10049	10227	9972	9394	9858	9813	9959	10146	10129	10296	10862	9970	10285	10444	10020	9512	8640	8863	8484	12965	8661	8426	8043	8132	8165	8298	8183	9455	9365	9587	9906	8570	9202	9481	9056	9367	10824	9449	9442	9487	9057	9429
21:05:40	37.0	9976	9878	10128	9455	9444	9414	9382	9306	9297	9273	9315	9544	9833	9565	9398	9470	9648	9459	9529	9515	9186	9360	9340	9591	11563	9866	9815	9857	9763	10538	9916	10217	10107	10272	9974	9455	9945	10098	10162	10270	10077	10287	10833	10120	10302	10456	10067	9444	8686	8899	8553	12934	8713	8430	7968	8027	8164	8297	8265	9502	9331	9490	9847	8604	9266	9317	9104	9460	10812	9541	9392	9388	9168	9332
21:09:40	37.0	9913	9877	10163	9490	9347	9326	9453	9412	9301	9261	9295	9462	9681	9791	9557	9600	9637	9495	9576	9543	9366	9268	9368	9491	11648	9867	9809	9993	9908	10529	10032	10185	10088	10265	10061	9491	9806	9933	9979	10188	9976	10410	10896	9975	10254	10581	10071	9509	8603	8800	8578	12896	8780	8479	8010	8088	8209	8313	8224	9436	9461	9391	9800	8632	9325	9347	9081	9341	10704	9468	9548	9509	9084	9233
21:13:40	37.0	9884	9853	10157	9479	9465	9320	9353	9356	9401	9217	9324	9465	9682	9690	9455	9506	9680	9505	9392	9429	9349	9412	9465	9404	11617	9887	9850	9949	10019	10582	9986	10256	10114	10356	9937	9449	9808	9842	9991	10222	10129	10385	10781	10074	10297	10430	10041	9577	8666	8910	8497	12854	8619	8417	7908	8157	8240	8267	8247	9439	9388	9478	9917	8586	9168	9435	9086	9391	10722	9537	9392	9546	9131	9348
21:17:40	37.0	9977	9952	10086	9484	9382	9282	9434	9362	9360	9317	9386	9424	9689	9611	9375	9531	9655	9501	9446	9521	9326	9292	9320	9545	11658	9953	9879	9988	9820	10471	10021	10208	10049	10369	9976	9429	9916	10075	10075	10279	10142	10395	10874	10012	10367	10438	9991	9585	8678	8873	8507	12880	8663	8390	7962	8149	8163	8308	8270	9396	9378	9478	9855	8666	9329	9438	9051	9392	10813	9472	9413	9588	9030	9122
21:21:40	37.0	9989	9913	10216	9508	9390	9375	9408	9394	9380	9358	9256	9263	9777	9658	9516	9509	9749	9489	9438	9494	9265	9256	9342	9365	11661	9935	9819	9802	9928	10512	9967	10328	10067	10333	9962	9538	9842	9853	10043	10208	10137	10371	10982	9946	10312	10519	10001	9412	8694	8924	8431	13020	8764	8388	7954	8158	8220	8226	8248	9425	9405	9527	9792	8681	9279	9445	9095	9483	10744	9513	9346	9523	9257	9357
21:25:40	37.0	9953	10015	10189	9431	9402	9353	9315	9393	9368	9271	9301	9413	9785	9721	9495	9516	9698	9587	9435	9576	9214	9322	9352	9465	11708	9839	9832	9921	9832	10555	9992	10286	10158	10355	10011	9466	9791	10057	10117	10218	10011	10483	11004	10186	10304	10456	9996	9512	8623	8840	8571	12998	8684	8512	7969	8214	8190	8264	8312	9419	9248	9580	9808	8650	9208	9376	9035	9558	10772	9589	9403	9525	9136	9289
21:29:40	37.0	9929	9910	10201	9436	9438	9450	9403	9367	9332	9282	9293	9418	9683	9727	9562	9509	9709	9567	9420	9508	9250	9312	9412	9374	11583	9760	9824	10012	9926	10665	10120	10244	10104	10446	10109	9467	9921	9957	10077	10348	10114	10522	10929	10031	10360	10483	10226	9620	8593	8970	8654	12823	8798	8414	7956	8179	8312	8327	8313	9341	9345	9454	9891	8716	9187	9448	9056	9333	10669	9420	9393	9592	9203	9179
21:33:40	37.0	9970	9988	10238	9481	9366	9332	9369	9319	9310	9204	9282	9422	9691	9707	9463	9452	9722	9497	9430	9462	9261	9262	9335	9521	11672	9999	9909	9956	9932	10624	10014	10230	10174	10310	9979	9442	9887	9900	10131	10281	10226	10502	11011	10040	10418	10460	10036	9610	8612	8919	8520	13008	8636	8457	7949	8117	8228	8340	8308	9432	9365	9411	9758	8540	9203	9427	9206	9318	10686	9447	9366	9564	9198	9333
21:37:40	37.0	10029	9949	10278	9491	9436	9496	9452	9317	9275	9259	9295	9485	9663	9772	9495	9449	9712	9541	9434	9492	9361	9352	9393	9510	11704	9864	9862	10081	9853	10503	10072	10292	10038	10412	10049	9545	9984	9965	10172	10298	10117	10554	10882	10206	10464	10538	10014	9566	8728	8814	8594	12780	8697	8485	8004	8139	8267	8368	8279	9457	9423	9390	9795	8781	9299	9381	9043	9402	10818	9438	9496	9518	9198	9271
21:41:40	37.0	9985	9997	10298	9606	9386	9372	9437	9368	9310	9312	9344	9355	9783	9664	9666	9479	9853	9561	9541	9525	9304	9328	9469	9484	11704	9874	9868	9867	9816	10586	10032	10365	10106	10426	9949	9418	9792	10066	10119	10278	10118	10451	10971	10170	10365	10470	10176	9486	8616	8940	8448	12955	8771	8429	8037	8138	8160	8294	8243	9449	9413	9363	9866	8583	9178	9387	9066	9358	10718	9461	9397	9358	9188	9324
21:45:40	37.0	9873	10016	10198	9494	9358	9455	9415	9351	9258	9383	9232	9425	9818	9729	9515	9570	9629	9433	9523	9579	9394	9273	9375	9447	11697	9783	9879	9913	9913	10532	10088	10300	10140	10366	9935	9423	10050	10040	10067	10362	10161	10545	10978	10120	10314	10621	10184	9471	8595	8908	8488	12958	8706	8371	7981	8129	8300	8365	8315	9465	9464	9556	9841	8699	9277	9491	9142	9317	10866	9388	9405	9659	9200	9344
21:49:40	37.0	9880	9948	10291	9486	9404	9395	9402	9520	9320	9307	9348	9362	9726	9792	9498	9444	9701	9661	9389	9559	9316	9322	9352	9423	11695	9884	9857	9879	9977	10568	10058	10356	10025	10450	10109	9544	9932	10002	10270	10337	10246	10611	10808	10120	10382	10545	10093	9586	8685	8977	8616	13055	8696	8542	7982	8112	8266	8299	8302	9407	9369	9453	9820	8752	9116	9551	9153	9364	10705	9345	9406	9540	9129	9356
21:53:40	37.0	10006	9975	10374	9437	9397	9392	9333	9348	9352	9314	9361	9471	9790	9745	9701	9474	9782	9616	9460	9568	9309	9252	9340	9437	11810	9961	9918	10018	9917	10587	10091	10276	10010	10540	9991	9371	9981	10014	10107	10411	10220	10466	10919	10023	10398	10580	10030	9481	8661	8909	8419	12942	8604	8463	8014	8176	8191	8256	8290	9531	9412	9409	9888	8572	9108	9376	9007	9533	10812	9413	9499	9518	9065	9333
21:57:40	37.0	10003	9957	10322	9517	9411	9341	9406	9366	9370	9338	9337	9426	9757	9753	9477	9465	9744	9479	9537	9582	9304	9338	9393	9380	11817	9841	9980	9856	9906	10521	10031	10230	10210	10491	9898	9515	9973	10089	10183	10347	10165	10488	10854	10111	10445	10623	10109	9606	8628	8929	8546	12952	8715	8431	8091	8115	8271	8457	8324	9558	9362	9425	9835	8587	9334	9463	9063	9544	10768	9352	9385	9604	9122	9384
22:01:40	37.0	10043	9927	10358	9496	9397	9406	9316	9418	9344	9180	9406	9413	9818	9618	9616	9462	9757	9493	9487	9531	9350	9342	9385	9573	11791	9951	9871	9941	9909	10561	10128	10252	10152	10609	10099	9397	9942	10043	10138	10391	10308	10700	10922	10195	10457	10629	10106	9486	8686	8963	8565	12796	8679	8410	8000	8077	8160	8259	8301	9509	9401	9545	9897	8745	9059	9354	9188	9480	10732	9433	9395	9570	9176	9401
22:05:40	37.0	10017	10074	10364	9502	9429	9457	9471	9429	9308	9368	9343	9410	9773	9795	9640	9409	9823	9603	9419	9520	9220	9317	9401	9412	11702	9971	9973	9969	9834	10644	10132	10386	10099	10389	10126	9510	9891	9995	10142	10429	10332	10529	10922	10163	10388	10674	10132	9517	8585	9056	8579	12984	8684	8471	7896	8201	8097	8397	8249	9525	9317	9540	9839	8705	9199	9431	9066	9510	10700	9487	9358	9578	9166	9311
22:09:40	37.0	10014	9990	10385	9500	9385	9346	9383	9397	9288	9310	9321	9468	9739	9714	9572	9425	9874	9392	9505	9546	9414	9243	9340	9563	11690	9977	9906	9980	9920	10618	10007	10409	10154	10523	10055	9454	10023	10057	10081	10385	10368	10612	10968	10106	10334	10642	10267	9559	8614	8980	8538	12800	8682	8454	7944	8188	8145	8348	8272	9488	9317	9413	9856	8747	9194	9454	9099	9350	10753	9488	9429	9627	9090	9396
0:00:00																																																																											
0:00:00																																																																											
0:00:00																																																																											
0:00:00																																																																											
0:00:00																																																																											
0:00:00																																																																											
0:00:00																																																																											
0:00:00																																																																											
0:00:00																																																																											
0:00:00																																																																											
0:00:00																																																																											
0:00:00																																																																											
0:00:00																																																																											
0:00:00																																																																											
0:00:00																																																																											
0:00:00																																																																											
0:00:00																																																																											
0:00:00																																																																											
0:00:00																																																																											
0:00:00																																																																											
0:00:00																																																																											
0:00:00																																																																											
0:00:00																																																																											
0:00:00																																																																											
0:00:00																																																																											
0:00:00																																																																											
0:00:00																																																																											
0:00:00																																																																											

BFP and GFP:485,510

Time	T° BFP and GFP:485,510	B1	B2	B3	B4	B5	B6	B7	B8	B9	B10	B11	B12	C1	C2	C3	C4	C5	C6	C7	C8	C9	C10	C11	C12	D1	D2	D3	D4	D5	D6	D7	D8	D9	D10	D11	D12	E1	E2	E3	E4	E5	E6	E7	E8	E9	E10	E11	E12	F1	F2	F3	F4	F5	F6	F7	F8	F9	F10	F11	F12	G1	G2	G3	G4	G5	G6	G7	G8	G9	G10	G11	G12	H11	H12
0:02:26	37.0	1646	1423	1383	1495	1578	1518	1593	1601	1539	1572	1679	1525	1434	1524	1526	1547	1490	1535	1596	1564	1572	1657	1599	1634	1561	1559	1599	1570	1574	1533	1604	1585	1605	1621	1594	1582	1710	1542	1662	1417	1423	1428	1441	1636	1437	1596	1623	1594	1572	1498	1671	1620	1536	1582	1558	1474	1396	1578	1575	1485	1604	1629	1591	1523	1637	1584	1607	1752	1646	1599	1628	1658	1702	1747
0:06:26	37.0	1802	1491	1424	1575	1742	1653	1746	1769	1655	1682	1829	1624	1544	1657	1613	1660	1550	1687	1689	1669	1663	1758	1720	1784	1632	1677	1661	1708	1668	1598	1697	1710	1636	1736	1738	1737	1833	1689	1729	1480	1452	1459	1494	1767	1530	1681	1699	1763	1682	1592	1738	1726	1637	1737	1666	1617	1527	1725	1687	1625	1735	1753	1736	1619	1779	1727	1739	1884	1745	1741	1784	1801	1858	1920
0:10:26	37.0	1905	1472	1441	1629	1743	1705	1768	1808	1710	1707	1851	1577	1602	1668	1612	1684	1560	1690	1738	1737	1714	1830	1773	1786	1754	1770	1703	1756	1729	1675	1725	1787	1688	1783	1760	1783	1892	1740	1789	1513	1471	1476	1515	1842	1623	1709	1771	1826	1793	1537	1812	1783	1676	1798	1731	1602	1586	1764	1712	1674	1808	1807	1724	1593	1827	1731	1805	2017	1831	1847	1818	1808	1892	2018
0:14:26	37.0	1940	1448	1454	1665	1839	1776	1827	1885	1749	1761	1936	1625	1644	1717	1586	1769	1541	1705	1785	1790	1796	1870	1808	1841	1709	1795	1734	1762	1774	1659	1764	1830	1699	1871	1758	1830	1970	1797	1847	1575	1480	1479	1550	1850	1690	1754	1798	1812	1760	1559	1881	1890	1756	1895	1794	1665	1617	1798	1742	1727	1853	1871	1854	1610	1853	1782	1908	2035	1913	1875	1820	1887	1938	2055
0:18:26	37.0	2031	1473	1479	1734	1830	1806	1894	1893	1787	1811	1982	1605	1739	1726	1616	1803	1570	1766	1901	1816	1807	1873	1892	1919	1755	1846	1776	1817	1816	1722	1836	1891	1724	1861	1793	1851	2031	1897	1922	1690	1505	1507	1616	1925	1693	1799	1880	1869	1812	1540	1935	1972	1775	1962	1855	1686	1652	1873	1771	1738	1937	1959	1902	1631	1940	1852	1919	2133	1961	1933	1931	1915	2029	2064
0:22:26	37.0	2086	1506	1447	1743	1891	1880	1878	1961	1794	1813	2011	1584	1739	1752	1585	1809	1604	1800	1894	1856	1840	1945	1882	1927	1791	1878	1795	1840	1820	1750	1926	1938	1737	1965	1830	1765	2067	1894	1980	1765	1460	1504	1746	1994	1766	1812	1866	1871	1870	1579	1986	1999	1823	1986	1903	1746	1698	1895	1761	1771	1944	1972	1947	1609	1982	1914	1996	2229	2038	1972	1932	1939	2075	2114
0:26:26	37.0	2095	1473	1481	1742	1922	1902	1957	1951	1878	1849	2062	1627	1767	1762	1588	1856	1608	1845	1921	1916	1842	1965	1942	1926	1773	1886	1846	1907	1849	1811	1894	1947	1774	1975	1877	1621	2082	1881	1991	1815	1467	1496	1785	2028	1760	1884	1933	1939	1916	1572	2082	2041	1873	2039	1918	1766	1703	1919	1864	1788	1956	2002	2033	1608	2030	1847	1986	2272	2018	1988	2009	1983	2075	2161
0:30:26	37.0	2097	1487	1480	1780	1981	1906	1973	1972	1876	1837	2094	1603	1769	1796	1617	1916	1616	1887	1914	1893	1868	2022	1958	1956	1813	1909	1875	1925	1853	1811	1953	1992	1810	2005	1893	1642	2074	1982	2077	1834	1464	1480	1738	2062	1817	1919	1963	1959	1946	1587	2113	2103	1893	2071	1952	1742	1710	2000	1830	1822	1970	2076	2003	1601	2082	1946	1989	2264	2059	2024	2029	2004	2092	2221
0:34:26	37.0	2174	1461	1462	1799	2009	1950	1959	2041	1894	1851	2153	1592	1742	1784	1609	1927	1607	1880	1986	1948	1908	2020	1983	1952	1829	1919	1857	1918	1929	1790	1945	2023	1827	2021	1906	1618	2116	1947	2061	1802	1455	1485	1758	2134	1836	1901	1983	1952	1952	1556	2119	2092	1888	2091	1920	1775	1749	1981	1901	1806	2049	2069	2009	1594	2080	1949	2056	2363	2062	2008	2013	1997	2129	2212
0:38:26	37.0	2178	1522	1464	1797	2026	1936	1970	2050	1898	1890	2141	1596	1784	1829	1615	1922	1610	1916	1976	1931	1881	2008	2017	1993	1876	1971	1911	1973	1963	1844	2003	2045	1863	2074	1896	1618	2133	1999	2086	1863	1457	1457	1758	2149	1833	1955	2003	2036	1945	1574	2129	2144	1962	2159	1986	1818	1779	2026	1900	1832	2047	2087	2045	1590	2082	1944	2018	2308	2111	2030	2007	2018	2124	2238
0:42:26	37.0	2170	1492	1473	1814	2025	1968	1997	2081	1913	1888	2192	1578	1808	1794	1627	1952	1562	1946	1977	1941	1924	2073	2096	1987	1861	1999	1883	2009	1983	1824	2044	2066	1885	2108	1968	1597	2130	1948	2104	1843	1475	1489	1792	2188	1803	1954	1966	2003	1978	1550	2123	2187	1956	2208	1982	1795	1749	2047	1896	1892	2069	2110	2072	1614	2114	1974	2068	2329	2150	2062	2038	2046	2105	2261
0:46:26	37.0	2200	1513	1473	1824	2051	1993	2012	2019	1920	1924	2148	1633	1813	1876	1599	1901	1595	1930	2004	1956	1938	2081	2010	1980	1883	2021	1910	2012	1930	1825	2054	2034	1820	2068	1942	1604	2173	2046	2060	1867	1473	1454	1773	2198	1851	1950	1971	1989	1981	1585	2156	2194	1990	2203	2004	1787	1784	2093	1892	1866	2103	2103	2041	1616	2085	2003	2052	2328	2109	2039	2019	1994	2121	2203
0:50:26	37.0	2281	1516	1471	1864	2046	1956	2011	2144	1897	1905	2230	1627	1805	1839	1638	1974	1579	1937	2036	1960	1943	2091	2034	1991	1881	2009	1974	1993	1957	1887	2059	2091	1876	2101	1923	1632	2183	1976	2072	1930	1460	1481	1809	1749	1858	1969	2102	1990	1968	1566	2225	2239	1982	2209	2009	1839	1792	2060	1897	1858	2036	2104	2097	1587	2074	2007	2118	2318	2167	2063	2082	2082	2179	2252
0:54:26	37.0	2189	1533	1454	1821	2051	1993	1990	2075	1890	1926	2175	1597	1812	1815	1636	1926	1565	1919	1991	1956	1932	2063	1986	1984	1880	1959	1936	1971	1982	1840	2023	2067	1840	2103	1943	1627	2125	1979	2147	1831	1453	1483	1776	1689	1863	1915	1992	2037	1959	1572	2175	2170	1931	2181	2003	1853	1779	2082	1926	1843	2016	2090	2075	1604	2055	1934	2089	2338	2102	2033	2056	2052	2133	2209
0:58:26	37.0	2204	1480	1437	1829	2078	1975	2049	2110	1949	1924	2155	1593	1836	1868	1639	1990	1554	1938	1990	1923	1941	2095	2014	1996	1903	1982	1985	2014	1993	1848	2055	2078	1930	2074	1945	1599	2144	2004	2103	1865	1473	1446	1766	1497	1845	1925	2026	2023	1905	1559	2197	2196	1961	2180	1980	1820	1773	2111	1936	1862	2051	2140	2082	1589	2102	1940	2059	2370	2134	2081	2084	2044	2128	2250
1:02:26	37.0	2177	1508	1489	1855	2064	1982	2041	2099	1879	1923	2197	1618	1812	1841	1591	1928	1587	1962	2007	1970	1904	2085	2063	1954	1903	1987	1953	2051	2006	1889	2063	2042	1883	2127	1972	1596	2069	2029	2097	1852	1482	1463	1783	1499	1867	1927	2029	2018	1968	1557	2150	2169	1987	2191	2021	1847	1754	2120	1906	1827	1975	2139	2077	1589	2108	1988	2113	2355	2190	2101	2077	2036	2120	2216
1:06:26	37.0	2248	1522	1489	1822	2068	1986	2091	2090	1957	1887	2181	1582	1808	1861	1612	1931	1576	1987	2029	1927	1964	2108	2029	1966	1884	1980	1937	1996	1957	1887	2061	2078	1861	2117	1933	1599	2154	1971	2120	1901	1511	1422	1781	1441	1846	1927	2028	2030	1932	1586	2180	2231	2008	2206	2001	1843	1814	2077	1918	1836	2027	2149	2070	1596	2088	2041	2117	2392	2184	2111	2065	2062	1724	2243
1:10:26	37.0	2218	1496	1481	1772	2039	1944	2076	2085	1936	1907	2182	1585	1862	1809	1594	1944	1559	1930	2038	1966	1967	2124	2050	2018	1890	1989	1923	1980	1961	1894	2084	2075	1869	2076	1922	1592	2123	1982	2120	1862	1440	1436	1775	1469	1857	1936	2026	2020	1981	1555	2213	2178	1944	2236	2035	1836	1798	2069	1944	1843	1985	2143	2084	1630	2091	2019	2102	2352	2175	2088	2026	2017	1730	2184
1:14:26	37.0	2157	1482	1460	1815	2061	1980	2032	2087	1941	1916	2186	1605	1806	1846	1597	1949	1551	1953	2041	1955	1945	2102	2035	1936	1889	1989	1937	2039	1988	1870	2067	2080	1869	2103	1925	1625	2086	2061	2109	1881	1460	1463	1793	1488	1824	1955	2041	2021	1993	1602	2173	2207	1960	2202	2011	1845	1771	2080	1937	1857	2052	2155	2109	1606	2093	2003	2047	2360	2192	2117	2053	2008	1695	2188
1:18:26	37.0	2183	1524	1452	1833	2079	1963	2013	2115	1945	1889	2199	1587	1841	1847	1596	1996	1548	1910	1999	1940	1947	2039	2026	1963	1871	1973	1934	2020	1977	1855	2093	2044	1840	2096	1907	1642	2155	2011	2106	1886	1479	1510	1786	1457	1876	1961	2027	1991	1977	1563	2213	2216	2000	2171	2036	1811	1766	2101	1925	1854	2035	2126	2103	1551	2081	2001	2091	2371	2177	2103	2057	2009	1774	2140
1:22:26	37.0	2168	1534	1461	1856	2074	1981	2061	2093	1938	1903	2165	1586	1869	1842	1579	1941	1581	1933	2023	1973	1986	2102	2082	1962	1873	2007	1957	2023	2001	1807	2090	2098	1857	2149	1926	1591	2145	1997	2122	1874	1468	1465	1802	1479	1890	1996	2070	1996	1960	1565	2203	2181	1974	2199	2021	1801	1782	2107	1948	1819	2038	2185	2160	1580	2026	1994	2138	2331	2207	2119	2101	2007	1767	2151
1:26:26	37.0	2223	1523	1483	1780	2008	1949	2112	2114	1934	1892	2180	1586	1819	1844	1627	1973	1586	1952	2037	1985	1955	2113	2025	1980	1902	2022	1963	2025	2007	1835	2051	2099	1840	2090	1927	1604	2126	1987	2131	1879	1491	1477	1804	1449	1880	1984	2039	2005	1965	1546	2214	2271	1988	2215	1969	1865	1802	2087	1939	1880	2059	2150	2087	1614	2106	1968	2098	2329	2212	2101	2078	2024	1741	2142
1:30:26	37.0	2152	1512	1500	1826	2000	1968	2064	2136	1956	1923	2158	1597	1849	1835	1616	1961	1557	1986	1991	1965	1968	2062	2026	1921	1870	1990	1941	2012	1898	1887	2031	2097	1861	2131	1950	1594	2086	2012	2148	1924	1479	1436	1764	1457	1854	1985	2049	1983	1973	1581	2195	2217	1968	2240	2008	1857	1799	2118	1953	1854	2034	2145	2096	1615	2099	1966	2049	2354	2162	2114	2033	1983	1745	2091
1:34:26	37.0	2184	1538	1487	1865	2067	1991	2050	2106	1988	1937	2176	1565	1889	1854	1587	1920	1571	1969	2056	1940	1952	2097	2054	1926	1892	1981	1907	1976	1985	1815	2041	2032	1883	2141	1958	1617	2096	1995	2078	1857	1490	1441	1815	1486	1889	1990	2018	2007	1970	1539	2221	2210	1971	2195	2002	1873	1766	2063	1936	1829	2016	2134	2082	1591	2091	2001	2143	2316	2148	2106	2086	1965	1757	2137
1:38:26	37.0	2217	1504	1450	1845	2055	1963	1968	2067	1912	1892	2207	1620	1853	1859	1601	1895	1549	1949	2025	1937	1904	2134	2045	1936	1865	1935	1894	1973	1996	1849	1998	2073	1852	2104	1892	1601	2085	1971	2103	1871	1480	1453	1788	1452	1812	1948	1992	1920	1968	1569	2217	2206	2005	2196	2053	1810	1786	2075	1894	1823	2046	2115	2068	1554	2088	1982	2044	2317	2176	2084	2075	1986	1698	2143
1:42:26	37.0	2174	1564	1494	1820	2056	2004	2033	2134	1965	1871	2205	1596	1877	1877	1575	2018	1577	1958	1988	1991	2003	2134	2023	2003	1829	1986	1952	2020	1966	1854	2016	2087	1901	2088	1963	1619	2099	1982	2108	1894	1478	1478	1751	1495	1840	2019	1976	2010	1931	1574	2215	2248	1995	2214	2032	1882	1839	2092	1928	1859	2052	2151	2105	1598	2094	1991	2126	2281	2215	2108	2068	2003	1758	2094
1:46:26	37.0	2166	1523	1462	1803	2065	2010	2053	2101	1959	1900	2130	1595	1815	1871	1589	1948	1548	1977	1975	1978	1967	2100	2005	1967	1894	1953	1906	2015	1968	1812	2058	2101	1843	2074	1950	1571	1578	1983	2124	1878	1445	1448	1781	1488	1819	1968	2039	1951	1937	1573	2157	2222	2002	2183	1979	1846	1791	2073	1894	1823	1990	2136	2062	1557	2081	1944	2121	2291	2142	2077	2043	2000	1714	2125
1:50:26	37.0	2124	1502	1472	1866	2059	1992	2027	2114	1958	1931	2149	1596	1891	1842	1603	1915	1564	1895	1999	1991	1933	2095	2049	1932	1852	1967	1910	2017	1930	1878	2016	2040	1882	2097	1938	1609	1585	1952	2078	1872	1481	1437	1769	1499	1849	1966	1995	1980	1977	1567	2199	2165	1964	2145	2018	1864	1775	2117	1929	1839	2010	2141	2123	1551	2064	1987	2055	2282	2193	2060	1994	1995	1770	2091
1:54:26	37.0	2112	1492	1440	1836	2022	1997	2024	2121	1922	1888	2197	1602	1796	1813	1575	1964	1524	1968	1983	1919	1954	2061	2024	1915	1836	1958	1914	1974	1958	1846	2030	2035	1885	2089	1885	1619	1589	2007	2069	1854	1443	1461	1774	1433	1878	1950	1987	1933	1972	1565	2264	2202	1961	2192	1987	1835	1752	2059	1877	1822	1941	2118	2022	1597	2059	1948	2055	2269	2144	2074	2033	1975	1731	2049
1:58:26	37.0	2175	1527	1480	1855	2029	2004	2018	2081	1923	1893	2158	1586	1840	1849	1585	1974	1526	1920	1983	1948	1945	2068	2003	1893	1844	1967	1919	2002	1894	1841	2006	2038	1875	2103	1884	1629	1582	2014	2100	1850	1454	1468	1822	1454	1883	1976	2030	1961	1933	1539	2209	2240	1978	2187	2052	1852	1767	2103	1914	1812	1970	2082	2092	1606	2046	1966	2078	2271	2167	2079	2050	1974	1708	2069
2:02:26	37.0	2153	1485	1478	1815	2023	1935	1997	2029	1884	1891	2157	1601	1774	1798	1577	1906	1521	1920	1964	1896	1897	2064	2027	1933	1826	1911	1851	1963	1915	1771	1961	2046	1836	2069	1898	1586	1599	1920	2038	1842	1470	1420	1767	1456	1839	1911	2005	1927	1956	1506	2149	2201	1930	2183	1976	1842	1791	2005	1860	1786	1991	2075	2057	1570	2022	1953	2050	2233	2124	2125	2018	1931	1686	2067
2:06:26	37.0	2089	1518	1462	1776	1992	1969	2003	2071	1916	1910	2089	1622	1807	1770	1588	1942	1531	1918	1965	1943	1885	2040	1981	1891	1836	1907	1872	1965	1926	1799	1949	1996	1849	2043	1903	1606	1590	1958	2064	1818	1478	1465	1737	1454	1891	1967	2023	1911	1909	1542	2149	2185	1983	2145	1999	1825	1789	2117	1914	1796	1913	2084	2040	1621	2007	1986	2022	2257	2087	2109	2037	1958	1740	2008
2:10:26	37.0	2084	1537	1453	1811	1998	1942	1990	2076	1910	1909	2197	1593	1861	1817	1590	1922	1550	1948	1955	1937	1946	2085	2005	1912	1792	1867	1858	1891	1867	1795	2005	1994	1811	2070	1873	1614	1644	1942	2026	1864	1455	1413	1763	1474	1845	2002	2004	1914	1903	1565	2148	2146	1966	2157	1966	1861	1772	2055	1889	1800	1978	2097	2014	1589	2037	1929	2029	2253	2106	2066	2030	2015	1673	2017
2:14:26	37.0	2095	1506	1452	1807	1974	1928	2000	2055	1912	1882	2122	1547	1806	1792	1589	1905	1542	1907	1962	1879	1945	2058	2002	1844	1788	1852	1830	1885	1891	1748	1976	1951	1814	2030	1860	1621	1547	1913	2037	1873	1419	1425	1734	1442	1839	1940	1948	1888	1909	1565	2186	2139	1949	2092	1978	1815	1790	2025	1892	1789	1917	2082	1985	1543	2001	1889	2033	2189	2114	2072	2024	1949	1693	2021
2:18:26	37.0	2059	1485	1447	1757	1988	1946	1963	2059	1876	1853	2089	1587	1765	1776	1627	1896	1521	1880	1921	1927	1906	2008	1992	1833	1806	1841	1825	1928	1821	1765	1949	1992	1843	1997	1835	1593	1572	1916	2025	1802	1450	1433	1740	1459	1773	1936	1938	1887	1890	1543	2182	2123	1925	2112	1975	1778	1711	2041	1886	1762	1893	2029	2017	1527	1978	1907	2027	2224	2068	2016	2002	1904	1647	1960
2:22:26	37.0	2064	1514	1465	1746	1974	1926	1930	2005	1854	1841	2094	1570	1780	1788	1612	1870	1544	1845	1935	1901	1870	1988	1928	1859	1761	1822	1830	1841	1832	1748	1889	1962	1758	1945	1820	1569	1594	1853	1990	1825	1425	1434	1715	1441	1769	1889	1937	1893	1878	1515	2104	2095	1875	2086	1935	1806	1770	2042	1830	1798	1898	1979	1937	1559	1975	1882	1979	2138	2050	1998	1973	1844	1640	1955
2:26:26	37.0	2018	1506	1453	1770	1950	1907	1935	1987	1878	1862	2089	1595	1765	1782	1555	1894	1549	1831	1913	1883	1912	2027	1920	1840	1767	1857	1774	1863	1845	1712	1892	1861	1784	1982	1819	1547	1585	1865	1979	1771	1431	1472	1677	1441	1784	1925	1916	1838	1901	1501	2098	2164	1899	2076	1946	1788	1762	2019	1815	1796	1955	2010	1977	1563	1983	1904	1961	2189	2062	2012	2007	1865	1709	1937
2:30:26	37.0	2020	1506	1456	1758	1914	1864	1942	2003	1864	1863	2050	1542	1753	1749	1566	1866	1547	1846	1926	1898	1884	1977	1926	1847	1790	1801	1793	1792	1803	1676	1835	1882	1765	1940	1795	1571	1564	1864	1961	1756	1423	1408	1785	1456	1718	1876	1880	1866	1904	1521	2029	2050	1920	2045	1925	1781	1719	2003	1824	1717	1926	2021	1988	1549	1918	1875	1936	2176	2049	1984	1952	1884	1642	1935
2:34:26	37.0	1966	1541	1464	1758	1899	1858	1931	2003	1834	1805	2057	1570	1702	1736	1568	1839	1505	1847	1848	1837	1842	1990	1945	1846	1704	1821	1732	1781	1762	1690	1803	1833	1752	1947	1771	1542	1566	1847	1944	1790	1418	1447	1640	1469	1737	1860	1820	1841	1866	1527	2087	2053	1866	2028	1902	1762	1739	2010	1812	1719	1894	1953	1927	1555	1923	1822	1978	2126	1976	1976	1920	1852	1632	1857
2:38:26	37.0	2014	1513	1455	1739	1874	1829	1890	1973	1812	1823	1995	1620	1723	1752	1580	1801	1557	1816	1900	1841	1862	1974	1927	1776	1709	1749	1758	1769	1770	1674	1772	1820	1726	1889	1749	1572	1578	1823	1958	1752	1399	1425	1675	1411	1725	1797	1853	1816	1813	1541	2026	2013	1875	2022	1883	1747	1687	1957	1800	1676	1846	1951	1953	1531	1902	1856	1927	2088	1949	1956	1909	1873	1606	1819
2:42:26	37.0	1990	1515	1450	1724	1893	1878	1916	1958	1829	1824	2016	1585	1744	1699	1556	1838	1507	1831	1859	1877	1820	1968	1925	1854	1719	1784	1743	1775	1750	1709	1755	1847	1680	1897	1756	1567	1586	1869	1891	1698	1442	1423	1618	1419	1714	1819	1863	1820	1854	1541	2077	2015	1860	2021	1911	1747	1700	1935	1799	1698	1893	1972	1957	1538	1912	1835	1899	2093	1974	1984	1898	1842	1617	1802
2:46:26	37.0	1917	1502	1472	1736	1868	1817	1853	1953	1798	1788	1979	1566	1712	1643	1568	1802	1500	1807	1842	1843	1820	1926	1865	1753	1707	1753	1650	1734	1685	1650	1759	1772	1663	1876	1685	1559	1563	1825	1892	1720	1413	1401	1634	1431	1687	1780	1853	1834	1779	1528	1982	1993	1830	1971	1863	1754	1696	1911	1826	1688	1817	1926	1914	1507	1896	1826	1887	2010	1951	1897	1859	1838	1594	1848
2:50:26	37.0	1967	1476	1461	1721	1858	1830	1888	1930	1793	1758	1982	1531	1724	1678	1558	1811	1512	1770	1790	1788	1836	1973	1898	1778	1693	1736	1640	1751	1726	1638	1699	1740	1700	1851	1748	1550	1541	1812	1855	1702	1431	1436	1606	1406	1717	1812	1825	1769	1814	1535	2028	2060	1840	1994	1846	1741	1672	1949	1804	1695	1818	1899	1895	1550	1811	1792	1931	1662	1910	1938	1871	1818	1579	1766
2:54:26	37.0	1926	1527	1463	1715	1853	1745	1845	1875	1812	1776	1983	1549	1704	1657	1553	1752	1492	1768	1829	1776	1778	1933	1835	1753	1643	1721	1645	1707	1676	1626	1710	1749	1670	1847	1670	1547	1525	1763	1802	1675	1396	1404	1614	1431	1687	1754	1773	1747	1802	1520	1908	2044	1766	1973	1820	1709	1705	1914	1766	1632	1791	1829	1862	1519	1822	1773	1823	1619	1900	1924	1826	1809	1574	1759
2:58:26	37.0	1930	1497	1485	1734	1841	1735	1819	1895	1754	1780	1926	1541	1662	1674	1550	1776	1459	1738	1853	1808	1773	1901	1814	1768	1664	1679	1659	1693	1703	1601	1680	1695	1677	1801	1712	1581	1542	1787	1817	1681	1423	1407	1569	1411	1676	1781	1756	1786	1762	1526	1963	1965	1760	1937	1846	1681	1660	1900	1747	1643	1787	1830	1842	1497	1837	1762	1825	1604	1881	1915	1794	1756	1574	1708
3:02:26	37.0	1904	1492	1445	1653	1776	1757	1835	1867	1719	1759	1908	1560	1680	1653	1564	1679	1509	1782	1754	1775	1723	1864	1810	1718	1648	1688	1644	1668	1657	1572	1682	1716	1630	1766	1666	1550	1507	1762	1790	1677	1396	1387	1612	1424	1673	1713	1734	1714	1749	1514	1914	1934	1756	1897	1747	1681	1663	1887	1700	1640	1802	1867	1790	1523	1734	1686	1762	1587	1839	1857	1781	1741	1556	1697
3:06:26	37.0	1870	1478	1427	1621	1773	1709	1806	1861	1752	1732	1893	1533	1625	1619	1529	1722	1477	1732	1755	1779	1776	1870	1797	1693	1616	1702	1575	1641	1622	1578	1636	1692	1612	1750	1640	1514	1586	1742	1754	1645	1400	1365	1588	1432	1643	1690	1731	1650	1722	1535	1912	1995	1720	1875	1787	1623	1651	1885	1708	1591	1754	1820	1801	1528	1759	1745	1793	1572	1841	1816	1736	1763	1513	1675
3:10:26	37.0	1897	1471	1422	1663	1780	1696	1772	1868	1716	1723	1879	1511	1622	1615	1571	1735	1457	1705	1701	1699	1737	1813	1754	1704	1629	1630	1616	1615	1597	1549	1626	1653	1572	1697	1618	1522	1510	1708	1743	1603	1342	1409	1521	1388	1615	1695	1696	1684	1735	1474	1861	1854	1706	1826	1772	1635	1635	1849	1716	1605	1739	1792	1754	1478	1720	1736	1779	1523	1798	1809	1781	1694	1501	1653
3:14:26	37.0	1771	1492	1408	1581	1746	1697	1750	1787	1700	1688	1797	1519	1609	1577	1513	1680	1509	1636	1709	1669	1713	1817	1758	1663	1602	1629	1568	1595	1592	1534	1597	1610	1551	1692	1605	1549	1487	1690	1703	1566	1356	1359	1536	1403	1542	1654	1690	1650	1638	1484	1848	1849	1659	1819	1707	1624	1584	1803	1697	1617	1681	1756	1739	1468	1674	1633	1699	1539	1768	1778	1727	1684	1542	1596
3:18:26	37.0	1778	1487	1398	1589	1770	1643	1739	1784	1698	1724	1777	1527	1568	1599	1516	1690	1474	1664	1704	1688	1682	1727	1721	1620	1589	1595	1554	1558	1548	1508	1588	1624	1577	1698	1609	1482	1469	1671	1685	1593	1361	1392	1537	1366	1580	1654	1642	1644	1683	1489	1829	1881	1660	1802	1733	1630	1586	1811	1640	1556	1689	1706	1715	1465	1659	1658	1721	1497	1704	1702	1711	1638	1479	1603
3:22:26	37.0	1745	1469	1430	1615	1683	1673	1710	1769	1681	1676	1779	1524	1631	1604	1483	1632	1448	1656	1648	1670	1670	1742	1727	1675	1586	1585	1534	1578	1546	1492	1560	1565	1548	1687	1592	1526	1495	1661	1710	1541	1371	1375	1510	1389	1555	1625	1651	1627	1633	1443	1806	1797	1675	1768	1661	1578	1567	1740	1660	1598	1623	1697	1686	1469	1660	1630	1665	1541	1701	1766	1651	1638	1497	1577
3:26:26	37.0	1701	1485	1432	1513	1697	1643	1701	1728	1702	1646	1774	1504	1563	1569	1486	1652	1437	1610	1664	1682	1632	1733	1686	1624	1577	1568	1539	1542	1557	1495	1569	1582	1554	1641	1584	1514	1489	1646	1646	1551	1373	1363	1513	1378	1556	1565	1659	1610	1652	1429	1812	1777	1613	1793	1697	1640	1584	1764	1623	1537	1626	1679	1692	1450	1630	1623	1673	1511	1694	1659	1663	1644	1488	1612
3:30:26	37.0	1708	1453	1441	1582	1673	1624	1638	1717	1648	1637	1734	1558	1572	1548	1472	1597	1456	1584	1599	1635	1654	1692	1654	1578	1559	1569	1508	1537	1561	1483	1552	1603	1486	1613	1553	1504	1528	1623	1676	1551	1396	1383	1504	1392	1516	1585	1638	1570	1586	1439	1768	1717	1617	1721	1635	1576	1591	1692	1616	1532	1599	1669	1674	1446	1604	1606	1642	1540	1664	1696	1630	1562	1493	1589
3:34:26	37.0	1693	1471	1401	1568	1642	1627	1680	1708	1627	1597	1693	1525	1583	1543	1493	1610	1472	1553	1623	1626	1614	1717	1673	1571	1563	1567	1563	1588	1547	1515	1556	1547	1500	1636	1574	1488	1513	1604	1598	1520	1379	1431	1497	1401	1528	1608	1616	1615	1582	1444	1732	1715	1592	1730	1615	1577	1545	1687	1582	1546	1615	1648	1633	1426	1620	1600	1654	1522	1675	1654	1635	1602	1465	1557
3:38:26	37.0	1688	1475	1440	1580	1653	1568	1662	1704	1622	1605	1741	1509	1548	1519	1455	1568	1476	1607	1600	1553	1576	1680	1664	1570	1565	1554	1526	1553	1514	1461	1518	1528	1501	1588	1552	1505	1472	1624	1618	1511	1401	1360	1439	1382	1477	1533	1616	1573	1592	1458	1694	1651	1579	1659	1623	1569	1510	1684	1577	1517	1597	1600	1593	1442	1590	1544	1626	1451	1606	1624	1625	1598	1479	1551
3:42:26	37.0	1660	1515	1442	1559	1618	1612	1690	1644	1584	1574	1708	1508	1536	1522	1467	1548	1429	1561	1572	1609	1583	1644	1618	1536	1530	1554	1549	1505	1505	1449	1516	1524	1519	1610	1543	1477	1501	1596	1559	1490	1355	1368	1452	1380	1456	1556	1558	1555	1542	1455	1715	1680	1551	1671	1567	1532	1515	1670	1559	1520	1547	1612	1591	1439	1532	1509	1572	1472	1590	1626	1587	1581	1466	1534
3:46:26	37.0	1667	1467	1427	1536	1578	1593	1614	1669	1574	1601	1681	1499	1547	1533	1530	1574	1445	1566	1599	1552	1584	1663	1625	1592	1560	1548	1499	1544	1510	1469	1509	1553	1497	1605	1529	1512	1495	1608	1592	1459	1365	1388	1471	1384	1505	1531	1568	1586	1590	1467	1693	1671	1552	1621	1556	1499	1532	1590	1552	1521	1573	1587	1584	1428	1521	1555	1555	1453	1606	1627	1583	1563	1486	1532
3:50:26	37.0	1680	1500	1436	1544	1589	1548	1607	1636	1570	1582	1640	1535	1520	1488	1496	1568	1414	1553	1582	1532	1551	1607	1577	1561	1508	1520	1540	1531	1499	1453	1508	1528	1494	1577	1515	1497	1482	1587	1602	1503	1393	1364	1447	1398	1467	1493	1534	1540	1533	1416	1652	1614	1527	1621	1572	1461	1492	1651	1517	1534	1532	1561	1558	1403	1518	1511	1562	1407	1567	1577	1559	1575	1478	1548
3:54:26	37.0	1651	1460	1447	1507	1523	1514	1576	1598	1537	1535	1640	1482	1496	1523	1494	1558	1454	1530	1546	1498	1553	1594	1590	1526	1527	1500	1506	1562	1492	1455	1494	1510	1470	1569	1515	1472	1470	1571	1578	1472	1402	1388	1459	1377	1480	1503	1546	1575	1535	1406	1647	1653	1524	1590	1521	1473	1458	1605	1496	1545	1497	1519	1538	1398	1508	1464	1536	1427	1556	1550	1556	1560	1427	1552
3:58:26	37.0	1617	1457	1411	1531	1536	1502	1542	1602	1518	1522	1612	1500	1500	1501	1471	1503	1426	1503	1533	1488	1517	1583	1539	1570	1536	1502	1478	1498	1494	1443	1465	1513	1492	1546	1498	1503	1471	1557	1573	1453	1394	1361	1437	1367	1478	1510	1540	1572	1507	1402	1602	1585	1501	1577	1531	1430	1484	1585	1495	1486	1465	1503	1502	1377	1481	1489	1498	1405	1508	1555	1519	1539	1488	1509
4:02:26	37.0	1599	1447	1426	1475	1583	1522	1511	1575	1499	1564	1584	1509	1492	1488	1437	1516	1432	1485	1516	1510	1513	1584	1517	1547	1532	1510	1488	1507	1524	1479	1456	1495	1465	1552	1491	1477	1521	1536	1568	1447	1376	1356	1425	1397	1507	1496	1507	1536	1521	1388	1606	1584	1498	1528	1492	1434	1497	1566	1510	1493	1452	1474	1508	1396	1458	1450	1493	1389	1500	1505	1522	1599	1472	1523
4:06:26	37.0	1602	1469	1425	1484	1559	1503	1560	1531	1550	1529	1630	1491	1482	1502	1479	1531	1402	1488	1524	1490	1535	1583	1541	1595	1526	1548	1484	1546	1467	1466	1470	1498	1441	1529	1515	1511	1461	1538	1545	1431	1376	1394	1404	1369	1462	1497	1516	1556	1496	1418	1617	1547	1505	1511	1468	1442	1469	1568	1522	1517	1471	1518	1509	1390	1438	1426	1474	1405	1482	1519	1509	1583	1450	1518
4:10:26	37.0	1595	1464	1423	1470	1536	1487	1518	1533	1496	1495	1587	1500	1477	1446	1481	1485	1446	1459	1522	1507	1509	1580	1531	1558	1506	1509	1488	1504	1497	1418	1477	1523	1457	1525	1520	1497	1464	1578	1583	1435	1397	1369	1398	1404	1472	1483	1523	1526	1441	1405	1576	1566	1453	1530	1460	1434	1463	1529	1442	1513	1447	1489	1481	1371	1408	1436	1413	1356	1421	1462	1492	1548	1514	1547
4:14:26	37.0	1598	1473	1459	1488	1530	1512	1533	1599	1510	1503	1583	1526	1457	1466	1464	1505	1446	1460	1476	1456	1464	1511	1524	1537	1486	1516	1475	1518	1455	1471	1490	1481	1505	1562	1526	1452	1520	1535	1523	1444	1408	1381	1404	1369	1439	1518	1545	1572	1451	1395	1564	1485	1448	1487	1476	1424	1410	1497	1473	1498	1439	1496	1429	1377	1477	1411	1449	1376	1455	1436	1478	1572	1468	1532
4:18:26	37.0	1580	1445	1424	1465	1503	1503	1493	1533	1497	1470	1568	1511	1503	1463	1450	1474	1421	1461	1458	1455	1482	1526	1488	1550	1497	1540	1492	1491	1480	1461	1468	1470	1470	1527	1491	1499	1480	1486	1516	1421	1383	1384	1388	1384	1418	1487	1495	1524	1446	1339	1525	1551	1442	1479	1456	1415	1432	1493	1490	1484	1413	1431	1436	1392	1381	1415	1431	1352	1463	1460	1461	1507	1448	1538
4:22:26	37.0	1588	1451	1438	1495	1520	1492	1509	1566	1500	1492	1559	1525	1494	1470	1464	1509	1418	1466	1489	1485	1495	1504	1452	1534	1501	1573	1492	1491	1486	1462	1469	1484	1479	1511	1502	1483	1439	1507	1510	1413	1398	1376	1418	1376	1473	1492	1533	1556	1447	1378	1568	1543	1410	1465	1429	1414	1444	1501	1434	1480	1450	1458	1420	1367	1422	1395	1431	1365	1402	1453	1458	1571	1491	1527
4:26:26	37.0	1593	1455	1432	1454	1500	1462	1505	1548	1450	1494	1562	1506	1503	1449	1462	1467	1421	1423	1488	1446	1480	1509	1519	1517	1498	1508	1516	1508	1479	1460	1449	1473	1464	1533	1488	1501	1468	1491	1481	1441	1385	1401	1391	1412	1455	1503	1493	1544	1449	1394	1535	1474	1403	1480	1460	1394	1423	1468	1393	1507	1410	1435	1437	1362	1361	1401	1375	1347	1415	1455	1422	1556	1473	1521
4:30:26	37.0	1565	1485	1460	1495	1514	1497	1474	1509	1474	1476	1539	1510	1520	1444	1482	1464	1380	1458	1462	1427	1466	1535	1500	1519	1496	1519	1491	1510	1471	1434	1494	1509	1436	1507	1504	1477	1495	1519	1513	1432	1384	1404	1407	1415	1480	1480	1478	1550	1460	1354	1521	1505	1399	1455	1434	1384	1430	1467	1435	1466	1442	1409	1428	1370	1372	1382	1392	1378	1401	1427	1425	1548	1487	1524
4:34:26	37.0	1585	1492	1455	1456	1505	1478	1465	1486	1475	1443	1556	1508	1462	1442	1459	1502	1397	1444	1435	1446	1498	1493	1488	1561	1509	1502	1518	1509	1464	1464	1472	1487	1473	1544	1510	1518	1492	1526	1501	1442	1390	1395	1395	1404	1436	1491	1480	1541	1430	1360	1536	1481	1425	1460	1437	1420	1408	1472	1451	1470	1395	1430	1409	1342	1369	1387	1402	1351	1383	1439	1440	1522	1502	1534
4:38:26	37.0	1552	1472	1502	1488	1513	1494	1491	1514	1488	1490	1542	1522	1481	1427	1466	1494	1433	1437	1483	1467	1468	1507	1470	1581	1492	1530	1490	1506	1514	1445	1460	1491	1447	1516	1503	1492	1440	1492	1498	1437	1381	1386	1374	1422	1451	1472	1511	1535	1402	1395	1537	1469	1390	1458	1448	1392	1402	1438	1444	1515	1369	1451	1427	1354	1412	1379	1364	1324	1379	1407	1401	1507	1462	1555
4:42:26	37.0	1551	1469	1461	1483	1510	1448	1477	1518	1472	1501	1540	1500	1484	1441	1472	1464	1386	1471	1447	1445	1477	1493	1488	1545	1510	1528	1542	1504	1482	1484	1448	1471	1463	1513	1523	1496	1475	1497	1543	1394	1382	1425	1383	1399	1434	1473	1521	1515	1449	1366	1510	1454	1428	1413	1412	1364	1429	1467	1390	1494	1350	1389	1402	1345	1367	1371	1334	1370	1355	1370	1371	1541	1510	1529
4:46:26	37.0	1555	1495	1461	1477	1506	1478	1500	1524	1478	1483	1529	1500	1495	1455	1474	1461	1427	1439	1448	1442	1435	1499	1473	1549	1512	1508	1478	1540	1480	1480	1479	1505	1442	1518	1520	1471	1438	1504	1522	1430	1404	1400	1392	1417	1470	1453	1527	1537	1419	1345	1485	1463	1400	1466	1417	1386	1421	1468	1412	1523	1367	1392	1420	1347	1349	1317	1359	1348	1355	1380	1368	1589	1559	1527
4:50:26	37.0	1577	1479	1447	1479	1516	1473	1476	1489	1503	1493	1538	1511	1483	1454	1485	1492	1371	1453	1443	1423	1458	1511	1492	1520	1518	1490	1519	1521	1471	1436	1477	1494	1470	1501	1498	1499	1451	1481	1519	1450	1423	1414	1369	1421	1458	1504	1479	1505	1411	1355	1491	1451	1370	1426	1400	1386	1431	1476	1439	1475	1392	1400	1385	1342	1356	1363	1355	1342	1358	1381	1404	1528	1489	1552
4:54:26	37.0	1534	1470	1445	1473	1493	1457	1510	1500	1479	1482	1502	1504	1485	1443	1486	1498	1429	1451	1482	1429	1446	1504	1478	1538	1487	1493	1534	1517	1467	1444	1481	1475	1482	1508	1508	1456	1444	1488	1504	1443	1413	1394	1408	1416	1460	1478	1507	1533	1399	1349	1485	1458	1374	1449	1428	1396	1414	1486	1413	1454	1363	1376	1357	1326	1364	1342	1368	1294	1390	1363	1388	1528	1478	1507
4:58:26	37.0	1544	1472	1477	1473	1469	1477	1488	1497	1452	1455	1529	1488	1486	1454	1476	1460	1422	1437	1451	1445	1429	1521	1435	1549	1471	1539	1516	1549	1475	1476	1498	1482	1463	1503	1537	1510	1480	1477	1513	1427	1405	1442	1416	1400	1440	1489	1490	1508	1393	1353	1492	1430	1362	1411	1417	1386	1375	1476	1386	1560	1344	1392	1394	1305	1342	1340	1368	1337	1328	1339	1395	1563	1458	1501
5:02:26	37.0	1562	1473	1456	1506	1491	1492	1510	1493	1481	1493	1522	1512	1489	1448	1479	1454	1419	1449	1448	1432	1455	1465	1482	1526	1483	1543	1540	1525	1498	1512	1476	1518	1485	1501	1544	1480	1478	1506	1507	1461	1447	1407	1417	1413	1438	1509	1492	1506	1397	1363	1485	1438	1380	1438	1424	1393	1431	1476	1420	1484	1384	1382	1388	1360	1336	1315	1322	1351	1339	1357	1380	1538	1485	1455
5:06:26	37.0	1554	1491	1483	1463	1517	1506	1468	1482	1497	1470	1532	1523	1458	1473	1458	1483	1428	1451	1446	1435	1468	1488	1467	1511	1483	1529	1525	1498	1502	1490	1484	1513	1481	1538	1544	1470	1475	1482	1553	1419	1410	1465	1446	1438	1453	1493	1517	1530	1395	1346	1473	1452	1403	1428	1441	1397	1365	1496	1420	1527	1342	1380	1371	1319	1347	1370	1356	1298	1329	1361	1400	1512	1505	1497
5:10:26	37.0	1556	1519	1486	1449	1511	1449	1435	1461	1458	1462	1488	1501	1461	1451	1486	1508	1432	1427	1439	1423	1470	1457	1439	1496	1500	1542	1553	1522	1519	1476	1500	1498	1478	1505	1504	1496	1496	1518	1514	1455	1437	1418	1461	1442	1469	1488	1544	1479	1379	1357	1445	1402	1367	1421	1420	1381	1405	1467	1430	1501	1366	1352	1392	1368	1324	1330	1354	1335	1325	1392	1391	1468	1462	1456
5:14:26	37.0	1544	1515	1462	1469	1476	1477	1448	1473	1498	1456	1510	1504	1480	1474	1485	1488	1418	1439	1410	1424	1447	1482	1473	1507	1495	1543	1531	1529	1525	1482	1501	1493	1489	1539	1581	1471	1470	1490	1547	1479	1439	1443	1446	1452	1457	1508	1535	1541	1362	1332	1459	1402	1353	1434	1405	1399	1429	1471	1438	1485	1371	1366	1356	1324	1391	1333	1368	1369	1341	1387	1404	1488	1460	1471
5:18:26	37.0	1575	1533	1491	1446	1502	1487	1463	1481	1479	1442	1495	1491	1504	1478	1492	1485	1436	1440	1417	1406	1417	1435	1456	1508	1495	1525	1513	1533	1505	1481	1450	1501	1492	1535	1538	1479	1494	1494	1506	1427	1473	1442	1441	1456	1466	1492	1531	1521	1423	1349	1442	1435	1353	1430	1427	1393	1409	1462	1420	1481	1373	1391	1345	1332	1329	1316	1323	1326	1335	1345	1387	1494	1463	1443
5:22:26	37.0	1580	1516	1495	1461	1490	1449	1469	1487	1442	1485	1530	1511	1505	1477	1462	1475	1437	1464	1436	1444	1466	1460	1459	1485	1514	1515	1510	1511	1515	1501	1531	1544	1500	1553	1521	1454	1512	1499	1515	1465	1447	1476	1436	1427	1490	1498	1548	1524	1388	1346	1424	1423	1342	1436	1403	1401	1398	1461	1417	1481	1364	1375	1394	1334	1343	1324	1314	1326	1367	1370	1421	1509	1471	1451
5:26:26	37.0	1559	1529	1511	1483	1511	1474	1473	1506	1472	1487	1487	1529	1489	1458	1486	1518	1455	1441	1422	1384	1451	1451	1467	1516	1515	1518	1507	1557	1507	1495	1513	1488	1489	1568	1556	1520	1483	1506	1509	1460	1462	1448	1486	1483	1501	1520	1526	1491	1389	1329	1414	1430	1377	1401	1428	1412	1381	1455	1422	1473	1352	1379	1338	1317	1342	1320	1320	1334	1294	1357	1368	1472	1440	1425
5:30:26	37.0	1547	1534	1480	1473	1496	1461	1483	1476	1463	1479	1502	1494	1516	1480	1512	1521	1459	1451	1436	1419	1459	1458	1426	1502	1497	1537	1505	1524	1541	1492	1482	1476	1521	1536	1559	1470	1486	1502	1487	1447	1457	1470	1405	1502	1500	1505	1529	1487	1346	1335	1404	1387	1369	1427	1415	1405	1393	1461	1435	1487	1327	1396	1354	1320	1313	1316	1330	1336	1336	1386	1342	1497	1425	1395
5:34:26	37.0	1564	1503	1516	1469	1495	1458	1442	1444	1495	1456	1504	1523	1508	1472	1512	1492	1472	1454	1433	1407	1445	1483	1428	1480	1520	1520	1519	1514	1523	1482	1478	1516	1522	1558	1513	1490	1519	1469	1514	1470	1483	1485	1472	1449	1503	1504	1538	1455	1389	1360	1418	1409	1369	1438	1412	1402	1414	1443	1397	1464	1346	1353	1329	1323	1374	1326	1338	1304	1353	1345	1373	1496	1420	1434
5:38:26	37.0	1583	1527	1522	1462	1484	1417	1461	1451	1481	1506	1504	1513	1470	1468	1523	1508	1450	1446	1487	1410	1456	1473	1438	1474	1502	1557	1535	1505	1478	1503	1503	1483	1520	1542	1519	1494	1503	1535	1506	1470	1467	1491	1436	1503	1505	1505	1559	1486	1390	1342	1422	1415	1398	1399	1402	1379	1403	1409	1429	1486	1331	1347	1346	1337	1332	1332	1333	1305	1348	1351	1349	1493	1427	1441
5:42:26	37.0	1523	1547	1539	1466	1466	1467	1448	1464	1460	1459	1474	1460	1486	1463	1491	1476	1430	1431	1423	1405	1442	1483	1418	1495	1507	1524	1491	1489	1507	1489	1468	1465	1514	1538	1527	1464	1486	1506	1522	1418	1446	1471	1448	1494	1486	1528	1527	1480	1377	1345	1399	1357	1353	1379	1395	1349	1393	1421	1373	1494	1321	1339	1332	1306	1318	1322	1340	1318	1350	1336	1345	1475	1416	1441
5:46:26	37.0	1560	1520	1543	1475	1505	1457	1455	1463	1472	1451	1480	1482	1494	1479	1518	1532	1468	1437	1444	1405	1451	1476	1445	1476	1491	1531	1503	1527	1502	1506	1481	1487	1525	1558	1511	1456	1516	1491	1527	1456	1484	1515	1459	1507	1483	1525	1560	1467	1367	1332	1379	1389	1362	1374	1366	1361	1412	1449	1390	1450	1334	1369	1351	1343	1322	1306	1328	1339	1329	1351	1358	1481	1430	1395
5:50:26	37.0	1545	1539	1540	1466	1511	1412	1462	1442	1464	1453	1491	1507	1513	1454	1547	1512	1443	1459	1460	1436	1413	1441	1453	1472	1513	1544	1512	1532	1494	1507	1499	1524	1506	1539	1558	1495	1478	1504	1523	1469	1495	1516	1426	1457	1470	1535	1551	1457	1328	1336	1433	1382	1346	1379	1380	1368	1374	1403	1368	1474	1338	1331	1364	1360	1332	1340	1317	1334	1335	1347	1353	1467	1413	1415
5:54:26	37.0	1541	1539	1506	1506	1464	1465	1472	1459	1464	1416	1495	1514	1508	1469	1519	1502	1456	1435	1458	1428	1412	1461	1431	1473	1536	1516	1507	1503	1519	1445	1526	1532	1544	1552	1570	1461	1490	1516	1569	1481	1512	1517	1490	1498	1469	1525	1561	1482	1397	1323	1430	1385	1361	1377	1372	1383	1390	1405	1395	1480	1342	1368	1345	1322	1326	1315	1322	1301	1328	1332	1377	1459	1395	1405
5:58:26	37.0	1548	1540	1508	1524	1499	1431	1455	1445	1435	1446	1466	1467	1500	1456	1509	1486	1465	1406	1423	1443	1441	1430	1407	1461	1530	1535	1509	1499	1526	1515	1503	1499	1508	1545	1527	1477	1534	1472	1531	1466	1462	1500	1444	1484	1463	1501	1550	1456	1341	1341	1364	1364	1358	1349	1346	1345	1342	1411	1386	1464	1333	1328	1351	1293	1310	1319	1298	1310	1328	1325	1365	1432	1427	1405
6:02:26	37.0	1530	1575	1560	1513	1475	1427	1462	1448	1441	1402	1456	1509	1481	1470	1543	1500	1482	1405	1403	1405	1430	1447	1428	1507	1535	1512	1525	1526	1504	1487	1503	1539	1524	1527	1547	1480	1495	1531	1535	1457	1489	1519	1464	1525	1472	1531	1538	1460	1368	1347	1411	1360	1319	1353	1372	1395	1374	1366	1374	1418	1328	1339	1345	1292	1285	1317	1339	1331	1320	1327	1379	1492	1404	1419
6:06:26	37.0	1568	1559	1560	1509	1523	1444	1470	1452	1453	1457	1449	1479	1527	1469	1544	1475	1480	1417	1445	1415	1419	1424	1437	1481	1494	1520	1512	1530	1492	1477	1503	1483	1487	1514	1556	1473	1494	1520	1511	1457	1516	1513	1447	1506	1492	1499	1533	1453	1353	1333	1359	1340	1337	1367	1379	1359	1369	1393	1400	1438	1347	1334	1346	1333	1309	1310	1318	1299	1327	1349	1355	1468	1441	1416
6:10:26	37.0	1586	1586	1552	1515	1476	1424	1472	1446	1477	1437	1487	1497	1527	1514	1566	1526	1490	1421	1441	1406	1439	1438	1433	1492	1514	1505	1533	1511	1512	1499	1494	1493	1503	1556	1557	1468	1455	1513	1548	1465	1530	1510	1469	1562	1488	1561	1548	1486	1379	1340	1420	1382	1318	1380	1376	1324	1355	1373	1367	1467	1350	1320	1324	1327	1297	1341	1344	1305	1329	1338	1344	1471	1406	1382
6:14:26	37.0	1567	1593	1541	1529	1502	1458	1463	1437	1442	1402	1459	1477	1522	1503	1565	1532	1466	1416	1415	1425	1428	1467	1428	1447	1523	1528	1523	1526	1470	1485	1498	1465	1457	1538	1531	1468	1518	1515	1529	1463	1530	1551	1482	1496	1529	1518	1553	1453	1329	1335	1390	1325	1324	1341	1320	1347	1353	1392	1349	1466	1335	1370	1304	1320	1271	1334	1323	1320	1325	1340	1335	1488	1423	1384
6:18:26	37.0	1568	1569	1564	1540	1502	1448	1478	1449	1454	1436	1460	1501	1489	1492	1615	1565	1471	1432	1451	1404	1411	1434	1427	1490	1518	1509	1497	1523	1515	1524	1496	1477	1522	1536	1542	1451	1516	1490	1535	1443	1529	1507	1499	1529	1498	1521	1581	1468	1362	1312	1385	1335	1329	1370	1344	1346	1344	1403	1373	1460	1337	1360	1344	1324	1295	1275	1335	1287	1318	1337	1348	1483	1417	1399
6:22:26	37.0	1572	1586	1577	1496	1468	1452	1434	1419	1407	1432	1478	1521	1566	1537	1611	1548	1436	1420	1393	1376	1442	1436	1399	1433	1519	1507	1522	1506	1504	1486	1480	1503	1480	1544	1538	1465	1491	1519	1537	1456	1567	1527	1487	1513	1493	1532	1542	1498	1376	1343	1378	1346	1328	1370	1334	1350	1350	1382	1352	1444	1342	1338	1319	1316	1308	1303	1311	1332	1274	1364	1358	1469	1394	1406
6:26:26	37.0	1579	1584	1587	1501	1504	1457	1418	1445	1412	1445	1440	1483	1488	1478	1543	1520	1490	1453	1428	1393	1419	1426	1406	1452	1522	1511	1516	1503	1496	1492	1496	1496	1479	1526	1564	1443	1526	1492	1528	1461	1535	1516	1479	1546	1514	1515	1553	1477	1345	1331	1378	1325	1308	1352	1334	1317	1339	1346	1359	1456	1309	1324	1329	1340	1305	1319	1333	1275	1336	1327	1333	1478	1425	1368
6:30:26	37.0	1545	1576	1579	1512	1452	1485	1408	1431	1409	1402	1460	1499	1509	1532	1580	1512	1498	1454	1431	1395	1408	1428	1418	1469	1531	1502	1561	1512	1499	1511	1490	1478	1507	1544	1537	1432	1516	1510	1526	1474	1530	1548	1481	1534	1490	1513	1572	1461	1343	1311	1393	1340	1302	1349	1348	1330	1360	1377	1364	1437	1335	1359	1351	1306	1300	1305	1341	1315	1319	1347	1354	1476	1437	1418
6:34:26	37.0	1559	1626	1610	1492	1516	1418	1422	1432	1406	1418	1468	1468	1516	1485	1539	1549	1466	1428	1425	1381	1433	1449	1433	1511	1558	1553	1525	1485	1494	1485	1466	1526	1511	1516	1573	1428	1561	1510	1536	1533	1579	1520	1476	1566	1502	1547	1529	1484	1334	1339	1375	1317	1320	1313	1359	1336	1362	1361	1361	1432	1319	1378	1367	1322	1318	1304	1331	1296	1308	1338	1329	1503	1426	1396
6:38:26	37.0	1564	1600	1582	1516	1470	1465	1444	1457	1421	1418	1471	1510	1538	1554	1582	1493	1476	1407	1415	1418	1420	1422	1409	1473	1536	1566	1520	1538	1533	1496	1496	1505	1482	1547	1573	1472	1509	1534	1552	1446	1587	1572	1479	1513	1517	1513	1557	1466	1342	1301	1384	1313	1335	1348	1369	1336	1364	1371	1342	1463	1330	1354	1343	1329	1294	1309	1306	1314	1328	1331	1338	1501	1411	1395
6:42:26	37.0	1583	1638	1589	1515	1485	1446	1434	1448	1405	1413	1458	1490	1562	1522	1593	1527	1486	1427	1399	1348	1402	1421	1411	1468	1535	1546	1493	1548	1508	1525	1466	1508	1481	1525	1541	1468	1522	1510	1499	1481	1578	1545	1498	1524	1500	1564	1573	1460	1347	1323	1387	1343	1338	1349	1352	1321	1387	1361	1337	1434	1336	1332	1325	1322	1320	1310	1317	1304	1299	1327	1362	1482	1412	1409
6:46:26	37.0	1559	1601	1575	1560	1533	1437	1449	1441	1419	1464	1431	1506	1558	1506	1600	1530	1493	1391	1407	1363	1435	1427	1391	1452	1526	1589	1506	1502	1492	1523	1480	1506	1499	1568	1569	1488	1500	1534	1544	1491	1564	1566	1483	1521	1507	1534	1575	1496	1342	1299	1361	1348	1308	1353	1348	1329	1356	1354	1327	1430	1361	1328	1321	1330	1295	1285	1299	1290	1321	1340	1357	1446	1388	1381
6:50:26	37.0	1583	1606	1563	1549	1498	1467	1432	1429	1413	1423	1456	1527	1580	1548	1598	1542	1480	1440	1419	1428	1369	1409	1396	1493	1574	1580	1531	1511	1520	1532	1498	1512	1516	1555	1556	1486	1526	1525	1551	1499	1598	1607	1518	1565	1524	1535	1554	1480	1354	1316	1377	1354	1322	1356	1333	1318	1376	1359	1311	1455	1322	1372	1353	1350	1314	1297	1342	1298	1311	1320	1335	1494	1436	1371
6:54:26	37.0	1609	1617	1627	1506	1503	1446	1441	1389	1435	1434	1430	1523	1564	1531	1577	1497	1505	1395	1410	1410	1412	1401	1380	1474	1514	1582	1508	1523	1496	1502	1512	1477	1505	1551	1528	1457	1510	1517	1518	1490	1624	1556	1486	1540	1529	1498	1599	1445	1357	1328	1367	1351	1301	1328	1326	1308	1333	1380	1314	1430	1335	1339	1313	1324	1292	1303	1318	1312	1281	1334	1347	1486	1387	1387
6:58:26	37.0	1592	1643	1609	1529	1484	1437	1456	1430	1411	1440	1462	1500	1558	1520	1570	1560	1490	1442	1402	1374	1413	1438	1390	1467	1522	1558	1519	1534	1516	1532	1452	1497	1520	1572	1544	1457	1533	1530	1509	1522	1599	1602	1500	1541	1493	1511	1576	1501	1398	1332	1387	1346	1302	1343	1327	1288	1343	1373	1365	1460	1322	1329	1318	1316	1305	1294	1344	1322	1285	1345	1333	1440	1387	1369
7:02:26	37.0	1578	1635	1669	1536	1487	1476	1438	1439	1441	1437	1408	1528	1560	1542	1637	1549	1500	1418	1416	1393	1392	1456	1403	1493	1534	1572	1522	1545	1525	1520	1477	1482	1542	1548	1560	1494	1527	1495	1541	1509	1608	1584	1500	1593	1514	1518	1627	1479	1375	1354	1385	1356	1288	1345	1344	1304	1367	1356	1316	1445	1320	1331	1334	1327	1314	1292	1308	1301	1334	1352	1351	1483	1427	1417
7:06:26	37.0	1585	1627	1660	1523	1502	1422	1447	1428	1410	1422	1451	1479	1603	1506	1619	1536	1498	1441	1430	1409	1390	1414	1385	1508	1501	1545	1510	1551	1547	1492	1499	1510	1518	1512	1566	1487	1519	1506	1548	1484	1628	1617	1506	1590	1557	1567	1605	1495	1357	1336	1374	1339	1299	1323	1326	1328	1339	1353	1324	1440	1292	1346	1316	1301	1296	1285	1316	1307	1293	1346	1324	1463	1391	1385
7:10:26	37.0	1590	1673	1686	1543	1525	1414	1440	1425	1430	1421	1467	1528	1581	1550	1649	1542	1468	1409	1438	1408	1423	1397	1398	1510	1524	1494	1505	1554	1510	1501	1472	1501	1524	1519	1562	1450	1553	1530	1571	1510	1612	1605	1500	1611	1514	1545	1559	1487	1383	1313	1404	1325	1310	1353	1317	1330	1352	1389	1351	1454	1339	1350	1344	1303	1341	1311	1325	1322	1306	1325	1349	1470	1390	1387
7:14:26	37.0	1583	1670	1629	1551	1509	1420	1416	1432	1461	1384	1418	1501	1554	1540	1609	1561	1515	1454	1382	1414	1444	1446	1434	1492	1523	1520	1517	1521	1511	1503	1489	1481	1550	1558	1586	1450	1524	1530	1558	1478	1616	1596	1510	1581	1557	1554	1561	1470	1339	1314	1365	1312	1301	1312	1313	1305	1340	1378	1342	1459	1325	1337	1323	1306	1314	1319	1288	1314	1305	1323	1362	1495	1417	1428
7:18:26	37.0	1594	1642	1623	1543	1483	1467	1431	1418	1408	1411	1426	1494	1562	1544	1641	1579	1505	1450	1400	1384	1430	1418	1373	1464	1554	1557	1518	1553	1506	1515	1514	1500	1548	1537	1577	1414	1523	1510	1556	1491	1675	1628	1531	1619	1568	1578	1586	1458	1377	1326	1367	1319	1292	1319	1318	1303	1340	1361	1345	1437	1314	1333	1346	1344	1308	1302	1327	1302	1333	1334	1381	1490	1398	1389
7:22:26	37.0	1617	1645	1629	1544	1497	1464	1419	1442	1401	1402	1445	1477	1587	1588	1658	1560	1520	1475	1397	1397	1410	1415	1378	1460	1520	1508	1509	1523	1511	1520	1499	1530	1531	1553	1569	1453	1553	1521	1549	1549	1654	1629	1506	1624	1567	1567	1600	1475	1371	1351	1372	1294	1316	1318	1363	1320	1354	1369	1370	1445	1328	1354	1327	1320	1327	1298	1307	1330	1318	1350	1350	1484	1413	1382
7:26:26	37.0	1613	1671	1656	1562	1517	1449	1433	1423	1411	1372	1440	1482	1580	1593	1652	1592	1526	1443	1417	1406	1410	1428	1402	1495	1527	1525	1536	1542	1526	1521	1493	1487	1535	1569	1567	1452	1509	1486	1548	1548	1637	1633	1521	1659	1571	1540	1578	1441	1365	1326	1366	1324	1298	1327	1342	1285	1334	1355	1359	1438	1327	1339	1323	1334	1300	1293	1301	1333	1316	1359	1347	1441	1411	1364
7:30:26	37.0	1623	1663	1682	1548	1466	1476	1442	1421	1419	1455	1408	1499	1579	1538	1669	1544	1513	1437	1409	1383	1412	1408	1383	1480	1525	1569	1545	1522	1513	1507	1518	1519	1546	1571	1554	1460	1551	1535	1554	1524	1639	1635	1519	1635	1559	1582	1561	1460	1347	1318	1329	1302	1283	1304	1341	1293	1362	1361	1358	1439	1316	1336	1299	1288	1324	1288	1323	1304	1324	1356	1332	1439	1371	1370
7:34:26	37.0	1591	1697	1668	1552	1471	1441	1421	1437	1408	1384	1431	1525	1602	1572	1646	1548	1526	1450	1410	1336	1402	1402	1399	1466	1531	1531	1554	1531	1525	1492	1476	1498	1517	1585	1551	1448	1541	1541	1509	1478	1656	1659	1538	1642	1569	1548	1588	1439	1333	1316	1350	1316	1278	1295	1295	1299	1349	1367	1341	1458	1311	1308	1317	1331	1278	1316	1293	1307	1331	1325	1330	1448	1395	1370
7:38:26	37.0	1586	1671	1680	1524	1475	1462	1417	1420	1400	1406	1427	1477	1615	1539	1691	1525	1503	1415	1408	1372	1390	1410	1423	1433	1525	1538	1522	1552	1528	1518	1485	1515	1503	1562	1569	1476	1488	1513	1560	1525	1676	1674	1517	1638	1545	1568	1547	1443	1366	1318	1362	1302	1275	1298	1280	1262	1328	1361	1325	1418	1326	1325	1329	1332	1321	1324	1306	1313	1334	1355	1333	1441	1375	1361
7:42:26	37.0	1587	1707	1701	1559	1493	1435	1429	1424	1404	1413	1419	1456	1572	1591	1703	1550	1558	1458	1420	1366	1403	1443	1420	1481	1518	1537	1572	1511	1514	1521	1490	1523	1511	1548	1546	1466	1531	1550	1524	1528	1679	1654	1543	1646	1548	1577	1574	1466	1348	1336	1369	1340	1305	1322	1319	1286	1360	1361	1311	1449	1305	1331	1308	1306	1319	1298	1316	1277	1305	1329	1339	1459	1421	1360
7:46:26	37.0	1638	1694	1702	1554	1520	1441	1400	1434	1419	1413	1431	1492	1591	1565	1715	1559	1517	1445	1409	1387	1433	1429	1375	1469	1539	1522	1534	1513	1498	1487	1491	1510	1556	1574	1563	1474	1506	1541	1547	1561	1680	1679	1535	1634	1583	1607	1584	1495	1361	1343	1349	1339	1289	1314	1312	1290	1347	1337	1323	1449	1349	1341	1318	1354	1313	1317	1289	1305	1305	1329	1347	1460	1404	1358
7:50:26	37.0	1584	1703	1730	1550	1532	1446	1440	1386	1405	1443	1444	1498	1577	1583	1694	1584	1569	1461	1434	1358	1395	1422	1415	1502	1511	1521	1558	1541	1511	1540	1499	1528	1583	1601	1573	1473	1568	1544	1569	1553	1721	1691	1515	1655	1589	1596	1572	1449	1351	1276	1363	1304	1254	1309	1312	1285	1345	1324	1325	1451	1281	1325	1323	1324	1285	1321	1314	1301	1310	1348	1382	1452	1390	1386
7:54:26	37.0	1612	1690	1721	1562	1484	1431	1412	1420	1430	1442	1416	1470	1629	1581	1674	1590	1520	1429	1413	1381	1398	1422	1393	1502	1526	1528	1510	1528	1507	1535	1520	1533	1534	1585	1541	1456	1534	1537	1558	1536	1699	1710	1539	1656	1611	1581	1548	1429	1364	1313	1372	1295	1307	1300	1319	1301	1340	1328	1338	1444	1312	1325	1318	1333	1349	1323	1320	1296	1319	1334	1349	1458	1372	1357
7:58:26	37.0	1624	1762	1749	1582	1556	1478	1455	1439	1421	1398	1434	1505	1625	1609	1692	1614	1535	1428	1408	1394	1426	1447	1402	1488	1550	1540	1553	1556	1574	1549	1515	1554	1548	1601	1545	1478	1552	1542	1576	1524	1732	1696	1543	1673	1553	1570	1576	1466	1334	1321	1355	1303	1300	1307	1320	1315	1350	1324	1349	1446	1303	1315	1314	1330	1327	1290	1318	1322	1322	1328	1344	1484	1383	1382
8:02:26	37.0	1613	1765	1759	1579	1494	1478	1431	1410	1410	1426	1438	1515	1635	1610	1710	1603	1566	1459	1432	1390	1415	1420	1375	1478	1540	1542	1529	1541	1497	1505	1470	1523	1534	1594	1584	1489	1539	1556	1548	1528	1748	1727	1528	1701	1626	1581	1573	1469	1350	1313	1321	1304	1284	1311	1310	1300	1325	1361	1331	1439	1284	1337	1312	1346	1312	1288	1331	1320	1289	1327	1364	1486	1405	1381
8:06:26	37.0	1630	1765	1797	1582	1497	1455	1474	1450	1433	1434	1455	1524	1623	1602	1705	1608	1594	1471	1436	1399	1429	1418	1407	1484	1544	1567	1567	1519	1541	1534	1519	1565	1555	1611	1578	1448	1555	1541	1564	1534	1774	1755	1554	1699	1575	1603	1611	1471	1355	1344	1355	1297	1299	1288	1332	1299	1350	1368	1326	1444	1314	1356	1324	1338	1290	1307	1295	1361	1324	1347	1370	1476	1373	1390
8:10:26	37.0	1625	1783	1772	1561	1519	1455	1442	1412	1392	1429	1432	1471	1634	1590	1741	1621	1582	1486	1440	1398	1419	1445	1401	1486	1544	1534	1538	1559	1513	1541	1505	1533	1570	1552	1566	1476	1561	1523	1548	1579	1763	1744	1546	1656	1608	1624	1580	1474	1357	1309	1339	1294	1295	1311	1321	1278	1349	1329	1330	1436	1344	1375	1360	1318	1297	1325	1313	1321	1325	1348	1351	1470	1393	1363
8:14:26	37.0	1663	1814	1792	1586	1520	1486	1448	1448	1420	1406	1435	1478	1626	1617	1732	1614	1596	1482	1409	1360	1427	1418	1402	1474	1550	1554	1566	1525	1534	1545	1539	1523	1514	1580	1599	1469	1540	1536	1569	1553	1773	1761	1574	1718	1572	1620	1608	1463	1344	1346	1350	1305	1287	1329	1317	1304	1367	1354	1319	1453	1327	1333	1298	1340	1297	1313	1324	1333	1347	1335	1356	1497	1406	1408
8:18:26	37.0	1648	1808	1812	1608	1541	1460	1433	1418	1409	1415	1459	1491	1627	1613	1745	1614	1601	1463	1461	1393	1382	1435	1425	1451	1520	1538	1529	1536	1529	1515	1523	1507	1537	1596	1569	1462	1555	1524	1544	1557	1795	1779	1557	1710	1600	1615	1609	1480	1356	1316	1347	1313	1254	1304	1313	1274	1341	1363	1313	1428	1298	1318	1323	1345	1298	1314	1314	1319	1318	1317	1362	1509	1369	1348
8:22:26	37.0	1675	1813	1798	1611	1526	1482	1439	1428	1431	1425	1435	1503	1637	1611	1775	1587	1571	1455	1392	1365	1411	1444	1397	1424	1558	1586	1526	1581	1521	1530	1533	1546	1558	1586	1602	1474	1555	1565	1579	1581	1809	1773	1556	1699	1608	1596	1568	1447	1383	1275	1357	1334	1283	1301	1329	1292	1332	1364	1332	1461	1332	1360	1351	1325	1303	1283	1297	1318	1310	1353	1385	1440	1396	1404
8:26:26	37.0	1662	1811	1816	1586	1544	1492	1448	1426	1426	1407	1441	1524	1625	1638	1762	1648	1572	1474	1432	1395	1395	1413	1410	1457	1563	1552	1550	1554	1515	1557	1513	1556	1568	1588	1552	1452	1571	1554	1521	1566	1862	1793	1537	1754	1623	1630	1563	1453	1346	1282	1378	1313	1300	1315	1320	1294	1341	1366	1334	1435	1327	1327	1349	1357	1316	1296	1320	1308	1302	1318	1343	1489	1364	1367
8:30:26	37.0	1678	1845	1807	1602	1548	1492	1422	1436	1427	1417	1423	1504	1668	1637	1742	1599	1615	1486	1448	1368	1393	1405	1379	1460	1543	1524	1538	1561	1511	1526	1506	1528	1534	1599	1609	1464	1524	1550	1557	1551	1853	1829	1555	1751	1627	1610	1568	1472	1366	1340	1372	1335	1252	1288	1302	1287	1353	1353	1329	1451	1338	1351	1332	1334	1304	1331	1336	1311	1301	1333	1339	1491	1399	1356
8:34:26	37.0	1686	1839	1851	1630	1549	1506	1468	1464	1408	1420	1436	1510	1684	1648	1808	1676	1653	1481	1447	1408	1417	1438	1403	1492	1575	1547	1574	1532	1536	1550	1516	1541	1552	1627	1606	1493	1554	1558	1568	1541	1860	1867	1545	1792	1625	1589	1589	1453	1361	1331	1344	1289	1290	1322	1315	1322	1362	1385	1330	1470	1297	1352	1341	1337	1321	1328	1341	1342	1318	1320	1353	1475	1388	1385
8:38:26	37.0	1687	1848	1856	1636	1552	1480	1455	1414	1448	1426	1444	1471	1666	1663	1805	1687	1607	1476	1468	1413	1415	1435	1390	1470	1542	1535	1528	1576	1494	1542	1491	1520	1550	1601	1587	1487	1543	1562	1582	1560	1875	1884	1586	1821	1642	1600	1559	1466	1373	1334	1372	1333	1292	1297	1317	1308	1346	1362	1320	1459	1329	1316	1317	1315	1356	1318	1328	1328	1316	1348	1352	1507	1391	1380
8:42:26	37.0	1711	1857	1896	1630	1525	1489	1459	1476	1418	1443	1458	1504	1692	1687	1827	1610	1626	1501	1432	1390	1439	1437	1369	1489	1575	1579	1577	1523	1530	1549	1512	1534	1570	1597	1596	1481	1573	1553	1606	1596	1920	1896	1586	1797	1640	1595	1620	1479	1358	1319	1316	1320	1297	1328	1277	1268	1344	1338	1340	1446	1297	1356	1305	1342	1299	1346	1326	1292	1308	1359	1339	1470	1389	1385
8:46:26	37.0	1718	1866	1844	1634	1565	1517	1467	1462	1451	1451	1477	1525	1695	1662	1790	1683	1634	1481	1463	1410	1394	1418	1419	1511	1554	1570	1566	1552	1540	1534	1500	1522	1566	1646	1579	1444	1576	1564	1592	1567	1914	1902	1576	1829	1630	1654	1614	1473	1342	1330	1378	1336	1268	1315	1313	1303	1349	1345	1348	1469	1295	1338	1335	1348	1326	1333	1340	1322	1308	1346	1368	1506	1414	1366
8:50:26	37.0	1716	1895	1868	1646	1575	1516	1483	1440	1436	1437	1458	1496	1671	1709	1824	1640	1592	1497	1464	1392	1377	1446	1392	1495	1551	1590	1550	1595	1539	1529	1532	1554	1534	1631	1615	1464	1547	1551	1573	1578	1903	1969	1594	1846	1651	1605	1599	1463	1344	1335	1361	1303	1271	1288	1323	1265	1365	1329	1321	1438	1296	1338	1329	1356	1310	1335	1324	1307	1338	1320	1382	1456	1385	1368
8:54:26	37.0	1741	1923	1881	1625	1588	1501	1490	1430	1444	1444	1460	1531	1692	1710	1803	1677	1634	1492	1456	1389	1413	1445	1385	1483	1588	1568	1585	1553	1536	1568	1560	1552	1582	1618	1601	1480	1560	1578	1587	1550	1911	1952	1648	1829	1661	1624	1583	1491	1359	1330	1384	1319	1264	1320	1349	1295	1342	1352	1328	1438	1307	1317	1322	1338	1312	1314	1331	1317	1329	1335	1326	1453	1380	1379
8:58:26	37.0	1749	1921	1876	1673	1562	1495	1466	1440	1443	1424	1455	1511	1729	1721	1815	1687	1642	1517	1461	1421	1442	1456	1420	1447	1583	1587	1574	1597	1570	1542	1575	1556	1584	1613	1596	1475	1549	1569	1578	1585	1953	1964	1598	1919	1669	1627	1591	1469	1358	1332	1357	1316	1300	1306	1322	1268	1382	1357	1332	1462	1338	1335	1341	1347	1351	1320	1333	1334	1366	1324	1362	1469	1442	1361
9:02:26	37.0	1764	1880	1909	1631	1564	1497	1434	1414	1417	1430	1447	1519	1732	1734	1800	1642	1647	1500	1477	1396	1434	1436	1412	1485	1579	1607	1563	1534	1547	1560	1524	1568	1601	1631	1589	1489	1554	1570	1573	1589	1967	2000	1628	1909	1671	1673	1599	1475	1342	1300	1333	1345	1282	1299	1279	1251	1370	1337	1331	1478	1350	1316	1358	1328	1295	1302	1314	1329	1321	1327	1345	1470	1407	1380
9:06:26	37.0	1751	1977	1896	1696	1579	1514	1501	1453	1411	1446	1455	1490	1718	1731	1815	1658	1628	1488	1471	1433	1420	1435	1429	1467	1587	1554	1572	1559	1560	1536	1517	1565	1555	1659	1601	1469	1563	1556	1596	1581	1923	1984	1632	1899	1673	1646	1593	1472	1365	1317	1374	1291	1265	1306	1312	1325	1346	1383	1337	1430	1305	1335	1344	1332	1316	1303	1328	1273	1316	1315	1367	1466	1365	1381
9:10:26	37.0	1787	1909	1895	1687	1573	1491	1459	1443	1442	1428	1456	1522	1751	1708	1837	1691	1649	1526	1449	1414	1412	1432	1407	1505	1554	1621	1587	1582	1543	1519	1544	1562	1613	1640	1585	1498	1546	1562	1562	1629	1962	2021	1666	1968	1694	1665	1605	1490	1377	1316	1352	1324	1298	1299	1356	1292	1357	1355	1352	1471	1314	1357	1375	1342	1317	1318	1326	1290	1331	1335	1369	1476	1384	1354
9:14:26	37.0	1760	1941	1877	1690	1573	1482	1474	1440	1449	1428	1457	1519	1756	1784	1844	1665	1651	1506	1469	1421	1426	1403	1386	1486	1583	1596	1627	1540	1538	1552	1553	1518	1573	1601	1600	1460	1578	1566	1594	1604	1969	2023	1691	1938	1720	1637	1612	1475	1340	1334	1350	1295	1278	1282	1295	1261	1365	1312	1333	1452	1320	1308	1324	1362	1292	1305	1318	1331	1339	1322	1323	1495	1378	1348
9:18:26	37.0	1799	1913	1875	1688	1593	1509	1467	1449	1397	1440	1470	1512	1784	1775	1843	1677	1647	1497	1434	1428	1442	1405	1420	1490	1555	1582	1574	1547	1560	1569	1571	1600	1568	1639	1603	1469	1560	1550	1589	1626	1975	2054	1665	1937	1718	1650	1586	1475	1361	1294	1370	1301	1258	1343	1312	1325	1360	1331	1329	1434	1320	1333	1343	1352	1303	1313	1304	1302	1314	1358	1342	1507	1423	1339
9:22:26	37.0	1799	1971	1943	1684	1600	1513	1472	1469	1456	1424	1449	1492	1774	1783	1874	1678	1629	1517	1470	1447	1436	1475	1403	1483	1611	1612	1581	1618	1547	1586	1586	1564	1580	1653	1601	1492	1558	1577	1595	1597	1989	2101	1685	1960	1751	1659	1620	1468	1345	1337	1369	1305	1266	1342	1322	1289	1345	1369	1319	1486	1304	1347	1346	1356	1298	1315	1315	1293	1324	1347	1357	1476	1404	1357
9:26:26	37.0	1805	1963	1957	1695	1589	1517	1484	1467	1440	1431	1484	1510	1772	1749	1891	1710	1649	1510	1462	1453	1429	1436	1430	1503	1597	1589	1554	1579	1554	1541	1528	1600	1557	1640	1634	1491	1592	1564	1587	1630	1975	2049	1699	1967	1724	1658	1668	1474	1335	1338	1342	1309	1261	1294	1277	1309	1328	1391	1327	1465	1330	1322	1357	1355	1287	1343	1307	1313	1293	1361	1361	1488	1370	1388
9:30:26	37.0	1800	1947	1910	1684	1592	1509	1473	1468	1452	1447	1461	1492	1761	1758	1866	1719	1665	1528	1454	1418	1419	1407	1407	1449	1554	1599	1598	1591	1577	1570	1537	1584	1598	1636	1630	1466	1564	1566	1612	1636	1982	2059	1707	1988	1748	1675	1574	1480	1374	1340	1369	1278	1258	1291	1317	1296	1331	1370	1332	1432	1317	1324	1322	1358	1307	1342	1319	1328	1329	1328	1359	1463	1386	1351
9:34:26	37.0	1841	1990	1968	1700	1613	1536	1478	1435	1414	1450	1464	1540	1784	1767	1886	1729	1658	1519	1463	1428	1453	1461	1410	1441	1582	1579	1609	1619	1593	1582	1555	1584	1577	1655	1636	1499	1583	1588	1626	1621	1998	2086	1753	2005	1718	1683	1643	1476	1345	1324	1335	1338	1290	1286	1309	1277	1368	1356	1370	1451	1338	1331	1332	1352	1314	1338	1315	1321	1293	1341	1381	1469	1368	1327
9:38:26	37.0	1821	1962	1956	1701	1624	1551	1511	1486	1452	1439	1484	1519	1809	1764	1868	1716	1657	1526	1479	1429	1461	1449	1428	1486	1603	1602	1614	1574	1587	1605	1554	1586	1577	1658	1627	1495	1599	1598	1605	1629	2037	2130	1699	1991	1807	1659	1653	1495	1350	1309	1366	1310	1285	1305	1339	1295	1366	1348	1320	1455	1323	1360	1337	1359	1335	1336	1317	1325	1318	1353	1390	1497	1392	1359
9:42:26	37.0	1814	1972	1933	1675	1593	1514	1484	1472	1434	1467	1440	1485	1801	1789	1868	1673	1694	1529	1515	1428	1440	1444	1414	1496	1590	1606	1592	1588	1588	1568	1562	1588	1586	1634	1656	1487	1579	1589	1582	1590	2043	2080	1749	1977	1742	1697	1619	1490	1379	1312	1357	1319	1284	1320	1344	1294	1355	1353	1350	1487	1316	1342	1325	1328	1314	1312	1322	1310	1318	1367	1350	1483	1370	1376
9:46:26	37.0	1831	1998	1952	1709	1600	1546	1490	1460	1455	1411	1466	1534	1823	1786	1855	1689	1679	1529	1501	1420	1443	1476	1396	1461	1586	1618	1594	1602	1578	1567	1542	1618	1586	1650	1651	1477	1573	1570	1585	1644	2000	2114	1767	2055	1805	1740	1620	1469	1353	1312	1364	1336	1276	1331	1316	1305	1339	1363	1356	1486	1315	1328	1319	1348	1313	1298	1320	1320	1299	1334	1358	1475	1342	1354
9:50:26	37.0	1835	1994	1948	1714	1640	1535	1465	1484	1416	1450	1458	1543	1823	1824	1903	1685	1665	1531	1458	1424	1438	1422	1388	1483	1562	1589	1616	1601	1563	1555	1545	1578	1611	1687	1641	1457	1571	1584	1594	1627	1978	2129	1789	2055	1798	1697	1652	1493	1361	1312	1359	1314	1294	1300	1325	1289	1337	1371	1366	1477	1339	1334	1336	1359	1335	1311	1342	1313	1317	1355	1337	1451	1383	1362
9:54:26	37.0	1846	2006	1905	1735	1626	1533	1493	1480	1444	1440	1473	1516	1846	1817	1886	1716	1650	1522	1477	1458	1449	1450	1393	1475	1582	1613	1604	1606	1592	1541	1578	1590	1558	1648	1637	1481	1584	1596	1587	1653	2046	2126	1729	1976	1810	1719	1633	1461	1349	1359	1363	1312	1283	1344	1324	1305	1367	1339	1347	1442	1317	1326	1377	1346	1322	1324	1287	1328	1300	1332	1336	1467	1408	1352
9:58:26	37.0	1845	1981	1942	1723	1600	1536	1509	1462	1431	1470	1476	1516	1852	1814	1857	1699	1637	1539	1474	1438	1445	1463	1418	1539	1588	1638	1634	1630	1587	1612	1610	1616	1623	1690	1649	1491	1583	1582	1605	1658	2056	2147	1792	2056	1802	1726	1641	1455	1357	1360	1350	1327	1287	1318	1361	1322	1354	1391	1337	1444	1347	1348	1327	1380	1318	1318	1336	1353	1334	1362	1379	1475	1364	1343
10:02:26	37.0	1918	2007	1976	1726	1631	1546	1522	1475	1475	1476	1484	1542	1868	1802	1910	1708	1666	1529	1455	1435	1417	1426	1434	1458	1586	1634	1622	1621	1604	1605	1564	1606	1597	1670	1595	1500	1599	1621	1625	1660	2066	2141	1806	2037	1812	1725	1664	1457	1360	1357	1352	1337	1289	1328	1315	1312	1347	1358	1349	1465	1325	1359	1306	1359	1324	1344	1329	1327	1325	1342	1343	1489	1379	1353
10:06:26	37.0	1884	1997	1938	1740	1615	1538	1483	1465	1456	1438	1485	1510	1863	1782	1885	1684	1665	1535	1495	1462	1443	1431	1403	1470	1606	1573	1622	1634	1589	1613	1539	1621	1582	1682	1660	1500	1581	1605	1553	1661	2045	2139	1824	2069	1822	1753	1682	1472	1371	1325	1360	1312	1268	1304	1343	1312	1348	1394	1358	1465	1297	1363	1301	1374	1305	1288	1362	1315	1287	1338	1338	1486	1360	1373
10:10:26	37.0	1859	2001	1970	1697	1624	1562	1498	1478	1433	1431	1443	1510	1819	1797	1901	1695	1671	1533	1499	1448	1449	1438	1426	1493	1560	1598	1597	1629	1591	1620	1578	1610	1592	1688	1642	1475	1606	1592	1628	1661	2016	2155	1811	2038	1834	1753	1650	1494	1357	1347	1339	1318	1282	1305	1321	1320	1361	1362	1354	1463	1307	1325	1348	1355	1305	1298	1337	1338	1335	1332	1371	1491	1370	1359
10:14:26	37.0	1887	2025	1976	1697	1612	1537	1519	1449	1461	1432	1478	1504	1877	1820	1938	1728	1651	1547	1515	1446	1424	1461	1413	1494	1595	1582	1628	1635	1596	1626	1560	1611	1621	1687	1666	1475	1606	1622	1612	1676	2041	2152	1785	2058	1858	1764	1627	1453	1362	1331	1391	1319	1289	1348	1307	1300	1342	1398	1332	1479	1299	1327	1349	1349	1307	1318	1323	1314	1304	1340	1376	1490	1369	1363
10:18:26	37.0	1866	1980	1990	1720	1580	1560	1489	1483	1450	1447	1437	1541	1875	1835	1881	1734	1686	1555	1465	1425	1430	1464	1424	1487	1597	1633	1586	1625	1625	1604	1581	1634	1619	1702	1641	1500	1612	1597	1624	1687	2068	2147	1790	2096	1846	1770	1657	1480	1365	1308	1347	1294	1278	1326	1317	1295	1362	1362	1317	1447	1342	1345	1359	1371	1311	1347	1309	1347	1349	1353	1350	1479	1336	1375
10:22:26	37.0	1920	2019	1973	1715	1595	1542	1483	1500	1445	1476	1500	1534	1871	1833	1896	1715	1693	1562	1470	1439	1419	1452	1418	1498	1598	1650	1610	1647	1598	1631	1591	1599	1620	1681	1629	1442	1580	1588	1637	1702	2066	2169	1802	2094	1833	1792	1672	1480	1371	1330	1353	1270	1279	1311	1354	1324	1388	1364	1340	1454	1312	1330	1345	1369	1317	1314	1294	1316	1336	1353	1366	1477	1404	1359
10:26:26	37.0	1900	2023	1995	1729	1643	1508	1492	1462	1449	1452	1472	1509	1882	1859	1872	1725	1661	1530	1512	1431	1461	1455	1423	1500	1564	1634	1617	1636	1586	1612	1587	1602	1619	1729	1656	1473	1603	1592	1632	1686	2079	2176	1814	2091	1841	1783	1670	1478	1342	1325	1371	1318	1303	1316	1338	1299	1363	1375	1359	1479	1291	1350	1346	1375	1327	1327	1333	1324	1352	1339	1395	1500	1373	1343
10:30:26	37.0	1894	2042	1992	1736	1658	1525	1475	1478	1467	1461	1463	1514	1890	1838	1914	1717	1648	1537	1476	1410	1470	1473	1404	1528	1562	1615	1616	1608	1611	1603	1577	1637	1647	1702	1652	1491	1609	1601	1662	1702	2105	2184	1814	2071	1854	1770	1661	1477	1353	1355	1343	1274	1281	1326	1348	1311	1372	1376	1346	1480	1300	1327	1344	1367	1314	1308	1333	1326	1321	1352	1382	1523	1364	1347
10:34:26	37.0	1901	2036	1993	1731	1631	1577	1509	1510	1467	1505	1498	1494	1886	1859	1929	1706	1707	1566	1475	1454	1442	1427	1420	1498	1561	1632	1619	1648	1597	1599	1598	1628	1641	1715	1681	1464	1604	1612	1626	1688	2078	2159	1869	2099	1863	1788	1679	1494	1354	1344	1368	1310	1294	1341	1334	1319	1378	1369	1333	1438	1324	1379	1353	1383	1308	1332	1336	1339	1308	1346	1362	1491	1417	1337
10:38:26	37.0	1873	2041	2008	1736	1627	1529	1477	1510	1413	1462	1491	1526	1886	1894	1908	1749	1681	1544	1499	1424	1481	1451	1398	1465	1559	1644	1633	1669	1611	1624	1611	1646	1654	1715	1682	1449	1566	1616	1658	1742	2086	2202	1829	2096	1873	1809	1701	1463	1345	1348	1360	1330	1257	1311	1352	1303	1385	1389	1365	1476	1324	1349	1330	1355	1330	1302	1333	1339	1348	1353	1345	1522	1409	1323
10:42:26	37.0	1945	2044	1985	1750	1585	1575	1486	1469	1491	1462	1506	1503	1861	1854	1899	1697	1714	1534	1479	1444	1470	1449	1439	1470	1558	1606	1613	1634	1616	1615	1605	1628	1624	1738	1650	1472	1616	1631	1644	1753	2087	2213	1830	2095	1896	1804	1701	1506	1378	1340	1366	1309	1278	1310	1345	1323	1373	1369	1339	1446	1293	1325	1328	1371	1314	1289	1312	1309	1341	1349	1353	1462	1365	1355
10:46:26	37.0	1917	2019	1982	1723	1615	1544	1464	1484	1480	1455	1502	1527	1897	1837	1901	1733	1705	1549	1480	1409	1480	1445	1422	1499	1557	1630	1626	1650	1605	1615	1594	1634	1667	1758	1653	1516	1612	1610	1608	1712	2050	2229	1806	2117	1887	1813	1703	1446	1376	1359	1354	1312	1273	1320	1361	1313	1375	1383	1402	1425	1326	1342	1342	1372	1316	1295	1330	1298	1305	1347	1362	1473	1362	1366
10:50:26	37.0	1930	2024	1993	1748	1641	1565	1519	1492	1470	1470	1494	1484	1906	1861	1917	1709	1724	1523	1504	1470	1455	1456	1422	1484	1584	1659	1621	1625	1618	1633	1606	1644	1635	1776	1663	1496	1625	1637	1669	1741	2127	2218	1858	2114	1886	1811	1676	1487	1362	1334	1344	1310	1254	1318	1360	1321	1387	1384	1352	1509	1319	1331	1346	1386	1319	1334	1369	1333	1345	1349	1378	1483	1378	1345
10:54:26	37.0	1943	2021	2032	1747	1639	1536	1529	1482	1450	1449	1481	1509	1902	1837	1910	1707	1695	1525	1503	1448	1491	1426	1433	1493	1556	1638	1635	1655	1615	1599	1593	1607	1643	1755	1670	1491	1594	1581	1618	1757	2131	2229	1840	2127	1874	1804	1688	1470	1360	1350	1351	1329	1283	1314	1336	1322	1355	1374	1379	1473	1330	1329	1329	1347	1277	1300	1332	1329	1355	1339	1358	1464	1361	1344
10:58:26	37.0	1931	2042	2026	1772	1652	1602	1499	1480	1464	1433	1501	1523	1889	1846	1941	1730	1724	1502	1508	1462	1425	1469	1418	1484	1623	1639	1662	1632	1614	1614	1583	1627	1657	1787	1674	1467	1612	1625	1675	1749	2068	2268	1861	2125	1859	1806	1712	1451	1352	1341	1389	1308	1292	1334	1315	1326	1365	1376	1378	1436	1332	1362	1317	1371	1311	1344	1325	1317	1316	1348	1348	1450	1366	1360
11:02:26	37.0	1930	2037	2051	1731	1618	1556	1482	1466	1465	1468	1496	1532	1895	1814	1927	1752	1693	1530	1480	1445	1450	1469	1434	1500	1595	1631	1639	1638	1607	1616	1589	1630	1654	1769	1643	1493	1624	1609	1655	1755	2124	2266	1873	2111	1884	1800	1695	1485	1354	1340	1382	1334	1302	1312	1342	1352	1381	1373	1353	1467	1319	1357	1328	1357	1331	1316	1343	1335	1352	1368	1333	1462	1350	1363
11:06:26	37.0	1936	2045	2011	1758	1648	1550	1532	1492	1460	1482	1476	1555	1921	1868	1907	1724	1712	1581	1456	1485	1453	1461	1408	1532	1581	1672	1620	1627	1584	1639	1571	1625	1632	1744	1716	1500	1638	1635	1697	1741	2094	2278	1893	2107	1851	1872	1689	1487	1376	1330	1382	1344	1268	1300	1325	1327	1387	1385	1361	1443	1317	1362	1358	1374	1325	1338	1327	1329	1325	1343	1361	1514	1363	1347
11:10:26	37.0	1956	2046	2025	1736	1604	1555	1489	1472	1471	1425	1489	1522	1926	1872	1964	1759	1740	1544	1465	1425	1469	1469	1436	1490	1573	1647	1620	1666	1628	1603	1595	1642	1607	1812	1646	1503	1613	1650	1686	1770	2138	2264	1862	2134	1938	1838	1697	1479	1349	1349	1337	1327	1310	1316	1351	1314	1405	1365	1377	1440	1330	1330	1306	1392	1298	1322	1333	1306	1335	1304	1326	1478	1372	1330
11:14:26	37.0	1972	2068	2020	1733	1627	1563	1500	1501	1469	1451	1525	1544	1922	1867	1934	1745	1738	1531	1488	1461	1469	1510	1433	1509	1571	1622	1635	1647	1617	1614	1595	1662	1656	1771	1675	1473	1614	1635	1636	1776	2120	2287	1878	2150	1875	1846	1696	1523	1351	1368	1397	1323	1281	1317	1352	1348	1378	1367	1368	1447	1335	1346	1320	1351	1300	1283	1309	1322	1345	1352	1345	1499	1379	1371
11:18:26	37.0	1942	2080	2051	1721	1627	1599	1493	1498	1472	1466	1495	1519	1919	1841	1952	1743	1710	1536	1499	1432	1451	1474	1410	1485	1602	1642	1652	1651	1604	1632	1594	1646	1652	1796	1695	1478	1575	1652	1664	1755	2184	2298	1912	2148	1909	1903	1717	1493	1374	1340	1345	1320	1329	1356	1369	1323	1369	1413	1409	1452	1342	1352	1313	1379	1298	1335	1329	1299	1330	1348	1370	1480	1384	1322
11:22:26	37.0	1962	2111	2025	1726	1669	1579	1519	1469	1482	1499	1495	1512	1895	1880	1973	1784	1750	1550	1534	1436	1450	1471	1458	1492	1611	1668	1630	1654	1648	1637	1616	1663	1657	1755	1678	1523	1609	1640	1667	1776	2161	2311	1903	2142	1894	1840	1716	1496	1389	1366	1346	1367	1292	1314	1357	1302	1421	1381	1380	1485	1346	1345	1314	1391	1337	1348	1324	1294	1361	1388	1374	1493	1405	1356
11:26:26	37.0	1944	2052	2059	1777	1680	1581	1488	1468	1457	1457	1523	1495	1893	1871	1944	1733	1710	1544	1472	1455	1456	1454	1443	1504	1603	1623	1633	1640	1614	1638	1611	1635	1635	1794	1659	1496	1614	1625	1694	1776	2154	2314	1838	2170	1930	1853	1685	1494	1317	1368	1360	1311	1285	1331	1338	1331	1382	1383	1410	1471	1316	1330	1335	1367	1305	1311	1348	1280	1339	1362	1381	1499	1356	1342
11:30:26	37.0	1979	2105	2061	1744	1638	1552	1489	1501	1439	1463	1496	1507	1939	1819	1919	1763	1730	1542	1485	1441	1437	1484	1447	1495	1609	1642	1628	1621	1617	1612	1602	1630	1633	1785	1662	1460	1622	1633	1711	1795	2189	2315	1894	2189	1889	1853	1683	1505	1365	1340	1352	1317	1288	1345	1335	1331	1425	1389	1366	1487	1350	1320	1351	1399	1305	1310	1330	1306	1314	1336	1357	1485	1408	1342
11:34:26	37.0	1974	2096	2020	1732	1654	1566	1494	1479	1450	1465	1486	1519	1903	1848	1925	1741	1729	1564	1514	1442	1469	1433	1438	1466	1556	1627	1671	1663	1625	1615	1609	1657	1653	1762	1668	1503	1591	1632	1681	1764	2201	2304	1909	2207	1949	1843	1709	1474	1349	1365	1343	1315	1306	1351	1337	1298	1391	1394	1411	1472	1314	1358	1327	1369	1320	1334	1320	1338	1288	1324	1369	1500	1374	1346
11:38:26	37.0	1987	2070	2081	1773	1646	1573	1507	1482	1470	1459	1512	1489	1967	1879	1962	1733	1721	1583	1509	1465	1430	1462	1462	1492	1588	1617	1624	1683	1629	1639	1616	1674	1675	1784	1674	1475	1589	1646	1690	1760	2178	2354	1910	2194	1942	1888	1715	1498	1381	1315	1353	1345	1288	1351	1339	1323	1397	1394	1387	1489	1312	1367	1337	1363	1320	1310	1338	1333	1343	1355	1381	1498	1369	1343
11:42:26	37.0	1979	2129	2089	1783	1653	1597	1546	1506	1485	1463	1494	1563	1952	1895	1948	1731	1733	1559	1516	1464	1469	1466	1462	1526	1605	1656	1627	1650	1638	1639	1625	1681	1654	1835	1688	1510	1644	1624	1713	1805	2188	2323	1916	2229	1974	1865	1693	1493	1357	1361	1388	1362	1299	1353	1349	1343	1396	1417	1355	1494	1309	1333	1352	1394	1288	1315	1336	1332	1329	1343	1369	1503	1388	1315
11:46:26	37.0	1983	2076	2033	1793	1627	1562	1511	1488	1458	1471	1483	1521	1927	1886	1912	1727	1736	1574	1501	1472	1476	1437	1464	1510	1602	1640	1662	1647	1647	1637	1641	1689	1645	1837	1681	1486	1638	1633	1702	1758	2189	2359	1928	2191	1939	1916	1725	1483	1345	1355	1360	1333	1292	1333	1350	1360	1361	1399	1386	1467	1305	1347	1342	1357	1334	1308	1309	1337	1329	1345	1408	1482	1386	1347
11:50:26	37.0	2008	2111	2071	1730	1621	1581	1514	1515	1498	1483	1499	1543	1943	1868	1983	1767	1719	1557	1484	1471	1474	1473	1440	1513	1588	1655	1661	1668	1627	1589	1594	1703	1613	1809	1705	1499	1628	1640	1683	1811	2201	2347	1913	2184	1971	1862	1697	1497	1356	1352	1343	1328	1299	1350	1360	1310	1390	1408	1393	1462	1331	1327	1341	1388	1309	1305	1341	1337	1332	1385	1363	1451	1376	1351
11:54:26	37.0	1992	2115	2067	1740	1632	1593	1522	1497	1493	1459	1525	1527	1938	1874	1973	1757	1719	1559	1491	1460	1456	1462	1421	1535	1589	1613	1635	1640	1624	1675	1635	1682	1674	1803	1654	1480	1628	1640	1682	1780	2209	2335	1907	2184	1956	1889	1681	1473	1387	1325	1382	1342	1287	1337	1357	1339	1427	1391	1387	1428	1288	1344	1345	1402	1308	1324	1341	1328	1338	1362	1366	1491	1376	1350
11:58:26	37.0	1964	2128	2125	1805	1676	1603	1524	1521	1475	1479	1524	1568	1969	1863	1994	1746	1781	1580	1517	1478	1475	1476	1488	1499	1604	1645	1667	1646	1657	1613	1623	1712	1659	1819	1667	1473	1606	1639	1700	1826	2205	2369	1915	2215	1974	1894	1743	1494	1371	1349	1380	1337	1301	1339	1368	1358	1406	1414	1397	1473	1339	1324	1338	1398	1335	1316	1352	1347	1367	1361	1354	1482	1359	1363
12:02:26	37.0	2004	2139	2102	1787	1646	1565	1515	1498	1484	1478	1509	1536	1913	1843	1962	1754	1776	1562	1532	1431	1444	1464	1433	1509	1618	1634	1629	1666	1625	1628	1640	1686	1652	1841	1674	1489	1609	1636	1714	1811	2215	2358	1950	2208	1967	1924	1710	1485	1381	1334	1364	1322	1300	1341	1361	1337	1413	1428	1364	1468	1328	1308	1370	1370	1328	1315	1312	1371	1335	1368	1414	1504	1391	1357
12:06:26	37.0	1993	2108	2105	1748	1663	1524	1518	1501	1472	1485	1504	1526	1905	1877	1950	1767	1743	1555	1530	1460	1456	1477	1455	1467	1573	1613	1643	1635	1640	1628	1625	1694	1667	1801	1662	1460	1596	1629	1698	1832	2234	2386	1972	2213	2016	1909	1715	1483	1348	1350	1390	1301	1298	1327	1372	1331	1393	1405	1414	1472	1325	1343	1338	1388	1351	1329	1340	1339	1313	1378	1364	1508	1363	1302
12:10:26	37.0	2022	2141	2069	1802	1650	1580	1518	1520	1510	1499	1505	1563	1938	1924	1976	1725	1735	1594	1516	1458	1442	1473	1440	1512	1584	1638	1670	1645	1640	1681	1625	1675	1666	1891	1685	1496	1638	1673	1718	1810	2184	2394	1972	2252	1966	1889	1693	1471	1353	1361	1359	1295	1295	1344	1367	1383	1382	1408	1384	1490	1317	1339	1337	1383	1344	1340	1337	1338	1334	1377	1352	1467	1376	1342
12:14:26	37.0	2013	2138	2136	1793	1672	1564	1562	1525	1506	1489	1523	1518	1932	1880	1987	1765	1779	1558	1488	1468	1472	1487	1447	1497	1619	1635	1650	1648	1633	1652	1631	1687	1693	1846	1685	1466	1604	1650	1748	1809	2195	2419	1934	2274	2035	1961	1689	1488	1382	1320	1372	1326	1292	1345	1361	1361	1404	1415	1408	1473	1316	1350	1339	1388	1362	1327	1329	1317	1331	1353	1370	1499	1386	1346
12:18:26	37.0	2028	2162	2115	1790	1654	1615	1509	1530	1500	1500	1506	1547	1952	1884	1999	1738	1782	1570	1522	1422	1452	1478	1438	1494	1600	1652	1666	1655	1622	1660	1637	1730	1686	1818	1688	1480	1589	1669	1675	1857	2186	2430	1970	2295	2018	1917	1706	1497	1371	1348	1386	1332	1297	1370	1343	1354	1426	1386	1392	1488	1318	1361	1347	1367	1331	1300	1354	1315	1339	1364	1360	1483	1380	1336
12:22:26	37.0	2023	2110	2110	1773	1632	1583	1545	1517	1490	1462	1474	1508	1941	1888	1972	1741	1771	1605	1519	1483	1484	1487	1446	1486	1634	1639	1664	1636	1617	1648	1608	1712	1665	1849	1695	1475	1639	1656	1730	1810	2272	2454	1968	2272	2010	1897	1703	1488	1378	1376	1347	1333	1286	1367	1361	1326	1401	1429	1410	1467	1344	1333	1304	1417	1328	1325	1310	1345	1317	1369	1376	1505	1339	1345
12:26:26	37.0	2017	2165	2124	1779	1647	1593	1536	1531	1474	1470	1512	1517	1958	1880	2002	1804	1759	1579	1566	1479	1482	1479	1485	1504	1652	1651	1641	1682	1670	1660	1628	1697	1668	1872	1664	1513	1583	1640	1703	1831	2238	2426	1983	2292	1981	1926	1727	1500	1378	1379	1356	1343	1303	1328	1336	1378	1418	1411	1392	1455	1348	1350	1352	1423	1321	1303	1347	1331	1338	1371	1380	1520	1381	1347
12:30:26	37.0	2004	2168	2115	1803	1674	1569	1539	1510	1505	1470	1513	1589	1929	1873	1999	1785	1756	1551	1534	1446	1489	1465	1448	1526	1613	1674	1623	1668	1623	1636	1603	1730	1716	1857	1718	1510	1644	1643	1749	1859	2264	2450	1960	2312	2018	1921	1730	1482	1390	1362	1385	1324	1295	1314	1372	1362	1436	1387	1395	1502	1359	1356	1311	1416	1309	1334	1352	1312	1347	1336	1379	1487	1369	1330
12:34:26	37.0	2020	2178	2115	1759	1656	1581	1524	1493	1474	1489	1486	1557	1962	1880	1996	1786	1768	1556	1522	1475	1494	1506	1474	1496	1595	1643	1675	1660	1638	1663	1613	1719	1695	1855	1705	1475	1611	1644	1708	1826	2260	2461	1981	2292	2015	1911	1709	1508	1359	1368	1333	1340	1305	1318	1367	1374	1415	1438	1386	1473	1355	1355	1324	1419	1324	1325	1328	1339	1361	1350	1380	1514	1340	1321
12:38:26	37.0	1987	2186	2132	1787	1654	1618	1530	1554	1473	1479	1496	1539	1976	1923	1997	1750	1790	1582	1513	1477	1493	1461	1454	1478	1643	1646	1675	1655	1672	1659	1638	1756	1657	1874	1730	1498	1643	1669	1715	1830	2295	2463	2015	2283	2034	1969	1709	1495	1365	1367	1360	1341	1299	1325	1360	1386	1425	1391	1397	1490	1342	1319	1352	1412	1347	1335	1333	1342	1342	1355	1371	1462	1342	1352
12:42:26	37.0	2026	2189	2166	1775	1647	1595	1540	1554	1498	1471	1503	1529	1957	1834	2025	1790	1805	1524	1519	1479	1457	1483	1475	1487	1618	1653	1686	1684	1625	1677	1614	1746	1709	1887	1707	1509	1603	1643	1748	1801	2296	2485	2020	2286	2017	1959	1721	1504	1374	1376	1398	1344	1326	1332	1372	1385	1394	1385	1389	1481	1313	1349	1341	1405	1313	1332	1339	1378	1337	1405	1369	1471	1372	1320
12:46:26	37.0	2041	2209	2147	1806	1694	1561	1542	1522	1470	1465	1488	1526	2025	1900	2046	1795	1780	1576	1579	1485	1465	1486	1451	1522	1607	1658	1666	1709	1640	1680	1643	1751	1708	1887	1711	1488	1617	1648	1788	1890	2304	2505	2021	2283	2036	1959	1732	1487	1351	1364	1367	1354	1292	1371	1385	1377	1398	1424	1369	1464	1294	1351	1330	1389	1335	1334	1347	1341	1352	1346	1376	1496	1383	1330
12:50:26	37.0	2010	2180	2107	1798	1674	1624	1565	1513	1524	1508	1541	1507	1984	1882	1992	1811	1798	1588	1547	1464	1463	1508	1480	1512	1605	1652	1675	1686	1656	1629	1633	1760	1696	1880	1699	1484	1620	1644	1780	1857	2285	2513	2016	2315	2072	1981	1721	1483	1385	1350	1361	1350	1301	1338	1384	1385	1442	1421	1418	1467	1336	1360	1346	1445	1339	1317	1346	1311	1359	1393	1394	1499	1375	1371
12:54:26	37.0	2031	2172	2145	1796	1675	1629	1546	1522	1487	1523	1508	1530	1963	1911	2017	1796	1822	1577	1529	1500	1471	1492	1495	1491	1612	1658	1682	1688	1674	1679	1621	1776	1705	1869	1700	1511	1664	1658	1760	1871	2316	2501	2003	2326	2055	1951	1752	1526	1357	1381	1372	1327	1300	1339	1380	1362	1433	1439	1380	1503	1304	1335	1362	1399	1314	1321	1329	1339	1357	1386	1386	1484	1376	1329
12:58:26	37.0	2056	2139	2167	1832	1681	1602	1541	1524	1526	1513	1521	1534	1992	1916	1999	1773	1800	1597	1528	1445	1472	1498	1454	1490	1619	1658	1716	1670	1647	1695	1636	1749	1700	1889	1717	1490	1625	1677	1793	1911	2297	2476	2025	2329	2055	1982	1749	1491	1383	1358	1378	1337	1310	1343	1388	1381	1428	1406	1397	1467	1343	1358	1358	1407	1325	1360	1320	1357	1352	1350	1361	1490	1395	1328
13:02:26	37.0	2040	2199	2138	1806	1686	1625	1578	1544	1472	1486	1534	1541	1986	1886	2002	1818	1801	1609	1553	1469	1501	1517	1455	1491	1640	1684	1685	1700	1680	1687	1653	1750	1724	1929	1686	1504	1637	1676	1770	1887	2351	2570	2072	2350	2051	1990	1755	1514	1371	1353	1367	1332	1288	1369	1382	1375	1426	1413	1416	1466	1361	1363	1345	1441	1363	1345	1353	1362	1378	1377	1408	1472	1373	1334
13:06:26	37.0	2067	2175	2159	1780	1677	1615	1548	1552	1514	1484	1503	1553	1982	1936	2002	1797	1827	1574	1534	1464	1513	1495	1498	1468	1671	1673	1690	1700	1672	1686	1664	1782	1713	1933	1726	1505	1648	1668	1765	1913	2330	2527	2065	2338	2097	1986	1751	1492	1415	1363	1400	1344	1329	1324	1369	1373	1432	1403	1387	1482	1317	1352	1320	1400	1353	1329	1331	1349	1355	1366	1365	1476	1367	1338
13:10:26	37.0	2054	2212	2184	1820	1676	1611	1551	1554	1518	1492	1522	1519	2042	1934	2035	1764	1799	1587	1536	1505	1503	1466	1460	1483	1609	1708	1688	1726	1677	1693	1658	1774	1699	1863	1714	1486	1651	1660	1784	1902	2370	2571	2040	2286	2050	1979	1741	1480	1339	1386	1386	1351	1318	1343	1380	1388	1397	1448	1374	1487	1320	1349	1344	1414	1323	1307	1369	1318	1341	1361	1366	1496	1358	1339
13:14:26	37.0	2099	2246	2201	1847	1709	1613	1560	1536	1472	1490	1544	1566	1994	1944	2024	1780	1801	1583	1547	1488	1446	1481	1505	1513	1630	1684	1693	1709	1670	1694	1682	1799	1755	1921	1700	1496	1670	1679	1799	1927	2375	2547	2043	2385	2089	1996	1767	1555	1356	1400	1380	1349	1309	1354	1346	1366	1409	1411	1425	1436	1322	1332	1325	1399	1370	1328	1345	1317	1370	1357	1377	1465	1395	1332
13:18:26	37.0	2095	2197	2222	1811	1659	1614	1545	1530	1505	1487	1507	1544	2025	1953	2052	1811	1795	1573	1569	1479	1499	1506	1491	1477	1676	1688	1740	1718	1688	1695	1681	1784	1732	1926	1723	1448	1643	1655	1798	1873	2361	2577	2056	2360	2082	1994	1797	1492	1395	1366	1357	1339	1312	1365	1419	1357	1460	1444	1404	1485	1348	1367	1336	1424	1351	1332	1333	1383	1368	1361	1371	1492	1352	1331
13:22:26	37.0	2120	2250	2178	1820	1695	1621	1534	1525	1494	1503	1525	1567	2035	1943	2028	1821	1810	1611	1539	1500	1485	1527	1474	1534	1646	1726	1707	1781	1720	1696	1710	1811	1746	1932	1715	1497	1655	1686	1779	1902	2392	2574	2087	2342	2109	2001	1783	1496	1399	1389	1364	1340	1310	1368	1377	1394	1395	1452	1412	1472	1352	1352	1345	1430	1344	1345	1340	1387	1358	1387	1435	1509	1340	1296
13:26:26	37.0	2090	2208	2183	1800	1675	1611	1557	1555	1515	1485	1524	1535	2052	1949	2032	1819	1833	1610	1588	1471	1478	1518	1484	1484	1646	1698	1739	1719	1710	1699	1698	1785	1763	1881	1725	1507	1632	1705	1785	1893	2391	2568	2073	2366	2106	2032	1764	1485	1416	1392	1347	1361	1304	1342	1365	1374	1418	1444	1419	1490	1347	1384	1349	1426	1339	1312	1340	1335	1366	1376	1397	1487	1394	1325
13:30:26	37.0	2083	2256	2189	1860	1666	1622	1571	1592	1495	1516	1560	1530	2020	1924	2006	1823	1823	1608	1556	1483	1507	1502	1471	1497	1674	1711	1689	1728	1712	1700	1664	1814	1767	1926	1737	1516	1642	1661	1805	1928	2407	2619	2104	2350	2088	2023	1774	1495	1386	1375	1373	1341	1301	1367	1430	1396	1457	1445	1416	1476	1341	1353	1317	1417	1328	1335	1330	1327	1386	1369	1408	1493	1374	1309
13:34:26	37.0	2091	2210	2164	1842	1712	1628	1566	1543	1530	1493	1549	1555	2024	1981	2042	1841	1829	1636	1568	1513	1493	1508	1472	1509	1667	1703	1746	1741	1743	1740	1692	1803	1762	1912	1732	1465	1659	1697	1820	1959	2402	2624	2086	2421	2153	2075	1747	1489	1375	1383	1391	1338	1285	1365	1415	1397	1443	1449	1416	1478	1376	1351	1371	1421	1310	1300	1337	1328	1360	1364	1377	1509	1359	1316
13:38:26	37.0	2082	2237	2211	1832	1690	1635	1521	1579	1527	1509	1527	1561	2031	1951	2083	1824	1837	1580	1544	1500	1500	1541	1482	1492	1648	1731	1732	1734	1723	1711	1676	1794	1746	1945	1761	1506	1657	1698	1795	1905	2345	2614	2095	2396	2137	2063	1777	1531	1419	1395	1370	1317	1307	1347	1381	1384	1429	1435	1418	1483	1317	1338	1364	1420	1311	1344	1348	1381	1372	1378	1389	1512	1384	1349
13:42:26	37.0	2106	2274	2235	1841	1716	1635	1548	1537	1533	1507	1533	1592	2026	1916	2071	1813	1877	1634	1563	1498	1467	1503	1526	1482	1684	1708	1737	1815	1712	1734	1676	1816	1768	1952	1751	1486	1672	1652	1818	1942	2370	2637	2111	2438	2141	2049	1784	1496	1400	1383	1402	1320	1319	1369	1426	1438	1446	1441	1406	1467	1365	1352	1342	1421	1325	1353	1334	1368	1353	1363	1392	1510	1375	1359
13:46:26	37.0	2109	2242	2260	1859	1733	1629	1570	1544	1544	1512	1551	1557	2043	1928	2061	1793	1867	1631	1573	1531	1507	1520	1520	1506	1676	1721	1784	1732	1735	1727	1708	1799	1770	1973	1759	1505	1674	1714	1826	1933	2409	2635	2116	2379	2150	2054	1779	1500	1389	1397	1388	1328	1297	1339	1425	1411	1473	1453	1398	1465	1362	1370	1344	1444	1343	1353	1370	1369	1378	1370	1388	1506	1371	1351
13:50:26	37.0	2120	2290	2224	1874	1703	1653	1550	1521	1532	1493	1536	1565	2060	1976	2022	1815	1849	1605	1591	1527	1506	1517	1479	1503	1676	1711	1751	1745	1706	1768	1706	1860	1763	1944	1733	1502	1691	1720	1838	1955	2408	2650	2158	2409	2140	2084	1802	1518	1399	1414	1365	1333	1319	1374	1433	1425	1445	1461	1449	1470	1354	1334	1351	1435	1341	1350	1371	1370	1393	1396	1412	1495	1382	1340
13:54:26	37.0	2134	2274	2247	1845	1683	1648	1602	1566	1563	1532	1538	1590	2084	1981	2044	1830	1891	1582	1597	1490	1527	1510	1480	1463	1683	1748	1735	1757	1740	1725	1731	1837	1779	1980	1760	1528	1666	1713	1830	1990	2452	2623	2149	2414	2187	2047	1835	1507	1398	1396	1416	1356	1333	1347	1407	1443	1471	1477	1432	1509	1332	1360	1352	1421	1343	1334	1331	1399	1365	1349	1404	1528	1369	1367
13:58:26	37.0	2133	2259	2207	1873	1735	1655	1575	1572	1501	1526	1522	1550	2061	1987	2053	1828	1833	1637	1556	1513	1490	1497	1492	1488	1689	1726	1745	1768	1741	1736	1717	1836	1811	2007	1722	1522	1694	1723	1859	1965	2427	2658	2150	2437	2161	2109	1772	1492	1392	1433	1431	1328	1318	1359	1411	1391	1460	1481	1429	1461	1343	1371	1368	1401	1325	1327	1373	1385	1374	1370	1429	1484	1384	1344
14:02:26	37.0	2167	2254	2251	1857	1709	1620	1592	1583	1502	1516	1547	1590	2073	2005	2057	1832	1892	1649	1590	1503	1505	1497	1510	1500	1672	1709	1737	1789	1750	1746	1726	1848	1861	1979	1756	1491	1695	1732	1857	1995	2430	2657	2136	2457	2170	2088	1824	1473	1393	1394	1365	1342	1316	1355	1411	1401	1419	1433	1432	1478	1360	1370	1371	1404	1324	1344	1337	1371	1355	1375	1391	1515	1364	1334
14:06:26	37.0	2100	2295	2271	1834	1699	1646	1569	1559	1559	1524	1551	1562	2079	2009	2077	1851	1874	1629	1585	1537	1527	1509	1512	1496	1656	1760	1758	1775	1758	1762	1671	1862	1797	1962	1750	1504	1658	1761	1851	1968	2463	2675	2174	2422	2193	2122	1810	1508	1370	1398	1370	1349	1305	1368	1401	1429	1461	1488	1425	1503	1341	1348	1370	1422	1349	1361	1314	1362	1349	1394	1377	1493	1393	1342
14:10:26	37.0	2145	2262	2258	1880	1707	1660	1585	1544	1512	1513	1562	1561	2128	1988	2100	1865	1857	1628	1574	1514	1532	1533	1492	1527	1663	1741	1780	1802	1736	1771	1707	1873	1840	1968	1745	1514	1690	1726	1887	1984	2470	2682	2175	2446	2204	2132	1841	1474	1389	1424	1390	1351	1323	1351	1429	1433	1452	1440	1429	1488	1371	1374	1358	1459	1342	1354	1361	1369	1386	1386	1413	1536	1333	1336
14:14:26	37.0	2130	2267	2228	1844	1725	1679	1574	1561	1513	1529	1552	1580	2077	2033	2073	1884	1901	1637	1585	1513	1507	1544	1491	1523	1687	1724	1784	1796	1755	1777	1728	1875	1795	1984	1788	1522	1654	1743	1862	2005	2452	2710	2206	2422	2249	2074	1841	1483	1384	1375	1367	1320	1336	1376	1416	1424	1458	1446	1445	1473	1385	1364	1363	1414	1371	1351	1362	1334	1376	1379	1363	1508	1329	1331
14:18:26	37.0	2179	2304	2278	1863	1725	1633	1577	1561	1520	1527	1527	1569	2084	2004	2094	1823	1882	1635	1574	1520	1510	1491	1529	1508	1682	1745	1763	1781	1779	1769	1720	1875	1829	2021	1803	1511	1726	1778	1889	2022	2442	2705	2145	2468	2222	2128	1848	1532	1374	1394	1401	1345	1318	1378	1416	1445	1430	1447	1431	1516	1327	1403	1365	1411	1355	1361	1370	1357	1364	1381	1388	1517	1369	1318
14:22:26	37.0	2165	2283	2282	1865	1724	1671	1584	1557	1534	1532	1582	1581	2088	1977	2091	1865	1851	1643	1600	1560	1488	1539	1493	1504	1681	1744	1772	1778	1776	1789	1751	1871	1786	1999	1838	1507	1686	1748	1883	1993	2459	2731	2200	2492	2250	2156	1836	1537	1430	1381	1394	1353	1327	1360	1402	1445	1448	1449	1433	1487	1349	1362	1346	1425	1348	1343	1357	1357	1358	1390	1387	1534	1368	1339
14:26:26	37.0	2152	2266	2291	1875	1754	1667	1594	1581	1570	1557	1538	1570	2100	2007	2099	1857	1854	1635	1562	1544	1506	1510	1499	1485	1703	1753	1802	1787	1770	1810	1755	1881	1846	2022	1776	1531	1694	1784	1884	2005	2474	2761	2244	2485	2250	2142	1835	1467	1383	1387	1389	1352	1328	1371	1471	1438	1467	1476	1444	1520	1323	1366	1357	1451	1307	1363	1351	1369	1406	1379	1417	1516	1368	1294
14:30:26	37.0	2171	2281	2317	1889	1745	1690	1585	1587	1563	1538	1573	1567	2093	1998	2056	1860	1887	1642	1589	1541	1515	1558	1503	1479	1710	1748	1796	1810	1778	1821	1764	1915	1854	2031	1788	1513	1695	1776	1925	2018	2473	2718	2194	2542	2234	2161	1876	1517	1391	1384	1415	1354	1301	1386	1435	1430	1474	1446	1469	1482	1347	1342	1388	1430	1339	1346	1343	1365	1351	1392	1408	1526	1346	1321
14:34:26	37.0	2169	2272	2277	1894	1719	1659	1596	1584	1520	1502	1589	1581	2119	2014	2075	1850	1920	1664	1621	1525	1529	1529	1494	1528	1708	1771	1813	1801	1789	1841	1792	1884	1841	2043	1781	1523	1718	1756	1899	2024	2477	2752	2247	2514	2232	2177	1858	1528	1396	1377	1407	1352	1313	1365	1424	1435	1463	1451	1415	1503	1351	1387	1378	1425	1329	1360	1389	1323	1348	1396	1412	1554	1379	1337
14:38:26	37.0	2191	2325	2302	1917	1778	1673	1598	1602	1545	1504	1556	1540	2107	2050	2129	1865	1868	1639	1601	1543	1535	1526	1489	1536	1720	1774	1786	1814	1810	1832	1752	1943	1859	2036	1782	1487	1735	1801	1897	2012	2487	2722	2217	2492	2277	2168	1861	1550	1406	1403	1378	1336	1305	1390	1461	1435	1448	1450	1451	1472	1334	1334	1362	1441	1337	1344	1382	1387	1369	1375	1416	1483	1350	1307
14:42:26	37.0	2207	2320	2294	1885	1754	1675	1609	1592	1536	1547	1525	1591	2139	2039	2096	1853	1920	1630	1605	1537	1502	1521	1504	1522	1754	1786	1854	1830	1803	1806	1740	1932	1891	2068	1815	1524	1695	1743	1882	2024	2521	2779	2237	2504	2227	2176	1880	1526	1423	1392	1419	1379	1343	1375	1444	1437	1448	1431	1466	1491	1355	1371	1358	1457	1342	1355	1387	1376	1366	1369	1399	1532	1367	1314
14:46:26	37.0	2179	2346	2297	1914	1782	1659	1590	1574	1558	1586	1578	1619	2096	2030	2103	1885	1878	1626	1608	1527	1515	1521	1521	1513	1715	1788	1787	1868	1803	1815	1784	1931	1871	2072	1833	1534	1712	1753	1877	2045	2540	2764	2248	2472	2249	2162	1923	1480	1399	1424	1381	1352	1323	1394	1426	1405	1453	1477	1448	1504	1367	1362	1357	1434	1361	1351	1376	1357	1366	1398	1410	1512	1350	1326
14:50:26	37.0	2207	2302	2279	1884	1772	1674	1549	1557	1533	1532	1539	1587	2149	2079	2108	1883	1899	1665	1601	1512	1527	1506	1495	1487	1736	1808	1794	1845	1791	1860	1786	1962	1859	2045	1836	1512	1748	1824	1896	2025	2570	2810	2255	2481	2285	2191	1887	1503	1407	1421	1391	1351	1354	1395	1428	1458	1471	1447	1446	1518	1349	1383	1352	1428	1360	1342	1361	1386	1398	1374	1395	1485	1359	1332
14:54:26	37.0	2176	2331	2326	1872	1740	1678	1616	1549	1548	1528	1548	1572	2173	2075	2110	1845	1908	1670	1582	1531	1507	1540	1514	1555	1751	1758	1831	1841	1793	1828	1797	1932	1930	2081	1841	1534	1750	1810	1942	2042	2522	2813	2248	2531	2239	2193	1913	1492	1395	1428	1401	1367	1309	1391	1431	1452	1482	1450	1463	1505	1405	1358	1397	1451	1323	1360	1359	1370	1392	1367	1388	1494	1369	1326
14:58:26	37.0	2221	2340	2306	1921	1747	1702	1608	1605	1539	1560	1574	1592	2150	2031	2107	1876	1885	1644	1617	1528	1545	1518	1544	1538	1734	1795	1863	1851	1839	1825	1771	1965	1931	2075	1845	1544	1766	1773	1930	2036	2516	2812	2289	2518	2329	2198	1900	1482	1384	1446	1418	1354	1356	1391	1454	1464	1488	1459	1441	1505	1379	1362	1396	1471	1369	1347	1369	1371	1410	1394	1416	1533	1343	1340
15:02:26	37.0	2217	2325	2306	1876	1737	1641	1638	1584	1548	1510	1568	1569	2147	2099	2098	1881	1905	1660	1635	1509	1529	1533	1514	1539	1745	1815	1849	1876	1812	1852	1794	1939	1904	2060	1822	1469	1736	1794	1938	2041	2521	2799	2276	2546	2324	2190	1917	1527	1407	1424	1377	1359	1329	1396	1455	1432	1490	1464	1464	1487	1355	1374	1366	1401	1361	1340	1370	1398	1374	1376	1406	1543	1369	1316
15:06:26	37.0	2263	2352	2319	1939	1742	1701	1638	1544	1549	1534	1577	1579	2170	2063	2114	1900	1929	1688	1619	1530	1555	1554	1525	1529	1742	1830	1850	1879	1822	1842	1804	1984	1904	2093	1873	1529	1738	1830	1949	2065	2582	2859	2301	2560	2327	2199	1917	1526	1402	1397	1417	1336	1318	1414	1458	1460	1471	1486	1489	1486	1384	1396	1368	1448	1370	1383	1375	1370	1389	1404	1431	1534	1383	1307
15:10:26	37.0	2245	2360	2357	1884	1753	1678	1619	1575	1527	1525	1560	1598	2164	2097	2079	1892	1947	1665	1614	1550	1523	1585	1511	1501	1721	1808	1861	1876	1818	1875	1834	1945	1904	2033	1827	1476	1732	1843	1964	2079	2600	2831	2306	2528	2302	2261	1940	1535	1423	1441	1418	1349	1324	1409	1442	1486	1459	1466	1494	1488	1396	1354	1375	1463	1352	1381	1348	1388	1370	1391	1442	1495	1352	1344
15:14:26	37.0	2280	2382	2348	1911	1789	1695	1627	1620	1583	1550	1573	1615	2156	2090	2172	1887	1935	1655	1598	1564	1534	1587	1503	1532	1746	1802	1831	1870	1842	1871	1781	2021	1964	2090	1869	1492	1771	1818	1973	2089	2574	2839	2345	2558	2327	2236	1943	1525	1423	1420	1387	1366	1345	1396	1426	1478	1479	1492	1459	1478	1375	1377	1408	1485	1368	1348	1341	1382	1381	1384	1400	1518	1344	1328
15:18:26	37.0	2241	2402	2346	1937	1774	1693	1641	1613	1569	1552	1604	1606	2168	2065	2140	1926	1916	1655	1623	1527	1544	1533	1526	1537	1776	1837	1882	1910	1838	1866	1809	2032	1938	2062	1879	1524	1753	1798	1954	2096	2581	2832	2344	2549	2350	2272	1943	1514	1448	1438	1423	1377	1336	1363	1504	1500	1489	1483	1497	1531	1379	1342	1376	1477	1364	1389	1336	1401	1388	1380	1415	1512	1385	1348
15:22:26	37.0	2262	2385	2365	1915	1789	1702	1609	1601	1590	1542	1586	1616	2173	2089	2136	1939	1910	1666	1636	1580	1512	1559	1526	1541	1796	1837	1861	1869	1856	1904	1829	1965	1930	2093	1863	1511	1767	1845	1980	2100	2606	2832	2344	2588	2344	2240	1964	1488	1380	1456	1416	1352	1350	1401	1457	1475	1508	1505	1496	1512	1385	1395	1418	1474	1372	1372	1374	1391	1394	1400	1415	1553	1366	1326
15:26:26	37.0	2269	2381	2380	1911	1775	1684	1639	1624	1530	1585	1573	1603	2205	2113	2177	1898	1940	1662	1660	1551	1571	1540	1528	1512	1750	1841	1887	1881	1852	1908	1845	1983	1959	2122	1887	1520	1785	1824	1971	2088	2592	2879	2333	2554	2357	2288	1947	1504	1397	1428	1399	1371	1347	1384	1450	1469	1485	1503	1455	1506	1400	1369	1380	1479	1352	1354	1352	1381	1382	1385	1426	1537	1383	1299
15:30:26	37.0	2269	2372	2395	1904	1761	1710	1632	1609	1577	1504	1572	1601	2208	2106	2158	1865	1954	1669	1611	1543	1540	1554	1556	1517	1769	1837	1874	1871	1847	1868	1817	1975	1938	2171	1890	1496	1791	1858	1988	2052	2611	2902	2379	2579	2336	2295	1969	1508	1431	1425	1368	1352	1341	1411	1480	1484	1503	1467	1476	1480	1389	1399	1394	1431	1393	1407	1352	1398	1370	1399	1430	1498	1368	1342
15:34:26	37.0	2292	2400	2353	1931	1757	1707	1584	1625	1576	1559	1595	1610	2164	2100	2141	1909	1911	1649	1630	1540	1568	1535	1494	1514	1773	1808	1861	1910	1848	1930	1860	1981	1953	2133	1890	1508	1780	1860	1983	2099	2629	2881	2354	2588	2374	2295	1967	1484	1395	1423	1406	1376	1330	1399	1473	1450	1512	1461	1473	1503	1386	1408	1369	1453	1359	1375	1361	1405	1411	1374	1429	1535	1351	1342
15:38:26	37.0	2323	2353	2363	1945	1790	1728	1624	1585	1551	1570	1565	1666	2197	2137	2170	1883	1928	1664	1624	1565	1533	1555	1559	1533	1764	1879	1903	1925	1855	1880	1850	2001	1982	2096	1906	1514	1779	1875	2001	2129	2658	2946	2407	2597	2406	2285	1983	1524	1441	1461	1432	1361	1364	1399	1477	1492	1533	1508	1467	1499	1355	1377	1392	1514	1348	1389	1387	1418	1405	1380	1417	1558	1377	1338
15:42:26	37.0	2299	2412	2366	1937	1784	1703	1597	1583	1536	1557	1596	1615	2195	2090	2129	1883	1967	1660	1618	1542	1527	1570	1507	1498	1769	1892	1899	1898	1881	1901	1846	2023	1954	2117	1896	1536	1760	1807	1970	2085	2603	2875	2400	2623	2400	2268	1988	1493	1433	1440	1413	1378	1344	1380	1453	1511	1512	1502	1480	1496	1378	1392	1401	1458	1362	1345	1377	1374	1385	1393	1427	1497	1367	1314
15:46:26	37.0	2263	2370	2405	1949	1764	1719	1643	1618	1599	1553	1578	1648	2222	2113	2204	1896	1953	1701	1629	1556	1555	1568	1535	1532	1800	1861	1889	1941	1870	1930	1877	2020	1956	2135	1881	1520	1812	1864	1989	2182	2628	2972	2397	2597	2439	2281	2000	1546	1421	1457	1418	1376	1335	1375	1445	1459	1532	1478	1481	1506	1382	1383	1385	1485	1394	1369	1357	1372	1392	1377	1405	1515	1352	1303
15:50:26	37.0	2311	2368	2409	1943	1780	1715	1637	1618	1587	1568	1629	1637	2213	2116	2224	1921	1981	1660	1639	1542	1545	1550	1539	1513	1772	1868	1926	1952	1897	1949	1863	2036	1987	2158	1903	1554	1777	1854	1983	2131	2598	2994	2434	2629	2400	2311	2014	1520	1453	1476	1416	1366	1348	1409	1461	1495	1513	1484	1486	1476	1385	1379	1395	1451	1359	1389	1410	1404	1393	1379	1410	1514	1390	1337
15:54:26	37.0	2357	2401	2386	1927	1783	1741	1617	1620	1579	1548	1623	1590	2262	2121	2165	1952	1948	1721	1649	1536	1545	1533	1523	1537	1823	1876	1923	1959	1876	1948	1892	1994	1981	2174	1936	1517	1811	1833	1992	2122	2638	2961	2433	2619	2457	2322	2040	1510	1413	1432	1400	1388	1345	1416	1485	1479	1492	1507	1462	1528	1402	1391	1363	1485	1367	1364	1381	1402	1417	1397	1404	1557	1379	1363
15:58:26	37.0	2326	2436	2380	1927	1773	1746	1641	1630	1608	1548	1597	1635	2225	2161	2142	1911	1981	1680	1599	1538	1590	1534	1576	1577	1814	1877	1913	1942	1870	1917	1889	2052	1994	2175	1881	1540	1787	1897	2029	2110	2653	2983	2461	2678	2490	2320	2020	1524	1392	1453	1421	1405	1327	1417	1504	1517	1532	1513	1506	1527	1398	1389	1386	1491	1357	1379	1375	1398	1389	1412	1427	1530	1384	1366
16:02:26	37.0	2349	2438	2412	1945	1796	1703	1623	1617	1576	1571	1629	1585	2253	2142	2170	1948	1952	1702	1623	1572	1540	1578	1568	1543	1797	1877	1919	1942	1937	1940	1910	2037	2018	2156	1919	1564	1799	1878	2003	2150	2656	2944	2445	2660	2462	2334	2034	1540	1424	1458	1378	1382	1335	1406	1485	1526	1486	1507	1498	1496	1379	1393	1370	1483	1378	1364	1361	1402	1409	1402	1441	1542	1417	1335
16:06:26	37.0	2354	2421	2367	1944	1816	1708	1620	1613	1611	1556	1602	1599	2282	2144	2135	1891	1984	1689	1643	1565	1562	1542	1590	1552	1804	1870	1892	1936	1926	1917	1906	2063	2028	2165	1952	1468	1798	1886	2030	2136	2704	2964	2459	2638	2449	2355	2024	1491	1432	1459	1437	1412	1385	1421	1500	1469	1524	1499	1466	1486	1406	1415	1378	1473	1362	1358	1377	1398	1417	1415	1408	1537	1380	1328
16:10:26	37.0	2333	2420	2418	1981	1838	1764	1634	1646	1586	1580	1618	1615	2255	2158	2182	1946	1984	1681	1632	1582	1561	1586	1553	1547	1822	1901	1933	1993	1932	1946	1910	2037	2022	2182	1952	1540	1807	1893	2014	2143	2683	2995	2471	2673	2473	2393	2057	1514	1428	1440	1421	1386	1371	1393	1546	1537	1552	1496	1480	1503	1394	1417	1402	1521	1359	1387	1382	1411	1398	1433	1456	1552	1380	1329
16:14:26	37.0	2354	2433	2437	1963	1828	1706	1616	1621	1611	1582	1607	1624	2263	2176	2210	1945	2004	1672	1676	1588	1553	1541	1546	1551	1813	1909	1948	1969	1915	1970	1889	2047	2043	2174	1953	1542	1843	1893	2030	2116	2694	2997	2476	2648	2504	2369	2063	1515	1423	1461	1422	1395	1362	1418	1497	1521	1552	1505	1525	1493	1417	1379	1405	1511	1367	1368	1412	1386	1423	1426	1434	1528	1362	1321
16:18:26	37.0	2387	2456	2409	1975	1825	1724	1663	1609	1599	1597	1579	1663	2291	2174	2167	1937	2000	1720	1635	1600	1554	1572	1565	1516	1823	1913	1929	2027	1932	1933	1942	2055	2045	2205	1970	1537	1870	1919	2028	2148	2697	3009	2494	2688	2517	2393	2063	1499	1431	1478	1456	1429	1322	1414	1514	1529	1520	1515	1506	1546	1373	1394	1415	1497	1396	1383	1411	1398	1408	1394	1443	1526	1364	1356
16:22:26	37.0	2374	2418	2437	1990	1819	1736	1650	1608	1581	1564	1647	1635	2266	2139	2172	1962	1997	1705	1651	1557	1578	1571	1543	1583	1829	1923	1921	2010	1931	1952	1944	2061	2039	2254	1951	1536	1832	1944	2033	2193	2731	2958	2497	2671	2488	2408	2061	1509	1429	1465	1424	1381	1352	1435	1512	1523	1496	1518	1481	1497	1383	1383	1400	1487	1369	1363	1402	1391	1394	1408	1440	1540	1372	1350
16:26:26	37.0	2388	2467	2419	1974	1814	1737	1635	1649	1580	1576	1604	1632	2269	2197	2202	1923	1990	1713	1634	1607	1558	1566	1544	1560	1836	1908	1964	1949	1940	1987	1922	2085	2036	2212	1972	1543	1850	1881	2054	2166	2738	2982	2494	2649	2522	2407	2056	1546	1413	1449	1406	1367	1340	1419	1515	1510	1505	1500	1508	1530	1383	1366	1384	1521	1346	1372	1408	1385	1403	1428	1435	1515	1371	1329
16:30:26	37.0	2400	2442	2453	1979	1833	1744	1642	1659	1608	1574	1602	1649	2275	2186	2183	1933	1999	1707	1676	1571	1566	1570	1554	1537	1832	1921	1986	2001	1932	1973	1932	2078	2059	2199	1972	1566	1882	1922	2022	2188	2716	3073	2506	2676	2512	2396	2050	1561	1418	1477	1411	1383	1334	1425	1486	1539	1523	1498	1473	1528	1416	1387	1349	1496	1370	1368	1410	1424	1398	1420	1405	1521	1352	1334
16:34:26	37.0	2404	2427	2453	1947	1858	1753	1615	1654	1574	1582	1597	1593	2307	2197	2191	1950	1980	1692	1642	1558	1571	1569	1565	1578	1808	1920	1954	2010	1939	2020	1949	2086	2048	2236	1954	1505	1870	1885	2037	2170	2731	2992	2538	2727	2555	2386	2090	1540	1427	1471	1429	1367	1331	1416	1494	1520	1556	1519	1487	1525	1408	1399	1411	1514	1373	1387	1382	1394	1414	1419	1425	1533	1363	1337
16:38:26	37.0	2400	2489	2462	1965	1811	1714	1668	1636	1607	1585	1612	1608	2313	2223	2231	1943	1999	1702	1634	1545	1561	1565	1552	1540	1825	1926	1984	1988	1971	1960	1970	2093	2021	2207	1950	1531	1866	1894	2060	2218	2724	3034	2555	2690	2556	2438	2059	1528	1432	1411	1434	1390	1386	1395	1468	1551	1526	1524	1507	1528	1409	1405	1410	1495	1377	1368	1388	1400	1424	1400	1440	1537	1377	1321
16:42:26	37.0	2437	2459	2467	1993	1835	1740	1671	1647	1573	1584	1607	1630	2273	2195	2203	1945	1968	1703	1650	1560	1569	1552	1579	1560	1834	1894	1947	2001	1942	2015	1939	2073	2029	2246	1975	1540	1840	1908	2068	2180	2729	3068	2502	2672	2553	2429	2108	1527	1430	1464	1397	1369	1345	1406	1483	1521	1507	1483	1480	1540	1404	1399	1387	1478	1416	1379	1402	1399	1397	1425	1413	1521	1350	1313
16:46:26	37.0	2383	2484	2442	1989	1817	1738	1656	1630	1618	1580	1650	1620	2302	2238	2218	1940	1994	1729	1642	1624	1588	1568	1551	1564	1860	1940	1956	2015	1966	2011	1963	2108	2037	2250	1978	1545	1859	1913	2061	2236	2737	3067	2552	2695	2506	2452	2099	1546	1448	1477	1433	1361	1382	1398	1548	1521	1498	1516	1511	1505	1353	1429	1415	1486	1398	1357	1404	1437	1433	1403	1443	1523	1406	1350
16:50:26	37.0	2435	2458	2520	1982	1852	1749	1677	1627	1598	1583	1591	1647	2275	2230	2203	1956	2037	1752	1677	1565	1584	1587	1577	1556	1846	1970	1977	2036	1980	2015	1978	2136	2078	2257	1988	1494	1861	1923	2080	2221	2733	3043	2563	2700	2550	2439	2122	1537	1418	1508	1464	1386	1421	1429	1498	1521	1539	1516	1507	1521	1404	1393	1415	1525	1396	1404	1443	1430	1411	1407	1478	1555	1372	1348
16:54:26	37.0	2432	2484	2477	2001	1809	1765	1647	1631	1573	1585	1641	1627	2298	2204	2198	1978	1991	1709	1658	1558	1580	1547	1508	1551	1842	1964	1997	2044	1992	1998	1998	2132	2105	2275	1975	1533	1864	1942	2064	2211	2793	3093	2574	2720	2564	2473	2116	1570	1428	1475	1453	1381	1365	1452	1508	1515	1529	1553	1527	1532	1381	1423	1405	1497	1377	1390	1410	1405	1420	1411	1416	1562	1353	1337
16:58:26	37.0	2388	2503	2493	2033	1825	1735	1663	1663	1610	1613	1610	1624	2328	2194	2206	1970	2010	1699	1670	1591	1600	1575	1600	1562	1829	1931	1941	2054	1970	2022	1967	2099	2101	2267	2007	1550	1890	1936	2076	2193	2711	3076	2591	2721	2584	2479	2119	1552	1429	1482	1436	1362	1355	1446	1529	1563	1519	1500	1500	1527	1382	1435	1401	1533	1400	1376	1398	1402	1413	1405	1442	1516	1376	1333
17:02:26	37.0	2412	2537	2454	2026	1887	1742	1655	1651	1634	1579	1659	1635	2294	2265	2224	1984	2030	1732	1690	1577	1582	1560	1613	1572	1878	1972	1985	2048	1952	2074	1957	2110	2060	2259	2009	1522	1866	1959	2054	2215	2785	3084	2633	2744	2566	2470	2109	1550	1457	1479	1433	1381	1369	1401	1510	1556	1562	1538	1487	1539	1376	1427	1399	1492	1408	1404	1427	1399	1439	1411	1462	1536	1357	1339
17:06:26	37.0	2462	2510	2465	2010	1845	1723	1647	1651	1596	1582	1609	1642	2343	2214	2217	1946	2021	1755	1691	1585	1590	1598	1608	1553	1855	1955	1982	2018	2004	2034	1998	2156	2092	2305	1986	1536	1911	1951	2077	2250	2825	3151	2653	2774	2616	2454	2149	1533	1443	1484	1441	1376	1341	1435	1507	1553	1497	1528	1544	1544	1397	1387	1398	1543	1401	1392	1427	1405	1446	1416	1451	1552	1386	1319
17:10:26	37.0	2437	2462	2487	1978	1842	1790	1647	1652	1630	1592	1613	1657	2374	2217	2258	1966	1987	1730	1680	1593	1571	1597	1598	1540	1834	1974	1982	2090	1999	2004	1995	2148	2095	2278	2039	1557	1889	1939	2088	2281	2781	3118	2659	2803	2657	2485	2137	1536	1461	1498	1446	1379	1339	1404	1521	1544	1583	1516	1531	1508	1423	1374	1403	1518	1402	1382	1433	1403	1419	1453	1465	1526	1362	1341
17:14:26	37.0	2387	2503	2461	1981	1877	1723	1691	1665	1613	1605	1582	1668	2343	2200	2236	1965	2037	1732	1665	1599	1554	1548	1565	1579	1826	1963	1955	2051	1986	2040	2011	2153	2100	2267	2002	1529	1871	1966	2086	2252	2802	3121	2650	2802	2626	2500	2143	1559	1449	1514	1432	1371	1372	1430	1515	1542	1553	1542	1499	1486	1409	1411	1382	1497	1344	1386	1421	1432	1420	1428	1452	1572	1388	1349
17:18:26	37.0	2427	2510	2511	2016	1904	1740	1645	1661	1632	1603	1622	1663	2349	2234	2227	1948	2070	1705	1673	1591	1576	1564	1577	1542	1883	1971	2030	2059	1977	2038	2000	2139	2123	2287	1999	1564	1898	1980	2069	2267	2784	3107	2650	2724	2617	2487	2139	1559	1447	1499	1461	1409	1362	1435	1540	1564	1533	1548	1501	1548	1396	1401	1389	1528	1378	1367	1415	1419	1417	1429	1470	1623	1353	1316
17:22:26	37.0	2485	2466	2502	1959	1865	1764	1667	1657	1616	1621	1607	1649	2388	2242	2195	2005	2043	1780	1667	1591	1590	1536	1563	1546	1877	1980	2001	2061	1976	2054	2025	2172	2107	2330	1984	1539	1911	1965	2059	2257	2795	3142	2636	2749	2634	2519	2141	1533	1439	1509	1464	1404	1368	1442	1468	1558	1534	1542	1511	1521	1393	1395	1375	1522	1410	1398	1408	1406	1437	1431	1450	1513	1378	1327
17:26:26	37.0	2456	2534	2554	2013	1865	1755	1654	1668	1598	1607	1626	1656	2364	2257	2247	1965	2035	1704	1686	1615	1594	1600	1575	1571	1889	1968	1992	2081	2008	2058	2031	2151	2092	2308	2056	1562	1935	1987	2112	2278	2820	3139	2609	2768	2621	2518	2139	1526	1478	1530	1436	1379	1373	1429	1523	1578	1526	1531	1508	1555	1423	1400	1410	1528	1381	1388	1408	1428	1449	1438	1455	1540	1373	1365
17:30:26	37.0	2477	2507	2573	1988	1890	1785	1665	1673	1633	1621	1648	1641	2357	2254	2227	1965	2053	1732	1679	1617	1591	1578	1589	1592	1908	2022	2021	2106	2018	2018	2001	2195	2121	2323	2050	1575	1920	1952	2097	2265	2776	3167	2679	2780	2640	2525	2145	1550	1469	1505	1467	1416	1397	1428	1536	1568	1566	1525	1524	1527	1425	1409	1446	1530	1396	1402	1405	1434	1428	1411	1473	1545	1384	1333
17:34:26	37.0	2507	2533	2498	2045	1855	1739	1704	1634	1605	1586	1633	1662	2340	2299	2251	1989	2044	1729	1673	1619	1601	1611	1575	1556	1882	1974	2037	2079	2051	2048	2028	2184	2136	2347	2008	1546	1913	1952	2082	2287	2816	3183	2702	2739	2646	2559	2131	1545	1479	1501	1423	1400	1362	1449	1515	1540	1561	1550	1492	1517	1424	1407	1404	1521	1411	1384	1409	1422	1441	1434	1465	1547	1346	1338
17:38:26	37.0	2500	2529	2528	2020	1907	1781	1704	1665	1611	1623	1626	1634	2364	2290	2224	1990	2038	1744	1682	1587	1599	1556	1581	1584	1875	1987	2059	2074	2044	2079	2020	2203	2099	2348	2041	1541	1930	1968	2078	2279	2841	3156	2701	2769	2645	2562	2149	1525	1455	1501	1451	1375	1338	1437	1522	1606	1591	1494	1511	1524	1423	1376	1407	1533	1379	1390	1420	1411	1440	1399	1473	1560	1387	1298
17:42:26	37.0	2509	2524	2495	2020	1869	1788	1693	1654	1632	1616	1622	1685	2376	2293	2212	1998	2040	1707	1663	1587	1601	1571	1587	1577	1910	2004	2004	2101	2052	2109	2056	2185	2099	2337	2037	1558	1951	1943	2087	2324	2804	3192	2702	2785	2685	2622	2162	1520	1442	1488	1451	1378	1372	1430	1505	1554	1543	1527	1539	1533	1388	1454	1426	1530	1404	1406	1456	1416	1405	1424	1438	1513	1390	1347
17:46:26	37.0	2498	2546	2539	2006	1870	1807	1682	1651	1622	1595	1680	1654	2384	2305	2199	1980	2053	1754	1707	1630	1614	1603	1580	1589	1940	2008	2035	2092	2052	2085	2041	2201	2148	2315	2067	1539	1921	1987	2122	2273	2816	3193	2736	2784	2686	2584	2179	1551	1455	1498	1474	1433	1375	1442	1486	1578	1573	1532	1529	1533	1412	1404	1408	1542	1407	1378	1461	1445	1443	1439	1466	1533	1368	1298
17:50:26	37.0	2531	2523	2530	1984	1877	1786	1691	1702	1619	1613	1620	1685	2393	2251	2248	2024	2078	1731	1701	1616	1578	1579	1587	1548	1911	2021	2039	2088	2064	2070	2055	2204	2153	2355	2041	1568	1914	1974	2124	2330	2818	3199	2734	2822	2664	2579	2192	1531	1451	1521	1458	1401	1365	1433	1536	1560	1567	1508	1516	1542	1393	1400	1396	1535	1375	1385	1444	1437	1454	1417	1467	1546	1365	1351
17:54:26	37.0	2529	2579	2546	2038	1876	1802	1694	1675	1642	1626	1637	1658	2372	2304	2265	1977	2042	1735	1675	1597	1599	1597	1602	1583	1908	1970	2003	2102	2089	2077	2053	2204	2118	2387	2059	1551	1960	1948	2126	2295	2848	3142	2724	2859	2759	2622	2181	1554	1459	1523	1448	1392	1388	1431	1499	1571	1572	1529	1547	1538	1411	1380	1405	1540	1395	1404	1445	1458	1454	1460	1442	1560	1389	1355
17:58:26	37.0	2519	2554	2579	2038	1870	1815	1703	1646	1639	1633	1654	1667	2457	2292	2243	2032	2091	1753	1721	1622	1601	1606	1580	1579	1933	2001	2074	2091	2071	2092	2059	2221	2151	2344	2100	1556	1975	1987	2120	2286	2874	3218	2754	2847	2713	2656	2185	1586	1441	1513	1460	1384	1370	1446	1541	1596	1557	1557	1501	1550	1408	1419	1406	1552	1428	1410	1448	1433	1457	1440	1481	1567	1357	1324
18:02:26	37.0	2562	2601	2549	2012	1858	1819	1684	1682	1642	1608	1629	1702	2416	2293	2260	1989	2068	1746	1719	1634	1587	1637	1578	1579	1904	2043	2064	2112	2038	2104	2087	2226	2154	2372	2044	1587	1961	2012	2166	2332	2837	3223	2788	2828	2729	2598	2162	1550	1466	1514	1478	1380	1369	1442	1536	1607	1602	1584	1567	1550	1415	1410	1409	1527	1421	1374	1441	1421	1438	1462	1482	1587	1341	1345
18:06:26	37.0	2529	2586	2599	2033	1883	1785	1665	1675	1632	1642	1621	1678	2416	2378	2287	2014	2081	1723	1725	1641	1605	1593	1592	1561	1934	2015	2039	2135	2081	2100	2098	2203	2156	2399	2084	1568	1961	1957	2134	2372	2860	3221	2787	2849	2725	2646	2185	1564	1436	1508	1467	1376	1374	1461	1525	1622	1609	1560	1539	1525	1398	1412	1409	1552	1383	1402	1450	1459	1432	1443	1450	1583	1355	1329
18:10:26	37.0	2521	2565	2572	2031	1871	1778	1723	1702	1646	1607	1658	1648	2425	2270	2246	2010	2047	1762	1714	1619	1573	1564	1590	1593	1920	2045	2049	2123	2054	2079	2066	2204	2142	2385	2111	1581	1960	1968	2148	2353	2886	3263	2792	2844	2768	2675	2180	1571	1440	1507	1436	1410	1381	1427	1557	1567	1595	1563	1555	1550	1413	1444	1399	1537	1407	1415	1470	1433	1461	1447	1458	1570	1384	1339
18:14:26	37.0	2575	2549	2573	2021	1888	1789	1667	1682	1612	1653	1664	1648	2419	2345	2251	1996	2084	1745	1670	1610	1612	1608	1636	1593	1941	2041	2038	2113	2071	2048	2083	2212	2139	2411	2111	1569	1966	1971	2172	2338	2909	3245	2800	2794	2776	2633	2182	1539	1460	1582	1460	1401	1378	1466	1535	1606	1604	1558	1552	1515	1445	1432	1411	1554	1452	1446	1428	1442	1455	1462	1468	1582	1361	1360
18:18:26	37.0	2558	2575	2541	2039	1878	1789	1721	1668	1611	1614	1639	1651	2401	2325	2260	2006	2054	1744	1709	1619	1603	1582	1600	1576	1944	2054	2024	2093	2075	2123	2065	2222	2137	2391	2120	1540	1960	2003	2129	2354	2860	3265	2773	2826	2785	2648	2186	1552	1433	1522	1477	1407	1369	1436	1528	1582	1566	1546	1544	1563	1419	1432	1406	1558	1426	1405	1450	1450	1437	1445	1472	1543	1348	1291
18:22:26	37.0	2592	2589	2580	2038	1859	1792	1716	1674	1653	1637	1655	1684	2419	2346	2243	2025	2069	1759	1722	1641	1586	1619	1600	1595	1949	2076	2054	2112	2071	2095	2074	2247	2149	2452	2097	1568	1997	1980	2131	2354	2880	3273	2792	2845	2738	2680	2194	1570	1455	1528	1471	1400	1397	1445	1540	1604	1584	1549	1554	1543	1429	1445	1428	1560	1413	1407	1438	1407	1446	1477	1490	1542	1377	1369
18:26:26	37.0	2561	2588	2587	2082	1886	1806	1739	1693	1629	1611	1644	1684	2430	2379	2278	1982	2069	1731	1692	1655	1632	1621	1616	1579	1944	2049	2072	2141	2092	2132	2100	2245	2146	2421	2114	1546	1970	2004	2124	2340	2896	3287	2832	2850	2798	2678	2187	1581	1452	1504	1460	1379	1397	1455	1545	1597	1567	1539	1539	1544	1423	1437	1402	1556	1416	1393	1475	1455	1427	1439	1509	1555	1339	1371
18:30:26	37.0	2584	2580	2625	2041	1902	1804	1699	1683	1641	1608	1653	1681	2425	2378	2236	2005	2084	1769	1701	1631	1609	1609	1578	1548	1941	2015	2108	2154	2076	2117	2106	2267	2127	2444	2143	1599	1971	1981	2134	2383	2898	3313	2819	2831	2829	2705	2220	1557	1464	1536	1469	1413	1388	1448	1541	1598	1556	1559	1524	1538	1392	1427	1411	1557	1396	1419	1483	1428	1457	1435	1472	1589	1374	1313
18:34:26	37.0	2580	2584	2581	2068	1924	1822	1692	1699	1633	1603	1658	1688	2463	2339	2257	2031	2096	1744	1725	1603	1631	1606	1601	1568	1962	2067	2096	2172	2105	2147	2089	2254	2151	2444	2145	1553	1988	1987	2153	2385	2912	3320	2838	2931	2862	2749	2186	1560	1473	1528	1468	1414	1375	1456	1550	1631	1589	1565	1551	1554	1462	1443	1423	1573	1411	1406	1471	1446	1436	1432	1493	1570	1370	1339
18:38:26	37.0	2596	2610	2614	2062	1916	1812	1706	1695	1650	1622	1664	1703	2443	2405	2277	2018	2079	1759	1729	1657	1610	1637	1592	1569	1948	2056	2117	2151	2139	2139	2085	2272	2181	2443	2120	1549	2005	1996	2138	2350	2895	3296	2849	2882	2815	2699	2204	1577	1458	1553	1476	1416	1386	1449	1561	1604	1574	1548	1540	1582	1405	1439	1404	1575	1419	1391	1471	1429	1462	1413	1508	1589	1353	1334
18:42:26	37.0	2644	2653	2600	2077	1912	1800	1716	1731	1643	1629	1695	1708	2464	2393	2298	2020	2073	1739	1751	1647	1614	1644	1622	1581	1940	2121	2097	2178	2129	2149	2102	2277	2154	2475	2137	1595	1988	2014	2159	2380	2923	3308	2831	2866	2840	2725	2205	1587	1456	1545	1441	1429	1365	1464	1570	1617	1589	1582	1547	1589	1420	1426	1416	1578	1421	1401	1473	1453	1407	1490	1493	1563	1377	1383
18:46:26	37.0	2637	2613	2619	2069	1908	1800	1735	1713	1668	1643	1686	1699	2470	2427	2256	2055	2130	1777	1725	1639	1600	1611	1599	1589	2000	2043	2094	2155	2130	2155	2125	2320	2155	2491	2165	1587	1967	2007	2137	2395	2928	3349	2874	2929	2833	2764	2185	1574	1473	1552	1500	1428	1401	1448	1560	1635	1590	1557	1562	1573	1412	1418	1445	1582	1396	1407	1501	1431	1465	1470	1517	1541	1354	1355
18:50:26	37.0	2610	2659	2639	2090	1926	1808	1728	1687	1643	1604	1685	1688	2509	2437	2279	2043	2147	1793	1747	1643	1622	1594	1628	1612	2000	2055	2126	2219	2169	2132	2085	2289	2144	2478	2166	1569	2051	2014	2146	2439	2934	3348	2889	2897	2848	2782	2175	1577	1447	1561	1439	1404	1427	1470	1544	1596	1597	1563	1580	1562	1406	1442	1407	1554	1412	1434	1455	1453	1462	1469	1483	1587	1356	1349
18:54:26	37.0	2624	2594	2598	2070	1878	1807	1707	1686	1641	1625	1684	1675	2502	2420	2299	2030	2109	1763	1715	1643	1613	1650	1615	1620	2007	2047	2111	2165	2119	2110	2122	2336	2156	2539	2178	1602	1976	1998	2146	2439	2923	3360	2926	2859	2874	2782	2203	1568	1449	1559	1465	1396	1393	1465	1523	1642	1567	1532	1571	1552	1453	1427	1417	1587	1391	1387	1503	1463	1504	1461	1476	1583	1349	1339
18:58:26	37.0	2651	2629	2642	2061	1909	1840	1711	1708	1635	1635	1694	1696	2497	2422	2271	2059	2120	1799	1739	1633	1647	1593	1618	1606	1960	2063	2112	2128	2132	2145	2162	2311	2184	2530	2192	1558	1966	2016	2150	2430	2966	3385	2866	2921	2857	2794	2155	1603	1482	1545	1475	1413	1411	1461	1588	1595	1631	1562	1543	1536	1411	1423	1430	1591	1411	1428	1472	1448	1498	1491	1532	1570	1375	1342
19:02:26	37.0	2664	2666	2635	2087	1926	1818	1756	1731	1653	1646	1653	1718	2492	2402	2301	2055	2112	1784	1741	1668	1607	1649	1587	1587	1981	2110	2115	2187	2134	2199	2146	2336	2219	2548	2200	1589	2007	2003	2177	2475	2923	3343	2919	2876	2898	2831	2204	1605	1443	1558	1485	1422	1418	1468	1541	1623	1614	1597	1562	1554	1423	1462	1418	1603	1419	1441	1483	1474	1507	1453	1480	1571	1374	1314
19:06:26	37.0	2657	2635	2627	2078	1933	1810	1710	1690	1644	1626	1651	1724	2519	2454	2284	2079	2124	1787	1735	1639	1641	1599	1623	1591	1996	2115	2086	2161	2130	2147	2144	2320	2160	2528	2137	1616	1975	2000	2154	2459	2953	3406	2913	2926	2895	2788	2246	1571	1452	1548	1475	1416	1377	1455	1531	1636	1628	1568	1550	1580	1400	1432	1451	1556	1414	1436	1461	1448	1443	1452	1540	1562	1371	1326
19:10:26	37.0	2678	2648	2653	2080	1947	1863	1741	1729	1676	1642	1668	1748	2478	2449	2317	2043	2112	1813	1765	1631	1622	1627	1623	1595	2010	2083	2105	2189	2161	2154	2160	2327	2172	2570	2158	1599	1980	1995	2169	2479	2963	3410	2941	2957	2888	2832	2240	1565	1453	1565	1497	1414	1379	1456	1601	1659	1639	1559	1607	1568	1443	1455	1420	1650	1411	1437	1511	1458	1496	1444	1495	1567	1395	1364
19:14:26	37.0	2665	2658	2644	2071	1929	1843	1704	1716	1651	1660	1697	1723	2494	2400	2259	2021	2113	1795	1761	1645	1641	1646	1593	1599	2017	2074	2138	2200	2138	2191	2163	2324	2210	2567	2148	1567	1992	2030	2158	2526	3017	3405	2934	2929	2975	2850	2200	1571	1487	1584	1451	1417	1366	1473	1557	1645	1640	1570	1586	1558	1442	1421	1420	1581	1415	1423	1460	1438	1486	1445	1496	1537	1371	1362
19:18:26	37.0	2666	2658	2664	2104	1932	1853	1753	1738	1665	1648	1688	1710	2514	2478	2285	2040	2129	1750	1745	1656	1615	1606	1632	1598	2048	2083	2133	2212	2191	2206	2190	2379	2150	2618	2193	1588	2019	2060	2124	2490	2963	3509	2922	2943	2897	2848	2210	1590	1474	1578	1454	1457	1363	1456	1542	1609	1614	1566	1628	1562	1420	1424	1437	1598	1426	1431	1495	1450	1493	1455	1488	1610	1383	1354
19:22:26	37.0	2677	2625	2651	2082	1934	1831	1715	1708	1696	1627	1705	1686	2509	2416	2265	2081	2135	1788	1751	1639	1609	1625	1626	1595	2060	2100	2118	2200	2169	2202	2167	2339	2207	2594	2174	1603	1966	2054	2201	2523	3003	3466	2931	2955	2974	2859	2201	1599	1502	1540	1485	1425	1361	1465	1572	1619	1633	1580	1571	1583	1411	1443	1429	1558	1399	1414	1460	1434	1465	1453	1496	1580	1397	1336
19:26:26	37.0	2700	2621	2640	2047	1938	1843	1727	1711	1662	1647	1716	1717	2544	2471	2265	2086	2144	1781	1763	1643	1661	1624	1620	1616	2048	2134	2125	2171	2187	2202	2157	2332	2184	2585	2140	1572	2025	2048	2192	2536	2990	3442	2993	2936	2968	2848	2221	1585	1445	1582	1477	1409	1373	1478	1581	1625	1627	1575	1583	1588	1424	1437	1441	1605	1429	1443	1475	1473	1474	1485	1485	1564	1413	1366
19:30:26	37.0	2707	2639	2674	2096	1950	1823	1705	1716	1670	1647	1647	1681	2529	2505	2247	2066	2121	1774	1763	1672	1648	1633	1631	1614	2060	2132	2131	2216	2165	2199	2117	2388	2209	2597	2170	1615	1978	2053	2164	2527	2991	3471	3002	2940	2971	2915	2242	1579	1426	1561	1525	1442	1426	1467	1565	1622	1607	1561	1596	1575	1415	1446	1431	1570	1422	1396	1455	1479	1465	1460	1494	1605	1390	1338
19:34:26	37.0	2689	2692	2664	2103	1936	1847	1720	1739	1644	1625	1708	1732	2549	2448	2306	2046	2141	1838	1714	1687	1612	1621	1625	1580	2045	2118	2117	2225	2123	2190	2198	2331	2193	2611	2167	1599	1994	2024	2179	2512	3017	3481	3024	2903	2939	2883	2206	1581	1445	1572	1502	1456	1372	1464	1566	1630	1627	1553	1589	1546	1404	1427	1428	1587	1414	1436	1483	1443	1439	1500	1495	1621	1378	1330
19:38:26	37.0	2676	2646	2658	2097	1934	1860	1741	1733	1666	1648	1697	1715	2580	2468	2291	2060	2146	1834	1725	1701	1643	1611	1674	1581	2071	2137	2148	2190	2179	2178	2170	2439	2255	2612	2180	1634	1973	2018	2207	2561	3030	3507	3044	2959	3039	2918	2173	1598	1504	1596	1451	1457	1368	1496	1592	1638	1670	1571	1589	1596	1437	1452	1420	1610	1439	1395	1506	1418	1474	1516	1500	1600	1397	1346
19:42:26	37.0	2741	2713	2718	2130	1937	1824	1762	1702	1650	1622	1685	1702	2541	2512	2293	2105	2159	1823	1787	1693	1657	1634	1628	1612	2085	2143	2143	2249	2214	2244	2179	2415	2216	2663	2144	1609	1970	2052	2203	2580	3042	3490	3017	2978	2981	2922	2212	1607	1474	1609	1521	1444	1401	1495	1588	1644	1631	1600	1577	1587	1411	1442	1409	1623	1454	1428	1513	1461	1468	1477	1488	1586	1388	1326
19:46:26	37.0	2714	2691	2738	2093	1945	1858	1768	1736	1684	1652	1700	1734	2577	2466	2318	2073	2178	1821	1763	1659	1641	1621	1636	1595	2027	2110	2130	2217	2185	2199	2189	2414	2225	2622	2197	1609	1984	2035	2243	2569	3008	3467	3026	2978	2996	2906	2221	1565	1456	1634	1468	1438	1362	1492	1571	1667	1624	1585	1589	1592	1441	1440	1425	1604	1436	1447	1444	1482	1502	1477	1526	1607	1372	1365
19:50:26	37.0	2684	2713	2736	2124	1979	1877	1754	1755	1663	1667	1720	1767	2618	2477	2327	2075	2185	1834	1783	1688	1640	1624	1663	1616	2089	2135	2166	2258	2216	2232	2218	2399	2231	2664	2196	1623	2016	2070	2207	2547	3029	3482	3010	2972	3018	2935	2225	1603	1480	1570	1496	1435	1420	1466	1553	1658	1615	1594	1591	1608	1455	1454	1430	1650	1445	1418	1486	1484	1460	1488	1517	1608	1358	1367
19:54:26	37.0	2731	2681	2699	2109	1967	1877	1733	1728	1662	1668	1696	1723	2594	2518	2304	2115	2196	1800	1783	1701	1628	1623	1674	1619	2079	2146	2150	2233	2192	2221	2180	2432	2220	2655	2204	1610	1971	2051	2234	2579	3041	3524	3040	2949	2999	2951	2240	1577	1486	1595	1482	1429	1371	1465	1613	1649	1613	1585	1536	1583	1423	1454	1454	1616	1440	1414	1511	1478	1520	1482	1499	1591	1358	1336
19:58:26	37.0	2785	2686	2744	2086	1967	1832	1759	1706	1692	1638	1701	1704	2580	2522	2303	2100	2157	1783	1768	1667	1634	1614	1638	1594	2088	2136	2164	2250	2224	2229	2175	2428	2222	2688	2187	1596	1949	2040	2247	2592	3058	3535	3051	2969	2988	2962	2241	1590	1493	1588	1506	1442	1418	1451	1555	1598	1620	1598	1585	1606	1455	1447	1443	1578	1438	1438	1495	1462	1506	1494	1484	1603	1356	1333
20:02:26	37.0	2777	2678	2753	2129	1971	1830	1768	1756	1672	1690	1692	1740	2546	2504	2300	2094	2147	1819	1775	1646	1643	1622	1632	1616	2102	2147	2154	2210	2250	2194	2155	2413	2214	2657	2211	1620	2036	2049	2255	2624	3059	3549	3018	3012	2981	2950	2178	1581	1474	1591	1511	1443	1376	1477	1573	1650	1657	1574	1569	1588	1473	1455	1430	1650	1456	1423	1500	1501	1477	1487	1498	1596	1385	1337
20:06:26	37.0	2785	2719	2764	2120	1973	1848	1714	1748	1691	1672	1673	1723	2569	2468	2302	2102	2194	1798	1756	1635	1607	1636	1639	1616	2117	2096	2180	2225	2231	2187	2214	2414	2261	2749	2216	1573	1938	2084	2254	2623	3075	3553	3100	2974	3033	2957	2232	1583	1449	1598	1488	1442	1380	1489	1586	1662	1657	1586	1604	1570	1424	1435	1415	1602	1447	1433	1466	1485	1499	1497	1527	1603	1369	1365
20:10:26	37.0	2760	2751	2763	2154	1966	1843	1756	1735	1694	1658	1721	1723	2603	2553	2333	2079	2175	1816	1789	1688	1592	1633	1666	1625	2133	2141	2165	2238	2237	2206	2224	2452	2228	2728	2226	1610	1973	2049	2264	2616	3058	3555	3039	3024	3000	2987	2252	1598	1489	1562	1511	1453	1424	1487	1578	1637	1677	1552	1589	1595	1433	1426	1426	1629	1465	1435	1520	1507	1480	1473	1507	1624	1377	1339
20:14:26	37.0	2806	2687	2721	2189	1999	1846	1739	1761	1690	1664	1707	1735	2573	2514	2308	2082	2198	1834	1798	1688	1655	1644	1638	1617	2154	2166	2171	2259	2228	2258	2248	2424	2220	2692	2243	1606	2034	2053	2277	2623	3081	3629	3120	2979	3047	2987	2251	1609	1480	1632	1513	1423	1426	1503	1561	1644	1657	1598	1628	1616	1472	1451	1430	1635	1473	1452	1506	1462	1477	1490	1525	1575	1389	1353
20:18:26	37.0	2782	2741	2752	2177	1947	1851	1780	1725	1688	1680	1673	1750	2601	2512	2331	2094	2204	1843	1766	1650	1676	1636	1637	1637	2133	2149	2159	2255	2224	2213	2210	2430	2239	2757	2233	1586	1990	2087	2313	2623	3124	3570	3083	3035	3059	3029	2227	1613	1476	1601	1524	1443	1432	1496	1613	1653	1620	1574	1594	1585	1472	1430	1434	1676	1481	1448	1460	1494	1526	1471	1525	1647	1386	1343
20:22:26	37.0	2804	2721	2799	2119	1960	1856	1779	1744	1713	1672	1707	1739	2620	2488	2297	2076	2207	1793	1769	1666	1651	1614	1631	1633	2137	2159	2221	2314	2223	2222	2260	2480	2239	2753	2268	1644	1980	2060	2264	2597	3121	3552	3123	2989	3033	3048	2266	1604	1518	1584	1492	1410	1420	1499	1603	1677	1632	1590	1604	1619	1434	1451	1453	1648	1454	1472	1438	1491	1521	1465	1524	1575	1386	1344
20:26:26	37.0	2792	2735	2753	2135	1993	1847	1771	1777	1706	1653	1728	1728	2627	2493	2333	2115	2222	1825	1761	1720	1685	1677	1659	1632	2141	2181	2185	2244	2263	2247	2231	2478	2235	2733	2247	1642	1981	2022	2243	2608	3086	3577	3135	3031	3040	3015	2259	1615	1469	1606	1488	1433	1432	1506	1598	1662	1653	1593	1578	1632	1442	1451	1441	1631	1443	1462	1503	1484	1498	1468	1547	1604	1373	1352
20:30:26	37.0	2792	2774	2819	2171	1945	1863	1814	1761	1733	1686	1714	1776	2657	2588	2320	2108	2235	1836	1813	1681	1664	1684	1676	1631	2135	2178	2218	2277	2229	2284	2223	2509	2286	2784	2265	1649	2028	2080	2297	2625	3161	3609	3129	3036	3031	3043	2248	1624	1481	1599	1512	1455	1440	1487	1612	1665	1685	1605	1566	1649	1430	1466	1469	1610	1485	1454	1497	1522	1517	1504	1555	1610	1406	1351
20:34:26	37.0	2848	2703	2763	2184	1996	1843	1745	1735	1698	1689	1716	1759	2635	2581	2321	2099	2192	1828	1780	1694	1654	1675	1682	1619	2175	2222	2226	2267	2240	2233	2274	2469	2245	2807	2307	1616	1958	2098	2303	2688	3188	3639	3194	3076	3055	3065	2214	1578	1497	1635	1477	1451	1388	1498	1609	1682	1650	1599	1571	1628	1514	1447	1466	1682	1454	1483	1491	1484	1524	1533	1532	1602	1407	1355
20:38:26	37.0	2839	2753	2792	2159	1983	1876	1739	1763	1705	1676	1711	1712	2659	2556	2332	2106	2210	1816	1792	1686	1687	1667	1651	1633	2212	2160	2208	2263	2246	2237	2238	2462	2241	2782	2244	1627	1998	2132	2329	2652	3180	3611	3137	3049	3098	3041	2243	1592	1477	1646	1517	1417	1388	1477	1580	1660	1655	1601	1581	1601	1434	1432	1459	1657	1470	1503	1519	1509	1514	1473	1531	1603	1397	1335
20:42:26	37.0	2860	2753	2788	2132	2001	1867	1719	1794	1681	1706	1720	1748	2657	2592	2351	2090	2200	1832	1764	1693	1667	1660	1671	1637	2211	2160	2224	2256	2200	2260	2282	2506	2243	2791	2255	1622	1987	2117	2328	2674	3103	3595	3146	3028	3061	3100	2235	1611	1512	1617	1509	1445	1413	1489	1583	1645	1659	1599	1571	1631	1458	1474	1454	1668	1455	1456	1513	1478	1505	1484	1534	1598	1398	1350
20:46:26	37.0	2841	2747	2768	2185	1971	1889	1755	1758	1706	1699	1689	1801	2617	2588	2325	2083	2213	1809	1776	1692	1666	1645	1703	1616	2197	2194	2177	2291	2250	2262	2248	2526	2279	2805	2258	1648	1986	2111	2280	2709	3203	3661	3143	3043	3065	3073	2276	1596	1502	1627	1461	1440	1419	1493	1572	1665	1673	1579	1600	1631	1488	1457	1441	1650	1464	1460	1508	1494	1489	1501	1578	1597	1391	1336
20:50:26	37.0	2836	2743	2797	2165	2032	1897	1792	1746	1729	1696	1728	1739	2654	2622	2358	2139	2236	1847	1787	1695	1637	1708	1647	1635	2231	2183	2237	2290	2281	2299	2274	2512	2271	2857	2282	1630	1959	2085	2306	2717	3159	3705	3162	3032	3063	3074	2241	1620	1494	1614	1514	1426	1417	1523	1611	1668	1694	1619	1615	1625	1473	1457	1475	1675	1444	1462	1486	1503	1490	1503	1554	1616	1388	1370
20:54:26	37.0	2836	2807	2802	2202	2003	1917	1745	1783	1718	1706	1767	1738	2653	2590	2327	2126	2251	1819	1803	1678	1679	1681	1663	1661	2203	2210	2227	2298	2264	2276	2268	2524	2266	2779	2312	1620	2010	2129	2323	2757	3218	3690	3150	3087	3091	3081	2229	1595	1477	1647	1516	1451	1436	1518	1606	1682	1666	1581	1588	1633	1443	1465	1459	1624	1483	1477	1502	1512	1525	1494	1546	1612	1368	1358
20:58:26	37.0	2866	2750	2825	2178	1978	1883	1777	1739	1714	1718	1707	1766	2648	2635	2350	2099	2263	1810	1813	1686	1680	1662	1654	1607	2221	2141	2188	2313	2238	2283	2290	2510	2268	2845	2290	1636	1996	2084	2283	2740	3126	3701	3208	3002	3136	3121	2267	1600	1493	1625	1531	1479	1405	1555	1611	1666	1656	1571	1591	1606	1433	1460	1459	1671	1463	1511	1485	1517	1525	1517	1559	1633	1393	1360
21:02:26	37.0	2870	2768	2824	2162	1983	1879	1784	1764	1729	1688	1727	1767	2685	2605	2356	2159	2223	1861	1809	1707	1646	1650	1692	1626	2208	2219	2221	2282	2293	2312	2279	2516	2253	2851	2342	1656	1985	2118	2370	2740	3195	3720	3234	3088	3114	3165	2222	1617	1502	1654	1509	1440	1413	1512	1610	1661	1662	1611	1634	1630	1477	1444	1441	1692	1487	1483	1493	1466	1513	1524	1553	1617	1372	1369
21:06:26	37.0	2849	2803	2807	2188	1960	1862	1765	1754	1692	1687	1708	1755	2673	2610	2349	2153	2255	1848	1804	1687	1678	1638	1654	1602	2196	2216	2218	2325	2291	2285	2239	2507	2281	2876	2307	1636	1978	2090	2320	2751	3162	3653	3204	3051	3073	3134	2261	1641	1468	1614	1521	1465	1391	1493	1599	1666	1677	1576	1592	1574	1477	1460	1440	1631	1467	1459	1488	1505	1542	1479	1539	1611	1377	1346
21:10:26	37.0	2894	2821	2842	2167	2003	1871	1759	1741	1758	1664	1718	1742	2704	2640	2351	2113	2215	1836	1812	1685	1707	1676	1677	1652	2202	2212	2235	2334	2269	2276	2264	2529	2325	2863	2312	1630	1999	2136	2317	2702	3230	3708	3194	3086	3100	3132	2262	1613	1473	1623	1473	1454	1412	1523	1608	1641	1664	1600	1602	1622	1475	1497	1471	1641	1443	1463	1516	1457	1512	1490	1543	1617	1410	1333
21:14:26	37.0	2885	2794	2794	2189	1986	1903	1792	1769	1728	1722	1755	1717	2700	2627	2383	2125	2208	1835	1802	1734	1693	1682	1660	1645	2246	2222	2262	2301	2286	2271	2273	2581	2278	2871	2293	1655	1981	2151	2282	2781	3243	3725	3193	3121	3110	3134	2251	1630	1476	1641	1527	1460	1423	1512	1598	1692	1659	1572	1571	1640	1469	1493	1440	1711	1487	1473	1554	1519	1503	1522	1558	1594	1380	1334
21:18:26	37.0	2930	2802	2874	2163	1990	1905	1778	1785	1689	1696	1704	1769	2660	2630	2370	2159	2284	1871	1833	1709	1656	1685	1644	1627	2212	2269	2247	2346	2304	2334	2300	2581	2310	2847	2332	1622	2025	2148	2361	2779	3233	3771	3218	3079	3089	3161	2285	1636	1480	1649	1547	1444	1408	1484	1625	1717	1661	1622	1601	1609	1501	1457	1463	1701	1491	1468	1542	1521	1499	1526	1546	1604	1391	1384
21:22:26	37.0	2920	2814	2880	2231	1990	1889	1809	1793	1721	1709	1772	1813	2715	2616	2378	2145	2274	1896	1814	1729	1694	1662	1678	1659	2231	2256	2210	2353	2304	2349	2306	2574	2299	2892	2321	1647	1973	2165	2340	2776	3266	3737	3231	3069	3142	3163	2308	1591	1473	1631	1502	1466	1423	1497	1616	1695	1673	1624	1595	1651	1466	1492	1462	1719	1487	1484	1532	1548	1527	1513	1586	1643	1408	1362
21:26:26	37.0	2906	2834	2867	2201	1997	1900	1760	1762	1726	1706	1746	1800	2743	2652	2349	2130	2302	1831	1797	1730	1670	1688	1657	1662	2290	2235	2264	2304	2309	2261	2332	2559	2292	2938	2320	1636	1976	2150	2370	2771	3285	3742	3208	3117	3122	3136	2296	1633	1533	1659	1476	1443	1423	1528	1615	1676	1687	1580	1626	1653	1481	1471	1482	1690	1484	1474	1556	1534	1494	1516	1561	1615	1403	1359
21:30:26	37.0	2932	2866	2871	2223	1985	1925	1789	1775	1714	1670	1740	1780	2734	2707	2389	2205	2295	1862	1794	1735	1701	1693	1646	1665	2256	2242	2278	2383	2360	2331	2318	2556	2352	2930	2352	1664	2024	2145	2392	2789	3225	3706	3229	3131	3136	3179	2318	1616	1500	1621	1522	1441	1420	1505	1609	1723	1688	1606	1591	1614	1456	1485	1465	1670	1496	1470	1526	1512	1548	1502	1555	1610	1377	1357
21:34:26	37.0	2961	2869	2871	2196	2035	1893	1783	1787	1712	1721	1756	1807	2726	2677	2391	2174	2294	1859	1836	1717	1682	1676	1688	1673	2273	2268	2237	2390	2336	2334	2329	2599	2319	2952	2346	1657	2041	2154	2387	2810	3242	3761	3242	3097	3156	3197	2304	1608	1518	1662	1513	1482	1408	1523	1615	1678	1687	1627	1639	1609	1506	1494	1496	1701	1476	1457	1551	1483	1542	1502	1579	1609	1392	1316
21:38:26	37.0	2948	2792	2905	2220	2030	1941	1799	1798	1739	1678	1745	1776	2732	2687	2338	2133	2269	1842	1814	1724	1720	1691	1663	1608	2256	2268	2267	2303	2352	2326	2293	2578	2304	2886	2358	1693	2008	2157	2343	2851	3292	3744	3248	3131	3149	3224	2286	1608	1485	1660	1506	1443	1414	1488	1599	1698	1673	1575	1562	1617	1494	1464	1441	1709	1457	1470	1542	1526	1541	1503	1582	1618	1376	1328
21:42:26	37.0	2937	2878	2885	2223	2036	1953	1787	1788	1732	1726	1779	1773	2737	2666	2407	2158	2254	1867	1807	1730	1685	1680	1650	1638	2252	2248	2263	2389	2320	2278	2348	2597	2324	2979	2332	1650	2025	2165	2378	2847	3241	3748	3256	3103	3197	3228	2317	1623	1489	1650	1520	1447	1418	1503	1632	1674	1684	1624	1594	1635	1503	1492	1476	1738	1516	1498	1523	1505	1552	1519	1567	1624	1398	1354
21:46:26	37.0	2953	2869	2919	2225	1981	1891	1820	1794	1752	1718	1747	1778	2747	2695	2421	2150	2271	1851	1847	1740	1681	1708	1664	1679	2298	2252	2292	2377	2332	2346	2339	2598	2350	2954	2398	1655	1988	2159	2391	2860	3295	3785	3247	3098	3166	3209	2347	1636	1504	1647	1547	1470	1410	1543	1595	1710	1660	1614	1598	1658	1525	1472	1483	1699	1489	1472	1556	1538	1525	1498	1606	1655	1397	1350
21:50:26	37.0	2991	2857	2900	2236	2010	1920	1823	1796	1679	1730	1723	1766	2747	2701	2407	2180	2289	1853	1800	1713	1711	1688	1651	1694	2312	2256	2289	2354	2381	2374	2324	2655	2354	2964	2366	1675	2047	2173	2404	2852	3262	3762	3229	3089	3177	3240	2354	1664	1467	1624	1499	1462	1403	1522	1612	1708	1707	1602	1597	1634	1522	1514	1481	1695	1502	1470	1543	1549	1526	1501	1583	1645	1364	1372
21:54:26	37.0	2937	2867	2933	2211	1995	1883	1811	1768	1764	1683	1715	1782	2733	2690	2365	2199	2300	1857	1837	1747	1705	1677	1679	1627	2276	2267	2238	2357	2372	2337	2297	2615	2346	3011	2415	1669	2034	2162	2394	2831	3311	3800	3243	3128	3210	3263	2328	1627	1521	1615	1528	1454	1412	1495	1639	1687	1676	1606	1619	1665	1494	1475	1500	1714	1498	1478	1546	1497	1532	1508	1558	1633	1379	1360
21:58:26	37.0	3002	2896	2906	2217	2017	1894	1823	1800	1712	1733	1761	1777	2719	2700	2459	2188	2339	1850	1806	1730	1683	1678	1676	1661	2302	2272	2318	2386	2387	2343	2320	2638	2389	3033	2404	1635	2041	2183	2395	2855	3310	3808	3316	3105	3183	3280	2342	1611	1490	1668	1547	1467	1436	1542	1639	1728	1662	1602	1638	1646	1482	1498	1487	1705	1498	1480	1492	1505	1533	1540	1550	1635	1362	1346
22:02:26	37.0	3018	2860	2955	2243	2037	1922	1800	1804	1723	1687	1740	1770	2744	2663	2405	2187	2295	1892	1840	1743	1710	1714	1678	1688	2335	2286	2302	2396	2328	2363	2287	2621	2365	3031	2362	1626	2055	2187	2462	2882	3398	3824	3312	3131	3182	3306	2400	1651	1546	1641	1521	1483	1436	1537	1638	1704	1673	1626	1594	1642	1491	1480	1487	1733	1473	1468	1543	1497	1544	1527	1558	1610	1433	1366
22:06:26	37.0	2995	2871	2933	2217	2033	1903	1788	1757	1763	1723	1766	1791	2757	2694	2458	2176	2335	1867	1853	1700	1673	1727	1686	1677	2299	2293	2295	2402	2330	2354	2365	2642	2377	3064	2407	1673	2018	2161	2404	2893	3293	3877	3330	3145	3222	3289	2350	1614	1513	1646	1520	1433	1428	1528	1645	1652	1658	1625	1602	1616	1491	1478	1504	1710	1530	1474	1569	1543	1569	1490	1574	1626	1359	1331
22:10:26	37.0	2996	2939	2930	2275	2035	1917	1820	1780	1780	1694	1779	1783	2764	2695	2419	2149	2314	1865	1806	1757	1698	1672	1696	1659	2295	2302	2287	2399	2320	2357	2302	2700	2377	3050	2384	1620																																						
0:00:00																																																																											
0:00:00																																																																											
0:00:00																																																																											
0:00:00																																																																											
0:00:00																																																																											
0:00:00																																																																											
0:00:00																																																																											
0:00:00																																																																											
0:00:00																																																																											
0:00:00																																																																											
0:00:00																																																																											
0:00:00																																																																											
0:00:00																																																																											
0:00:00																																																																											
0:00:00																																																																											
0:00:00																																																																											
0:00:00																																																																											
0:00:00																																																																											
0:00:00																																																																											
0:00:00																																																																											
0:00:00																																																																											
0:00:00																																																																											
0:00:00																																																																											
0:00:00																																																																											
0:00:00																																																																											
0:00:00																																																																											
0:00:00																																																																											
0:00:00																																																																											

od600:600

Time	T° od600:600	B1	B2	B3	B4	B5	B6	B7	B8	B9	B10	B11	B12	C1	C2	C3	C4	C5	C6	C7	C8	C9	C10	C11	C12	D1	D2	D3	D4	D5	D6	D7	D8	D9	D10	D11	D12	E1	E2	E3	E4	E5	E6	E7	E8	E9	E10	E11	E12	F1	F2	F3	F4	F5	F6	F7	F8	F9	F10	F11	F12	G1	G2	G3	G4	G5	G6	G7	G8	G9	G10	G11	G12	H11	H12
0:03:12	37.0	0.133	0.139	0.141	0.145	0.143	0.141	0.137	0.145	0.137	0.141	0.140	0.136	0.138	0.149	0.137	0.154	0.132	0.143	0.148	0.142	0.142	0.136	0.136	0.147	0.137	0.141	0.142	0.136	0.143	0.136	0.145	0.154	0.145	0.135	0.139	0.141	0.139	0.140	0.151	0.148	0.151	0.141	0.154	0.155	0.136	0.142	0.141	0.134	0.138	0.139	0.137	0.139	0.146	0.144	0.145	0.152	0.150	0.139	0.140	0.138	0.143	0.136	0.139	0.136	0.138	0.134	0.145	0.139	0.149	0.141	0.137	0.141	0.147	0.142
0:07:12	36.9	0.132	0.139	0.141	0.145	0.144	0.141	0.136	0.145	0.136	0.140	0.140	0.135	0.137	0.148	0.137	0.155	0.132	0.143	0.146	0.142	0.142	0.135	0.136	0.147	0.136	0.141	0.142	0.136	0.141	0.136	0.145	0.154	0.144	0.135	0.138	0.141	0.138	0.141	0.150	0.148	0.151	0.141	0.154	0.155	0.136	0.142	0.140	0.134	0.137	0.140	0.137	0.139	0.146	0.144	0.144	0.152	0.149	0.139	0.140	0.138	0.143	0.136	0.138	0.139	0.138	0.134	0.144	0.139	0.148	0.141	0.137	0.141	0.147	0.142
0:11:12	37.0	0.132	0.139	0.141	0.144	0.144	0.140	0.136	0.145	0.136	0.140	0.139	0.134	0.137	0.148	0.137	0.156	0.132	0.143	0.147	0.141	0.142	0.135	0.135	0.147	0.136	0.141	0.142	0.136	0.140	0.136	0.145	0.154	0.144	0.134	0.136	0.141	0.139	0.141	0.150	0.147	0.150	0.141	0.153	0.155	0.135	0.141	0.140	0.135	0.137	0.139	0.137	0.139	0.146	0.143	0.144	0.152	0.148	0.139	0.139	0.138	0.143	0.136	0.138	0.138	0.138	0.134	0.145	0.138	0.148	0.141	0.136	0.141	0.147	0.142
0:15:12	36.9	0.133	0.140	0.141	0.144	0.144	0.140	0.136	0.144	0.137	0.140	0.139	0.134	0.136	0.149	0.137	0.155	0.132	0.143	0.147	0.141	0.141	0.135	0.135	0.146	0.136	0.141	0.142	0.136	0.143	0.136	0.145	0.154	0.144	0.135	0.139	0.141	0.141	0.141	0.150	0.146	0.151	0.140	0.153	0.155	0.136	0.141	0.140	0.135	0.137	0.139	0.137	0.138	0.146	0.143	0.145	0.152	0.148	0.139	0.140	0.138	0.143	0.136	0.137	0.138	0.138	0.134	0.146	0.138	0.148	0.141	0.136	0.141	0.147	0.142
0:19:12	37.0	0.133	0.140	0.141	0.144	0.144	0.140	0.136	0.145	0.137	0.140	0.139	0.134	0.136	0.149	0.137	0.156	0.132	0.143	0.147	0.141	0.141	0.135	0.136	0.146	0.136	0.141	0.142	0.137	0.142	0.136	0.145	0.154	0.144	0.135	0.141	0.142	0.142	0.141	0.150	0.145	0.150	0.140	0.153	0.155	0.136	0.142	0.140	0.135	0.137	0.139	0.137	0.138	0.146	0.143	0.145	0.153	0.148	0.139	0.140	0.138	0.143	0.135	0.138	0.137	0.138	0.134	0.144	0.138	0.148	0.141	0.136	0.141	0.149	0.144
0:23:12	37.0	0.132	0.140	0.141	0.144	0.144	0.140	0.136	0.145	0.137	0.140	0.140	0.134	0.136	0.149	0.137	0.155	0.132	0.142	0.148	0.141	0.141	0.135	0.135	0.147	0.137	0.141	0.142	0.137	0.140	0.137	0.145	0.154	0.144	0.135	0.137	0.142	0.140	0.141	0.150	0.145	0.150	0.141	0.152	0.154	0.136	0.141	0.140	0.135	0.137	0.139	0.137	0.141	0.146	0.143	0.145	0.153	0.147	0.139	0.140	0.138	0.142	0.135	0.138	0.136	0.138	0.134	0.144	0.138	0.148	0.141	0.135	0.141	0.150	0.145
0:27:12	37.0	0.132	0.140	0.141	0.144	0.144	0.140	0.136	0.145	0.137	0.140	0.141	0.133	0.136	0.149	0.137	0.155	0.132	0.142	0.148	0.142	0.141	0.135	0.136	0.146	0.137	0.141	0.142	0.140	0.142	0.137	0.145	0.154	0.143	0.135	0.137	0.142	0.140	0.141	0.150	0.145	0.150	0.140	0.152	0.154	0.136	0.142	0.140	0.135	0.137	0.139	0.137	0.142	0.146	0.144	0.145	0.153	0.147	0.138	0.140	0.139	0.142	0.135	0.138	0.138	0.138	0.134	0.144	0.138	0.148	0.140	0.135	0.141	0.150	0.145
0:31:12	37.0	0.132	0.140	0.141	0.145	0.144	0.140	0.137	0.146	0.137	0.140	0.141	0.133	0.136	0.149	0.137	0.155	0.132	0.143	0.148	0.142	0.141	0.135	0.136	0.147	0.137	0.141	0.142	0.141	0.141	0.137	0.145	0.154	0.143	0.135	0.137	0.142	0.141	0.141	0.150	0.145	0.150	0.140	0.152	0.154	0.136	0.141	0.140	0.136	0.137	0.139	0.138	0.143	0.146	0.145	0.146	0.153	0.147	0.138	0.140	0.139	0.142	0.135	0.138	0.141	0.138	0.134	0.145	0.138	0.148	0.140	0.135	0.142	0.151	0.146
0:35:12	37.0	0.132	0.140	0.141	0.144	0.144	0.140	0.137	0.146	0.138	0.140	0.142	0.133	0.136	0.149	0.137	0.155	0.132	0.143	0.148	0.142	0.141	0.136	0.136	0.147	0.137	0.141	0.142	0.142	0.145	0.137	0.146	0.154	0.143	0.136	0.138	0.142	0.140	0.142	0.150	0.145	0.150	0.140	0.152	0.154	0.136	0.141	0.140	0.135	0.137	0.139	0.138	0.145	0.146	0.145	0.147	0.153	0.147	0.139	0.140	0.139	0.142	0.135	0.138	0.141	0.138	0.134	0.144	0.138	0.148	0.140	0.135	0.142	0.151	0.146
0:39:12	37.0	0.133	0.140	0.141	0.145	0.145	0.140	0.137	0.147	0.138	0.140	0.142	0.133	0.136	0.149	0.138	0.155	0.132	0.143	0.149	0.142	0.141	0.136	0.136	0.147	0.137	0.142	0.143	0.143	0.145	0.138	0.147	0.154	0.144	0.136	0.138	0.143	0.141	0.142	0.150	0.145	0.151	0.141	0.152	0.154	0.137	0.142	0.140	0.136	0.137	0.139	0.138	0.145	0.146	0.145	0.147	0.153	0.147	0.139	0.140	0.139	0.142	0.135	0.138	0.141	0.139	0.134	0.144	0.138	0.148	0.140	0.136	0.142	0.151	0.146
0:43:12	37.0	0.133	0.140	0.141	0.145	0.145	0.140	0.137	0.146	0.138	0.140	0.142	0.133	0.137	0.149	0.138	0.157	0.132	0.143	0.149	0.142	0.141	0.136	0.136	0.147	0.137	0.142	0.143	0.143	0.142	0.138	0.148	0.154	0.144	0.137	0.138	0.143	0.141	0.144	0.150	0.145	0.151	0.141	0.152	0.154	0.137	0.142	0.140	0.136	0.139	0.139	0.139	0.145	0.147	0.145	0.147	0.153	0.147	0.139	0.141	0.140	0.142	0.135	0.138	0.140	0.139	0.135	0.144	0.138	0.148	0.140	0.136	0.143	0.151	0.146
0:47:12	37.0	0.133	0.140	0.141	0.145	0.144	0.140	0.137	0.146	0.138	0.140	0.141	0.133	0.137	0.149	0.138	0.156	0.132	0.143	0.149	0.143	0.141	0.136	0.136	0.147	0.138	0.142	0.143	0.143	0.144	0.138	0.148	0.154	0.144	0.136	0.138	0.143	0.141	0.144	0.150	0.145	0.151	0.141	0.152	0.154	0.137	0.142	0.140	0.137	0.138	0.139	0.138	0.144	0.146	0.145	0.147	0.153	0.149	0.139	0.141	0.140	0.142	0.135	0.138	0.138	0.139	0.135	0.144	0.139	0.148	0.141	0.136	0.144	0.151	0.146
0:51:12	37.0	0.133	0.140	0.141	0.146	0.144	0.141	0.137	0.146	0.138	0.140	0.141	0.134	0.137	0.150	0.138	0.157	0.132	0.143	0.150	0.143	0.141	0.136	0.137	0.148	0.138	0.143	0.144	0.143	0.143	0.139	0.150	0.155	0.144	0.137	0.138	0.144	0.141	0.146	0.150	0.145	0.151	0.141	0.152	0.155	0.137	0.142	0.141	0.137	0.139	0.140	0.139	0.144	0.146	0.145	0.147	0.154	0.148	0.139	0.141	0.141	0.142	0.135	0.139	0.136	0.139	0.135	0.144	0.139	0.148	0.141	0.136	0.144	0.151	0.146
0:55:12	37.0	0.134	0.141	0.142	0.146	0.145	0.141	0.137	0.146	0.139	0.140	0.141	0.134	0.137	0.150	0.138	0.158	0.132	0.144	0.150	0.143	0.141	0.137	0.137	0.148	0.138	0.144	0.144	0.143	0.146	0.139	0.150	0.155	0.144	0.137	0.139	0.145	0.141	0.145	0.151	0.145	0.151	0.141	0.153	0.155	0.137	0.142	0.141	0.138	0.142	0.140	0.139	0.144	0.146	0.145	0.147	0.154	0.147	0.139	0.142	0.141	0.143	0.135	0.139	0.138	0.140	0.136	0.144	0.139	0.148	0.141	0.136	0.145	0.151	0.146
0:59:12	37.0	0.134	0.141	0.141	0.146	0.145	0.141	0.137	0.146	0.139	0.141	0.141	0.134	0.137	0.150	0.139	0.160	0.133	0.144	0.151	0.143	0.142	0.137	0.138	0.148	0.139	0.144	0.144	0.143	0.147	0.140	0.150	0.155	0.145	0.137	0.139	0.145	0.142	0.146	0.151	0.145	0.151	0.142	0.153	0.156	0.137	0.143	0.141	0.139	0.143	0.140	0.139	0.143	0.146	0.145	0.147	0.154	0.148	0.139	0.142	0.142	0.143	0.135	0.140	0.137	0.140	0.136	0.145	0.139	0.148	0.141	0.136	0.145	0.151	0.146
1:03:12	37.0	0.135	0.141	0.142	0.146	0.145	0.141	0.137	0.147	0.139	0.141	0.141	0.135	0.137	0.150	0.139	0.158	0.133	0.144	0.151	0.144	0.142	0.137	0.138	0.149	0.139	0.145	0.145	0.143	0.144	0.140	0.152	0.156	0.145	0.138	0.140	0.146	0.142	0.145	0.151	0.146	0.152	0.142	0.153	0.156	0.138	0.143	0.141	0.139	0.144	0.140	0.139	0.143	0.147	0.145	0.147	0.155	0.148	0.139	0.143	0.143	0.143	0.136	0.140	0.136	0.140	0.136	0.145	0.140	0.149	0.141	0.137	0.146	0.151	0.146
1:07:12	37.0	0.135	0.142	0.142	0.147	0.145	0.142	0.138	0.147	0.140	0.141	0.141	0.135	0.138	0.151	0.140	0.160	0.134	0.145	0.152	0.144	0.142	0.138	0.139	0.150	0.140	0.146	0.146	0.142	0.144	0.141	0.153	0.157	0.146	0.138	0.140	0.147	0.142	0.147	0.152	0.146	0.152	0.143	0.154	0.157	0.139	0.144	0.142	0.140	0.144	0.141	0.140	0.143	0.147	0.145	0.148	0.155	0.147	0.140	0.143	0.144	0.143	0.136	0.143	0.138	0.141	0.137	0.145	0.140	0.149	0.141	0.137	0.146	0.151	0.147
1:11:12	37.0	0.136	0.143	0.143	0.148	0.146	0.143	0.138	0.148	0.141	0.142	0.142	0.136	0.139	0.152	0.140	0.161	0.134	0.146	0.153	0.145	0.143	0.139	0.139	0.151	0.141	0.147	0.147	0.143	0.145	0.143	0.155	0.157	0.147	0.139	0.141	0.148	0.143	0.145	0.152	0.147	0.153	0.143	0.154	0.157	0.139	0.144	0.142	0.141	0.142	0.141	0.141	0.142	0.148	0.144	0.148	0.156	0.149	0.141	0.144	0.146	0.144	0.137	0.145	0.137	0.141	0.137	0.146	0.141	0.149	0.142	0.138	0.147	0.153	0.148
1:15:12	37.0	0.137	0.143	0.145	0.149	0.146	0.143	0.139	0.148	0.141	0.142	0.142	0.137	0.139	0.152	0.141	0.160	0.135	0.146	0.154	0.145	0.144	0.139	0.140	0.152	0.142	0.148	0.148	0.144	0.147	0.144	0.154	0.158	0.148	0.140	0.142	0.149	0.143	0.149	0.153	0.147	0.154	0.144	0.155	0.157	0.140	0.145	0.143	0.142	0.141	0.142	0.141	0.142	0.148	0.145	0.149	0.157	0.150	0.141	0.145	0.146	0.144	0.137	0.145	0.138	0.142	0.138	0.146	0.141	0.150	0.142	0.138	0.148	0.154	0.150
1:19:12	37.0	0.138	0.144	0.148	0.149	0.147	0.144	0.139	0.149	0.142	0.143	0.143	0.137	0.139	0.153	0.141	0.161	0.135	0.147	0.154	0.146	0.144	0.140	0.141	0.153	0.143	0.149	0.149	0.145	0.147	0.145	0.154	0.160	0.148	0.141	0.143	0.150	0.144	0.149	0.154	0.148	0.154	0.145	0.156	0.158	0.140	0.145	0.144	0.143	0.141	0.142	0.142	0.143	0.149	0.145	0.149	0.157	0.150	0.141	0.145	0.148	0.145	0.137	0.145	0.138	0.142	0.138	0.147	0.142	0.150	0.143	0.139	0.148	0.155	0.151
1:23:12	37.0	0.138	0.145	0.150	0.150	0.147	0.145	0.140	0.149	0.143	0.144	0.144	0.138	0.140	0.153	0.142	0.163	0.136	0.148	0.155	0.147	0.145	0.141	0.141	0.154	0.145	0.151	0.151	0.146	0.148	0.146	0.155	0.161	0.149	0.142	0.144	0.151	0.145	0.150	0.155	0.149	0.155	0.146	0.156	0.159	0.141	0.147	0.144	0.144	0.141	0.143	0.143	0.143	0.149	0.145	0.150	0.158	0.150	0.142	0.146	0.148	0.146	0.138	0.146	0.139	0.143	0.139	0.148	0.142	0.151	0.143	0.140	0.149	0.157	0.153
1:27:12	36.9	0.139	0.146	0.149	0.151	0.148	0.145	0.140	0.150	0.143	0.144	0.144	0.139	0.141	0.154	0.143	0.163	0.137	0.148	0.156	0.147	0.145	0.141	0.142	0.155	0.146	0.152	0.152	0.148	0.149	0.148	0.157	0.162	0.151	0.143	0.145	0.152	0.146	0.149	0.155	0.149	0.156	0.147	0.157	0.159	0.142	0.147	0.145	0.145	0.142	0.144	0.143	0.144	0.150	0.146	0.151	0.159	0.150	0.143	0.147	0.150	0.146	0.138	0.147	0.140	0.144	0.140	0.151	0.143	0.152	0.144	0.141	0.150	0.159	0.155
1:31:12	37.0	0.140	0.147	0.149	0.151	0.149	0.146	0.141	0.150	0.144	0.145	0.145	0.140	0.141	0.154	0.144	0.163	0.137	0.149	0.157	0.148	0.146	0.142	0.143	0.156	0.147	0.154	0.154	0.150	0.151	0.150	0.162	0.164	0.152	0.144	0.147	0.152	0.146	0.150	0.157	0.150	0.157	0.148	0.158	0.160	0.143	0.148	0.146	0.146	0.142	0.144	0.144	0.144	0.150	0.146	0.151	0.159	0.151	0.143	0.148	0.151	0.147	0.139	0.147	0.141	0.144	0.140	0.152	0.144	0.153	0.144	0.142	0.151	0.161	0.157
1:35:12	37.0	0.141	0.148	0.150	0.152	0.149	0.147	0.142	0.151	0.145	0.145	0.146	0.141	0.142	0.155	0.144	0.163	0.138	0.149	0.158	0.149	0.147	0.142	0.144	0.158	0.149	0.156	0.156	0.152	0.152	0.151	0.163	0.165	0.153	0.146	0.149	0.154	0.148	0.151	0.158	0.151	0.158	0.149	0.159	0.161	0.144	0.149	0.147	0.147	0.143	0.145	0.144	0.144	0.151	0.147	0.152	0.160	0.151	0.144	0.149	0.153	0.147	0.140	0.148	0.141	0.145	0.141	0.152	0.145	0.154	0.145	0.143	0.153	0.164	0.160
1:39:12	37.0	0.142	0.149	0.151	0.153	0.150	0.147	0.142	0.152	0.145	0.146	0.146	0.142	0.143	0.156	0.145	0.165	0.139	0.150	0.158	0.149	0.147	0.143	0.144	0.159	0.150	0.158	0.158	0.154	0.154	0.153	0.165	0.167	0.155	0.147	0.150	0.155	0.148	0.151	0.159	0.152	0.159	0.150	0.160	0.162	0.145	0.151	0.149	0.149	0.144	0.145	0.145	0.145	0.151	0.147	0.153	0.160	0.152	0.145	0.149	0.155	0.148	0.141	0.149	0.143	0.146	0.142	0.152	0.146	0.155	0.146	0.144	0.153	0.166	0.164
1:43:12	37.0	0.143	0.150	0.152	0.154	0.151	0.148	0.143	0.152	0.146	0.147	0.147	0.144	0.144	0.157	0.146	0.163	0.139	0.151	0.159	0.150	0.148	0.144	0.145	0.161	0.152	0.160	0.160	0.156	0.156	0.155	0.167	0.169	0.157	0.149	0.152	0.156	0.149	0.153	0.160	0.153	0.160	0.151	0.161	0.163	0.146	0.153	0.150	0.150	0.145	0.146	0.145	0.145	0.152	0.148	0.153	0.161	0.152	0.145	0.150	0.157	0.149	0.141	0.148	0.144	0.147	0.143	0.152	0.148	0.156	0.147	0.145	0.153	0.169	0.168
1:47:12	37.0	0.144	0.151	0.151	0.155	0.151	0.149	0.144	0.153	0.147	0.147	0.148	0.145	0.145	0.158	0.147	0.164	0.140	0.151	0.160	0.151	0.149	0.145	0.146	0.163	0.153	0.163	0.163	0.159	0.159	0.158	0.169	0.171	0.158	0.151	0.155	0.158	0.151	0.154	0.162	0.155	0.162	0.153	0.162	0.165	0.148	0.153	0.152	0.152	0.146	0.147	0.146	0.145	0.153	0.149	0.154	0.162	0.153	0.146	0.151	0.159	0.150	0.142	0.150	0.145	0.149	0.145	0.152	0.149	0.157	0.148	0.147	0.155	0.173	0.172
1:51:12	37.0	0.145	0.152	0.152	0.156	0.152	0.150	0.145	0.154	0.148	0.149	0.149	0.147	0.146	0.159	0.148	0.166	0.141	0.152	0.160	0.152	0.150	0.146	0.147	0.165	0.155	0.165	0.166	0.162	0.161	0.160	0.172	0.173	0.161	0.153	0.158	0.160	0.152	0.158	0.164	0.156	0.163	0.155	0.164	0.167	0.149	0.155	0.154	0.154	0.147	0.148	0.147	0.146	0.154	0.149	0.155	0.163	0.154	0.147	0.152	0.162	0.151	0.144	0.152	0.147	0.150	0.147	0.152	0.151	0.159	0.150	0.149	0.157	0.177	0.178
1:55:12	37.0	0.146	0.153	0.152	0.157	0.154	0.151	0.146	0.155	0.149	0.150	0.150	0.149	0.147	0.160	0.149	0.166	0.142	0.153	0.162	0.153	0.151	0.147	0.148	0.168	0.158	0.169	0.169	0.166	0.165	0.164	0.174	0.176	0.164	0.156	0.161	0.162	0.153	0.155	0.166	0.158	0.166	0.157	0.166	0.169	0.152	0.157	0.156	0.157	0.149	0.149	0.148	0.149	0.155	0.150	0.156	0.163	0.155	0.148	0.153	0.166	0.153	0.145	0.154	0.148	0.152	0.149	0.153	0.153	0.162	0.151	0.151	0.160	0.182	0.184
1:59:12	37.0	0.148	0.155	0.154	0.158	0.155	0.152	0.147	0.157	0.150	0.151	0.151	0.152	0.149	0.161	0.150	0.167	0.144	0.155	0.162	0.154	0.152	0.148	0.149	0.171	0.159	0.172	0.173	0.170	0.168	0.167	0.178	0.180	0.167	0.159	0.164	0.165	0.154	0.159	0.169	0.160	0.168	0.160	0.168	0.171	0.154	0.160	0.159	0.160	0.150	0.150	0.149	0.149	0.156	0.151	0.157	0.165	0.156	0.149	0.155	0.170	0.154	0.147	0.156	0.150	0.154	0.151	0.155	0.156	0.164	0.153	0.154	0.163	0.187	0.190
2:03:12	37.0	0.149	0.157	0.155	0.159	0.156	0.154	0.149	0.158	0.151	0.152	0.152	0.155	0.150	0.163	0.152	0.170	0.145	0.156	0.164	0.155	0.153	0.149	0.150	0.174	0.162	0.176	0.177	0.174	0.172	0.172	0.181	0.184	0.171	0.163	0.168	0.168	0.156	0.159	0.172	0.163	0.171	0.163	0.170	0.174	0.157	0.163	0.162	0.164	0.152	0.152	0.151	0.151	0.157	0.152	0.159	0.166	0.158	0.151	0.156	0.174	0.157	0.149	0.158	0.153	0.157	0.153	0.158	0.159	0.167	0.155	0.157	0.166	0.193	0.198
2:07:12	37.0	0.151	0.158	0.157	0.161	0.158	0.155	0.150	0.159	0.153	0.154	0.153	0.158	0.152	0.164	0.154	0.171	0.147	0.157	0.165	0.157	0.155	0.151	0.152	0.178	0.164	0.181	0.182	0.179	0.177	0.177	0.186	0.188	0.175	0.167	0.173	0.171	0.158	0.163	0.175	0.166	0.174	0.166	0.174	0.177	0.160	0.165	0.166	0.168	0.154	0.154	0.152	0.152	0.159	0.153	0.161	0.168	0.159	0.152	0.158	0.179	0.159	0.151	0.161	0.156	0.160	0.156	0.162	0.162	0.170	0.157	0.161	0.171	0.200	0.206
2:11:12	37.0	0.153	0.160	0.159	0.163	0.159	0.157	0.152	0.161	0.155	0.155	0.155	0.162	0.154	0.166	0.156	0.173	0.149	0.159	0.167	0.158	0.157	0.152	0.154	0.182	0.167	0.186	0.188	0.184	0.182	0.182	0.191	0.193	0.180	0.171	0.178	0.174	0.159	0.168	0.179	0.170	0.178	0.171	0.177	0.182	0.163	0.169	0.170	0.172	0.157	0.155	0.154	0.153	0.161	0.155	0.163	0.169	0.161	0.154	0.160	0.184	0.162	0.154	0.165	0.159	0.163	0.159	0.163	0.166	0.173	0.160	0.165	0.177	0.208	0.215
2:15:12	37.0	0.155	0.163	0.160	0.165	0.161	0.159	0.154	0.163	0.157	0.157	0.158	0.166	0.156	0.168	0.158	0.176	0.151	0.161	0.169	0.160	0.158	0.154	0.156	0.187	0.170	0.192	0.194	0.189	0.188	0.189	0.196	0.199	0.186	0.177	0.185	0.178	0.162	0.168	0.183	0.174	0.183	0.175	0.181	0.186	0.168	0.173	0.175	0.177	0.160	0.158	0.156	0.155	0.163	0.157	0.165	0.172	0.163	0.156	0.163	0.191	0.164	0.157	0.168	0.165	0.167	0.163	0.165	0.170	0.177	0.163	0.169	0.182	0.217	0.225
2:19:12	37.0	0.158	0.165	0.163	0.167	0.163	0.161	0.156	0.165	0.159	0.159	0.160	0.171	0.159	0.170	0.160	0.177	0.153	0.163	0.171	0.162	0.160	0.157	0.158	0.192	0.173	0.198	0.200	0.196	0.194	0.196	0.203	0.205	0.191	0.182	0.191	0.183	0.164	0.174	0.189	0.179	0.187	0.181	0.186	0.191	0.173	0.179	0.180	0.183	0.163	0.160	0.159	0.157	0.165	0.159	0.167	0.174	0.166	0.158	0.165	0.198	0.168	0.160	0.172	0.167	0.171	0.167	0.167	0.175	0.182	0.166	0.174	0.188	0.226	0.236
2:23:12	37.0	0.161	0.168	0.166	0.169	0.166	0.163	0.159	0.167	0.161	0.162	0.161	0.176	0.161	0.173	0.163	0.179	0.155	0.165	0.173	0.165	0.163	0.159	0.160	0.198	0.177	0.205	0.207	0.202	0.202	0.203	0.210	0.212	0.198	0.189	0.199	0.189	0.166	0.176	0.194	0.184	0.193	0.187	0.190	0.197	0.178	0.185	0.186	0.189	0.166	0.163	0.162	0.160	0.168	0.161	0.170	0.176	0.168	0.161	0.168	0.205	0.171	0.165	0.175	0.172	0.176	0.172	0.170	0.180	0.188	0.171	0.180	0.195	0.237	0.248
2:27:12	37.0	0.163	0.171	0.169	0.172	0.168	0.167	0.161	0.170	0.163	0.164	0.165	0.183	0.164	0.175	0.165	0.182	0.158	0.168	0.176	0.167	0.165	0.162	0.163	0.204	0.182	0.212	0.216	0.210	0.210	0.212	0.218	0.219	0.205	0.197	0.207	0.195	0.169	0.179	0.200	0.191	0.200	0.194	0.197	0.204	0.185	0.192	0.193	0.196	0.171	0.166	0.165	0.162	0.171	0.164	0.173	0.180	0.172	0.164	0.172	0.214	0.176	0.169	0.179	0.178	0.181	0.178	0.174	0.187	0.194	0.175	0.186	0.202	0.250	0.261
2:31:12	37.0	0.167	0.173	0.172	0.175	0.171	0.169	0.164	0.172	0.166	0.167	0.167	0.190	0.167	0.178	0.168	0.184	0.161	0.170	0.178	0.170	0.168	0.164	0.166	0.212	0.186	0.220	0.225	0.219	0.219	0.221	0.226	0.227	0.213	0.205	0.215	0.200	0.172	0.185	0.207	0.197	0.207	0.201	0.203	0.211	0.192	0.198	0.201	0.204	0.175	0.170	0.169	0.166	0.174	0.166	0.177	0.183	0.175	0.168	0.176	0.224	0.181	0.174	0.183	0.184	0.188	0.184	0.178	0.194	0.201	0.180	0.193	0.211	0.264	0.275
2:35:12	37.0	0.170	0.176	0.175	0.178	0.174	0.172	0.167	0.175	0.169	0.169	0.170	0.197	0.170	0.181	0.171	0.187	0.164	0.173	0.181	0.172	0.171	0.167	0.168	0.220	0.191	0.228	0.234	0.228	0.229	0.231	0.235	0.236	0.222	0.213	0.224	0.208	0.175	0.191	0.214	0.205	0.215	0.209	0.210	0.219	0.200	0.205	0.209	0.213	0.181	0.174	0.173	0.169	0.178	0.170	0.181	0.187	0.179	0.172	0.180	0.234	0.186	0.180	0.188	0.191	0.194	0.191	0.183	0.202	0.208	0.186	0.200	0.217	0.278	0.288
2:39:12	37.0	0.173	0.180	0.180	0.180	0.177	0.175	0.170	0.178	0.171	0.173	0.173	0.206	0.174	0.184	0.174	0.188	0.168	0.176	0.183	0.175	0.174	0.170	0.172	0.229	0.195	0.235	0.244	0.238	0.238	0.241	0.245	0.246	0.231	0.222	0.235	0.216	0.177	0.196	0.221	0.212	0.223	0.217	0.217	0.228	0.208	0.213	0.218	0.225	0.187	0.179	0.179	0.174	0.182	0.174	0.185	0.191	0.185	0.176	0.185	0.247	0.193	0.187	0.192	0.198	0.202	0.197	0.189	0.209	0.216	0.192	0.208	0.225	0.293	0.303
2:43:12	37.0	0.177	0.185	0.183	0.184	0.181	0.179	0.174	0.182	0.175	0.177	0.177	0.216	0.179	0.188	0.179	0.193	0.172	0.180	0.186	0.179	0.177	0.173	0.175	0.239	0.199	0.243	0.254	0.248	0.249	0.252	0.255	0.257	0.242	0.233	0.245	0.226	0.181	0.202	0.229	0.221	0.233	0.227	0.226	0.237	0.218	0.222	0.228	0.235	0.193	0.185	0.185	0.179	0.187	0.179	0.190	0.196	0.191	0.181	0.191	0.259	0.200	0.194	0.198	0.207	0.210	0.206	0.194	0.218	0.225	0.199	0.217	0.234	0.308	0.317
2:47:12	37.0	0.182	0.190	0.187	0.188	0.186	0.183	0.178	0.186	0.179	0.181	0.181	0.227	0.184	0.193	0.183	0.197	0.176	0.184	0.190	0.183	0.181	0.177	0.179	0.250	0.203	0.252	0.265	0.260	0.259	0.262	0.265	0.267	0.252	0.243	0.255	0.236	0.186	0.209	0.238	0.230	0.244	0.238	0.236	0.248	0.229	0.232	0.238	0.248	0.201	0.192	0.191	0.185	0.193	0.184	0.196	0.202	0.198	0.187	0.198	0.273	0.208	0.202	0.204	0.216	0.219	0.214	0.201	0.229	0.235	0.206	0.227	0.244	0.323	0.331
2:51:12	37.0	0.185	0.194	0.192	0.193	0.190	0.187	0.183	0.190	0.183	0.185	0.185	0.240	0.188	0.197	0.188	0.202	0.181	0.188	0.195	0.188	0.185	0.182	0.184	0.262	0.210	0.261	0.276	0.272	0.271	0.273	0.277	0.280	0.263	0.254	0.267	0.247	0.190	0.213	0.248	0.240	0.255	0.250	0.246	0.259	0.239	0.243	0.249	0.262	0.209	0.199	0.198	0.192	0.199	0.190	0.203	0.208	0.205	0.193	0.205	0.287	0.216	0.212	0.211	0.226	0.229	0.224	0.209	0.239	0.245	0.215	0.237	0.255	0.337	0.345
2:55:12	37.0	0.190	0.198	0.196	0.197	0.195	0.192	0.188	0.195	0.188	0.190	0.190	0.253	0.193	0.202	0.192	0.206	0.185	0.193	0.199	0.193	0.190	0.186	0.188	0.275	0.219	0.270	0.286	0.284	0.282	0.286	0.287	0.292	0.275	0.265	0.279	0.260	0.194	0.221	0.259	0.251	0.267	0.262	0.258	0.272	0.252	0.255	0.262	0.275	0.219	0.207	0.206	0.199	0.206	0.196	0.211	0.216	0.213	0.201	0.213	0.299	0.226	0.223	0.220	0.238	0.240	0.234	0.218	0.251	0.257	0.225	0.249	0.267	0.353	0.360
2:59:12	37.0	0.194	0.202	0.201	0.202	0.199	0.197	0.193	0.199	0.192	0.195	0.194	0.267	0.198	0.206	0.197	0.211	0.190	0.197	0.203	0.198	0.194	0.191	0.193	0.289	0.231	0.278	0.295	0.293	0.292	0.296	0.298	0.304	0.287	0.279	0.290	0.273	0.198	0.228	0.269	0.262	0.279	0.275	0.270	0.284	0.265	0.268	0.275	0.288	0.228	0.215	0.213	0.207	0.215	0.204	0.219	0.224	0.221	0.209	0.223	0.312	0.236	0.233	0.230	0.251	0.252	0.246	0.229	0.263	0.270	0.236	0.261	0.280	0.368	0.373
3:03:12	37.0	0.198	0.206	0.205	0.206	0.204	0.201	0.197	0.204	0.197	0.199	0.199	0.283	0.203	0.210	0.201	0.214	0.195	0.202	0.208	0.202	0.199	0.195	0.197	0.304	0.236	0.285	0.305	0.304	0.303	0.307	0.309	0.315	0.301	0.292	0.301	0.289	0.202	0.235	0.279	0.274	0.292	0.287	0.282	0.296	0.277	0.280	0.287	0.303	0.238	0.223	0.221	0.214	0.223	0.212	0.228	0.232	0.230	0.217	0.232	0.327	0.248	0.245	0.239	0.264	0.264	0.259	0.240	0.276	0.283	0.247	0.274	0.293	0.383	0.385
3:07:12	37.0	0.206	0.214	0.213	0.210	0.209	0.206	0.202	0.208	0.202	0.204	0.203	0.295	0.208	0.215	0.206	0.221	0.200	0.206	0.213	0.206	0.203	0.200	0.201	0.319	0.241	0.295	0.317	0.316	0.315	0.319	0.320	0.326	0.313	0.304	0.313	0.303	0.205	0.244	0.290	0.285	0.306	0.301	0.297	0.311	0.292	0.292	0.301	0.315	0.249	0.233	0.230	0.223	0.232	0.220	0.237	0.241	0.240	0.226	0.243	0.340	0.260	0.258	0.251	0.283	0.278	0.272	0.252	0.289	0.296	0.260	0.287	0.306	0.396	0.396
3:11:12	37.0	0.217	0.224	0.224	0.219	0.217	0.214	0.211	0.215	0.208	0.211	0.211	0.307	0.215	0.223	0.215	0.228	0.209	0.214	0.219	0.214	0.210	0.207	0.208	0.333	0.246	0.306	0.330	0.328	0.326	0.332	0.332	0.338	0.325	0.317	0.324	0.316	0.211	0.254	0.303	0.298	0.319	0.316	0.309	0.325	0.306	0.306	0.315	0.327	0.262	0.243	0.239	0.231	0.242	0.229	0.246	0.251	0.250	0.237	0.253	0.352	0.273	0.272	0.263	0.293	0.292	0.285	0.266	0.304	0.311	0.273	0.301	0.319	0.408	0.405
3:15:12	37.0	0.228	0.237	0.237	0.231	0.229	0.226	0.220	0.224	0.217	0.221	0.222	0.322	0.228	0.236	0.230	0.239	0.223	0.226	0.228	0.223	0.218	0.215	0.219	0.348	0.254	0.316	0.341	0.340	0.339	0.345	0.344	0.351	0.336	0.328	0.335	0.332	0.218	0.264	0.312	0.309	0.331	0.329	0.322	0.338	0.319	0.320	0.329	0.340	0.273	0.253	0.248	0.241	0.252	0.239	0.257	0.262	0.261	0.247	0.263	0.366	0.287	0.286	0.275	0.309	0.306	0.300	0.279	0.320	0.326	0.288	0.317	0.336	0.417	0.413
3:19:12	37.0	0.234	0.243	0.243	0.240	0.238	0.236	0.231	0.237	0.230	0.234	0.233	0.337	0.235	0.245	0.241	0.250	0.232	0.237	0.242	0.237	0.231	0.229	0.231	0.363	0.260	0.324	0.351	0.352	0.351	0.356	0.355	0.363	0.349	0.341	0.346	0.348	0.231	0.272	0.322	0.321	0.344	0.343	0.335	0.351	0.333	0.332	0.341	0.353	0.286	0.264	0.258	0.251	0.263	0.249	0.268	0.273	0.272	0.258	0.274	0.379	0.301	0.300	0.289	0.327	0.323	0.316	0.293	0.337	0.343	0.303	0.333	0.351	0.426	0.421
3:23:12	37.0	0.242	0.251	0.251	0.245	0.246	0.242	0.235	0.243	0.234	0.241	0.240	0.351	0.244	0.249	0.246	0.254	0.237	0.239	0.245	0.239	0.235	0.230	0.233	0.377	0.260	0.329	0.358	0.360	0.360	0.366	0.366	0.373	0.361	0.355	0.357	0.361	0.237	0.279	0.331	0.332	0.357	0.356	0.349	0.364	0.346	0.345	0.354	0.365	0.299	0.279	0.274	0.264	0.274	0.259	0.279	0.283	0.284	0.269	0.285	0.390	0.316	0.317	0.302	0.341	0.338	0.330	0.307	0.353	0.358	0.319	0.350	0.366	0.433	0.425
3:27:12	37.0	0.254	0.260	0.267	0.257	0.260	0.255	0.247	0.253	0.241	0.251	0.251	0.367	0.260	0.258	0.260	0.262	0.249	0.249	0.253	0.246	0.239	0.234	0.239	0.390	0.267	0.335	0.364	0.366	0.369	0.375	0.375	0.382	0.373	0.367	0.366	0.375	0.242	0.288	0.341	0.343	0.371	0.370	0.363	0.377	0.359	0.358	0.366	0.378	0.315	0.296	0.286	0.279	0.288	0.273	0.292	0.298	0.298	0.282	0.300	0.401	0.333	0.333	0.313	0.356	0.352	0.343	0.320	0.368	0.373	0.332	0.364	0.380	0.434	0.426
3:31:12	37.0	0.264	0.273	0.276	0.269	0.268	0.264	0.259	0.267	0.256	0.263	0.260	0.377	0.274	0.271	0.276	0.276	0.266	0.264	0.267	0.260	0.251	0.248	0.254	0.401	0.280	0.339	0.369	0.372	0.375	0.383	0.384	0.390	0.385	0.378	0.374	0.386	0.248	0.297	0.352	0.354	0.385	0.386	0.377	0.391	0.372	0.372	0.380	0.388	0.331	0.310	0.295	0.290	0.304	0.288	0.309	0.314	0.316	0.299	0.319	0.410	0.350	0.349	0.327	0.372	0.367	0.357	0.334	0.383	0.388	0.348	0.380	0.385	0.439	0.428
3:35:12	37.0	0.268	0.274	0.276	0.267	0.267	0.262	0.260	0.268	0.257	0.263	0.256	0.382	0.282	0.276	0.283	0.278	0.272	0.266	0.274	0.265	0.258	0.253	0.257	0.405	0.287	0.344	0.374	0.381	0.382	0.390	0.392	0.399	0.394	0.383	0.381	0.391	0.257	0.306	0.363	0.366	0.398	0.400	0.392	0.404	0.386	0.385	0.394	0.392	0.345	0.322	0.304	0.301	0.316	0.301	0.322	0.325	0.329	0.312	0.331	0.415	0.366	0.365	0.342	0.390	0.384	0.373	0.350	0.400	0.404	0.365	0.396	0.391	0.442	0.429
3:39:12	37.0	0.267	0.276	0.276	0.269	0.264	0.260	0.253	0.264	0.251	0.258	0.253	0.382	0.289	0.276	0.284	0.281	0.271	0.269	0.273	0.265	0.258	0.254	0.256	0.407	0.293	0.353	0.381	0.390	0.389	0.397	0.402	0.407	0.398	0.386	0.386	0.395	0.268	0.313	0.370	0.376	0.407	0.411	0.403	0.415	0.397	0.398	0.406	0.396	0.357	0.334	0.313	0.312	0.328	0.313	0.333	0.337	0.340	0.323	0.344	0.421	0.382	0.381	0.356	0.408	0.402	0.389	0.366	0.418	0.423	0.381	0.413	0.394	0.445	0.432
3:43:12	37.0	0.271	0.280	0.283	0.280	0.270	0.268	0.263	0.268	0.257	0.261	0.257	0.382	0.294	0.285	0.289	0.293	0.282	0.279	0.282	0.267	0.263	0.255	0.258	0.410	0.305	0.366	0.393	0.398	0.394	0.404	0.409	0.416	0.402	0.390	0.396	0.397	0.270	0.316	0.373	0.382	0.412	0.419	0.410	0.421	0.404	0.408	0.416	0.401	0.370	0.347	0.323	0.324	0.342	0.327	0.346	0.349	0.355	0.336	0.357	0.425	0.397	0.397	0.374	0.428	0.422	0.407	0.382	0.437	0.442	0.400	0.432	0.395	0.444	0.433
3:47:12	37.0	0.280	0.289	0.290	0.288	0.286	0.286	0.282	0.281	0.273	0.277	0.275	0.382	0.297	0.294	0.296	0.295	0.288	0.286	0.287	0.280	0.277	0.270	0.267	0.413	0.326	0.376	0.404	0.410	0.402	0.414	0.418	0.425	0.407	0.396	0.407	0.398	0.268	0.316	0.374	0.385	0.415	0.425	0.414	0.424	0.408	0.414	0.424	0.403	0.385	0.359	0.331	0.335	0.354	0.341	0.359	0.361	0.369	0.350	0.371	0.427	0.413	0.413	0.391	0.446	0.439	0.424	0.399	0.455	0.458	0.418	0.449	0.395	0.439	0.430
3:51:12	37.0	0.290	0.297	0.302	0.304	0.306	0.307	0.305	0.301	0.295	0.297	0.294	0.382	0.298	0.300	0.304	0.307	0.299	0.303	0.304	0.300	0.296	0.289	0.286	0.413	0.342	0.386	0.414	0.419	0.413	0.425	0.428	0.435	0.413	0.403	0.418	0.395	0.273	0.318	0.375	0.388	0.416	0.428	0.414	0.427	0.410	0.419	0.429	0.402	0.398	0.370	0.337	0.345	0.367	0.354	0.373	0.376	0.384	0.363	0.385	0.424	0.429	0.430	0.408	0.463	0.456	0.441	0.415	0.473	0.475	0.435	0.468	0.389	0.435	0.430
3:55:12	37.0	0.296	0.309	0.317	0.320	0.321	0.323	0.323	0.321	0.316	0.317	0.316	0.383	0.303	0.304	0.312	0.322	0.314	0.319	0.325	0.323	0.317	0.311	0.308	0.410	0.352	0.394	0.423	0.432	0.423	0.436	0.441	0.446	0.424	0.416	0.432	0.391	0.281	0.323	0.376	0.393	0.421	0.431	0.418	0.429	0.411	0.423	0.433	0.401	0.412	0.380	0.344	0.353	0.378	0.366	0.386	0.389	0.399	0.377	0.401	0.420	0.445	0.449	0.426	0.483	0.474	0.460	0.433	0.492	0.493	0.453	0.485	0.386	0.434	0.429
3:59:12	37.0	0.303	0.322	0.332	0.333	0.336	0.338	0.339	0.338	0.334	0.336	0.335	0.383	0.310	0.315	0.323	0.338	0.330	0.335	0.342	0.339	0.333	0.330	0.330	0.408	0.359	0.403	0.432	0.442	0.430	0.447	0.453	0.456	0.435	0.430	0.441	0.389	0.287	0.329	0.382	0.399	0.427	0.437	0.424	0.432	0.415	0.425	0.437	0.398	0.425	0.391	0.354	0.362	0.391	0.380	0.400	0.404	0.413	0.391	0.415	0.418	0.460	0.467	0.446	0.500	0.493	0.478	0.451	0.510	0.511	0.471	0.502	0.384	0.431	0.429
4:03:12	37.0	0.312	0.338	0.346	0.342	0.344	0.347	0.347	0.351	0.346	0.348	0.346	0.383	0.320	0.330	0.336	0.350	0.342	0.347	0.356	0.355	0.349	0.344	0.345	0.409	0.368	0.410	0.441	0.450	0.438	0.457	0.463	0.469	0.448	0.442	0.448	0.388	0.291	0.337	0.389	0.407	0.434	0.444	0.431	0.439	0.422	0.428	0.441	0.398	0.437	0.402	0.364	0.372	0.404	0.393	0.415	0.420	0.430	0.407	0.431	0.417	0.474	0.484	0.468	0.519	0.511	0.496	0.471	0.529	0.528	0.489	0.521	0.384	0.429	0.430
4:07:12	37.0	0.325	0.347	0.354	0.348	0.352	0.354	0.354	0.358	0.352	0.358	0.356	0.384	0.329	0.344	0.345	0.359	0.352	0.353	0.363	0.363	0.357	0.354	0.354	0.410	0.378	0.417	0.450	0.458	0.448	0.466	0.473	0.484	0.459	0.452	0.453	0.388	0.302	0.344	0.396	0.414	0.442	0.451	0.440	0.448	0.430	0.434	0.448	0.400	0.449	0.412	0.380	0.383	0.417	0.408	0.428	0.433	0.446	0.422	0.445	0.416	0.489	0.501	0.486	0.537	0.529	0.513	0.489	0.547	0.544	0.506	0.536	0.382	0.432	0.432
4:11:12	37.0	0.335	0.354	0.362	0.356	0.359	0.362	0.362	0.366	0.362	0.367	0.365	0.385	0.340	0.354	0.354	0.363	0.363	0.362	0.371	0.372	0.367	0.364	0.364	0.408	0.384	0.420	0.457	0.462	0.459	0.474	0.483	0.495	0.468	0.461	0.459	0.386	0.319	0.360	0.409	0.428	0.451	0.459	0.454	0.458	0.443	0.443	0.457	0.399	0.461	0.424	0.393	0.394	0.429	0.419	0.441	0.444	0.457	0.433	0.456	0.414	0.501	0.518	0.507	0.554	0.546	0.531	0.508	0.565	0.561	0.522	0.553	0.378	0.431	0.437
4:15:12	37.0	0.344	0.363	0.371	0.363	0.366	0.369	0.370	0.374	0.369	0.376	0.371	0.386	0.346	0.361	0.363	0.375	0.371	0.368	0.377	0.379	0.374	0.371	0.375	0.409	0.392	0.421	0.466	0.464	0.466	0.481	0.491	0.499	0.476	0.467	0.462	0.387	0.341	0.373	0.424	0.440	0.460	0.469	0.466	0.468	0.455	0.455	0.467	0.400	0.470	0.437	0.399	0.397	0.438	0.432	0.452	0.455	0.469	0.445	0.468	0.414	0.514	0.532	0.526	0.571	0.564	0.548	0.525	0.582	0.576	0.537	0.570	0.377	0.431	0.435
4:19:12	37.0	0.353	0.371	0.381	0.369	0.371	0.373	0.376	0.379	0.371	0.382	0.374	0.388	0.353	0.369	0.373	0.377	0.385	0.376	0.383	0.384	0.375	0.373	0.378	0.410	0.396	0.427	0.473	0.466	0.473	0.489	0.497	0.507	0.480	0.471	0.463	0.389	0.353	0.385	0.434	0.449	0.471	0.478	0.476	0.479	0.464	0.467	0.479	0.402	0.480	0.451	0.407	0.402	0.446	0.439	0.463	0.461	0.483	0.455	0.477	0.415	0.526	0.546	0.544	0.588	0.581	0.563	0.543	0.599	0.592	0.553	0.584	0.379	0.430	0.436
4:23:12	37.0	0.360	0.380	0.388	0.374	0.376	0.380	0.382	0.385	0.376	0.386	0.379	0.391	0.362	0.377	0.381	0.389	0.384	0.379	0.388	0.389	0.380	0.377	0.382	0.411	0.398	0.433	0.478	0.464	0.479	0.493	0.502	0.506	0.483	0.475	0.466	0.391	0.364	0.393	0.441	0.455	0.482	0.489	0.484	0.490	0.472	0.475	0.488	0.403	0.490	0.460	0.413	0.407	0.451	0.444	0.469	0.467	0.492	0.462	0.485	0.416	0.537	0.559	0.562	0.604	0.596	0.579	0.561	0.614	0.605	0.567	0.599	0.375	0.430	0.437
4:27:12	37.0	0.368	0.386	0.395	0.380	0.382	0.386	0.386	0.389	0.379	0.387	0.383	0.393	0.368	0.379	0.387	0.388	0.400	0.386	0.395	0.393	0.384	0.381	0.385	0.412	0.404	0.441	0.484	0.464	0.484	0.497	0.501	0.508	0.484	0.479	0.473	0.390	0.373	0.400	0.445	0.460	0.489	0.502	0.490	0.500	0.477	0.480	0.492	0.405	0.501	0.468	0.422	0.418	0.459	0.454	0.481	0.480	0.504	0.473	0.498	0.416	0.548	0.572	0.579	0.618	0.611	0.594	0.577	0.629	0.619	0.583	0.613	0.375	0.426	0.436
4:31:12	37.0	0.376	0.395	0.405	0.384	0.387	0.393	0.393	0.397	0.388	0.394	0.391	0.398	0.374	0.393	0.397	0.393	0.400	0.391	0.403	0.403	0.392	0.388	0.390	0.415	0.415	0.445	0.487	0.465	0.485	0.498	0.495	0.512	0.485	0.485	0.477	0.393	0.381	0.405	0.450	0.461	0.492	0.512	0.495	0.507	0.480	0.485	0.494	0.408	0.513	0.477	0.434	0.429	0.471	0.466	0.492	0.490	0.512	0.481	0.508	0.417	0.559	0.584	0.594	0.632	0.625	0.609	0.592	0.643	0.632	0.595	0.625	0.378	0.424	0.433
4:35:12	37.0	0.385	0.406	0.408	0.390	0.393	0.397	0.396	0.400	0.392	0.398	0.395	0.399	0.383	0.391	0.399	0.397	0.411	0.396	0.406	0.405	0.397	0.394	0.395	0.415	0.419	0.451	0.492	0.463	0.490	0.498	0.491	0.506	0.482	0.488	0.480	0.393	0.386	0.411	0.452	0.465	0.495	0.516	0.495	0.513	0.482	0.487	0.490	0.408	0.523	0.490	0.444	0.438	0.481	0.476	0.496	0.492	0.519	0.483	0.514	0.417	0.571	0.596	0.610	0.643	0.640	0.623	0.604	0.657	0.645	0.608	0.638	0.384	0.420	0.433
4:39:12	37.0	0.390	0.406	0.418	0.395	0.399	0.404	0.402	0.406	0.397	0.407	0.400	0.400	0.393	0.403	0.414	0.403	0.414	0.405	0.415	0.413	0.407	0.403	0.404	0.416	0.426	0.456	0.493	0.457	0.492	0.496	0.481	0.512	0.480	0.490	0.485	0.391	0.392	0.417	0.454	0.468	0.499	0.517	0.494	0.518	0.485	0.486	0.483	0.409	0.531	0.504	0.454	0.444	0.487	0.481	0.498	0.488	0.522	0.479	0.517	0.413	0.582	0.607	0.623	0.655	0.652	0.637	0.617	0.669	0.657	0.619	0.648	0.386	0.413	0.423
4:43:12	37.0	0.396	0.419	0.422	0.399	0.402	0.405	0.403	0.407	0.401	0.414	0.405	0.399	0.397	0.400	0.407	0.405	0.427	0.406	0.416	0.417	0.411	0.407	0.407	0.416	0.426	0.460	0.489	0.456	0.494	0.492	0.472	0.501	0.479	0.498	0.490	0.390	0.397	0.422	0.452	0.468	0.497	0.518	0.492	0.521	0.491	0.485	0.481	0.409	0.540	0.516	0.463	0.450	0.487	0.481	0.494	0.478	0.521	0.472	0.518	0.412	0.593	0.619	0.638	0.667	0.664	0.650	0.627	0.681	0.670	0.631	0.661	0.388	0.398	0.406
4:47:12	37.0	0.401	0.416	0.432	0.404	0.402	0.406	0.403	0.411	0.405	0.420	0.407	0.397	0.404	0.406	0.424	0.414	0.428	0.408	0.419	0.420	0.415	0.413	0.414	0.414	0.431	0.467	0.489	0.454	0.491	0.490	0.468	0.518	0.483	0.496	0.480	0.387	0.401	0.427	0.453	0.468	0.499	0.515	0.487	0.524	0.493	0.481	0.482	0.406	0.550	0.526	0.471	0.454	0.487	0.477	0.490	0.470	0.518	0.464	0.516	0.408	0.602	0.629	0.651	0.680	0.674	0.662	0.637	0.693	0.681	0.645	0.673	0.389	0.381	0.409
4:51:12	37.0	0.408	0.431	0.437	0.406	0.403	0.407	0.404	0.412	0.408	0.418	0.407	0.395	0.408	0.408	0.423	0.419	0.436	0.413	0.416	0.419	0.415	0.414	0.416	0.414	0.421	0.477	0.483	0.457	0.492	0.485	0.469	0.505	0.481	0.493	0.491	0.384	0.405	0.429	0.453	0.467	0.501	0.515	0.482	0.521	0.490	0.483	0.485	0.404	0.560	0.535	0.478	0.458	0.488	0.472	0.487	0.462	0.515	0.456	0.513	0.403	0.612	0.642	0.663	0.690	0.684	0.675	0.648	0.703	0.691	0.656	0.686	0.389	0.423	0.428
4:55:12	37.0	0.413	0.439	0.443	0.407	0.407	0.408	0.407	0.412	0.407	0.414	0.407	0.387	0.410	0.412	0.436	0.419	0.437	0.416	0.422	0.420	0.420	0.417	0.411	0.407	0.443	0.480	0.484	0.456	0.500	0.484	0.478	0.503	0.480	0.485	0.489	0.370	0.408	0.433	0.446	0.465	0.502	0.513	0.478	0.516	0.488	0.487	0.486	0.391	0.569	0.542	0.485	0.462	0.488	0.468	0.482	0.457	0.510	0.449	0.507	0.392	0.621	0.651	0.675	0.702	0.695	0.686	0.658	0.715	0.703	0.666	0.697	0.385	0.437	0.435
4:59:12	37.0	0.420	0.436	0.451	0.411	0.412	0.410	0.409	0.412	0.406	0.421	0.407	0.379	0.420	0.420	0.438	0.420	0.449	0.416	0.423	0.419	0.421	0.416	0.411	0.373	0.451	0.499	0.479	0.464	0.504	0.485	0.477	0.507	0.483	0.490	0.488	0.352	0.411	0.436	0.442	0.463	0.498	0.508	0.473	0.514	0.488	0.491	0.490	0.360	0.578	0.551	0.493	0.468	0.489	0.466	0.479	0.451	0.507	0.443	0.503	0.378	0.630	0.663	0.685	0.713	0.705	0.698	0.669	0.725	0.714	0.678	0.707	0.392	0.440	0.445
5:03:12	37.0	0.426	0.455	0.454	0.415	0.412	0.411	0.405	0.406	0.398	0.418	0.400	0.405	0.423	0.426	0.445	0.427	0.440	0.415	0.426	0.416	0.424	0.406	0.404	0.415	0.458	0.488	0.487	0.468	0.493	0.481	0.478	0.506	0.478	0.484	0.497	0.400	0.414	0.442	0.439	0.463	0.493	0.508	0.470	0.509	0.488	0.490	0.490	0.409	0.587	0.557	0.501	0.473	0.491	0.463	0.476	0.447	0.502	0.440	0.498	0.405	0.639	0.673	0.695	0.724	0.714	0.709	0.681	0.736	0.723	0.688	0.717	0.425	0.449	0.458
5:07:12	37.0	0.431	0.453	0.460	0.416	0.409	0.401	0.390	0.398	0.388	0.400	0.418	0.414	0.436	0.433	0.450	0.430	0.462	0.422	0.426	0.406	0.402	0.391	0.396	0.440	0.442	0.497	0.483	0.472	0.511	0.475	0.480	0.508	0.478	0.483	0.498	0.422	0.416	0.451	0.433	0.469	0.494	0.507	0.466	0.508	0.486	0.489	0.491	0.428	0.597	0.566	0.509	0.482	0.494	0.461	0.475	0.447	0.496	0.439	0.492	0.426	0.647	0.684	0.705	0.735	0.723	0.721	0.693	0.747	0.735	0.698	0.727	0.427	0.459	0.472
5:11:12	37.0	0.435	0.464	0.463	0.418	0.408	0.405	0.419	0.427	0.415	0.443	0.438	0.418	0.440	0.440	0.456	0.433	0.461	0.421	0.420	0.430	0.424	0.429	0.433	0.444	0.475	0.498	0.494	0.461	0.503	0.479	0.484	0.501	0.482	0.489	0.499	0.413	0.422	0.455	0.435	0.472	0.492	0.508	0.464	0.507	0.484	0.487	0.489	0.422	0.606	0.575	0.518	0.490	0.498	0.462	0.473	0.448	0.492	0.439	0.487	0.430	0.655	0.692	0.714	0.745	0.735	0.731	0.707	0.757	0.746	0.707	0.737	0.426	0.473	0.485
5:15:12	37.0	0.438	0.455	0.465	0.420	0.411	0.421	0.444	0.446	0.443	0.457	0.438	0.424	0.436	0.439	0.446	0.433	0.464	0.444	0.451	0.452	0.452	0.443	0.435	0.446	0.456	0.490	0.494	0.481	0.504	0.483	0.486	0.491	0.483	0.485	0.495	0.412	0.437	0.447	0.438	0.475	0.487	0.497	0.466	0.514	0.485	0.483	0.485	0.419	0.614	0.585	0.529	0.500	0.505	0.464	0.472	0.450	0.489	0.439	0.481	0.430	0.664	0.701	0.723	0.755	0.744	0.742	0.720	0.767	0.755	0.718	0.746	0.428	0.485	0.499
5:19:12	37.0	0.442	0.473	0.469	0.410	0.428	0.436	0.450	0.447	0.441	0.452	0.433	0.428	0.456	0.444	0.456	0.439	0.469	0.439	0.455	0.451	0.454	0.441	0.429	0.449	0.469	0.495	0.493	0.485	0.505	0.487	0.485	0.502	0.486	0.489	0.500	0.418	0.430	0.451	0.442	0.480	0.503	0.502	0.471	0.512	0.486	0.484	0.483	0.424	0.622	0.593	0.537	0.511	0.512	0.468	0.474	0.457	0.483	0.443	0.480	0.432	0.672	0.711	0.731	0.763	0.753	0.751	0.733	0.776	0.766	0.729	0.756	0.435	0.495	0.510
5:23:12	37.0	0.443	0.467	0.474	0.436	0.438	0.437	0.447	0.445	0.440	0.450	0.434	0.433	0.452	0.445	0.474	0.450	0.475	0.442	0.454	0.450	0.452	0.436	0.428	0.456	0.478	0.498	0.501	0.495	0.507	0.494	0.494	0.502	0.485	0.489	0.485	0.427	0.434	0.447	0.458	0.488	0.499	0.507	0.471	0.515	0.492	0.484	0.478	0.433	0.629	0.601	0.546	0.519	0.521	0.475	0.471	0.454	0.472	0.439	0.468	0.438	0.681	0.719	0.739	0.772	0.763	0.761	0.744	0.786	0.775	0.738	0.766	0.441	0.507	0.521
5:27:12	37.0	0.450	0.500	0.489	0.442	0.443	0.443	0.448	0.446	0.440	0.449	0.439	0.440	0.460	0.451	0.480	0.446	0.481	0.445	0.456	0.449	0.450	0.437	0.435	0.463	0.479	0.505	0.511	0.490	0.503	0.494	0.503	0.495	0.485	0.488	0.473	0.433	0.438	0.466	0.470	0.488	0.510	0.517	0.476	0.519	0.497	0.491	0.493	0.441	0.637	0.608	0.554	0.526	0.527	0.471	0.471	0.453	0.473	0.441	0.473	0.442	0.689	0.729	0.748	0.781	0.773	0.770	0.754	0.796	0.785	0.746	0.774	0.447	0.516	0.531
5:31:12	37.0	0.449	0.494	0.494	0.446	0.443	0.446	0.451	0.451	0.444	0.452	0.449	0.446	0.453	0.452	0.477	0.453	0.488	0.448	0.455	0.452	0.452	0.442	0.445	0.469	0.490	0.489	0.508	0.497	0.512	0.504	0.512	0.518	0.481	0.474	0.483	0.443	0.456	0.472	0.480	0.493	0.508	0.510	0.486	0.511	0.500	0.499	0.489	0.451	0.644	0.616	0.560	0.531	0.529	0.477	0.478	0.473	0.485	0.460	0.492	0.450	0.697	0.738	0.757	0.788	0.782	0.778	0.764	0.805	0.793	0.754	0.783	0.452	0.525	0.538
5:35:12	37.0	0.442	0.477	0.500	0.446	0.447	0.452	0.456	0.459	0.451	0.458	0.456	0.450	0.471	0.462	0.486	0.451	0.496	0.451	0.460	0.460	0.457	0.450	0.454	0.473	0.488	0.500	0.517	0.495	0.509	0.493	0.511	0.515	0.480	0.479	0.484	0.448	0.444	0.486	0.485	0.501	0.531	0.523	0.485	0.523	0.493	0.502	0.491	0.457	0.652	0.623	0.561	0.533	0.539	0.490	0.495	0.489	0.504	0.476	0.507	0.455	0.704	0.746	0.766	0.798	0.790	0.787	0.776	0.813	0.801	0.764	0.791	0.458	0.534	0.544
5:39:12	37.0	0.448	0.484	0.498	0.450	0.453	0.460	0.462	0.466	0.458	0.464	0.463	0.455	0.479	0.458	0.493	0.464	0.505	0.457	0.466	0.468	0.462	0.458	0.462	0.476	0.469	0.497	0.520	0.487	0.520	0.503	0.525	0.526	0.483	0.500	0.516	0.452	0.480	0.490	0.491	0.511	0.540	0.538	0.481	0.542	0.500	0.502	0.489	0.462	0.658	0.632	0.568	0.543	0.551	0.506	0.511	0.501	0.514	0.489	0.516	0.459	0.711	0.755	0.777	0.808	0.798	0.794	0.785	0.820	0.811	0.774	0.800	0.462	0.542	0.546
5:43:12	37.0	0.453	0.487	0.505	0.453	0.460	0.468	0.469	0.473	0.465	0.471	0.470	0.461	0.480	0.473	0.492	0.465	0.514	0.466	0.474	0.477	0.469	0.466	0.470	0.479	0.471	0.518	0.522	0.487	0.523	0.503	0.529	0.530	0.482	0.492	0.514	0.456	0.474	0.496	0.502	0.507	0.542	0.536	0.489	0.541	0.474	0.498	0.494	0.466	0.665	0.639	0.576	0.557	0.565	0.521	0.524	0.512	0.525	0.500	0.528	0.463	0.718	0.763	0.784	0.818	0.806	0.804	0.795	0.830	0.818	0.782	0.808	0.466	0.549	0.553
5:47:12	37.0	0.449	0.502	0.516	0.461	0.469	0.477	0.477	0.479	0.471	0.478	0.476	0.468	0.464	0.469	0.500	0.470	0.523	0.476	0.484	0.485	0.476	0.473	0.477	0.485	0.492	0.512	0.532	0.491	0.520	0.508	0.520	0.526	0.496	0.500	0.524	0.462	0.467	0.483	0.513	0.491	0.548	0.529	0.491	0.540	0.478	0.483	0.485	0.472	0.671	0.647	0.585	0.571	0.581	0.535	0.536	0.524	0.535	0.509	0.540	0.469	0.725	0.770	0.790	0.825	0.813	0.812	0.803	0.837	0.825	0.791	0.815	0.472	0.555	0.561
5:51:12	37.0	0.471	0.509	0.523	0.468	0.477	0.486	0.483	0.482	0.474	0.482	0.478	0.472	0.466	0.474	0.510	0.478	0.532	0.485	0.489	0.491	0.481	0.478	0.482	0.489	0.488	0.506	0.529	0.490	0.525	0.517	0.518	0.525	0.500	0.509	0.518	0.466	0.489	0.479	0.485	0.515	0.541	0.548	0.490	0.557	0.483	0.488	0.490	0.475	0.677	0.656	0.594	0.582	0.593	0.545	0.547	0.533	0.548	0.519	0.550	0.472	0.735	0.777	0.798	0.832	0.823	0.818	0.813	0.847	0.833	0.799	0.823	0.476	0.564	0.568
5:55:12	37.0	0.471	0.510	0.532	0.477	0.487	0.492	0.487	0.485	0.475	0.487	0.480	0.476	0.470	0.475	0.516	0.485	0.541	0.493	0.494	0.493	0.485	0.481	0.485	0.494	0.483	0.518	0.530	0.500	0.529	0.519	0.518	0.529	0.499	0.511	0.524	0.470	0.463	0.509	0.489	0.511	0.553	0.549	0.496	0.560	0.489	0.484	0.490	0.480	0.683	0.664	0.604	0.591	0.604	0.556	0.558	0.543	0.558	0.527	0.563	0.477	0.741	0.783	0.805	0.838	0.829	0.827	0.821	0.856	0.840	0.809	0.828	0.480	0.574	0.576
5:59:12	37.0	0.459	0.511	0.544	0.485	0.496	0.496	0.491	0.488	0.479	0.490	0.483	0.481	0.458	0.474	0.525	0.494	0.551	0.500	0.498	0.496	0.489	0.485	0.487	0.498	0.500	0.526	0.528	0.503	0.536	0.521	0.522	0.533	0.500	0.516	0.522	0.473	0.482	0.510	0.493	0.509	0.554	0.567	0.500	0.570	0.491	0.487	0.496	0.485	0.688	0.671	0.612	0.601	0.610	0.565	0.568	0.552	0.569	0.536	0.573	0.481	0.747	0.790	0.812	0.846	0.838	0.833	0.829	0.862	0.845	0.817	0.836	0.484	0.581	0.582
6:03:12	37.0	0.464	0.515	0.557	0.494	0.502	0.502	0.496	0.491	0.482	0.494	0.487	0.487	0.466	0.475	0.535	0.503	0.561	0.505	0.503	0.499	0.492	0.487	0.488	0.504	0.494	0.521	0.533	0.506	0.542	0.522	0.521	0.539	0.500	0.515	0.518	0.476	0.486	0.526	0.481	0.511	0.560	0.572	0.502	0.573	0.495	0.490	0.493	0.488	0.694	0.679	0.621	0.607	0.618	0.574	0.577	0.561	0.580	0.547	0.583	0.485	0.755	0.796	0.819	0.853	0.843	0.840	0.835	0.869	0.850	0.823	0.845	0.488	0.587	0.589
6:07:12	37.0	0.474	0.520	0.569	0.502	0.509	0.507	0.501	0.493	0.484	0.500	0.494	0.490	0.482	0.477	0.547	0.512	0.570	0.512	0.509	0.503	0.496	0.491	0.491	0.507	0.506	0.520	0.533	0.501	0.536	0.517	0.522	0.535	0.502	0.515	0.522	0.478	0.494	0.518	0.484	0.507	0.561	0.572	0.505	0.581	0.501	0.493	0.495	0.491	0.698	0.688	0.628	0.614	0.625	0.583	0.587	0.572	0.591	0.558	0.594	0.491	0.760	0.804	0.825	0.858	0.849	0.848	0.843	0.874	0.855	0.830	0.848	0.492	0.594	0.598
6:11:12	37.0	0.461	0.526	0.582	0.510	0.514	0.509	0.506	0.499	0.490	0.507	0.502	0.492	0.484	0.484	0.558	0.520	0.577	0.518	0.511	0.505	0.500	0.497	0.499	0.509	0.515	0.532	0.534	0.509	0.539	0.517	0.519	0.530	0.497	0.520	0.525	0.479	0.494	0.497	0.483	0.511	0.563	0.569	0.507	0.580	0.501	0.490	0.500	0.494	0.704	0.696	0.636	0.621	0.631	0.593	0.596	0.580	0.599	0.568	0.603	0.492	0.767	0.809	0.831	0.865	0.855	0.856	0.851	0.880	0.860	0.835	0.855	0.494	0.602	0.603
6:15:12	37.0	0.465	0.531	0.592	0.519	0.523	0.512	0.511	0.508	0.501	0.516	0.513	0.500	0.483	0.478	0.570	0.530	0.583	0.520	0.516	0.511	0.509	0.507	0.509	0.514	0.506	0.528	0.538	0.512	0.538	0.519	0.521	0.540	0.505	0.523	0.522	0.480	0.485	0.496	0.488	0.513	0.572	0.581	0.514	0.578	0.506	0.494	0.508	0.495	0.711	0.702	0.643	0.626	0.638	0.602	0.607	0.588	0.608	0.578	0.614	0.500	0.774	0.816	0.837	0.869	0.861	0.862	0.858	0.888	0.866	0.843	0.859	0.497	0.606	0.603
6:19:12	37.0	0.459	0.544	0.605	0.527	0.528	0.518	0.518	0.518	0.512	0.525	0.524	0.503	0.468	0.486	0.581	0.539	0.594	0.524	0.522	0.521	0.520	0.518	0.519	0.517	0.509	0.525	0.542	0.503	0.545	0.520	0.526	0.541	0.510	0.526	0.524	0.479	0.488	0.496	0.490	0.517	0.580	0.585	0.517	0.581	0.513	0.502	0.510	0.494	0.715	0.709	0.650	0.631	0.645	0.612	0.616	0.600	0.617	0.587	0.623	0.500	0.780	0.823	0.840	0.874	0.865	0.868	0.864	0.893	0.870	0.849	0.864	0.498	0.612	0.606
6:23:12	37.0	0.482	0.549	0.614	0.536	0.531	0.523	0.526	0.527	0.522	0.536	0.533	0.507	0.488	0.487	0.594	0.549	0.601	0.531	0.532	0.532	0.529	0.526	0.529	0.521	0.506	0.532	0.545	0.502	0.542	0.519	0.533	0.551	0.515	0.531	0.519	0.481	0.484	0.497	0.496	0.518	0.591	0.585	0.522	0.591	0.516	0.500	0.511	0.495	0.723	0.716	0.657	0.638	0.651	0.621	0.625	0.611	0.626	0.599	0.633	0.501	0.785	0.827	0.846	0.878	0.873	0.874	0.869	0.898	0.876	0.855	0.871	0.498	0.620	0.614
6:27:12	37.0	0.487	0.562	0.622	0.546	0.534	0.531	0.534	0.538	0.533	0.545	0.542	0.511	0.480	0.499	0.602	0.558	0.609	0.538	0.543	0.541	0.538	0.537	0.539	0.523	0.512	0.532	0.553	0.505	0.545	0.517	0.530	0.553	0.521	0.532	0.525	0.486	0.486	0.500	0.501	0.520	0.602	0.590	0.528	0.591	0.521	0.506	0.512	0.501	0.728	0.723	0.664	0.643	0.656	0.629	0.636	0.621	0.637	0.609	0.645	0.506	0.792	0.834	0.850	0.886	0.879	0.879	0.874	0.903	0.882	0.861	0.877	0.502	0.626	0.620
6:31:12	37.0	0.490	0.577	0.627	0.553	0.538	0.540	0.543	0.547	0.543	0.554	0.549	0.513	0.481	0.507	0.612	0.565	0.617	0.547	0.554	0.551	0.546	0.544	0.547	0.524	0.514	0.531	0.558	0.514	0.542	0.524	0.535	0.559	0.526	0.536	0.529	0.491	0.485	0.497	0.507	0.522	0.615	0.593	0.534	0.597	0.529	0.509	0.517	0.504	0.736	0.729	0.674	0.647	0.663	0.638	0.645	0.632	0.647	0.618	0.655	0.512	0.798	0.840	0.854	0.891	0.887	0.885	0.879	0.909	0.887	0.866	0.882	0.505	0.632	0.625
6:35:12	37.0	0.488	0.591	0.639	0.556	0.546	0.550	0.554	0.557	0.551	0.563	0.560	0.517	0.481	0.515	0.623	0.569	0.627	0.557	0.563	0.560	0.555	0.554	0.556	0.527	0.512	0.534	0.564	0.521	0.545	0.525	0.538	0.563	0.532	0.543	0.536	0.493	0.486	0.496	0.509	0.521	0.628	0.594	0.537	0.600	0.531	0.515	0.521	0.505	0.741	0.736	0.678	0.655	0.668	0.648	0.655	0.644	0.657	0.628	0.665	0.514	0.804	0.844	0.861	0.896	0.891	0.890	0.884	0.914	0.892	0.870	0.887	0.509	0.640	0.633
6:39:12	37.0	0.487	0.603	0.652	0.559	0.555	0.560	0.563	0.568	0.557	0.570	0.570	0.520	0.495	0.524	0.633	0.575	0.638	0.568	0.573	0.569	0.566	0.565	0.568	0.530	0.512	0.536	0.567	0.527	0.546	0.528	0.542	0.572	0.536	0.550	0.542	0.497	0.490	0.498	0.511	0.527	0.640	0.604	0.540	0.607	0.537	0.517	0.526	0.508	0.744	0.744	0.684	0.660	0.674	0.655	0.663	0.654	0.668	0.637	0.676	0.518	0.809	0.850	0.867	0.904	0.896	0.893	0.890	0.919	0.896	0.877	0.891	0.514	0.650	0.640
6:43:12	37.0	0.492	0.613	0.659	0.563	0.563	0.569	0.570	0.575	0.566	0.578	0.577	0.522	0.493	0.526	0.642	0.581	0.646	0.579	0.584	0.577	0.574	0.572	0.575	0.529	0.514	0.538	0.573	0.531	0.550	0.533	0.547	0.578	0.538	0.558	0.549	0.501	0.494	0.503	0.514	0.531	0.652	0.604	0.545	0.607	0.544	0.527	0.528	0.510	0.750	0.752	0.691	0.666	0.681	0.665	0.673	0.665	0.679	0.648	0.688	0.521	0.816	0.857	0.874	0.906	0.902	0.899	0.896	0.926	0.902	0.885	0.897	0.518	0.657	0.639
6:47:12	37.0	0.495	0.623	0.669	0.571	0.570	0.578	0.580	0.581	0.574	0.587	0.586	0.529	0.502	0.530	0.647	0.588	0.658	0.587	0.595	0.586	0.583	0.582	0.587	0.532	0.516	0.541	0.578	0.536	0.553	0.539	0.554	0.586	0.544	0.564	0.558	0.506	0.497	0.508	0.516	0.535	0.664	0.614	0.550	0.615	0.550	0.534	0.531	0.516	0.754	0.757	0.696	0.671	0.686	0.673	0.682	0.677	0.689	0.657	0.696	0.524	0.821	0.860	0.879	0.913	0.906	0.903	0.901	0.934	0.906	0.888	0.903	0.524	0.659	0.647
6:51:12	37.0	0.507	0.630	0.676	0.580	0.579	0.586	0.584	0.590	0.583	0.592	0.595	0.532	0.507	0.537	0.653	0.597	0.668	0.596	0.604	0.595	0.590	0.593	0.597	0.534	0.520	0.540	0.584	0.541	0.558	0.550	0.564	0.591	0.548	0.571	0.566	0.508	0.506	0.511	0.520	0.538	0.675	0.617	0.555	0.617	0.555	0.539	0.535	0.516	0.758	0.764	0.699	0.676	0.691	0.681	0.692	0.687	0.699	0.667	0.708	0.529	0.826	0.863	0.884	0.918	0.912	0.909	0.906	0.938	0.910	0.891	0.908	0.529	0.666	0.658
6:55:12	37.0	0.513	0.638	0.683	0.588	0.586	0.594	0.592	0.598	0.591	0.602	0.606	0.535	0.512	0.550	0.658	0.607	0.679	0.603	0.613	0.603	0.599	0.604	0.608	0.538	0.523	0.547	0.591	0.544	0.561	0.555	0.572	0.597	0.555	0.577	0.575	0.513	0.510	0.515	0.524	0.543	0.685	0.628	0.562	0.625	0.561	0.546	0.542	0.521	0.763	0.768	0.705	0.684	0.697	0.688	0.700	0.698	0.709	0.676	0.717	0.532	0.833	0.869	0.889	0.924	0.915	0.915	0.908	0.943	0.914	0.896	0.916	0.532	0.676	0.661
6:59:12	37.0	0.520	0.646	0.698	0.600	0.594	0.599	0.599	0.605	0.598	0.610	0.615	0.541	0.516	0.563	0.666	0.616	0.690	0.612	0.621	0.610	0.609	0.614	0.619	0.541	0.525	0.553	0.596	0.548	0.564	0.559	0.579	0.601	0.561	0.584	0.581	0.516	0.514	0.517	0.529	0.548	0.692	0.630	0.568	0.634	0.568	0.550	0.548	0.526	0.767	0.771	0.712	0.689	0.702	0.695	0.708	0.709	0.718	0.688	0.727	0.538	0.838	0.874	0.894	0.930	0.920	0.920	0.915	0.947	0.917	0.900	0.918	0.539	0.682	0.660
7:03:12	37.0	0.522	0.655	0.708	0.609	0.601	0.606	0.607	0.614	0.607	0.617	0.624	0.543	0.521	0.579	0.675	0.627	0.699	0.620	0.628	0.622	0.617	0.622	0.628	0.544	0.528	0.559	0.602	0.549	0.568	0.565	0.586	0.604	0.567	0.589	0.590	0.521	0.522	0.520	0.533	0.555	0.701	0.638	0.574	0.644	0.574	0.556	0.553	0.528	0.771	0.775	0.718	0.694	0.703	0.702	0.717	0.721	0.727	0.696	0.737	0.540	0.843	0.879	0.898	0.934	0.925	0.923	0.918	0.951	0.922	0.903	0.923	0.542	0.683	0.666
7:07:12	37.0	0.528	0.666	0.720	0.618	0.609	0.612	0.616	0.622	0.615	0.625	0.633	0.548	0.530	0.590	0.687	0.637	0.711	0.630	0.635	0.633	0.627	0.631	0.639	0.550	0.532	0.566	0.608	0.553	0.571	0.570	0.592	0.609	0.575	0.594	0.597	0.526	0.527	0.523	0.539	0.560	0.707	0.645	0.579	0.655	0.581	0.561	0.558	0.534	0.776	0.781	0.724	0.697	0.706	0.708	0.726	0.730	0.736	0.705	0.747	0.546	0.849	0.885	0.901	0.943	0.930	0.928	0.921	0.954	0.929	0.909	0.929	0.547	0.690	0.672
7:11:12	37.0	0.537	0.676	0.733	0.629	0.617	0.621	0.624	0.628	0.622	0.632	0.641	0.550	0.542	0.595	0.703	0.646	0.720	0.637	0.646	0.642	0.636	0.642	0.649	0.552	0.537	0.571	0.614	0.556	0.575	0.574	0.598	0.615	0.582	0.600	0.604	0.533	0.531	0.531	0.546	0.567	0.716	0.656	0.588	0.667	0.586	0.566	0.567	0.538	0.779	0.787	0.729	0.701	0.707	0.715	0.735	0.743	0.746	0.716	0.757	0.551	0.856	0.890	0.905	0.947	0.936	0.932	0.927	0.958	0.934	0.913	0.933	0.549	0.693	0.676
7:15:12	37.0	0.547	0.688	0.744	0.641	0.627	0.629	0.633	0.636	0.633	0.643	0.653	0.558	0.553	0.606	0.715	0.655	0.732	0.646	0.654	0.653	0.645	0.652	0.660	0.559	0.541	0.577	0.620	0.559	0.579	0.578	0.602	0.620	0.588	0.605	0.610	0.536	0.542	0.537	0.553	0.574	0.726	0.670	0.594	0.681	0.594	0.574	0.576	0.544	0.784	0.795	0.734	0.707	0.712	0.722	0.742	0.753	0.755	0.726	0.767	0.556	0.861	0.895	0.911	0.950	0.941	0.937	0.932	0.961	0.936	0.921	0.939	0.556	0.695	0.678
7:19:12	37.0	0.555	0.698	0.755	0.649	0.635	0.636	0.641	0.643	0.641	0.651	0.663	0.562	0.557	0.611	0.725	0.663	0.740	0.652	0.662	0.663	0.653	0.658	0.669	0.562	0.545	0.583	0.624	0.562	0.582	0.582	0.608	0.624	0.593	0.608	0.614	0.540	0.545	0.544	0.561	0.579	0.734	0.683	0.599	0.694	0.598	0.580	0.582	0.551	0.786	0.799	0.739	0.710	0.718	0.729	0.750	0.761	0.763	0.736	0.774	0.563	0.866	0.901	0.916	0.954	0.944	0.942	0.937	0.968	0.939	0.926	0.943	0.558	0.691	0.683
7:23:12	37.0	0.566	0.707	0.762	0.657	0.643	0.644	0.647	0.651	0.649	0.661	0.672	0.566	0.564	0.620	0.738	0.672	0.748	0.661	0.668	0.670	0.662	0.667	0.678	0.565	0.551	0.587	0.629	0.566	0.587	0.586	0.612	0.628	0.600	0.616	0.619	0.544	0.552	0.551	0.566	0.584	0.744	0.699	0.606	0.706	0.605	0.588	0.586	0.555	0.791	0.803	0.742	0.714	0.725	0.735	0.758	0.768	0.772	0.745	0.785	0.570	0.871	0.903	0.918	0.958	0.950	0.946	0.941	0.974	0.943	0.933	0.949	0.562	0.701	0.684
7:27:12	37.0	0.572	0.718	0.774	0.666	0.653	0.652	0.659	0.657	0.658	0.671	0.682	0.571	0.570	0.630	0.750	0.680	0.756	0.670	0.676	0.679	0.669	0.675	0.689	0.570	0.555	0.590	0.633	0.568	0.591	0.590	0.614	0.632	0.606	0.621	0.625	0.548	0.554	0.557	0.571	0.589	0.752	0.719	0.610	0.721	0.609	0.592	0.591	0.559	0.795	0.808	0.748	0.716	0.732	0.741	0.764	0.775	0.779	0.754	0.794	0.576	0.872	0.908	0.923	0.962	0.952	0.951	0.944	0.976	0.947	0.938	0.953	0.565	0.704	0.682
7:31:12	37.0	0.583	0.731	0.788	0.673	0.662	0.661	0.668	0.663	0.667	0.679	0.691	0.577	0.577	0.641	0.761	0.691	0.765	0.680	0.685	0.688	0.678	0.685	0.700	0.576	0.562	0.593	0.636	0.570	0.594	0.593	0.617	0.636	0.610	0.626	0.629	0.551	0.561	0.563	0.576	0.593	0.759	0.732	0.613	0.737	0.614	0.595	0.595	0.564	0.801	0.811	0.751	0.721	0.737	0.747	0.772	0.785	0.789	0.764	0.800	0.580	0.876	0.910	0.928	0.967	0.955	0.956	0.949	0.979	0.947	0.941	0.958	0.573	0.714	0.680
7:35:12	37.0	0.589	0.743	0.798	0.681	0.672	0.667	0.674	0.671	0.677	0.688	0.701	0.581	0.585	0.655	0.772	0.698	0.777	0.689	0.690	0.695	0.688	0.695	0.709	0.578	0.569	0.594	0.640	0.570	0.596	0.594	0.618	0.638	0.612	0.632	0.631	0.555	0.564	0.569	0.581	0.597	0.769	0.749	0.619	0.750	0.620	0.600	0.601	0.570	0.805	0.814	0.758	0.725	0.742	0.754	0.779	0.795	0.796	0.772	0.808	0.585	0.883	0.915	0.932	0.971	0.958	0.961	0.949	0.982	0.953	0.945	0.964	0.579	0.723	0.680
7:39:12	37.0	0.599	0.754	0.811	0.688	0.680	0.676	0.683	0.680	0.686	0.697	0.710	0.582	0.593	0.666	0.781	0.707	0.789	0.697	0.697	0.705	0.697	0.704	0.717	0.586	0.576	0.595	0.644	0.572	0.599	0.594	0.619	0.640	0.618	0.637	0.635	0.558	0.568	0.574	0.585	0.603	0.778	0.764	0.624	0.761	0.627	0.605	0.606	0.569	0.811	0.818	0.762	0.729	0.747	0.760	0.785	0.804	0.804	0.779	0.817	0.588	0.890	0.921	0.937	0.978	0.962	0.965	0.953	0.988	0.954	0.952	0.972	0.579	0.729	0.685
7:43:12	37.0	0.608	0.768	0.824	0.695	0.690	0.683	0.690	0.687	0.692	0.705	0.720	0.583	0.600	0.677	0.793	0.715	0.803	0.705	0.706	0.713	0.705	0.712	0.725	0.588	0.581	0.596	0.647	0.573	0.602	0.597	0.623	0.648	0.620	0.642	0.641	0.564	0.574	0.579	0.590	0.607	0.790	0.778	0.630	0.766	0.635	0.612	0.609	0.573	0.816	0.824	0.768	0.733	0.751	0.766	0.792	0.812	0.811	0.786	0.823	0.590	0.895	0.925	0.941	0.980	0.968	0.967	0.960	0.991	0.958	0.953	0.976	0.587	0.737	0.692
7:47:12	37.0	0.614	0.781	0.836	0.703	0.699	0.693	0.701	0.695	0.701	0.715	0.729	0.588	0.609	0.685	0.804	0.726	0.814	0.713	0.715	0.719	0.712	0.719	0.734	0.593	0.587	0.599	0.651	0.574	0.605	0.600	0.626	0.654	0.622	0.649	0.647	0.569	0.579	0.581	0.594	0.612	0.804	0.791	0.637	0.773	0.642	0.615	0.616	0.574	0.818	0.831	0.772	0.737	0.756	0.773	0.799	0.820	0.820	0.795	0.833	0.597	0.901	0.929	0.947	0.984	0.972	0.973	0.962	0.992	0.963	0.959	0.979	0.588	0.743	0.695
7:51:12	37.0	0.622	0.793	0.847	0.713	0.708	0.701	0.710	0.704	0.709	0.725	0.738	0.596	0.614	0.694	0.814	0.736	0.827	0.723	0.723	0.728	0.719	0.728	0.744	0.599	0.591	0.602	0.655	0.577	0.608	0.602	0.632	0.659	0.630	0.652	0.652	0.575	0.584	0.588	0.598	0.617	0.817	0.800	0.644	0.779	0.651	0.621	0.620	0.577	0.822	0.836	0.775	0.740	0.761	0.777	0.807	0.828	0.829	0.803	0.841	0.601	0.901	0.934	0.950	0.985	0.976	0.977	0.966	0.998	0.965	0.963	0.979	0.586	0.753	0.695
7:55:12	37.0	0.632	0.804	0.863	0.720	0.716	0.709	0.719	0.713	0.718	0.734	0.746	0.600	0.621	0.701	0.826	0.745	0.839	0.730	0.731	0.737	0.727	0.735	0.751	0.605	0.596	0.603	0.657	0.583	0.612	0.606	0.637	0.663	0.632	0.658	0.656	0.578	0.591	0.592	0.604	0.621	0.829	0.814	0.654	0.786	0.660	0.625	0.626	0.582	0.828	0.840	0.779	0.743	0.765	0.783	0.813	0.836	0.836	0.809	0.848	0.605	0.908	0.935	0.953	0.992	0.981	0.983	0.965	1.001	0.970	0.966	0.984	0.590	0.759	0.700
7:59:12	37.0	0.644	0.818	0.878	0.728	0.727	0.718	0.726	0.722	0.727	0.743	0.754	0.604	0.628	0.711	0.838	0.755	0.852	0.737	0.739	0.745	0.736	0.744	0.759	0.610	0.601	0.604	0.661	0.588	0.615	0.613	0.644	0.669	0.635	0.666	0.661	0.582	0.596	0.596	0.608	0.627	0.845	0.826	0.664	0.796	0.671	0.632	0.630	0.585	0.832	0.845	0.781	0.748	0.770	0.789	0.819	0.844	0.843	0.818	0.856	0.608	0.915	0.939	0.957	0.998	0.984	0.990	0.974	1.007	0.976	0.969	0.986	0.594	0.761	0.705
8:03:12	37.0	0.658	0.832	0.890	0.736	0.737	0.727	0.736	0.732	0.736	0.752	0.764	0.609	0.633	0.723	0.851	0.765	0.864	0.747	0.748	0.754	0.745	0.754	0.767	0.614	0.607	0.607	0.664	0.594	0.618	0.620	0.650	0.675	0.640	0.673	0.668	0.586	0.601	0.603	0.612	0.632	0.859	0.841	0.673	0.806	0.680	0.636	0.638	0.590	0.833	0.852	0.786	0.752	0.774	0.795	0.825	0.852	0.850	0.826	0.864	0.611	0.919	0.942	0.964	0.999	0.990	0.994	0.979	1.011	0.978	0.974	0.990	0.595	0.763	0.708
8:07:12	37.0	0.668	0.845	0.903	0.744	0.746	0.737	0.746	0.742	0.744	0.759	0.773	0.614	0.642	0.732	0.864	0.776	0.875	0.757	0.758	0.762	0.753	0.762	0.775	0.618	0.612	0.611	0.671	0.600	0.621	0.626	0.656	0.681	0.643	0.681	0.674	0.593	0.606	0.610	0.617	0.639	0.873	0.854	0.680	0.816	0.688	0.641	0.641	0.594	0.837	0.857	0.789	0.756	0.776	0.798	0.831	0.859	0.856	0.832	0.870	0.615	0.919	0.949	0.967	1.004	0.994	0.995	0.982	1.010	0.981	0.975	0.995	0.603	0.770	0.711
8:11:12	37.0	0.680	0.859	0.915	0.752	0.754	0.748	0.756	0.750	0.752	0.767	0.780	0.616	0.653	0.742	0.876	0.785	0.884	0.766	0.766	0.772	0.760	0.770	0.783	0.624	0.619	0.615	0.677	0.605	0.625	0.631	0.662	0.687	0.649	0.688	0.680	0.595	0.613	0.612	0.622	0.645	0.893	0.869	0.685	0.824	0.693	0.649	0.651	0.597	0.841	0.863	0.796	0.761	0.782	0.803	0.837	0.866	0.863	0.838	0.878	0.620	0.928	0.952	0.971	1.005	0.994	0.999	0.987	1.014	0.985	0.978	0.997	0.612	0.773	0.710
8:15:12	37.0	0.693	0.874	0.927	0.762	0.765	0.758	0.765	0.760	0.761	0.774	0.788	0.619	0.663	0.751	0.887	0.796	0.892	0.775	0.773	0.781	0.767	0.777	0.790	0.628	0.629	0.622	0.684	0.614	0.630	0.637	0.667	0.692	0.655	0.692	0.687	0.601	0.621	0.620	0.625	0.651	0.914	0.888	0.689	0.836	0.701	0.659	0.657	0.602	0.845	0.870	0.801	0.767	0.787	0.810	0.844	0.875	0.870	0.845	0.884	0.624	0.929	0.955	0.971	1.012	0.998	1.002	0.992	1.018	0.988	0.981	0.999	0.610	0.778	0.714
8:19:12	37.0	0.708	0.888	0.937	0.771	0.775	0.769	0.774	0.769	0.768	0.782	0.796	0.628	0.674	0.761	0.896	0.805	0.900	0.784	0.783	0.790	0.775	0.786	0.798	0.636	0.636	0.627	0.692	0.621	0.635	0.643	0.673	0.697	0.662	0.701	0.693	0.610	0.629	0.623	0.628	0.657	0.930	0.900	0.696	0.844	0.708	0.666	0.660	0.602	0.847	0.875	0.805	0.772	0.792	0.815	0.850	0.881	0.876	0.852	0.892	0.624	0.930	0.959	0.977	1.013	1.000	1.005	0.994	1.022	0.991	0.989	1.000	0.614	0.783	0.718
8:23:12	37.0	0.720	0.901	0.947	0.781	0.784	0.777	0.782	0.777	0.775	0.788	0.803	0.634	0.684	0.772	0.905	0.816	0.908	0.793	0.791	0.798	0.783	0.792	0.804	0.642	0.646	0.636	0.700	0.632	0.642	0.651	0.680	0.704	0.669	0.709	0.699	0.611	0.637	0.626	0.638	0.664	0.945	0.913	0.701	0.859	0.714	0.671	0.667	0.596	0.851	0.881	0.811	0.778	0.795	0.820	0.855	0.887	0.884	0.858	0.900	0.628	0.932	0.961	0.984	1.018	1.006	1.009	0.996	1.024	0.997	0.990	1.003	0.622	0.793	0.722
8:27:12	37.0	0.732	0.914	0.954	0.791	0.793	0.787	0.790	0.786	0.784	0.795	0.811	0.639	0.693	0.782	0.914	0.825	0.915	0.802	0.799	0.807	0.792	0.800	0.811	0.643	0.656	0.644	0.706	0.638	0.649	0.660	0.686	0.710	0.671	0.714	0.705	0.618	0.646	0.632	0.644	0.669	0.959	0.931	0.709	0.874	0.721	0.675	0.673	0.597	0.856	0.887	0.814	0.783	0.799	0.826	0.861	0.894	0.890	0.865	0.906	0.630	0.936	0.965	0.985	1.020	1.008	1.010	1.000	1.024	0.999	0.994	1.008	0.620	0.799	0.730
8:31:12	37.0	0.745	0.926	0.961	0.800	0.801	0.795	0.797	0.793	0.792	0.802	0.817	0.645	0.703	0.794	0.921	0.833	0.921	0.811	0.806	0.814	0.799	0.807	0.817	0.649	0.663	0.653	0.712	0.648	0.656	0.668	0.693	0.717	0.677	0.720	0.712	0.623	0.652	0.639	0.652	0.673	0.968	0.950	0.717	0.887	0.730	0.684	0.677	0.597	0.859	0.894	0.820	0.787	0.801	0.832	0.867	0.901	0.897	0.872	0.914	0.639	0.939	0.968	0.988	1.023	1.011	1.008	1.001	1.026	1.000	0.998	1.011	0.621	0.799	0.734
8:35:12	37.1	0.757	0.937	0.967	0.809	0.808	0.802	0.804	0.801	0.798	0.809	0.823	0.652	0.714	0.807	0.928	0.840	0.926	0.818	0.814	0.819	0.805	0.812	0.822	0.657	0.674	0.663	0.720	0.657	0.665	0.678	0.701	0.724	0.681	0.730	0.718	0.625	0.661	0.642	0.661	0.684	0.976	0.971	0.721	0.904	0.735	0.689	0.684	0.597	0.862	0.897	0.824	0.790	0.805	0.837	0.873	0.906	0.903	0.878	0.921	0.640	0.940	0.969	0.993	1.029	1.012	1.009	1.008	1.033	1.002	1.003	1.011	0.624	0.798	0.735
8:39:12	37.0	0.769	0.943	0.971	0.819	0.815	0.810	0.812	0.809	0.806	0.814	0.829	0.654	0.723	0.821	0.934	0.847	0.931	0.824	0.822	0.826	0.812	0.819	0.827	0.664	0.687	0.673	0.728	0.666	0.673	0.688	0.708	0.733	0.686	0.736	0.724	0.627	0.670	0.648	0.667	0.693	0.985	0.990	0.732	0.921	0.749	0.695	0.690	0.596	0.866	0.901	0.828	0.795	0.809	0.841	0.878	0.913	0.910	0.884	0.927	0.644	0.940	0.974	0.991	1.031	1.016	1.015	1.013	1.037	1.004	1.008	1.015	0.629	0.806	0.735
8:43:12	37.0	0.783	0.950	0.976	0.828	0.821	0.817	0.818	0.817	0.812	0.819	0.834	0.652	0.735	0.834	0.939	0.853	0.935	0.831	0.829	0.833	0.818	0.824	0.834	0.668	0.700	0.682	0.736	0.677	0.682	0.699	0.716	0.741	0.694	0.742	0.731	0.634	0.684	0.656	0.672	0.697	0.993	1.007	0.741	0.940	0.763	0.706	0.697	0.601	0.870	0.903	0.832	0.800	0.813	0.847	0.882	0.918	0.915	0.890	0.934	0.649	0.942	0.975	0.999	1.036	1.017	1.023	1.012	1.038	1.008	1.010	1.016	0.627	0.812	0.740
8:47:12	37.0	0.796	0.958	0.981	0.835	0.827	0.823	0.823	0.824	0.818	0.824	0.838	0.654	0.747	0.847	0.944	0.859	0.940	0.836	0.836	0.839	0.823	0.829	0.837	0.666	0.712	0.692	0.743	0.685	0.691	0.709	0.723	0.748	0.700	0.753	0.738	0.640	0.688	0.662	0.679	0.708	1.001	1.025	0.753	0.959	0.774	0.713	0.704	0.601	0.872	0.908	0.837	0.805	0.815	0.851	0.888	0.925	0.920	0.895	0.940	0.651	0.944	0.978	1.004	1.037	1.020	1.026	1.012	1.040	1.005	1.006	1.017	0.629	0.819	0.745
8:51:12	37.0	0.809	0.965	0.984	0.842	0.832	0.829	0.828	0.830	0.824	0.829	0.844	0.653	0.760	0.860	0.948	0.865	0.943	0.843	0.842	0.844	0.829	0.835	0.842	0.666	0.725	0.703	0.750	0.695	0.700	0.720	0.732	0.757	0.709	0.762	0.746	0.638	0.693	0.672	0.688	0.716	1.007	1.043	0.767	0.979	0.792	0.724	0.709	0.605	0.876	0.912	0.842	0.809	0.820	0.857	0.893	0.930	0.925	0.902	0.945	0.656	0.948	0.985	1.006	1.042	1.024	1.025	1.015	1.041	1.008	1.007	1.018	0.633	0.823	0.751
8:55:12	37.0	0.822	0.971	0.987	0.849	0.838	0.834	0.833	0.835	0.829	0.833	0.849	0.661	0.772	0.873	0.952	0.870	0.946	0.847	0.847	0.850	0.834	0.838	0.846	0.670	0.737	0.711	0.757	0.706	0.709	0.731	0.741	0.765	0.717	0.772	0.755	0.634	0.701	0.678	0.696	0.723	1.013	1.059	0.782	0.996	0.808	0.733	0.717	0.614	0.880	0.917	0.845	0.813	0.824	0.860	0.899	0.937	0.931	0.907	0.953	0.660	0.949	0.983	1.008	1.043	1.026	1.028	1.017	1.042	1.009	1.012	1.020	0.643	0.829	0.755
8:59:12	37.0	0.836	0.975	0.989	0.855	0.844	0.839	0.839	0.841	0.834	0.837	0.853	0.664	0.786	0.885	0.955	0.875	0.950	0.852	0.853	0.855	0.838	0.843	0.850	0.676	0.750	0.721	0.764	0.717	0.719	0.741	0.749	0.774	0.721	0.782	0.764	0.635	0.712	0.685	0.701	0.730	1.018	1.071	0.799	1.010	0.822	0.740	0.724	0.623	0.882	0.925	0.850	0.817	0.828	0.864	0.905	0.942	0.939	0.914	0.959	0.667	0.955	0.986	1.015	1.043	1.026	1.030	1.020	1.045	1.013	1.014	1.027	0.635	0.830	0.761
9:03:12	37.0	0.846	0.979	0.992	0.861	0.848	0.844	0.843	0.846	0.839	0.841	0.858	0.670	0.800	0.896	0.958	0.880	0.952	0.856	0.857	0.861	0.843	0.847	0.855	0.684	0.762	0.730	0.773	0.728	0.729	0.750	0.757	0.782	0.729	0.795	0.773	0.638	0.723	0.693	0.712	0.744	1.024	1.081	0.814	1.024	0.841	0.748	0.731	0.625	0.885	0.932	0.855	0.822	0.832	0.869	0.911	0.948	0.945	0.921	0.966	0.672	0.958	0.989	1.015	1.049	1.029	1.032	1.026	1.047	1.016	1.017	1.027	0.635	0.831	0.765
9:07:12	37.0	0.858	0.982	0.994	0.866	0.852	0.848	0.846	0.850	0.842	0.846	0.862	0.674	0.815	0.904	0.959	0.884	0.955	0.861	0.861	0.864	0.847	0.850	0.858	0.687	0.773	0.739	0.779	0.740	0.738	0.760	0.766	0.790	0.736	0.806	0.781	0.641	0.730	0.698	0.715	0.751	1.028	1.089	0.830	1.034	0.858	0.758	0.739	0.629	0.889	0.936	0.858	0.827	0.836	0.874	0.916	0.954	0.952	0.927	0.972	0.678	0.957	0.994	1.015	1.048	1.027	1.032	1.024	1.050	1.021	1.016	1.030	0.646	0.838	0.765
9:11:12	37.0	0.871	0.986	0.998	0.870	0.856	0.852	0.850	0.855	0.846	0.849	0.865	0.672	0.830	0.914	0.963	0.886	0.959	0.865	0.865	0.868	0.852	0.852	0.861	0.696	0.784	0.748	0.786	0.751	0.747	0.770	0.776	0.800	0.742	0.817	0.789	0.645	0.740	0.703	0.725	0.761	1.033	1.100	0.845	1.044	0.873	0.770	0.750	0.630	0.891	0.939	0.862	0.831	0.840	0.879	0.920	0.960	0.958	0.934	0.978	0.683	0.957	0.999	1.018	1.051	1.030	1.035	1.025	1.049	1.023	1.022	1.037	0.648	0.846	0.767
9:15:12	37.0	0.881	0.988	1.000	0.874	0.860	0.855	0.853	0.858	0.849	0.852	0.867	0.673	0.844	0.922	0.965	0.889	0.961	0.868	0.868	0.870	0.855	0.854	0.866	0.704	0.794	0.757	0.794	0.763	0.758	0.781	0.785	0.809	0.750	0.830	0.799	0.650	0.751	0.711	0.733	0.772	1.037	1.106	0.860	1.051	0.891	0.782	0.756	0.632	0.896	0.946	0.864	0.835	0.844	0.884	0.926	0.966	0.964	0.940	0.984	0.686	0.963	1.004	1.021	1.057	1.034	1.036	1.029	1.051	1.025	1.022	1.040	0.655	0.853	0.771
9:19:12	37.0	0.891	0.990	1.003	0.879	0.862	0.857	0.855	0.862	0.851	0.854	0.869	0.681	0.856	0.928	0.966	0.891	0.963	0.871	0.871	0.873	0.858	0.856	0.867	0.704	0.804	0.767	0.801	0.773	0.764	0.791	0.794	0.819	0.757	0.842	0.808	0.655	0.764	0.722	0.744	0.780	1.040	1.110	0.875	1.056	0.907	0.794	0.762	0.635	0.900	0.950	0.867	0.841	0.848	0.888	0.931	0.970	0.969	0.946	0.989	0.689	0.964	1.002	1.022	1.057	1.035	1.036	1.029	1.053	1.024	1.021	1.039	0.666	0.859	0.776
9:23:12	37.0	0.901	0.993	1.006	0.882	0.865	0.860	0.859	0.866	0.855	0.857	0.874	0.690	0.869	0.935	0.968	0.894	0.967	0.874	0.875	0.877	0.863	0.860	0.872	0.713	0.815	0.776	0.810	0.785	0.775	0.801	0.804	0.829	0.763	0.853	0.815	0.666	0.773	0.730	0.751	0.791	1.045	1.115	0.891	1.060	0.924	0.805	0.772	0.639	0.905	0.956	0.873	0.845	0.850	0.893	0.937	0.975	0.974	0.952	0.996	0.696	0.966	1.010	1.027	1.064	1.037	1.035	1.028	1.052	1.022	1.023	1.045	0.669	0.864	0.779
9:27:12	37.0	0.909	0.994	1.008	0.885	0.868	0.862	0.860	0.868	0.857	0.858	0.876	0.695	0.879	0.939	0.968	0.896	0.967	0.876	0.877	0.878	0.865	0.861	0.873	0.720	0.825	0.783	0.818	0.795	0.784	0.810	0.813	0.839	0.770	0.864	0.825	0.665	0.785	0.736	0.761	0.803	1.047	1.118	0.911	1.064	0.936	0.817	0.779	0.644	0.907	0.961	0.876	0.848	0.854	0.896	0.942	0.981	0.979	0.958	1.002	0.699	0.967	1.006	1.025	1.066	1.037	1.040	1.029	1.055	1.021	1.029	1.039	0.671	0.869	0.784
9:31:12	37.0	0.916	0.996	1.009	0.887	0.869	0.864	0.863	0.871	0.860	0.860	0.878	0.697	0.888	0.945	0.970	0.898	0.968	0.879	0.879	0.881	0.868	0.865	0.876	0.722	0.834	0.792	0.825	0.806	0.794	0.820	0.822	0.848	0.777	0.875	0.833	0.669	0.796	0.745	0.769	0.813	1.050	1.121	0.929	1.067	0.946	0.829	0.787	0.645	0.908	0.966	0.878	0.851	0.858	0.901	0.948	0.985	0.984	0.963	1.006	0.700	0.970	1.008	1.027	1.067	1.037	1.042	1.030	1.056	1.020	1.030	1.044	0.677	0.867	0.790
9:35:12	37.0	0.923	0.997	1.012	0.889	0.871	0.866	0.864	0.874	0.862	0.862	0.880	0.702	0.898	0.950	0.971	0.900	0.970	0.881	0.882	0.883	0.871	0.867	0.877	0.722	0.843	0.802	0.833	0.816	0.802	0.829	0.831	0.857	0.787	0.885	0.842	0.676	0.806	0.755	0.779	0.824	1.054	1.123	0.946	1.070	0.954	0.841	0.799	0.648	0.910	0.970	0.882	0.855	0.862	0.905	0.952	0.990	0.990	0.968	1.012	0.704	0.971	1.010	1.028	1.073	1.037	1.040	1.027	1.058	1.021	1.034	1.047	0.677	0.868	0.794
9:39:12	37.0	0.930	0.999	1.014	0.892	0.873	0.868	0.865	0.876	0.864	0.865	0.883	0.708	0.905	0.954	0.972	0.901	0.972	0.883	0.883	0.884	0.873	0.870	0.880	0.718	0.852	0.811	0.841	0.826	0.812	0.838	0.840	0.866	0.796	0.894	0.849	0.677	0.817	0.766	0.789	0.837	1.056	1.127	0.961	1.073	0.961	0.856	0.807	0.650	0.916	0.975	0.884	0.858	0.866	0.909	0.956	0.996	0.995	0.974	1.019	0.709	0.974	1.012	1.035	1.077	1.036	1.047	1.026	1.059	1.018	1.033	1.045	0.676	0.871	0.797
9:43:12	37.0	0.937	1.000	1.016	0.893	0.875	0.870	0.867	0.879	0.867	0.868	0.885	0.713	0.914	0.958	0.974	0.902	0.974	0.885	0.885	0.885	0.875	0.871	0.882	0.721	0.859	0.820	0.850	0.837	0.821	0.847	0.849	0.875	0.809	0.905	0.858	0.676	0.826	0.779	0.801	0.849	1.059	1.130	0.972	1.075	0.968	0.873	0.817	0.655	0.917	0.980	0.888	0.863	0.869	0.912	0.962	1.001	1.001	0.978	1.024	0.714	0.975	1.012	1.034	1.081	1.041	1.045	1.027	1.056	1.022	1.037	1.047	0.672	0.878	0.804
9:47:12	37.0	0.943	1.002	1.018	0.894	0.876	0.871	0.868	0.881	0.869	0.870	0.887	0.724	0.920	0.961	0.974	0.903	0.976	0.886	0.886	0.886	0.876	0.872	0.885	0.724	0.867	0.829	0.857	0.847	0.829	0.855	0.858	0.883	0.820	0.914	0.865	0.676	0.836	0.798	0.813	0.863	1.062	1.133	0.982	1.077	0.973	0.891	0.829	0.660	0.919	0.983	0.890	0.867	0.872	0.916	0.966	1.006	1.004	0.983	1.030	0.718	0.979	1.010	1.033	1.084	1.038	1.046	1.028	1.059	1.022	1.038	1.048	0.675	0.884	0.807
9:51:12	37.0	0.948	1.003	1.020	0.895	0.876	0.872	0.868	0.882	0.871	0.871	0.888	0.732	0.926	0.965	0.975	0.904	0.978	0.887	0.888	0.889	0.878	0.873	0.886	0.726	0.874	0.837	0.865	0.856	0.839	0.864	0.867	0.891	0.831	0.923	0.872	0.676	0.843	0.810	0.826	0.877	1.064	1.136	0.990	1.079	0.978	0.907	0.842	0.663	0.920	0.988	0.894	0.873	0.874	0.920	0.970	1.011	1.010	0.989	1.035	0.723	0.984	1.009	1.037	1.088	1.037	1.047	1.029	1.063	1.022	1.037	1.049	0.680	0.879	0.810
9:55:12	37.1	0.954	1.004	1.023	0.896	0.877	0.873	0.868	0.885	0.873	0.873	0.889	0.733	0.932	0.967	0.976	0.904	0.981	0.887	0.888	0.891	0.880	0.874	0.888	0.725	0.880	0.846	0.872	0.865	0.847	0.873	0.876	0.899	0.847	0.932	0.880	0.675	0.850	0.823	0.837	0.891	1.067	1.140	0.997	1.082	0.983	0.921	0.853	0.663	0.922	0.989	0.898	0.877	0.878	0.925	0.975	1.015	1.015	0.994	1.040	0.723	0.988	1.009	1.038	1.092	1.037	1.046	1.029	1.064	1.025	1.038	1.051	0.685	0.878	0.816
9:59:12	37.0	0.960	1.006	1.025	0.897	0.878	0.874	0.869	0.887	0.875	0.875	0.893	0.734	0.938	0.972	0.977	0.905	0.983	0.889	0.889	0.893	0.882	0.875	0.891	0.728	0.887	0.856	0.879	0.875	0.856	0.881	0.884	0.908	0.860	0.941	0.888	0.674	0.858	0.835	0.847	0.905	1.070	1.144	1.002	1.085	0.987	0.936	0.864	0.665	0.926	0.995	0.901	0.877	0.881	0.930	0.979	1.021	1.020	0.999	1.046	0.726	0.989	1.012	1.038	1.093	1.039	1.051	1.032	1.065	1.026	1.039	1.052	0.695	0.875	0.824
10:03:12	37.0	0.964	1.008	1.027	0.898	0.879	0.873	0.870	0.888	0.876	0.876	0.894	0.736	0.944	0.974	0.978	0.905	0.985	0.889	0.889	0.895	0.884	0.877	0.893	0.729	0.892	0.864	0.886	0.884	0.865	0.889	0.893	0.914	0.874	0.949	0.895	0.677	0.865	0.847	0.857	0.920	1.073	1.146	1.006	1.089	0.991	0.948	0.876	0.667	0.926	1.000	0.902	0.880	0.885	0.933	0.983	1.026	1.025	1.004	1.051	0.730	0.990	1.014	1.042	1.099	1.039	1.050	1.034	1.065	1.026	1.037	1.055	0.705	0.877	0.827
10:07:12	37.0	0.969	1.010	1.029	0.900	0.880	0.874	0.870	0.890	0.878	0.878	0.897	0.739	0.949	0.976	0.979	0.906	0.987	0.889	0.891	0.896	0.886	0.878	0.896	0.736	0.897	0.872	0.893	0.893	0.873	0.897	0.900	0.922	0.888	0.958	0.902	0.684	0.875	0.858	0.869	0.935	1.075	1.149	1.010	1.090	0.994	0.960	0.887	0.668	0.929	1.004	0.907	0.882	0.888	0.938	0.989	1.031	1.030	1.009	1.056	0.733	0.994	1.011	1.042	1.103	1.040	1.053	1.034	1.066	1.031	1.036	1.056	0.704	0.880	0.831
10:11:12	37.0	0.974	1.011	1.031	0.901	0.880	0.874	0.871	0.892	0.879	0.879	0.898	0.737	0.953	0.979	0.981	0.906	0.991	0.889	0.892	0.898	0.887	0.879	0.898	0.741	0.903	0.880	0.900	0.902	0.881	0.905	0.907	0.927	0.899	0.966	0.909	0.693	0.885	0.868	0.880	0.949	1.079	1.150	1.014	1.093	0.998	0.972	0.900	0.671	0.932	1.009	0.909	0.885	0.890	0.942	0.992	1.035	1.033	1.014	1.061	0.735	0.998	1.010	1.042	1.107	1.042	1.051	1.033	1.067	1.030	1.038	1.060	0.713	0.883	0.835
10:15:12	37.0	0.978	1.013	1.033	0.901	0.880	0.875	0.872	0.894	0.881	0.880	0.901	0.741	0.957	0.981	0.981	0.906	0.992	0.889	0.893	0.899	0.888	0.881	0.900	0.739	0.908	0.889	0.907	0.909	0.889	0.913	0.915	0.934	0.910	0.973	0.916	0.699	0.896	0.876	0.891	0.960	1.081	1.152	1.017	1.095	1.000	0.981	0.911	0.670	0.937	1.013	0.913	0.889	0.894	0.946	0.996	1.038	1.037	1.020	1.065	0.736	1.004	1.012	1.038	1.107	1.044	1.047	1.034	1.071	1.033	1.041	1.058	0.716	0.886	0.837
10:19:12	37.0	0.981	1.015	1.036	0.903	0.880	0.876	0.873	0.896	0.883	0.880	0.903	0.745	0.961	0.982	0.983	0.907	0.995	0.890	0.894	0.901	0.889	0.882	0.901	0.742	0.913	0.896	0.914	0.916	0.896	0.920	0.921	0.940	0.922	0.979	0.922	0.701	0.908	0.886	0.902	0.971	1.083	1.154	1.020	1.097	1.002	0.989	0.924	0.673	0.939	1.017	0.916	0.892	0.897	0.949	0.999	1.044	1.043	1.024	1.070	0.737	1.005	1.009	1.040	1.112	1.044	1.051	1.037	1.072	1.034	1.041	1.062	0.716	0.890	0.837
10:23:12	37.0	0.985	1.017	1.038	0.902	0.880	0.877	0.873	0.897	0.884	0.880	0.903	0.751	0.964	0.984	0.984	0.906	0.997	0.890	0.896	0.902	0.890	0.882	0.902	0.747	0.918	0.903	0.920	0.924	0.903	0.927	0.929	0.946	0.931	0.985	0.928	0.703	0.919	0.895	0.914	0.982	1.086	1.155	1.023	1.099	1.005	0.996	0.935	0.675	0.942	1.020	0.919	0.893	0.899	0.952	1.004	1.048	1.046	1.030	1.074	0.740	1.005	1.011	1.044	1.117	1.041	1.051	1.038	1.075	1.036	1.046	1.062	0.713	0.891	0.840
10:27:12	37.0	0.989	1.018	1.040	0.903	0.880	0.878	0.875	0.898	0.885	0.881	0.906	0.755	0.967	0.987	0.985	0.907	0.999	0.892	0.897	0.904	0.891	0.884	0.905	0.752	0.922	0.910	0.926	0.932	0.910	0.934	0.936	0.952	0.940	0.991	0.935	0.706	0.929	0.903	0.927	0.990	1.089	1.157	1.026	1.101	1.008	1.002	0.947	0.678	0.944	1.026	0.922	0.897	0.901	0.956	1.009	1.052	1.050	1.034	1.079	0.740	1.009	1.012	1.042	1.117	1.042	1.046	1.037	1.077	1.037	1.046	1.065	0.717	0.894	0.843
10:31:12	37.0	0.992	1.020	1.042	0.903	0.879	0.880	0.875	0.900	0.886	0.882	0.907	0.759	0.970	0.987	0.987	0.907	1.001	0.892	0.899	0.905	0.892	0.885	0.906	0.755	0.927	0.916	0.932	0.938	0.917	0.941	0.944	0.957	0.950	0.997	0.941	0.710	0.940	0.914	0.942	0.999	1.092	1.158	1.029	1.103	1.011	1.009	0.958	0.681	0.948	1.029	0.925	0.901	0.904	0.960	1.013	1.058	1.054	1.037	1.083	0.742	1.005	1.012	1.046	1.120	1.044	1.053	1.040	1.077	1.042	1.043	1.069	0.720	0.896	0.844
10:35:12	37.0	0.995	1.022	1.044	0.904	0.878	0.881	0.876	0.901	0.887	0.883	0.909	0.762	0.973	0.989	0.988	0.907	1.004	0.893	0.900	0.907	0.893	0.887	0.908	0.758	0.932	0.922	0.937	0.945	0.923	0.947	0.950	0.963	0.959	1.002	0.947	0.711	0.949	0.924	0.955	1.006	1.095	1.159	1.031	1.105	1.013	1.014	0.968	0.686	0.951	1.035	0.929	0.904	0.907	0.962	1.017	1.061	1.057	1.042	1.087	0.744	1.011	1.016	1.048	1.125	1.042	1.051	1.041	1.080	1.043	1.047	1.069	0.725	0.898	0.847
10:39:12	37.0	0.999	1.025	1.046	0.904	0.879	0.883	0.877	0.903	0.890	0.884	0.912	0.767	0.976	0.991	0.990	0.907	1.006	0.895	0.902	0.908	0.895	0.889	0.912	0.763	0.936	0.929	0.944	0.951	0.930	0.953	0.957	0.968	0.966	1.007	0.952	0.717	0.958	0.934	0.967	1.014	1.098	1.162	1.034	1.108	1.015	1.020	0.977	0.688	0.955	1.040	0.932	0.907	0.911	0.966	1.022	1.067	1.061	1.045	1.092	0.745	1.013	1.019	1.050	1.124	1.046	1.050	1.042	1.081	1.045	1.049	1.071	0.722	0.898	0.849
10:43:12	37.0	1.002	1.027	1.049	0.905	0.880	0.884	0.878	0.904	0.890	0.885	0.914	0.772	0.979	0.992	0.992	0.908	1.009	0.896	0.904	0.909	0.895	0.890	0.914	0.763	0.940	0.935	0.949	0.957	0.936	0.960	0.963	0.974	0.973	1.013	0.958	0.721	0.965	0.944	0.977	1.020	1.100	1.163	1.036	1.110	1.018	1.024	0.984	0.693	0.955	1.043	0.934	0.912	0.914	0.970	1.025	1.071	1.065	1.050	1.096	0.746	1.021	1.017	1.052	1.133	1.049	1.051	1.041	1.080	1.049	1.055	1.069	0.726	0.901	0.850
10:47:12	37.0	1.004	1.029	1.051	0.905	0.881	0.886	0.879	0.906	0.892	0.887	0.916	0.776	0.981	0.994	0.993	0.907	1.012	0.897	0.905	0.910	0.895	0.891	0.917	0.764	0.944	0.940	0.954	0.963	0.942	0.966	0.969	0.980	0.978	1.018	0.962	0.726	0.972	0.951	0.989	1.026	1.103	1.166	1.039	1.112	1.020	1.028	0.992	0.692	0.958	1.049	0.935	0.916	0.917	0.973	1.029	1.076	1.070	1.054	1.100	0.748	1.023	1.018	1.052	1.132	1.050	1.054	1.043	1.082	1.051	1.054	1.071	0.727	0.903	0.854
10:51:12	37.0	1.006	1.031	1.053	0.906	0.881	0.887	0.879	0.908	0.893	0.886	0.917	0.779	0.982	0.995	0.995	0.907	1.014	0.897	0.906	0.911	0.895	0.893	0.919	0.765	0.948	0.945	0.959	0.968	0.948	0.971	0.975	0.985	0.986	1.022	0.967	0.726	0.980	0.961	1.002	1.031	1.106	1.169	1.041	1.115	1.023	1.032	1.000	0.695	0.962	1.053	0.937	0.919	0.919	0.975	1.034	1.079	1.075	1.057	1.104	0.749	1.027	1.018	1.053	1.135	1.051	1.053	1.043	1.082	1.051	1.053	1.074	0.730	0.903	0.860
10:55:12	37.0	1.009	1.033	1.056	0.907	0.883	0.889	0.880	0.909	0.894	0.888	0.919	0.784	0.984	0.995	0.997	0.908	1.017	0.899	0.908	0.912	0.896	0.894	0.920	0.769	0.952	0.950	0.964	0.973	0.953	0.976	0.980	0.990	0.992	1.028	0.972	0.727	0.986	0.969	1.013	1.036	1.109	1.170	1.044	1.116	1.026	1.035	1.007	0.699	0.963	1.057	0.940	0.922	0.922	0.979	1.038	1.083	1.080	1.061	1.109	0.750	1.027	1.021	1.055	1.137	1.052	1.056	1.046	1.084	1.052	1.054	1.072	0.735	0.906	0.865
10:59:12	37.0	1.011	1.036	1.057	0.908	0.884	0.889	0.881	0.910	0.895	0.891	0.922	0.789	0.987	0.997	0.999	0.909	1.020	0.900	0.909	0.914	0.897	0.896	0.922	0.770	0.956	0.955	0.968	0.978	0.959	0.982	0.986	0.996	0.997	1.032	0.977	0.728	0.993	0.979	1.024	1.041	1.112	1.173	1.047	1.119	1.028	1.038	1.012	0.701	0.964	1.061	0.943	0.926	0.924	0.983	1.042	1.088	1.083	1.065	1.111	0.749	1.030	1.024	1.059	1.143	1.052	1.056	1.048	1.083	1.053	1.054	1.074	0.734	0.909	0.868
11:03:12	37.0	1.014	1.038	1.060	0.909	0.885	0.891	0.882	0.912	0.897	0.893	0.924	0.793	0.988	0.998	1.000	0.909	1.023	0.901	0.911	0.916	0.899	0.898	0.924	0.774	0.959	0.960	0.972	0.983	0.964	0.987	0.992	1.002	1.003	1.037	0.982	0.728	0.998	0.986	1.034	1.043	1.115	1.176	1.050	1.121	1.030	1.041	1.017	0.705	0.969	1.065	0.945	0.929	0.926	0.987	1.046	1.092	1.085	1.068	1.115	0.750	1.030	1.022	1.060	1.147	1.055	1.058	1.048	1.082	1.054	1.055	1.076	0.736	0.914	0.871
11:07:12	37.0	1.016	1.040	1.063	0.910	0.885	0.892	0.882	0.913	0.898	0.894	0.925	0.796	0.991	0.998	1.002	0.910	1.025	0.902	0.912	0.918	0.900	0.900	0.926	0.778	0.963	0.964	0.977	0.987	0.969	0.993	0.996	1.009	1.008	1.039	0.987	0.729	1.004	0.993	1.043	1.048	1.118	1.179	1.052	1.123	1.033	1.044	1.023	0.706	0.968	1.069	0.949	0.931	0.930	0.990	1.049	1.097	1.089	1.071	1.121	0.750	1.034	1.025	1.062	1.152	1.058	1.055	1.052	1.081	1.054	1.054	1.079	0.742	0.917	0.874
11:11:12	37.0	1.017	1.042	1.065	0.911	0.887	0.894	0.884	0.916	0.900	0.897	0.928	0.800	0.991	0.999	1.004	0.910	1.027	0.902	0.913	0.919	0.901	0.902	0.928	0.778	0.967	0.968	0.981	0.991	0.975	0.997	1.001	1.015	1.011	1.043	0.991	0.730	1.009	1.001	1.051	1.050	1.121	1.182	1.054	1.126	1.036	1.046	1.027	0.709	0.968	1.073	0.950	0.935	0.931	0.992	1.054	1.100	1.094	1.075	1.125	0.752	1.036	1.026	1.062	1.152	1.057	1.057	1.056	1.082	1.056	1.055	1.079	0.746	0.919	0.877
11:15:12	37.0	1.019	1.044	1.068	0.912	0.888	0.896	0.885	0.917	0.903	0.899	0.932	0.804	0.992	0.999	1.006	0.911	1.030	0.903	0.915	0.921	0.902	0.905	0.930	0.777	0.971	0.972	0.985	0.996	0.980	1.001	1.006	1.020	1.016	1.046	0.995	0.733	1.012	1.007	1.059	1.054	1.125	1.184	1.058	1.128	1.039	1.048	1.032	0.710	0.973	1.078	0.954	0.938	0.933	0.996	1.058	1.104	1.098	1.081	1.127	0.756	1.037	1.028	1.062	1.157	1.057	1.059	1.058	1.084	1.060	1.058	1.078	0.750	0.917	0.881
11:19:12	37.0	1.021	1.047	1.071	0.913	0.889	0.898	0.887	0.920	0.905	0.902	0.934	0.807	0.994	1.000	1.008	0.912	1.033	0.904	0.916	0.923	0.904	0.908	0.935	0.779	0.974	0.976	0.989	1.000	0.984	1.006	1.010	1.025	1.021	1.049	0.998	0.737	1.015	1.011	1.065	1.056	1.127	1.188	1.060	1.130	1.042	1.050	1.036	0.715	0.973	1.082	0.958	0.941	0.936	0.998	1.060	1.108	1.101	1.083	1.131	0.758	1.037	1.030	1.061	1.161	1.059	1.058	1.057	1.087	1.062	1.061	1.080	0.754	0.915	0.882
11:23:12	37.0	1.023	1.049	1.073	0.914	0.890	0.898	0.888	0.922	0.906	0.904	0.937	0.808	0.996	1.000	1.010	0.913	1.036	0.905	0.918	0.925	0.905	0.910	0.938	0.782	0.978	0.980	0.993	1.004	0.988	1.011	1.014	1.029	1.025	1.052	1.002	0.740	1.020	1.016	1.072	1.059	1.131	1.190	1.063	1.133	1.045	1.052	1.040	0.719	0.977	1.086	0.960	0.944	0.939	1.002	1.064	1.111	1.105	1.087	1.133	0.763	1.039	1.033	1.065	1.164	1.058	1.059	1.056	1.091	1.062	1.063	1.082	0.755	0.918	0.884
11:27:12	37.0	1.024	1.052	1.076	0.915	0.892	0.900	0.889	0.924	0.909	0.906	0.940	0.811	0.997	1.001	1.012	0.914	1.038	0.907	0.920	0.927	0.907	0.912	0.940	0.789	0.982	0.984	0.996	1.008	0.993	1.015	1.018	1.034	1.030	1.054	1.006	0.740	1.022	1.021	1.078	1.062	1.134	1.193	1.066	1.135	1.048	1.055	1.044	0.723	0.980	1.090	0.963	0.947	0.942	1.005	1.068	1.115	1.107	1.089	1.136	0.767	1.039	1.030	1.065	1.167	1.060	1.060	1.059	1.093	1.062	1.063	1.083	0.756	0.920	0.886
11:31:12	37.0	1.025	1.055	1.079	0.917	0.893	0.901	0.891	0.926	0.912	0.909	0.941	0.816	0.998	1.001	1.014	0.916	1.042	0.908	0.922	0.929	0.909	0.914	0.943	0.791	0.986	0.987	1.000	1.011	0.998	1.019	1.024	1.037	1.034	1.057	1.010	0.742	1.027	1.026	1.083	1.064	1.136	1.196	1.069	1.138	1.051	1.056	1.048	0.726	0.984	1.093	0.965	0.950	0.945	1.009	1.072	1.120	1.111	1.093	1.138	0.769	1.039	1.037	1.063	1.169	1.061	1.063	1.059	1.091	1.063	1.065	1.083	0.760	0.923	0.888
11:35:12	37.0	1.027	1.057	1.081	0.918	0.894	0.903	0.893	0.928	0.915	0.912	0.944	0.821	1.000	1.002	1.017	0.917	1.044	0.910	0.923	0.930	0.910	0.917	0.947	0.789	0.989	0.991	1.003	1.015	1.003	1.024	1.026	1.041	1.037	1.060	1.013	0.745	1.029	1.031	1.089	1.067	1.139	1.197	1.072	1.141	1.054	1.059	1.051	0.731	0.986	1.097	0.967	0.949	0.947	1.013	1.075	1.123	1.115	1.097	1.141	0.773	1.042	1.035	1.066	1.174	1.063	1.062	1.062	1.093	1.063	1.069	1.083	0.760	0.924	0.888
11:39:12	37.0	1.028	1.059	1.084	0.920	0.896	0.905	0.894	0.930	0.917	0.914	0.947	0.826	1.000	1.002	1.018	0.918	1.046	0.910	0.925	0.933	0.913	0.919	0.949	0.785	0.995	0.994	1.007	1.020	1.007	1.028	1.031	1.044	1.042	1.062	1.018	0.747	1.032	1.037	1.094	1.068	1.143	1.201	1.075	1.143	1.058	1.061	1.055	0.736	0.987	1.102	0.970	0.950	0.951	1.015	1.078	1.126	1.119	1.100	1.143	0.776	1.046	1.036	1.068	1.177	1.065	1.064	1.063	1.094	1.067	1.071	1.086	0.758	0.928	0.894
11:43:12	37.0	1.030	1.063	1.087	0.921	0.897	0.907	0.896	0.933	0.920	0.916	0.948	0.830	1.002	1.003	1.021	0.920	1.048	0.913	0.927	0.936	0.915	0.923	0.952	0.787	1.000	0.998	1.012	1.024	1.011	1.032	1.036	1.049	1.046	1.065	1.022	0.748	1.037	1.041	1.099	1.070	1.147	1.204	1.079	1.146	1.060	1.063	1.060	0.740	0.991	1.106	0.972	0.952	0.953	1.019	1.082	1.132	1.120	1.102	1.143	0.778	1.048	1.037	1.072	1.181	1.065	1.067	1.066	1.095	1.067	1.073	1.087	0.756	0.927	0.899
11:47:12	37.0	1.031	1.065	1.089	0.922	0.898	0.909	0.898	0.935	0.923	0.920	0.951	0.837	1.003	1.003	1.023	0.921	1.050	0.913	0.929	0.938	0.917	0.925	0.955	0.788	1.005	1.002	1.016	1.029	1.016	1.035	1.040	1.052	1.050	1.067	1.025	0.750	1.041	1.045	1.103	1.073	1.150	1.207	1.081	1.149	1.063	1.066	1.064	0.744	0.995	1.109	0.976	0.956	0.956	1.022	1.086	1.135	1.122	1.105	1.144	0.781	1.048	1.039	1.071	1.184	1.064	1.068	1.066	1.096	1.068	1.074	1.091	0.760	0.930	0.900
11:51:12	37.0	1.033	1.068	1.092	0.924	0.899	0.911	0.899	0.937	0.926	0.921	0.953	0.841	1.003	1.003	1.026	0.921	1.051	0.915	0.930	0.940	0.919	0.928	0.958	0.787	1.010	1.005	1.021	1.033	1.020	1.040	1.042	1.056	1.054	1.068	1.029	0.752	1.045	1.050	1.107	1.075	1.152	1.209	1.084	1.151	1.066	1.068	1.068	0.747	0.996	1.113	0.978	0.960	0.957	1.026	1.090	1.138	1.124	1.109	1.145	0.781	1.048	1.037	1.071	1.187	1.065	1.067	1.067	1.097	1.068	1.076	1.093	0.757	0.932	0.902
11:55:12	37.0	1.034	1.071	1.095	0.926	0.901	0.913	0.901	0.940	0.929	0.925	0.956	0.845	1.005	1.004	1.028	0.923	1.055	0.917	0.933	0.943	0.923	0.932	0.961	0.790	1.014	1.009	1.026	1.038	1.024	1.045	1.047	1.061	1.059	1.072	1.034	0.756	1.049	1.054	1.112	1.077	1.156	1.212	1.087	1.155	1.069	1.071	1.071	0.751	0.998	1.117	0.980	0.963	0.960	1.028	1.093	1.143	1.128	1.110	1.147	0.786	1.050	1.041	1.071	1.189	1.067	1.069	1.066	1.099	1.068	1.076	1.094	0.761	0.936	0.904
11:59:12	37.0	1.036	1.074	1.097	0.927	0.903	0.916	0.904	0.943	0.932	0.927	0.958	0.849	1.006	1.004	1.031	0.924	1.057	0.918	0.934	0.945	0.925	0.933	0.963	0.793	1.018	1.013	1.030	1.042	1.029	1.050	1.051	1.064	1.063	1.074	1.038	0.758	1.054	1.059	1.117	1.078	1.160	1.215	1.090	1.157	1.072	1.073	1.075	0.756	1.001	1.122	0.984	0.965	0.963	1.033	1.098	1.147	1.130	1.113	1.148	0.788	1.052	1.040	1.072	1.192	1.070	1.070	1.070	1.101	1.070	1.078	1.095	0.764	0.938	0.904
12:03:12	37.0	1.036	1.076	1.100	0.927	0.903	0.918	0.904	0.944	0.934	0.928	0.959	0.854	1.007	1.004	1.033	0.926	1.060	0.920	0.936	0.948	0.927	0.936	0.965	0.792	1.021	1.018	1.032	1.048	1.034	1.055	1.054	1.067	1.067	1.074	1.040	0.758	1.056	1.063	1.122	1.080	1.163	1.217	1.093	1.159	1.073	1.075	1.077	0.758	1.004	1.124	0.988	0.969	0.964	1.036	1.102	1.152	1.132	1.116	1.150	0.789	1.056	1.041	1.077	1.194	1.068	1.070	1.070	1.104	1.073	1.080	1.098	0.768	0.941	0.907
12:07:12	37.0	1.038	1.079	1.103	0.929	0.905	0.920	0.907	0.948	0.937	0.931	0.961	0.859	1.008	1.004	1.035	0.926	1.063	0.922	0.939	0.951	0.929	0.939	0.968	0.792	1.023	1.022	1.036	1.053	1.039	1.061	1.059	1.071	1.071	1.076	1.043	0.764	1.059	1.065	1.127	1.083	1.166	1.220	1.095	1.161	1.077	1.078	1.082	0.761	1.005	1.130	0.991	0.971	0.966	1.039	1.106	1.156	1.136	1.119	1.153	0.791	1.057	1.043	1.077	1.197	1.071	1.071	1.073	1.104	1.073	1.079	1.098	0.772	0.946	0.907
12:11:12	37.0	1.039	1.081	1.105	0.930	0.906	0.921	0.908	0.949	0.939	0.933	0.963	0.863	1.009	1.005	1.038	0.927	1.066	0.923	0.941	0.954	0.932	0.941	0.970	0.795	1.027	1.027	1.039	1.058	1.044	1.066	1.061	1.075	1.077	1.079	1.048	0.766	1.063	1.069	1.133	1.084	1.170	1.223	1.098	1.164	1.079	1.080	1.084	0.764	1.008	1.133	0.994	0.974	0.970	1.042	1.110	1.159	1.139	1.123	1.156	0.794	1.062	1.041	1.074	1.201	1.067	1.071	1.069	1.105	1.076	1.080	1.104	0.774	0.945	0.910
12:15:12	37.0	1.040	1.084	1.108	0.932	0.909	0.924	0.911	0.953	0.942	0.935	0.965	0.869	1.010	1.005	1.040	0.929	1.069	0.925	0.944	0.957	0.934	0.943	0.973	0.795	1.030	1.032	1.042	1.062	1.049	1.070	1.067	1.079	1.082	1.082	1.052	0.769	1.068	1.073	1.138	1.088	1.173	1.226	1.101	1.166	1.082	1.083	1.089	0.768	1.010	1.137	0.995	0.978	0.973	1.046	1.114	1.161	1.141	1.125	1.160	0.795	1.065	1.046	1.076	1.202	1.069	1.070	1.067	1.106	1.074	1.081	1.106	0.775	0.944	0.915
12:19:12	37.0	1.042	1.087	1.111	0.935	0.911	0.927	0.914	0.955	0.945	0.938	0.969	0.872	1.012	1.005	1.043	0.930	1.072	0.928	0.947	0.960	0.938	0.946	0.976	0.794	1.032	1.037	1.045	1.065	1.055	1.074	1.072	1.084	1.089	1.083	1.057	0.773	1.071	1.077	1.145	1.089	1.177	1.229	1.105	1.170	1.086	1.087	1.094	0.771	1.011	1.140	0.998	0.982	0.975	1.049	1.118	1.166	1.144	1.127	1.163	0.797	1.062	1.048	1.079	1.203	1.073	1.074	1.067	1.112	1.076	1.082	1.109	0.780	0.949	0.915
12:23:12	37.0	1.044	1.089	1.113	0.937	0.913	0.929	0.916	0.958	0.947	0.941	0.972	0.877	1.014	1.006	1.045	0.933	1.075	0.930	0.949	0.963	0.941	0.948	0.979	0.793	1.037	1.041	1.048	1.069	1.058	1.077	1.076	1.089	1.094	1.085	1.062	0.776	1.074	1.079	1.151	1.092	1.180	1.231	1.107	1.172	1.088	1.089	1.098	0.774	1.011	1.143	0.999	0.983	0.979	1.052	1.122	1.171	1.148	1.131	1.163	0.797	1.066	1.051	1.081	1.206	1.074	1.078	1.066	1.110	1.079	1.081	1.108	0.782	0.948	0.920
12:27:12	37.0	1.045	1.091	1.115	0.939	0.914	0.932	0.917	0.959	0.949	0.942	0.973	0.880	1.014	1.005	1.048	0.934	1.076	0.931	0.951	0.965	0.943	0.950	0.981	0.793	1.039	1.045	1.051	1.073	1.062	1.080	1.081	1.091	1.100	1.086	1.065	0.779	1.078	1.082	1.155	1.093	1.183	1.234	1.111	1.175	1.091	1.092	1.101	0.778	1.014	1.146	1.002	0.986	0.980	1.054	1.126	1.175	1.150	1.133	1.163	0.799	1.067	1.049	1.083	1.207	1.074	1.077	1.066	1.111	1.081	1.086	1.107	0.786	0.949	0.918
12:31:12	37.0	1.046	1.094	1.117	0.940	0.916	0.934	0.919	0.961	0.951	0.944	0.975	0.883	1.014	1.006	1.050	0.934	1.079	0.933	0.953	0.967	0.944	0.952	0.982	0.793	1.041	1.048	1.054	1.076	1.066	1.084	1.088	1.095	1.106	1.089	1.071	0.781	1.082	1.086	1.159	1.095	1.186	1.237	1.114	1.176	1.093	1.095	1.106	0.783	1.015	1.149	1.005	0.988	0.983	1.056	1.130	1.178	1.154	1.136	1.164	0.801	1.061	1.050	1.081	1.208	1.075	1.081	1.066	1.115	1.082	1.085	1.110	0.789	0.952	0.923
12:35:12	37.0	1.048	1.097	1.119	0.943	0.918	0.936	0.922	0.964	0.954	0.947	0.979	0.890	1.017	1.007	1.053	0.937	1.082	0.936	0.957	0.970	0.948	0.955	0.986	0.796	1.044	1.052	1.058	1.079	1.069	1.087	1.094	1.099	1.112	1.091	1.077	0.784	1.087	1.091	1.163	1.097	1.189	1.240	1.116	1.179	1.096	1.098	1.111	0.785	1.016	1.152	1.008	0.991	0.986	1.061	1.133	1.181	1.158	1.138	1.164	0.802	1.067	1.053	1.081	1.211	1.079	1.078	1.067	1.116	1.084	1.085	1.112	0.790	0.953	0.922
12:39:12	37.0	1.050	1.099	1.120	0.944	0.920	0.938	0.925	0.967	0.957	0.949	0.981	0.894	1.018	1.008	1.055	0.939	1.084	0.938	0.959	0.973	0.951	0.956	0.988	0.796	1.047	1.056	1.061	1.084	1.072	1.091	1.098	1.104	1.117	1.093	1.081	0.784	1.092	1.096	1.167	1.099	1.193	1.243	1.119	1.183	1.099	1.101	1.118	0.789	1.021	1.156	1.010	0.995	0.988	1.063	1.137	1.185	1.161	1.140	1.164	0.806	1.070	1.054	1.081	1.215	1.080	1.080	1.064	1.118	1.083	1.087	1.115	0.793	0.954	0.922
12:43:12	37.0	1.050	1.102	1.123	0.947	0.922	0.941	0.927	0.969	0.958	0.951	0.983	0.897	1.020	1.009	1.058	0.941	1.087	0.940	0.961	0.974	0.953	0.958	0.990	0.798	1.050	1.059	1.066	1.088	1.075	1.094	1.103	1.106	1.121	1.094	1.084	0.785	1.096	1.101	1.172	1.101	1.196	1.245	1.122	1.184	1.101	1.104	1.122	0.791	1.023	1.160	1.010	0.996	0.990	1.067	1.141	1.188	1.163	1.144	1.167	0.808	1.073	1.055	1.082	1.217	1.083	1.083	1.066	1.118	1.085	1.092	1.117	0.799	0.956	0.923
12:47:12	37.0	1.051	1.104	1.126	0.948	0.923	0.943	0.929	0.972	0.960	0.953	0.986	0.902	1.021	1.010	1.060	0.942	1.089	0.941	0.963	0.977	0.955	0.960	0.992	0.801	1.052	1.061	1.069	1.090	1.077	1.098	1.106	1.111	1.125	1.097	1.088	0.788	1.100	1.104	1.175	1.103	1.198	1.248	1.125	1.187	1.104	1.107	1.127	0.795	1.026	1.161	1.014	0.998	0.993	1.070	1.144	1.193	1.167	1.147	1.169	0.809	1.074	1.058	1.084	1.220	1.083	1.085	1.063	1.121	1.085	1.093	1.117	0.800	0.957	0.926
12:51:12	37.0	1.052	1.107	1.129	0.949	0.925	0.945	0.931	0.974	0.963	0.955	0.988	0.908	1.022	1.011	1.061	0.943	1.091	0.943	0.966	0.980	0.957	0.962	0.994	0.804	1.055	1.065	1.072	1.095	1.080	1.101	1.109	1.113	1.131	1.099	1.092	0.792	1.105	1.107	1.179	1.105	1.201	1.251	1.127	1.189	1.106	1.110	1.133	0.800	1.028	1.163	1.014	1.002	0.997	1.073	1.149	1.197	1.170	1.150	1.171	0.810	1.078	1.056	1.086	1.222	1.084	1.081	1.060	1.124	1.087	1.091	1.117	0.802	0.957	0.928
12:55:12	37.0	1.054	1.110	1.132	0.952	0.928	0.948	0.933	0.977	0.965	0.958	0.991	0.913	1.024	1.012	1.062	0.946	1.094	0.946	0.969	0.982	0.960	0.964	0.996	0.807	1.057	1.068	1.076	1.098	1.083	1.105	1.112	1.116	1.133	1.101	1.093	0.793	1.110	1.111	1.184	1.107	1.203	1.254	1.131	1.192	1.109	1.113	1.139	0.803	1.032	1.168	1.018	1.004	0.999	1.076	1.151	1.202	1.173	1.151	1.174	0.811	1.080	1.056	1.086	1.225	1.085	1.083	1.061	1.126	1.087	1.092	1.117	0.801	0.960	0.929
12:59:12	37.0	1.055	1.112	1.134	0.954	0.930	0.951	0.936	0.980	0.968	0.960	0.994	0.919	1.026	1.014	1.063	0.948	1.097	0.948	0.972	0.984	0.962	0.966	0.999	0.808	1.061	1.072	1.079	1.101	1.086	1.108	1.116	1.121	1.138	1.103	1.096	0.795	1.115	1.114	1.187	1.110	1.206	1.256	1.134	1.194	1.112	1.116	1.145	0.806	1.032	1.173	1.021	1.007	1.002	1.079	1.156	1.207	1.177	1.153	1.176	0.812	1.081	1.059	1.089	1.228	1.087	1.087	1.063	1.125	1.091	1.096	1.118	0.803	0.961	0.931
13:03:12	37.0	1.057	1.115	1.136	0.957	0.931	0.953	0.938	0.982	0.970	0.961	0.995	0.920	1.026	1.014	1.065	0.949	1.099	0.950	0.974	0.986	0.964	0.967	1.000	0.809	1.065	1.076	1.082	1.105	1.089	1.111	1.119	1.123	1.143	1.104	1.099	0.798	1.119	1.117	1.189	1.111	1.209	1.259	1.136	1.196	1.114	1.118	1.150	0.807	1.035	1.175	1.023	1.009	1.004	1.082	1.159	1.210	1.179	1.155	1.179	0.815	1.082	1.058	1.091	1.231	1.085	1.085	1.065	1.126	1.090	1.097	1.121	0.805	0.962	0.933
13:07:12	37.0	1.059	1.118	1.139	0.959	0.933	0.956	0.941	0.984	0.972	0.964	0.998	0.927	1.029	1.017	1.068	0.952	1.102	0.952	0.977	0.989	0.966	0.970	1.003	0.814	1.067	1.079	1.086	1.109	1.092	1.115	1.122	1.128	1.147	1.107	1.102	0.800	1.123	1.118	1.192	1.114	1.212	1.261	1.140	1.199	1.117	1.121	1.155	0.811	1.033	1.178	1.026	1.011	1.007	1.086	1.163	1.215	1.183	1.157	1.181	0.817	1.085	1.063	1.093	1.232	1.089	1.087	1.066	1.129	1.093	1.100	1.122	0.807	0.964	0.936
13:11:12	37.0	1.060	1.120	1.141	0.961	0.935	0.958	0.943	0.987	0.975	0.966	0.999	0.931	1.030	1.018	1.070	0.954	1.104	0.955	0.979	0.992	0.969	0.971	1.005	0.816	1.071	1.081	1.088	1.112	1.095	1.119	1.125	1.131	1.151	1.109	1.106	0.801	1.127	1.122	1.196	1.117	1.216	1.265	1.143	1.202	1.120	1.125	1.159	0.814	1.035	1.181	1.028	1.014	1.011	1.088	1.166	1.218	1.185	1.160	1.183	0.819	1.089	1.064	1.094	1.234	1.093	1.087	1.069	1.132	1.096	1.103	1.125	0.809	0.968	0.937
13:15:12	37.0	1.061	1.123	1.143	0.962	0.937	0.959	0.945	0.988	0.976	0.968	1.001	0.935	1.031	1.019	1.072	0.955	1.106	0.956	0.981	0.993	0.970	0.973	1.007	0.821	1.072	1.084	1.092	1.115	1.097	1.122	1.129	1.134	1.155	1.111	1.109	0.806	1.129	1.124	1.198	1.118	1.218	1.267	1.145	1.205	1.122	1.126	1.163	0.816	1.033	1.184	1.029	1.013	1.012	1.091	1.170	1.221	1.188	1.162	1.185	0.820	1.087	1.066	1.095	1.236	1.091	1.087	1.068	1.131	1.098	1.103	1.128	0.811	0.968	0.939
13:19:12	37.0	1.063	1.123	1.145	0.963	0.939	0.960	0.947	0.991	0.978	0.970	1.002	0.938	1.032	1.019	1.074	0.956	1.108	0.957	0.983	0.994	0.972	0.975	1.008	0.821	1.073	1.087	1.095	1.118	1.100	1.126	1.132	1.137	1.159	1.113	1.112	0.808	1.133	1.128	1.201	1.120	1.221	1.269	1.148	1.208	1.125	1.130	1.167	0.819	1.037	1.186	1.031	1.016	1.015	1.094	1.173	1.225	1.192	1.165	1.188	0.823	1.090	1.066	1.095	1.237	1.092	1.087	1.068	1.134	1.098	1.104	1.127	0.814	0.969	0.940
13:23:12	37.0	1.064	1.125	1.147	0.965	0.941	0.962	0.949	0.992	0.979	0.971	1.004	0.943	1.034	1.021	1.076	0.958	1.110	0.959	0.985	0.996	0.974	0.976	1.010	0.821	1.077	1.090	1.098	1.122	1.103	1.129	1.134	1.139	1.163	1.115	1.115	0.810	1.136	1.131	1.203	1.122	1.224	1.272	1.151	1.210	1.128	1.133	1.171	0.821	1.038	1.189	1.033	1.016	1.017	1.096	1.177	1.229	1.194	1.168	1.188	0.826	1.092	1.064	1.095	1.236	1.095	1.087	1.069	1.132	1.101	1.103	1.128	0.816	0.970	0.941
13:27:12	37.0	1.065	1.127	1.150	0.968	0.943	0.965	0.951	0.995	0.982	0.973	1.007	0.949	1.035	1.022	1.078	0.960	1.112	0.961	0.987	0.999	0.976	0.978	1.012	0.826	1.079	1.093	1.101	1.125	1.107	1.132	1.138	1.142	1.167	1.116	1.118	0.813	1.139	1.133	1.207	1.124	1.226	1.274	1.152	1.211	1.131	1.134	1.174	0.824	1.038	1.192	1.034	1.019	1.020	1.099	1.182	1.233	1.198	1.170	1.191	0.826	1.092	1.064	1.096	1.236	1.097	1.089	1.072	1.133	1.103	1.107	1.129	0.818	0.973	0.942
13:31:12	37.0	1.067	1.130	1.152	0.970	0.945	0.968	0.953	0.997	0.984	0.975	1.009	0.951	1.036	1.023	1.081	0.963	1.114	0.963	0.989	1.000	0.977	0.979	1.014	0.827	1.081	1.096	1.106	1.129	1.109	1.136	1.140	1.145	1.170	1.118	1.120	0.815	1.142	1.137	1.208	1.126	1.229	1.276	1.157	1.214	1.134	1.138	1.178	0.827	1.042	1.196	1.038	1.021	1.022	1.103	1.185	1.237	1.200	1.173	1.196	0.829	1.095	1.068	1.097	1.238	1.097	1.092	1.073	1.133	1.102	1.107	1.131	0.819	0.976	0.943
13:35:12	37.0	1.069	1.133	1.153	0.971	0.947	0.970	0.956	0.999	0.986	0.977	1.011	0.955	1.038	1.024	1.082	0.965	1.117	0.966	0.992	1.003	0.980	0.982	1.016	0.830	1.084	1.099	1.109	1.132	1.113	1.139	1.144	1.149	1.174	1.121	1.124	0.817	1.145	1.140	1.212	1.129	1.233	1.279	1.159	1.217	1.135	1.141	1.181	0.829	1.045	1.198	1.040	1.023	1.025	1.105	1.188	1.241	1.202	1.174	1.198	0.830	1.096	1.070	1.100	1.239	1.101	1.093	1.076	1.134	1.103	1.109	1.133	0.822	0.978	0.946
13:39:12	37.0	1.070	1.135	1.156	0.973	0.949	0.972	0.958	1.001	0.988	0.979	1.013	0.958	1.040	1.026	1.085	0.967	1.119	0.968	0.994	1.005	0.981	0.984	1.018	0.833	1.088	1.103	1.111	1.136	1.116	1.143	1.147	1.151	1.177	1.124	1.128	0.821	1.148	1.144	1.214	1.131	1.236	1.281	1.162	1.219	1.139	1.144	1.186	0.832	1.046	1.203	1.044	1.025	1.027	1.108	1.191	1.245	1.206	1.176	1.201	0.833	1.097	1.072	1.101	1.241	1.103	1.093	1.074	1.137	1.105	1.109	1.135	0.824	0.981	0.947
13:43:12	37.0	1.071	1.138	1.159	0.976	0.951	0.975	0.961	1.004	0.991	0.982	1.015	0.964	1.042	1.027	1.087	0.970	1.121	0.971	0.997	1.008	0.984	0.986	1.021	0.838	1.090	1.106	1.115	1.140	1.119	1.147	1.150	1.154	1.182	1.127	1.131	0.823	1.151	1.147	1.218	1.133	1.239	1.285	1.165	1.222	1.142	1.148	1.189	0.835	1.048	1.206	1.047	1.028	1.030	1.112	1.194	1.248	1.208	1.178	1.202	0.836	1.100	1.075	1.101	1.243	1.104	1.094	1.074	1.140	1.108	1.111	1.137	0.827	0.983	0.949
13:47:12	37.0	1.074	1.140	1.161	0.978	0.954	0.977	0.963	1.006	0.993	0.984	1.018	0.968	1.044	1.029	1.089	0.972	1.123	0.972	0.999	1.010	0.986	0.988	1.022	0.841	1.092	1.109	1.119	1.143	1.122	1.151	1.153	1.158	1.185	1.130	1.133	0.824	1.153	1.150	1.220	1.135	1.242	1.287	1.169	1.225	1.145	1.150	1.192	0.837	1.047	1.209	1.051	1.033	1.035	1.116	1.197	1.251	1.211	1.181	1.205	0.838	1.103	1.079	1.102	1.244	1.107	1.098	1.076	1.141	1.107	1.112	1.137	0.828	0.984	0.951
13:51:12	37.0	1.076	1.143	1.164	0.981	0.957	0.980	0.966	1.009	0.995	0.987	1.019	0.973	1.046	1.030	1.090	0.975	1.126	0.975	1.002	1.012	0.988	0.990	1.025	0.844	1.094	1.112	1.122	1.147	1.126	1.155	1.157	1.161	1.189	1.132	1.136	0.826	1.157	1.153	1.221	1.137	1.245	1.289	1.171	1.228	1.147	1.153	1.197	0.840	1.050	1.212	1.053	1.036	1.037	1.118	1.201	1.255	1.215	1.183	1.207	0.842	1.107	1.077	1.102	1.246	1.110	1.101	1.079	1.143	1.110	1.112	1.140	0.831	0.987	0.953
13:55:12	37.0	1.078	1.145	1.166	0.983	0.958	0.981	0.968	1.011	0.997	0.989	1.022	0.976	1.048	1.032	1.093	0.977	1.128	0.977	1.003	1.015	0.990	0.992	1.027	0.846	1.097	1.116	1.124	1.151	1.129	1.158	1.159	1.164	1.192	1.133	1.138	0.828	1.160	1.157	1.225	1.140	1.248	1.292	1.174	1.229	1.150	1.155	1.199	0.843	1.046	1.216	1.056	1.037	1.039	1.121	1.204	1.257	1.217	1.185	1.211	0.845	1.110	1.078	1.104	1.249	1.107	1.101	1.080	1.146	1.111	1.113	1.140	0.832	0.987	0.953
13:59:12	37.0	1.079	1.147	1.169	0.984	0.960	0.983	0.970	1.012	0.999	0.991	1.024	0.980	1.050	1.034	1.096	0.979	1.131	0.979	1.006	1.017	0.992	0.994	1.030	0.850	1.100	1.120	1.128	1.153	1.132	1.161	1.163	1.167	1.195	1.135	1.141	0.830	1.163	1.161	1.227	1.142	1.251	1.294	1.177	1.232	1.153	1.158	1.203	0.846	1.048	1.220	1.060	1.042	1.042	1.124	1.207	1.261	1.220	1.185	1.215	0.848	1.114	1.080	1.105	1.251	1.106	1.103	1.074	1.147	1.113	1.115	1.140	0.834	0.988	0.954
14:03:12	37.0	1.081	1.149	1.170	0.986	0.962	0.985	0.972	1.015	1.001	0.992	1.025	0.982	1.051	1.036	1.098	0.981	1.132	0.981	1.008	1.018	0.993	0.996	1.031	0.853	1.103	1.123	1.131	1.156	1.135	1.163	1.166	1.168	1.199	1.137	1.144	0.833	1.166	1.164	1.230	1.143	1.253	1.296	1.181	1.235	1.156	1.160	1.206	0.850	1.048	1.223	1.063	1.044	1.044	1.128	1.211	1.265	1.223	1.187	1.217	0.852	1.115	1.081	1.104	1.252	1.108	1.105	1.074	1.147	1.111	1.116	1.141	0.839	0.990	0.955
14:07:12	37.0	1.082	1.152	1.172	0.988	0.964	0.987	0.974	1.017	1.003	0.995	1.028	0.987	1.052	1.037	1.099	0.983	1.135	0.983	1.009	1.020	0.995	0.998	1.034	0.856	1.105	1.126	1.134	1.161	1.137	1.166	1.169	1.170	1.202	1.140	1.146	0.835	1.169	1.167	1.233	1.145	1.256	1.298	1.183	1.237	1.158	1.163	1.208	0.852	1.051	1.228	1.065	1.048	1.048	1.130	1.213	1.268	1.226	1.189	1.220	0.854	1.117	1.082	1.105	1.253	1.106	1.106	1.072	1.148	1.113	1.113	1.145	0.841	0.991	0.956
14:11:12	37.0	1.084	1.154	1.175	0.990	0.966	0.989	0.976	1.018	1.005	0.997	1.029	0.992	1.053	1.039	1.101	0.985	1.137	0.985	1.012	1.022	0.997	1.000	1.036	0.859	1.108	1.129	1.137	1.164	1.140	1.169	1.173	1.175	1.207	1.141	1.150	0.837	1.173	1.170	1.234	1.147	1.259	1.301	1.186	1.239	1.161	1.166	1.211	0.854	1.052	1.231	1.068	1.050	1.050	1.134	1.218	1.271	1.229	1.190	1.222	0.857	1.120	1.081	1.105	1.254	1.107	1.107	1.069	1.149	1.116	1.117	1.145	0.844	0.992	0.959
14:15:12	37.0	1.086	1.156	1.177	0.992	0.968	0.991	0.978	1.020	1.007	0.999	1.032	0.994	1.056	1.042	1.103	0.987	1.139	0.987	1.014	1.024	0.999	1.002	1.038	0.860	1.111	1.133	1.141	1.166	1.143	1.173	1.176	1.176	1.212	1.145	1.153	0.840	1.177	1.173	1.236	1.150	1.261	1.303	1.189	1.242	1.163	1.168	1.213	0.858	1.054	1.234	1.071	1.055	1.054	1.136	1.221	1.276	1.230	1.192	1.224	0.858	1.122	1.083	1.109	1.255	1.106	1.109	1.068	1.152	1.117	1.120	1.143	0.848	0.993	0.958
14:19:12	37.0	1.088	1.158	1.180	0.994	0.971	0.993	0.980	1.022	1.009	1.001	1.034	0.998	1.058	1.044	1.105	0.989	1.141	0.989	1.015	1.026	1.001	1.004	1.041	0.864	1.113	1.135	1.144	1.170	1.146	1.175	1.179	1.179	1.215	1.146	1.155	0.843	1.180	1.176	1.238	1.151	1.264	1.305	1.194	1.244	1.167	1.171	1.218	0.861	1.053	1.238	1.074	1.057	1.056	1.139	1.225	1.279	1.232	1.194	1.226	0.861	1.123	1.081	1.111	1.257	1.107	1.111	1.072	1.152	1.119	1.120	1.146	0.851	0.992	0.960
14:23:12	37.0	1.090	1.161	1.183	0.997	0.973	0.995	0.983	1.025	1.011	1.003	1.037	1.002	1.060	1.046	1.107	0.991	1.143	0.991	1.019	1.028	1.003	1.007	1.044	0.865	1.117	1.139	1.146	1.174	1.149	1.181	1.182	1.182	1.217	1.149	1.157	0.845	1.183	1.178	1.242	1.153	1.267	1.307	1.197	1.247	1.170	1.174	1.220	0.864	1.056	1.242	1.074	1.060	1.059	1.142	1.228	1.284	1.234	1.198	1.226	0.864	1.127	1.083	1.111	1.260	1.111	1.110	1.075	1.153	1.122	1.123	1.149	0.854	0.993	0.961
14:27:12	37.0	1.092	1.163	1.185	0.999	0.976	0.997	0.985	1.026	1.013	1.005	1.038	1.007	1.061	1.048	1.109	0.993	1.145	0.993	1.020	1.030	1.005	1.009	1.046	0.869	1.118	1.142	1.149	1.177	1.152	1.183	1.186	1.183	1.222	1.151	1.159	0.849	1.185	1.181	1.244	1.156	1.270	1.308	1.199	1.248	1.172	1.175	1.224	0.867	1.055	1.246	1.078	1.062	1.061	1.145	1.232	1.287	1.236	1.199	1.226	0.867	1.128	1.083	1.112	1.263	1.110	1.112	1.076	1.152	1.123	1.125	1.151	0.858	0.992	0.962
14:31:12	37.0	1.093	1.165	1.187	1.000	0.978	1.000	0.987	1.029	1.016	1.007	1.041	1.011	1.063	1.050	1.112	0.995	1.148	0.995	1.022	1.032	1.007	1.011	1.049	0.871	1.120	1.146	1.153	1.180	1.156	1.186	1.189	1.188	1.226	1.154	1.163	0.851	1.188	1.185	1.248	1.157	1.273	1.310	1.202	1.250	1.175	1.180	1.227	0.869	1.057	1.251	1.081	1.066	1.064	1.147	1.234	1.291	1.237	1.201	1.229	0.870	1.135	1.084	1.116	1.265	1.111	1.112	1.075	1.150	1.124	1.124	1.153	0.861	0.993	0.963
14:35:12	37.0	1.095	1.168	1.190	1.002	0.980	1.002	0.989	1.031	1.017	1.010	1.044	1.015	1.065	1.052	1.115	0.997	1.151	0.997	1.025	1.034	1.009	1.014	1.051	0.874	1.123	1.150	1.155	1.184	1.159	1.189	1.192	1.188	1.229	1.156	1.165	0.855	1.190	1.188	1.250	1.159	1.276	1.313	1.204	1.252	1.180	1.183	1.230	0.872	1.056	1.255	1.085	1.067	1.068	1.151	1.238	1.294	1.239	1.204	1.228	0.874	1.137	1.085	1.117	1.268	1.110	1.113	1.080	1.151	1.125	1.129	1.154	0.866	0.994	0.964
14:39:12	37.0	1.098	1.170	1.193	1.005	0.983	1.005	0.992	1.033	1.021	1.013	1.047	1.018	1.067	1.055	1.117	0.999	1.152	0.999	1.028	1.037	1.012	1.016	1.055	0.877	1.126	1.152	1.159	1.189	1.162	1.194	1.195	1.193	1.234	1.158	1.168	0.858	1.193	1.190	1.253	1.161	1.279	1.315	1.207	1.253	1.181	1.187	1.233	0.874	1.058	1.259	1.089	1.070	1.071	1.154	1.242	1.299	1.242	1.205	1.231	0.875	1.140	1.085	1.117	1.269	1.110	1.115	1.079	1.152	1.129	1.129	1.157	0.869	0.995	0.966
14:43:12	37.0	1.099	1.172	1.195	1.007	0.985	1.007	0.993	1.035	1.022	1.015	1.050	1.021	1.069	1.058	1.119	1.001	1.155	1.002	1.030	1.038	1.014	1.019	1.057	0.881	1.129	1.155	1.162	1.191	1.165	1.198	1.200	1.194	1.238	1.161	1.170	0.860	1.197	1.193	1.256	1.164	1.282	1.318	1.211	1.254	1.183	1.188	1.236	0.877	1.060	1.262	1.092	1.074	1.073	1.157	1.244	1.303	1.245	1.206	1.233	0.877	1.144	1.086	1.119	1.272	1.113	1.115	1.083	1.152	1.130	1.129	1.158	0.872	0.997	0.967
14:47:12	37.0	1.101	1.174	1.198	1.009	0.987	1.009	0.996	1.038	1.024	1.017	1.052	1.023	1.071	1.059	1.121	1.003	1.157	1.003	1.031	1.040	1.015	1.022	1.059	0.883	1.131	1.157	1.165	1.195	1.169	1.200	1.203	1.198	1.242	1.163	1.173	0.863	1.200	1.195	1.257	1.166	1.285	1.319	1.212	1.256	1.186	1.191	1.240	0.879	1.062	1.265	1.093	1.076	1.075	1.159	1.247	1.306	1.246	1.208	1.235	0.879	1.146	1.086	1.118	1.274	1.114	1.116	1.085	1.152	1.131	1.130	1.157	0.873	0.999	0.968
14:51:12	37.0	1.102	1.177	1.200	1.011	0.988	1.011	0.998	1.039	1.027	1.019	1.054	1.027	1.072	1.061	1.123	1.004	1.159	1.004	1.033	1.042	1.018	1.023	1.062	0.885	1.133	1.160	1.167	1.198	1.172	1.202	1.204	1.199	1.245	1.165	1.177	0.866	1.203	1.198	1.259	1.168	1.288	1.322	1.216	1.258	1.191	1.194	1.243	0.882	1.064	1.268	1.096	1.080	1.078	1.162	1.250	1.310	1.249	1.210	1.237	0.882	1.148	1.088	1.119	1.277	1.114	1.116	1.083	1.152	1.132	1.132	1.158	0.875	1.000	0.968
14:55:12	37.0	1.104	1.179	1.202	1.012	0.990	1.013	0.999	1.041	1.028	1.022	1.056	1.030	1.074	1.063	1.125	1.006	1.160	1.006	1.035	1.044	1.019	1.025	1.063	0.889	1.136	1.162	1.171	1.200	1.174	1.205	1.206	1.201	1.248	1.166	1.179	0.868	1.206	1.200	1.261	1.169	1.289	1.324	1.218	1.259	1.192	1.196	1.245	0.883	1.066	1.270	1.099	1.082	1.080	1.164	1.253	1.313	1.250	1.212	1.240	0.885	1.150	1.088	1.120	1.279	1.115	1.115	1.083	1.153	1.133	1.131	1.159	0.878	1.000	0.970
14:59:12	37.0	1.105	1.182	1.204	1.013	0.991	1.014	1.000	1.042	1.030	1.023	1.059	1.032	1.075	1.065	1.127	1.008	1.163	1.007	1.037	1.046	1.021	1.027	1.065	0.891	1.139	1.166	1.173	1.203	1.177	1.208	1.210	1.201	1.251	1.168	1.182	0.870	1.208	1.202	1.264	1.172	1.291	1.327	1.221	1.260	1.192	1.198	1.249	0.886	1.065	1.273	1.099	1.085	1.081	1.167	1.257	1.316	1.252	1.213	1.242	0.887	1.151	1.090	1.119	1.280	1.118	1.117	1.087	1.153	1.132	1.131	1.159	0.881	1.002	0.970
15:03:12	37.0	1.106	1.184	1.206	1.015	0.993	1.017	1.002	1.044	1.032	1.026	1.061	1.034	1.077	1.067	1.130	1.010	1.165	1.009	1.039	1.048	1.023	1.029	1.067	0.894	1.141	1.168	1.175	1.206	1.180	1.210	1.213	1.204	1.255	1.170	1.184	0.872	1.210	1.205	1.266	1.173	1.294	1.328	1.223	1.263	1.195	1.201	1.254	0.888	1.070	1.277	1.105	1.087	1.083	1.169	1.259	1.319	1.255	1.215	1.245	0.890	1.152	1.092	1.120	1.282	1.120	1.120	1.082	1.157	1.133	1.132	1.161	0.881	1.002	0.971
15:07:12	37.0	1.108	1.186	1.208	1.016	0.995	1.019	1.004	1.046	1.034	1.028	1.063	1.037	1.078	1.069	1.132	1.011	1.167	1.011	1.040	1.049	1.024	1.031	1.070	0.897	1.142	1.171	1.177	1.209	1.182	1.212	1.215	1.206	1.259	1.171	1.188	0.874	1.213	1.207	1.268	1.175	1.296	1.330	1.225	1.265	1.197	1.202	1.257	0.889	1.069	1.278	1.107	1.089	1.085	1.170	1.261	1.322	1.258	1.218	1.248	0.891	1.153	1.093	1.120	1.286	1.122	1.119	1.084	1.157	1.134	1.132	1.161	0.883	1.002	0.972
15:11:12	37.0	1.110	1.188	1.211	1.018	0.998	1.021	1.007	1.049	1.038	1.031	1.066	1.040	1.080	1.072	1.133	1.013	1.169	1.013	1.042	1.052	1.027	1.034	1.073	0.900	1.144	1.173	1.180	1.212	1.185	1.215	1.218	1.208	1.263	1.174	1.190	0.878	1.216	1.209	1.270	1.177	1.299	1.333	1.228	1.266	1.199	1.205	1.260	0.892	1.070	1.282	1.110	1.093	1.087	1.171	1.264	1.326	1.260	1.220	1.250	0.895	1.154	1.093	1.120	1.286	1.125	1.120	1.083	1.157	1.136	1.135	1.163	0.888	1.002	0.973
15:15:12	37.0	1.111	1.190	1.214	1.020	0.999	1.022	1.009	1.051	1.040	1.033	1.068	1.043	1.081	1.074	1.135	1.015	1.171	1.014	1.044	1.055	1.029	1.036	1.075	0.903	1.146	1.177	1.183	1.215	1.188	1.217	1.221	1.210	1.268	1.176	1.192	0.881	1.219	1.213	1.272	1.179	1.301	1.335	1.231	1.269	1.202	1.207	1.263	0.896	1.071	1.285	1.114	1.096	1.088	1.174	1.267	1.329	1.261	1.222	1.251	0.897	1.155	1.093	1.118	1.289	1.126	1.120	1.086	1.155	1.136	1.137	1.166	0.890	1.003	0.974
15:19:12	37.0	1.113	1.193	1.217	1.021	1.002	1.024	1.010	1.053	1.043	1.036	1.071	1.046	1.083	1.077	1.138	1.017	1.174	1.016	1.046	1.057	1.031	1.038	1.078	0.907	1.149	1.180	1.183	1.219	1.191	1.221	1.224	1.213	1.271	1.179	1.195	0.884	1.222	1.215	1.275	1.182	1.304	1.338	1.234	1.272	1.204	1.211	1.266	0.898	1.074	1.289	1.117	1.099	1.090	1.177	1.268	1.334	1.263	1.224	1.253	0.900	1.157	1.094	1.120	1.291	1.126	1.121	1.086	1.156	1.137	1.137	1.167	0.892	1.006	0.975
15:23:12	37.0	1.115	1.195	1.219	1.024	1.004	1.026	1.013	1.056	1.045	1.038	1.073	1.052	1.085	1.079	1.140	1.019	1.176	1.018	1.048	1.059	1.034	1.041	1.081	0.910	1.151	1.182	1.185	1.222	1.194	1.224	1.227	1.215	1.273	1.181	1.197	0.886	1.224	1.218	1.279	1.184	1.306	1.339	1.238	1.274	1.206	1.213	1.269	0.901	1.076	1.292	1.119	1.103	1.093	1.179	1.272	1.336	1.264	1.228	1.254	0.903	1.158	1.096	1.122	1.292	1.127	1.121	1.088	1.161	1.137	1.141	1.167	0.894	1.008	0.976
15:27:12	37.1	1.117	1.198	1.222	1.027	1.006	1.029	1.016	1.058	1.048	1.041	1.076	1.054	1.086	1.081	1.142	1.021	1.179	1.020	1.050	1.062	1.036	1.044	1.084	0.914	1.153	1.185	1.188	1.224	1.196	1.227	1.230	1.217	1.276	1.184	1.201	0.889	1.228	1.221	1.280	1.186	1.309	1.342	1.240	1.277	1.210	1.217	1.273	0.903	1.079	1.295	1.124	1.106	1.096	1.182	1.275	1.340	1.266	1.230	1.258	0.907	1.161	1.097	1.124	1.294	1.129	1.125	1.089	1.163	1.140	1.144	1.167	0.898	1.010	0.978
15:31:12	37.0	1.118	1.199	1.224	1.029	1.008	1.031	1.018	1.061	1.051	1.044	1.078	1.057	1.088	1.085	1.144	1.023	1.182	1.022	1.052	1.064	1.038	1.046	1.087	0.916	1.155	1.187	1.191	1.228	1.198	1.230	1.234	1.218	1.278	1.187	1.203	0.893	1.231	1.224	1.281	1.189	1.312	1.345	1.242	1.279	1.217	1.219	1.277	0.905	1.080	1.299	1.126	1.108	1.099	1.183	1.277	1.343	1.269	1.231	1.263	0.909	1.163	1.098	1.125	1.298	1.131	1.125	1.093	1.164	1.141	1.144	1.166	0.900	1.010	0.979
15:35:12	37.0	1.120	1.202	1.226	1.030	1.010	1.034	1.020	1.064	1.053	1.046	1.081	1.060	1.089	1.087	1.146	1.025	1.184	1.025	1.055	1.067	1.041	1.049	1.089	0.919	1.157	1.190	1.193	1.230	1.201	1.233	1.236	1.221	1.281	1.188	1.204	0.896	1.234	1.226	1.283	1.190	1.314	1.347	1.250	1.281	1.215	1.221	1.280	0.908	1.081	1.302	1.129	1.109	1.100	1.187	1.279	1.346	1.270	1.233	1.266	0.911	1.165	1.099	1.126	1.300	1.134	1.128	1.093	1.165	1.144	1.142	1.170	0.904	1.011	0.980
15:39:12	37.0	1.123	1.204	1.228	1.032	1.012	1.035	1.022	1.066	1.055	1.048	1.083	1.063	1.091	1.089	1.147	1.027	1.186	1.026	1.056	1.069	1.043	1.051	1.091	0.922	1.159	1.193	1.195	1.233	1.203	1.236	1.239	1.223	1.283	1.190	1.207	0.898	1.237	1.228	1.284	1.192	1.316	1.349	1.247	1.284	1.217	1.225	1.283	0.910	1.083	1.305	1.132	1.113	1.101	1.188	1.281	1.349	1.273	1.234	1.269	0.913	1.165	1.100	1.127	1.302	1.137	1.131	1.097	1.167	1.144	1.143	1.171	0.905	1.013	0.982
15:43:12	37.0	1.123	1.208	1.231	1.034	1.014	1.037	1.024	1.068	1.058	1.050	1.086	1.065	1.093	1.091	1.149	1.028	1.188	1.028	1.058	1.071	1.044	1.053	1.093	0.924	1.160	1.196	1.196	1.235	1.206	1.237	1.244	1.224	1.286	1.192	1.209	0.901	1.239	1.230	1.286	1.194	1.318	1.351	1.250	1.286	1.219	1.225	1.285	0.912	1.084	1.307	1.134	1.114	1.103	1.190	1.282	1.352	1.275	1.237	1.273	0.916	1.165	1.100	1.129	1.304	1.136	1.130	1.100	1.166	1.146	1.145	1.172	0.907	1.014	0.983
15:47:12	37.0	1.126	1.210	1.233	1.036	1.014	1.039	1.026	1.070	1.059	1.052	1.088	1.067	1.094	1.093	1.151	1.030	1.191	1.029	1.060	1.073	1.046	1.055	1.094	0.927	1.161	1.200	1.198	1.237	1.208	1.238	1.246	1.225	1.288	1.194	1.212	0.903	1.242	1.232	1.288	1.196	1.320	1.353	1.254	1.290	1.222	1.228	1.288	0.915	1.087	1.310	1.136	1.116	1.105	1.192	1.285	1.356	1.278	1.239	1.273	0.919	1.166	1.101	1.127	1.307	1.135	1.130	1.103	1.166	1.145	1.146	1.171	0.909	1.015	0.984
15:51:12	37.0	1.127	1.212	1.236	1.038	1.017	1.040	1.028	1.072	1.061	1.055	1.090	1.070	1.096	1.096	1.153	1.031	1.193	1.031	1.063	1.075	1.048	1.055	1.094	0.928	1.162	1.202	1.199	1.240	1.210	1.240	1.249	1.226	1.290	1.196	1.213	0.906	1.244	1.235	1.288	1.198	1.323	1.355	1.256	1.291	1.223	1.230	1.290	0.918	1.087	1.312	1.138	1.119	1.107	1.195	1.286	1.360	1.281	1.241	1.277	0.922	1.167	1.100	1.129	1.308	1.135	1.131	1.109	1.168	1.148	1.146	1.169	0.913	1.016	0.985
15:55:12	37.0	1.128	1.215	1.238	1.040	1.019	1.042	1.030	1.075	1.064	1.058	1.092	1.072	1.097	1.098	1.155	1.033	1.196	1.033	1.064	1.077	1.049	1.056	1.095	0.931	1.164	1.204	1.200	1.242	1.211	1.243	1.252	1.228	1.292	1.197	1.216	0.909	1.246	1.238	1.289	1.199	1.325	1.357	1.256	1.293	1.226	1.232	1.293	0.919	1.088	1.315	1.140	1.119	1.109	1.196	1.289	1.364	1.284	1.243	1.281	0.925	1.169	1.102	1.129	1.312	1.138	1.130	1.110	1.169	1.148	1.145	1.171	0.916	1.018	0.985
15:59:12	37.0	1.130	1.218	1.240	1.042	1.021	1.045	1.032	1.078	1.067	1.061	1.094	1.076	1.099	1.100	1.157	1.035	1.198	1.035	1.067	1.080	1.052	1.058	1.097	0.936	1.166	1.207	1.203	1.244	1.214	1.245	1.255	1.230	1.296	1.199	1.218	0.912	1.249	1.241	1.291	1.202	1.327	1.359	1.259	1.295	1.228	1.235	1.296	0.923	1.091	1.318	1.141	1.123	1.113	1.198	1.290	1.366	1.288	1.247	1.283	0.928	1.169	1.101	1.131	1.315	1.139	1.133	1.113	1.172	1.151	1.146	1.173	0.918	1.020	0.988
16:03:12	37.0	1.131	1.220	1.242	1.044	1.022	1.047	1.034	1.079	1.070	1.063	1.095	1.079	1.101	1.102	1.160	1.037	1.201	1.037	1.068	1.082	1.054	1.058	1.097	0.937	1.167	1.209	1.205	1.246	1.216	1.247	1.257	1.232	1.298	1.201	1.220	0.915	1.251	1.242	1.292	1.204	1.329	1.360	1.263	1.297	1.229	1.237	1.298	0.925	1.092	1.321	1.144	1.126	1.116	1.200	1.292	1.368	1.290	1.250	1.285	0.933	1.169	1.103	1.134	1.316	1.139	1.132	1.118	1.175	1.153	1.147	1.175	0.921	1.021	0.988
16:07:12	37.0	1.133	1.223	1.245	1.046	1.025	1.049	1.038	1.082	1.073	1.065	1.096	1.081	1.103	1.105	1.162	1.039	1.203	1.039	1.071	1.085	1.056	1.059	1.099	0.940	1.168	1.212	1.207	1.247	1.218	1.248	1.259	1.232	1.299	1.204	1.223	0.917	1.253	1.245	1.293	1.206	1.331	1.363	1.264	1.300	1.233	1.240	1.299	0.927	1.093	1.324	1.146	1.126	1.117	1.202	1.294	1.371	1.292	1.252	1.287	0.935	1.171	1.104	1.135	1.321	1.139	1.135	1.122	1.176	1.154	1.148	1.179	0.922	1.022	0.989
16:11:12	37.0	1.135	1.225	1.246	1.049	1.027	1.052	1.041	1.085	1.076	1.068	1.098	1.085	1.104	1.108	1.164	1.041	1.206	1.041	1.074	1.088	1.059	1.061	1.100	0.945	1.170	1.214	1.208	1.249	1.220	1.250	1.261	1.235	1.300	1.207	1.226	0.922	1.256	1.247	1.293	1.208	1.334	1.365	1.266	1.302	1.234	1.242	1.301	0.930	1.096	1.327	1.149	1.122	1.119	1.203	1.297	1.374	1.294	1.255	1.289	0.938	1.174	1.108	1.137	1.322	1.141	1.136	1.125	1.179	1.157	1.148	1.181	0.926	1.024	0.991
16:15:12	37.0	1.137	1.228	1.249	1.051	1.029	1.054	1.043	1.088	1.079	1.069	1.099	1.087	1.107	1.110	1.165	1.044	1.208	1.043	1.076	1.091	1.062	1.062	1.101	0.947	1.171	1.216	1.210	1.253	1.222	1.253	1.263	1.238	1.301	1.210	1.229	0.924	1.258	1.249	1.294	1.211	1.335	1.368	1.271	1.304	1.240	1.247	1.304	0.933	1.098	1.329	1.154	1.123	1.122	1.206	1.299	1.377	1.296	1.257	1.291	0.941	1.175	1.108	1.138	1.325	1.142	1.134	1.130	1.179	1.161	1.149	1.181	0.929	1.025	0.991
16:19:12	37.0	1.139	1.230	1.251	1.053	1.032	1.056	1.046	1.090	1.081	1.071	1.101	1.091	1.108	1.112	1.168	1.046	1.210	1.045	1.078	1.093	1.064	1.063	1.104	0.951	1.171	1.219	1.211	1.255	1.224	1.255	1.265	1.238	1.302	1.211	1.231	0.926	1.261	1.251	1.295	1.213	1.338	1.370	1.273	1.307	1.240	1.248	1.307	0.935	1.100	1.332	1.155	1.126	1.124	1.208	1.301	1.379	1.300	1.259	1.293	0.944	1.176	1.110	1.139	1.327	1.141	1.137	1.140	1.181	1.162	1.151	1.184	0.930	1.026	0.992
16:23:12	37.0	1.140	1.233	1.254	1.055	1.034	1.058	1.048	1.093	1.083	1.072	1.102	1.093	1.109	1.114	1.169	1.048	1.212	1.047	1.080	1.096	1.066	1.064	1.105	0.952	1.171	1.220	1.212	1.257	1.227	1.256	1.267	1.240	1.305	1.213	1.233	0.929	1.263	1.252	1.295	1.215	1.340	1.371	1.276	1.310	1.242	1.251	1.310	0.936	1.101	1.334	1.155	1.131	1.126	1.210	1.304	1.382	1.302	1.261	1.296	0.948	1.177	1.110	1.139	1.329	1.142	1.142	1.145	1.183	1.165	1.154	1.181	0.933	1.026	0.993
16:27:12	37.0	1.142	1.235	1.255	1.058	1.036	1.061	1.050	1.095	1.084	1.073	1.103	1.096	1.111	1.117	1.172	1.050	1.214	1.049	1.083	1.099	1.068	1.065	1.107	0.956	1.173	1.222	1.211	1.260	1.228	1.258	1.270	1.242	1.305	1.215	1.234	0.932	1.265	1.255	1.295	1.217	1.342	1.374	1.276	1.312	1.244	1.252	1.313	0.939	1.104	1.337	1.157	1.137	1.128	1.212	1.306	1.385	1.303	1.265	1.298	0.952	1.178	1.111	1.141	1.330	1.143	1.143	1.150	1.184	1.167	1.154	1.184	0.936	1.027	0.995
16:31:12	37.0	1.143	1.236	1.257	1.059	1.038	1.063	1.052	1.097	1.085	1.074	1.104	1.098	1.112	1.119	1.173	1.052	1.216	1.051	1.084	1.101	1.070	1.066	1.108	0.960	1.174	1.225	1.212	1.260	1.229	1.258	1.272	1.243	1.307	1.216	1.235	0.935	1.267	1.256	1.295	1.218	1.343	1.376	1.278	1.314	1.245	1.254	1.315	0.942	1.106	1.339	1.158	1.136	1.131	1.214	1.306	1.388	1.304	1.265	1.300	0.954	1.179	1.114	1.143	1.332	1.143	1.142	1.155	1.186	1.168	1.157	1.183	0.938	1.027	0.995
16:35:12	37.0	1.146	1.238	1.260	1.062	1.040	1.065	1.055	1.100	1.087	1.076	1.106	1.101	1.114	1.122	1.175	1.054	1.217	1.053	1.086	1.103	1.072	1.069	1.109	0.964	1.173	1.227	1.214	1.260	1.232	1.259	1.275	1.244	1.308	1.218	1.235	0.938	1.269	1.258	1.296	1.220	1.345	1.377	1.280	1.316	1.247	1.254	1.317	0.945	1.109	1.341	1.160	1.139	1.132	1.215	1.308	1.390	1.308	1.267	1.304	0.955	1.180	1.114	1.144	1.333	1.146	1.142	1.161	1.186	1.168	1.157	1.184	0.941	1.028	0.997
16:39:12	37.0	1.148	1.241	1.261	1.064	1.043	1.068	1.057	1.103	1.087	1.077	1.107	1.103	1.116	1.124	1.177	1.056	1.219	1.055	1.088	1.105	1.073	1.069	1.111	0.966	1.176	1.228	1.214	1.260	1.233	1.261	1.278	1.246	1.309	1.221	1.236	0.941	1.271	1.259	1.296	1.221	1.346	1.379	1.282	1.318	1.248	1.257	1.318	0.948	1.111	1.344	1.163	1.141	1.133	1.218	1.311	1.393	1.309	1.269	1.307	0.958	1.181	1.115	1.145	1.335	1.149	1.143	1.164	1.189	1.171	1.159	1.186	0.943	1.029	1.000
16:43:12	37.0	1.149	1.243	1.263	1.066	1.045	1.070	1.060	1.105	1.088	1.079	1.109	1.105	1.118	1.127	1.178	1.058	1.221	1.057	1.090	1.107	1.074	1.071	1.112	0.969	1.178	1.229	1.216	1.261	1.234	1.262	1.279	1.247	1.310	1.223	1.238	0.944	1.274	1.262	1.298	1.224	1.349	1.381	1.284	1.320	1.250	1.260	1.320	0.950	1.111	1.347	1.165	1.144	1.135	1.219	1.313	1.396	1.311	1.271	1.310	0.961	1.183	1.114	1.147	1.336	1.151	1.140	1.167	1.192	1.173	1.161	1.184	0.945	1.029	1.001
16:47:12	37.0	1.151	1.245	1.265	1.067	1.046	1.073	1.062	1.108	1.089	1.080	1.110	1.108	1.119	1.130	1.180	1.060	1.222	1.059	1.093	1.108	1.074	1.072	1.114	0.970	1.179	1.229	1.217	1.263	1.235	1.262	1.281	1.248	1.310	1.223	1.239	0.945	1.276	1.264	1.298	1.226	1.351	1.382	1.285	1.320	1.252	1.262	1.322	0.952	1.112	1.350	1.166	1.144	1.138	1.220	1.315	1.399	1.313	1.273	1.310	0.963	1.183	1.115	1.149	1.338	1.148	1.143	1.167	1.194	1.173	1.162	1.186	0.947	1.029	1.002
16:51:12	37.0	1.153	1.247	1.267	1.069	1.049	1.074	1.065	1.110	1.091	1.082	1.112	1.111	1.121	1.132	1.182	1.061	1.224	1.061	1.095	1.109	1.075	1.074	1.116	0.973	1.181	1.231	1.219	1.265	1.237	1.263	1.282	1.252	1.311	1.227	1.241	0.947	1.278	1.266	1.298	1.228	1.353	1.384	1.287	1.323	1.255	1.263	1.324	0.955	1.113	1.352	1.168	1.144	1.140	1.222	1.317	1.402	1.315	1.273	1.313	0.965	1.186	1.116	1.148	1.341	1.149	1.144	1.170	1.194	1.173	1.164	1.189	0.949	1.030	1.003
16:55:12	37.0	1.154	1.250	1.269	1.071	1.051	1.077	1.067	1.112	1.092	1.083	1.114	1.112	1.123	1.135	1.183	1.063	1.226	1.063	1.098	1.110	1.076	1.075	1.117	0.973	1.182	1.234	1.220	1.266	1.238	1.263	1.284	1.252	1.312	1.229	1.242	0.951	1.280	1.267	1.300	1.230	1.355	1.387	1.294	1.325	1.257	1.267	1.326	0.958	1.117	1.355	1.171	1.146	1.142	1.225	1.319	1.404	1.318	1.277	1.315	0.967	1.187	1.118	1.150	1.345	1.149	1.146	1.171	1.197	1.175	1.166	1.191	0.952	1.030	1.004
16:59:12	37.0	1.156	1.252	1.271	1.073	1.053	1.079	1.070	1.113	1.094	1.085	1.115	1.115	1.124	1.137	1.185	1.065	1.227	1.066	1.100	1.111	1.078	1.077	1.119	0.976	1.182	1.236	1.221	1.268	1.240	1.264	1.286	1.254	1.312	1.231	1.244	0.952	1.281	1.269	1.300	1.232	1.357	1.389	1.292	1.327	1.258	1.268	1.327	0.959	1.117	1.357	1.173	1.149	1.145	1.227	1.320	1.407	1.321	1.279	1.319	0.969	1.189	1.119	1.150	1.347	1.149	1.150	1.174	1.196	1.178	1.167	1.192	0.953	1.030	1.005
17:03:12	37.0	1.157	1.253	1.273	1.073	1.055	1.082	1.071	1.114	1.095	1.086	1.116	1.116	1.126	1.139	1.187	1.066	1.229	1.068	1.102	1.113	1.079	1.078	1.120	0.978	1.182	1.236	1.222	1.269	1.241	1.264	1.288	1.255	1.312	1.234	1.245	0.955	1.283	1.270	1.300	1.234	1.358	1.390	1.294	1.329	1.261	1.271	1.329	0.962	1.119	1.357	1.174	1.151	1.146	1.228	1.321	1.409	1.323	1.281	1.321	0.971	1.191	1.120	1.153	1.348	1.148	1.151	1.176	1.198	1.181	1.170	1.194	0.956	1.031	1.006
17:07:12	37.0	1.159	1.256	1.275	1.075	1.057	1.083	1.073	1.115	1.097	1.088	1.118	1.119	1.127	1.142	1.189	1.067	1.231	1.070	1.104	1.113	1.080	1.079	1.121	0.981	1.182	1.238	1.222	1.269	1.242	1.265	1.289	1.257	1.312	1.235	1.246	0.957	1.285	1.272	1.300	1.236	1.360	1.392	1.297	1.331	1.261	1.271	1.331	0.964	1.120	1.358	1.177	1.152	1.149	1.231	1.323	1.412	1.323	1.283	1.323	0.973	1.189	1.120	1.156	1.351	1.151	1.152	1.179	1.201	1.180	1.169	1.196	0.957	1.032	1.007
17:11:12	37.0	1.161	1.257	1.277	1.075	1.059	1.086	1.075	1.117	1.098	1.090	1.120	1.121	1.129	1.145	1.191	1.069	1.232	1.072	1.107	1.115	1.082	1.081	1.123	0.983	1.182	1.239	1.223	1.270	1.243	1.265	1.290	1.259	1.312	1.237	1.249	0.959	1.288	1.273	1.301	1.238	1.362	1.394	1.298	1.333	1.264	1.274	1.331	0.966	1.121	1.361	1.179	1.154	1.151	1.232	1.325	1.414	1.326	1.286	1.323	0.975	1.192	1.123	1.157	1.353	1.151	1.153	1.180	1.201	1.182	1.172	1.197	0.960	1.032	1.008
17:15:12	37.0	1.163	1.260	1.279	1.077	1.061	1.088	1.076	1.117	1.100	1.091	1.121	1.123	1.131	1.147	1.193	1.070	1.234	1.075	1.109	1.116	1.083	1.083	1.124	0.986	1.182	1.241	1.224	1.271	1.245	1.266	1.290	1.261	1.311	1.238	1.250	0.961	1.290	1.274	1.300	1.240	1.363	1.396	1.299	1.335	1.266	1.276	1.333	0.968	1.125	1.363	1.181	1.157	1.152	1.233	1.328	1.417	1.328	1.287	1.326	0.979	1.192	1.121	1.158	1.355	1.150	1.154	1.181	1.203	1.185	1.173	1.199	0.961	1.034	1.009
17:19:12	37.0	1.165	1.262	1.280	1.078	1.063	1.090	1.077	1.118	1.101	1.093	1.123	1.126	1.133	1.149	1.195	1.071	1.236	1.077	1.112	1.118	1.085	1.084	1.126	0.988	1.182	1.241	1.224	1.270	1.247	1.266	1.289	1.260	1.311	1.240	1.250	0.963	1.292	1.275	1.300	1.240	1.365	1.398	1.301	1.337	1.267	1.277	1.334	0.972	1.124	1.365	1.182	1.159	1.155	1.235	1.329	1.419	1.328	1.288	1.329	0.980	1.193	1.124	1.159	1.357	1.154	1.153	1.183	1.206	1.187	1.173	1.199	0.964	1.034	1.010
17:23:12	37.0	1.167	1.264	1.283	1.079	1.063	1.092	1.079	1.120	1.103	1.094	1.124	1.127	1.134	1.151	1.196	1.072	1.237	1.079	1.114	1.119	1.087	1.086	1.127	0.990	1.183	1.242	1.225	1.272	1.248	1.266	1.290	1.261	1.311	1.241	1.251	0.965	1.293	1.275	1.300	1.243	1.367	1.400	1.303	1.339	1.268	1.280	1.334	0.975	1.127	1.369	1.185	1.162	1.157	1.238	1.332	1.422	1.329	1.292	1.331	0.983	1.195	1.128	1.159	1.361	1.157	1.156	1.184	1.208	1.190	1.173	1.200	0.966	1.035	1.011
17:27:12	37.0	1.169	1.266	1.284	1.080	1.065	1.093	1.079	1.121	1.104	1.096	1.126	1.131	1.136	1.152	1.198	1.073	1.238	1.080	1.115	1.121	1.087	1.086	1.129	0.993	1.184	1.243	1.227	1.276	1.248	1.266	1.292	1.262	1.310	1.242	1.254	0.968	1.295	1.275	1.300	1.243	1.368	1.401	1.304	1.341	1.269	1.282	1.333	0.977	1.128	1.370	1.187	1.163	1.158	1.241	1.334	1.424	1.331	1.292	1.332	0.984	1.196	1.128	1.159	1.362	1.159	1.154	1.185	1.209	1.192	1.175	1.202	0.968	1.036	1.013
17:31:12	37.0	1.171	1.268	1.285	1.082	1.066	1.095	1.081	1.123	1.105	1.097	1.127	1.133	1.138	1.153	1.199	1.075	1.240	1.081	1.117	1.122	1.089	1.089	1.131	0.997	1.185	1.245	1.228	1.276	1.248	1.266	1.292	1.264	1.310	1.244	1.256	0.971	1.296	1.276	1.301	1.244	1.369	1.403	1.305	1.343	1.271	1.284	1.333	0.980	1.130	1.373	1.190	1.166	1.161	1.242	1.336	1.427	1.333	1.294	1.332	0.987	1.198	1.131	1.161	1.365	1.162	1.153	1.184	1.210	1.196	1.176	1.205	0.970	1.037	1.014
17:35:12	37.0	1.173	1.270	1.287	1.084	1.067	1.096	1.081	1.125	1.107	1.099	1.129	1.136	1.140	1.154	1.201	1.077	1.242	1.082	1.118	1.124	1.091	1.090	1.132	1.001	1.185	1.245	1.229	1.278	1.249	1.267	1.293	1.264	1.309	1.246	1.256	0.974	1.298	1.276	1.300	1.246	1.370	1.405	1.308	1.345	1.272	1.286	1.334	0.983	1.131	1.375	1.192	1.169	1.162	1.244	1.338	1.429	1.335	1.295	1.335	0.990	1.200	1.133	1.163	1.368	1.165	1.153	1.185	1.211	1.200	1.178	1.207	0.973	1.039	1.016
17:39:12	37.0	1.174	1.271	1.289	1.084	1.068	1.097	1.083	1.126	1.108	1.100	1.131	1.137	1.142	1.156	1.202	1.077	1.243	1.084	1.119	1.126	1.092	1.091	1.133	1.003	1.187	1.246	1.229	1.276	1.250	1.268	1.293	1.266	1.310	1.248	1.259	0.977	1.300	1.275	1.298	1.247	1.372	1.407	1.309	1.346	1.274	1.289	1.335	0.986	1.131	1.377	1.194	1.170	1.163	1.246	1.339	1.430	1.338	1.295	1.337	0.993	1.200	1.134	1.166	1.369	1.170	1.151	1.186	1.213	1.205	1.182	1.207	0.976	1.040	1.018
17:43:12	37.0	1.176	1.273	1.290	1.086	1.069	1.098	1.085	1.128	1.110	1.102	1.133	1.140	1.143	1.157	1.204	1.078	1.244	1.084	1.121	1.127	1.093	1.093	1.135	1.006	1.191	1.247	1.230	1.276	1.251	1.269	1.294	1.265	1.308	1.250	1.260	0.979	1.301	1.275	1.299	1.249	1.373	1.408	1.310	1.348	1.275	1.288	1.335	0.988	1.133	1.379	1.196	1.172	1.164	1.247	1.342	1.432	1.340	1.297	1.340	0.995	1.202	1.136	1.167	1.371	1.172	1.153	1.186	1.214	1.214	1.184	1.210	0.977	1.042	1.017
17:47:12	37.0	1.179	1.275	1.291	1.087	1.071	1.099	1.086	1.129	1.111	1.103	1.133	1.142	1.145	1.159	1.205	1.080	1.245	1.086	1.121	1.129	1.094	1.094	1.136	1.007	1.192	1.248	1.230	1.276	1.253	1.270	1.295	1.267	1.307	1.252	1.260	0.981	1.301	1.275	1.298	1.250	1.376	1.410	1.312	1.351	1.278	1.294	1.335	0.989	1.135	1.381	1.197	1.175	1.166	1.249	1.344	1.435	1.342	1.299	1.342	0.998	1.203	1.137	1.168	1.373	1.173	1.156	1.188	1.216	1.221	1.186	1.212	0.980	1.042	1.019
17:51:12	37.0	1.181	1.277	1.293	1.088	1.072	1.100	1.087	1.130	1.113	1.105	1.136	1.144	1.147	1.161	1.207	1.081	1.247	1.087	1.122	1.130	1.096	1.095	1.137	1.010	1.190	1.250	1.233	1.276	1.254	1.271	1.297	1.270	1.307	1.254	1.261	0.983	1.301	1.276	1.296	1.253	1.377	1.412	1.315	1.352	1.279	1.293	1.335	0.992	1.136	1.382	1.198	1.175	1.168	1.250	1.346	1.437	1.345	1.301	1.344	0.999	1.204	1.136	1.169	1.375	1.175	1.158	1.192	1.219	1.225	1.187	1.212	0.982	1.043	1.020
17:55:12	37.0	1.183	1.278	1.295	1.090	1.073	1.102	1.089	1.132	1.115	1.107	1.137	1.147	1.149	1.163	1.209	1.082	1.248	1.088	1.124	1.132	1.098	1.097	1.139	1.013	1.191	1.250	1.231	1.277	1.255	1.270	1.299	1.272	1.307	1.257	1.263	0.986	1.303	1.274	1.296	1.255	1.378	1.414	1.316	1.354	1.281	1.298	1.335	0.994	1.137	1.385	1.202	1.178	1.171	1.253	1.347	1.440	1.346	1.302	1.346	1.003	1.204	1.139	1.173	1.377	1.175	1.164	1.199	1.220	1.228	1.188	1.213	0.985	1.045	1.021
17:59:12	37.0	1.185	1.280	1.296	1.090	1.075	1.103	1.091	1.133	1.116	1.109	1.139	1.148	1.151	1.164	1.210	1.084	1.249	1.089	1.125	1.133	1.099	1.097	1.141	1.014	1.193	1.249	1.233	1.277	1.256	1.271	1.300	1.273	1.306	1.258	1.263	0.988	1.304	1.274	1.295	1.257	1.379	1.416	1.316	1.356	1.282	1.296	1.336	0.995	1.139	1.386	1.203	1.179	1.171	1.254	1.348	1.442	1.348	1.304	1.347	1.004	1.204	1.141	1.173	1.380	1.177	1.168	1.210	1.222	1.229	1.191	1.213	0.986	1.045	1.022
18:03:12	37.0	1.187	1.282	1.297	1.092	1.075	1.104	1.092	1.135	1.118	1.111	1.141	1.151	1.152	1.166	1.212	1.085	1.251	1.091	1.127	1.135	1.101	1.099	1.142	1.018	1.194	1.249	1.234	1.278	1.258	1.272	1.301	1.277	1.306	1.260	1.264	0.991	1.305	1.273	1.295	1.258	1.380	1.416	1.317	1.359	1.283	1.299	1.335	0.997	1.140	1.388	1.204	1.180	1.173	1.254	1.350	1.444	1.351	1.304	1.349	1.007	1.204	1.143	1.173	1.382	1.179	1.170	1.218	1.222	1.233	1.190	1.215	0.988	1.046	1.022
18:07:12	37.0	1.188	1.283	1.298	1.093	1.077	1.106	1.094	1.136	1.120	1.112	1.142	1.153	1.154	1.168	1.213	1.086	1.252	1.092	1.128	1.136	1.102	1.100	1.143	1.020	1.195	1.249	1.233	1.277	1.259	1.273	1.302	1.276	1.306	1.262	1.265	0.994	1.305	1.273	1.295	1.260	1.382	1.418	1.319	1.360	1.285	1.300	1.334	1.000	1.141	1.390	1.207	1.183	1.176	1.255	1.351	1.445	1.352	1.306	1.350	1.010	1.206	1.145	1.172	1.384	1.179	1.169	1.228	1.224	1.233	1.191	1.215	0.990	1.046	1.023
18:11:12	37.0	1.190	1.285	1.300	1.094	1.079	1.107	1.096	1.137	1.121	1.114	1.144	1.155	1.156	1.169	1.214	1.088	1.254	1.094	1.130	1.138	1.103	1.102	1.145	1.023	1.196	1.250	1.236	1.278	1.260	1.274	1.303	1.277	1.305	1.264	1.265	0.997	1.305	1.273	1.295	1.262	1.383	1.420	1.319	1.362	1.286	1.305	1.333	1.003	1.142	1.391	1.209	1.186	1.178	1.258	1.353	1.447	1.354	1.307	1.352	1.013	1.206	1.145	1.174	1.386	1.183	1.167	1.233	1.225	1.236	1.191	1.215	0.994	1.047	1.024
18:15:12	37.0	1.191	1.286	1.301	1.095	1.081	1.109	1.097	1.139	1.123	1.115	1.145	1.158	1.158	1.171	1.215	1.089	1.255	1.095	1.132	1.140	1.104	1.103	1.146	1.026	1.196	1.252	1.236	1.278	1.259	1.274	1.303	1.278	1.304	1.265	1.266	1.000	1.306	1.272	1.295	1.264	1.384	1.422	1.321	1.363	1.288	1.306	1.332	1.005	1.145	1.393	1.212	1.187	1.180	1.258	1.355	1.448	1.356	1.311	1.352	1.016	1.207	1.146	1.174	1.388	1.184	1.166	1.238	1.226	1.239	1.193	1.218	0.997	1.049	1.026
18:19:12	37.0	1.192	1.287	1.302	1.096	1.082	1.110	1.099	1.141	1.124	1.117	1.147	1.160	1.160	1.173	1.217	1.091	1.256	1.097	1.133	1.141	1.106	1.104	1.148	1.029	1.197	1.252	1.237	1.278	1.260	1.274	1.303	1.282	1.303	1.268	1.267	1.003	1.306	1.272	1.296	1.266	1.385	1.423	1.321	1.365	1.288	1.307	1.331	1.007	1.146	1.396	1.215	1.189	1.182	1.260	1.357	1.450	1.360	1.310	1.356	1.018	1.210	1.146	1.177	1.390	1.185	1.169	1.245	1.228	1.242	1.194	1.219	1.001	1.050	1.027
18:23:12	37.0	1.194	1.288	1.304	1.097	1.083	1.111	1.101	1.142	1.126	1.119	1.148	1.163	1.162	1.175	1.217	1.092	1.257	1.099	1.134	1.142	1.108	1.106	1.149	1.031	1.197	1.252	1.238	1.279	1.261	1.274	1.304	1.282	1.303	1.270	1.267	1.005	1.306	1.272	1.294	1.267	1.386	1.425	1.322	1.367	1.289	1.308	1.331	1.009	1.145	1.398	1.217	1.190	1.185	1.262	1.359	1.452	1.362	1.313	1.358	1.021	1.210	1.149	1.177	1.391	1.186	1.171	1.246	1.230	1.243	1.198	1.222	1.002	1.050	1.028
18:27:12	37.0	1.195	1.290	1.305	1.099	1.085	1.113	1.102	1.144	1.127	1.120	1.151	1.165	1.165	1.176	1.219	1.094	1.259	1.100	1.137	1.144	1.109	1.107	1.151	1.035	1.200	1.254	1.240	1.279	1.264	1.276	1.305	1.286	1.303	1.274	1.270	1.010	1.308	1.273	1.296	1.271	1.388	1.427	1.325	1.369	1.290	1.315	1.331	1.014	1.149	1.401	1.222	1.193	1.188	1.266	1.361	1.455	1.365	1.313	1.361	1.026	1.213	1.152	1.182	1.393	1.188	1.179	1.251	1.235	1.250	1.201	1.227	1.007	1.054	1.031
18:31:12	37.0	1.199	1.293	1.309	1.103	1.089	1.117	1.106	1.148	1.131	1.124	1.154	1.168	1.168	1.180	1.223	1.098	1.263	1.104	1.140	1.148	1.112	1.110	1.154	1.039	1.203	1.256	1.242	1.281	1.265	1.277	1.306	1.288	1.306	1.278	1.272	1.015	1.310	1.274	1.298	1.275	1.391	1.431	1.328	1.373	1.294	1.316	1.333	1.017	1.154	1.405	1.226	1.197	1.192	1.268	1.363	1.458	1.366	1.313	1.361	1.029	1.216	1.157	1.184	1.397	1.188	1.180	1.254	1.238	1.254	1.206	1.230	1.009	1.053	1.033
18:35:12	37.0	1.201	1.294	1.311	1.105	1.090	1.118	1.108	1.149	1.133	1.125	1.155	1.169	1.171	1.182	1.224	1.100	1.264	1.106	1.142	1.150	1.114	1.112	1.156	1.042	1.207	1.258	1.243	1.283	1.267	1.279	1.306	1.288	1.305	1.280	1.272	1.016	1.309	1.274	1.298	1.277	1.393	1.432	1.330	1.374	1.294	1.317	1.330	1.018	1.157	1.407	1.227	1.199	1.195	1.270	1.365	1.459	1.367	1.314	1.362	1.032	1.219	1.156	1.187	1.401	1.190	1.183	1.260	1.238	1.255	1.206	1.231	1.012	1.054	1.033
18:39:12	37.0	1.202	1.296	1.313	1.107	1.092	1.120	1.110	1.151	1.134	1.127	1.157	1.172	1.173	1.185	1.225	1.101	1.266	1.107	1.144	1.151	1.116	1.113	1.158	1.045	1.208	1.260	1.244	1.285	1.267	1.280	1.307	1.291	1.305	1.283	1.274	1.019	1.308	1.273	1.299	1.279	1.394	1.435	1.331	1.376	1.297	1.319	1.329	1.020	1.155	1.410	1.232	1.203	1.198	1.273	1.367	1.462	1.369	1.315	1.363	1.035	1.220	1.158	1.190	1.403	1.190	1.186	1.264	1.239	1.258	1.206	1.234	1.014	1.055	1.034
18:43:12	37.0	1.204	1.298	1.315	1.109	1.094	1.122	1.111	1.152	1.136	1.129	1.159	1.175	1.176	1.187	1.227	1.102	1.268	1.109	1.146	1.153	1.117	1.115	1.160	1.048	1.210	1.262	1.246	1.286	1.270	1.280	1.307	1.291	1.306	1.285	1.275	1.023	1.309	1.272	1.299	1.282	1.396	1.436	1.332	1.378	1.300	1.321	1.327	1.023	1.158	1.411	1.234	1.205	1.200	1.276	1.367	1.464	1.371	1.315	1.363	1.038	1.223	1.162	1.192	1.404	1.190	1.188	1.268	1.241	1.262	1.209	1.236	1.016	1.056	1.036
18:47:12	37.0	1.205	1.299	1.316	1.110	1.095	1.123	1.113	1.154	1.137	1.131	1.161	1.176	1.178	1.189	1.228	1.104	1.269	1.110	1.147	1.156	1.119	1.117	1.161	1.051	1.211	1.263	1.246	1.286	1.272	1.282	1.307	1.293	1.306	1.288	1.274	1.026	1.308	1.272	1.298	1.284	1.397	1.438	1.334	1.380	1.302	1.323	1.327	1.025	1.159	1.414	1.235	1.206	1.202	1.277	1.369	1.467	1.373	1.316	1.365	1.040	1.222	1.163	1.191	1.406	1.187	1.191	1.269	1.242	1.263	1.213	1.238	1.017	1.057	1.037
18:51:12	37.0	1.207	1.300	1.318	1.112	1.096	1.125	1.114	1.156	1.139	1.133	1.162	1.179	1.180	1.191	1.230	1.105	1.271	1.112	1.149	1.157	1.120	1.118	1.163	1.053	1.212	1.262	1.247	1.287	1.272	1.283	1.308	1.295	1.306	1.290	1.274	1.027	1.306	1.272	1.298	1.287	1.399	1.439	1.335	1.382	1.304	1.326	1.326	1.027	1.160	1.415	1.236	1.205	1.203	1.278	1.371	1.468	1.375	1.318	1.366	1.043	1.225	1.166	1.193	1.409	1.185	1.195	1.270	1.243	1.266	1.212	1.241	1.019	1.059	1.038
18:55:12	37.0	1.209	1.301	1.319	1.113	1.098	1.126	1.116	1.157	1.140	1.134	1.163	1.181	1.181	1.193	1.232	1.107	1.272	1.114	1.150	1.158	1.122	1.120	1.164	1.055	1.215	1.263	1.249	1.288	1.270	1.284	1.309	1.297	1.306	1.292	1.276	1.030	1.306	1.272	1.299	1.289	1.400	1.441	1.336	1.384	1.306	1.327	1.327	1.030	1.162	1.417	1.238	1.208	1.205	1.279	1.373	1.470	1.379	1.319	1.368	1.047	1.228	1.166	1.194	1.411	1.190	1.196	1.273	1.243	1.268	1.217	1.240	1.022	1.061	1.040
18:59:12	37.0	1.210	1.302	1.321	1.115	1.099	1.128	1.118	1.159	1.142	1.135	1.165	1.185	1.183	1.195	1.234	1.109	1.274	1.115	1.152	1.160	1.123	1.121	1.166	1.060	1.218	1.264	1.249	1.290	1.271	1.284	1.311	1.298	1.306	1.294	1.276	1.033	1.305	1.271	1.299	1.290	1.401	1.442	1.336	1.386	1.307	1.329	1.325	1.031	1.162	1.419	1.242	1.210	1.208	1.281	1.374	1.473	1.380	1.320	1.370	1.048	1.228	1.165	1.194	1.412	1.196	1.198	1.276	1.242	1.270	1.219	1.242	1.023	1.063	1.041
19:03:12	37.0	1.212	1.303	1.322	1.117	1.101	1.130	1.119	1.160	1.144	1.137	1.167	1.187	1.184	1.197	1.235	1.110	1.275	1.116	1.154	1.161	1.125	1.123	1.167	1.062	1.216	1.264	1.249	1.290	1.271	1.283	1.311	1.299	1.305	1.296	1.275	1.035	1.304	1.272	1.299	1.293	1.402	1.444	1.337	1.388	1.308	1.330	1.322	1.033	1.164	1.420	1.243	1.211	1.208	1.283	1.376	1.473	1.383	1.320	1.371	1.050	1.227	1.166	1.195	1.414	1.203	1.199	1.277	1.241	1.270	1.218	1.245	1.026	1.063	1.041
19:07:12	37.0	1.214	1.305	1.324	1.119	1.103	1.131	1.120	1.162	1.145	1.138	1.169	1.188	1.185	1.199	1.236	1.112	1.277	1.119	1.155	1.163	1.127	1.125	1.169	1.065	1.220	1.264	1.250	1.290	1.271	1.284	1.312	1.300	1.306	1.298	1.275	1.037	1.303	1.272	1.300	1.295	1.403	1.445	1.338	1.390	1.309	1.332	1.321	1.034	1.167	1.422	1.246	1.212	1.210	1.284	1.378	1.476	1.385	1.320	1.373	1.052	1.226	1.167	1.197	1.416	1.211	1.203	1.280	1.239	1.271	1.221	1.246	1.028	1.064	1.043
19:11:12	37.0	1.216	1.306	1.326	1.120	1.104	1.133	1.122	1.164	1.147	1.141	1.171	1.190	1.186	1.201	1.238	1.113	1.278	1.120	1.157	1.165	1.128	1.126	1.170	1.067	1.223	1.264	1.250	1.289	1.271	1.285	1.311	1.304	1.305	1.301	1.276	1.040	1.302	1.272	1.300	1.297	1.404	1.446	1.339	1.392	1.310	1.335	1.320	1.036	1.167	1.424	1.248	1.216	1.211	1.285	1.380	1.476	1.388	1.320	1.374	1.054	1.225	1.168	1.200	1.418	1.211	1.205	1.283	1.242	1.274	1.220	1.247	1.031	1.066	1.044
19:15:12	37.0	1.217	1.307	1.327	1.122	1.105	1.134	1.124	1.165	1.148	1.142	1.172	1.192	1.187	1.203	1.239	1.114	1.279	1.122	1.158	1.166	1.130	1.129	1.172	1.069	1.222	1.265	1.250	1.291	1.273	1.285	1.312	1.304	1.304	1.302	1.277	1.043	1.300	1.271	1.299	1.300	1.405	1.448	1.341	1.394	1.310	1.336	1.320	1.037	1.169	1.425	1.248	1.217	1.213	1.287	1.381	1.478	1.390	1.322	1.375	1.057	1.224	1.168	1.200	1.420	1.215	1.206	1.282	1.244	1.275	1.221	1.249	1.032	1.067	1.046
19:19:12	37.0	1.219	1.308	1.329	1.123	1.106	1.135	1.125	1.167	1.150	1.144	1.174	1.194	1.188	1.205	1.240	1.115	1.280	1.123	1.161	1.168	1.131	1.130	1.174	1.071	1.224	1.264	1.250	1.292	1.275	1.286	1.312	1.307	1.305	1.304	1.277	1.044	1.297	1.270	1.300	1.301	1.406	1.449	1.341	1.396	1.311	1.337	1.319	1.039	1.172	1.427	1.250	1.220	1.215	1.288	1.382	1.479	1.394	1.322	1.377	1.060	1.226	1.168	1.200	1.421	1.217	1.206	1.284	1.245	1.279	1.222	1.249	1.034	1.068	1.047
19:23:12	37.0	1.220	1.309	1.330	1.125	1.108	1.137	1.126	1.168	1.151	1.145	1.175	1.196	1.189	1.207	1.241	1.116	1.281	1.125	1.162	1.170	1.132	1.131	1.175	1.073	1.226	1.265	1.252	1.292	1.274	1.286	1.310	1.311	1.306	1.306	1.278	1.047	1.295	1.269	1.299	1.303	1.408	1.451	1.342	1.397	1.312	1.339	1.317	1.041	1.172	1.428	1.252	1.222	1.217	1.289	1.383	1.481	1.396	1.323	1.379	1.062	1.228	1.170	1.202	1.423	1.222	1.208	1.286	1.246	1.278	1.225	1.252	1.036	1.069	1.048
19:27:12	37.0	1.222	1.310	1.331	1.126	1.109	1.138	1.128	1.169	1.153	1.147	1.176	1.197	1.190	1.209	1.243	1.117	1.283	1.125	1.163	1.171	1.134	1.132	1.176	1.074	1.229	1.266	1.250	1.292	1.274	1.286	1.311	1.312	1.306	1.308	1.275	1.049	1.293	1.270	1.300	1.305	1.408	1.452	1.343	1.398	1.311	1.340	1.315	1.042	1.172	1.429	1.253	1.223	1.218	1.291	1.384	1.482	1.399	1.324	1.379	1.063	1.226	1.169	1.199	1.426	1.225	1.208	1.290	1.245	1.280	1.223	1.255	1.038	1.070	1.050
19:31:12	37.0	1.223	1.311	1.333	1.128	1.111	1.140	1.129	1.171	1.154	1.148	1.178	1.199	1.191	1.211	1.243	1.119	1.284	1.127	1.164	1.172	1.136	1.133	1.177	1.077	1.232	1.268	1.252	1.293	1.276	1.286	1.312	1.311	1.306	1.310	1.276	1.052	1.291	1.270	1.299	1.306	1.410	1.453	1.345	1.400	1.311	1.341	1.315	1.045	1.174	1.431	1.257	1.225	1.220	1.292	1.386	1.483	1.399	1.325	1.379	1.066	1.225	1.171	1.203	1.427	1.227	1.208	1.291	1.251	1.281	1.225	1.254	1.040	1.071	1.051
19:35:12	37.0	1.224	1.313	1.334	1.129	1.111	1.141	1.130	1.172	1.155	1.149	1.179	1.202	1.192	1.213	1.244	1.120	1.286	1.129	1.166	1.174	1.137	1.134	1.179	1.079	1.234	1.269	1.252	1.293	1.276	1.286	1.311	1.312	1.307	1.312	1.277	1.054	1.288	1.270	1.299	1.308	1.412	1.454	1.348	1.401	1.311	1.344	1.313	1.046	1.176	1.433	1.259	1.225	1.222	1.294	1.387	1.484	1.400	1.327	1.380	1.068	1.226	1.172	1.203	1.428	1.230	1.209	1.289	1.255	1.283	1.228	1.257	1.040	1.072	1.053
19:39:12	37.0	1.226	1.314	1.335	1.130	1.112	1.142	1.132	1.174	1.157	1.151	1.181	1.204	1.193	1.215	1.246	1.121	1.287	1.130	1.168	1.175	1.139	1.136	1.179	1.082	1.237	1.268	1.253	1.294	1.275	1.287	1.312	1.313	1.306	1.313	1.277	1.056	1.285	1.269	1.301	1.310	1.412	1.455	1.349	1.401	1.311	1.344	1.313	1.046	1.176	1.433	1.261	1.227	1.224	1.294	1.388	1.484	1.403	1.329	1.381	1.069	1.227	1.173	1.204	1.429	1.235	1.209	1.288	1.266	1.285	1.228	1.259	1.041	1.073	1.054
19:43:12	37.0	1.228	1.316	1.337	1.132	1.114	1.144	1.134	1.176	1.158	1.152	1.182	1.207	1.195	1.218	1.247	1.123	1.288	1.132	1.169	1.178	1.140	1.137	1.181	1.085	1.237	1.268	1.255	1.295	1.277	1.289	1.312	1.313	1.306	1.316	1.278	1.060	1.284	1.269	1.304	1.313	1.414	1.457	1.351	1.403	1.311	1.347	1.313	1.049	1.178	1.436	1.264	1.230	1.225	1.296	1.390	1.485	1.406	1.331	1.382	1.073	1.232	1.174	1.206	1.432	1.244	1.214	1.290	1.280	1.287	1.230	1.261	1.043	1.075	1.056
19:47:12	37.0	1.230	1.317	1.339	1.133	1.115	1.145	1.135	1.178	1.160	1.154	1.184	1.209	1.196	1.219	1.248	1.124	1.290	1.133	1.171	1.179	1.142	1.139	1.183	1.087	1.239	1.268	1.254	1.295	1.275	1.288	1.312	1.314	1.305	1.317	1.278	1.061	1.282	1.270	1.304	1.314	1.415	1.458	1.352	1.404	1.311	1.347	1.311	1.050	1.178	1.437	1.264	1.232	1.227	1.298	1.391	1.486	1.407	1.330	1.382	1.074	1.233	1.175	1.206	1.432	1.249	1.212	1.290	1.289	1.288	1.231	1.262	1.044	1.075	1.056
19:51:12	37.0	1.231	1.318	1.340	1.135	1.116	1.147	1.136	1.179	1.161	1.156	1.185	1.211	1.198	1.221	1.249	1.126	1.291	1.135	1.173	1.180	1.143	1.140	1.184	1.089	1.244	1.269	1.254	1.294	1.275	1.288	1.313	1.314	1.304	1.320	1.278	1.064	1.280	1.270	1.303	1.316	1.416	1.459	1.351	1.406	1.310	1.349	1.310	1.051	1.178	1.439	1.267	1.232	1.229	1.299	1.392	1.488	1.409	1.330	1.384	1.076	1.236	1.177	1.207	1.433	1.255	1.215	1.288	1.294	1.288	1.231	1.263	1.046	1.077	1.057
19:55:12	37.0	1.233	1.319	1.341	1.137	1.117	1.148	1.138	1.181	1.163	1.157	1.187	1.213	1.200	1.223	1.251	1.127	1.292	1.136	1.174	1.182	1.145	1.141	1.185	1.091	1.243	1.270	1.256	1.297	1.277	1.289	1.313	1.316	1.304	1.321	1.278	1.067	1.277	1.270	1.303	1.318	1.418	1.460	1.352	1.407	1.311	1.350	1.310	1.054	1.183	1.440	1.270	1.236	1.231	1.301	1.393	1.490	1.411	1.332	1.384	1.079	1.239	1.178	1.207	1.434	1.258	1.215	1.285	1.298	1.289	1.233	1.265	1.048	1.077	1.059
19:59:12	37.0	1.234	1.320	1.343	1.137	1.119	1.149	1.140	1.182	1.165	1.159	1.188	1.215	1.201	1.225	1.252	1.128	1.294	1.138	1.176	1.183	1.147	1.143	1.187	1.093	1.245	1.272	1.257	1.298	1.278	1.290	1.314	1.317	1.303	1.323	1.279	1.068	1.275	1.269	1.304	1.320	1.420	1.462	1.352	1.409	1.311	1.353	1.309	1.055	1.183	1.441	1.270	1.237	1.232	1.303	1.394	1.491	1.414	1.331	1.386	1.081	1.242	1.181	1.207	1.437	1.258	1.219	1.282	1.300	1.290	1.234	1.266	1.050	1.079	1.061
20:03:12	37.0	1.236	1.322	1.345	1.139	1.120	1.151	1.141	1.184	1.167	1.160	1.190	1.216	1.203	1.227	1.253	1.129	1.296	1.139	1.177	1.186	1.148	1.145	1.188	1.095	1.248	1.271	1.256	1.300	1.280	1.290	1.314	1.318	1.304	1.325	1.279	1.071	1.274	1.269	1.306	1.321	1.421	1.463	1.352	1.410	1.311	1.356	1.309	1.057	1.182	1.443	1.273	1.239	1.233	1.306	1.395	1.493	1.414	1.333	1.387	1.083	1.246	1.182	1.209	1.440	1.261	1.221	1.284	1.301	1.293	1.236	1.268	1.052	1.080	1.062
20:07:12	37.0	1.237	1.323	1.346	1.140	1.121	1.153	1.143	1.186	1.168	1.162	1.192	1.219	1.204	1.229	1.254	1.131	1.297	1.141	1.179	1.187	1.150	1.146	1.190	1.098	1.248	1.272	1.256	1.299	1.280	1.290	1.316	1.320	1.304	1.327	1.281	1.073	1.271	1.268	1.306	1.323	1.423	1.464	1.352	1.411	1.310	1.356	1.308	1.058	1.184	1.443	1.275	1.241	1.235	1.307	1.397	1.493	1.414	1.333	1.388	1.085	1.247	1.184	1.210	1.440	1.261	1.223	1.288	1.299	1.296	1.236	1.270	1.054	1.081	1.063
20:11:12	37.0	1.239	1.324	1.347	1.142	1.122	1.153	1.144	1.187	1.170	1.164	1.193	1.221	1.205	1.230	1.256	1.132	1.298	1.142	1.181	1.188	1.151	1.147	1.190	1.099	1.250	1.272	1.257	1.299	1.280	1.290	1.317	1.320	1.304	1.329	1.283	1.075	1.270	1.269	1.306	1.326	1.425	1.465	1.352	1.413	1.310	1.358	1.309	1.060	1.185	1.444	1.276	1.242	1.236	1.309	1.398	1.494	1.416	1.334	1.390	1.087	1.249	1.184	1.211	1.443	1.266	1.225	1.289	1.303	1.298	1.239	1.270	1.055	1.082	1.064
20:15:12	37.0	1.240	1.325	1.348	1.143	1.123	1.155	1.145	1.188	1.170	1.165	1.194	1.223	1.206	1.232	1.257	1.133	1.300	1.143	1.182	1.189	1.152	1.148	1.191	1.100	1.251	1.272	1.258	1.299	1.282	1.291	1.315	1.322	1.305	1.331	1.284	1.077	1.268	1.269	1.305	1.326	1.425	1.466	1.351	1.414	1.309	1.357	1.308	1.061	1.186	1.444	1.275	1.242	1.238	1.310	1.399	1.495	1.415	1.334	1.391	1.089	1.250	1.185	1.210	1.444	1.268	1.226	1.291	1.304	1.298	1.239	1.270	1.055	1.081	1.065
20:19:12	37.0	1.242	1.327	1.350	1.145	1.124	1.156	1.147	1.190	1.172	1.166	1.197	1.225	1.208	1.234	1.258	1.135	1.302	1.145	1.184	1.191	1.154	1.150	1.193	1.103	1.253	1.273	1.260	1.299	1.282	1.292	1.315	1.324	1.306	1.333	1.286	1.080	1.267	1.269	1.305	1.329	1.428	1.467	1.351	1.415	1.310	1.360	1.308	1.063	1.187	1.446	1.277	1.244	1.241	1.312	1.400	1.496	1.418	1.335	1.391	1.091	1.252	1.187	1.212	1.446	1.270	1.231	1.292	1.309	1.299	1.242	1.272	1.058	1.083	1.067
20:23:12	37.0	1.244	1.328	1.352	1.147	1.126	1.157	1.148	1.192	1.174	1.168	1.197	1.226	1.210	1.236	1.259	1.135	1.303	1.146	1.185	1.192	1.155	1.151	1.194	1.104	1.255	1.273	1.260	1.299	1.283	1.294	1.315	1.325	1.307	1.334	1.286	1.083	1.266	1.270	1.307	1.330	1.430	1.469	1.351	1.417	1.310	1.358	1.307	1.065	1.188	1.448	1.280	1.246	1.243	1.314	1.401	1.497	1.419	1.336	1.392	1.093	1.254	1.189	1.214	1.449	1.274	1.240	1.295	1.311	1.301	1.246	1.277	1.059	1.085	1.067
20:27:12	37.0	1.246	1.329	1.354	1.148	1.127	1.159	1.149	1.193	1.175	1.169	1.199	1.229	1.211	1.238	1.260	1.137	1.305	1.147	1.186	1.194	1.157	1.153	1.196	1.107	1.256	1.273	1.261	1.300	1.282	1.293	1.317	1.327	1.306	1.336	1.286	1.085	1.264	1.270	1.308	1.333	1.431	1.469	1.351	1.418	1.310	1.360	1.307	1.066	1.189	1.449	1.283	1.247	1.244	1.315	1.402	1.498	1.419	1.336	1.392	1.096	1.256	1.191	1.216	1.450	1.276	1.253	1.298	1.310	1.301	1.256	1.288	1.060	1.086	1.069
20:31:12	37.0	1.247	1.331	1.355	1.149	1.128	1.161	1.151	1.195	1.177	1.171	1.199	1.231	1.213	1.240	1.260	1.138	1.307	1.149	1.188	1.195	1.158	1.154	1.197	1.109	1.258	1.274	1.261	1.302	1.286	1.293	1.317	1.328	1.306	1.338	1.286	1.087	1.263	1.270	1.310	1.335	1.433	1.470	1.351	1.419	1.310	1.363	1.306	1.067	1.190	1.450	1.284	1.249	1.246	1.317	1.403	1.499	1.419	1.337	1.393	1.098	1.260	1.193	1.218	1.453	1.277	1.262	1.300	1.313	1.302	1.268	1.297	1.062	1.087	1.071
20:35:12	37.0	1.248	1.331	1.357	1.150	1.129	1.162	1.152	1.196	1.179	1.173	1.202	1.234	1.214	1.241	1.261	1.139	1.308	1.151	1.190	1.198	1.160	1.156	1.198	1.112	1.260	1.274	1.261	1.302	1.284	1.294	1.317	1.329	1.306	1.340	1.287	1.090	1.261	1.270	1.313	1.335	1.434	1.472	1.352	1.420	1.311	1.362	1.306	1.069	1.192	1.451	1.288	1.249	1.247	1.319	1.404	1.501	1.421	1.337	1.393	1.100	1.263	1.194	1.220	1.453	1.279	1.265	1.299	1.315	1.301	1.274	1.304	1.063	1.089	1.072
20:39:12	37.0	1.250	1.333	1.359	1.152	1.131	1.163	1.153	1.197	1.179	1.173	1.202	1.236	1.215	1.243	1.262	1.141	1.310	1.151	1.191	1.198	1.160	1.156	1.199	1.113	1.261	1.274	1.261	1.305	1.283	1.293	1.318	1.331	1.308	1.340	1.288	1.092	1.260	1.271	1.312	1.337	1.436	1.473	1.352	1.421	1.311	1.364	1.304	1.070	1.191	1.453	1.290	1.248	1.248	1.319	1.405	1.502	1.423	1.337	1.394	1.101	1.263	1.195	1.220	1.456	1.282	1.268	1.306	1.317	1.302	1.277	1.310	1.065	1.089	1.073
20:43:12	37.0	1.251	1.335	1.361	1.153	1.132	1.165	1.155	1.199	1.181	1.175	1.205	1.238	1.217	1.245	1.264	1.142	1.312	1.153	1.193	1.200	1.162	1.158	1.200	1.115	1.262	1.272	1.261	1.306	1.283	1.295	1.317	1.332	1.307	1.343	1.291	1.095	1.258	1.271	1.313	1.339	1.437	1.474	1.352	1.423	1.312	1.366	1.305	1.072	1.194	1.453	1.291	1.249	1.250	1.321	1.407	1.504	1.423	1.338	1.395	1.103	1.266	1.198	1.222	1.458	1.284	1.272	1.308	1.320	1.303	1.280	1.313	1.067	1.091	1.074
20:47:12	37.0	1.252	1.336	1.362	1.154	1.133	1.166	1.157	1.201	1.182	1.176	1.206	1.240	1.218	1.246	1.266	1.144	1.313	1.154	1.194	1.201	1.164	1.160	1.202	1.118	1.264	1.274	1.262	1.305	1.284	1.294	1.318	1.333	1.306	1.345	1.289	1.098	1.257	1.271	1.314	1.341	1.439	1.475	1.353	1.424	1.312	1.367	1.305	1.074	1.196	1.454	1.292	1.252	1.252	1.323	1.409	1.504	1.424	1.339	1.395	1.105	1.266	1.200	1.224	1.459	1.288	1.273	1.310	1.321	1.306	1.280	1.315	1.070	1.092	1.075
20:51:12	37.0	1.254	1.337	1.363	1.156	1.135	1.168	1.158	1.202	1.184	1.178	1.207	1.241	1.220	1.248	1.267	1.145	1.315	1.155	1.196	1.203	1.166	1.161	1.203	1.119	1.266	1.273	1.264	1.305	1.286	1.295	1.319	1.335	1.308	1.346	1.291	1.100	1.257	1.270	1.316	1.343	1.440	1.476	1.353	1.424	1.313	1.367	1.306	1.076	1.196	1.455	1.294	1.253	1.252	1.323	1.409	1.506	1.424	1.339	1.395	1.107	1.267	1.200	1.227	1.460	1.289	1.281	1.312	1.322	1.308	1.276	1.319	1.072	1.093	1.077
20:55:12	37.0	1.256	1.339	1.365	1.157	1.135	1.169	1.159	1.204	1.186	1.180	1.209	1.243	1.221	1.250	1.269	1.147	1.317	1.157	1.197	1.204	1.167	1.162	1.204	1.121	1.268	1.274	1.264	1.305	1.286	1.297	1.320	1.337	1.308	1.348	1.292	1.102	1.256	1.270	1.317	1.344	1.441	1.478	1.354	1.426	1.313	1.368	1.305	1.077	1.198	1.456	1.294	1.255	1.254	1.324	1.410	1.507	1.425	1.339	1.396	1.109	1.271	1.204	1.231	1.461	1.292	1.283	1.315	1.325	1.309	1.276	1.321	1.074	1.094	1.079
20:59:12	37.0	1.257	1.340	1.367	1.159	1.137	1.171	1.161	1.205	1.187	1.181	1.210	1.245	1.222	1.252	1.271	1.148	1.318	1.158	1.199	1.206	1.168	1.164	1.205	1.123	1.269	1.275	1.264	1.304	1.286	1.299	1.321	1.339	1.309	1.349	1.290	1.104	1.255	1.271	1.317	1.346	1.442	1.479	1.355	1.427	1.314	1.370	1.305	1.080	1.198	1.458	1.296	1.256	1.256	1.326	1.411	1.508	1.427	1.339	1.397	1.111	1.272	1.206	1.232	1.463	1.294	1.284	1.317	1.326	1.309	1.281	1.322	1.075	1.095	1.080
21:03:12	37.0	1.259	1.340	1.369	1.160	1.137	1.172	1.162	1.207	1.188	1.183	1.212	1.247	1.224	1.253	1.272	1.149	1.320	1.159	1.200	1.207	1.170	1.166	1.207	1.125	1.270	1.279	1.264	1.305	1.289	1.299	1.321	1.340	1.309	1.351	1.293	1.106	1.254	1.272	1.318	1.348	1.443	1.480	1.355	1.428	1.314	1.371	1.306	1.081	1.201	1.458	1.297	1.256	1.258	1.327	1.412	1.509	1.427	1.339	1.397	1.113	1.274	1.206	1.234	1.465	1.295	1.284	1.320	1.326	1.312	1.282	1.325	1.076	1.095	1.081
21:07:12	37.0	1.260	1.342	1.370	1.161	1.139	1.173	1.163	1.208	1.190	1.184	1.213	1.248	1.225	1.254	1.274	1.150	1.321	1.160	1.201	1.208	1.171	1.166	1.208	1.125	1.272	1.274	1.263	1.306	1.287	1.299	1.321	1.341	1.310	1.352	1.292	1.107	1.254	1.272	1.319	1.349	1.444	1.480	1.355	1.429	1.314	1.371	1.305	1.081	1.202	1.459	1.298	1.257	1.258	1.328	1.412	1.510	1.427	1.339	1.397	1.114	1.276	1.208	1.234	1.465	1.294	1.283	1.324	1.326	1.312	1.285	1.328	1.075	1.097	1.081
21:11:12	37.0	1.261	1.342	1.372	1.162	1.140	1.175	1.164	1.209	1.191	1.185	1.214	1.250	1.226	1.256	1.275	1.152	1.322	1.162	1.202	1.210	1.172	1.168	1.209	1.127	1.274	1.275	1.264	1.307	1.288	1.300	1.322	1.343	1.310	1.354	1.293	1.108	1.255	1.271	1.320	1.350	1.445	1.481	1.355	1.430	1.315	1.374	1.304	1.083	1.204	1.459	1.300	1.259	1.260	1.329	1.413	1.511	1.428	1.339	1.397	1.115	1.278	1.209	1.237	1.467	1.298	1.284	1.324	1.326	1.315	1.286	1.331	1.075	1.099	1.083
21:15:12	37.0	1.262	1.344	1.374	1.163	1.140	1.176	1.166	1.210	1.192	1.187	1.216	1.252	1.227	1.258	1.276	1.153	1.323	1.163	1.204	1.211	1.174	1.169	1.210	1.129	1.275	1.278	1.265	1.310	1.287	1.298	1.321	1.344	1.311	1.355	1.295	1.112	1.253	1.270	1.321	1.351	1.446	1.482	1.356	1.431	1.315	1.373	1.305	1.084	1.206	1.460	1.302	1.261	1.261	1.330	1.414	1.512	1.427	1.341	1.398	1.117	1.280	1.210	1.238	1.468	1.299	1.286	1.326	1.328	1.317	1.276	1.332	1.076	1.099	1.083
21:19:12	37.0	1.264	1.345	1.376	1.165	1.141	1.177	1.167	1.212	1.193	1.188	1.217	1.252	1.228	1.259	1.278	1.154	1.325	1.164	1.205	1.212	1.175	1.171	1.211	1.131	1.277	1.278	1.264	1.309	1.288	1.298	1.320	1.345	1.312	1.357	1.297	1.114	1.252	1.271	1.322	1.353	1.447	1.484	1.357	1.433	1.316	1.373	1.306	1.085	1.207	1.460	1.302	1.263	1.263	1.332	1.414	1.512	1.429	1.341	1.399	1.120	1.282	1.211	1.241	1.469	1.301	1.288	1.328	1.330	1.317	1.278	1.335	1.078	1.101	1.085
21:23:12	37.0	1.266	1.347	1.378	1.166	1.143	1.180	1.169	1.213	1.195	1.189	1.219	1.255	1.231	1.260	1.280	1.156	1.327	1.166	1.207	1.214	1.176	1.172	1.212	1.133	1.278	1.281	1.265	1.309	1.288	1.299	1.321	1.347	1.312	1.358	1.296	1.116	1.254	1.272	1.324	1.354	1.448	1.486	1.358	1.433	1.318	1.372	1.308	1.087	1.209	1.462	1.305	1.266	1.265	1.333	1.417	1.513	1.427	1.342	1.398	1.122	1.285	1.212	1.241	1.472	1.303	1.291	1.331	1.329	1.318	1.281	1.337	1.079	1.101	1.087
21:27:12	37.0	1.268	1.349	1.380	1.168	1.144	1.181	1.170	1.215	1.196	1.190	1.220	1.258	1.232	1.263	1.281	1.157	1.329	1.167	1.208	1.215	1.177	1.173	1.214	1.136	1.280	1.282	1.268	1.313	1.289	1.300	1.323	1.349	1.313	1.360	1.296	1.120	1.253	1.273	1.324	1.356	1.450	1.487	1.359	1.435	1.319	1.373	1.308	1.089	1.210	1.463	1.306	1.268	1.266	1.336	1.418	1.514	1.426	1.342	1.399	1.124	1.288	1.214	1.244	1.472	1.304	1.291	1.334	1.332	1.322	1.289	1.337	1.081	1.103	1.088
21:31:12	37.0	1.269	1.351	1.381	1.169	1.145	1.182	1.172	1.217	1.197	1.192	1.222	1.260	1.233	1.264	1.282	1.158	1.331	1.168	1.209	1.216	1.179	1.175	1.215	1.137	1.281	1.279	1.267	1.312	1.290	1.300	1.323	1.349	1.314	1.362	1.296	1.121	1.254	1.274	1.325	1.357	1.450	1.487	1.358	1.435	1.319	1.373	1.308	1.090	1.211	1.463	1.306	1.270	1.266	1.337	1.418	1.515	1.429	1.343	1.398	1.126	1.289	1.216	1.246	1.474	1.306	1.286	1.337	1.333	1.323	1.291	1.336	1.081	1.104	1.089
21:35:12	37.0	1.271	1.354	1.383	1.171	1.146	1.183	1.173	1.218	1.199	1.193	1.224	1.262	1.236	1.266	1.284	1.160	1.333	1.170	1.211	1.218	1.180	1.177	1.216	1.139	1.283	1.280	1.268	1.313	1.291	1.301	1.323	1.352	1.315	1.362	1.298	1.124	1.256	1.274	1.325	1.359	1.452	1.489	1.360	1.437	1.320	1.373	1.309	1.092	1.214	1.465	1.310	1.272	1.268	1.339	1.420	1.516	1.429	1.344	1.399	1.129	1.292	1.219	1.248	1.476	1.310	1.285	1.338	1.334	1.325	1.293	1.339	1.083	1.106	1.091
21:39:12	37.0	1.273	1.355	1.384	1.171	1.147	1.185	1.174	1.219	1.200	1.194	1.225	1.264	1.237	1.268	1.285	1.161	1.334	1.171	1.212	1.220	1.182	1.178	1.217	1.142	1.283	1.281	1.269	1.313	1.291	1.300	1.325	1.353	1.316	1.364	1.299	1.126	1.256	1.274	1.326	1.360	1.453	1.490	1.361	1.438	1.321	1.375	1.309	1.094	1.216	1.464	1.311	1.274	1.270	1.339	1.421	1.516	1.429	1.344	1.397	1.130	1.294	1.225	1.249	1.477	1.311	1.281	1.339	1.335	1.326	1.296	1.340	1.083	1.106	1.092
21:43:12	37.0	1.274	1.358	1.386	1.173	1.148	1.187	1.176	1.221	1.201	1.196	1.226	1.266	1.238	1.270	1.286	1.163	1.336	1.172	1.214	1.221	1.183	1.180	1.218	1.143	1.286	1.283	1.272	1.313	1.292	1.301	1.326	1.355	1.316	1.365	1.299	1.129	1.256	1.275	1.327	1.361	1.454	1.491	1.361	1.439	1.322	1.376	1.309	1.095	1.218	1.465	1.312	1.277	1.272	1.340	1.422	1.517	1.425	1.346	1.398	1.132	1.294	1.235	1.252	1.479	1.312	1.281	1.340	1.337	1.329	1.298	1.343	1.085	1.108	1.093
21:47:12	37.0	1.276	1.360	1.388	1.174	1.149	1.188	1.177	1.222	1.203	1.197	1.228	1.268	1.240	1.272	1.288	1.165	1.337	1.174	1.215	1.222	1.184	1.181	1.219	1.146	1.286	1.281	1.273	1.314	1.293	1.302	1.326	1.356	1.316	1.367	1.301	1.131	1.258	1.275	1.327	1.363	1.455	1.493	1.362	1.440	1.323	1.378	1.311	1.096	1.219	1.466	1.312	1.276	1.274	1.341	1.423	1.519	1.426	1.347	1.397	1.135	1.297	1.250	1.260	1.481	1.313	1.280	1.341	1.337	1.328	1.297	1.344	1.086	1.109	1.095
21:51:12	37.0	1.277	1.361	1.389	1.175	1.150	1.189	1.178	1.223	1.204	1.198	1.228	1.270	1.241	1.273	1.288	1.166	1.339	1.175	1.216	1.223	1.185	1.182	1.220	1.146	1.289	1.281	1.272	1.314	1.293	1.304	1.327	1.357	1.316	1.368	1.302	1.132	1.258	1.276	1.327	1.365	1.456	1.493	1.362	1.440	1.324	1.378	1.313	1.097	1.218	1.466	1.313	1.277	1.275	1.343	1.423	1.520	1.425	1.347	1.396	1.136	1.297	1.257	1.272	1.481	1.313	1.283	1.344	1.340	1.329	1.300	1.344	1.086	1.111	1.096
21:55:12	37.0	1.279	1.363	1.391	1.177	1.151	1.191	1.179	1.225	1.206	1.200	1.231	1.271	1.242	1.275	1.290	1.167	1.340	1.176	1.217	1.225	1.187	1.184	1.221	1.148	1.290	1.283	1.272	1.316	1.293	1.304	1.326	1.359	1.316	1.369	1.304	1.134	1.258	1.277	1.329	1.365	1.457	1.495	1.363	1.442	1.325	1.380	1.312	1.099	1.219	1.467	1.315	1.279	1.276	1.345	1.423	1.521	1.425	1.347	1.395	1.138	1.299	1.261	1.282	1.481	1.314	1.285	1.345	1.341	1.332	1.303	1.345	1.088	1.112	1.098
21:59:12	37.0	1.280	1.365	1.392	1.179	1.153	1.192	1.180	1.226	1.207	1.201	1.232	1.272	1.244	1.277	1.290	1.168	1.341	1.177	1.219	1.226	1.188	1.185	1.222	1.149	1.291	1.285	1.275	1.315	1.292	1.304	1.327	1.360	1.319	1.372	1.304	1.136	1.259	1.278	1.330	1.366	1.458	1.495	1.364	1.443	1.326	1.381	1.313	1.101	1.220	1.468	1.317	1.281	1.278	1.345	1.425	1.522	1.425	1.347	1.393	1.140	1.298	1.264	1.284	1.481	1.316	1.288	1.347	1.342	1.333	1.304	1.346	1.088	1.113	1.099
22:03:12	37.0	1.281	1.367	1.394	1.179	1.155	1.193	1.182	1.228	1.208	1.203	1.233	1.274	1.245	1.278	1.292	1.169	1.343	1.179	1.220	1.227	1.189	1.186	1.223	1.151	1.293	1.286	1.277	1.317	1.293	1.305	1.327	1.361	1.319	1.372	1.303	1.138	1.261	1.278	1.332	1.368	1.459	1.497	1.365	1.444	1.327	1.381	1.313	1.102	1.222	1.468	1.318	1.282	1.280	1.347	1.427	1.524	1.424	1.349	1.391	1.141	1.299	1.267	1.286	1.481	1.316	1.289	1.347	1.343	1.334	1.307	1.347	1.090	1.114	1.101
22:07:12	37.0	1.282	1.368	1.395	1.181	1.155	1.195	1.183	1.229	1.210	1.204	1.235	1.276	1.247	1.280	1.293	1.170	1.345	1.180	1.221	1.229	1.191	1.188	1.224	1.153	1.296	1.287	1.280	1.319	1.294	1.306	1.328	1.363	1.319	1.375	1.305	1.140	1.261	1.279	1.334	1.370	1.460	1.498	1.366	1.445	1.328	1.381	1.314	1.103	1.225	1.469	1.318	1.282	1.280	1.349	1.428	1.524	1.422	1.348	1.389	1.143	1.298	1.270	1.287	1.484	1.317	1.292	1.348	1.344	1.335	1.309	1.349	1.091	1.116	1.101
0:00:00																																																																											
0:00:00																																																																											
0:00:00																																																																											
0:00:00																																																																											
0:00:00																																																																											
0:00:00																																																																											
0:00:00																																																																											
0:00:00																																																																											
0:00:00																																																																											
0:00:00																																																																											
0:00:00																																																																											
0:00:00																																																																											
0:00:00																																																																											
0:00:00																																																																											
0:00:00																																																																											
0:00:00																																																																											
0:00:00																																																																											
0:00:00																																																																											
0:00:00																																																																											
0:00:00																																																																											
0:00:00																																																																											
0:00:00																																																																											
0:00:00																																																																											
0:00:00																																																																											
0:00:00																																																																											
0:00:00																																																																											
0:00:00																																																																											
0:00:00																																																																											
0:00:00																																																																											

Results
	1	2	3	4	5	6	7	8	9	10	11	12
A													Max V [mcherry:580,610]
													R-Squared [mcherry:580,610]
													t at Max V [mcherry:580,610]
													Lagtime [mcherry:580,610]
													Max V [BFP and GFP:370,445]
													R-Squared [BFP and GFP:370,445]
													t at Max V [BFP and GFP:370,445]
													Lagtime [BFP and GFP:370,445]
													Max V [BFP and GFP:485,510]
													R-Squared [BFP and GFP:485,510]
													t at Max V [BFP and GFP:485,510]
													Lagtime [BFP and GFP:485,510]
													Max V [od600:600]
													R-Squared [od600:600]
													t at Max V [od600:600]
													Lagtime [od600:600]
B	3875.000	4800.000	4700.000	1900.000	1600.000	-1700.000	1450.000	1300.000	1600.000	1650.000	1850.000	1650.000	Max V [mcherry:580,610]
	0.801	0.954	0.887	0.938	0.593	0.855	0.814	0.688	0.969	0.813	0.949	0.852	R-Squared [mcherry:580,610]
	20:24:57	8:12:57	21:32:57	21:04:57	8:40:57	19:48:57	12:12:57	10:28:57	7:08:57	14:32:57	16:36:57	17:52:57	t at Max V [mcherry:580,610]
	16:45:39	7:08:17	16:16:24	18:04:25	7:53:35	21:28:29	11:32:32	9:51:43	7:00:42	13:57:48	15:54:21	16:41:41	Lagtime [mcherry:580,610]
	-43175.000	-39650.000	-55425.000	-63975.000	-49475.000	-49250.000	-58000.000	-50225.000	-52775.000	-48100.000	-42000.000	-49675.000	Max V [BFP and GFP:370,445]
	0.935	0.959	0.911	0.951	0.977	0.934	0.963	0.949	0.945	0.988	0.782	0.987	R-Squared [BFP and GFP:370,445]
	0:09:40	0:09:40	0:09:40	0:09:40	0:09:40	0:09:40	0:09:40	0:09:40	0:09:40	0:09:40	0:09:40	0:09:40	t at Max V [BFP and GFP:370,445]
	?????	?????	?????	?????	?????	?????	?????	?????	?????	?????	?????	?????	Lagtime [BFP and GFP:370,445]
	22700.000	5675.000	6675.000	14200.000	15025.000	17475.000	17075.000	17500.000	14750.000	13925.000	17825.000	5300.000	Max V [BFP and GFP:485,510]
	0.951	0.800	0.908	0.985	0.822	0.939	0.925	0.873	0.933	0.952	0.935	0.710	R-Squared [BFP and GFP:485,510]
	0:10:26	13:06:26	17:22:26	0:10:26	0:10:26	0:10:26	0:10:26	0:10:26	0:10:26	0:10:26	0:10:26	21:18:26	t at Max V [BFP and GFP:485,510]
	?????	10:50:32	14:32:04	?????	?????	?????	?????	?????	?????	?????	?????	20:32:33	Lagtime [BFP and GFP:485,510]
	3.310	3.502	3.515	3.477	4.173	4.457	4.812	4.535	4.915	4.720	4.960	3.733	Max V [od600:600]
	1.000	1.000	0.998	0.990	0.997	0.996	0.997	0.995	0.998	0.998	0.999	1.000	R-Squared [od600:600]
	8:47:12	8:15:12	3:55:12	3:51:12	3:51:12	3:51:12	3:51:12	3:51:12	3:51:12	3:51:12	3:51:12	3:19:12	t at Max V [od600:600]
	5:26:47	4:45:29	3:05:01	3:05:11	3:12:42	3:14:38	3:16:48	3:16:39	3:19:02	3:17:59	3:19:59	2:25:28	Lagtime [od600:600]
C	3250.000	2700.000	4325.000	-2725.000	3325.000	1675.000	1575.000	2150.000	1975.000	1575.000	1525.000	1350.000	Max V [mcherry:580,610]
	0.648	0.659	0.968	0.882	0.811	0.817	0.968	0.892	0.779	0.791	0.764	0.898	R-Squared [mcherry:580,610]
	20:28:57	15:52:57	20:24:57	16:36:57	21:16:57	19:16:57	16:16:57	6:16:57	20:48:57	18:36:57	9:00:57	16:16:57	t at Max V [mcherry:580,610]
	16:49:45	13:08:57	17:03:37	18:11:51	17:02:56	17:48:14	15:16:38	6:12:12	20:03:05	17:50:36	8:38:47	15:40:48	Lagtime [mcherry:580,610]
	-43475.000	-56900.000	-57025.000	-45875.000	-56300.000	-45925.000	-43400.000	-46800.000	-41625.000	-38050.000	-44725.000	-40225.000	Max V [BFP and GFP:370,445]
	0.904	0.976	0.945	0.965	0.983	0.869	0.958	0.895	0.982	0.900	0.948	0.937	R-Squared [BFP and GFP:370,445]
	0:09:40	0:09:40	0:09:40	0:17:40	0:09:40	0:09:40	0:09:40	0:09:40	0:09:40	0:09:40	0:09:40	0:09:40	t at Max V [BFP and GFP:370,445]
	?????	0:02:04	?????	0:05:22	?????	?????	?????	?????	?????	?????	?????	?????	Lagtime [BFP and GFP:370,445]
	17750.000	11600.000	-5275.000	15525.000	6000.000	12000.000	17650.000	15625.000	15075.000	13600.000	16850.000	15675.000	Max V [BFP and GFP:485,510]
	0.975	0.823	0.942	0.955	0.799	0.791	0.972	0.948	0.955	0.888	0.958	0.902	R-Squared [BFP and GFP:485,510]
	0:10:26	0:10:26	3:54:26	0:10:26	21:18:26	0:10:26	0:10:26	0:10:26	0:10:26	0:10:26	0:10:26	0:10:26	t at Max V [BFP and GFP:485,510]
	?????	?????	3:46:46	?????	19:10:40	?????	?????	?????	?????	?????	?????	?????	Lagtime [BFP and GFP:485,510]
	3.638	3.370	3.183	3.542	3.470	3.888	4.385	4.743	4.520	4.773	5.008	4.390	Max V [od600:600]
	1.000	0.998	0.994	0.997	0.997	0.997	0.996	0.995	0.996	0.995	0.996	0.802	R-Squared [od600:600]
	9:07:12	6:59:12	7:11:12	3:55:12	3:55:12	3:55:12	3:55:12	3:55:12	3:55:12	3:51:12	3:55:12	5:07:12	t at Max V [od600:600]
	6:01:05	4:56:04	4:14:01	3:07:49	3:02:37	3:10:16	3:15:18	3:17:47	3:17:06	3:18:37	3:21:00	4:04:07	Lagtime [od600:600]
D	4450.000	3325.000	2925.000	3450.000	3275.000	3450.000	3775.000	4325.000	4175.000	4125.000	3000.000	-1600.000	Max V [mcherry:580,610]
	0.990	0.950	0.698	0.931	0.854	0.830	0.741	0.764	0.837	0.905	0.964	0.892	R-Squared [mcherry:580,610]
	20:16:57	18:04:57	14:56:57	15:52:57	19:04:57	16:20:57	18:36:57	21:00:57	15:40:57	21:28:57	17:32:57	21:12:57	t at Max V [mcherry:580,610]
	17:35:20	15:03:25	12:35:33	13:13:46	15:28:20	13:40:22	15:12:55	17:15:28	13:14:42	16:58:16	14:16:45	21:56:27	Lagtime [mcherry:580,610]
	-58625.000	-47750.000	-54250.000	-43650.000	-51550.000	-49875.000	-51250.000	-40400.000	-52825.000	-49775.000	-53825.000	-51100.000	Max V [BFP and GFP:370,445]
	0.893	0.985	0.923	0.858	0.700	0.850	0.922	0.988	0.883	0.945	0.914	0.954	R-Squared [BFP and GFP:370,445]
	0:09:40	0:09:40	0:09:40	0:09:40	0:09:40	0:09:40	0:09:40	0:09:40	0:09:40	0:09:40	0:09:40	0:09:40	t at Max V [BFP and GFP:370,445]
	?????	0:01:47	?????	?????	?????	?????	?????	0:02:06	?????	?????	?????	0:02:27	Lagtime [BFP and GFP:370,445]
	11625.000	17300.000	10675.000	13700.000	14750.000	10975.000	14225.000	18300.000	-7750.000	15375.000	10450.000	15775.000	Max V [BFP and GFP:485,510]
	0.762	0.933	0.985	0.856	0.969	0.897	0.948	0.958	0.980	0.902	0.722	0.868	R-Squared [BFP and GFP:485,510]
	0:10:26	0:10:26	0:10:26	0:10:26	0:10:26	0:10:26	0:14:26	0:10:26	3:06:26	0:10:26	0:10:26	0:10:26	t at Max V [BFP and GFP:485,510]
	?????	?????	?????	?????	?????	?????	?????	?????	3:06:52	?????	?????	?????	Lagtime [BFP and GFP:485,510]
	3.877	2.675	2.912	2.972	2.990	3.087	2.905	3.158	3.520	3.193	2.900	3.867	Max V [od600:600]
	0.988	0.995	0.999	1.000	0.999	1.000	1.000	0.996	0.999	0.999	1.000	0.687	R-Squared [od600:600]
	3:47:12	3:43:12	3:07:12	3:11:12	3:11:12	3:11:12	3:11:12	4:03:12	9:59:12	2:59:12	2:55:12	5:03:12	t at Max V [od600:600]
	2:58:58	2:19:28	2:07:02	2:06:37	2:09:49	2:07:41	2:06:47	2:23:10	6:36:12	2:14:08	2:07:12	3:58:36	Lagtime [od600:600]
E	3150.000	3825.000	3550.000	4050.000	7675.000	7950.000	4900.000	6925.000	3825.000	4275.000	3775.000	1400.000	Max V [mcherry:580,610]
	0.983	0.995	0.874	0.918	0.887	0.964	0.857	0.882	0.907	0.864	0.825	0.860	R-Squared [mcherry:580,610]
	17:24:57	18:04:57	21:08:57	19:56:57	21:16:57	17:04:57	19:08:57	20:48:57	19:56:57	21:28:57	16:36:57	20:12:57	t at Max V [mcherry:580,610]
	14:03:56	14:58:11	16:04:10	16:04:51	16:45:35	12:54:37	15:39:36	16:20:04	15:39:39	16:58:55	13:32:38	19:23:31	Lagtime [mcherry:580,610]
	-34300.000	-43350.000	-46425.000	-52125.000	-47175.000	-45975.000	-49700.000	-44075.000	-54275.000	-61500.000	-55875.000	-54825.000	Max V [BFP and GFP:370,445]
	0.829	0.923	0.927	0.906	0.871	0.990	0.969	0.871	0.994	0.915	0.970	0.943	R-Squared [BFP and GFP:370,445]
	0:09:40	0:09:40	0:09:40	0:09:40	0:09:40	0:09:40	0:09:40	0:09:40	0:09:40	0:09:40	0:09:40	0:09:40	t at Max V [BFP and GFP:370,445]
	?????	?????	?????	?????	?????	?????	0:02:48	?????	0:01:44	?????	?????	?????	Lagtime [BFP and GFP:370,445]
	-38225.000	20450.000	15950.000	19850.000	6725.000	8275.000	18400.000	-47275.000	16800.000	11975.000	15325.000	14975.000	Max V [BFP and GFP:485,510]
	0.743	0.963	0.998	0.983	0.778	0.770	0.958	0.905	0.929	0.969	0.981	0.785	R-Squared [BFP and GFP:485,510]
	1:42:26	0:10:26	0:10:26	0:18:26	21:06:26	19:10:26	0:18:26	0:50:26	0:10:26	0:10:26	0:10:26	0:10:26	t at Max V [BFP and GFP:485,510]
	1:47:06	?????	?????	0:05:36	16:43:30	15:10:22	0:07:29	0:55:16	?????	?????	?????	?????	Lagtime [BFP and GFP:485,510]
	4.045	3.648	3.335	3.650	4.610	4.823	4.498	4.702	4.247	4.197	3.413	3.420	Max V [od600:600]
	0.989	0.995	0.999	1.000	0.997	1.000	0.999	0.999	0.999	0.999	1.000	0.999	R-Squared [od600:600]
	4:11:12	9:47:12	10:27:12	10:03:12	8:11:12	8:31:12	9:27:12	8:47:12	9:07:12	9:43:12	3:07:12	2:55:12	t at Max V [od600:600]
	3:26:05	6:47:38	6:34:11	6:31:50	5:30:01	5:43:09	6:38:57	5:56:16	6:17:27	6:48:52	2:20:09	2:13:52	Lagtime [od600:600]
F	2525.000	2825.000	2225.000	2150.000	1375.000	1500.000	1700.000	1275.000	1175.000	1625.000	1700.000	1650.000	Max V [mcherry:580,610]
	0.964	0.587	0.783	0.793	0.847	0.887	0.806	0.692	0.688	0.875	0.970	0.827	R-Squared [mcherry:580,610]
	11:20:57	20:28:57	13:44:57	16:00:57	13:36:57	19:04:57	21:12:57	14:28:57	9:52:57	20:52:57	16:24:57	11:28:57	t at Max V [mcherry:580,610]
	10:44:55	16:56:42	12:44:00	15:03:39	12:55:47	18:20:17	20:28:15	13:47:23	9:35:35	20:19:51	15:59:11	11:06:24	Lagtime [mcherry:580,610]
	-42350.000	-49850.000	-41575.000	-91150.000	-51175.000	-33600.000	-48225.000	-55700.000	-41025.000	-36675.000	-49575.000	-47925.000	Max V [BFP and GFP:370,445]
	0.833	0.958	0.916	0.987	0.990	0.996	0.917	0.942	0.972	0.982	0.857	0.875	R-Squared [BFP and GFP:370,445]
	0:09:40	0:09:40	0:09:40	0:09:40	0:09:40	0:09:40	0:09:40	0:09:40	0:17:40	0:09:40	0:09:40	0:09:40	t at Max V [BFP and GFP:370,445]
	?????	0:03:01	?????	?????	?????	?????	?????	?????	0:03:33	?????	?????	?????	Lagtime [BFP and GFP:370,445]
	13950.000	4575.000	16775.000	21700.000	14925.000	22950.000	18050.000	11800.000	15050.000	16575.000	11175.000	15200.000	Max V [BFP and GFP:485,510]
	0.805	0.985	0.997	0.994	0.955	0.973	0.984	0.813	0.900	0.919	0.880	0.878	R-Squared [BFP and GFP:485,510]
	0:10:26	19:38:26	0:10:26	0:10:26	0:10:26	0:10:26	0:10:26	0:10:26	0:10:26	0:10:26	0:10:26	0:10:26	t at Max V [BFP and GFP:485,510]
	?????	19:17:22	?????	?????	?????	?????	?????	?????	?????	?????	?????	?????	Lagtime [BFP and GFP:485,510]
	3.698	3.690	3.082	3.160	3.415	3.658	3.620	3.663	3.850	3.710	3.738	3.352	Max V [od600:600]
	0.999	0.997	0.994	0.996	0.998	0.998	0.993	0.999	0.999	0.999	1.000	0.999	R-Squared [od600:600]
	3:27:12	3:27:12	3:23:12	3:27:12	5:43:12	5:39:12	5:39:12	3:59:12	3:59:12	3:59:12	3:55:12	2:59:12	t at Max V [od600:600]
	2:39:07	2:45:18	2:39:24	2:43:33	3:40:28	4:00:16	3:58:33	2:50:13	2:50:34	2:51:04	2:45:21	2:06:53	Lagtime [od600:600]
G	2700.000	3250.000	2150.000	2725.000	2300.000	1800.000	2225.000	3125.000	2525.000	1975.000	2825.000	1300.000	Max V [mcherry:580,610]
	0.870	0.841	0.702	0.825	0.634	0.880	0.803	0.958	0.736	0.811	0.822	0.797	R-Squared [mcherry:580,610]
	16:04:57	21:40:57	21:40:57	20:16:57	19:36:57	12:16:57	21:28:57	18:44:57	15:36:57	17:04:57	20:28:57	8:56:57	t at Max V [mcherry:580,610]
	14:55:01	20:09:23	19:30:04	16:52:15	17:46:41	11:35:10	19:05:56	17:27:08	14:37:37	15:31:29	18:40:25	8:41:06	Lagtime [mcherry:580,610]
	-40900.000	-47425.000	-52675.000	-42175.000	-54075.000	-52275.000	-41575.000	-45175.000	-37550.000	-49400.000	-50600.000	-49000.000	Max V [BFP and GFP:370,445]
	0.934	0.939	0.955	0.899	0.915	0.916	0.855	0.876	0.731	0.958	0.957	0.893	R-Squared [BFP and GFP:370,445]
	0:09:40	0:09:40	0:09:40	0:09:40	0:09:40	0:09:40	0:09:40	0:09:40	0:09:40	0:09:40	0:09:40	0:09:40	t at Max V [BFP and GFP:370,445]
	?????	?????	?????	?????	?????	?????	?????	?????	?????	?????	?????	?????	Lagtime [BFP and GFP:370,445]
	19600.000	19450.000	18500.000	5900.000	17000.000	14775.000	19825.000	-34225.000	19950.000	20050.000	16050.000	15000.000	Max V [BFP and GFP:485,510]
	0.968	0.980	0.922	0.814	0.927	0.901	0.942	0.851	0.987	0.927	0.865	0.898	R-Squared [BFP and GFP:485,510]
	0:10:26	0:10:26	0:10:26	21:14:26	0:10:26	0:10:26	0:10:26	2:46:26	0:10:26	0:10:26	0:10:26	0:10:26	t at Max V [BFP and GFP:485,510]
	?????	?????	?????	20:47:43	?????	?????	?????	2:50:36	?????	?????	?????	?????	Lagtime [BFP and GFP:485,510]
	4.097	4.510	5.072	4.640	4.572	4.530	4.658	4.647	4.447	4.470	4.515	3.825	Max V [od600:600]
	1.000	1.000	0.999	0.999	1.000	1.000	1.000	1.000	1.000	1.000	1.000	0.999	R-Squared [od600:600]
	3:31:12	3:55:12	4:03:12	3:47:12	3:59:12	3:55:12	4:03:12	3:59:12	3:39:12	3:47:12	3:47:12	3:15:12	t at Max V [od600:600]
	2:40:53	2:45:51	2:58:31	2:40:29	2:41:40	2:43:19	2:53:15	2:39:19	2:37:35	2:45:20	2:38:01	2:24:15	Lagtime [od600:600]
H											-1475.000	1375.000	Max V [mcherry:580,610]
											0.790	0.930	R-Squared [mcherry:580,610]
											14:00:57	21:12:57	t at Max V [mcherry:580,610]
											13:58:47	21:13:23	Lagtime [mcherry:580,610]
											-43325.000	-44700.000	Max V [BFP and GFP:370,445]
											0.885	0.970	R-Squared [BFP and GFP:370,445]
											0:09:40	0:09:40	t at Max V [BFP and GFP:370,445]
											?????	?????	Lagtime [BFP and GFP:370,445]
											-31400.000	19225.000	Max V [BFP and GFP:485,510]
											0.788	0.843	R-Squared [BFP and GFP:485,510]
											1:06:26	0:10:26	t at Max V [BFP and GFP:485,510]
											1:12:05	?????	Lagtime [BFP and GFP:485,510]
											3.797	3.575	Max V [od600:600]
											0.999	1.000	R-Squared [od600:600]
											2:55:12	2:39:12	t at Max V [od600:600]
											2:01:02	1:54:18	Lagtime [od600:600]

