

Software Version	3.09.07



Experiment File Path:	C:\Users\Public\Documents\Experiments\HKC_E_1.xpt
Protocol File Path:	



Plate Number	Plate 1
Date	10/10/2024
Time	10:36:29 PM
Reader Type:	Synergy H1
Reader Serial Number:	20012722
Reading Type	Reader

Procedure Details

Plate Type	96 WELL PLATE
Well Selection	Runtime
Eject plate on completion	
Set Temperature	Setpoint 37°C
	Preheat before moving to next step
Start Kinetic	Runtime 12:00:00 (HH:MM:SS), Interval 0:04:00, 181 Reads
    Shake	Double Orbital: Continuous
	Frequency: 237 cpm (4 mm)
    Read	mcherry
	Fluorescence Endpoint
	Full Plate
	Filter Set 1
	    Excitation: 580,  Emission: 610
	    Optics: Bottom,  Gain: 80
	Light Source: Xenon Flash,  Lamp Energy: High
	Read Speed: Normal,  Delay: 100 msec,  Measurements/Data Point: 10
	Read Height: 7 mm
    Read	BFP and GFP
	Fluorescence Endpoint
	Full Plate
	Filter Set 1
	    Excitation: 370,  Emission: 445
	    Optics: Bottom,  Gain: 80
	Filter Set 2
	    Excitation: 485,  Emission: 510
	    Optics: Bottom,  Gain: 60
	Light Source: Xenon Flash,  Lamp Energy: High
	Read Speed: Normal,  Delay: 100 msec,  Measurements/Data Point: 10
	Read Height: 7 mm
    Read	od600
	Absorbance Endpoint
	Full Plate
	Wavelengths:  600
	Read Speed: Normal,  Delay: 100 msec,  Measurements/Data Point: 8
End Kinetic	
Set Temperature	Incubator off

Layout
	1	2	3	4	5	6	7	8	9	10	11	12
A													Well ID
B	SPL1	SPL7	SPL13	SPL19	SPL25	SPL31	SPL37	SPL43	SPL49	SPL55	SPL61	SPL67	Well ID
C	SPL2	SPL8	SPL14	SPL20	SPL26	SPL32	SPL38	SPL44	SPL50	SPL56	SPL62	SPL68	Well ID
D	SPL3	SPL9	SPL15	SPL21	SPL27	SPL33	SPL39	SPL45	SPL51	SPL57	SPL63	SPL69	Well ID
E	SPL4	SPL10	SPL16	SPL22	SPL28	SPL34	SPL40	SPL46	SPL52	SPL58	SPL64	SPL70	Well ID
F	SPL5	SPL11	SPL17	SPL23	SPL29	SPL35	SPL41	SPL47	SPL53	SPL59	SPL65	SPL71	Well ID
G	SPL6	SPL12	SPL18	SPL24	SPL30	SPL36	SPL42	SPL48	SPL54	SPL60	SPL66	SPL72	Well ID
H											SPL73	SPL74	Well ID

mcherry:580,610

Time	T° mcherry:580,610	B1	B2	B3	B4	B5	B6	B7	B8	B9	B10	B11	B12	C1	C2	C3	C4	C5	C6	C7	C8	C9	C10	C11	C12	D1	D2	D3	D4	D5	D6	D7	D8	D9	D10	D11	D12	E1	E2	E3	E4	E5	E6	E7	E8	E9	E10	E11	E12	F1	F2	F3	F4	F5	F6	F7	F8	F9	F10	F11	F12	G1	G2	G3	G4	G5	G6	G7	G8	G9	G10	G11	G12	H11	H12
0:00:57	37.0	47	34	38	49	46	41	45	40	42	54	49	46	53	57	46	61	36	44	49	41	57	51	52	42	55	61	46	48	49	45	51	54	46	45	47	49	53	49	59	52	59	48	38	52	55	60	51	51	44	44	47	45	50	54	45	50	47	48	51	53	59	52	52	46	42	37	54	47	42	44	47	50	63	53
0:04:57	37.0	39	42	66	54	39	50	59	59	39	53	50	48	51	53	36	33	40	55	49	38	45	47	47	46	43	47	45	40	43	41	51	45	52	42	39	41	42	44	42	38	43	53	47	40	39	43	51	44	53	41	36	36	31	37	50	36	48	43	31	44	41	39	41	53	42	44	43	49	41	41	39	46	31	48
0:08:57	37.0	52	42	43	45	39	45	43	43	35	32	52	50	46	51	42	46	48	31	46	40	51	38	48	50	54	47	39	36	43	50	52	47	44	49	47	43	50	50	41	42	40	43	46	52	51	45	34	48	48	39	39	43	40	42	43	32	38	44	40	41	49	42	57	42	34	33	49	42	40	38	41	39	48	44
0:12:57	37.0	40	46	46	37	43	44	41	38	36	44	46	49	42	48	47	46	43	43	39	53	50	51	44	41	48	41	39	48	51	41	49	46	38	41	55	37	33	46	36	37	38	43	47	44	47	46	45	42	42	48	42	36	56	36	35	41	52	39	41	46	32	37	46	32	40	43	44	40	37	38	46	35	46	39
0:16:57	36.9	51	52	40	43	46	42	45	38	43	43	52	44	41	37	40	46	36	41	43	35	48	34	45	44	41	50	40	38	46	46	49	37	39	37	42	35	37	46	41	47	48	38	44	47	28	52	43	46	42	38	40	37	35	40	44	40	40	37	40	30	42	44	40	35	41	40	37	45	35	47	44	41	38	45
0:20:57	37.0	53	28	48	32	49	52	42	31	42	50	41	40	38	38	45	44	46	41	42	45	43	38	41	39	38	45	32	37	54	39	47	36	45	41	33	40	44	40	41	35	44	39	45	41	43	34	41	51	38	35	40	42	44	42	40	37	34	38	43	44	35	31	40	39	30	26	41	43	48	42	36	40	45	44
0:24:57	37.0	42	46	40	41	41	34	36	34	34	41	51	38	37	41	43	36	45	38	37	41	34	37	45	52	50	40	40	38	56	48	35	43	36	38	42	38	40	44	45	34	39	52	44	47	41	44	40	43	31	34	36	41	45	33	43	42	34	32	52	48	47	47	45	35	37	27	33	37	43	31	49	37	39	47
0:28:57	37.0	46	33	32	38	27	41	35	38	47	38	44	39	34	41	45	34	34	48	38	43	40	44	39	54	44	48	40	32	39	42	44	34	48	38	40	41	37	45	47	40	38	44	38	54	36	40	36	40	45	28	45	37	41	28	42	33	43	37	40	36	42	47	38	43	52	36	42	48	37	41	41	40	38	43
0:32:57	37.0	45	39	37	39	38	42	44	40	37	41	41	30	49	43	43	37	41	42	44	37	52	42	33	38	35	40	50	42	23	41	42	35	37	42	39	43	38	50	39	42	38	35	41	49	40	43	43	43	33	37	40	38	41	39	32	28	36	39	39	43	34	40	37	34	48	25	38	40	33	40	31	44	43	41
0:36:57	37.0	59	41	35	37	38	46	30	39	38	39	39	38	44	40	39	39	36	42	41	42	33	37	37	48	41	41	46	42	34	44	37	41	34	34	44	37	34	43	41	39	31	42	41	40	31	34	47	41	37	32	43	40	29	27	42	28	35	39	41	41	31	37	36	40	37	39	37	30	25	41	51	37	48	46
0:40:57	37.0	37	47	33	37	40	35	32	38	41	42	40	39	28	34	35	30	45	38	40	45	39	52	45	41	35	43	38	35	45	44	36	42	29	43	43	37	40	47	40	41	39	42	35	32	34	38	38	41	37	38	37	38	36	43	41	35	31	38	43	42	50	37	37	37	35	32	35	45	38	36	34	42	42	37
0:44:57	37.0	55	34	41	32	35	44	42	38	38	29	39	29	51	43	43	37	32	49	36	48	41	36	43	43	41	47	44	43	31	48	33	42	41	46	34	32	40	38	34	34	42	41	40	35	51	50	43	41	41	42	46	37	37	42	41	42	27	33	50	43	34	41	50	44	50	34	36	41	43	58	23	42	40	42
0:48:57	37.0	25	42	44	36	34	38	39	35	32	33	46	34	44	48	41	37	32	37	30	38	40	43	37	39	38	39	43	38	29	31	39	33	46	38	41	30	40	38	40	36	42	48	42	36	44	29	39	42	53	37	49	53	39	46	32	25	34	40	44	35	44	42	39	36	52	43	38	30	36	39	40	25	40	46
0:52:57	37.0	53	43	36	36	35	41	41	47	37	43	43	42	53	45	32	44	39	41	43	36	35	34	45	43	45	31	40	34	26	43	31	34	54	48	35	40	28	47	36	57	50	48	40	30	46	47	47	42	25	48	42	40	30	52	42	32	40	39	49	57	37	37	44	37	47	44	37	42	37	40	41	37	38	49
0:56:57	37.0	49	36	38	39	41	39	42	41	40	30	37	33	47	35	36	39	43	49	35	36	37	42	37	39	40	38	36	39	25	31	33	36	32	38	36	43	37	52	42	42	34	55	35	45	43	41	43	40	43	36	35	49	24	31	43	43	48	42	37	37	40	37	42	42	32	36	37	42	32	43	43	41	46	41
1:00:57	37.0	59	45	35	29	36	45	37	31	43	45	35	29	44	41	35	42	36	51	32	36	38	40	35	48	42	40	40	46	34	38	39	34	38	33	41	36	34	49	45	35	43	40	41	48	34	46	41	38	38	49	43	33	31	37	43	39	37	45	35	44	40	40	41	43	43	47	36	37	35	41	42	39	46	48
1:04:57	37.0	52	19	29	42	39	43	31	41	39	37	40	33	46	39	42	39	30	47	30	43	30	43	37	33	35	40	22	36	30	44	34	31	38	30	36	38	39	36	42	37	49	42	43	46	46	63	38	42	41	39	36	35	37	37	36	42	37	39	42	37	42	42	36	37	36	34	31	35	37	38	42	39	38	36
1:08:57	37.0	31	35	40	23	35	37	43	36	28	46	43	46	36	35	47	34	34	34	43	36	44	40	33	34	44	40	35	47	37	43	40	31	23	33	30	36	43	56	46	39	50	40	36	43	51	37	41	38	46	41	44	45	41	33	45	30	26	31	35	34	43	46	46	45	39	39	37	33	45	41	46	45	39	35
1:12:57	37.0	40	35	38	31	33	35	31	37	37	30	37	33	47	36	35	38	35	51	40	30	34	39	34	40	39	37	36	39	27	38	48	38	35	41	37	40	37	50	40	37	40	35	34	38	48	42	33	39	39	39	47	49	43	34	37	39	41	25	35	44	46	36	27	34	36	50	33	34	52	31	45	40	34	49
1:16:57	37.0	46	33	37	35	34	34	32	31	43	27	29	31	45	35	35	34	35	30	39	43	45	27	28	37	35	35	29	33	38	30	40	32	38	30	42	41	44	40	41	33	34	39	43	39	36	45	36	40	50	36	34	39	41	41	36	34	52	36	30	37	42	36	32	39	36	37	45	31	35	44	33	40	34	33
1:20:57	37.1	45	32	32	31	37	26	27	30	32	33	33	36	48	38	33	37	30	36	38	32	38	36	35	32	34	41	42	28	40	31	42	27	40	38	36	27	35	39	45	29	40	35	40	40	38	38	44	37	49	46	34	45	33	37	35	34	39	40	39	36	38	34	37	30	34	29	35	40	38	26	40	45	33	26
1:24:57	37.0	41	28	32	31	33	31	34	41	28	25	23	34	29	37	36	35	30	44	37	28	36	36	38	37	36	42	32	36	28	35	38	35	32	30	34	36	31	37	34	43	45	42	42	41	39	31	36	43	40	22	31	44	29	40	34	35	32	40	31	23	29	33	31	38	38	34	34	30	44	37	37	38	34	33
1:28:57	37.0	48	35	27	28	36	24	34	34	33	42	37	33	35	37	36	35	27	37	36	35	40	32	26	40	42	35	33	36	27	47	35	34	26	51	34	33	34	44	33	32	45	35	44	47	35	36	33	39	40	39	38	32	24	34	35	41	32	45	45	29	39	31	32	40	42	41	43	41	44	38	45	38	35	34
1:32:57	37.0	39	33	35	30	30	27	28	31	28	39	39	24	35	39	27	33	33	32	39	33	36	37	32	38	38	44	32	38	36	30	35	28	33	28	32	31	38	42	48	41	51	38	43	44	36	44	38	43	33	39	46	33	33	33	44	25	35	39	41	29	36	40	38	28	30	36	26	35	43	41	38	35	20	34
1:36:57	37.0	34	32	29	33	26	33	23	29	26	35	30	31	33	35	37	34	39	46	40	23	26	26	37	37	31	34	26	32	24	45	39	22	32	37	38	36	32	41	28	35	41	33	43	39	29	46	35	40	44	46	41	45	36	40	34	36	33	31	40	32	45	36	36	33	38	29	36	41	41	30	30	29	33	42
1:40:57	37.0	39	25	31	37	25	37	27	28	30	28	24	30	37	37	27	43	38	31	30	41	27	33	30	36	34	39	36	33	43	32	26	37	34	31	27	38	30	36	43	38	39	34	42	49	37	33	29	33	43	44	47	39	33	48	41	29	38	33	40	27	35	35	34	34	35	38	36	49	35	47	39	39	35	35
1:44:57	37.0	38	36	27	29	30	33	26	29	34	31	29	28	28	32	34	27	32	32	37	32	38	37	36	32	31	39	31	37	23	36	31	29	42	41	47	31	31	46	34	46	40	23	38	46	42	37	38	34	47	48	42	40	43	41	43	42	48	34	43	28	36	41	43	37	32	37	36	44	29	40	32	40	36	33
1:48:57	37.0	21	29	33	29	39	28	27	31	29	36	29	39	42	26	41	32	34	41	33	31	33	32	29	35	30	35	18	32	34	37	32	30	30	26	38	37	43	33	32	41	53	33	36	27	46	44	37	35	60	46	43	41	35	37	27	33	55	30	42	30	40	33	43	32	40	39	29	30	44	39	27	39	24	34
1:52:57	37.0	18	31	35	28	27	36	38	26	35	29	43	27	37	36	32	34	29	41	35	29	35	35	32	31	34	31	41	42	41	36	36	33	33	39	31	40	34	48	39	32	34	30	37	50	34	32	38	41	44	45	44	41	33	43	39	43	44	37	45	35	39	35	36	37	36	31	40	30	24	35	38	31	47	44
1:56:57	37.0	30	32	37	29	33	40	28	29	37	31	37	36	37	31	28	35	37	28	32	40	33	36	31	34	33	28	32	42	31	34	28	31	34	38	37	24	33	36	39	39	31	32	35	49	40	40	37	45	50	40	57	39	45	31	43	38	53	30	39	24	32	35	40	31	36	31	38	28	35	32	29	39	37	34
2:00:57	37.0	31	25	33	26	39	30	28	41	30	40	28	36	29	42	36	35	29	28	32	32	38	36	34	34	32	38	27	28	33	35	34	38	31	32	42	28	42	40	49	33	43	34	33	30	47	39	21	44	48	46	44	42	48	31	35	42	41	36	46	29	37	40	34	36	26	19	39	36	35	39	35	39	45	36
2:04:57	37.0	35	40	34	32	33	41	33	29	34	37	47	28	39	39	42	36	46	41	39	37	24	40	34	32	45	38	34	38	30	38	36	40	30	33	28	36	37	42	42	35	28	31	46	27	54	34	39	38	52	47	40	43	45	48	37	40	49	37	39	39	34	36	40	39	43	34	33	31	35	36	52	33	38	37
2:08:57	37.0	29	33	40	34	26	34	34	41	30	34	42	36	39	37	36	38	32	42	33	36	43	34	30	41	32	36	39	33	43	40	37	31	38	34	41	41	36	37	35	36	32	38	41	40	38	37	36	35	48	42	44	40	41	45	41	45	41	43	43	30	41	39	41	28	29	30	38	36	49	38	35	25	40	41
2:12:57	37.1	32	40	43	32	33	24	44	35	41	30	42	30	45	35	32	34	41	41	38	37	33	37	31	37	34	42	29	43	44	26	33	17	39	27	39	37	37	45	43	38	22	30	42	43	42	31	31	38	46	43	54	47	61	49	49	40	47	37	39	30	40	32	33	34	35	37	37	34	34	34	40	34	32	31
2:16:57	37.0	30	29	36	29	30	37	29	34	40	36	28	35	49	33	29	37	43	42	33	33	23	33	34	48	37	39	47	29	30	36	37	23	28	37	39	35	37	38	33	39	38	38	42	44	32	32	38	33	48	48	41	44	60	58	45	46	41	30	42	35	44	39	35	36	40	25	37	40	35	33	39	27	36	39
2:20:57	37.0	30	32	34	30	26	39	32	37	38	35	27	28	38	35	35	40	31	34	41	42	42	34	32	30	37	34	35	30	38	33	33	34	35	27	34	31	33	43	41	40	38	30	42	33	45	44	23	32	55	43	50	46	51	40	45	53	43	42	36	37	37	33	33	27	30	32	42	28	39	34	40	31	27	35
2:24:57	37.0	39	30	27	32	39	27	29	21	28	28	46	32	37	35	33	39	38	34	38	28	47	27	40	38	29	37	31	34	25	39	39	39	34	36	29	33	40	40	34	36	43	35	39	39	39	35	37	36	42	46	38	49	46	46	49	42	37	50	39	31	22	36	27	35	30	32	32	27	34	37	27	35	35	35
2:28:57	37.0	32	25	33	30	34	40	30	33	37	20	32	39	42	30	32	31	32	44	25	31	33	31	38	34	27	40	35	39	39	35	33	27	30	29	35	32	38	37	35	22	33	34	37	36	44	36	36	30	52	48	47	50	44	44	44	42	61	39	34	34	34	29	34	37	31	39	29	29	33	28	33	39	30	26
2:32:57	37.0	37	29	34	34	27	33	37	32	41	30	33	31	28	33	32	36	34	37	34	45	25	51	49	42	37	36	30	34	28	36	25	29	37	39	35	29	34	35	36	27	37	30	39	32	53	22	40	33	49	45	49	52	49	45	46	51	48	45	39	25	28	36	31	30	35	30	27	27	35	31	32	44	23	29
2:36:57	37.0	34	31	32	44	31	33	32	27	38	38	33	37	32	43	35	33	33	36	31	32	50	27	32	34	34	37	35	26	35	36	32	25	30	37	37	26	36	31	40	31	38	41	36	28	46	25	27	22	57	44	49	42	45	50	50	46	52	52	44	36	41	37	25	32	32	30	29	34	31	32	38	36	36	36
2:40:57	37.0	22	31	27	32	32	30	43	31	37	23	29	33	35	39	37	46	38	22	42	32	30	34	26	42	33	39	42	36	41	31	24	32	29	44	37	42	28	34	34	32	34	37	37	47	31	38	38	32	48	52	48	53	45	48	42	45	52	52	46	37	36	25	29	36	35	25	33	35	31	32	31	35	35	38
2:44:57	37.0	40	36	39	25	31	37	29	32	45	32	37	39	40	36	36	38	36	31	30	32	34	41	27	34	31	28	35	32	30	46	41	34	37	34	29	39	37	31	32	40	30	52	33	39	36	38	33	40	50	51	52	52	51	48	52	55	43	49	43	27	25	38	30	37	33	29	43	27	28	25	37	37	33	38
2:48:57	37.0	15	19	34	34	48	31	35	31	30	34	32	34	36	36	37	43	33	42	38	41	39	35	37	35	27	30	34	29	33	42	30	34	34	19	31	37	31	37	35	30	34	44	31	32	35	34	27	33	50	57	53	45	54	45	45	53	48	42	45	32	31	30	34	29	24	29	32	31	36	27	40	33	23	35
2:52:57	37.0	34	21	36	37	42	40	38	33	28	36	19	36	39	33	32	39	37	36	33	36	37	47	27	43	31	38	33	29	44	31	34	28	27	43	24	32	41	39	33	34	32	26	42	32	37	28	29	40	53	57	48	55	51	52	54	45	52	46	39	35	26	35	28	31	38	28	29	31	35	33	34	36	36	36
2:56:57	37.0	23	23	33	38	23	32	29	37	26	39	23	39	34	40	28	29	36	40	42	34	28	28	38	36	42	26	31	32	28	40	38	32	32	34	30	28	27	34	40	26	37	23	40	22	37	36	34	32	62	48	56	53	53	55	47	56	42	38	42	27	31	32	38	25	26	28	24	40	28	32	33	32	34	37
3:00:57	37.0	31	27	34	40	39	29	44	29	35	35	34	40	26	37	50	34	32	22	41	25	39	33	25	38	29	31	40	37	46	42	30	33	31	34	30	34	30	34	35	37	30	29	31	47	32	30	31	25	51	57	49	48	54	51	53	47	54	45	39	33	40	28	29	33	31	38	34	18	35	41	35	28	31	37
3:04:57	36.9	42	38	27	33	29	37	30	23	39	35	35	30	38	37	30	36	32	32	23	41	45	31	35	37	36	35	34	39	35	36	34	31	33	39	33	29	38	34	34	32	32	40	43	42	36	40	32	31	50	53	57	50	52	56	57	47	55	53	43	24	28	39	33	30	45	41	30	34	34	34	43	35	38	35
3:08:57	37.0	39	31	33	32	45	32	32	39	30	36	31	29	24	33	34	33	33	39	30	28	37	35	30	38	38	35	26	31	24	44	38	29	40	27	30	30	32	39	37	27	39	28	33	33	36	31	34	36	54	63	51	49	50	52	53	53	63	53	36	35	27	32	34	23	24	25	30	30	32	32	37	39	29	34
3:12:57	37.0	19	31	28	31	33	33	35	27	33	34	25	29	33	39	49	26	45	32	26	37	24	36	35	34	33	30	32	30	39	40	32	30	24	24	27	24	33	38	33	43	38	36	33	46	39	31	35	34	56	59	59	52	54	54	53	52	46	48	38	29	32	22	29	28	36	37	40	25	28	27	30	35	29	32
3:16:57	37.0	30	31	30	40	28	33	30	31	24	36	24	33	42	41	46	35	37	33	41	33	29	42	34	37	33	35	31	23	32	29	39	19	40	34	32	32	34	37	37	41	30	26	38	38	38	44	38	30	57	58	58	48	58	55	60	57	55	46	46	31	25	32	39	34	31	21	32	41	37	30	34	32	32	29
3:20:57	37.0	31	36	31	26	27	39	31	31	35	33	33	35	34	43	45	46	34	33	33	37	29	40	36	38	32	24	27	20	33	27	26	31	40	38	31	35	34	32	32	33	31	25	41	42	37	30	23	35	55	59	63	52	54	52	58	65	57	48	48	39	30	34	36	34	29	27	23	34	27	29	35	32	33	29
3:24:57	37.0	26	34	40	30	37	34	36	36	22	27	26	28	43	36	51	37	35	36	38	30	36	36	36	36	34	26	32	27	37	33	24	35	36	42	34	28	27	38	29	29	30	30	44	31	45	33	28	31	59	66	56	57	55	57	72	73	52	52	37	21	27	36	27	23	32	27	30	33	37	39	29	36	25	38
3:28:57	37.0	28	27	29	38	25	32	34	32	44	30	29	36	40	41	48	41	40	34	28	46	35	37	43	41	29	39	36	34	31	29	32	35	35	30	27	32	38	40	30	38	29	33	35	30	34	35	34	26	60	59	56	63	60	60	59	58	53	55	50	34	28	34	37	30	34	32	33	33	28	34	30	31	32	29
3:32:57	37.0	28	35	26	35	35	39	29	31	38	26	41	26	39	37	53	39	45	36	29	25	31	32	35	31	29	33	36	33	35	36	38	34	35	33	33	31	40	29	28	32	33	35	32	34	36	27	30	31	61	64	60	57	63	59	60	60	53	55	39	31	39	35	30	31	29	28	34	32	36	36	34	31	33	31
3:36:57	37.0	30	48	26	33	26	32	25	36	27	34	30	33	38	42	47	38	46	36	40	28	23	40	26	39	33	41	42	31	37	43	34	31	32	31	40	25	34	29	34	37	24	39	31	38	46	35	27	36	63	56	72	62	62	73	69	58	56	61	46	40	24	22	35	33	28	34	28	30	31	31	35	39	26	32
3:40:57	37.0	42	42	43	31	32	32	33	35	31	44	33	33	44	44	42	43	36	49	37	40	38	28	33	32	27	36	30	25	35	30	34	35	41	42	36	36	36	33	31	28	31	31	35	42	36	33	36	27	61	67	60	65	53	50	54	53	56	49	43	40	27	32	31	32	32	29	27	32	34	36	36	35	32	27
3:44:57	37.0	33	40	42	34	30	24	41	29	37	38	36	33	43	47	57	52	40	42	37	41	37	27	39	35	31	36	30	36	36	42	24	28	33	34	38	37	37	31	33	30	36	23	33	32	47	42	36	39	63	62	65	64	50	56	49	62	57	50	44	31	34	30	26	29	32	36	33	46	38	38	39	42	25	27
3:48:57	37.0	33	39	40	31	29	28	31	33	22	48	34	39	43	42	55	52	52	40	34	42	35	40	44	44	28	40	29	35	40	43	36	37	36	37	36	33	32	36	29	31	35	28	39	34	41	27	33	34	64	63	63	55	58	56	57	64	56	51	50	35	29	32	28	32	34	35	42	38	31	32	39	33	26	38
3:52:57	37.0	34	42	36	38	33	31	27	34	40	27	26	42	50	42	54	50	39	49	38	42	31	41	39	37	25	32	36	29	33	33	40	30	38	28	36	32	37	34	33	30	38	37	38	30	32	27	34	40	66	64	61	60	64	57	62	60	46	49	51	41	30	40	42	34	38	37	26	33	27	33	27	24	35	27
3:56:57	37.0	35	43	34	49	36	32	37	26	33	28	31	35	57	49	44	44	46	42	41	43	43	37	39	40	38	31	41	32	31	40	32	42	53	36	37	34	34	35	41	38	32	33	39	27	46	41	35	44	67	63	63	66	58	72	62	57	58	56	42	34	35	34	32	33	29	26	33	29	34	29	32	33	23	22
4:00:57	37.0	31	35	44	36	41	29	29	25	35	25	35	39	41	50	45	63	46	33	41	47	30	46	37	35	31	39	25	32	34	33	40	28	25	34	30	42	41	32	43	40	38	32	31	31	35	33	37	29	67	71	60	61	71	66	61	60	59	56	53	29	21	28	37	25	29	29	27	36	26	23	30	34	29	25
4:04:57	37.0	24	34	35	39	44	37	31	40	32	34	38	29	52	55	62	49	48	52	44	39	44	34	38	45	32	27	37	30	27	23	35	32	38	32	29	37	34	31	37	36	33	36	47	39	30	36	39	30	64	71	58	61	69	64	70	71	58	55	41	36	23	32	37	34	35	22	38	24	27	35	31	37	22	24
4:08:57	37.0	39	40	44	31	36	28	27	29	34	34	34	28	60	55	55	54	57	50	45	55	41	42	32	44	33	34	40	21	35	27	35	33	31	30	37	34	34	36	43	35	35	29	33	33	34	42	36	35	76	62	64	66	65	64	64	60	58	57	51	35	33	33	30	37	31	26	37	38	29	31	27	29	34	28
4:12:57	37.0	42	44	42	46	38	28	30	27	30	33	25	31	56	57	56	65	53	56	39	39	33	38	34	36	33	30	40	40	36	27	34	27	30	32	29	38	36	39	44	33	32	33	36	40	33	43	33	30	67	64	63	66	60	69	72	53	63	54	50	33	43	26	39	33	28	33	33	40	48	27	37	34	29	27
4:16:57	37.0	46	40	45	31	24	37	37	36	37	23	25	30	50	57	60	61	51	58	45	43	35	30	37	39	33	35	45	45	28	35	32	34	39	42	36	39	39	32	42	36	36	36	41	32	31	31	35	41	69	68	71	81	74	71	69	62	73	56	57	43	31	32	31	35	31	34	31	31	35	34	35	30	28	33
4:20:57	37.0	39	46	45	51	39	31	32	29	43	27	29	31	47	61	65	62	54	53	40	48	41	48	36	31	34	34	27	31	47	29	37	23	29	28	29	30	40	33	36	42	36	30	40	29	44	36	31	36	68	78	71	62	74	59	65	67	63	58	54	24	26	22	35	35	31	31	31	29	38	34	33	34	11	27
4:24:57	37.0	45	49	42	44	35	33	27	24	26	35	29	35	57	69	62	60	57	51	49	36	41	42	30	31	27	34	36	34	35	25	29	37	26	20	32	30	35	38	36	31	43	33	33	24	37	30	30	41	74	74	73	61	77	70	74	64	65	55	46	25	32	34	24	35	32	33	39	21	35	35	35	47	30	23
4:28:57	37.0	38	43	44	47	43	37	34	30	28	35	33	29	68	67	65	62	59	44	38	51	33	38	39	47	34	40	43	34	32	36	34	36	31	34	25	38	36	42	41	36	37	38	45	32	25	39	31	31	75	72	72	68	70	71	82	75	72	61	60	32	31	32	31	33	36	28	41	38	36	40	28	34	29	33
4:32:57	37.0	39	53	44	37	41	24	36	24	39	22	28	32	58	75	66	62	57	51	46	42	43	36	47	42	42	32	43	33	30	37	35	42	26	38	36	29	38	39	36	28	40	41	34	37	49	33	33	35	76	72	81	76	86	74	80	83	53	66	64	33	26	31	39	38	33	36	43	36	33	25	32	44	27	34
4:36:57	37.0	46	50	46	46	44	39	26	31	38	32	29	33	54	64	65	60	70	57	44	42	26	40	34	37	38	34	40	29	43	40	36	32	31	41	33	36	42	44	48	40	39	39	39	35	37	33	38	33	76	72	76	79	79	75	80	69	67	60	63	39	28	31	39	36	35	37	35	36	44	43	37	44	22	32
4:40:57	37.0	55	52	54	41	37	40	33	33	34	28	28	38	75	67	75	74	74	57	41	53	30	27	36	39	30	29	40	38	43	42	30	36	34	39	41	38	30	36	46	39	44	30	40	41	45	41	40	38	75	75	81	72	70	66	74	72	66	67	66	33	37	32	35	33	35	31	39	38	37	37	35	36	44	31
4:44:57	37.0	48	44	58	38	43	37	35	34	35	32	25	27	70	73	73	74	66	61	53	42	49	36	40	41	34	37	36	41	30	33	37	34	31	35	33	44	36	33	42	36	33	35	45	42	38	40	35	31	73	86	72	86	80	82	73	70	73	70	60	33	36	30	40	38	39	33	31	35	35	30	40	43	28	19
4:48:57	37.0	47	50	52	54	48	35	41	27	31	37	32	26	61	71	79	68	69	58	52	41	37	45	43	41	39	26	38	45	38	37	30	40	28	30	29	37	40	38	51	38	40	30	34	37	32	37	34	35	88	83	82	70	85	85	76	73	73	72	58	39	37	40	35	37	38	32	41	46	27	37	28	36	28	32
4:52:57	37.0	66	59	65	51	35	42	32	40	40	42	24	46	64	83	77	80	78	69	54	39	40	38	37	47	37	37	34	33	30	39	34	33	35	40	26	46	41	42	47	38	36	38	47	45	40	47	42	38	94	80	80	82	84	84	79	72	76	73	71	34	39	34	32	35	34	24	40	36	34	38	38	39	31	34
4:56:57	37.0	59	53	60	47	45	41	33	43	28	36	37	43	69	87	87	80	75	60	53	46	42	36	39	39	35	40	32	35	40	36	31	28	36	34	31	36	41	37	47	40	27	34	48	39	39	39	39	38	90	91	89	81	81	84	70	89	83	77	61	32	31	36	36	39	39	37	35	43	33	37	35	41	26	20
5:00:57	37.0	56	43	54	39	49	41	36	26	32	33	26	34	79	80	77	80	74	66	51	45	43	46	39	41	45	31	32	42	39	35	38	33	34	31	36	35	47	48	44	42	44	29	37	34	42	38	33	36	90	86	82	88	90	86	88	83	80	74	65	39	42	34	43	31	32	32	40	36	39	46	35	44	26	24
5:04:57	37.0	60	62	56	54	47	40	46	35	22	35	37	49	67	78	89	78	73	71	49	49	35	41	39	52	37	36	37	36	31	36	27	28	27	33	38	39	46	31	49	39	46	39	39	36	38	33	26	38	91	99	94	88	87	86	94	82	78	78	59	36	36	38	34	35	28	35	42	33	38	35	40	43	27	27
5:08:57	37.0	47	62	57	41	40	43	42	41	35	33	29	38	76	87	98	86	77	64	58	40	50	41	37	43	34	36	31	45	36	48	41	30	29	40	31	38	44	40	51	35	38	41	45	42	35	37	41	38	93	86	87	90	94	93	87	94	81	79	76	39	31	29	38	31	37	46	29	41	42	29	31	38	23	30
5:12:57	37.0	57	71	56	57	51	32	31	41	35	32	39	40	83	93	96	96	91	73	59	46	41	41	41	50	34	37	42	42	36	39	41	34	26	44	42	28	38	32	45	37	47	31	39	37	46	43	42	39	104	99	95	89	92	92	95	93	83	87	66	37	30	32	34	42	27	41	37	43	46	35	35	43	32	29
5:16:57	37.0	59	56	55	56	47	40	36	48	35	44	28	45	83	87	96	94	84	75	62	53	42	47	46	39	37	34	36	37	35	33	31	33	22	44	36	40	37	36	52	44	36	43	49	43	44	42	41	38	99	87	93	92	103	96	105	92	86	86	67	42	33	33	33	41	35	31	39	37	38	33	36	40	27	30
5:20:57	37.0	60	54	66	58	52	46	45	33	46	33	33	32	77	92	107	92	99	75	64	48	45	42	47	40	34	33	41	38	36	35	30	33	28	38	42	42	43	33	48	49	45	32	38	48	40	37	46	40	97	105	103	99	94	87	98	95	95	86	67	36	37	36	36	30	37	38	42	40	37	42	38	42	32	32
5:24:57	37.0	54	67	65	63	47	48	40	28	31	46	36	41	81	98	109	97	94	73	66	42	47	42	46	45	41	39	46	38	38	36	37	43	32	36	35	38	40	34	58	36	42	33	44	50	42	42	41	45	102	101	102	99	101	95	98	95	86	83	73	33	43	39	36	36	39	40	41	30	24	46	36	42	31	31
5:28:57	37.0	56	57	61	68	59	47	36	39	32	35	29	45	82	97	104	104	101	85	63	45	39	44	48	45	43	41	37	44	35	46	38	34	37	39	35	36	40	45	53	40	38	46	48	45	45	35	43	43	108	109	101	95	108	99	105	110	94	88	79	44	35	40	33	35	36	31	37	40	39	42	36	45	32	33
5:32:57	37.0	64	64	54	60	54	49	43	50	33	30	28	51	85	109	119	107	97	76	69	60	54	46	41	55	39	36	34	39	37	36	41	34	32	27	37	38	49	43	61	45	43	33	47	36	46	40	46	33	106	102	109	106	105	117	99	112	98	90	87	37	41	30	34	43	40	30	40	49	29	38	34	45	28	18
5:36:57	37.0	60	72	58	53	59	41	38	40	34	32	35	37	90	105	127	103	106	84	78	48	54	46	42	48	45	30	39	40	37	43	32	33	35	37	40	40	39	36	64	43	39	47	39	44	41	42	41	38	107	115	104	106	97	99	114	104	104	93	73	47	38	38	40	41	34	33	34	41	50	42	41	39	28	24
5:40:57	37.0	62	77	69	61	58	43	46	30	40	37	32	43	89	108	120	109	97	92	66	55	47	42	57	46	40	38	44	41	42	36	38	31	34	38	40	39	46	40	66	43	36	31	50	43	40	45	42	46	116	105	115	103	118	107	109	108	96	101	83	40	37	30	40	40	41	39	41	37	32	38	37	49	30	25
5:44:57	37.0	62	67	67	65	58	46	44	40	31	45	28	35	84	111	136	114	108	88	81	57	54	59	46	51	38	36	38	47	43	35	36	35	38	40	40	32	45	35	60	44	33	34	42	37	43	44	49	47	106	116	120	117	118	116	117	114	97	97	87	37	36	47	39	34	47	42	34	38	37	41	37	50	25	31
5:48:57	37.0	66	69	68	65	55	48	44	42	41	37	32	42	89	115	126	116	115	81	73	61	54	57	50	47	43	36	51	42	36	36	44	37	32	42	47	40	38	39	66	37	41	38	39	36	48	49	41	49	115	123	110	112	114	112	127	112	101	96	87	40	27	39	33	53	39	42	45	41	44	38	41	48	24	26
5:52:57	37.0	65	78	83	72	46	46	42	40	37	45	33	38	96	115	136	123	110	94	74	57	59	49	47	52	43	30	38	36	38	37	36	40	34	32	42	38	45	39	57	43	42	44	41	46	45	45	45	45	118	117	129	120	111	118	120	122	104	91	95	46	31	32	37	39	46	38	43	42	31	33	39	48	25	29
5:56:57	37.0	67	73	75	70	68	46	49	41	46	40	30	36	97	130	141	121	120	96	81	58	55	45	50	49	41	42	34	48	36	33	30	33	28	39	30	49	47	41	73	40	45	41	51	33	38	47	45	44	121	119	122	124	131	123	121	117	106	108	79	42	49	40	36	43	34	39	42	38	40	40	35	50	29	36
6:00:57	37.0	62	66	84	63	58	57	40	40	40	48	38	41	100	125	137	133	119	100	79	55	51	61	48	51	38	37	31	45	44	35	31	31	33	38	35	35	49	43	64	43	43	53	39	47	44	51	44	44	119	114	123	112	122	117	120	120	112	106	84	39	41	38	40	37	38	36	46	35	49	36	35	50	24	28
6:04:57	37.0	87	72	83	67	69	56	46	40	38	31	38	44	100	136	139	121	130	108	81	67	46	54	55	57	36	28	37	43	30	36	30	33	33	31	35	40	46	45	67	42	40	33	51	47	47	42	55	44	122	115	123	113	127	124	135	120	116	107	84	40	40	36	39	42	40	43	42	36	21	37	41	52	26	31
6:08:57	37.0	63	73	84	78	57	51	50	39	36	47	42	41	110	130	151	137	131	107	91	63	61	49	51	51	46	28	39	46	43	34	42	37	33	42	50	31	43	38	69	44	47	47	49	54	51	45	50	45	128	128	123	115	116	135	123	127	115	112	96	41	40	41	34	48	53	39	42	31	38	31	40	47	27	25
6:12:57	37.0	71	78	89	70	66	50	43	44	38	38	30	43	102	146	142	129	120	105	79	69	48	54	46	56	40	41	43	45	38	34	34	31	34	36	39	48	48	40	62	49	47	37	48	44	41	44	51	40	135	126	123	127	123	127	136	133	117	109	100	39	37	47	37	45	33	43	41	44	45	46	43	49	28	28
6:16:57	37.0	68	78	85	83	67	59	47	41	45	31	35	47	114	151	167	145	136	104	84	78	56	53	51	56	39	36	43	50	45	38	38	40	40	42	36	42	46	42	72	51	40	37	41	46	50	44	49	41	134	126	132	129	123	140	135	130	127	117	102	41	33	35	46	48	34	45	48	41	38	38	45	57	20	26
6:20:57	37.1	73	87	90	82	62	54	48	48	39	39	41	30	121	150	162	152	151	112	93	65	65	53	57	57	33	37	46	47	44	47	35	41	51	35	39	38	56	44	76	51	45	41	50	44	49	40	49	53	134	126	149	133	132	145	141	132	122	111	101	37	43	41	35	36	47	32	45	48	52	42	36	43	24	22
6:24:57	37.0	78	80	94	85	55	49	51	41	30	41	32	42	121	163	165	150	150	124	88	69	48	62	55	59	41	39	40	43	41	42	35	41	36	38	41	39	47	45	74	42	46	43	55	56	50	50	52	47	138	135	136	136	135	139	139	136	130	125	123	42	37	41	46	44	44	46	39	41	34	40	38	53	22	27
6:28:57	37.0	89	87	89	85	66	48	48	48	37	51	39	43	128	158	176	164	143	121	96	67	58	53	55	51	42	31	41	44	34	44	46	32	37	30	37	41	40	44	78	49	53	37	48	42	50	53	45	55	135	125	131	122	141	142	143	134	134	119	106	46	39	39	33	44	48	39	38	41	39	47	39	52	19	21
6:32:57	37.0	88	84	99	81	74	62	51	41	46	44	46	47	126	170	178	166	152	115	86	64	65	48	57	64	35	33	38	50	50	43	43	31	29	41	37	39	45	45	81	49	43	48	56	45	55	51	45	51	148	147	143	138	148	150	145	143	137	125	106	47	43	37	41	44	41	46	44	43	39	50	46	53	30	29
6:36:57	37.0	77	106	92	80	65	48	42	33	30	46	33	55	132	179	190	173	161	119	89	68	55	60	52	57	41	37	39	52	28	40	37	33	43	46	34	41	55	45	91	47	44	40	54	48	42	46	52	47	148	144	137	139	140	143	152	148	140	132	118	41	35	46	43	46	47	37	43	39	49	49	43	50	27	25
6:40:57	37.0	88	92	102	91	71	53	43	38	53	47	38	43	137	181	204	176	160	125	102	79	67	52	59	64	43	43	45	56	45	40	38	37	45	42	30	41	54	45	87	53	48	52	64	51	53	54	49	47	146	142	140	132	143	149	149	152	134	132	105	39	36	38	47	43	49	38	48	44	51	50	40	54	23	28
6:44:57	37.0	83	92	108	91	74	52	55	40	46	55	40	45	137	178	198	176	168	122	96	60	61	57	55	57	40	36	45	56	40	44	34	42	42	44	35	47	55	52	81	40	46	51	59	49	48	48	48	54	150	140	141	141	153	147	156	156	140	132	115	46	40	41	44	40	36	42	47	49	48	37	44	55	20	20
6:48:57	37.0	92	107	92	92	66	55	45	55	43	44	39	54	138	202	198	175	165	126	94	70	55	63	59	55	40	42	49	50	51	33	31	38	44	47	44	41	50	49	88	49	42	53	59	60	60	44	57	48	154	142	152	154	159	158	156	158	136	138	116	54	40	38	39	46	47	42	43	51	35	40	36	61	24	22
6:52:57	37.0	85	97	104	98	68	55	53	39	39	48	39	51	140	201	211	185	180	148	99	66	53	54	51	58	44	33	35	37	43	46	32	51	40	39	40	44	50	46	98	55	43	39	54	49	50	49	50	49	148	156	151	152	156	150	162	152	152	134	110	39	34	49	46	55	49	39	53	48	49	45	45	52	28	29
6:56:57	37.0	108	113	106	101	74	58	49	48	39	47	34	41	143	217	223	191	177	142	106	72	74	61	55	55	44	33	44	54	44	41	41	33	50	42	47	40	49	41	87	51	46	52	53	52	59	61	47	52	159	151	159	151	161	162	162	169	156	121	119	40	43	44	47	42	48	46	46	49	45	48	47	60	27	30
7:00:57	37.0	94	113	106	94	82	58	44	46	41	45	40	42	159	214	222	201	183	138	104	79	70	60	56	58	42	33	45	40	47	44	44	42	43	47	47	48	48	39	86	49	49	43	52	45	50	50	54	50	164	153	150	154	154	160	170	165	155	139	127	42	38	43	40	43	41	38	55	47	46	44	46	63	25	25
7:04:57	37.0	86	114	116	95	79	59	50	51	48	49	40	40	152	222	212	205	185	141	106	73	62	66	64	60	50	37	47	58	38	24	36	37	47	49	45	50	59	52	87	49	56	48	58	57	61	43	57	56	165	161	157	152	164	164	168	164	146	150	124	49	34	40	41	54	53	48	37	57	43	44	47	59	27	25
7:08:57	37.0	93	119	110	83	72	59	52	54	45	45	40	35	153	226	226	209	194	147	107	82	70	69	60	63	46	32	47	51	52	45	42	38	48	45	47	41	51	46	96	51	46	50	59	63	48	58	57	47	169	170	147	155	164	168	182	165	157	155	132	43	40	44	43	45	49	48	55	50	47	37	42	64	25	28
7:12:57	37.0	108	108	118	102	87	59	54	46	41	44	37	50	161	237	240	219	194	145	111	76	70	61	57	70	45	42	55	52	40	43	42	41	47	52	40	41	61	51	105	53	61	50	59	42	57	53	59	54	165	169	163	162	173	177	182	163	166	155	128	44	41	45	50	48	52	36	47	48	46	47	41	56	23	20
7:16:57	37.0	110	125	118	94	81	60	46	57	47	43	43	52	174	238	252	219	201	151	119	73	75	67	65	59	48	44	46	54	44	43	37	40	51	49	46	42	47	49	97	53	53	44	56	64	58	62	54	54	170	164	165	166	172	182	199	183	165	157	128	48	40	54	42	45	40	58	43	41	45	41	46	55	23	25
7:20:57	37.0	109	123	120	106	89	53	59	50	34	41	39	50	169	252	255	217	217	153	111	84	60	64	68	55	40	44	47	59	42	44	44	37	47	47	47	36	55	45	101	49	51	50	52	53	53	55	54	58	165	166	174	168	182	179	194	181	160	163	137	43	34	42	45	44	45	46	53	50	41	39	53	55	19	24
7:24:57	37.0	121	112	127	108	85	61	49	47	45	49	45	48	168	273	254	242	219	155	121	88	73	61	70	63	37	39	44	62	48	44	44	40	41	46	40	47	53	53	117	49	62	48	49	64	66	55	64	52	178	178	165	170	181	182	177	183	168	158	135	48	46	50	44	53	54	44	54	46	55	45	48	68	22	26
7:28:57	37.0	120	130	114	117	82	63	50	53	42	53	42	56	171	265	263	231	222	153	119	81	70	75	67	73	50	36	60	64	56	43	45	38	49	47	38	44	58	53	107	52	48	48	63	56	65	54	58	67	191	177	181	164	183	177	196	186	169	173	132	57	42	42	49	50	53	52	51	52	56	49	51	65	27	25
7:32:57	37.0	114	135	127	122	83	73	61	56	47	53	44	48	188	274	270	245	208	157	127	99	73	71	62	75	54	40	40	58	39	46	42	41	42	43	48	47	61	59	111	52	65	59	59	55	50	63	50	59	180	181	173	175	177	190	201	194	184	162	143	46	45	47	50	48	43	55	57	57	47	49	44	69	24	26
7:36:57	37.0	126	129	138	129	76	59	56	52	47	48	49	52	199	270	277	255	226	166	128	95	72	56	66	69	50	34	49	58	42	49	39	43	42	45	40	42	58	55	109	52	63	59	58	58	53	59	58	59	183	172	177	180	192	190	196	200	183	172	155	46	38	41	49	53	46	45	52	44	48	47	50	70	19	21
7:40:57	37.0	123	134	129	117	95	67	62	46	37	49	51	44	199	283	286	264	220	179	130	84	76	65	68	67	43	48	49	69	47	55	41	46	42	46	43	49	51	49	115	55	54	50	64	59	56	62	61	55	188	175	180	183	193	201	211	205	183	175	149	53	41	44	45	52	54	45	50	49	55	44	45	63	20	33
7:44:57	37.0	125	127	129	113	86	74	51	59	53	43	44	62	211	305	301	278	237	170	128	94	72	67	73	74	41	37	49	51	52	50	51	30	54	49	45	45	58	53	125	50	51	58	62	68	61	59	64	56	195	175	180	185	209	200	206	200	186	178	149	42	45	48	47	48	52	47	48	46	42	51	47	73	21	16
7:48:57	37.0	130	140	142	121	92	72	57	65	52	57	44	52	221	316	302	265	241	176	134	96	79	69	67	62	49	37	50	62	53	40	42	41	45	48	50	52	55	47	120	51	54	55	48	60	62	58	64	54	192	190	179	190	203	188	211	213	197	180	159	48	43	43	53	50	52	52	57	56	52	49	53	66	26	24
7:52:57	37.0	149	151	152	120	93	74	57	48	51	52	51	59	223	321	318	279	250	174	138	100	75	73	65	72	49	40	46	63	43	46	50	43	56	51	48	54	63	46	120	60	54	53	58	57	64	57	64	53	188	184	188	196	203	210	219	208	194	183	160	48	52	55	51	52	49	52	49	47	51	50	46	64	20	34
7:56:57	37.0	148	132	149	125	97	70	54	48	47	48	42	49	209	334	322	284	261	177	137	102	77	63	78	74	48	43	53	72	43	44	48	43	41	51	48	55	65	60	130	58	60	46	62	69	62	59	68	56	203	181	184	185	207	209	208	217	202	195	157	49	43	41	53	63	52	59	52	60	47	50	46	70	32	31
8:00:57	37.0	166	146	155	126	93	69	57	52	43	57	48	57	233	341	329	281	263	192	137	92	83	77	76	69	47	33	48	61	49	43	47	42	47	53	50	51	59	49	131	65	48	56	53	54	63	66	59	70	202	191	179	204	211	220	220	217	201	179	173	56	45	45	51	54	53	50	61	48	57	48	50	73	30	25
8:04:57	37.0	150	152	147	127	101	74	64	53	57	56	46	59	239	356	338	291	259	194	138	94	82	62	76	70	52	39	49	69	46	45	52	56	46	53	47	57	62	55	131	54	61	60	63	60	62	72	67	60	207	197	204	204	223	208	240	231	212	202	162	59	48	55	51	51	52	52	47	59	47	53	48	69	25	21
8:08:57	37.0	163	151	157	131	98	73	57	54	46	59	46	67	236	371	347	303	259	194	139	93	85	70	82	75	50	39	57	68	49	45	46	43	46	51	49	43	70	53	136	58	62	69	66	55	59	75	69	65	206	203	207	208	224	220	222	243	214	195	173	50	46	52	58	50	48	54	52	58	58	52	57	71	22	23
8:12:57	37.0	157	162	162	130	103	72	58	64	50	60	47	54	243	374	364	307	275	198	149	100	86	77	75	73	48	49	50	72	55	47	44	47	47	51	49	52	65	61	139	58	57	56	63	71	68	68	60	61	207	202	205	209	218	222	232	224	217	206	178	54	48	51	55	56	50	50	61	53	55	57	54	70	20	28
8:16:57	37.0	158	158	166	133	93	82	60	48	47	58	51	52	270	386	372	312	278	210	143	110	76	72	78	78	48	34	50	66	47	50	40	45	46	52	44	53	65	62	146	62	64	51	63	65	68	69	63	57	214	205	206	214	221	227	240	238	220	203	176	53	41	45	56	61	58	55	57	56	51	58	52	65	26	25
8:20:57	37.1	176	172	176	133	102	72	71	57	56	55	48	56	259	394	359	316	291	198	152	107	91	71	76	79	52	37	50	76	53	56	59	46	48	50	52	54	61	52	150	69	64	66	65	67	69	58	72	52	217	205	214	210	236	229	235	253	234	200	182	52	48	47	53	56	60	50	58	59	56	59	55	75	23	27
8:24:57	37.0	173	168	159	143	112	83	58	48	45	62	52	57	267	399	389	328	299	209	144	98	83	78	75	84	55	44	60	73	58	42	47	36	45	55	53	53	74	56	144	63	68	59	63	70	54	57	68	61	215	220	207	211	236	235	256	247	229	213	187	64	56	52	61	55	56	52	54	47	59	47	50	77	26	24
8:28:57	37.0	182	172	172	135	110	86	62	60	51	53	51	60	272	414	378	334	300	213	161	114	89	80	83	75	50	34	48	74	54	48	41	49	52	60	49	49	69	51	157	58	70	61	69	61	69	74	69	65	230	219	222	231	250	233	263	262	221	209	186	66	44	59	53	53	50	48	59	64	59	54	52	79	24	28
8:32:57	37.0	200	175	172	141	117	75	70	58	54	61	53	55	269	424	411	353	310	222	156	113	95	80	76	82	45	43	57	66	45	44	48	44	54	62	42	57	62	62	159	66	72	65	69	62	70	71	72	64	233	223	230	223	249	255	257	258	254	211	188	63	52	54	56	61	57	59	66	58	56	58	61	74	17	29
8:36:57	37.0	173	172	178	145	110	85	78	60	60	67	43	55	281	436	408	357	316	217	151	103	100	84	84	83	54	42	44	79	54	48	48	51	52	61	47	55	68	58	156	59	66	67	68	68	59	72	76	65	222	217	223	235	248	247	257	268	240	239	202	56	57	54	61	54	49	41	53	63	52	59	45	76	24	31
8:40:57	37.1	190	174	177	154	116	69	74	48	61	68	60	61	309	456	412	366	326	227	170	108	97	95	87	87	47	50	52	79	60	59	50	45	44	54	43	61	71	60	164	63	63	65	68	76	73	73	73	65	224	227	237	234	258	263	265	272	239	223	202	53	50	62	52	50	62	60	58	52	57	51	54	74	27	19
8:44:57	37.0	193	191	198	141	111	78	67	61	51	59	54	61	302	461	438	362	333	218	157	110	96	84	90	89	54	36	50	74	58	65	50	59	49	50	54	55	75	55	172	66	69	66	64	69	74	71	83	58	236	224	224	231	246	251	259	266	255	221	196	54	47	63	55	59	58	53	62	60	53	56	53	77	29	22
8:48:57	37.0	191	189	180	158	114	91	68	60	59	65	65	70	311	476	437	363	337	244	180	109	98	81	90	79	52	38	59	84	52	60	60	51	44	49	57	57	66	62	175	67	66	64	72	78	65	74	72	69	252	240	247	235	254	260	258	266	250	233	202	59	55	62	51	57	61	67	69	55	64	55	66	77	17	22
8:52:57	37.0	204	194	196	161	123	77	73	62	61	65	61	54	326	491	447	372	343	246	170	113	95	85	90	86	53	47	45	83	52	53	55	52	51	58	52	59	74	60	170	70	71	68	73	70	74	81	77	67	247	234	231	253	276	265	263	281	260	237	219	51	58	53	61	58	63	60	59	50	49	57	52	80	24	30
8:56:57	37.0	220	187	191	154	125	88	75	63	64	61	50	72	317	497	468	403	345	230	172	112	104	84	81	92	56	44	61	86	61	54	56	45	48	58	59	56	77	58	178	71	66	64	74	74	71	81	75	72	255	238	237	241	269	265	287	287	265	245	209	57	54	63	55	62	52	57	59	56	55	55	51	84	25	28
9:00:57	37.0	220	193	188	167	121	97	77	63	61	63	59	54	325	507	480	407	348	251	181	119	99	93	92	91	57	46	53	92	55	60	47	54	64	59	59	60	70	61	180	71	68	65	75	78	74	78	77	75	254	244	232	249	270	267	289	301	267	246	215	63	58	60	59	55	57	52	59	68	56	56	55	86	30	29
9:04:57	37.0	222	202	207	166	123	90	65	62	60	68	50	66	341	524	476	400	359	260	184	125	110	93	86	93	55	34	55	92	62	56	47	56	52	57	54	62	72	64	193	59	65	75	80	76	67	82	75	78	263	254	245	256	278	289	288	295	271	248	240	62	59	60	52	61	49	60	62	58	59	57	57	81	14	18
9:08:57	37.0	226	196	196	171	131	92	83	62	59	69	59	64	353	531	485	410	361	267	187	134	103	86	96	86	58	43	60	94	51	55	54	51	55	59	55	65	74	63	185	67	67	66	78	87	67	84	86	72	265	254	240	255	272	284	298	291	271	250	222	66	59	58	56	55	62	52	59	53	56	60	55	84	26	22
9:12:57	37.0	241	198	204	170	129	96	81	71	64	71	63	60	355	540	505	429	383	267	175	131	101	90	87	97	55	41	64	95	69	61	60	52	52	55	62	68	76	65	203	73	73	65	71	87	76	80	79	79	264	251	267	254	289	282	305	305	273	265	219	70	51	58	58	67	55	56	49	62	57	61	55	96	20	23
9:16:57	37.0	248	208	218	191	135	96	79	64	53	58	61	74	365	546	507	447	395	271	188	122	110	88	98	90	63	40	52	92	61	50	52	53	62	68	60	56	80	61	205	79	80	66	77	80	73	87	83	74	259	265	262	264	294	301	301	316	272	257	230	72	46	59	62	68	66	63	57	63	65	56	63	89	18	21
9:20:57	37.0	269	203	213	170	139	96	75	68	68	62	58	72	389	556	524	454	381	273	197	129	105	91	95	91	57	48	57	96	57	56	52	47	52	71	63	63	81	62	214	77	76	77	82	88	75	91	91	75	266	269	266	273	279	308	317	315	286	279	222	72	59	56	63	63	54	64	66	58	49	62	55	92	21	33
9:24:57	37.0	245	217	210	188	136	83	74	77	62	62	63	70	387	596	531	453	398	269	214	134	103	93	87	93	64	47	60	94	61	55	53	55	57	59	59	61	86	69	212	75	75	80	83	80	85	89	86	70	268	269	255	269	281	311	324	323	307	265	245	63	54	58	61	68	60	62	58	52	55	56	59	87	23	33
9:28:57	37.0	266	219	213	177	141	102	83	64	71	77	54	60	395	581	541	465	405	283	199	135	116	106	99	94	52	54	60	92	58	67	53	57	70	60	62	69	79	69	201	77	77	88	83	80	79	84	77	80	281	265	271	265	305	312	315	317	300	288	228	70	56	61	59	54	61	55	62	58	51	59	59	91	29	27
9:32:57	37.0	254	219	239	182	148	104	86	69	74	74	67	71	408	599	539	478	397	276	204	130	115	99	105	96	53	51	62	102	60	54	52	61	53	67	58	72	82	70	207	74	73	82	77	82	85	89	92	78	288	275	284	289	318	307	315	326	302	286	246	64	55	61	60	60	51	66	66	59	59	61	55	88	28	27
9:36:57	37.0	263	233	238	190	141	101	80	73	71	80	66	76	406	621	555	479	426	296	205	140	104	96	92	101	63	55	59	94	64	64	57	58	57	60	63	67	89	73	227	80	78	78	84	87	92	89	83	71	289	275	278	283	303	310	331	333	304	295	247	69	50	64	61	60	61	55	62	64	63	55	57	90	25	22
9:40:57	37.0	272	244	234	188	144	106	83	73	69	77	57	67	420	623	566	481	427	294	216	144	123	96	101	100	61	49	66	99	70	58	57	56	58	66	59	66	83	68	230	80	80	77	79	80	71	84	89	77	298	277	289	285	318	325	315	344	316	305	260	68	63	63	59	75	67	57	68	63	68	61	59	92	25	27
9:44:57	37.0	283	248	235	203	146	103	79	75	67	64	62	70	415	648	589	495	432	305	220	145	121	104	103	93	64	45	68	90	71	51	60	59	60	66	54	67	88	68	232	82	84	83	90	90	76	87	74	83	300	284	288	289	332	334	345	344	326	286	263	66	54	56	71	64	64	64	61	62	58	66	65	99	28	21
9:48:57	37.0	279	248	234	196	149	105	88	87	57	64	67	65	437	644	593	486	446	309	221	134	120	100	104	104	65	44	68	102	57	55	61	56	55	57	67	71	83	66	230	78	77	83	93	95	76	90	90	78	299	298	288	301	332	320	335	356	329	306	263	76	56	63	67	67	61	64	59	59	69	61	64	91	25	26
9:52:57	37.0	303	247	245	198	149	105	86	71	68	66	60	82	454	649	603	524	454	320	215	137	123	100	106	107	60	43	75	108	72	61	55	61	69	60	51	66	93	59	241	81	83	79	90	93	84	88	94	76	316	300	295	307	336	334	362	347	315	306	263	61	58	71	69	68	65	66	62	62	63	68	70	91	22	18
9:56:57	37.0	306	254	247	197	150	104	70	72	65	77	64	76	454	685	621	527	456	315	225	164	131	103	106	111	62	51	59	106	66	52	63	64	64	78	62	64	82	78	245	80	84	86	78	88	80	93	95	85	322	308	308	295	349	355	360	359	334	318	283	68	62	63	61	63	56	69	65	55	74	53	67	105	26	22
10:00:57	37.0	299	267	251	195	158	103	90	75	70	78	68	70	461	683	639	533	459	329	230	140	118	118	103	117	66	52	61	102	70	59	63	56	70	78	65	62	78	70	252	84	87	79	86	90	85	97	95	82	314	295	302	318	348	357	354	357	342	309	276	72	63	69	69	62	60	75	71	75	68	56	60	100	24	24
10:04:57	37.0	315	254	253	203	153	116	75	82	66	80	71	59	485	701	646	530	480	329	237	156	126	114	100	104	76	57	73	95	52	57	63	55	52	65	67	56	87	67	250	86	91	79	83	75	91	92	97	86	323	303	307	321	355	348	355	367	363	327	284	70	55	58	62	60	67	69	69	66	70	70	69	94	17	21
10:08:57	37.0	314	255	263	214	159	113	86	74	63	79	71	73	497	718	631	550	480	332	230	152	131	108	108	109	63	48	76	123	67	63	55	62	53	66	63	67	104	71	255	85	84	90	102	89	90	93	94	83	313	308	312	333	349	356	358	369	359	334	284	70	56	61	68	69	65	70	57	58	77	63	67	90	25	24
10:12:57	37.0	332	263	253	212	168	106	92	79	76	64	69	74	488	704	652	551	474	334	236	180	125	107	104	116	60	52	72	113	75	60	66	62	69	69	69	74	90	75	257	81	95	86	98	94	98	91	91	91	330	307	317	322	360	376	376	370	365	336	294	68	60	73	60	66	69	67	65	64	64	74	67	99	19	20
10:16:57	37.0	311	264	258	206	168	116	95	73	65	72	70	77	500	739	661	556	505	335	242	155	131	110	104	120	61	52	75	116	65	64	66	59	63	78	55	85	89	76	278	88	89	82	98	88	88	97	93	78	313	326	326	329	353	372	380	389	363	340	303	75	56	67	65	70	60	63	64	56	76	63	68	101	25	26
10:20:57	37.0	328	255	271	204	176	119	98	77	69	72	69	69	515	741	675	580	495	351	236	157	129	112	110	111	59	53	76	105	66	65	60	73	63	65	67	66	95	73	271	94	84	73	87	102	94	101	95	90	350	318	320	339	376	368	386	385	370	344	316	72	63	65	71	63	79	71	51	64	76	71	72	107	34	26
10:24:57	37.0	344	273	266	220	164	105	97	71	71	79	68	80	499	754	665	583	517	350	249	169	136	121	110	110	67	51	59	128	73	56	67	68	61	67	72	74	91	72	282	91	82	89	92	91	98	95	94	91	337	335	334	345	368	382	375	387	371	359	305	71	57	74	68	61	64	74	66	50	68	71	67	104	29	27
10:28:57	37.0	342	265	280	226	178	117	92	91	74	86	69	74	524	766	699	587	502	353	256	165	142	112	105	121	65	53	75	111	61	68	59	58	71	75	72	68	102	73	287	90	78	90	102	100	84	98	101	91	350	343	330	339	390	386	379	402	373	348	309	68	63	67	70	68	67	68	67	66	67	69	62	110	28	22
10:32:57	37.0	371	287	267	224	168	113	85	87	69	83	64	70	539	782	709	603	516	343	259	177	144	109	113	120	61	49	84	124	67	68	57	63	68	63	68	72	92	79	287	87	97	84	91	93	102	100	105	91	344	337	338	350	385	387	400	391	379	356	304	84	76	65	68	67	72	67	71	67	68	67	61	112	22	23
10:36:57	37.0	365	294	286	227	172	115	96	72	81	74	74	85	525	798	706	591	524	365	256	174	141	117	110	121	65	46	79	131	76	56	67	67	68	67	58	62	97	78	303	94	84	87	97	101	85	100	101	85	357	340	342	348	396	395	382	405	377	358	314	68	58	64	67	65	62	63	60	73	69	70	76	102	32	23
10:40:57	37.0	355	278	286	240	181	119	112	84	62	75	61	81	553	811	714	613	525	380	257	163	149	112	121	121	67	47	78	121	75	66	63	65	63	74	69	70	113	82	304	90	93	87	94	104	94	99	99	97	361	335	347	361	395	408	396	415	395	382	321	74	61	70	65	68	58	69	67	65	75	69	70	108	22	21
10:44:57	37.0	377	283	285	229	179	122	103	83	69	76	78	79	556	804	746	624	545	379	255	171	156	119	127	117	61	51	85	123	70	65	60	68	61	76	75	81	111	76	310	98	96	96	96	100	99	102	98	90	365	347	353	374	405	424	398	421	421	367	318	78	61	67	74	73	70	69	74	61	83	76	71	115	23	25
10:48:57	37.0	374	292	283	241	180	122	102	81	73	87	72	81	566	823	737	620	545	381	277	176	132	121	121	117	60	54	70	133	72	66	57	70	68	73	76	68	105	76	325	93	93	97	101	101	97	102	102	96	368	367	354	376	403	413	421	424	420	380	325	84	49	69	75	59	63	75	65	71	65	75	78	117	23	26
10:52:57	37.0	374	282	284	232	188	117	106	93	66	84	66	74	566	849	743	629	543	377	277	164	137	123	117	114	75	59	76	135	74	70	68	61	69	82	68	73	107	80	311	94	96	96	95	103	104	111	108	93	377	362	348	384	407	418	422	427	406	390	325	77	59	70	70	61	81	72	71	82	68	68	72	113	23	24
10:56:57	37.0	400	287	296	235	181	128	96	94	86	86	85	90	568	851	767	645	565	392	269	174	154	129	120	127	74	47	69	128	67	72	62	74	65	76	71	69	105	89	319	96	100	95	103	112	112	114	105	97	380	368	370	379	416	423	415	432	417	402	332	76	62	73	67	69	69	71	67	66	75	70	74	112	28	20
11:00:57	37.0	383	298	287	246	196	134	101	85	80	79	78	72	593	866	768	659	558	395	276	167	155	118	127	123	70	59	76	129	74	66	72	74	65	76	62	77	104	86	341	104	93	104	99	109	95	114	110	103	380	368	374	381	430	427	430	447	407	392	343	86	66	70	71	67	65	69	72	73	75	67	77	123	17	21
11:04:57	37.0	393	308	301	252	199	135	99	87	81	80	74	80	602	877	775	646	559	390	273	186	157	131	124	123	70	56	66	130	75	68	70	70	69	75	88	90	109	81	337	99	104	99	103	109	95	101	103	108	388	381	375	399	437	426	431	446	419	389	348	76	59	68	64	81	66	73	67	66	81	75	81	104	16	28
11:08:57	37.0	400	305	310	236	191	132	99	89	82	86	75	82	611	891	780	658	570	400	284	183	144	121	125	126	75	53	70	137	73	66	70	70	77	79	85	77	111	82	335	92	97	94	103	101	101	113	103	92	401	379	385	411	425	441	436	446	435	414	348	86	64	62	84	77	63	70	73	73	68	77	79	108	22	25
11:12:57	37.0	427	311	299	241	189	132	110	85	84	75	75	87	622	901	804	678	570	400	270	185	146	134	125	126	75	60	85	147	68	77	69	68	63	84	71	83	108	88	348	101	98	102	103	111	102	106	110	99	392	386	392	406	448	443	438	450	439	396	364	78	74	68	81	71	69	65	69	68	71	83	74	112	28	30
11:16:57	37.0	415	309	304	257	195	137	98	92	79	87	70	83	611	889	829	700	577	412	272	186	151	114	129	119	67	60	94	143	72	66	74	73	68	72	76	79	115	80	366	99	101	102	108	120	97	107	112	104	391	394	379	413	438	452	446	458	448	414	354	81	71	81	72	85	67	69	66	57	84	84	76	121	24	28
11:20:57	37.0	424	326	306	254	205	129	101	88	81	97	73	87	626	894	817	697	591	419	285	194	159	134	126	126	78	61	88	134	91	69	61	72	68	86	67	72	116	88	378	96	96	98	104	109	92	115	115	88	400	391	392	415	448	457	436	474	451	416	360	90	62	85	75	71	62	73	71	73	79	83	82	119	34	29
11:24:57	37.0	425	316	300	249	198	146	110	83	89	99	66	81	634	922	821	697	596	424	296	192	162	126	142	126	77	57	80	145	72	77	62	71	81	88	69	79	105	88	366	100	103	113	121	99	101	106	110	108	408	401	393	416	455	462	460	472	452	414	375	77	64	70	73	72	75	80	74	72	85	72	80	113	23	22
11:28:57	37.0	427	321	305	258	197	144	105	94	83	88	70	75	651	938	831	691	604	431	295	195	154	143	132	122	76	58	89	141	85	70	62	78	64	74	75	80	107	87	383	102	100	108	105	113	93	119	113	96	416	392	411	418	456	454	465	475	453	414	386	89	56	72	81	68	69	70	61	68	73	76	81	123	31	25
11:32:57	37.0	448	322	318	259	203	141	103	87	86	80	80	82	684	929	822	732	610	448	285	200	157	132	127	129	73	68	76	136	88	68	75	71	64	77	74	79	118	89	391	98	106	110	104	118	99	113	118	112	425	414	411	428	457	458	452	475	448	442	357	89	52	79	72	77	56	69	72	77	79	85	77	109	23	11
11:36:57	37.0	446	313	332	264	204	134	110	101	87	99	91	81	664	952	854	716	606	441	288	189	158	124	129	127	80	59	82	154	78	74	61	78	61	69	82	83	112	92	382	109	110	107	112	106	94	111	115	103	429	415	418	428	460	479	453	488	464	430	381	81	55	76	77	71	73	72	71	76	87	79	74	122	22	28
11:40:57	37.0	443	322	325	263	210	135	104	92	79	89	63	86	669	953	869	717	636	428	308	194	169	135	146	140	76	64	76	144	84	72	68	64	69	77	75	82	113	100	401	110	102	109	113	112	104	121	120	103	424	420	419	454	469	474	468	489	458	444	400	83	66	73	67	75	76	72	72	70	81	81	85	124	16	28
11:44:57	37.0	463	335	325	267	208	134	104	95	80	81	86	87	663	999	851	730	633	439	305	198	160	143	129	124	85	42	93	147	83	71	75	67	76	78	75	87	123	94	392	115	105	96	120	115	96	122	115	92	446	433	422	441	483	489	485	491	464	440	384	72	62	78	72	73	78	77	73	70	71	78	74	125	28	22
11:48:57	37.0	429	331	314	279	207	136	113	87	94	84	71	88	682	949	912	737	618	445	302	200	164	140	134	130	86	63	82	146	71	69	66	86	79	81	78	84	124	92	412	101	110	108	116	121	110	117	114	106	444	418	424	454	488	488	491	499	484	444	393	86	71	67	77	74	80	80	62	71	84	77	84	117	28	26
11:52:57	37.0	454	327	327	275	206	155	115	89	89	92	66	94	685	1009	874	745	637	451	305	198	167	137	132	131	81	51	86	150	65	76	70	74	74	80	77	79	118	87	431	110	104	101	117	109	111	113	123	99	446	435	426	451	492	506	485	494	489	451	404	82	65	73	73	72	71	78	73	70	86	85	86	139	22	17
11:56:57	37.0	464	334	332	270	225	140	118	99	90	91	82	85	684	997	890	753	626	458	309	207	165	137	129	130	80	56	87	155	82	75	72	81	79	71	73	80	119	91	413	110	98	92	110	116	103	121	119	103	451	431	447	459	501	503	490	502	480	453	411	85	69	80	77	82	79	77	71	78	91	74	83	112	26	28
12:00:57	37.0	483	331	346	284	223	143	117	97	94	95	79	95	702	1003	885	777	642	469	331	197	175	134	140	138	87	72	84	161	74	72	62	79	76	78	80	89	118	90	431	109	114	105	118	125	108	123	115	96	473	440	440	463	514	486	504	509	485	459	393	87	64	77	86	77	74	72	72	75	77	88	87	131	32	32

BFP and GFP:370,445

Time	T° BFP and GFP:370,445	B1	B2	B3	B4	B5	B6	B7	B8	B9	B10	B11	B12	C1	C2	C3	C4	C5	C6	C7	C8	C9	C10	C11	C12	D1	D2	D3	D4	D5	D6	D7	D8	D9	D10	D11	D12	E1	E2	E3	E4	E5	E6	E7	E8	E9	E10	E11	E12	F1	F2	F3	F4	F5	F6	F7	F8	F9	F10	F11	F12	G1	G2	G3	G4	G5	G6	G7	G8	G9	G10	G11	G12	H11	H12
0:01:40	36.9	42711	42636	42309	42054	41941	42301	42149	42252	42035	41416	42800	42478	43082	41650	41701	41571	41503	40848	41461	42201	40961	42301	42055	41693	42234	43545	42131	42017	42048	42393	42618	41427	41989	42700	42686	42489	41716	42825	42465	41533	42267	42293	42130	42244	41883	41256	42110	42288	41992	42482	42506	41775	41702	41753	42031	41589	41319	41443	41876	41794	42337	41820	41848	41151	41515	41063	40896	40615	41395	41306	42257	41302	44924	44674
0:05:40	37.0	41319	41757	40666	40860	40635	41038	41052	40360	40571	40299	41490	40393	41190	39959	40438	40403	39965	39617	39980	40697	39824	40680	40320	40158	40733	42786	41079	40848	40879	41139	40938	40429	41025	40949	41365	41134	40067	41755	40887	40293	40766	40862	40898	41877	40521	40416	40587	40338	40738	41079	40992	40827	40553	40278	40282	40457	40239	40379	40772	40329	41024	40461	40476	40238	40243	39836	39592	39030	39910	39519	40606	39293	43266	42715
0:09:40	37.0	40045	40281	39694	39495	39457	40092	40242	39694	39607	39398	39838	39540	40524	38954	39121	38987	39126	38832	39159	39295	38536	39565	39511	38899	39989	41545	40189	39814	39518	40266	40292	39396	39852	39649	39917	39609	39067	40620	39789	39242	39787	39903	39650	41738	39787	39329	39701	39023	39846	40122	39792	39693	39727	39348	39427	39357	39179	39290	39730	39448	39695	39812	39579	39188	39034	38872	38638	38337	38757	38957	39696	38702	41992	41741
0:13:40	37.0	39312	39744	38751	38642	38746	39161	39278	39186	38891	38487	39012	39073	39370	37993	38318	38360	38319	38039	38280	38988	37765	38875	38644	38232	39114	40477	39474	39210	39152	39606	39821	38507	38745	39070	39032	38861	38713	39735	39139	38552	39380	39380	39058	39178	38856	38802	38669	38664	39262	39308	39244	39151	38924	38543	39181	38423	38729	38553	39021	38518	39001	39171	38928	38494	38570	38106	37866	37577	38183	38541	39085	37983	41188	41236
0:17:40	37.0	38595	39135	38413	38144	37895	38420	38701	38139	38211	38085	38939	37899	39252	37762	38124	38018	37808	37359	37592	37844	37050	38352	38238	37959	38449	39677	38610	38448	38394	38945	38809	37948	38591	38366	38817	38613	37856	39197	38528	38140	38481	38619	38486	39355	38433	38138	38214	38035	38526	38741	38367	38453	38244	38095	38142	38221	37709	37927	38197	37874	38356	38311	38138	37750	37593	37472	37166	36933	37763	37771	38216	37233	40323	40039
0:21:40	37.0	38127	38268	37969	37721	37691	37945	37813	37905	37827	37604	38100	37750	38576	37047	37452	37374	37297	37134	37521	37745	36489	37786	37715	37281	38043	39245	37808	37955	38340	38247	38152	37752	38109	37897	38550	37955	37546	38695	38161	37747	38166	38308	38301	39804	37826	37731	37849	37615	37978	38226	38178	37693	37653	37618	37699	37409	37494	37653	37995	37492	38146	38362	37766	37446	37174	37193	37095	36505	37317	36882	38109	37102	39903	39993
0:25:40	37.0	37829	38309	37439	37355	37111	37701	37217	37642	37247	37389	37733	37709	38546	36916	37206	37110	36903	36593	36938	37591	36467	37570	37289	36973	37934	39194	37678	37516	37336	38037	38015	37039	37524	37668	37929	37512	37241	38351	38008	37504	37569	37952	37534	40640	37494	37366	37600	37422	38006	37932	37841	37079	37361	37310	37256	37193	36971	37448	37718	37200	37898	37853	37422	37134	37003	36891	36595	36566	37140	36926	37742	36604	39502	39675
0:29:40	37.0	37293	37856	37216	36934	36727	37264	37211	37291	36848	36821	37092	37241	38356	36793	36854	37063	36690	36404	36881	37265	36444	37325	37196	36652	37378	38587	37687	37261	37297	37771	37551	36816	37321	37376	37712	37455	36736	37795	37551	36957	37669	37417	37246	40073	37615	36992	37330	37059	37596	37605	37451	37158	37111	36680	37161	36617	36731	36957	37436	37224	37542	37262	37015	36605	36821	36083	36032	36135	36545	36427	37372	36658	39391	39224
0:33:40	37.0	37443	37506	36741	36721	36786	36932	36978	36711	36768	36802	37157	36903	37697	36218	36939	36729	36316	36542	36428	36701	36007	36846	36940	36704	37179	38285	37143	36907	37377	37507	37271	36660	36972	37456	37374	37343	36883	37816	37477	36651	37114	37040	36908	40119	37478	36551	37005	37360	37081	37307	37262	36843	36966	36572	36810	36755	36282	36498	37069	36669	37221	36838	36757	36605	36352	36118	35796	35936	36574	36375	37278	36238	38916	38998
0:37:40	37.0	37090	37158	36723	36744	36375	36641	36789	36592	36600	36498	37097	36782	37477	36233	36539	36528	36169	35827	36186	36755	35447	36679	36556	36353	37097	38281	37082	36791	37005	36989	36979	36351	36942	36986	36948	37052	36516	37715	36933	36679	36721	37057	37017	39891	37454	36260	36930	36793	37054	37282	37021	36598	36724	36523	36826	36173	36499	36244	36830	36589	37193	37213	36745	36475	36251	35900	35943	35528	36059	36433	37026	36008	38843	38828
0:41:40	37.0	36832	36910	36314	36297	36145	36440	36421	36502	36321	36351	36831	36452	37593	35868	36263	36418	36026	35863	36100	36796	35564	36684	36503	36199	36807	37723	36873	36897	36720	36942	36985	36057	36603	36747	37104	36709	36477	37209	36363	36221	36685	37036	36841	39421	36707	36373	36677	36541	36825	36835	36780	36381	36298	36167	36631	35983	35890	35981	36651	36262	36805	36799	36301	35958	35745	35887	35476	35449	36155	35968	36522	35989	38727	38722
0:45:40	37.0	36723	36666	36109	36230	36120	36151	36210	36085	35930	36105	36486	36229	37254	35641	36006	35889	35780	35593	35662	36099	35593	36456	36153	35950	36353	37790	36415	36249	36384	36626	36319	35543	36727	36724	36665	36685	36242	36994	36614	36069	36739	36533	36871	39182	36676	36268	36273	36478	36509	36817	36389	36240	36191	35962	36088	35990	35862	35812	36205	36366	36540	37039	36266	35920	36017	35600	35549	35069	35635	35967	36713	35925	38614	38580
0:49:40	37.0	36423	36525	36152	35987	35721	36067	35999	35982	35521	35995	36456	36238	37081	35675	35978	36005	35792	35523	35891	36147	35202	36424	36092	35792	36440	37304	36440	36476	36330	36614	36351	35532	36119	36436	36450	36436	36223	36904	36734	36271	36188	36176	36565	39068	36485	35705	36089	36464	36642	36660	36385	36074	35975	35840	35752	35896	35654	35538	36141	35904	36487	36590	36080	35879	35691	35610	35350	35017	35836	35437	36434	35555	38386	38561
0:53:40	37.0	36423	36271	35781	35730	35492	35927	35805	35636	35537	35599	36355	36164	36790	35354	35690	35798	35522	35377	35794	35943	34885	35996	36191	35635	36117	37283	35971	36237	35890	36398	36333	35317	36033	36228	36218	36170	36011	36795	36016	36142	36080	36303	36632	38872	36607	36040	35876	36187	36238	36278	36067	35813	35552	35548	35780	35261	34962	35582	35835	35730	36471	36547	35744	35793	35592	35468	35030	34907	35449	35356	36219	35470	38481	38088
0:57:40	37.0	35866	35922	35755	35347	35040	35581	35348	35571	35158	35371	35956	35837	36942	35182	35563	35571	35343	35336	35433	35884	34903	36107	36059	35725	35858	36878	36004	35785	35922	36001	35765	35361	36012	35993	36274	35899	35838	36466	35980	35587	35887	36165	35951	39016	36460	35798	35920	36117	36128	36200	35968	35616	35427	35372	35490	35123	34997	35377	35612	35411	36272	36271	35678	35355	35128	35073	34819	34605	35334	35256	36043	35348	38115	38161
1:01:40	37.0	35928	35929	35284	35180	34822	35389	35304	35473	34950	35214	35450	35691	36698	35101	35417	35716	35228	34957	35091	35832	34696	35964	35790	35633	36045	36734	35884	35525	36037	36072	35847	34908	35863	35820	36017	35705	35684	36069	35506	35467	35813	35888	36194	38604	36231	35577	35703	35934	35595	35950	35853	35264	35155	35162	35482	34886	34692	34979	35532	35250	36151	36089	35623	35403	35139	34857	34917	34613	34966	35002	35688	35190	37801	38113
1:05:40	37.0	35552	35458	35107	34978	34666	35116	34889	35147	35056	35012	35151	35456	36406	34770	35077	35376	35070	35069	35210	35752	34872	35792	35419	35343	35843	36538	35476	35165	35636	35790	35738	35035	35748	35446	35815	35283	35342	36132	35703	35396	35459	36007	35694	38585	36167	35341	35601	35684	35678	35680	35706	35063	34961	34850	35128	34584	34434	34493	35486	35025	35723	36009	35376	35120	34924	34743	34435	34376	35019	35009	35619	34987	37909	37962
1:09:40	37.0	35232	35292	34985	34702	34409	34547	34703	34769	34707	34432	34712	35170	36128	34638	35137	35236	34942	34941	34837	35407	34223	35418	35261	35044	35327	36347	35415	34971	35428	35481	35393	34271	35295	35399	35299	35307	34970	35905	35645	35275	35323	35293	35350	37946	35526	35259	35483	35459	35691	35514	35371	34720	34632	34566	34577	34541	34016	34367	34933	34702	35695	36015	35163	34884	34299	34448	34487	33932	34660	34417	35496	34789	37496	37648
1:13:40	37.0	34720	34706	34507	34171	33973	34555	34359	34149	33989	34176	34445	34896	35910	34882	34830	34882	34736	34320	34643	35089	33980	35358	35175	34889	34796	35917	35348	34839	35195	35187	35189	34271	34978	35069	35136	35104	34765	35599	35345	34933	35286	35273	35414	38220	35636	35014	35164	35382	35442	35287	34559	34552	34170	34230	34352	34111	33715	33967	34424	34404	35317	35631	35066	34744	34281	33938	34321	33865	34290	34161	35257	34866	37535	37549
1:17:40	37.0	34474	34527	34179	34216	33954	33788	33813	33664	33636	33923	34010	34346	35777	34569	34657	34699	34572	34323	34399	34984	34233	35101	35042	34811	34852	35567	35007	34339	34960	34740	34883	33837	34967	34659	34577	34410	34571	35621	35060	34791	34931	35090	35012	37789	35427	34578	35107	35242	35218	35031	34577	33946	33659	33804	34154	33802	33430	33989	34109	34057	35412	35472	34675	34601	33750	33944	34279	33611	34022	33862	34788	34204	37529	37534
1:21:40	37.0	34346	34042	33931	33564	33479	33623	33290	33088	33481	33189	33383	33455	35419	33989	34209	34586	34311	34162	34302	34592	33768	34616	34599	34583	34579	35336	34696	34342	34485	34357	34272	33484	34214	34273	34250	34152	34190	35180	34753	34341	34746	34951	34904	37861	35071	34450	34690	34849	34832	34989	34045	33858	33370	33326	33490	33229	33018	33132	33980	33823	34860	35245	34397	34302	33571	33572	33548	33406	33876	33625	34654	34176	37334	37226
1:25:40	37.0	33324	33590	33275	32961	33385	33119	33065	32729	32862	33115	33201	33469	35272	33861	34168	34411	33927	33874	33868	34505	33673	34379	34324	34306	34004	34976	34415	33622	34222	33813	33998	33170	33474	33740	33888	34115	34394	35120	34762	34362	34527	34950	34718	36955	34909	34021	34254	34657	34389	34654	33705	33255	32951	33105	33123	32721	32541	32925	33597	33388	34759	34867	34165	33716	33297	33278	33544	33264	33175	33188	34125	33904	37184	37048
1:29:40	37.0	33041	33638	33397	32629	32858	33017	32895	32406	32549	32453	32608	32707	34978	33725	33987	34207	33818	33743	33859	34131	33146	34136	34149	34131	34046	34892	34102	33328	33895	33331	33287	32504	33331	33424	33613	33590	34184	34550	34330	34055	34135	34602	34577	36746	34689	33687	34144	34524	34400	34733	33288	33210	32259	32935	33015	32620	32225	32475	33174	33033	34210	34443	34007	33585	33074	32816	33035	32596	32831	32652	33674	33684	36716	36899
1:33:40	37.0	32672	33274	33181	32378	32524	32607	32595	32253	32351	32270	32474	32584	34588	33188	33825	33932	33455	33411	33307	33754	33213	33783	33763	33622	33645	34790	33733	33190	33520	32967	33126	32374	33131	33183	33044	33185	34146	34600	33965	33783	33807	33949	34195	36489	34136	33491	33711	34372	33850	34395	33043	32509	32206	32237	32302	32204	31936	32258	32609	32424	33836	34632	33693	32843	32568	32431	32635	32121	32547	32139	33148	33511	36429	36679
1:37:40	37.0	32246	33106	32619	32569	32559	32414	32185	32069	32006	32040	32163	32240	34305	32890	33297	33789	33200	32751	33268	33329	32515	33462	33395	33422	33711	34240	33803	33142	33113	32766	33079	32204	32675	32778	32652	32827	33630	34600	33935	33588	33533	33428	33722	35754	33718	32888	33277	33812	33582	33692	32370	32011	31600	31915	31974	31452	31256	31652	32128	32061	33621	34096	32997	32400	32058	31765	32306	31707	31854	31984	32717	33054	36239	36499
1:41:40	37.0	31947	32512	32463	31972	32517	32330	31654	31671	32021	31960	32183	32334	33985	32452	32751	33137	33010	32351	32694	33099	32244	33034	33117	32898	33901	34331	33311	32625	32735	32380	32709	31690	32104	32518	32490	32642	33768	34183	33591	32779	32872	32918	33463	35687	33258	32392	32833	33597	33321	33617	32355	31637	31552	31544	31681	31285	30929	31473	31756	31550	33152	33607	32941	31871	31616	31384	31762	31366	31219	31475	32571	32891	36084	36332
1:45:40	37.0	31532	32318	32235	31825	32258	32177	31721	31659	31758	31505	31799	31996	33317	32078	32864	32656	32343	32133	32520	32493	32118	32590	32648	32564	33387	34040	33198	32651	32518	32203	32315	31462	32152	32117	32202	32293	33455	34300	33306	32650	32991	32558	32917	35105	32854	32199	32433	33113	33060	33074	31859	31121	31176	31136	31321	30916	30606	30980	31352	31626	32555	33476	32494	31498	31251	30895	31767	30803	30712	31040	31830	32568	35689	35694
1:49:40	37.0	31043	31929	32172	31698	32081	31861	31397	31565	31516	31483	31433	31706	33079	31889	32137	32408	32119	31880	31949	32410	31541	32203	32329	32404	33256	33878	32814	32262	32254	31768	32054	31292	31660	31984	31917	32144	33530	33886	33469	32543	32480	32425	32736	34715	32327	31721	32081	32867	32685	32853	31772	31048	30559	30652	31050	30574	30371	30674	30903	30859	32023	32769	31666	30752	30955	30297	31036	30324	30497	30431	31314	32103	35545	35348
1:53:40	37.0	30967	31786	31885	31594	32094	31902	31487	31395	31357	31173	31631	31635	32874	31604	31890	32019	31670	31612	31927	32262	31736	32158	32232	32120	32798	33754	32859	32181	31674	31787	32087	31226	31656	32025	32117	32060	33539	34190	33103	32585	32163	32150	32006	34531	32310	31710	31722	32490	32060	32575	31243	30885	30476	30456	30504	30123	30007	30359	30935	30767	31552	32404	31404	30477	30561	30035	30687	29981	29957	30131	30969	31780	35247	35096
1:57:40	37.0	30660	31881	32007	31500	31938	32265	31548	31328	31163	30643	31315	31570	32522	31491	31859	31850	31856	31270	31626	31865	31083	31950	31896	31737	32623	33587	32549	32139	31869	31805	31806	31216	31582	31580	31927	31952	33489	34142	33308	32474	32330	32121	32263	34159	31983	31427	31383	32191	32114	32058	31100	30533	30071	30225	30188	29935	29570	30014	30487	30623	31128	31750	30699	29943	29958	29563	30459	29404	29093	29812	30528	31440	35097	34853
2:01:40	37.0	30848	31667	31875	31599	32227	31840	31548	31330	31064	30819	31382	31391	32250	31225	31387	31646	31403	31212	31179	31498	31355	31641	31558	31507	32463	33336	32508	32102	32123	31894	31871	31357	31626	31766	31734	31565	33449	34328	33385	32267	32225	31838	31764	34021	31926	31267	31165	31836	31807	31965	30651	30034	29907	29938	29636	29464	29267	29745	30244	30350	30620	31626	30570	29497	29592	29134	29779	28967	29006	29184	30064	30932	34502	34188
2:05:40	37.0	30795	31889	31580	31631	32256	31950	31606	31111	31286	30779	31115	31422	32014	31134	31469	31496	31297	30984	31375	31438	30718	31652	31305	31396	32442	33481	32359	31921	31568	31615	31654	31145	31566	31782	31768	31668	33226	34032	33023	32250	32127	31669	31544	33774	31434	30868	30984	31702	31580	31688	30656	29692	29944	29404	29218	29257	29233	29606	30050	30685	29970	30968	30029	29083	28926	28676	29232	28480	28301	28811	29908	30758	34351	34055
2:09:40	37.0	30537	31368	31588	31385	31948	31998	31642	31196	31023	30936	31480	31242	31762	30728	31065	31111	30894	30884	30977	31492	30618	31537	31460	31288	32654	33369	32358	31939	31864	31655	31338	30789	31166	31446	31415	31501	33001	33581	32764	31845	31871	31443	31391	33638	31283	30663	30852	31141	31443	31564	30397	29633	29445	29071	29043	29100	28770	29115	30024	30525	29703	30642	29793	28754	28705	28523	28793	28087	28041	28363	29497	30429	33984	33618
2:13:40	37.0	30487	31507	31567	31393	31924	31510	31420	31103	31236	30923	31440	31521	31588	30658	30774	31162	30919	30686	30983	31257	30539	31235	31123	31325	32164	32750	32253	31693	31629	31267	31524	31107	31116	31179	31422	30979	32566	33292	32463	31819	31489	31302	31248	33586	31014	30716	30587	31392	31408	31298	30272	29431	29446	28930	28922	28844	28915	29234	30020	30448	29243	30388	29229	28288	28409	28109	28381	27526	27736	28125	29222	30275	33545	33061
2:17:40	37.0	30141	31381	31498	31339	31793	31713	31551	31285	30908	30803	31075	30796	31287	30370	30778	31100	30542	30715	30771	30926	30387	31034	31175	30805	31986	32958	32005	31666	31467	31410	31340	30800	30901	30985	31259	30929	32458	32908	32503	31790	31544	31409	31087	33348	31022	30371	30524	30833	31344	31423	30047	29719	29278	29101	28701	28804	28823	29370	29741	30258	28791	30048	28717	27931	28002	27778	27985	27369	27264	27716	28750	29760	33666	32908
2:21:40	37.0	30130	31391	31144	31290	31699	31797	31340	31116	30757	30565	31133	30593	31195	30147	30846	30897	30660	30612	30720	30858	30645	30866	30818	30605	31693	32708	31729	31346	31066	31194	31297	30444	30827	30849	30914	30776	32246	33001	32139	31631	31578	31239	30831	33257	30960	30348	30521	30716	30798	31170	30112	29680	29284	28834	28640	28905	28872	29220	29904	30215	28232	29587	28554	27445	27374	27153	27593	26764	26659	27397	28612	29919	33510	32867
2:25:40	37.0	29784	30854	31219	30980	31212	31475	31142	30937	30829	30384	30993	30388	31287	30227	30926	30679	30588	30330	30927	30828	30255	30819	30948	30654	31512	32270	31671	31365	31047	31009	31134	30553	30870	30988	30807	30644	32022	33107	32069	31636	31536	31320	31063	33052	31022	30206	30253	30597	30616	31000	29982	29597	29200	28980	28712	28445	28556	29080	29802	29813	27591	29242	28064	27163	26908	26905	27070	26267	26148	26915	28159	29787	33200	32415
2:29:40	37.0	29743	31088	30905	30695	31030	31156	31111	30944	30401	30387	30926	30140	31308	30304	31049	30962	30657	30402	30662	30950	30312	31113	30924	30958	31427	32043	31530	31059	31108	30995	31022	30169	30813	30686	30539	30586	32070	32844	32126	31483	31325	31168	31001	33039	30793	30209	30371	30429	30691	30912	29915	29408	28971	28774	28465	28402	28700	29122	29346	29943	27394	28766	27673	26671	26771	26387	26813	26031	25968	26675	28085	29392	33276	32016
2:33:40	37.0	29526	30698	30798	30709	30813	30885	30803	30514	30360	30427	30285	30289	31210	30424	31189	30616	30762	30555	30700	30831	30213	30832	30707	30742	31209	31884	31259	30908	30679	30680	30683	30152	30238	30446	30434	30235	31836	32431	31830	31533	31234	30833	30868	33122	30819	30252	30090	30252	30244	30751	29828	29451	28943	28793	28466	28158	28537	28876	29308	29642	27091	28477	27519	26502	26286	26098	26444	25740	25567	26445	27813	29385	32727	31927
2:37:40	37.0	29398	30604	30627	30272	30863	30683	30481	30250	30082	29932	30437	30060	30737	30263	30647	30690	30556	30699	30831	30594	30183	30850	30524	30646	30751	31282	30651	30532	30371	30503	30237	29733	30173	30149	30235	30172	31820	32535	31845	31515	31115	30995	30556	32600	30846	30040	30110	30071	30606	30528	29361	29034	28691	28604	28345	28084	28325	28465	29376	29346	26761	27962	26938	26096	26075	25909	26128	25319	25218	26303	27494	29224	32612	31578
2:41:40	37.0	29176	30241	30327	30041	30501	30417	30313	30168	30068	29697	30096	30035	31030	30390	30758	30814	30562	30346	30487	30984	30048	30778	30644	30484	30236	30704	30584	29953	30093	30225	30200	29570	30100	30041	30109	29786	31502	32158	31490	31496	30974	30623	30717	32879	30475	29891	29948	29869	30232	30263	29465	28791	28716	28306	27906	27799	28082	28408	29080	29551	26702	27570	26591	25802	25781	25491	25759	24974	24960	26001	27248	29353	32385	31728
2:45:40	37.0	28992	30104	29951	29819	30340	30105	30180	30008	29805	29508	29907	29622	30786	30133	30621	30434	30303	30224	30312	30324	29975	30658	30338	30111	30168	30319	30288	29902	29900	29753	29994	29509	29914	30014	29961	30090	31268	31847	31112	30917	30954	30743	30425	32460	30341	29693	29838	29848	30037	30291	29164	28743	28444	27884	27694	27620	27560	28383	29052	29570	26081	27388	26285	25443	25520	25090	25440	24760	24711	25772	27137	29027	32013	31285
2:49:40	37.0	28886	30009	29967	29806	29831	29939	29996	29687	29722	29762	30039	29967	30642	29857	30699	30188	30328	30059	30166	30222	29742	30235	30080	29713	29898	29961	30102	29485	29999	29993	29938	29422	29690	29845	29698	29905	31042	31599	31054	30715	30518	30519	29923	32500	30462	29529	29736	29643	29947	29711	28899	28298	28050	27529	27588	27348	27699	28545	29019	29223	25899	27030	25814	25229	25326	24695	25202	24387	24579	25400	26838	28896	31693	31032
2:53:40	37.0	28600	29726	29718	29644	29745	29729	29853	29764	29523	29617	29820	29876	30503	29773	30295	30181	30105	29942	30079	29841	29372	30213	29799	29734	29743	30162	29826	29785	29682	30019	30026	29070	29829	29633	30161	29745	30816	31637	30752	30782	30582	30183	29899	31911	30039	29374	29216	29321	29650	29620	28899	28348	27892	27539	27503	27473	27658	28012	28982	29334	25724	26661	25646	24835	24823	24659	24700	24143	24306	25184	26850	28903	31546	30975
2:57:40	36.9	28243	29390	29497	29358	29707	29674	29810	29557	29821	29514	29989	29770	29945	29626	30315	30017	29808	29688	29872	29938	29368	30265	29793	29777	29563	29758	29743	29689	29600	29776	29959	28988	29396	29554	29788	29693	30632	31153	30501	30565	30242	30084	30012	31902	29982	29348	29331	29163	29260	29673	28661	28058	27502	27336	27481	27209	27693	28310	29098	28809	25254	26565	25374	24455	24629	24023	24448	23696	24201	25292	26689	28703	31641	30969
3:01:40	37.0	28030	29261	29232	29349	29524	29625	29475	29511	29469	29351	29824	29562	29892	29321	30054	29858	29532	29443	29604	29534	29087	29603	29383	29417	29396	29714	29681	29191	29511	29348	29936	29003	29338	29390	29566	29256	30323	30800	30111	30076	30212	29871	29621	31904	29614	29009	29435	29033	29334	29235	28404	27859	27559	27172	27159	27242	27441	28083	28932	28842	24831	25862	25010	24306	24277	23921	24196	23494	23774	24939	26539	28213	31467	30935
3:05:40	37.0	27876	29137	29126	29573	29497	29443	29374	29131	28676	28954	29028	28648	29976	29168	29712	29778	29496	29121	29542	29518	28774	29541	29669	29474	28898	28622	28325	27946	28548	27935	28459	27965	28286	28157	28653	28376	30083	30591	29682	29658	30027	29731	29643	31640	29739	29029	29047	29023	28993	29177	28198	27927	27335	27114	27241	27160	27476	28045	29037	27895	24616	25815	24593	23947	24133	23560	23919	23310	23514	24853	26619	28386	31476	31015
3:09:40	37.0	28103	28748	29098	28813	29090	28684	27798	27937	27403	27687	27214	27176	29520	28830	29357	29326	29295	29150	29534	29396	28985	29346	29420	29594	28375	26992	26624	26104	27282	26808	26879	26405	26658	26708	26908	26789	29592	29994	29448	29613	29678	29816	29329	31728	29471	29027	29125	28987	29054	28987	28580	28124	27340	26922	27128	26929	27439	28267	28898	26748	24516	25487	24520	23650	23655	23265	23457	23098	23435	24761	26404	28486	31291	31130
3:13:40	37.0	27839	28524	28355	28035	27868	27075	26868	26470	26406	26446	26399	26491	29419	28620	29043	29045	29070	29210	29220	29404	28805	29361	29498	29224	26986	25911	25672	25877	26299	26147	25933	25651	25978	25791	26229	26569	29383	29605	29345	29683	29567	29494	29346	31495	29524	28862	28942	28885	28903	29106	28388	28044	27304	27183	26898	26993	27173	28168	28308	26326	24461	25259	24303	23248	23543	23015	23414	22872	23378	24758	26390	28224	31014	30556
3:17:40	37.0	27225	28058	27669	26962	26669	26155	26213	26339	26260	26403	26391	27203	29126	28467	28926	29133	28930	28635	29399	29420	28896	29451	29175	29410	26147	25535	25781	25529	26231	26786	26590	26032	26670	26758	26460	27064	29317	29783	28995	29254	29621	29712	29571	31461	29515	28867	29053	29008	29044	28939	28384	27974	27439	27127	27074	27280	27296	27511	26973	27334	24211	24961	24088	23329	23376	22858	23111	22766	23183	24775	26446	28460	30584	30086
3:21:40	37.0	27200	27368	27074	26874	25980	26268	26946	27382	27210	27340	27294	28518	28888	28142	28684	28805	28915	28746	29077	29164	28807	28920	29012	29344	25274	25610	26908	26032	27915	27846	27780	27189	27881	28008	27670	28547	29439	30002	28662	29361	29433	29337	29313	31618	29545	28782	28883	28865	28835	28880	28163	27546	27290	27051	26793	26925	26942	26798	26129	28355	23801	24891	23784	23190	22869	22589	22808	22516	22956	24724	26328	28068	30665	30115
3:25:40	37.0	26761	26967	28078	27508	26313	27200	28153	28279	28223	28427	28265	28546	28828	28144	28721	28930	28968	28819	28886	29119	28390	28929	29001	29145	25117	26286	27989	27044	28257	28351	28659	27862	28403	28401	28542	28846	29210	29710	28179	29197	29099	29176	28975	31282	29288	28368	28991	28615	28726	28713	28040	27557	27333	26558	26527	26493	26645	26464	26213	28661	23771	24671	23557	22870	22736	22457	22774	22460	22707	24422	26099	28016	30536	30201
3:29:40	37.0	26743	28119	28236	28045	27224	28207	28553	28483	28314	28549	28572	28766	28684	28155	28363	28583	28872	28721	28588	28769	27841	28304	28243	27886	25574	27401	28148	27628	28713	28583	28700	28101	28499	28743	28583	29024	28948	29079	27098	28331	28127	28095	27778	30139	28324	27872	27863	27133	28570	28605	27426	27026	26584	26217	25877	25784	25500	26161	27533	28592	23515	24671	23513	22658	22546	22429	22591	22286	22692	24484	26177	27006	30483	30223
3:33:40	37.0	26980	28480	28666	28400	27656	28250	28276	28622	28667	28599	28923	28902	28089	28018	28492	28612	28529	27912	27514	27480	26889	27139	26975	27086	26581	28023	28283	27731	28595	28759	28908	28110	28619	28817	28946	29093	28592	27943	25787	26727	26797	26752	26832	28812	27338	26624	26675	26377	27799	27942	26955	26191	25826	25701	25493	25617	25672	27139	28165	28674	23325	24540	23061	22452	22323	22101	22404	22140	22839	24323	25921	26431	30269	29795
3:37:40	37.0	27365	28508	28795	28801	27858	28426	28676	28685	28582	28727	28939	28947	28310	27682	28255	28014	27760	27165	26669	26693	25827	26573	26317	27272	27230	28398	28643	28121	28714	29124	29128	28369	28963	28930	29042	28906	27370	26189	25185	26041	26075	26319	26157	28694	27105	26262	26673	27041	27149	27147	26926	26340	25930	25889	26401	26197	26739	27671	28215	28673	22971	24456	23165	22200	22292	21921	22003	21888	22610	24482	26192	26747	29892	29370
3:41:40	37.0	27349	28923	29017	28682	28095	28654	28893	28927	28614	28420	28784	28865	27888	27546	27268	27084	26986	26542	27017	26723	26616	26900	27271	28270	27703	28870	28684	28102	28619	29083	29150	28130	28760	28647	29103	29077	26440	25420	25869	25369	26546	26659	26461	29426	27523	27148	27606	28084	27284	26579	27600	27051	26836	26672	26501	27044	26944	27954	28720	28311	23001	24128	22959	22210	22186	21847	22004	21980	22610	24436	26263	27564	29308	29063
3:45:40	37.0	27433	28686	29109	28727	28287	28742	28785	28534	28393	28318	28506	28691	27625	27401	27306	27198	26973	27393	27649	27642	27457	28032	28108	28761	28006	28730	28360	27839	28394	28824	28967	28146	28499	28253	28749	28484	25706	25158	26247	26463	27588	27938	27970	30334	28560	28388	28409	28448	27858	27607	28134	27477	27382	27207	26820	27095	27186	28290	28739	28231	22888	24152	22668	22203	21899	21602	21984	21790	22802	24676	26574	27980	29046	28835
3:49:40	37.0	27616	29033	29282	28973	28342	29018	28577	28119	28238	28227	28566	28579	28154	26974	28101	28256	28033	28167	28154	28270	27797	28745	28484	29063	28106	28952	28144	27535	28251	28239	28896	27886	28399	28340	28275	28376	25258	25711	26220	27390	28372	28445	28142	30956	28792	28396	28602	28627	28118	28457	28274	27608	27432	26953	27077	27113	27281	28219	28775	28366	22555	24113	22840	22056	21763	21542	21635	21831	22586	24523	26658	28243	28795	28587
3:53:40	37.0	27377	29195	29132	28972	28415	28903	28456	28150	28233	28221	28483	28350	28451	27657	28375	28519	28217	28169	28421	28444	27802	28697	28454	28663	28396	28992	28032	27329	28252	28262	28605	27538	28129	28059	28440	28270	25687	27002	26325	27701	28459	28650	28350	30991	29014	28497	28649	28486	28570	28436	28184	27619	27120	26875	26998	27252	27305	28272	28648	28153	22770	24001	22492	21865	21697	21422	21646	21591	22557	24555	26660	28141	28419	28100
3:57:40	37.0	27516	29108	29473	29112	28467	28311	28230	28217	27994	28001	28335	28346	28604	27905	28640	28698	28526	28162	28540	28716	28057	28889	28818	28705	28600	29345	27909	27451	28044	28220	28506	27477	27912	27864	27979	28393	26474	27525	26416	28209	28647	28868	28585	31015	29214	28638	28733	28748	28556	28490	28091	27704	27508	27310	27086	27336	27379	28120	28469	27968	22126	23864	22338	21695	21378	21197	21402	21354	22522	24698	26331	28079	28315	27771
4:01:40	37.0	27392	29409	29191	29007	28125	28384	27983	27945	27747	27855	28228	28080	28590	28131	28758	28520	28510	28500	28574	28614	28142	28428	28550	28694	28206	29544	27750	27170	28149	27974	28119	27113	27935	27453	27829	27997	27258	27784	26276	28114	28740	28930	28659	30775	29341	28550	28480	28499	28294	28488	27974	27768	27389	27079	26964	27298	27259	27892	28074	27789	22249	23306	22057	21565	21307	21001	21208	21296	22328	24317	26311	28001	27945	27734
4:05:40	37.0	27789	29200	29382	28889	28147	28125	28114	27924	27694	27697	28185	27822	28775	28247	28749	28704	28536	28382	28701	28586	27833	28566	28514	28578	27849	29332	27733	27094	27595	27809	27955	27353	27547	27593	27892	27688	27619	28186	26341	28320	28813	28870	28580	30650	29013	28276	28520	28569	28266	28508	28337	27771	27314	27109	27215	27398	27103	27781	27999	27693	22092	23430	22177	21049	21149	20828	21220	21060	22531	24308	26132	27853	27677	27464
4:09:40	37.0	27821	29409	29469	28747	28012	28245	27860	27734	27590	27452	27621	27682	28852	28553	28890	28676	28547	28404	28359	28363	27915	28422	28363	28575	27650	28824	27359	27087	27663	27690	27819	26877	27347	27372	27664	27506	27862	28398	26278	28147	28507	28384	28277	30454	28725	28228	28208	28331	28558	28556	28036	27569	27565	27162	27131	27603	27001	27761	28139	27204	21917	23148	21932	21232	21151	20748	21016	20893	22044	24112	26113	27766	27372	27132
4:13:40	37.0	28035	29618	29284	28729	27557	28092	27814	27502	27012	27508	27623	27505	29012	28664	29190	28737	28617	28528	28270	28498	28082	28344	28334	28553	27201	28700	27409	26734	27436	27298	27589	26783	27247	27369	27506	27322	27668	28504	26014	27838	28431	28611	28413	30264	28547	28097	28230	27979	28714	28397	28133	27668	27615	27536	27141	27499	26808	27621	27712	27296	21731	23033	21835	20869	21147	20551	20804	20698	21746	24224	25996	28115	27174	27033
4:17:40	37.0	27766	29618	28945	28303	27752	27917	27441	27087	26967	27275	27276	27298	29023	28466	29225	28879	28605	28188	28195	28400	27631	28019	28197	28476	27313	28334	27193	26632	27311	27115	27336	26629	27137	26888	27188	27340	27476	28693	25924	27673	28208	28488	28161	30436	28381	28033	28267	28076	28351	28754	28150	28144	27831	27579	27283	27694	26637	27607	27586	26967	21527	22764	21449	20785	20847	20432	20606	20549	21726	24112	25976	27528	26880	26535
4:21:40	37.0	27901	29581	28796	28271	27433	27630	27219	27267	26675	26885	27091	27185	29132	28510	29186	29019	28533	28131	28286	28251	27534	28205	27909	28315	27106	28026	26888	26437	26952	27094	27099	26457	26888	26843	26976	27092	27409	28068	25749	27889	27945	28248	28153	30194	28409	28004	27957	27749	28567	28632	28280	27637	27769	27453	27532	27599	26506	27254	27342	26726	21431	22466	21472	20600	20537	20246	20574	20582	21399	23902	25907	27498	26781	26230
4:25:40	37.0	27992	29668	28774	28250	27305	27574	27249	27134	26801	26455	26843	26781	29144	28729	29077	28872	28592	28180	28109	28104	27465	28069	27894	27995	26956	27884	26814	26035	26721	26825	26645	26111	26731	26656	26612	26744	27036	28049	25499	27600	27888	27928	27904	30226	28312	27684	27967	27750	28445	28581	28244	27849	27736	27393	27173	27804	26470	27051	27151	26407	21390	22321	21279	20571	20542	20192	20386	20352	21586	23966	25648	27304	26496	26175
4:29:40	37.0	28173	29750	28432	27952	27180	27428	26928	26883	26250	26510	26704	26801	29303	28838	29094	28888	28491	28222	28087	27895	27120	27598	27813	28057	26733	27662	26413	25958	26900	26579	26676	26044	26469	26478	26558	26637	27141	27774	25568	27469	27689	27855	27482	29591	27945	27482	27654	27350	28240	28569	28286	27657	27694	27158	27077	27875	26127	26968	27082	26399	21345	22156	21158	20536	20593	20068	20217	20111	21388	23711	25529	27119	26226	25745
4:33:40	37.0	28204	29535	28329	27886	26954	26993	26547	26539	26194	26339	26483	26557	29167	28805	29497	28678	28363	27818	28041	27608	27071	27545	27590	27888	26757	27326	26599	25701	26345	26424	26777	25827	26433	26133	26432	26462	26734	27739	25365	27311	27436	27515	27325	29584	28225	27290	27589	27266	28310	28457	27903	27703	27586	27210	27017	27788	25984	26915	26707	26179	20950	22095	20935	20360	20434	19927	20157	20183	21196	23681	25389	26894	26040	25533
4:37:40	37.0	28412	29691	28263	27790	26869	26797	26501	26422	26136	26160	26531	26294	29302	28884	29145	28299	28357	27675	27722	27356	26706	27521	27610	27490	26231	27122	26217	25783	26079	26069	26326	25523	25985	26060	26124	26152	26812	27472	25115	27151	27311	27481	27212	29706	27634	27169	27425	27049	28212	28350	27927	27711	27317	27025	26760	27570	25882	26659	26604	25847	20713	21816	20631	20231	20198	19920	20047	19960	21141	23301	25072	26643	25674	25431
4:41:40	37.0	28437	29234	27788	27591	26469	26449	26132	26025	25858	25875	26038	25966	29520	28762	29001	28440	28010	27686	27542	27206	26773	27088	27235	27428	26113	26858	25920	25463	26024	25841	25997	25511	25625	25895	26001	26068	26473	27180	25043	26828	27101	27523	27301	29011	27531	27066	27062	26877	28165	28265	27655	27383	27557	26824	26693	27360	25819	26411	26433	25629	20855	21781	20466	20089	19946	19616	20059	19852	20985	23230	25186	26503	25442	25206
4:45:40	37.0	28724	29086	27803	27294	26501	26376	26243	25932	25847	25716	25916	25911	29525	28867	29173	28473	27826	27405	27312	27291	26757	27121	27051	27140	25833	26914	26033	25454	25899	25834	25881	25156	25610	25457	26021	25860	26318	27168	24749	26671	26810	26978	26739	28983	27140	26631	26841	26764	27895	28392	27550	27304	27121	26701	26632	27044	25600	26275	26410	25479	20595	21547	20691	19928	19836	19406	19823	19787	20900	23265	25196	26121	25323	24889
4:49:40	37.0	28621	28669	27459	27197	26239	26222	25763	25864	25603	25530	25682	25701	29419	28694	28958	27939	27836	27321	27131	26942	26316	26709	26939	26921	25727	26591	25703	25195	25617	25707	25637	24915	25397	25408	25584	25604	26163	26900	24587	26307	26631	26983	26586	28910	27068	26652	26881	26483	27769	28111	27531	27085	27004	26790	26365	27184	25529	26210	26122	25506	20647	21625	20373	19761	19834	19416	19471	19447	20816	23100	24745	26294	24996	24895
4:53:40	37.0	28786	28390	27659	26841	26139	25951	25648	25451	25345	25328	25302	25434	29441	29228	28915	28017	27411	27199	26965	26963	26149	26840	26820	26848	25670	26564	25505	24978	25271	25448	25655	24936	25226	25227	25156	25267	26023	26585	24338	26222	26596	26638	26397	28704	26778	26151	26521	26357	27651	27982	27550	27046	26951	26552	26326	26965	25397	25798	25881	25116	20445	21143	20146	19686	19721	19402	19365	19593	20741	22901	24785	25946	24797	24336
4:57:40	37.0	28936	28054	27165	26475	25835	25819	25379	25079	25123	25118	25355	25188	29367	28916	28632	27760	27585	26722	26529	26508	26394	26352	26653	26468	25498	26360	25057	24852	25249	25204	25524	24801	25096	24798	25226	25196	25829	26512	24209	26054	26277	26456	26347	28420	26729	26163	26270	25997	27362	27825	27089	26984	26648	26436	26302	26622	25060	25754	25888	24985	20389	20851	20060	19645	19590	19282	19480	19367	20506	22632	24628	25836	24473	24350
5:01:40	37.0	28882	28165	27091	26412	25670	25610	25314	25208	25024	24790	25042	25021	29601	28912	28455	27675	27246	26618	26547	26321	25830	26087	26074	26397	25418	26265	25067	24586	24905	24977	25382	24385	24985	24860	25031	24909	25759	26520	24127	26063	26110	26122	26089	28227	26366	25824	26192	25859	27242	27525	27184	26829	26756	26286	26120	26489	24689	25663	25510	24568	20226	21014	20097	19421	19488	19047	19411	19322	20428	22721	24532	25586	24363	24051
5:05:40	37.0	29016	28151	26743	26162	25429	25397	24994	24925	24820	24558	25059	24977	29435	29393	28096	27418	27058	26475	26328	26109	25698	26031	26035	25952	25077	25874	24850	24487	24790	24827	24881	24386	24762	24463	24863	24846	25303	26167	24079	25675	26061	26217	25741	28070	26004	25850	25760	25864	27387	27712	26986	26724	26667	26087	26002	26120	24758	25464	25509	24385	20025	20829	20065	19412	19400	18992	19194	19368	20298	22383	24201	25409	24158	23784
5:09:40	37.0	29309	27690	26364	26070	24897	25044	24848	24848	24545	24395	24575	24625	29694	29046	28120	27259	26793	26351	25947	25944	25543	25742	25876	25880	24941	25814	24666	24296	24735	24602	24766	24089	24494	24438	24472	24482	25297	25949	23776	25507	25703	25723	25724	27800	25795	25590	25543	25505	27064	27333	26918	26710	26128	26219	25781	26161	24389	25135	25126	24242	20138	20679	19910	19245	19188	18828	19114	19093	20222	22423	24166	25156	23816	23466
5:13:40	37.0	29330	27449	26305	25948	25243	24949	24662	24767	24257	24272	24655	24406	29853	29068	27970	27073	26493	25985	25913	25905	25262	25654	25562	25600	24800	25480	24665	24130	24503	24479	24546	23800	24315	24154	24334	24268	24907	25730	23560	25315	25546	25805	25469	27901	25898	25386	25309	25308	26988	27373	26635	26402	26243	25844	25654	25716	24504	25071	25067	24139	19977	20404	19771	19200	19271	18819	19183	19154	20198	22304	23959	25063	23567	23357
5:17:40	37.0	29304	27126	25961	25604	24934	24609	24472	24621	24286	24071	24500	24055	29963	28965	27887	27115	26233	25871	25635	25683	25122	25325	25401	25486	24543	25496	24203	23928	24186	24362	24405	23806	24270	24001	24081	24295	24765	25467	23484	25160	25441	25581	25055	27612	25782	25149	25222	25111	26844	26946	26355	26185	26129	25794	25738	25693	24400	24904	24941	23961	19711	20405	19736	19049	19025	18804	18833	19112	19880	22224	23907	24606	23547	23031
5:21:40	37.0	29234	26874	25925	25445	24815	24498	24397	24222	23876	23683	24117	24198	29737	28961	27715	26814	26121	25632	25425	25385	25020	25231	25578	25114	24337	25098	24247	23781	24095	24245	24326	23501	24081	23842	24088	24059	24760	25370	23228	24934	25064	25297	24931	27233	25545	24991	25027	24947	26574	26859	26451	26202	25919	25648	25524	25428	24037	24764	24727	23682	19835	20550	19409	19080	18997	18808	19069	18972	20097	21964	23667	24422	23243	22817
5:25:40	37.0	29290	26875	25592	25085	24513	24578	24131	24151	23835	23910	24095	23708	29525	28406	27380	26489	25760	25596	25343	25187	24646	25026	24995	25029	24312	25161	24219	23604	23831	23906	24049	23464	23903	23712	23868	23674	24592	25290	23176	24583	25251	25040	24850	27000	25326	24799	24711	24704	26453	26893	26073	26122	25537	25463	25324	25464	24050	24538	24640	23640	19563	20296	19564	18965	18954	18812	19007	18882	19923	22148	23644	24285	23120	22728
5:29:40	37.0	29531	26453	25360	24907	24320	24418	24117	23954	23743	23504	23644	23842	29634	27986	27024	26266	25775	25138	25076	25086	24535	24729	24910	24894	24046	24788	23987	23656	23916	23649	23907	23246	23634	23381	23681	23635	24266	25209	22994	24439	24844	24947	24807	26757	25109	24514	24595	24587	26615	26608	26041	25967	25444	25222	25172	25194	23795	24477	24319	23298	19437	20255	19402	18920	18950	18582	18839	18853	19900	22005	23477	24202	22916	22557
5:33:40	37.0	29350	26244	25175	24826	24163	24095	23935	23669	23505	23437	23577	23645	29967	27969	27080	26183	25351	25122	24869	24785	24311	24685	24819	24780	23733	24571	23835	23267	23632	23601	23836	23276	23408	23360	23539	23559	23955	24755	22667	24495	24552	24628	24485	26696	24849	24386	24580	24324	26308	26434	25993	25769	25489	25219	25143	24953	23603	24067	24193	23101	19503	20083	19303	18892	18797	18367	18782	18803	19911	21879	23411	23855	22903	22458
5:37:40	37.0	29528	26014	24890	24605	23945	23880	23734	23490	23299	23156	23510	23410	29876	27602	26622	25802	25295	24674	24723	24840	24122	24477	24434	24614	23786	24759	23577	23014	23585	23506	23593	22796	23219	23182	23377	23488	24002	24554	22559	24129	24453	24339	24511	26498	24695	24117	24344	24372	26073	26288	25894	25739	25189	24941	24879	24670	23357	24037	23871	23044	19424	19980	19211	18789	18820	18443	18724	18700	19773	21688	23131	23908	22788	22319
5:41:40	37.0	29458	25901	24646	24362	23878	23802	23613	23189	23212	23005	23286	23263	29602	27363	26594	25430	25027	24496	24661	24408	24045	24319	24241	24286	23764	24416	23411	22968	23388	23330	23406	22981	23132	23191	23198	23226	23870	24473	22441	23980	24190	24424	24244	26395	24692	23904	24221	23922	25962	26289	25552	25619	25021	24980	24664	24690	23286	23751	23660	22856	19473	19854	19247	18633	18766	18265	18549	18507	19930	21726	23129	23490	22363	22162
5:45:40	37.0	29404	25397	24523	24119	23645	23755	23301	23288	23176	23183	22959	23156	29613	27109	26505	25402	24736	24613	24201	24307	23858	24024	23986	24185	23390	24093	23478	23054	23223	23164	23162	22690	23135	22910	23048	23217	23823	24165	22472	23893	24280	24082	23871	26048	24300	23602	23968	23543	25727	26000	25514	25347	25028	24854	24704	24352	23181	23589	23677	22628	19110	19774	19162	18587	18592	18348	18544	18662	19747	21682	22924	23457	22315	22114
5:49:40	37.0	28985	25263	24508	23902	23503	23418	23419	23150	22978	22708	23023	23095	29531	26991	26162	25315	24738	24265	24050	24185	23689	24008	23888	24101	23540	24065	23147	22668	22944	23155	23179	22582	22956	22789	22872	22758	23441	24315	22274	23829	23911	23972	23635	25863	24229	23587	23679	23789	25628	25879	25436	24974	24655	24486	24502	24275	22938	23596	23436	22426	19110	19837	19076	18583	18580	18459	18434	18621	19869	21582	22897	23193	22185	21686
5:53:40	37.0	28690	24956	24159	23690	23381	23292	23166	22874	22826	22634	22788	22854	28985	26648	25891	24985	24637	24122	24000	23917	23393	23737	23710	23764	23270	24013	23069	22736	22908	22862	23124	22450	22814	22659	22740	22541	23332	24084	22267	23633	23759	23965	23687	25932	23948	23459	23640	23569	25578	25903	25242	24961	24728	24479	24162	23938	22889	23250	23375	22424	19040	19591	18735	18387	18725	18260	18470	18471	19837	21375	22769	23093	21976	21727
5:57:40	37.0	28129	24986	23934	23565	23222	23132	22883	22738	22586	22445	22871	22460	28442	26404	25740	24826	24387	24157	23713	24058	23315	23789	23593	23759	23142	23772	22902	22468	22863	22850	22905	22459	22653	22524	22682	22601	23267	23808	22255	23225	23485	23838	23396	25693	23972	23387	23336	23388	25659	25564	25219	25037	24651	24216	24369	23714	22868	23282	23082	22270	19140	19487	18889	18363	18580	18236	18549	18461	19654	21291	22772	23024	21779	21712
6:01:40	37.0	27894	24597	23726	23570	23072	22896	22817	22974	22524	22438	22462	22502	28180	26309	25607	24556	24215	23849	23683	23633	23235	23475	23286	23702	22985	23676	22887	22444	22699	22439	22852	22131	22431	22339	22444	22484	23181	23811	21894	23359	23495	23377	23167	25720	23613	23287	23350	23354	25180	25531	25111	24820	24472	24229	24046	23846	22631	22965	23076	22200	18899	19427	18859	18356	18393	18178	18370	18247	19557	21322	22714	22862	21913	21703
6:05:40	37.0	27367	24471	23445	23430	22969	22976	22713	22478	22523	22133	22599	22461	27730	26021	25260	24472	23934	23745	23586	23540	23025	23426	23450	23329	23014	23638	22663	22348	22631	22513	22635	22001	22500	22275	22275	22380	23149	23706	22118	23196	23516	23351	23197	25518	23535	23120	23099	23080	25012	25361	24941	24631	24089	23955	24069	23596	22468	23158	22881	22039	19020	19333	18515	18240	18373	18112	18318	18254	19715	21175	22316	22728	21755	21387
6:09:40	37.0	27029	24242	23432	23148	22794	22799	22409	22488	22238	22084	22255	22293	27580	25692	25109	24176	24015	23674	23371	23320	23134	23184	23163	23264	22825	23484	22577	22205	22433	22298	22482	22303	22342	22176	22188	22128	22933	23432	21890	23088	23243	23159	23222	25502	23459	22806	22925	23018	25093	25223	24787	24672	24024	23779	23852	23323	22433	22757	22860	22143	18821	19299	18577	18439	18472	18033	18379	18158	19688	21329	22496	22583	21536	21357
6:13:40	37.0	26874	24213	23332	23104	22657	22573	22407	22396	22034	21928	22298	22070	27167	25610	24630	24272	23654	23333	23251	23260	22795	23108	23095	23067	22747	23380	22492	22326	22448	22108	22456	21816	22137	22155	22160	22289	22844	23513	21844	22920	23166	23108	22865	25204	23243	22753	22853	22717	24792	25163	24723	24523	24106	23789	23761	23362	22413	22592	22821	21946	18885	19237	18578	18327	18348	17958	18225	18243	19705	21092	22150	22425	21577	21247
6:17:40	37.0	26331	23789	23210	22827	22408	22566	22191	22354	22047	21885	22177	22296	26709	25351	24471	23998	23493	23275	23072	23061	22610	22954	22802	23095	22511	23215	22248	21985	22130	22078	22308	21876	22130	21775	21942	21844	22675	23280	21775	22870	22906	22938	22905	25178	23083	22740	22688	22502	24666	24933	24599	24211	23925	23543	23689	23106	22224	22703	22527	21730	18554	19105	18456	18146	18266	17901	18200	18165	19586	21038	22041	22230	21550	21153
6:21:40	37.0	26134	23560	23089	22683	22507	22429	22138	22057	21822	21694	22090	22123	26392	24948	24318	23813	23322	23089	22863	23120	22615	22774	22823	22847	22406	23056	22326	22051	22013	22006	22276	21743	22000	21867	21867	21801	22517	23200	21486	22793	22780	22841	22649	24866	23077	22370	22612	22483	24589	25067	24491	24131	23709	23409	23310	23058	21959	22499	22482	21744	18469	19105	18422	17949	18330	17858	18111	18162	19524	20845	22107	22291	21193	21121
6:25:40	37.0	25849	23358	22812	22487	22410	22148	22035	22065	21962	21695	21901	21753	26293	24749	24362	23607	23217	22993	22890	22984	22309	22657	22676	22743	22387	22913	22164	21991	21931	22004	22024	21568	21820	21792	22011	21600	22544	23078	21527	22491	22787	22992	22592	24939	22784	22313	22396	22413	24444	24794	24300	23994	23701	23369	23323	22712	21854	22562	22180	21656	18548	18843	18484	17933	18012	17920	17902	18073	19514	20652	21937	22070	21198	20950
6:29:40	37.0	25435	23280	22679	22496	22122	22311	22024	22159	21806	21443	21747	21726	26012	24626	23991	23338	23176	22796	22832	22805	22115	22563	22542	22851	22156	22910	22041	21794	21720	21794	22110	21484	21905	21783	21842	21640	22506	22867	21400	22532	22754	22576	22305	24842	22810	22372	22357	22192	24468	24517	24286	23844	23605	23264	23184	22661	21932	22179	22118	21505	18595	18794	18318	17919	18109	17680	18067	17975	19439	20775	21883	22080	21220	20762
6:33:40	37.0	24935	23333	22535	22313	22029	22061	21857	21772	21517	21395	21747	21733	25892	24582	23793	23244	23073	22643	22481	22622	22210	22198	22357	22522	22116	22886	21923	21650	21809	21808	21873	21484	21696	21471	21669	21595	22046	22790	21428	22372	22357	22403	22276	24814	22603	22132	22079	22408	24251	24580	24066	23918	23557	23148	23090	22624	21795	22146	21854	21352	18532	18645	18196	17929	18000	17746	17937	17881	19597	20697	21733	22014	20936	20896
6:37:40	37.0	24780	23074	22435	22283	21992	21868	21671	21797	21642	21451	21465	21626	25496	24190	23469	23137	22722	22643	22402	22405	22207	22536	22359	22365	22075	22734	21923	21621	21573	21570	21630	21538	21819	21591	21645	21559	22078	22858	21239	22335	22576	22439	22063	24580	22735	21997	22173	21969	24153	24347	23894	23756	23262	23155	22973	22402	21562	22058	22055	21259	18434	18739	18159	17930	18082	17719	17965	18003	19465	20622	21671	21823	20889	20770
6:41:40	37.0	24752	22837	22547	22256	21873	21851	21556	21762	21467	21324	21610	21542	25182	23917	23279	23157	22715	22373	22501	22398	22002	22185	22165	22369	21963	22616	21843	21670	21708	21708	21980	21203	21540	21367	21558	21359	22048	22659	21302	22374	22375	22096	22135	24416	22556	21936	22070	21974	24098	24428	24000	23526	23115	22875	22783	22266	21635	22015	21833	21211	18396	18529	18072	17857	17994	17620	17740	18025	19323	20616	21761	21481	20906	20876
6:45:40	37.0	24379	22724	22195	21918	21814	21638	21670	21621	21163	21432	21457	21401	25056	23626	23321	22899	22478	22391	22410	22548	21862	22166	22249	22376	21798	22515	21644	21439	21617	21533	21693	21183	21407	21386	21412	21555	21916	22457	21399	21989	21963	22104	21953	24497	22372	21980	21846	21949	24077	24312	23999	23507	23065	22977	22776	22195	21583	21894	21821	21142	18312	18543	18094	17743	17893	17716	17751	17921	19430	20500	21578	21650	20795	20883
6:49:40	37.0	24273	22708	22253	22032	21735	21793	21474	21622	21209	21238	21438	21398	24926	23714	23095	22712	22428	22164	22221	22358	21801	22051	21902	22094	21733	22368	21663	21511	21593	21307	21585	21105	21486	21366	21414	21306	21800	22193	21407	21941	22053	21926	21670	24177	22258	21728	21878	21724	23888	24343	23630	23440	22908	22817	22694	22082	21344	21523	21507	21197	18291	18386	18011	17732	17932	17812	17708	17994	19336	20536	21407	21592	20830	20530
6:53:40	37.0	23911	22628	21966	21824	21508	21604	21351	21519	21303	21188	21397	21211	24540	23269	23001	22576	22181	22197	22018	22388	21761	22056	21915	21945	21681	22450	21721	21328	21548	21313	21483	21176	21335	21317	21202	21164	21824	22171	21093	21911	21962	21992	21836	24146	21958	21495	21593	21718	23734	24047	23643	23139	22943	22719	22729	21899	21447	21532	21453	21144	18265	18442	17990	17722	17817	17427	17742	18001	19243	20497	21436	21444	20958	20811
6:57:40	37.0	23773	22288	21945	21865	21576	21378	21442	21502	21308	21049	21138	21276	24421	23219	22916	22577	22231	22003	21957	22076	21471	21844	21699	22053	21547	22297	21535	21393	21390	21306	21368	21259	21324	20905	21091	21227	21772	22367	21013	21782	21920	21907	21554	24014	22091	21498	21575	21645	23703	23896	23521	23118	22913	22478	22622	22073	21276	21573	21455	21060	18138	18265	17709	17633	17922	17645	17765	17993	19355	20229	21310	21429	20920	20511
7:01:40	37.0	23546	22360	21695	21604	21558	21390	21051	21375	21101	21116	21157	21190	24435	23041	22822	22188	22142	21949	21832	21991	21590	21836	21706	21878	21606	22209	21486	21169	21389	21225	21639	20915	21266	21118	21201	21146	21459	22145	20972	21542	21852	21552	21635	23966	22030	21597	21513	21565	23601	24039	23443	23140	22774	22452	22343	21627	21045	21381	21321	21092	18197	18249	17947	17643	17914	17512	17615	18032	19287	20204	21220	21303	20855	20547
7:05:40	37.0	23400	22090	21833	21645	21371	21465	21012	21426	20952	20953	21219	21192	24150	22816	22659	22412	22131	21878	21911	21858	21541	21831	21621	21727	21485	22011	21256	21106	21382	21094	21383	20931	21137	21137	21228	21074	21421	21884	21082	21687	21890	21521	21427	23985	21973	21254	21317	21419	23328	23851	23377	23009	22603	22321	22129	21700	21250	21487	21407	20872	18055	18263	17779	17555	17517	17316	17654	17894	19116	20274	21076	21103	20819	20453
7:09:40	37.0	23075	22235	21759	21698	21419	21460	21411	21232	21119	20835	21001	21140	23752	22757	22644	22243	22117	21818	21722	21717	21419	21595	21499	21632	21233	22165	21367	21112	21117	21073	21368	20940	21076	20840	21156	20923	21375	21909	21018	21507	21802	21700	21390	24090	21821	21358	21212	21352	23357	23897	23275	23164	22574	22166	22256	21610	21176	21172	21061	20816	18072	18084	17773	17543	17675	17454	17448	18130	19164	20148	21096	21272	20644	20537
7:13:40	37.0	22816	22048	21681	21372	21400	21281	21158	21145	21025	20892	20897	20976	23636	22545	22401	22059	21776	21643	21501	21617	21339	21463	21473	21855	21161	21686	21226	21003	21229	21088	21326	20753	21177	20937	20685	20807	21217	21732	20843	21601	21515	21414	21313	23959	21823	21285	21142	21312	23295	23426	23133	22735	22398	22237	21985	21437	20904	21155	21111	20925	18010	18062	17819	17643	17710	17432	17716	18085	19215	20175	21032	21148	20880	20414
7:17:40	37.0	22667	21844	21666	21450	21368	21219	20877	20989	20928	20647	20998	20854	23559	22361	22518	21928	21719	21683	21536	21491	21295	21440	21377	21488	21193	21840	21270	21045	21074	21199	21160	20836	20947	20779	20791	20796	21154	21654	20855	21477	21348	21273	21314	23696	21637	21254	21185	21233	23110	23401	22987	22818	22239	21847	21978	21362	20872	21055	21023	20590	17998	18144	17752	17525	17681	17393	17517	18015	19160	20164	20783	20975	20750	20479
7:21:40	37.0	22552	21764	21507	21445	21152	21237	20882	21118	20775	20776	21031	21085	23260	22369	22181	21864	21813	21567	21591	21405	21183	21409	21366	21570	21320	21813	21238	20863	20925	21101	21224	20751	21022	20751	20870	20757	20935	21529	20871	21133	21421	21307	21199	23879	21828	21099	21133	21121	22956	23196	23109	22662	22253	21787	21759	21391	20754	21159	21098	20692	18002	18030	17792	17327	17612	17296	17430	18077	19235	20132	20701	20980	20648	20513
7:25:40	37.0	22517	21601	21159	21354	21017	21164	20972	20885	20901	20740	20735	20767	23271	22031	22148	22002	21694	21654	21431	21461	21249	21434	21143	21299	21040	21663	20999	20970	20913	20855	21133	20809	20854	20516	20804	20829	21023	21496	20649	21191	21440	21207	21228	23784	21497	21064	21045	21038	23019	23242	22762	22545	21996	21701	21818	21266	20655	21069	20922	20679	17788	17943	17568	17293	17571	17296	17344	18262	19053	20115	20680	20925	20639	20462
7:29:40	37.0	22225	21645	21354	21416	21017	20953	20850	20967	20771	20597	20778	20802	23100	22082	21863	21562	21650	21295	21137	21553	20960	21269	21143	21452	20979	21617	21018	20800	21042	21042	20918	20817	20891	20783	20795	20631	21059	21728	20725	21185	21309	21055	21081	23666	21434	20957	21064	21104	22753	23037	22617	22586	21931	21709	21742	20992	20765	21025	20780	20599	17505	18135	17744	17399	17483	17210	17363	18295	19043	19946	20773	20925	20616	20509
7:33:40	37.0	22092	21474	21123	21188	21005	20869	20717	20914	20640	20582	20711	20939	23094	21986	22045	21654	21507	21297	21190	21229	20889	21140	21272	21215	21045	21441	21105	20839	20699	20827	20901	20496	20836	20547	20619	20810	20747	21348	20679	21150	21131	21145	20963	23770	21514	21053	20931	20985	22706	23014	22636	22398	21914	21607	21627	20998	20618	20698	20799	20400	17832	17939	17511	17387	17455	17240	17364	18259	18992	19685	20601	20888	20659	20388
7:37:40	37.0	21750	21407	21206	21122	20816	20918	20902	20944	20894	20610	20645	20778	22803	21719	21957	21522	21444	21231	21159	21142	21038	21075	21201	21206	20981	21525	20900	20748	20989	20805	20972	20430	20905	20578	20621	20345	20885	21428	20622	21051	21024	21109	20951	23647	21318	20822	20932	20926	22494	22945	22642	22357	21728	21576	21697	20851	20551	20742	20681	20548	17719	17808	17530	17092	17501	17188	17411	18314	19183	19815	20706	20772	20513	20429
7:41:40	37.0	21817	21370	21164	21099	20911	20964	20736	20838	20709	20596	20677	20731	22924	21692	21825	21692	21436	21314	21318	21097	20951	21150	20940	21209	20850	21538	20836	20651	20630	20744	20743	20407	20793	20578	20583	20713	20812	21110	20762	21044	21178	21012	21029	23488	21340	20767	20994	20875	22461	22776	22600	22025	21593	21452	21572	20928	20593	20821	20832	20437	17665	17782	17512	17227	17488	17099	17306	18243	19153	19900	20538	20565	20679	20523
7:45:40	37.0	21659	21279	20993	20971	20871	20692	20713	20831	20610	20605	20569	20683	22695	21484	21603	21439	21194	21299	21094	21194	20884	20975	21014	21259	20619	21382	20782	20621	20531	20589	20774	20389	20689	20644	20552	20382	20852	21217	20619	20988	21166	21018	20965	23695	21197	20589	20779	20916	22400	22566	22389	21967	21517	21471	21385	20794	20490	20684	20776	20480	17661	17673	17521	17285	17418	17073	17247	18548	19138	19958	20581	20550	20799	20605
7:49:40	37.0	21464	21352	21037	20807	20940	20612	20771	20847	20606	20435	20577	20491	22416	21404	21617	21349	21129	21067	21033	20985	20562	20878	20906	21199	20689	21295	20725	20585	20528	20554	20649	20492	20624	20406	20430	20489	20777	21241	20412	20971	20787	20730	20711	23499	21225	20842	20686	20815	22409	22541	22189	21778	21542	21353	21220	20772	20251	20655	20567	20314	17577	17734	17475	17227	17393	17252	17386	18276	18919	19744	20440	20582	20720	20616
7:53:40	37.0	21274	21122	20907	21138	20821	20782	20626	20778	20490	20488	20614	20455	22475	21296	21566	21371	21339	21137	21022	20996	20662	20963	20918	21070	20570	21208	20733	20569	20772	20547	20819	20308	20683	20581	20475	20633	20776	21164	20636	20822	21080	20863	20655	23353	21244	20655	20644	20601	22156	22566	22151	21879	21352	21138	21275	20759	20448	20450	20586	20488	17500	17742	17480	17196	17401	16997	17313	18421	19077	19645	20443	20484	20664	20581
7:57:40	37.0	21034	21035	20844	20799	20565	20510	20435	20625	20251	20191	20586	20493	22241	21483	21570	21290	21045	20914	20958	20904	20520	20864	20868	20973	20697	21133	20785	20553	20617	20640	20628	20383	20593	20432	20455	20332	20533	20952	20484	20769	20788	20795	20786	23285	21253	20483	20787	20647	22330	22524	21967	21801	21460	21128	21065	20716	20316	20577	20462	20231	17576	17653	17475	17173	17484	16955	17311	18367	18924	19726	20278	20585	20547	20354
8:01:40	37.0	21055	21118	20876	20824	20631	20576	20537	20704	20609	20591	20487	20485	22140	21145	21305	21329	21005	20992	20937	20904	20664	20682	20837	20881	20741	21131	20606	20549	20577	20441	20665	20320	20498	20446	20365	20409	20677	21045	20698	20837	20775	20763	20657	23277	21026	20544	20758	20740	22002	22433	21868	21701	21239	21112	21011	20599	20236	20465	20500	20218	17498	17467	17415	17094	17378	16920	17034	18416	18887	19752	20091	20607	20723	20514
8:05:40	37.0	20973	20962	20844	20703	20566	20608	20453	20423	20412	20512	20297	20447	22059	21210	21451	21248	20982	20881	20864	20932	20406	20749	20637	21018	20478	21012	20612	20575	20475	20356	20579	20285	20606	20260	20313	20397	20645	21091	20544	20612	20685	20918	20594	23309	20797	20613	20641	20545	22111	22152	21864	21507	21191	20997	21167	20609	20246	20403	20457	20463	17595	17399	17185	17130	17407	16991	17124	18278	18908	19642	20130	20441	20601	20570
8:09:40	37.0	20768	20924	20829	20897	20715	20377	20569	20624	20544	20227	20487	20540	22099	21290	21246	21217	20798	21112	20773	20795	20744	20826	20779	20869	20564	20787	20775	20342	20740	20437	20628	20251	20412	20428	20424	20478	20431	20810	20328	20703	20774	20818	20580	23179	21002	20573	20529	20589	21762	22231	21880	21698	21049	20889	20968	20513	20173	20444	20136	20306	17382	17474	17255	17039	17224	17068	17048	18343	18938	19797	20280	20374	20839	20598
8:13:40	37.0	20762	20988	20725	20704	20401	20674	20566	20432	20138	20379	20283	20403	21948	21107	21220	21161	20895	20901	20815	20789	20604	20624	20729	20808	20584	20874	20597	20606	20382	20391	20578	20361	20666	20410	20287	20269	20541	20769	20650	20737	20652	20578	20423	23424	21090	20492	20389	20501	21626	22223	21820	21483	21080	20630	20977	20507	20080	20447	20347	20210	17543	17460	17285	17175	17103	16880	17013	18516	18980	19591	20017	20545	20721	20661
8:17:40	37.0	20820	20897	20836	20867	20554	20375	20447	20361	20167	20417	20542	20410	21838	21043	21208	21146	20984	20763	20768	20689	20464	20746	20545	20853	20532	20880	20551	20468	20465	20468	20475	20321	20366	20293	20262	20362	20587	20895	20561	20694	20659	20752	20511	23172	21004	20438	20539	20429	21592	22005	21803	21439	20881	20683	20840	20394	20157	20339	20434	20241	17401	17434	17249	16910	17241	16929	17114	18490	18959	19594	20020	20340	20763	20455
8:21:40	37.0	20533	20883	20635	20714	20397	20501	20369	20429	20347	20349	20212	20475	21798	21180	21021	21058	21050	20925	20770	20825	20566	20801	20516	20874	20570	20779	20682	20410	20490	20283	20379	20271	20569	20393	20185	20233	20369	20795	20560	20668	20465	20646	20506	23027	20903	20210	20562	20442	21635	21901	21668	21370	20892	20760	20786	20348	19980	20299	20332	20227	17350	17424	17310	16922	17191	16832	17167	18365	18903	19524	20095	20385	20881	20601
8:25:40	37.0	20359	20970	20772	20635	20626	20253	20381	20394	20342	20287	20398	20497	21762	20981	21104	21113	20813	20645	20701	20594	20457	20532	20641	20773	20236	20969	20605	20333	20460	20488	20716	20225	20438	20069	20378	20336	20548	20825	20450	20493	20673	20441	20468	23162	20935	20487	20457	20340	21389	21667	21529	21135	20722	20780	20805	20261	20191	20394	20133	20137	17325	17323	17173	17055	17413	16876	17093	18311	19003	19564	20055	20290	20699	20846
8:29:40	37.0	20284	20803	20607	20721	20369	20410	20262	20388	20529	20193	20465	20294	21601	20962	21075	21074	20956	20804	20583	20690	20449	20477	20652	20813	20242	20856	20600	20355	20441	20404	20310	20200	20378	20354	20227	20421	20144	20741	20681	20509	20569	20442	20498	23226	20884	20338	20591	20324	21482	21661	21418	21225	20848	20714	20554	20241	20159	20424	20292	20218	17088	17310	16992	16897	17315	16824	17276	18548	18946	19574	20283	20265	20863	20561
8:33:40	37.0	20158	20701	20620	20557	20441	20460	20257	20533	20181	20343	20286	20418	21746	20764	20946	20984	20860	20848	20583	20556	20108	20508	20562	20564	20356	20792	20252	20280	20339	20316	20283	19980	20478	20176	20237	20259	20357	20694	20625	20529	20529	20476	20415	23246	20843	20220	20342	20192	21533	21453	21266	21148	20555	20718	20676	20147	20064	20136	20276	20278	17338	17353	17073	16858	17153	16964	16902	18520	19074	19549	20058	20248	20931	20682
8:37:40	37.0	20173	20589	20710	20531	20358	20359	20419	20390	20234	20224	20422	20350	21461	20871	20908	21006	20816	20583	20680	20655	20265	20446	20541	20901	20352	20772	20477	20349	20324	20299	20251	20123	20304	20334	20327	20268	20361	20516	20597	20316	20328	20323	20197	23184	20828	20344	20548	20386	21272	21443	21415	20854	20591	20751	20588	20200	20070	20241	20169	20163	17174	17343	16812	16980	17218	16901	16868	18594	19029	19639	19980	20403	20630	20815
8:41:40	37.0	20043	20613	20678	20595	20438	20238	20163	20460	20222	20208	20162	20408	21372	20862	21090	21074	20768	20735	20551	20609	20308	20541	20467	20651	20219	20748	20556	20428	20256	20367	20144	20129	20346	20217	20208	20238	20323	20657	20499	20445	20434	20297	20460	23129	20758	20203	20306	20414	21094	21537	21086	20898	20595	20910	20444	20107	20039	20039	20191	20262	17104	17319	16917	16833	17012	16747	16854	18565	19126	19546	20033	20341	20841	20513
8:45:40	37.0	20068	20686	20708	20556	20405	20386	20372	20306	20111	20198	20256	20346	21625	20862	21097	20909	20821	20759	20658	20467	20284	20437	20552	20475	20232	20870	20359	20319	20485	20161	20383	20296	20247	20215	20293	20134	20190	20513	20660	20283	20413	20386	20427	23159	20626	20147	20363	20326	21200	21481	21241	20878	20262	20707	20570	20117	20013	20058	20115	20064	17155	17325	16956	16918	17147	16827	16893	18638	18889	19569	19880	20275	20853	20810
8:49:40	37.0	20202	20531	20609	20724	20502	20305	19979	20439	20256	20243	20185	20463	21551	20843	21005	21083	20721	20601	20629	20603	20235	20434	20514	20712	20151	20663	20468	20377	20278	20095	20282	20109	20519	20329	20245	20146	20365	20476	20585	20442	20454	20306	20387	23076	20765	20376	20315	20371	20934	21245	20902	20667	20365	20738	20430	20271	20133	20178	20266	20284	16974	17188	16937	16860	17227	16571	16895	18667	18858	19650	20085	20329	20872	20499
8:53:40	37.0	20107	20572	20653	20484	20344	20347	20316	20275	20389	20154	20234	20292	21395	20809	21188	20956	20810	20625	20469	20474	20133	20525	20469	20571	20440	20623	20410	20455	20618	20320	20449	20290	20330	20318	20318	20151	20176	20480	20659	20386	20334	20285	20371	23200	20608	20348	20422	20149	20977	21241	20898	20668	20206	20633	20519	20330	20008	20457	20105	20104	17118	17120	17063	17010	16950	16598	16954	18691	18967	19491	19984	20334	20844	20680
8:57:40	37.0	20149	20430	20730	20460	20507	20455	20332	20298	20312	20227	20225	20401	21309	20990	20957	20934	20801	20786	20503	20505	20134	20463	20478	20682	20339	20620	20319	20323	20527	20418	20386	19960	20257	20233	20342	20122	20213	20456	20547	20268	20449	20120	20335	23107	20848	20286	20274	20184	20915	21067	20897	20674	20024	20588	20548	20182	20008	20302	20172	20210	17106	17055	16891	16789	17334	16677	16943	18557	19154	19458	20195	20392	20908	20813
9:01:40	37.0	19831	20695	20790	20524	20421	20311	20388	20364	20210	20177	20329	20311	21179	20778	20886	20941	20749	20670	20620	20423	20183	20532	20681	20535	20299	20557	20511	20425	20248	20247	20269	20026	20231	20219	20188	20297	20330	20389	20646	20245	20434	20400	20237	23308	20638	20218	20380	20287	20926	21095	20784	20550	20029	20480	20521	20236	19859	20195	20295	20234	17038	17082	16925	16833	17065	16879	16900	18653	18943	19656	20086	20249	20939	20801
9:05:40	37.0	20026	20585	20774	20564	20357	20407	20128	20320	20125	20241	20355	20354	21116	20865	20970	20904	20940	20691	20500	20539	20208	20372	20507	20542	20365	20515	20356	20567	20412	20237	20429	20151	20368	20363	20315	20277	20286	20420	20549	20272	20448	20280	20230	23256	20777	20149	20432	20226	20842	21045	20812	20537	19980	20697	20440	20048	20151	20192	20162	20217	17020	16999	16927	16826	17121	16748	16985	18724	19092	19586	19905	20353	20940	20754
9:09:40	37.0	19904	20664	20810	20521	20372	20405	20289	20229	20035	20385	20376	20211	21200	20918	21065	20814	20776	20667	20544	20575	20245	20330	20458	20734	20105	20566	20275	20490	20398	20199	20456	19983	20184	20242	20388	20141	20380	20433	21011	20333	20430	20332	20339	23087	20812	20174	20411	20246	20815	20976	20719	20381	19911	20719	20299	20076	20119	20090	20255	20297	16991	17085	17003	16962	17211	16813	16903	18774	19079	19708	20063	20276	20936	20862
9:13:40	37.0	19769	20623	20774	20641	20390	20370	20280	20399	20211	20292	20386	20400	21352	20860	21087	21019	20943	20843	20510	20377	20092	20396	20476	20522	20186	20553	20470	20581	20447	20192	20366	20091	20373	20353	20421	20249	20274	20527	20775	20102	20541	20472	20238	23304	20747	20367	20536	20431	20656	20834	20672	20404	19942	20772	20334	20181	20201	20342	20255	20291	16990	16949	17010	16905	17201	16826	17029	18714	19040	19681	19953	20382	21180	20711
9:17:40	37.0	19822	20533	20623	20597	20515	20501	20271	20379	20321	20253	20216	20502	21150	20895	21048	20891	20749	20721	20557	20385	20204	20302	20455	20492	20232	20682	20334	20342	20301	20279	20510	20294	20341	20402	20242	20332	20121	20457	20763	20265	20419	20387	20377	23275	20730	20345	20441	20353	20593	20857	20486	20495	19863	20583	20225	20239	20171	20289	20401	20305	17009	16900	16957	16697	16985	16713	17083	18823	19176	19483	20063	20457	20883	20667
9:21:40	37.0	19779	20441	20743	20519	20352	20333	20501	20421	20189	20419	20245	20263	21175	20908	20998	21043	20804	20857	20681	20476	20259	20394	20472	20510	20280	20541	20446	20560	20268	20296	20424	20148	20310	20290	20509	20322	20177	20375	20734	20341	20383	20458	20291	23167	20682	20344	20432	20252	20625	20792	20531	20309	19948	20569	20196	20219	19937	20184	20226	20189	16921	16951	16962	16868	16963	16776	16979	18751	19195	19804	20100	20220	21143	20848
9:25:40	37.0	19991	20619	20689	20749	20379	20516	20160	20649	20242	20078	20205	20480	21186	20984	20966	21102	21033	20600	20745	20567	20149	20468	20349	20696	20304	20619	20447	20577	20264	20361	20271	20172	20440	20208	20225	20296	20224	20243	20871	20341	20262	20207	20296	23399	20829	20275	20282	20262	20469	20655	20458	20145	19721	20473	20297	20062	20214	20299	20357	20422	16839	16996	16859	16771	17123	16704	17075	18767	19351	19764	20216	20337	21087	20881
9:29:40	37.0	19896	20663	20668	20488	20580	20435	20247	20442	20298	20390	20346	20416	21099	20864	21036	21055	20897	20718	20654	20311	20029	20396	20490	20609	20250	20440	20368	20484	20264	20248	20273	20161	20255	20359	20265	20139	20093	20368	20696	20167	20458	20180	20241	23172	20806	20370	20270	20253	20428	20610	20363	20189	19797	20478	20396	20187	20113	20233	20326	20247	16964	16958	16982	16867	17043	16808	16978	18992	19242	19727	20140	20567	21094	20869
9:33:40	37.0	19745	20627	20767	20682	20494	20427	20362	20439	20320	20383	20271	20469	21165	20976	21180	21251	20827	20630	20489	20399	20265	20498	20429	20679	20196	20450	20489	20395	20385	20255	20281	20156	20304	20225	20376	20305	20359	20301	20736	20277	20363	20311	20309	23292	20698	20406	20422	20122	20480	20665	20338	20135	19811	20442	20167	20074	20211	20230	20453	20531	16864	16882	16778	16786	17069	16736	17218	18911	19402	19713	20127	20531	21097	20946
9:37:40	37.0	19712	20729	20813	20704	20309	20472	20396	20517	20367	20427	20347	20485	20968	21031	21235	21084	20918	20714	20554	20274	20149	20381	20429	20458	20256	20479	20497	20474	20270	20159	20246	20093	20395	20496	20232	20312	20216	20260	20800	20393	20292	20501	20446	23272	20803	20479	20260	20326	20415	20598	20299	20078	19655	20559	20332	20273	20175	20328	20551	20380	16903	16905	16638	16492	17088	16586	17258	18945	19382	19750	20008	20367	21072	20736
9:41:40	37.0	19837	20706	20784	20773	20516	20315	20436	20522	20213	20447	20347	20439	21323	21008	21374	21113	21005	20746	20553	20561	19992	20529	20380	20642	20366	20541	20505	20585	20487	20318	20419	20433	20388	20519	20360	20324	20237	20440	20930	20285	20304	20308	20342	23398	20721	20267	20500	20398	20259	20428	20183	19853	19663	20497	20525	20205	20315	20391	20404	20490	16851	16916	16783	16622	17048	16647	17246	18983	19388	19636	20110	20501	21076	21095
9:45:40	37.0	19831	20682	20735	20629	20544	20372	20400	20456	20409	20505	20436	20450	21130	20982	21259	21001	21065	20777	20639	20498	20227	20516	20472	20649	20365	20392	20437	20510	20274	20331	20296	20060	20593	20370	20344	20293	20192	20320	20934	20389	20263	20505	20281	23380	20705	20392	20536	20446	20245	20538	20100	19896	19702	20509	20415	20311	20254	20276	20581	20347	16926	16789	16908	16695	16950	16693	17154	19002	19462	19632	20102	20402	21190	20801
9:49:40	37.1	19883	20789	20709	20621	20512	20354	20539	20624	20438	20380	20573	20508	21218	21106	21224	21019	20883	20825	20644	20508	20114	20487	20475	20634	20204	20417	20409	20587	20443	20263	20498	20305	20558	20259	20474	20285	20234	20465	20958	20332	20263	20401	20317	23379	20672	20316	20456	20421	20268	20358	20049	19840	19599	20390	20353	20208	20250	20455	20508	20356	16836	16858	16876	16725	16962	16605	17356	18948	19217	19717	19972	20600	21208	21087
9:53:40	37.0	19944	20650	20767	20740	20458	20466	20528	20386	20357	20426	20491	20419	21021	21205	21288	21283	21179	20787	20852	20546	20342	20508	20543	20570	20158	20543	20352	20719	20444	20416	20479	20354	20501	20574	20370	20371	20299	20275	20990	20368	20268	20396	20475	23493	20892	20542	20573	20376	20122	20344	20134	19794	19521	20565	20392	20267	20240	20535	20465	20581	16762	16839	16592	16677	17004	16620	17398	18879	19367	19853	19993	20542	21077	21088
9:57:40	37.0	19764	20833	20850	20694	20505	20522	20309	20499	20424	20531	20538	20414	21225	21163	21577	21321	21003	20920	20889	20778	20226	20584	20474	20545	20479	20358	20478	20709	20444	20270	20391	20248	20589	20459	20439	20543	20316	20320	21060	20241	20504	20327	20414	23449	20761	20574	20606	20467	20053	20431	20003	19747	19484	20552	20479	20431	20289	20506	20501	20385	16783	16780	16770	16675	17060	16800	17637	18990	19747	19911	20068	20491	21132	21139
10:01:40	37.0	19993	20820	20817	20564	20710	20561	20453	20471	20527	20559	20343	20554	21405	21133	21410	21208	21087	20890	20753	20585	20483	20408	20650	20711	20414	20543	20382	20769	20544	20368	20461	20344	20553	20342	20445	20411	20321	20217	21133	20230	20366	20344	20392	23369	20884	20430	20280	20342	19962	20079	19950	19703	19418	20319	20523	20347	20198	20636	20700	20371	16894	16647	16748	16667	17015	16663	17661	19042	19470	19917	20124	20589	21335	21071
10:05:40	37.0	19914	20801	20941	20764	20506	20497	20400	20398	20342	20547	20492	20696	21152	21004	21336	21437	21103	20958	20833	20498	20240	20509	20566	20649	20294	20484	20328	20716	20347	20490	20455	20405	20475	20598	20458	20503	20358	20271	21190	20187	20346	20495	20318	23506	20801	20494	20503	20476	19928	20107	19920	19555	19271	20488	20474	20327	20477	20388	20656	20555	16888	16655	16817	16783	16907	16675	17750	19026	19461	19715	20066	20547	21151	20891
10:09:40	37.1	19919	20755	20707	20662	20564	20539	20492	20499	20515	20569	20404	20661	21102	21114	21468	21373	21037	20825	20664	20456	20189	20429	20518	20687	20247	20363	20558	20614	20498	20314	20483	20283	20500	20341	20509	20470	20274	20212	21054	20388	20399	20607	20376	23518	20817	20445	20490	20445	19755	19960	19754	19727	19245	20240	20388	20324	20461	20624	20555	20336	16854	16938	16578	16702	16943	16560	17780	19057	19505	19887	20045	20473	20944	21154
10:13:40	37.0	20020	20767	20699	20844	20542	20405	20551	20606	20402	20409	20492	20501	21197	21131	21464	21405	21071	20978	20773	20439	20182	20596	20544	20514	20383	20408	20510	20637	20701	20461	20607	20352	20589	20354	20470	20570	20381	20351	21245	20236	20405	20483	20346	23452	20961	20470	20501	20494	19769	20050	19726	19430	19376	20451	20255	20372	20576	20814	20614	20402	16738	16805	16743	16494	17014	16589	18089	19156	19579	19731	19999	20320	21403	20908
10:17:40	37.0	20047	20805	20907	20755	20898	20590	20620	20521	20433	20613	20621	20567	21219	21282	21384	21401	21034	20998	20775	20622	20411	20714	20657	20746	20287	20459	20476	20575	20442	20364	20322	20420	20555	20336	20382	20520	20343	20291	21294	20453	20384	20427	20349	23578	20720	20351	20550	20436	19690	19962	19960	19662	19264	20426	20290	20469	20424	20853	20654	20439	16928	16654	16777	16792	16864	16474	18091	19085	19597	19908	20060	20755	21194	21038
10:21:40	37.0	20059	20760	20870	20943	20655	20587	20621	20580	20381	20514	20589	20621	21113	21188	21469	21197	21269	20924	20902	20630	20319	20693	20536	20810	20268	20412	20580	20735	20747	20264	20461	20346	20628	20593	20468	20365	20223	20273	21301	20343	20538	20457	20357	23615	20868	20550	20530	20492	19557	19858	19555	19420	19127	20427	20261	20474	20509	20701	20603	20476	16790	16523	16705	16705	16944	16599	18260	19095	19612	19857	20235	20617	21253	20967
10:25:40	37.0	20206	20918	20893	20724	20725	20669	20652	20698	20666	20614	20543	20564	21266	21316	21423	21318	21258	20990	20717	20711	20456	20596	20564	20751	20410	20418	20557	20806	20531	20540	20629	20429	20747	20543	20458	20381	20323	20298	21360	20473	20528	20526	20305	23697	20879	20480	20546	20279	19661	19834	19665	19435	19206	20381	20419	20507	20502	20763	20802	20579	16821	16739	16688	16534	16891	16502	18162	19178	19687	19933	20249	20771	21333	21029
10:29:40	37.0	20253	20809	20916	20829	20839	20675	20485	20773	20509	20640	20494	20674	21254	21481	21606	21315	21327	20984	20794	20511	20446	20607	20598	20803	20251	20533	20584	20800	20489	20287	20520	20505	20599	20575	20523	20595	20324	20266	21167	20531	20462	20561	20496	23589	21010	20596	20602	20447	19545	19808	19543	19421	19030	20344	20401	20618	20577	20640	20763	20524	16840	16793	16624	16608	16687	16561	18288	19244	19681	19831	20174	20558	21276	21180
10:33:40	37.0	19840	20863	21037	20833	20707	20669	20657	20624	20526	20698	20576	20603	21263	21428	21318	21427	21486	21071	20862	20708	20544	20791	20444	20791	20330	20583	20514	20759	20703	20552	20397	20545	20484	20442	20741	20387	20275	20357	21307	20376	20473	20592	20486	23785	20831	20534	20711	20330	19493	19734	19501	19482	19003	20354	20444	20378	20496	20777	20931	20517	16855	16790	16754	16465	16924	16628	18285	19181	19801	19951	20333	20533	21204	21022
10:37:40	37.0	20038	21151	20940	20931	20823	20697	20545	20656	20670	20694	20559	20736	21377	21405	21582	21497	21472	21111	20975	20799	20506	20726	20653	20729	20232	20480	20449	20907	20606	20565	20522	20413	20621	20591	20639	20501	20508	20292	21553	20532	20578	20419	20612	23663	20827	20450	20657	20430	19436	19739	19501	19324	18957	20569	20548	20476	20604	20759	20832	20539	16871	16578	16520	16593	16951	16785	18376	19255	19784	19904	20211	20687	21425	21141
10:41:40	37.0	20005	20872	20960	20945	20762	20603	20584	20601	20577	20728	20602	20765	21308	21638	21604	21514	21357	21036	20911	20631	20281	20655	20589	20987	20437	20530	20657	20922	20554	20594	20540	20512	20580	20593	20648	20563	20467	20385	21401	20470	20610	20660	20471	23657	20755	20488	20555	20464	19389	19802	19449	19322	19043	20291	20522	20487	20873	20798	20877	20700	16735	16657	16719	16506	16935	16651	18446	19244	19837	20025	20174	20785	21388	21207
10:45:40	37.0	20125	20915	21231	20925	20922	20621	20649	20689	20628	20615	20785	20657	21423	21635	21609	21533	21404	21062	20803	20721	20551	20739	20704	20891	20350	20385	20746	20881	20560	20696	20547	20510	20540	20628	20645	20622	20382	20304	21318	20389	20272	20475	20523	23654	20901	20555	20753	20436	19503	19646	19432	19286	19048	20436	20416	20766	20661	20999	20909	20648	16709	16535	16606	16645	16920	16474	18479	19240	19908	20045	20273	20930	21389	21204
10:49:40	37.0	20245	20872	21027	20964	20750	20800	20582	20599	20666	20769	20599	20659	21270	21620	21643	21564	21516	21315	20982	20768	20478	20756	20853	20823	20448	20578	20567	20903	20651	20517	20493	20522	20804	20430	20784	20445	20581	20482	21430	20411	20575	20596	20486	23763	20819	20429	20575	20546	19266	19667	19394	19283	18840	20370	20246	20778	20778	20785	20964	20616	16657	16600	16576	16436	16834	16669	18614	19334	19879	20092	20309	20761	21400	21218
10:53:40	37.0	20397	20877	21096	21092	20829	20966	20755	20584	20649	20870	20742	20840	21421	21624	21774	21565	21601	21193	20925	20877	20438	20863	20761	20907	20543	20651	20615	20998	20703	20660	20571	20529	20654	20652	20631	20571	20468	20532	21476	20564	20559	20556	20675	23927	20952	20673	20707	20598	19147	19665	19207	19239	18958	20437	20457	20526	20732	21034	21044	20715	16671	16755	16784	16563	16848	16644	18844	19446	19849	19961	20190	20862	21367	21175
10:57:40	37.0	20311	21177	21112	21093	21027	20800	20721	20772	20663	20772	20597	20956	21473	21673	21780	21661	21567	21399	21115	20713	20599	20877	20973	21085	20523	20470	20666	21016	20723	20516	20777	20534	20713	20548	20673	20637	20604	20407	21522	20438	20599	20481	20476	23817	21037	20724	20567	20454	19232	19593	19082	19081	18855	20569	20536	20869	20909	20923	20936	20765	16749	16542	16561	16648	16911	16464	18837	19284	20002	20234	20205	20931	21532	21216
11:01:40	37.0	20222	20950	21083	20928	20930	20812	20775	20680	20839	20854	20751	20759	21447	21795	21748	21888	21506	21351	21099	20652	20499	20789	20799	20941	20427	20609	20688	21290	20675	20458	20701	20632	20834	20629	20610	20690	20366	20331	21549	20586	20463	20566	20616	23770	21054	20676	20870	20617	19192	19469	19242	19102	18887	20498	20476	20863	20939	21148	21304	20713	16713	16655	16622	16474	16978	16464	18756	19405	19965	20184	20160	20932	21467	21318
11:05:40	37.0	20332	20997	21110	20950	21033	20869	20768	20813	20835	20727	20779	20825	21480	21894	21735	21752	21358	21204	21137	20867	20446	20835	20868	20969	20525	20498	20780	21051	20698	20557	20658	20509	20902	20709	20821	20700	20459	20618	21745	20647	20666	20667	20542	24078	21089	20697	20856	20567	19204	19486	19174	19111	18950	20530	20742	20825	20878	21058	21080	20727	16473	16738	16604	16623	16927	16543	18672	19398	19945	20068	20229	21005	21469	21426
11:09:40	37.0	20378	20988	21209	21282	21090	21021	20773	20841	20792	20884	20651	20927	21373	22099	21753	21669	21698	21162	20911	20719	20497	20857	20748	21000	20604	20576	20756	21146	20664	20567	20476	20447	20925	20756	21035	20673	20417	20670	21567	20602	20689	20563	20746	23931	21048	20678	20788	20715	19074	19497	19272	19047	18747	20539	20519	21031	20967	21168	21038	20803	16756	16470	16616	16544	16924	16480	18973	19465	19901	20155	20257	20851	21569	21195
11:13:40	37.0	20407	21019	21225	21202	21140	20938	20873	20874	20711	20822	20797	20874	21547	21955	21845	21686	21729	21459	21128	20815	20681	20706	20818	20797	20566	20500	20769	21083	20769	20585	20655	20725	20837	20673	20720	20747	20445	20336	21639	20641	20492	20737	20723	23895	21128	20663	20863	20545	18935	19511	19090	18976	18755	20490	20471	20877	21080	21071	21204	20871	16818	16564	16709	16591	16794	16650	18894	19585	20094	20115	20262	20774	21644	21363
11:17:40	37.0	20557	21036	21265	21094	21262	21064	20989	20825	20790	20872	20627	20866	21446	21980	21792	21688	21688	21338	21045	20854	20690	20746	20741	21044	20733	20717	20730	21186	20583	20659	20747	20413	20886	20736	20751	20801	20632	20530	21686	20732	20574	20701	20619	24127	21130	20660	20679	20653	18902	19446	19225	19028	18651	20542	20464	20920	20939	21233	21259	20851	16535	16531	16577	16554	16788	16561	18857	19549	20077	20132	20408	20992	21343	21395
11:21:40	37.0	20665	21188	21083	21276	21237	20987	20979	20995	21018	20830	20685	20852	21587	22047	21768	21788	21753	21260	21234	20867	20612	21013	20962	21061	20478	20424	20976	21161	20800	20523	20716	20687	20826	20845	20800	20866	20592	20700	21663	20779	20782	20774	20837	23997	20990	20779	20879	20627	18988	19187	19149	18989	18757	20432	20648	21029	21041	21167	21111	20879	16645	16663	16491	16702	17066	16513	18902	19575	20137	20188	20517	20903	21587	21392
11:25:40	37.0	20545	21073	21238	21215	21291	20921	20887	20831	20781	21125	20773	21186	21565	21845	21864	21758	21644	21421	21253	21041	20558	20997	20786	21015	20607	20689	20785	21159	20632	20741	20674	20814	20896	20858	20873	20683	20793	20533	21808	20621	20668	20989	20698	24124	21232	20702	20754	20595	18827	19376	19138	19095	18667	20551	20737	20898	21161	21123	21154	20793	16594	16591	16544	16490	16826	16436	18995	19710	20186	20203	20562	21073	21482	21372
11:29:40	37.0	20531	21154	21262	21283	21186	20963	20936	20975	21004	20861	20890	20791	21826	22012	21940	22072	21743	21514	21145	20954	20554	20932	20963	21128	20728	20619	20948	21212	20783	20744	20795	20658	20800	20705	20943	20703	20676	20631	21755	20844	20590	20910	20873	24102	21312	21016	20911	20803	18907	19273	19025	18764	18595	20483	20684	20994	21136	21197	21288	20766	16542	16549	16582	16513	16782	16678	19129	19638	20117	20549	20439	21046	21657	21389
11:33:40	37.0	20711	21120	21436	21474	21439	21049	20871	20957	20828	21008	20827	21046	21674	22135	22003	21871	21590	21554	21187	20975	20784	20889	20753	21210	20639	20732	20902	21499	20836	20743	20825	20792	20918	20833	20922	20794	20689	20281	21817	20821	20675	20812	20937	24027	21252	20999	20943	20754	18912	19164	19002	18969	18722	20755	20852	20988	21060	21328	21273	20820	16678	16471	16539	16515	16924	16604	19046	19619	20241	20258	20377	21026	21592	21422
11:37:40	37.0	20711	21004	21425	21293	21206	20999	20944	20892	21081	21036	20789	20957	21801	22066	22022	21964	21838	21517	21449	21023	20489	20821	20812	21043	20744	20607	20855	21438	20919	20750	20852	20809	20976	20957	20849	20843	20791	20567	22006	20780	20682	20688	20699	24273	21276	20763	20896	20742	18922	19280	19051	18716	18575	20679	20847	21155	21219	21382	21374	21011	16641	16564	16456	16435	16828	16601	19066	19688	20353	20263	20276	21007	21725	21451
11:41:40	37.0	20848	21207	21344	21237	21392	20996	20953	20984	21085	21032	20964	20814	21791	22155	22058	21965	21813	21378	21348	21106	20649	21254	20949	21202	20528	20661	20896	21216	20830	20695	20876	20740	20842	21079	20853	20768	20822	20615	21787	20829	20840	20953	20812	24113	21387	20965	20949	20639	18800	19122	18947	18747	18446	20692	20669	21177	21238	21587	21396	20945	16534	16540	16498	16496	16900	16664	19092	19740	20139	20255	20438	21023	21643	21402
11:45:40	37.0	20708	21129	21178	21269	21492	21149	20942	21046	21009	20984	20940	20859	21829	22200	22124	21834	21829	21717	21309	20929	20805	20940	21005	20987	20518	20609	20917	21468	20841	20854	20907	20768	20914	20804	20967	20857	20725	20553	21985	20730	20814	20870	20811	24202	21094	20982	20968	20672	18864	19100	18874	18827	18512	20622	20817	21171	21133	21443	21151	20923	16524	16401	16393	16530	16878	16529	19250	19721	20283	20256	20391	21147	21462	21260
11:49:40	37.0	20854	21188	21251	21385	21508	20993	21108	20995	21105	21183	21088	20888	21769	22268	21978	21971	21566	21357	21393	21082	20655	20873	21067	21207	20719	20695	21121	21294	20893	20908	20777	20764	21104	20869	20970	20900	20838	20715	22037	20869	20876	20919	20879	24121	21114	20982	20981	20879	18641	19207	18943	18772	18610	20607	20986	21295	21300	21512	21396	20942	16538	16491	16477	16475	16864	16625	19358	19811	20424	20258	20420	21104	21681	21493
11:53:40	37.0	20813	21176	21492	21467	21278	21130	20938	21072	20982	21054	21124	20986	21980	22208	21886	22041	21893	21460	21332	20887	20702	21042	20954	21097	20903	20743	20664	21376	20713	20821	20848	21016	21225	20990	21101	20963	20850	20810	22182	20784	20806	20915	20856	24349	21373	20942	20992	20813	18796	19052	18995	18647	18538	20710	20753	21314	21434	21245	21497	20975	16698	16367	16548	16440	16869	16639	19011	19852	20207	20305	20517	21192	21749	21332
11:57:40	37.0	21031	21359	21393	21227	21504	21117	21099	21011	21088	21116	21055	21014	21843	22400	22161	22046	21805	21482	21423	21054	20815	21016	20969	21101	20843	20561	21032	21465	20751	20754	20932	20895	21185	21032	20833	21056	20997	20603	22112	20733	20806	20968	20884	24324	21362	20986	21171	20825	18753	18940	18728	18666	18447	20603	20688	21265	21281	21629	21357	20825	16621	16605	16553	16426	16840	16578	19303	19882	20373	20339	20595	21132	21677	21571
12:01:40	37.0	20951	21300	21517	21429	21501	21038	21098	21006	20828	21036	21005	20928	21792	22080	21978	22006	21813	21678	21470	20930	20731	21135	20947	21324	20850	20673	20941	21495	20830	20903	20869	20891	21063	21058	21030	20796	20866	20596	22154	20861	20826	20908	20937	24276	21283	20904	20972	20743	18655	19005	18889	18614	18396	20659	20755	21477	21252	21520	21555	21173	16670	16476	16463	16545	16822	16523	19409	19817	20346	20340	20381	21126	21856	21533

BFP and GFP:485,510

Time	T° BFP and GFP:485,510	B1	B2	B3	B4	B5	B6	B7	B8	B9	B10	B11	B12	C1	C2	C3	C4	C5	C6	C7	C8	C9	C10	C11	C12	D1	D2	D3	D4	D5	D6	D7	D8	D9	D10	D11	D12	E1	E2	E3	E4	E5	E6	E7	E8	E9	E10	E11	E12	F1	F2	F3	F4	F5	F6	F7	F8	F9	F10	F11	F12	G1	G2	G3	G4	G5	G6	G7	G8	G9	G10	G11	G12	H11	H12
0:02:26	36.9	1783	1739	1718	1858	1930	1944	2000	1818	1784	1740	1641	1549	1743	2010	1964	1941	1956	1822	1833	1748	1570	1592	1574	1555	1753	1766	1862	1870	1910	1998	1956	1793	1805	1809	1772	1641	1851	1953	1963	1853	1969	1925	1844	1740	1640	1674	1676	1921	1940	1901	1875	1885	1885	1958	1942	1875	1746	1726	1657	1747	1926	1977	2023	1980	1972	1896	1882	1852	1730	1730	1701	1675	1587	1578
0:06:26	37.0	1782	1717	1722	1841	1958	1944	1949	1821	1789	1666	1690	1542	1749	1907	1905	1877	1899	1820	1794	1764	1587	1548	1516	1517	1773	1792	1859	1865	1916	1977	1884	1774	1829	1783	1723	1570	1863	1930	1933	1875	1954	1919	1862	1696	1590	1663	1620	1729	1918	1882	1863	1833	1865	1941	1959	1817	1719	1709	1644	1696	1977	2003	1998	1965	1897	1834	1859	1826	1676	1742	1705	1681	1621	1577
0:10:26	37.0	1743	1736	1691	1810	1891	1901	1946	1795	1789	1680	1633	1583	1781	1944	1883	1858	1889	1772	1773	1703	1551	1540	1508	1449	1765	1778	1823	1799	1859	1966	1869	1779	1779	1832	1720	1576	1870	1933	1924	1816	1941	1939	1873	1667	1596	1607	1603	1684	1936	1890	1887	1818	1857	1946	1904	1852	1683	1719	1608	1688	1948	1996	1967	1953	1842	1833	1807	1776	1695	1751	1690	1672	1583	1536
0:14:26	37.0	1786	1723	1720	1817	1869	1869	1966	1813	1764	1675	1711	1631	1796	1903	1888	1877	1876	1757	1741	1731	1587	1616	1475	1494	1747	1735	1812	1830	1870	1954	1855	1774	1741	1821	1732	1574	1884	1911	1907	1826	1940	1912	1788	1658	1599	1653	1605	1654	1956	1894	1867	1852	1802	1922	1912	1814	1640	1728	1625	1656	1877	1936	1953	1945	1855	1849	1824	1839	1678	1724	1689	1730	1605	1547
0:18:26	37.0	1770	1761	1702	1797	1850	1897	1946	1760	1754	1666	1699	1736	1790	1861	1920	1887	1898	1816	1757	1747	1562	1595	1488	1475	1756	1739	1875	1821	1862	1934	1830	1747	1736	1803	1743	1553	1866	1896	1941	1844	1870	1937	1865	1672	1594	1694	1592	1661	1945	1881	1876	1820	1814	1947	1901	1810	1683	1733	1662	1657	1923	1954	1956	1951	1882	1852	1793	1806	1699	1707	1710	1789	1561	1538
0:22:26	37.0	1831	1732	1699	1796	1828	1841	1915	1782	1728	1704	1657	1703	1780	1886	1906	1880	1876	1771	1799	1730	1564	1618	1511	1460	1791	1748	1864	1804	1879	1966	1886	1777	1737	1797	1760	1554	1876	1885	1917	1828	1891	1922	1880	1685	1599	1655	1616	1651	1966	1850	1886	1865	1850	1912	1875	1827	1663	1711	1601	1693	1897	1961	1958	1936	1871	1803	1805	1883	1702	1721	1709	1850	1638	1566
0:26:26	37.0	1798	1741	1726	1769	1845	1848	1891	1776	1755	1714	1718	1735	1787	1883	1889	1893	1859	1755	1736	1716	1584	1619	1500	1484	1767	1781	1860	1786	1865	1912	1827	1733	1729	1778	1760	1585	1869	1891	1886	1784	1931	1913	1874	1676	1626	1707	1561	1615	1960	1862	1846	1862	1835	1914	1870	1841	1638	1680	1656	1649	1857	1916	1998	1902	1837	1817	1799	1850	1681	1736	1705	1878	1649	1544
0:30:26	37.0	1815	1731	1752	1785	1827	1842	1846	1745	1742	1697	1691	1729	1760	1837	1890	1905	1879	1802	1756	1718	1600	1604	1473	1514	1752	1754	1871	1795	1837	1900	1803	1767	1730	1788	1728	1556	1866	1894	1876	1795	1939	1874	1909	1668	1530	1676	1576	1624	1944	1865	1844	1862	1809	1928	1869	1830	1672	1692	1642	1695	1896	1925	1983	1887	1830	1820	1761	1863	1657	1694	1712	1848	1603	1525
0:34:26	37.0	1773	1704	1697	1728	1761	1844	1820	1729	1684	1683	1667	1661	1710	1852	1896	1860	1815	1742	1729	1716	1568	1624	1493	1463	1742	1745	1892	1795	1811	1876	1815	1769	1669	1719	1723	1531	1857	1880	1903	1784	1939	1877	1885	1627	1559	1686	1610	1615	1921	1825	1873	1835	1797	1914	1871	1832	1665	1674	1643	1721	1860	1913	1936	1842	1852	1793	1771	1867	1663	1699	1738	1838	1598	1501
0:38:26	37.0	1777	1703	1698	1736	1760	1831	1845	1734	1746	1731	1674	1710	1759	1816	1885	1869	1863	1760	1752	1715	1585	1607	1453	1485	1762	1752	1850	1758	1806	1846	1799	1740	1682	1702	1695	1551	1862	1865	1853	1801	1901	1864	1922	1656	1546	1687	1554	1617	1940	1829	1793	1883	1844	1899	1868	1833	1643	1685	1639	1676	1841	1936	1940	1884	1806	1783	1773	1856	1664	1686	1718	1750	1639	1534
0:42:26	37.0	1813	1721	1707	1815	1805	1836	1856	1726	1762	1741	1697	1680	1731	1870	1919	1895	1831	1784	1751	1755	1618	1670	1499	1492	1777	1772	1892	1753	1854	1824	1845	1771	1673	1732	1754	1543	1916	1913	1908	1837	1900	1924	1915	1682	1577	1667	1557	1631	2002	1841	1836	1874	1838	1936	1830	1862	1652	1677	1702	1718	1867	1932	1945	1881	1863	1770	1797	1908	1663	1728	1677	1812	1629	1518
0:46:26	37.0	1799	1725	1683	1733	1789	1802	1818	1754	1705	1719	1693	1669	1730	1863	1890	1903	1827	1812	1746	1743	1612	1615	1487	1477	1770	1777	1861	1777	1784	1815	1837	1776	1702	1751	1751	1522	1860	1869	1871	1830	1923	1931	1928	1674	1616	1695	1564	1634	1972	1812	1850	1861	1793	1931	1869	1850	1637	1686	1657	1659	1877	1944	1920	1871	1870	1768	1771	1875	1611	1741	1689	1825	1609	1568
0:50:26	37.0	1788	1707	1712	1750	1763	1788	1828	1709	1692	1783	1699	1652	1727	1846	1889	1891	1866	1785	1770	1759	1602	1634	1535	1486	1724	1788	1889	1721	1817	1828	1842	1791	1696	1728	1703	1550	1880	1914	1861	1812	1936	1934	1943	1672	1581	1683	1591	1618	1931	1820	1839	1864	1790	1932	1877	1832	1693	1644	1670	1689	1877	1950	1938	1901	1856	1792	1749	1833	1685	1667	1718	1780	1652	1522
0:54:26	37.0	1740	1706	1681	1732	1810	1814	1800	1742	1708	1746	1682	1595	1717	1807	1830	1899	1835	1776	1774	1749	1615	1618	1547	1502	1743	1773	1853	1723	1790	1827	1788	1800	1677	1724	1730	1551	1873	1906	1834	1824	1907	1935	1942	1662	1573	1690	1581	1641	1858	1822	1837	1875	1794	1909	1861	1825	1658	1652	1615	1693	1855	1891	1943	1871	1842	1787	1774	1840	1672	1685	1696	1686	1613	1527
0:58:26	37.0	1725	1713	1682	1674	1796	1764	1814	1712	1703	1686	1673	1570	1717	1777	1859	1870	1840	1785	1768	1741	1649	1580	1525	1472	1748	1760	1851	1728	1775	1805	1835	1773	1636	1701	1752	1545	1836	1867	1866	1812	1934	1918	1930	1635	1578	1661	1551	1649	1894	1836	1800	1886	1787	1882	1878	1841	1663	1632	1629	1654	1851	1926	1901	1888	1811	1727	1780	1799	1666	1676	1649	1785	1612	1531
1:02:26	37.0	1733	1678	1662	1702	1750	1761	1810	1729	1713	1686	1642	1587	1680	1767	1794	1873	1829	1776	1742	1710	1615	1595	1503	1473	1741	1726	1819	1723	1789	1817	1796	1786	1610	1721	1700	1490	1843	1905	1855	1831	1886	1905	1916	1678	1570	1664	1558	1648	1889	1853	1818	1826	1789	1877	1822	1804	1628	1659	1635	1678	1810	1891	1896	1829	1824	1760	1752	1785	1650	1635	1654	1717	1606	1539
1:06:26	37.0	1697	1676	1652	1672	1753	1765	1764	1690	1643	1707	1652	1582	1679	1775	1818	1905	1825	1765	1763	1707	1651	1615	1557	1454	1732	1730	1809	1719	1797	1773	1807	1778	1676	1663	1725	1459	1845	1849	1785	1779	1858	1902	1902	1640	1544	1665	1575	1616	1871	1820	1816	1818	1797	1865	1829	1780	1613	1643	1654	1677	1810	1892	1867	1826	1852	1748	1780	1759	1613	1653	1641	1660	1600	1506
1:10:26	37.0	1706	1668	1659	1713	1742	1744	1751	1686	1708	1686	1653	1580	1712	1778	1836	1923	1821	1818	1739	1734	1642	1570	1547	1469	1746	1712	1842	1692	1776	1764	1782	1769	1618	1700	1689	1520	1831	1868	1854	1791	1895	1920	1914	1622	1561	1647	1564	1634	1884	1766	1788	1790	1759	1847	1817	1786	1633	1626	1584	1616	1838	1890	1899	1866	1814	1720	1761	1782	1627	1682	1646	1741	1581	1464
1:14:26	37.0	1674	1641	1597	1683	1703	1720	1729	1677	1645	1639	1642	1534	1655	1766	1748	1835	1786	1719	1707	1683	1603	1574	1542	1426	1708	1693	1803	1634	1760	1731	1727	1773	1617	1682	1679	1522	1757	1822	1809	1735	1840	1865	1882	1632	1530	1625	1528	1588	1825	1810	1758	1721	1749	1819	1787	1752	1604	1585	1600	1655	1773	1838	1841	1780	1807	1678	1700	1721	1583	1630	1579	1604	1551	1455
1:18:26	37.0	1672	1643	1628	1656	1740	1761	1762	1687	1645	1646	1674	1544	1671	1745	1764	1853	1806	1737	1745	1659	1618	1619	1575	1438	1737	1677	1818	1687	1728	1740	1752	1724	1590	1651	1655	1495	1784	1840	1831	1744	1854	1898	1918	1613	1556	1643	1543	1607	1835	1820	1778	1786	1741	1806	1834	1792	1593	1586	1580	1665	1758	1876	1871	1807	1789	1733	1681	1721	1633	1630	1609	1598	1535	1492
1:22:26	37.0	1688	1626	1638	1671	1735	1756	1728	1651	1626	1657	1638	1529	1679	1754	1764	1829	1809	1742	1755	1681	1642	1589	1545	1452	1709	1674	1780	1666	1735	1730	1727	1701	1575	1685	1651	1488	1756	1834	1809	1726	1834	1895	1925	1627	1573	1626	1525	1589	1845	1792	1732	1787	1772	1818	1819	1782	1586	1558	1565	1613	1794	1879	1865	1803	1799	1690	1717	1741	1593	1586	1603	1664	1596	1472
1:26:26	37.0	1653	1616	1586	1675	1667	1735	1721	1662	1644	1632	1611	1500	1671	1689	1723	1795	1790	1729	1712	1676	1595	1551	1561	1406	1652	1668	1781	1645	1729	1718	1711	1728	1579	1622	1632	1475	1781	1821	1750	1759	1844	1881	1882	1595	1510	1601	1505	1587	1825	1779	1778	1743	1750	1804	1806	1773	1592	1557	1545	1634	1755	1880	1859	1769	1763	1711	1687	1704	1597	1604	1566	1603	1586	1464
1:30:26	37.0	1653	1596	1595	1631	1687	1705	1740	1648	1582	1593	1602	1484	1636	1657	1730	1818	1762	1678	1728	1647	1589	1568	1561	1410	1681	1657	1775	1626	1700	1693	1734	1723	1558	1599	1642	1463	1749	1829	1771	1743	1814	1840	1900	1609	1523	1562	1494	1558	1801	1790	1735	1724	1715	1784	1789	1744	1574	1548	1536	1656	1719	1877	1803	1743	1746	1715	1711	1712	1591	1614	1548	1561	1549	1467
1:34:26	37.0	1655	1601	1581	1624	1676	1719	1702	1606	1604	1594	1613	1488	1589	1694	1704	1746	1774	1705	1705	1669	1603	1599	1568	1397	1689	1624	1760	1634	1698	1686	1710	1692	1588	1636	1663	1442	1758	1793	1797	1710	1787	1811	1881	1594	1555	1577	1516	1552	1808	1753	1740	1698	1702	1760	1799	1722	1550	1532	1518	1590	1739	1873	1807	1755	1742	1680	1711	1674	1574	1622	1525	1542	1538	1460
1:38:26	37.0	1616	1614	1590	1642	1703	1685	1662	1667	1598	1570	1626	1484	1629	1685	1688	1778	1775	1723	1714	1603	1579	1546	1537	1375	1678	1618	1759	1666	1719	1700	1698	1696	1552	1618	1615	1457	1748	1793	1739	1713	1763	1825	1840	1608	1518	1557	1511	1558	1738	1757	1700	1730	1707	1794	1771	1700	1571	1535	1544	1590	1744	1827	1827	1718	1724	1667	1692	1649	1551	1556	1551	1554	1508	1459
1:42:26	37.0	1554	1584	1568	1586	1652	1661	1664	1603	1619	1528	1580	1441	1602	1615	1642	1738	1761	1685	1662	1620	1537	1524	1502	1373	1645	1592	1739	1613	1684	1657	1673	1672	1533	1591	1562	1401	1688	1770	1752	1693	1731	1816	1830	1576	1471	1529	1455	1531	1712	1740	1681	1663	1695	1761	1745	1684	1516	1508	1485	1551	1701	1813	1761	1686	1723	1634	1668	1656	1539	1587	1489	1573	1515	1485
1:46:26	37.0	1557	1574	1546	1610	1690	1660	1673	1625	1571	1567	1592	1473	1588	1646	1657	1741	1739	1694	1689	1609	1560	1502	1550	1366	1683	1627	1733	1610	1681	1676	1692	1698	1568	1596	1565	1428	1691	1802	1760	1678	1788	1801	1851	1563	1477	1542	1476	1513	1732	1728	1661	1668	1680	1760	1760	1685	1510	1512	1496	1567	1648	1789	1741	1749	1729	1633	1685	1628	1485	1541	1493	1471	1480	1457
1:50:26	37.0	1569	1543	1545	1583	1645	1634	1634	1612	1572	1538	1548	1443	1562	1642	1639	1706	1726	1645	1650	1587	1533	1494	1549	1330	1665	1559	1741	1565	1663	1694	1660	1663	1521	1567	1583	1394	1723	1730	1750	1684	1737	1793	1796	1546	1454	1518	1432	1517	1674	1709	1647	1664	1637	1760	1708	1659	1507	1465	1467	1514	1671	1779	1735	1669	1728	1621	1629	1594	1521	1523	1450	1482	1478	1457
1:54:26	37.0	1541	1563	1528	1568	1599	1650	1676	1600	1551	1552	1563	1457	1554	1615	1631	1713	1724	1694	1692	1583	1551	1498	1512	1339	1645	1595	1687	1570	1680	1663	1651	1650	1551	1575	1553	1399	1657	1738	1712	1695	1732	1793	1795	1529	1465	1539	1461	1512	1695	1702	1641	1648	1674	1684	1677	1677	1468	1482	1510	1552	1654	1785	1763	1672	1694	1581	1634	1611	1503	1481	1480	1476	1497	1432
1:58:26	37.0	1553	1538	1523	1575	1660	1618	1650	1611	1529	1494	1550	1399	1519	1579	1585	1644	1703	1664	1634	1549	1537	1480	1513	1356	1627	1569	1712	1591	1621	1642	1631	1667	1535	1552	1525	1426	1666	1735	1726	1673	1729	1783	1813	1560	1436	1488	1413	1471	1665	1674	1617	1619	1647	1701	1685	1643	1500	1442	1449	1511	1617	1765	1654	1662	1681	1555	1587	1593	1476	1487	1417	1484	1468	1406
2:02:26	37.0	1539	1549	1529	1577	1641	1670	1622	1613	1541	1523	1561	1425	1539	1615	1626	1700	1697	1654	1615	1580	1528	1495	1548	1373	1624	1569	1696	1578	1658	1673	1678	1677	1531	1558	1570	1381	1652	1742	1738	1702	1703	1764	1812	1534	1487	1526	1442	1496	1656	1686	1650	1609	1642	1685	1683	1633	1491	1437	1462	1493	1618	1759	1716	1681	1674	1574	1586	1583	1471	1454	1438	1467	1479	1428
2:06:26	37.0	1528	1533	1513	1562	1603	1658	1622	1640	1557	1493	1548	1452	1537	1556	1617	1670	1717	1643	1629	1515	1515	1463	1487	1349	1616	1548	1679	1563	1658	1661	1664	1656	1548	1544	1559	1386	1670	1750	1700	1675	1752	1762	1766	1502	1454	1489	1388	1507	1686	1679	1639	1650	1650	1693	1673	1654	1497	1448	1465	1524	1614	1743	1688	1656	1640	1563	1590	1546	1437	1460	1430	1434	1468	1366
2:10:26	37.0	1541	1560	1538	1607	1617	1654	1641	1643	1559	1552	1586	1447	1489	1570	1598	1676	1671	1654	1641	1540	1547	1496	1483	1316	1636	1525	1665	1609	1673	1612	1656	1664	1497	1553	1531	1397	1618	1737	1709	1686	1705	1760	1768	1530	1452	1500	1424	1484	1644	1654	1627	1618	1658	1718	1720	1654	1507	1457	1419	1518	1609	1732	1670	1659	1638	1540	1604	1545	1454	1457	1431	1423	1463	1410
2:14:26	37.0	1497	1521	1476	1586	1599	1642	1623	1622	1512	1488	1551	1414	1537	1556	1596	1635	1667	1593	1641	1503	1504	1443	1512	1287	1584	1573	1676	1576	1609	1641	1636	1654	1515	1537	1551	1375	1590	1697	1659	1650	1681	1756	1751	1497	1396	1476	1386	1439	1630	1666	1596	1569	1622	1668	1644	1622	1475	1457	1428	1469	1565	1691	1627	1614	1616	1539	1575	1507	1403	1423	1358	1434	1442	1334
2:18:26	37.0	1546	1548	1511	1583	1625	1645	1633	1612	1531	1522	1555	1420	1504	1568	1579	1624	1684	1608	1622	1520	1462	1430	1505	1321	1589	1538	1686	1563	1633	1618	1659	1652	1522	1545	1523	1350	1619	1721	1661	1729	1702	1769	1777	1485	1411	1456	1405	1436	1625	1648	1591	1571	1577	1690	1679	1601	1475	1426	1449	1511	1544	1692	1619	1588	1618	1521	1564	1483	1417	1457	1361	1416	1408	1369
2:22:26	37.0	1541	1523	1508	1573	1624	1634	1595	1612	1530	1543	1509	1394	1494	1566	1589	1616	1658	1596	1603	1501	1500	1419	1444	1278	1601	1532	1644	1569	1610	1616	1618	1610	1501	1524	1540	1390	1601	1679	1657	1657	1675	1727	1736	1521	1391	1438	1402	1461	1615	1646	1564	1604	1639	1671	1627	1593	1498	1410	1438	1515	1527	1703	1663	1603	1558	1506	1536	1500	1416	1394	1372	1401	1426	1357
2:26:26	37.0	1514	1552	1530	1583	1621	1651	1622	1584	1526	1514	1555	1384	1516	1569	1605	1612	1683	1604	1607	1534	1476	1419	1456	1320	1573	1536	1651	1582	1650	1604	1645	1629	1479	1501	1540	1341	1578	1684	1650	1633	1664	1744	1766	1496	1412	1470	1385	1456	1602	1651	1595	1560	1626	1677	1690	1620	1483	1452	1412	1455	1527	1710	1632	1587	1607	1505	1566	1481	1379	1415	1357	1379	1424	1342
2:30:26	37.0	1515	1554	1487	1546	1597	1626	1627	1580	1503	1532	1539	1403	1506	1565	1592	1654	1690	1614	1630	1493	1473	1447	1521	1271	1601	1519	1649	1573	1625	1634	1651	1632	1484	1506	1527	1343	1583	1681	1648	1644	1682	1723	1731	1521	1411	1462	1340	1433	1602	1646	1599	1610	1610	1667	1680	1612	1501	1437	1407	1496	1493	1660	1629	1595	1577	1463	1515	1459	1406	1415	1337	1386	1423	1378
2:34:26	37.0	1511	1519	1505	1561	1572	1595	1637	1580	1500	1508	1563	1376	1499	1541	1576	1628	1684	1571	1648	1500	1475	1410	1511	1271	1557	1492	1619	1560	1599	1613	1621	1608	1470	1491	1514	1339	1577	1700	1649	1621	1639	1731	1741	1487	1377	1465	1376	1451	1585	1594	1566	1587	1605	1637	1668	1579	1475	1421	1411	1463	1510	1657	1591	1591	1594	1470	1498	1456	1351	1402	1362	1380	1392	1355
2:38:26	37.0	1506	1515	1483	1542	1576	1625	1616	1547	1475	1540	1500	1391	1472	1565	1589	1608	1672	1603	1633	1511	1458	1431	1444	1304	1570	1481	1642	1557	1598	1619	1581	1600	1464	1492	1508	1327	1567	1674	1633	1659	1618	1737	1710	1487	1432	1462	1379	1430	1615	1608	1583	1556	1611	1666	1621	1574	1456	1437	1404	1447	1489	1642	1589	1568	1585	1485	1520	1457	1344	1355	1329	1382	1407	1350
2:42:26	37.0	1499	1512	1470	1542	1563	1597	1614	1576	1488	1475	1521	1390	1502	1577	1591	1634	1689	1604	1605	1482	1500	1405	1465	1258	1594	1487	1628	1522	1605	1621	1601	1593	1472	1500	1471	1345	1546	1650	1630	1602	1680	1725	1721	1478	1406	1449	1359	1398	1619	1605	1560	1563	1589	1630	1627	1593	1448	1399	1411	1486	1498	1653	1579	1559	1562	1486	1495	1436	1372	1406	1336	1379	1420	1366
2:46:26	37.0	1512	1506	1487	1540	1587	1604	1570	1548	1468	1515	1522	1371	1515	1551	1604	1627	1723	1597	1579	1502	1481	1424	1441	1274	1545	1470	1598	1511	1635	1613	1617	1582	1481	1473	1513	1335	1582	1650	1637	1609	1677	1686	1718	1490	1378	1441	1353	1410	1605	1590	1536	1527	1607	1643	1634	1567	1442	1408	1392	1462	1484	1622	1561	1526	1580	1473	1510	1438	1318	1391	1328	1440	1391	1323
2:50:26	37.0	1552	1539	1491	1531	1600	1587	1610	1582	1488	1511	1546	1379	1507	1576	1618	1644	1677	1623	1619	1519	1459	1409	1462	1300	1568	1461	1602	1554	1593	1589	1568	1601	1517	1493	1491	1341	1594	1653	1635	1672	1635	1666	1732	1508	1404	1425	1378	1424	1581	1627	1556	1578	1581	1630	1617	1595	1448	1424	1407	1469	1469	1627	1591	1573	1579	1476	1502	1439	1342	1380	1342	1404	1416	1359
2:54:26	37.0	1453	1497	1453	1524	1543	1598	1588	1559	1460	1451	1505	1390	1491	1555	1569	1598	1685	1619	1612	1473	1436	1379	1438	1271	1529	1449	1591	1541	1560	1568	1585	1575	1460	1456	1487	1331	1580	1638	1616	1626	1614	1694	1737	1460	1378	1423	1341	1413	1546	1589	1560	1520	1568	1642	1592	1547	1450	1432	1388	1445	1460	1596	1532	1530	1578	1425	1472	1389	1336	1376	1284	1365	1418	1363
2:58:26	36.9	1482	1502	1485	1522	1573	1589	1584	1549	1489	1479	1518	1379	1467	1535	1574	1624	1684	1583	1604	1480	1432	1390	1447	1268	1542	1458	1587	1518	1610	1581	1591	1579	1459	1502	1475	1311	1497	1637	1586	1567	1614	1708	1690	1463	1361	1412	1354	1423	1529	1574	1527	1540	1574	1593	1610	1527	1423	1395	1382	1445	1465	1583	1573	1512	1581	1425	1471	1436	1347	1378	1265	1388	1369	1354
3:02:26	37.0	1470	1499	1463	1546	1559	1608	1582	1518	1446	1483	1488	1415	1484	1546	1604	1611	1661	1576	1583	1463	1422	1403	1469	1238	1520	1417	1582	1503	1570	1574	1594	1575	1439	1462	1489	1337	1534	1638	1604	1577	1610	1680	1707	1439	1357	1411	1362	1427	1572	1579	1517	1512	1576	1602	1615	1579	1430	1359	1378	1445	1451	1598	1535	1502	1507	1419	1486	1388	1303	1344	1268	1355	1385	1320
3:06:26	37.0	1481	1514	1487	1581	1589	1593	1574	1589	1472	1466	1482	1384	1485	1559	1587	1597	1689	1625	1586	1495	1454	1409	1464	1277	1526	1386	1527	1483	1541	1566	1552	1568	1433	1421	1440	1284	1520	1596	1612	1579	1602	1676	1687	1483	1366	1414	1345	1423	1580	1572	1513	1497	1571	1610	1593	1559	1433	1395	1401	1423	1463	1600	1547	1539	1558	1441	1479	1380	1328	1381	1306	1372	1399	1312
3:10:26	37.0	1489	1536	1499	1522	1570	1560	1563	1539	1459	1451	1457	1330	1489	1565	1572	1628	1735	1605	1602	1461	1419	1393	1491	1267	1512	1391	1535	1453	1522	1551	1509	1502	1431	1428	1399	1221	1529	1625	1597	1595	1631	1649	1712	1507	1369	1414	1360	1388	1544	1604	1523	1546	1548	1618	1645	1576	1443	1384	1387	1400	1452	1579	1561	1480	1536	1445	1460	1416	1336	1361	1285	1369	1421	1328
3:14:26	37.0	1501	1492	1480	1520	1535	1538	1542	1503	1421	1427	1436	1302	1487	1597	1609	1633	1669	1621	1595	1489	1435	1380	1459	1260	1482	1345	1502	1440	1521	1516	1496	1515	1404	1393	1411	1254	1503	1601	1599	1599	1627	1687	1715	1463	1370	1440	1353	1407	1569	1588	1528	1547	1534	1625	1607	1568	1442	1390	1349	1393	1452	1607	1578	1521	1533	1430	1467	1423	1333	1357	1339	1350	1422	1322
3:18:26	37.0	1484	1505	1481	1506	1510	1547	1494	1517	1368	1382	1424	1313	1494	1528	1596	1591	1681	1579	1586	1456	1468	1385	1416	1263	1446	1350	1543	1423	1527	1494	1503	1499	1408	1418	1380	1240	1501	1624	1548	1628	1647	1675	1704	1455	1360	1410	1379	1400	1576	1578	1542	1529	1562	1600	1611	1524	1429	1377	1333	1436	1452	1586	1530	1501	1514	1427	1453	1399	1308	1358	1289	1356	1380	1313
3:22:26	37.0	1479	1478	1450	1509	1523	1549	1550	1518	1405	1433	1448	1361	1476	1548	1576	1630	1660	1603	1622	1476	1460	1359	1463	1242	1400	1348	1500	1449	1530	1534	1529	1537	1440	1419	1417	1326	1479	1624	1580	1616	1627	1655	1689	1444	1388	1419	1326	1424	1553	1568	1525	1529	1549	1576	1628	1509	1407	1375	1334	1437	1458	1587	1536	1514	1525	1419	1436	1424	1292	1323	1281	1354	1402	1295
3:26:26	37.0	1443	1477	1460	1527	1486	1533	1582	1564	1439	1472	1451	1344	1504	1562	1599	1608	1677	1597	1613	1440	1422	1350	1444	1249	1432	1358	1541	1483	1555	1536	1543	1547	1435	1460	1439	1322	1466	1621	1531	1557	1610	1609	1703	1421	1340	1402	1323	1408	1510	1541	1510	1471	1532	1603	1591	1516	1368	1354	1298	1439	1420	1569	1515	1482	1498	1379	1426	1400	1294	1359	1286	1474	1360	1280
3:30:26	37.0	1459	1528	1509	1549	1514	1561	1581	1554	1452	1495	1490	1344	1509	1580	1593	1645	1698	1601	1568	1476	1426	1372	1425	1222	1445	1386	1552	1487	1551	1581	1594	1569	1436	1463	1451	1313	1511	1567	1557	1560	1594	1666	1686	1431	1361	1381	1354	1379	1572	1549	1497	1498	1540	1568	1583	1529	1399	1328	1361	1481	1438	1560	1530	1524	1516	1410	1435	1409	1290	1337	1282	1356	1350	1317
3:34:26	37.0	1542	1526	1507	1600	1610	1619	1612	1574	1481	1487	1483	1385	1512	1569	1627	1627	1693	1603	1602	1451	1410	1360	1403	1236	1483	1431	1583	1518	1621	1554	1590	1543	1452	1472	1485	1323	1517	1562	1501	1545	1540	1637	1623	1391	1334	1404	1322	1377	1540	1542	1484	1486	1533	1573	1604	1520	1389	1391	1363	1468	1447	1617	1518	1527	1503	1416	1436	1409	1308	1360	1322	1317	1334	1251
3:38:26	37.0	1501	1559	1484	1567	1574	1591	1605	1539	1467	1462	1491	1353	1529	1616	1600	1607	1684	1611	1555	1430	1426	1319	1390	1236	1505	1421	1556	1496	1580	1608	1576	1565	1465	1464	1489	1333	1467	1539	1547	1548	1545	1613	1673	1412	1301	1351	1287	1393	1495	1503	1505	1474	1562	1593	1638	1538	1407	1382	1393	1423	1442	1581	1515	1506	1532	1429	1435	1394	1302	1362	1307	1546	1355	1274
3:42:26	37.0	1501	1525	1505	1574	1570	1600	1655	1544	1474	1490	1510	1370	1492	1584	1633	1625	1701	1614	1608	1443	1424	1353	1460	1264	1505	1430	1624	1516	1581	1579	1588	1581	1487	1459	1479	1323	1448	1525	1532	1515	1559	1661	1659	1403	1349	1385	1349	1359	1536	1500	1500	1501	1574	1584	1660	1538	1414	1399	1390	1420	1427	1557	1560	1497	1463	1404	1432	1385	1324	1359	1323	1349	1329	1299
3:46:26	37.0	1483	1560	1517	1560	1560	1581	1590	1566	1480	1491	1495	1375	1497	1543	1598	1626	1711	1620	1612	1446	1447	1369	1441	1242	1495	1407	1587	1520	1555	1587	1608	1565	1483	1488	1474	1300	1441	1514	1503	1547	1572	1650	1659	1421	1384	1463	1330	1410	1537	1557	1523	1511	1553	1615	1619	1541	1426	1399	1404	1421	1428	1544	1542	1502	1490	1399	1455	1376	1337	1338	1291	1390	1337	1293
3:50:26	37.0	1507	1541	1531	1586	1587	1596	1617	1551	1457	1455	1461	1350	1535	1618	1599	1666	1701	1616	1612	1488	1421	1372	1463	1264	1535	1435	1578	1482	1554	1556	1570	1523	1455	1438	1431	1320	1429	1531	1521	1549	1600	1665	1662	1469	1342	1423	1371	1463	1511	1558	1507	1522	1588	1587	1618	1544	1426	1403	1350	1484	1397	1536	1545	1528	1489	1452	1442	1418	1322	1352	1326	1362	1306	1256
3:54:26	37.0	1521	1576	1553	1587	1621	1629	1578	1582	1464	1511	1497	1360	1548	1595	1634	1681	1707	1643	1621	1483	1443	1405	1469	1285	1517	1438	1565	1493	1593	1606	1597	1558	1488	1490	1447	1334	1447	1587	1550	1588	1602	1674	1706	1448	1375	1412	1391	1453	1551	1572	1520	1514	1602	1613	1630	1533	1434	1399	1411	1464	1421	1587	1567	1510	1530	1406	1466	1395	1299	1370	1314	1364	1296	1246
3:58:26	37.0	1499	1548	1539	1577	1610	1620	1592	1529	1465	1452	1502	1376	1532	1601	1642	1656	1723	1629	1637	1493	1438	1397	1461	1293	1520	1425	1543	1462	1567	1552	1593	1577	1424	1453	1470	1310	1439	1567	1568	1593	1610	1704	1677	1490	1396	1428	1369	1431	1566	1588	1533	1511	1554	1635	1608	1545	1445	1399	1376	1437	1409	1553	1524	1497	1483	1408	1422	1385	1315	1379	1312	1360	1285	1227
4:02:26	37.0	1507	1547	1546	1591	1617	1576	1575	1572	1472	1465	1505	1379	1522	1618	1671	1665	1716	1681	1641	1499	1465	1396	1446	1281	1527	1455	1565	1465	1555	1583	1578	1576	1459	1494	1453	1308	1474	1602	1531	1622	1615	1720	1659	1456	1363	1409	1370	1401	1516	1533	1570	1519	1567	1624	1634	1565	1435	1399	1382	1419	1439	1550	1526	1474	1522	1451	1459	1390	1322	1392	1333	1344	1318	1228
4:06:26	37.0	1518	1577	1552	1559	1579	1604	1613	1523	1444	1438	1495	1330	1588	1617	1654	1690	1737	1680	1634	1491	1443	1390	1458	1260	1508	1451	1547	1498	1524	1571	1571	1529	1475	1432	1410	1267	1490	1585	1554	1630	1589	1650	1698	1465	1357	1442	1382	1415	1529	1556	1528	1514	1617	1592	1642	1551	1410	1382	1376	1402	1409	1573	1521	1466	1502	1405	1437	1380	1285	1343	1292	1366	1316	1242
4:10:26	37.0	1544	1567	1559	1590	1606	1592	1602	1511	1463	1435	1486	1364	1575	1620	1680	1673	1769	1675	1645	1497	1448	1395	1477	1286	1504	1467	1575	1491	1515	1535	1538	1566	1463	1439	1473	1251	1470	1589	1549	1581	1586	1697	1715	1466	1415	1443	1364	1435	1539	1594	1524	1551	1602	1616	1617	1566	1428	1383	1379	1383	1391	1561	1523	1498	1510	1413	1448	1366	1321	1359	1298	1493	1254	1241
4:14:26	37.0	1542	1597	1568	1594	1624	1606	1601	1539	1471	1446	1461	1375	1570	1656	1709	1689	1785	1700	1635	1529	1452	1392	1438	1289	1529	1435	1568	1499	1549	1557	1544	1556	1451	1440	1469	1262	1500	1596	1549	1551	1627	1674	1737	1466	1396	1397	1392	1433	1572	1560	1525	1566	1584	1613	1662	1564	1420	1434	1371	1425	1445	1576	1511	1490	1505	1365	1453	1406	1319	1388	1303	1377	1293	1224
4:18:26	37.0	1580	1584	1559	1586	1566	1610	1553	1553	1440	1393	1441	1327	1583	1657	1702	1698	1746	1693	1673	1477	1477	1383	1419	1261	1489	1411	1552	1464	1535	1541	1549	1513	1433	1422	1437	1295	1503	1579	1536	1564	1605	1670	1695	1463	1368	1415	1353	1384	1538	1625	1525	1577	1579	1627	1642	1561	1387	1352	1381	1398	1395	1555	1486	1498	1474	1385	1448	1421	1286	1347	1288	1445	1263	1197
4:22:26	37.0	1557	1564	1545	1630	1596	1595	1570	1529	1433	1469	1454	1345	1580	1642	1676	1701	1779	1633	1662	1495	1483	1364	1483	1251	1481	1417	1524	1430	1534	1523	1525	1543	1425	1405	1421	1276	1493	1618	1553	1589	1592	1693	1743	1446	1397	1417	1377	1405	1567	1573	1517	1571	1594	1613	1632	1561	1433	1412	1353	1393	1403	1562	1481	1471	1462	1369	1429	1388	1323	1345	1300	1406	1251	1189
4:26:26	37.0	1577	1574	1548	1571	1572	1580	1541	1498	1439	1424	1399	1344	1582	1667	1704	1713	1752	1692	1640	1494	1467	1388	1492	1260	1467	1422	1520	1445	1503	1542	1548	1545	1409	1398	1419	1293	1487	1602	1562	1565	1586	1624	1674	1453	1373	1405	1424	1397	1595	1553	1552	1550	1573	1634	1623	1579	1430	1346	1358	1353	1419	1550	1504	1475	1503	1425	1434	1372	1284	1348	1302	1395	1248	1177
4:30:26	37.0	1583	1617	1561	1602	1545	1583	1549	1532	1400	1387	1447	1329	1622	1672	1700	1717	1768	1689	1635	1479	1444	1402	1458	1257	1482	1395	1526	1443	1512	1512	1516	1536	1431	1413	1387	1257	1489	1599	1574	1579	1560	1669	1682	1445	1372	1433	1354	1403	1570	1584	1534	1543	1585	1640	1647	1594	1379	1355	1353	1376	1395	1537	1503	1469	1515	1381	1404	1387	1301	1341	1302	1320	1232	1184
4:34:26	37.0	1563	1556	1565	1582	1577	1559	1537	1463	1434	1395	1421	1294	1589	1675	1713	1707	1778	1659	1674	1500	1425	1363	1456	1260	1484	1401	1510	1440	1532	1509	1551	1504	1407	1386	1449	1235	1480	1582	1496	1577	1586	1648	1658	1479	1393	1418	1341	1382	1545	1545	1531	1567	1571	1614	1630	1561	1416	1370	1334	1382	1424	1559	1494	1495	1482	1394	1448	1385	1273	1333	1278	1348	1254	1188
4:38:26	37.0	1580	1620	1556	1586	1583	1571	1564	1493	1398	1415	1405	1287	1593	1682	1728	1727	1791	1678	1657	1542	1480	1387	1403	1249	1436	1406	1497	1441	1520	1514	1501	1481	1392	1369	1400	1262	1455	1573	1521	1563	1606	1648	1651	1433	1360	1381	1360	1379	1527	1551	1510	1546	1568	1642	1632	1564	1404	1356	1310	1377	1402	1544	1523	1483	1504	1401	1432	1368	1304	1335	1287	1460	1264	1158
4:42:26	37.0	1588	1643	1547	1572	1584	1598	1554	1515	1430	1394	1449	1288	1598	1713	1755	1712	1805	1676	1646	1479	1449	1386	1483	1265	1473	1380	1489	1457	1502	1537	1543	1512	1399	1414	1367	1248	1457	1598	1571	1556	1614	1639	1740	1453	1385	1418	1357	1373	1585	1597	1525	1552	1565	1617	1607	1549	1408	1373	1319	1386	1426	1543	1505	1483	1489	1381	1413	1383	1331	1372	1331	1372	1244	1157
4:46:26	37.0	1560	1623	1555	1591	1575	1546	1497	1489	1387	1389	1419	1302	1599	1695	1713	1742	1784	1694	1652	1483	1434	1381	1428	1268	1473	1370	1496	1436	1510	1522	1502	1505	1444	1380	1372	1206	1485	1547	1514	1612	1584	1662	1668	1423	1328	1391	1357	1376	1546	1560	1542	1549	1573	1612	1606	1547	1352	1363	1316	1382	1382	1512	1467	1492	1468	1376	1429	1365	1270	1346	1296	1414	1230	1178
4:50:26	37.0	1598	1601	1549	1594	1573	1575	1526	1475	1411	1384	1415	1273	1616	1725	1752	1748	1772	1665	1653	1483	1461	1378	1454	1261	1413	1377	1503	1461	1513	1519	1520	1478	1359	1380	1377	1234	1458	1553	1542	1567	1602	1613	1660	1460	1326	1392	1338	1381	1563	1575	1552	1533	1600	1605	1593	1568	1392	1349	1327	1399	1400	1519	1502	1480	1478	1388	1422	1335	1299	1318	1313	1360	1255	1168
4:54:26	37.0	1602	1590	1533	1560	1519	1524	1511	1464	1382	1400	1428	1278	1600	1703	1735	1734	1819	1652	1605	1475	1445	1341	1402	1208	1421	1361	1504	1419	1474	1479	1486	1448	1365	1353	1356	1225	1482	1556	1502	1534	1601	1668	1664	1470	1330	1380	1298	1345	1518	1575	1520	1514	1555	1575	1611	1552	1355	1352	1308	1358	1389	1504	1486	1475	1453	1402	1416	1330	1267	1310	1262	1387	1228	1137
4:58:26	37.0	1585	1620	1556	1564	1568	1559	1505	1481	1384	1413	1386	1288	1628	1697	1746	1733	1767	1685	1684	1462	1405	1394	1437	1234	1429	1358	1491	1424	1496	1499	1488	1459	1350	1367	1387	1214	1465	1568	1501	1531	1585	1639	1644	1434	1347	1370	1335	1387	1543	1546	1499	1501	1580	1619	1625	1527	1419	1341	1283	1368	1389	1533	1482	1485	1444	1393	1408	1356	1290	1322	1274	1323	1234	1131
5:02:26	37.0	1588	1616	1521	1589	1565	1531	1528	1487	1407	1374	1378	1291	1610	1719	1718	1737	1763	1668	1601	1445	1432	1334	1422	1224	1401	1340	1478	1398	1468	1460	1465	1465	1382	1340	1391	1228	1442	1577	1551	1563	1544	1648	1663	1454	1330	1383	1310	1359	1540	1579	1523	1495	1557	1594	1595	1512	1349	1352	1334	1340	1392	1500	1519	1477	1457	1370	1430	1384	1266	1297	1308	1311	1203	1162
5:06:26	37.0	1612	1617	1548	1541	1523	1547	1519	1505	1392	1384	1401	1260	1610	1691	1723	1755	1804	1646	1616	1462	1417	1363	1393	1208	1425	1324	1522	1396	1476	1517	1496	1492	1365	1375	1333	1206	1465	1558	1502	1519	1588	1626	1649	1413	1336	1365	1331	1330	1527	1564	1518	1516	1570	1604	1599	1531	1353	1324	1311	1347	1380	1527	1478	1430	1493	1379	1391	1352	1261	1339	1264	1329	1239	1137
5:10:26	37.0	1620	1572	1544	1545	1568	1536	1509	1478	1375	1381	1383	1280	1593	1685	1703	1754	1793	1675	1633	1497	1423	1359	1420	1206	1421	1369	1492	1435	1466	1483	1494	1453	1384	1378	1380	1195	1452	1566	1528	1506	1571	1594	1629	1385	1346	1392	1298	1332	1526	1530	1490	1512	1570	1587	1549	1547	1353	1338	1296	1352	1380	1515	1477	1474	1476	1357	1427	1346	1286	1325	1229	1295	1253	1155
5:14:26	37.0	1580	1594	1554	1565	1565	1540	1487	1489	1381	1395	1373	1273	1628	1724	1735	1734	1760	1655	1631	1455	1457	1343	1409	1204	1465	1364	1472	1405	1457	1458	1482	1451	1346	1324	1372	1182	1443	1543	1518	1523	1551	1627	1629	1395	1307	1387	1330	1362	1472	1574	1486	1515	1541	1558	1614	1507	1349	1325	1275	1307	1372	1518	1475	1459	1458	1384	1408	1338	1262	1316	1244	1308	1175	1134
5:18:26	37.0	1612	1568	1529	1586	1559	1508	1497	1461	1379	1359	1395	1290	1643	1709	1727	1772	1776	1629	1623	1476	1425	1344	1399	1208	1428	1360	1468	1403	1471	1475	1449	1485	1362	1330	1336	1155	1441	1524	1531	1518	1559	1618	1642	1398	1286	1368	1292	1324	1507	1531	1471	1522	1513	1556	1593	1497	1343	1295	1275	1299	1413	1521	1474	1499	1462	1390	1399	1328	1242	1305	1229	1318	1217	1134
5:22:26	37.0	1623	1584	1516	1550	1561	1532	1506	1464	1345	1372	1373	1229	1638	1705	1715	1760	1777	1651	1661	1487	1442	1353	1409	1199	1380	1334	1458	1397	1457	1442	1471	1463	1359	1351	1375	1180	1452	1572	1547	1524	1562	1629	1619	1416	1294	1370	1289	1355	1479	1516	1502	1507	1536	1557	1586	1541	1370	1322	1299	1285	1411	1514	1477	1461	1452	1365	1414	1349	1255	1289	1254	1480	1197	1115
5:26:26	37.0	1600	1571	1536	1569	1511	1508	1514	1496	1370	1347	1362	1258	1651	1749	1750	1762	1805	1662	1647	1471	1410	1323	1419	1193	1410	1327	1456	1426	1447	1466	1447	1441	1361	1335	1328	1197	1463	1560	1521	1567	1547	1608	1629	1414	1292	1344	1302	1344	1496	1494	1487	1486	1527	1570	1581	1499	1376	1306	1273	1352	1419	1506	1483	1464	1466	1377	1400	1348	1267	1302	1261	1317	1209	1123
5:30:26	37.0	1590	1555	1522	1532	1537	1522	1480	1448	1352	1329	1334	1212	1627	1737	1714	1745	1804	1630	1658	1451	1391	1365	1400	1213	1376	1323	1482	1413	1443	1480	1445	1420	1321	1328	1336	1170	1440	1527	1473	1543	1538	1652	1627	1377	1327	1318	1313	1321	1501	1494	1464	1485	1532	1563	1524	1492	1354	1299	1272	1312	1364	1468	1471	1468	1483	1364	1371	1351	1261	1293	1241	1339	1208	1099
5:34:26	37.0	1620	1598	1507	1549	1535	1517	1489	1446	1352	1332	1381	1250	1647	1744	1728	1764	1797	1662	1664	1480	1404	1376	1412	1199	1415	1330	1457	1384	1467	1429	1453	1455	1323	1316	1371	1169	1450	1526	1510	1535	1526	1602	1631	1415	1326	1355	1299	1341	1515	1478	1463	1470	1502	1571	1583	1507	1360	1312	1274	1337	1372	1483	1487	1491	1482	1391	1389	1358	1260	1319	1258	1275	1201	1106
5:38:26	37.0	1607	1568	1498	1582	1522	1508	1514	1454	1324	1332	1373	1212	1645	1740	1724	1745	1746	1665	1639	1450	1416	1340	1409	1231	1399	1320	1448	1376	1430	1446	1422	1443	1302	1303	1320	1166	1402	1516	1527	1542	1548	1608	1649	1399	1328	1364	1261	1342	1504	1498	1465	1471	1515	1547	1547	1498	1312	1276	1268	1289	1370	1521	1457	1476	1463	1400	1412	1348	1243	1303	1219	1260	1164	1144
5:42:26	37.0	1647	1556	1515	1523	1545	1516	1493	1465	1363	1327	1354	1239	1626	1754	1715	1754	1801	1697	1629	1484	1432	1332	1377	1187	1389	1322	1478	1357	1406	1469	1457	1452	1326	1334	1326	1156	1399	1523	1525	1525	1530	1594	1620	1391	1322	1362	1306	1334	1459	1474	1488	1483	1508	1540	1576	1488	1306	1280	1270	1323	1387	1529	1479	1474	1492	1362	1416	1348	1250	1301	1236	1390	1166	1084
5:46:26	37.0	1602	1564	1502	1554	1566	1513	1487	1466	1350	1346	1363	1206	1636	1757	1723	1782	1755	1696	1626	1480	1427	1345	1370	1215	1394	1307	1454	1391	1443	1462	1455	1407	1339	1285	1332	1165	1412	1509	1515	1518	1536	1606	1599	1376	1312	1333	1314	1374	1452	1487	1455	1473	1540	1546	1541	1517	1350	1286	1259	1303	1405	1535	1476	1459	1479	1430	1425	1379	1263	1302	1246	1303	1187	1099
5:50:26	37.0	1618	1560	1525	1559	1518	1499	1479	1421	1342	1307	1346	1217	1654	1714	1709	1759	1770	1673	1619	1447	1397	1318	1375	1199	1388	1276	1432	1346	1414	1421	1449	1401	1317	1302	1289	1163	1417	1519	1503	1518	1531	1587	1610	1374	1298	1314	1265	1333	1454	1472	1455	1463	1476	1530	1539	1443	1310	1276	1254	1262	1364	1500	1458	1462	1443	1408	1396	1331	1256	1284	1231	1313	1170	1077
5:54:26	37.0	1582	1601	1494	1516	1538	1523	1488	1448	1362	1353	1311	1220	1635	1744	1769	1745	1811	1715	1683	1474	1373	1343	1368	1184	1380	1331	1444	1360	1418	1432	1443	1447	1339	1311	1283	1188	1429	1556	1510	1525	1540	1576	1608	1336	1285	1333	1284	1364	1503	1510	1467	1444	1487	1522	1544	1458	1321	1275	1236	1320	1378	1512	1480	1462	1491	1420	1431	1358	1261	1286	1246	1260	1163	1095
5:58:26	37.0	1577	1579	1510	1550	1559	1516	1481	1447	1345	1308	1355	1207	1627	1700	1757	1740	1800	1679	1632	1454	1411	1318	1379	1193	1382	1296	1445	1369	1417	1438	1426	1402	1318	1302	1281	1147	1426	1502	1535	1506	1564	1600	1613	1378	1279	1321	1270	1319	1456	1485	1436	1478	1475	1523	1532	1475	1328	1290	1227	1264	1395	1521	1462	1466	1483	1372	1428	1315	1236	1303	1231	1268	1155	1095
6:02:26	37.0	1600	1589	1523	1551	1536	1551	1493	1444	1372	1332	1340	1211	1632	1716	1737	1776	1795	1709	1630	1476	1416	1353	1358	1182	1381	1309	1410	1357	1420	1432	1428	1407	1314	1310	1306	1139	1421	1507	1519	1506	1531	1612	1637	1404	1305	1333	1273	1311	1468	1477	1437	1472	1532	1524	1522	1477	1288	1244	1217	1263	1377	1488	1491	1487	1477	1409	1426	1363	1255	1305	1233	1425	1184	1054
6:06:26	37.0	1592	1580	1562	1546	1572	1524	1491	1420	1354	1333	1348	1193	1649	1756	1769	1776	1839	1679	1696	1496	1413	1329	1386	1206	1392	1304	1425	1374	1432	1421	1415	1425	1316	1310	1333	1171	1438	1504	1530	1536	1567	1590	1629	1384	1309	1369	1315	1332	1458	1490	1439	1442	1475	1534	1505	1462	1330	1285	1236	1303	1392	1506	1529	1510	1504	1399	1427	1355	1250	1330	1256	1302	1150	1089
6:10:26	37.0	1603	1600	1573	1578	1555	1535	1491	1454	1342	1328	1321	1216	1648	1749	1762	1793	1814	1713	1646	1444	1419	1346	1408	1211	1414	1323	1441	1349	1413	1435	1445	1410	1286	1343	1329	1147	1447	1506	1542	1532	1531	1608	1648	1392	1291	1376	1305	1335	1478	1483	1474	1479	1522	1540	1568	1439	1330	1280	1220	1271	1397	1530	1498	1481	1498	1407	1445	1388	1271	1292	1211	1339	1176	1107
6:14:26	37.0	1605	1608	1568	1568	1574	1516	1500	1435	1345	1343	1324	1234	1663	1768	1780	1798	1826	1723	1650	1492	1420	1370	1382	1188	1366	1281	1467	1398	1425	1445	1444	1445	1319	1316	1309	1137	1446	1523	1519	1518	1532	1571	1632	1380	1308	1325	1297	1365	1467	1489	1454	1437	1485	1539	1528	1442	1329	1287	1263	1280	1429	1507	1498	1459	1478	1391	1446	1383	1294	1273	1224	1378	1189	1105
6:18:26	37.0	1611	1618	1548	1586	1561	1539	1467	1441	1347	1327	1338	1217	1688	1770	1769	1794	1851	1719	1661	1462	1412	1350	1379	1207	1394	1297	1416	1376	1428	1426	1435	1384	1308	1326	1325	1171	1445	1521	1556	1494	1554	1584	1603	1409	1271	1377	1291	1350	1499	1470	1442	1452	1493	1518	1520	1456	1339	1289	1227	1292	1394	1541	1504	1523	1516	1415	1421	1374	1294	1309	1271	1281	1180	1092
6:22:26	37.0	1596	1584	1552	1585	1546	1532	1486	1421	1310	1325	1331	1231	1658	1758	1753	1822	1843	1694	1662	1462	1425	1354	1390	1160	1353	1289	1442	1374	1435	1413	1426	1423	1306	1297	1311	1146	1418	1497	1533	1482	1509	1570	1587	1413	1311	1340	1252	1301	1446	1477	1448	1454	1487	1507	1521	1447	1309	1237	1230	1288	1414	1501	1519	1517	1497	1390	1405	1353	1271	1299	1239	1306	1169	1076
6:26:26	37.0	1624	1573	1557	1551	1514	1495	1492	1414	1330	1354	1319	1210	1656	1756	1756	1769	1842	1723	1669	1494	1411	1316	1399	1216	1352	1280	1416	1353	1393	1416	1401	1428	1269	1293	1288	1147	1403	1497	1558	1519	1539	1550	1595	1394	1304	1353	1302	1348	1425	1487	1432	1456	1487	1536	1503	1428	1330	1252	1233	1267	1405	1496	1519	1524	1498	1424	1419	1391	1276	1286	1219	1305	1126	1079
6:30:26	37.0	1591	1555	1541	1589	1575	1515	1458	1425	1334	1283	1320	1208	1656	1774	1774	1821	1858	1731	1696	1481	1430	1354	1413	1175	1371	1297	1471	1357	1416	1428	1416	1417	1282	1316	1269	1140	1412	1508	1506	1516	1563	1611	1621	1365	1288	1339	1306	1321	1441	1485	1434	1446	1450	1549	1516	1450	1307	1250	1233	1253	1404	1511	1532	1502	1502	1404	1419	1350	1282	1284	1230	1326	1168	1080
6:34:26	37.0	1586	1574	1529	1557	1543	1550	1469	1441	1296	1274	1326	1181	1684	1746	1766	1821	1853	1740	1663	1500	1420	1347	1392	1194	1363	1247	1410	1356	1410	1425	1412	1418	1283	1289	1283	1086	1419	1491	1556	1536	1560	1565	1640	1378	1295	1315	1273	1287	1435	1471	1435	1435	1488	1526	1527	1430	1272	1260	1207	1271	1414	1520	1496	1498	1536	1424	1420	1362	1276	1314	1231	1292	1169	1062
6:38:26	37.0	1590	1595	1569	1571	1560	1516	1487	1422	1310	1332	1333	1176	1687	1807	1806	1842	1870	1726	1671	1479	1434	1342	1400	1215	1336	1289	1415	1360	1407	1417	1409	1396	1311	1297	1289	1146	1405	1539	1553	1517	1555	1609	1605	1395	1293	1364	1285	1330	1447	1449	1440	1485	1488	1528	1533	1422	1326	1273	1204	1284	1435	1556	1501	1473	1507	1435	1440	1402	1268	1287	1270	1269	1156	1092
6:42:26	37.0	1614	1593	1570	1607	1562	1507	1474	1397	1339	1305	1334	1213	1692	1806	1800	1797	1907	1757	1698	1489	1441	1331	1388	1202	1366	1296	1414	1347	1420	1399	1392	1383	1262	1272	1276	1135	1415	1520	1556	1507	1561	1599	1633	1402	1307	1337	1277	1342	1427	1486	1408	1445	1475	1527	1504	1457	1294	1243	1227	1243	1415	1521	1494	1502	1509	1412	1437	1350	1276	1309	1205	1415	1147	1074
6:46:26	37.0	1599	1601	1597	1636	1573	1536	1502	1435	1330	1296	1313	1223	1675	1830	1841	1875	1867	1733	1664	1508	1439	1363	1403	1210	1364	1288	1426	1374	1401	1424	1387	1403	1282	1320	1297	1126	1422	1512	1563	1521	1530	1584	1605	1382	1309	1326	1302	1331	1446	1480	1459	1467	1464	1508	1539	1413	1308	1255	1214	1216	1419	1545	1532	1528	1526	1444	1443	1387	1251	1294	1224	1525	1187	1098
6:50:26	37.0	1625	1660	1603	1597	1569	1529	1472	1399	1333	1291	1320	1233	1676	1812	1875	1855	1931	1784	1709	1496	1447	1362	1388	1195	1366	1272	1417	1362	1420	1390	1396	1405	1279	1307	1291	1152	1399	1501	1601	1514	1516	1599	1606	1388	1318	1339	1295	1329	1414	1482	1419	1455	1462	1493	1492	1465	1280	1233	1204	1267	1425	1559	1529	1468	1506	1437	1426	1403	1249	1299	1227	1328	1133	1053
6:54:26	37.0	1591	1654	1578	1589	1588	1532	1474	1409	1348	1298	1306	1163	1672	1843	1820	1886	1910	1782	1723	1528	1390	1351	1408	1219	1324	1274	1399	1358	1396	1390	1378	1406	1279	1290	1267	1108	1415	1502	1571	1518	1539	1585	1629	1376	1302	1352	1309	1345	1412	1427	1430	1402	1500	1516	1493	1434	1278	1235	1214	1243	1398	1523	1510	1527	1512	1430	1445	1410	1259	1299	1204	1284	1165	1052
6:58:26	37.0	1607	1643	1609	1568	1582	1521	1475	1439	1312	1293	1349	1206	1696	1821	1835	1888	1899	1807	1661	1502	1473	1351	1424	1189	1360	1249	1383	1356	1397	1422	1422	1389	1277	1286	1284	1119	1376	1510	1580	1490	1549	1589	1630	1382	1310	1374	1288	1325	1428	1452	1417	1443	1438	1519	1506	1462	1264	1264	1204	1276	1389	1552	1521	1490	1532	1439	1449	1391	1271	1278	1212	1296	1147	1047
7:02:26	37.0	1603	1636	1618	1627	1590	1514	1490	1427	1351	1311	1311	1184	1693	1832	1911	1922	1938	1800	1715	1539	1426	1312	1372	1191	1341	1280	1402	1351	1418	1412	1398	1376	1259	1273	1261	1128	1411	1545	1591	1499	1518	1644	1602	1390	1289	1331	1275	1320	1439	1450	1427	1420	1442	1523	1495	1395	1298	1228	1188	1195	1424	1557	1515	1495	1502	1452	1452	1392	1288	1334	1205	1546	1155	1072
7:06:26	37.0	1649	1677	1622	1622	1579	1538	1484	1430	1345	1307	1309	1240	1736	1895	1925	1960	1942	1810	1738	1535	1422	1330	1392	1210	1352	1276	1397	1345	1423	1426	1408	1398	1267	1273	1266	1103	1430	1525	1598	1494	1543	1571	1624	1403	1296	1402	1290	1290	1436	1498	1446	1426	1494	1522	1557	1446	1273	1253	1226	1287	1443	1550	1540	1552	1513	1467	1479	1397	1262	1297	1278	1397	1193	1074
7:10:26	37.0	1627	1631	1632	1631	1585	1523	1484	1441	1330	1287	1298	1162	1738	1863	1890	1962	1948	1812	1733	1529	1445	1355	1359	1208	1341	1249	1399	1364	1416	1415	1401	1415	1296	1313	1260	1104	1422	1495	1595	1499	1540	1597	1639	1424	1309	1356	1296	1327	1446	1433	1428	1424	1441	1491	1521	1433	1302	1227	1199	1243	1420	1572	1524	1537	1505	1452	1459	1371	1258	1293	1212	1333	1163	1106
7:14:26	37.0	1635	1675	1639	1639	1612	1543	1503	1436	1329	1320	1334	1208	1718	1899	1929	1926	1968	1809	1719	1570	1492	1352	1382	1218	1366	1263	1385	1357	1414	1430	1410	1385	1281	1298	1284	1120	1404	1484	1565	1514	1544	1588	1605	1401	1301	1364	1290	1333	1431	1438	1409	1451	1463	1513	1475	1422	1247	1226	1233	1248	1413	1578	1555	1538	1538	1435	1472	1407	1295	1279	1242	1360	1170	1066
7:18:26	37.0	1668	1679	1639	1638	1592	1536	1484	1459	1311	1313	1322	1197	1765	1916	1922	1942	2005	1828	1761	1529	1466	1343	1414	1211	1365	1249	1405	1356	1404	1413	1403	1420	1277	1302	1284	1133	1419	1494	1600	1536	1543	1584	1640	1412	1303	1357	1268	1310	1420	1444	1407	1415	1453	1465	1497	1411	1285	1237	1193	1257	1412	1556	1551	1537	1499	1456	1444	1394	1267	1302	1245	1268	1164	1056
7:22:26	37.0	1625	1661	1641	1673	1641	1541	1495	1446	1328	1308	1310	1161	1759	1943	1917	1953	1995	1882	1754	1543	1463	1366	1383	1228	1328	1256	1401	1363	1407	1406	1374	1413	1269	1310	1279	1134	1426	1509	1603	1524	1544	1577	1618	1391	1307	1370	1292	1321	1428	1443	1402	1425	1478	1532	1462	1416	1257	1237	1199	1254	1436	1578	1554	1541	1505	1439	1457	1455	1270	1285	1216	1341	1164	1062
7:26:26	37.0	1661	1666	1656	1668	1600	1562	1467	1431	1340	1297	1328	1202	1776	1926	1963	1991	1996	1887	1731	1524	1441	1365	1410	1225	1333	1260	1402	1319	1393	1410	1397	1406	1259	1288	1251	1104	1433	1506	1599	1549	1511	1575	1611	1390	1331	1342	1339	1315	1426	1436	1422	1457	1440	1468	1509	1417	1272	1208	1210	1240	1421	1531	1565	1535	1528	1472	1462	1388	1302	1310	1231	1454	1162	1063
7:30:26	37.0	1684	1697	1693	1672	1641	1563	1508	1500	1350	1350	1361	1205	1801	1981	2003	2000	2013	1872	1812	1564	1511	1406	1519	1217	1362	1293	1400	1358	1401	1392	1434	1407	1308	1285	1240	1132	1447	1521	1649	1549	1570	1604	1599	1429	1331	1378	1316	1353	1429	1469	1436	1428	1457	1488	1528	1426	1267	1247	1193	1289	1457	1587	1517	1516	1550	1488	1488	1408	1290	1289	1259	1347	1163	1082
7:34:26	37.0	1680	1683	1652	1664	1595	1581	1513	1457	1348	1326	1298	1181	1786	1982	1993	1999	2075	1880	1777	1525	1465	1386	1419	1228	1364	1248	1418	1327	1379	1395	1411	1394	1297	1284	1277	1098	1419	1530	1629	1523	1556	1650	1624	1366	1310	1385	1268	1305	1434	1448	1423	1404	1489	1468	1471	1412	1302	1233	1187	1239	1446	1601	1567	1547	1536	1450	1528	1404	1311	1330	1247	1466	1193	1110
7:38:26	37.0	1695	1706	1674	1680	1635	1611	1500	1434	1298	1294	1328	1172	1822	2012	2021	2057	2110	1892	1773	1542	1472	1358	1428	1238	1355	1256	1391	1356	1411	1423	1420	1397	1288	1297	1294	1126	1419	1516	1628	1510	1547	1609	1642	1434	1316	1385	1281	1338	1429	1461	1414	1428	1433	1523	1519	1415	1272	1226	1206	1269	1449	1580	1585	1557	1552	1460	1488	1428	1297	1323	1238	1402	1183	1099
7:42:26	37.0	1683	1701	1696	1680	1642	1556	1510	1437	1346	1313	1308	1167	1838	1992	1968	2023	2087	1918	1736	1544	1488	1370	1424	1205	1328	1235	1393	1362	1395	1372	1386	1389	1282	1287	1288	1119	1428	1511	1641	1525	1558	1593	1610	1428	1283	1370	1295	1360	1391	1440	1395	1411	1444	1476	1500	1369	1266	1194	1148	1234	1445	1533	1568	1537	1537	1470	1503	1422	1289	1305	1254	1360	1150	1085
7:46:26	37.0	1661	1716	1695	1679	1580	1547	1492	1439	1348	1313	1305	1164	1849	2057	2056	2059	2066	1914	1838	1539	1486	1381	1414	1211	1340	1260	1381	1344	1426	1361	1380	1396	1275	1277	1246	1118	1421	1544	1660	1510	1532	1596	1628	1421	1322	1368	1312	1363	1413	1435	1417	1376	1460	1454	1475	1385	1278	1212	1195	1247	1414	1567	1556	1549	1565	1477	1485	1400	1316	1314	1243	1452	1131	1061
7:50:26	37.0	1728	1743	1671	1735	1644	1601	1507	1467	1349	1303	1325	1162	1881	2034	2058	2087	2063	1957	1791	1580	1465	1401	1448	1246	1322	1300	1400	1354	1394	1412	1396	1405	1293	1305	1270	1150	1435	1562	1629	1568	1556	1622	1659	1434	1318	1380	1327	1391	1406	1423	1395	1430	1468	1492	1488	1430	1252	1237	1221	1281	1470	1599	1593	1535	1579	1489	1485	1377	1288	1306	1253	1451	1168	1088
7:54:26	37.0	1744	1769	1744	1698	1642	1565	1504	1471	1342	1299	1314	1163	1876	2068	2039	2092	2149	1953	1813	1589	1503	1354	1421	1219	1350	1241	1377	1362	1390	1366	1408	1362	1307	1309	1256	1130	1435	1519	1621	1510	1582	1592	1615	1443	1324	1378	1383	1381	1406	1479	1381	1404	1435	1483	1479	1393	1253	1240	1219	1239	1453	1581	1529	1564	1568	1478	1475	1400	1311	1293	1265	1402	1151	1078
7:58:26	37.0	1779	1812	1690	1753	1685	1590	1524	1453	1302	1304	1319	1180	1905	2102	2115	2140	2169	1945	1875	1602	1516	1402	1401	1262	1322	1268	1389	1378	1404	1452	1390	1378	1273	1241	1250	1129	1467	1540	1682	1522	1587	1642	1614	1453	1354	1395	1376	1377	1424	1434	1417	1418	1447	1482	1496	1430	1275	1247	1212	1267	1463	1575	1571	1534	1565	1483	1489	1413	1275	1340	1265	1341	1157	1084
8:02:26	37.0	1761	1745	1755	1718	1649	1565	1523	1483	1319	1291	1294	1141	1910	2086	2096	2130	2140	1974	1843	1580	1499	1408	1437	1249	1340	1243	1401	1358	1383	1404	1401	1420	1269	1243	1280	1114	1421	1518	1665	1556	1560	1593	1669	1414	1324	1394	1344	1363	1417	1463	1366	1410	1440	1492	1505	1417	1273	1204	1212	1270	1494	1600	1565	1525	1590	1475	1499	1421	1283	1329	1288	1314	1141	1050
8:06:26	37.0	1799	1776	1794	1759	1674	1585	1534	1470	1342	1319	1301	1197	1932	2147	2174	2152	2182	1975	1844	1574	1509	1389	1404	1248	1320	1270	1382	1357	1409	1376	1390	1402	1295	1259	1287	1128	1449	1548	1657	1540	1573	1630	1637	1430	1327	1373	1348	1371	1416	1440	1417	1397	1456	1497	1465	1372	1252	1250	1202	1262	1456	1576	1598	1558	1561	1500	1515	1462	1320	1324	1237	1371	1137	1095
8:10:26	37.0	1804	1765	1742	1755	1677	1619	1522	1481	1330	1318	1325	1200	1950	2147	2193	2166	2191	1976	1844	1613	1476	1398	1450	1269	1335	1261	1410	1344	1390	1388	1370	1402	1265	1295	1292	1132	1433	1537	1672	1533	1563	1629	1661	1438	1346	1409	1351	1379	1390	1457	1366	1385	1434	1453	1474	1397	1269	1227	1167	1266	1456	1607	1592	1565	1568	1508	1519	1420	1291	1352	1299	1360	1157	1062
8:14:26	37.0	1802	1813	1760	1749	1679	1621	1550	1444	1320	1316	1317	1213	1965	2173	2230	2209	2214	1997	1866	1604	1494	1411	1438	1262	1344	1224	1418	1349	1367	1391	1382	1388	1313	1308	1279	1119	1491	1512	1681	1575	1611	1619	1668	1457	1382	1420	1351	1332	1410	1441	1428	1380	1460	1503	1492	1361	1250	1232	1187	1263	1493	1608	1577	1569	1565	1500	1509	1443	1316	1358	1262	1450	1145	1071
8:18:26	37.0	1848	1831	1773	1767	1675	1597	1531	1455	1319	1301	1299	1202	1987	2186	2182	2215	2250	2038	1874	1644	1510	1434	1492	1284	1346	1259	1397	1354	1398	1400	1363	1425	1270	1289	1267	1086	1437	1524	1680	1552	1572	1620	1662	1424	1335	1405	1368	1324	1378	1432	1402	1395	1439	1480	1499	1400	1243	1200	1213	1234	1478	1608	1592	1579	1573	1496	1519	1423	1289	1340	1248	1435	1185	1126
8:22:26	37.0	1831	1818	1780	1799	1716	1620	1565	1453	1320	1308	1315	1206	1981	2195	2233	2226	2264	2001	1897	1663	1554	1438	1465	1261	1354	1251	1417	1374	1417	1416	1383	1398	1290	1274	1288	1141	1452	1552	1660	1548	1540	1634	1672	1440	1353	1412	1338	1390	1383	1438	1384	1398	1455	1517	1511	1394	1282	1252	1203	1273	1473	1618	1620	1616	1576	1501	1550	1455	1330	1343	1289	1356	1179	1067
8:26:26	37.0	1876	1841	1822	1789	1724	1619	1526	1479	1344	1327	1304	1167	2000	2203	2210	2253	2241	2024	1894	1656	1541	1422	1476	1290	1343	1258	1393	1331	1403	1411	1383	1374	1250	1273	1284	1119	1471	1548	1714	1555	1604	1629	1694	1452	1353	1370	1362	1398	1440	1399	1369	1441	1469	1481	1474	1398	1278	1207	1172	1250	1517	1615	1607	1565	1629	1475	1531	1447	1302	1346	1296	1500	1166	1058
8:30:26	37.0	1889	1851	1802	1773	1675	1582	1555	1432	1333	1296	1276	1189	2038	2256	2263	2285	2265	2042	1928	1661	1535	1435	1483	1239	1315	1251	1374	1322	1399	1371	1395	1376	1273	1263	1245	1103	1467	1560	1697	1598	1593	1588	1667	1446	1354	1418	1299	1372	1355	1390	1380	1429	1420	1423	1455	1390	1247	1235	1193	1259	1469	1607	1595	1589	1585	1519	1514	1400	1306	1343	1279	1367	1162	1063
8:34:26	37.0	1919	1817	1825	1810	1716	1591	1540	1418	1347	1340	1341	1204	2051	2296	2273	2253	2325	2087	1917	1666	1542	1451	1503	1287	1349	1237	1386	1382	1421	1354	1387	1398	1270	1276	1298	1140	1448	1576	1717	1552	1605	1689	1612	1435	1346	1407	1332	1396	1400	1391	1412	1401	1416	1479	1450	1426	1255	1183	1208	1281	1452	1615	1599	1593	1557	1495	1525	1409	1286	1372	1259	1391	1147	1054
8:38:26	37.0	1906	1872	1827	1849	1723	1606	1547	1474	1341	1317	1309	1185	2078	2328	2303	2324	2307	2074	1881	1651	1586	1441	1509	1295	1304	1237	1401	1344	1391	1420	1409	1405	1244	1288	1247	1117	1485	1553	1723	1566	1592	1633	1651	1478	1389	1429	1349	1413	1409	1416	1392	1422	1432	1448	1461	1388	1272	1209	1195	1278	1487	1663	1591	1588	1625	1529	1528	1425	1342	1349	1273	1410	1166	1053
8:42:26	37.0	1940	1873	1832	1831	1766	1641	1552	1477	1334	1312	1299	1179	2115	2364	2351	2337	2369	2082	1923	1692	1556	1440	1450	1268	1334	1226	1389	1355	1381	1356	1406	1401	1269	1291	1262	1099	1435	1565	1722	1553	1607	1639	1684	1460	1365	1421	1349	1369	1384	1395	1371	1379	1459	1491	1452	1410	1248	1205	1177	1262	1474	1608	1601	1604	1609	1507	1498	1422	1290	1345	1297	1442	1151	1118
8:46:26	37.0	1982	1921	1846	1863	1752	1647	1541	1456	1351	1317	1325	1195	2136	2393	2345	2356	2362	2136	1974	1724	1571	1439	1475	1328	1351	1235	1419	1344	1399	1403	1379	1388	1286	1274	1281	1148	1489	1560	1749	1563	1643	1650	1667	1479	1366	1430	1351	1404	1400	1431	1362	1416	1464	1480	1470	1393	1270	1222	1196	1253	1455	1637	1611	1580	1611	1531	1509	1437	1353	1348	1257	1442	1156	1104
8:50:26	37.0	1965	1908	1854	1887	1749	1648	1561	1501	1368	1326	1330	1194	2141	2411	2401	2375	2359	2151	1964	1687	1599	1461	1535	1334	1337	1247	1391	1337	1431	1414	1370	1403	1279	1273	1274	1135	1535	1539	1751	1599	1613	1679	1707	1478	1379	1453	1400	1419	1391	1428	1399	1409	1444	1487	1501	1387	1272	1222	1199	1258	1483	1632	1643	1553	1593	1551	1545	1455	1321	1336	1260	1433	1159	1078
8:54:26	37.0	1997	1929	1866	1900	1790	1664	1586	1457	1367	1321	1321	1215	2158	2407	2431	2415	2374	2179	2006	1692	1625	1477	1476	1290	1355	1250	1407	1371	1402	1358	1403	1375	1299	1306	1286	1117	1530	1550	1717	1630	1631	1646	1686	1451	1387	1463	1379	1409	1426	1425	1403	1401	1444	1474	1512	1441	1280	1194	1224	1304	1491	1661	1640	1608	1597	1563	1522	1412	1368	1364	1294	1432	1174	1042
8:58:26	37.0	2003	1923	1876	1889	1759	1661	1557	1473	1352	1337	1315	1182	2181	2442	2445	2423	2445	2193	2005	1693	1597	1474	1484	1297	1342	1258	1421	1336	1392	1384	1402	1391	1254	1301	1254	1092	1486	1532	1754	1583	1598	1657	1708	1465	1380	1486	1398	1410	1393	1447	1373	1379	1430	1482	1478	1406	1243	1199	1193	1268	1504	1658	1634	1585	1567	1542	1515	1452	1328	1363	1262	1415	1169	1091
9:02:26	37.0	2053	1925	1898	1888	1775	1641	1565	1504	1320	1324	1307	1168	2204	2453	2439	2428	2425	2173	1972	1689	1583	1505	1510	1304	1337	1264	1381	1328	1387	1377	1391	1386	1270	1245	1264	1110	1505	1545	1776	1566	1603	1671	1697	1491	1407	1456	1368	1408	1408	1409	1373	1376	1428	1475	1496	1404	1268	1181	1203	1263	1485	1667	1623	1598	1600	1526	1543	1443	1323	1384	1297	1447	1145	1086
9:06:26	37.0	2063	1978	1902	1907	1790	1653	1575	1477	1355	1301	1313	1179	2204	2506	2503	2472	2453	2189	1985	1733	1601	1467	1509	1312	1358	1257	1387	1363	1387	1399	1410	1399	1270	1273	1282	1152	1513	1559	1791	1569	1646	1692	1712	1473	1388	1454	1381	1429	1373	1381	1393	1378	1425	1479	1447	1412	1278	1225	1168	1257	1486	1651	1619	1601	1595	1521	1533	1433	1326	1384	1281	1407	1155	1097
9:10:26	37.0	2123	1977	1953	1895	1803	1687	1574	1484	1348	1318	1372	1215	2214	2525	2534	2486	2457	2161	2021	1747	1598	1501	1557	1337	1328	1292	1392	1341	1385	1424	1392	1407	1289	1316	1303	1109	1505	1592	1813	1574	1586	1667	1690	1520	1401	1439	1376	1407	1381	1440	1359	1383	1461	1460	1497	1387	1270	1237	1200	1248	1527	1664	1631	1630	1608	1552	1525	1442	1363	1334	1319	1545	1189	1033
9:14:26	37.0	2160	1984	1945	1980	1791	1674	1583	1469	1367	1317	1324	1213	2264	2555	2544	2552	2547	2221	2034	1775	1607	1489	1531	1330	1359	1238	1420	1343	1368	1436	1409	1422	1263	1276	1295	1145	1551	1605	1794	1568	1641	1714	1741	1487	1430	1456	1411	1449	1372	1428	1376	1373	1454	1471	1481	1387	1264	1238	1214	1291	1508	1676	1657	1601	1645	1561	1583	1494	1378	1352	1319	1431	1173	1075
9:18:26	37.0	2143	2007	1948	1931	1795	1701	1569	1478	1336	1371	1332	1204	2305	2602	2549	2533	2534	2263	2104	1760	1649	1512	1531	1339	1334	1256	1403	1337	1388	1380	1424	1400	1253	1306	1256	1138	1534	1619	1843	1632	1654	1723	1767	1484	1421	1454	1416	1434	1387	1414	1367	1390	1424	1490	1512	1385	1285	1242	1193	1255	1500	1632	1646	1626	1647	1559	1571	1475	1371	1379	1292	1455	1155	1124
9:22:26	37.0	2184	1999	1959	1933	1825	1662	1567	1450	1340	1323	1340	1164	2304	2613	2570	2557	2568	2249	2055	1735	1608	1507	1514	1324	1369	1254	1385	1373	1392	1408	1384	1418	1285	1280	1290	1138	1530	1555	1758	1612	1625	1688	1707	1511	1414	1474	1406	1400	1394	1413	1409	1393	1417	1467	1469	1405	1266	1228	1192	1262	1497	1655	1625	1616	1641	1536	1551	1444	1383	1381	1291	1438	1175	1090
9:26:26	37.0	2179	2012	1947	1958	1858	1694	1573	1486	1373	1316	1310	1166	2338	2603	2589	2601	2543	2277	2074	1778	1620	1512	1537	1303	1345	1242	1391	1366	1394	1391	1392	1402	1267	1314	1294	1114	1533	1569	1817	1589	1644	1706	1749	1523	1410	1481	1451	1467	1411	1428	1363	1390	1414	1483	1445	1397	1281	1232	1221	1250	1523	1662	1633	1627	1614	1529	1542	1462	1331	1388	1298	1499	1185	1094
9:30:26	37.0	2191	2039	1968	1947	1852	1685	1580	1480	1352	1307	1311	1206	2373	2652	2638	2578	2571	2298	2073	1775	1623	1509	1547	1383	1326	1266	1420	1358	1422	1395	1363	1380	1259	1337	1298	1124	1534	1576	1825	1626	1645	1725	1726	1529	1419	1496	1414	1454	1381	1423	1368	1432	1450	1480	1457	1411	1304	1214	1192	1231	1548	1656	1651	1662	1639	1544	1560	1433	1355	1392	1306	1518	1163	1068
9:34:26	37.0	2206	2010	2025	1933	1832	1678	1589	1479	1368	1351	1336	1191	2368	2662	2635	2646	2575	2304	2078	1776	1631	1494	1547	1357	1338	1255	1415	1358	1358	1397	1397	1374	1295	1296	1267	1122	1515	1577	1860	1656	1624	1750	1728	1547	1436	1466	1430	1435	1378	1390	1372	1382	1413	1490	1475	1395	1262	1224	1180	1202	1527	1647	1660	1642	1648	1540	1532	1505	1362	1352	1288	1702	1188	1051
9:38:26	37.0	2252	2093	2029	1978	1827	1714	1593	1475	1377	1338	1318	1219	2402	2743	2684	2649	2607	2333	2163	1796	1642	1518	1528	1349	1307	1217	1425	1356	1417	1396	1440	1396	1310	1300	1294	1113	1536	1610	1864	1603	1630	1718	1784	1542	1443	1529	1455	1444	1374	1407	1351	1369	1427	1454	1479	1389	1300	1247	1215	1251	1477	1671	1695	1642	1652	1564	1546	1495	1366	1377	1303	1685	1177	1054
9:42:26	37.0	2234	2034	1999	1958	1831	1708	1577	1502	1358	1355	1348	1201	2454	2738	2686	2698	2638	2349	2137	1835	1676	1528	1565	1347	1350	1246	1419	1373	1399	1410	1407	1412	1322	1302	1295	1147	1524	1601	1870	1592	1670	1687	1751	1534	1414	1538	1424	1451	1372	1396	1394	1401	1396	1499	1482	1437	1279	1219	1200	1225	1495	1677	1678	1648	1627	1542	1547	1483	1364	1371	1330	1644	1160	1088
9:46:26	37.0	2335	2111	2026	1986	1877	1671	1603	1506	1357	1355	1294	1186	2441	2786	2723	2718	2682	2363	2130	1813	1684	1559	1551	1330	1320	1249	1423	1348	1440	1375	1418	1400	1264	1299	1281	1112	1537	1610	1864	1634	1694	1717	1745	1547	1444	1501	1429	1442	1375	1427	1393	1380	1421	1465	1483	1410	1257	1237	1195	1278	1560	1669	1651	1641	1634	1555	1508	1477	1365	1373	1317	1510	1150	1078
9:50:26	37.1	2367	2100	2049	2047	1865	1735	1624	1544	1402	1351	1345	1189	2498	2780	2748	2786	2672	2413	2154	1846	1686	1577	1548	1398	1359	1266	1409	1364	1402	1429	1431	1415	1303	1288	1319	1138	1561	1625	1922	1648	1683	1767	1809	1561	1449	1545	1496	1471	1379	1443	1384	1363	1481	1475	1476	1408	1291	1229	1212	1290	1572	1678	1704	1656	1651	1620	1588	1475	1383	1413	1339	1548	1188	1086
9:54:26	37.0	2350	2129	2020	2050	1878	1740	1611	1508	1378	1340	1390	1202	2487	2832	2791	2801	2721	2403	2186	1867	1728	1551	1587	1376	1333	1262	1417	1376	1396	1375	1389	1394	1287	1278	1331	1140	1581	1657	1892	1688	1706	1731	1801	1556	1456	1517	1477	1479	1372	1407	1380	1386	1443	1480	1496	1410	1305	1255	1214	1290	1526	1683	1666	1656	1710	1601	1541	1483	1340	1420	1331	1558	1171	1107
9:58:26	37.0	2398	2145	2093	2026	1920	1779	1632	1536	1394	1327	1338	1181	2551	2849	2810	2814	2724	2441	2208	1854	1708	1568	1573	1389	1357	1272	1447	1382	1440	1392	1397	1403	1302	1308	1289	1133	1578	1621	1898	1668	1691	1778	1759	1588	1451	1567	1491	1486	1406	1418	1388	1369	1437	1477	1478	1414	1285	1239	1231	1254	1540	1703	1666	1638	1673	1577	1578	1487	1378	1399	1344	1583	1207	1091
10:02:26	37.0	2387	2111	2069	2044	1935	1742	1642	1523	1409	1364	1336	1220	2531	2895	2808	2803	2741	2489	2209	1884	1731	1590	1597	1363	1352	1288	1431	1407	1414	1396	1390	1400	1330	1283	1301	1149	1591	1646	1891	1708	1703	1764	1803	1549	1417	1550	1501	1498	1396	1425	1406	1439	1485	1494	1528	1421	1276	1244	1224	1305	1548	1694	1676	1667	1649	1592	1572	1492	1362	1431	1344	1529	1164	1082
10:06:26	37.0	2415	2146	2080	2072	1889	1750	1616	1522	1385	1341	1372	1180	2598	2896	2879	2836	2777	2463	2240	1875	1756	1586	1588	1388	1351	1248	1415	1398	1399	1412	1422	1416	1316	1321	1265	1153	1570	1655	1934	1659	1707	1756	1766	1604	1486	1548	1496	1499	1385	1392	1374	1421	1481	1460	1472	1421	1254	1271	1238	1243	1558	1667	1671	1663	1670	1580	1579	1501	1392	1400	1342	1708	1150	1121
10:10:26	37.1	2456	2148	2109	2069	1897	1746	1649	1504	1375	1328	1361	1182	2618	2940	2870	2872	2799	2508	2252	1900	1720	1572	1604	1396	1353	1248	1393	1364	1424	1410	1400	1382	1297	1309	1296	1156	1600	1609	1943	1653	1637	1755	1834	1579	1463	1560	1478	1486	1373	1405	1372	1385	1421	1473	1486	1406	1281	1230	1208	1240	1554	1681	1680	1672	1655	1574	1554	1471	1400	1403	1368	1734	1165	1130
10:14:26	37.0	2466	2159	2125	2043	1930	1744	1650	1490	1371	1346	1329	1210	2604	2981	2888	2868	2835	2514	2276	1905	1742	1597	1608	1419	1322	1249	1407	1389	1391	1415	1401	1397	1256	1306	1276	1136	1599	1649	1937	1651	1684	1758	1780	1621	1463	1526	1481	1505	1379	1414	1391	1382	1432	1506	1475	1415	1291	1271	1219	1288	1552	1720	1692	1684	1667	1608	1579	1467	1401	1409	1354	1533	1182	1053
10:18:26	37.0	2474	2171	2110	2074	1910	1761	1628	1532	1371	1335	1324	1213	2649	3002	2912	2883	2829	2497	2229	1884	1777	1587	1612	1408	1339	1247	1403	1368	1415	1387	1432	1405	1275	1308	1299	1152	1573	1625	1962	1706	1717	1763	1778	1584	1501	1572	1452	1524	1404	1438	1379	1401	1435	1500	1492	1415	1277	1225	1198	1276	1555	1721	1664	1689	1669	1574	1560	1478	1393	1414	1353	1623	1138	1103
10:22:26	37.0	2539	2187	2120	2094	1966	1779	1671	1529	1407	1381	1345	1209	2693	3029	2916	2941	2870	2503	2260	1930	1767	1589	1651	1419	1369	1278	1427	1409	1432	1397	1412	1402	1327	1318	1331	1145	1613	1651	1966	1692	1708	1781	1810	1630	1488	1586	1503	1519	1397	1422	1384	1410	1439	1494	1468	1437	1273	1248	1236	1289	1552	1737	1698	1674	1692	1600	1549	1485	1397	1449	1357	1534	1158	1087
10:26:26	37.0	2575	2183	2106	2093	1979	1763	1660	1520	1398	1350	1334	1217	2715	3047	2944	2933	2883	2566	2282	1896	1771	1633	1562	1417	1332	1234	1415	1368	1400	1452	1408	1394	1293	1313	1300	1155	1622	1658	1972	1704	1739	1794	1815	1623	1465	1598	1511	1555	1395	1449	1382	1362	1473	1503	1461	1452	1302	1236	1206	1276	1537	1706	1654	1669	1674	1593	1545	1527	1433	1406	1362	1639	1156	1097
10:30:26	37.0	2544	2176	2171	2104	1921	1811	1676	1514	1414	1345	1360	1201	2740	3086	2962	3016	2887	2589	2274	1960	1800	1603	1618	1404	1362	1266	1416	1394	1418	1417	1425	1414	1283	1311	1320	1163	1630	1660	2035	1714	1728	1808	1827	1610	1506	1578	1503	1547	1404	1415	1367	1396	1445	1503	1524	1445	1280	1251	1227	1285	1544	1718	1719	1716	1715	1622	1552	1499	1397	1417	1383	1562	1183	1098
10:34:26	37.0	2598	2207	2139	2110	1957	1771	1680	1535	1434	1397	1364	1239	2725	3065	3019	3035	2910	2617	2323	1945	1783	1633	1612	1428	1371	1270	1431	1401	1411	1418	1437	1403	1306	1304	1321	1149	1631	1674	2013	1709	1738	1815	1824	1591	1458	1561	1490	1552	1369	1395	1390	1420	1449	1501	1457	1412	1302	1259	1230	1297	1553	1774	1727	1687	1706	1613	1574	1498	1419	1437	1352	1599	1177	1073
10:38:26	37.0	2590	2213	2145	2099	1947	1770	1665	1527	1358	1326	1340	1221	2734	3112	3033	2945	2931	2579	2295	1897	1731	1636	1590	1428	1361	1246	1399	1393	1417	1398	1437	1388	1274	1300	1302	1150	1603	1678	2028	1669	1734	1787	1804	1619	1467	1551	1503	1527	1390	1394	1376	1414	1462	1467	1470	1421	1277	1221	1220	1287	1567	1698	1669	1681	1726	1636	1565	1477	1413	1438	1362	1603	1134	1064
10:42:26	37.0	2689	2261	2171	2152	2005	1805	1693	1552	1428	1338	1363	1270	2805	3205	3103	3078	2968	2632	2366	1966	1841	1625	1675	1462	1366	1283	1450	1395	1408	1456	1442	1441	1317	1299	1327	1149	1639	1672	2038	1732	1735	1837	1850	1624	1512	1609	1533	1519	1412	1432	1394	1386	1454	1509	1503	1445	1315	1268	1223	1321	1570	1708	1727	1697	1700	1661	1576	1522	1405	1435	1402	1631	1210	1099
10:46:26	37.0	2654	2273	2165	2126	1995	1829	1663	1515	1417	1373	1384	1228	2825	3190	3123	3088	2966	2638	2366	1992	1829	1637	1647	1436	1377	1298	1401	1412	1409	1413	1432	1443	1306	1324	1310	1145	1647	1683	2053	1719	1768	1785	1841	1642	1515	1629	1514	1521	1400	1435	1384	1397	1470	1514	1509	1420	1293	1237	1243	1248	1561	1750	1700	1675	1692	1636	1572	1520	1436	1430	1361	1877	1176	1113
10:50:26	37.0	2658	2222	2214	2155	2016	1775	1660	1519	1367	1383	1363	1210	2851	3191	3123	3075	2978	2625	2323	1966	1782	1638	1703	1463	1354	1302	1427	1363	1429	1393	1411	1410	1324	1334	1297	1128	1626	1701	2049	1718	1779	1816	1839	1642	1505	1582	1531	1537	1401	1395	1392	1390	1423	1465	1476	1432	1325	1270	1189	1290	1571	1714	1725	1687	1705	1621	1543	1484	1437	1435	1408	1586	1171	1082
10:54:26	37.0	2717	2283	2187	2141	1999	1803	1669	1545	1411	1387	1341	1188	2841	3198	3113	3088	3014	2633	2371	1970	1836	1636	1663	1447	1357	1252	1425	1401	1395	1409	1396	1434	1286	1314	1314	1156	1680	1700	2037	1751	1766	1836	1862	1665	1525	1587	1527	1589	1372	1393	1408	1412	1460	1459	1492	1401	1290	1236	1211	1298	1551	1704	1730	1708	1705	1605	1567	1509	1424	1449	1362	1629	1178	1076
10:58:26	37.0	2746	2296	2259	2149	2036	1810	1714	1534	1404	1361	1365	1211	2870	3197	3117	3120	3059	2672	2344	2000	1822	1660	1647	1441	1373	1279	1444	1396	1456	1391	1424	1415	1319	1299	1301	1144	1704	1706	2066	1770	1775	1807	1853	1661	1542	1606	1557	1539	1395	1408	1386	1405	1436	1500	1489	1397	1326	1253	1238	1311	1601	1751	1718	1687	1729	1643	1537	1531	1454	1431	1416	1601	1177	1088
11:02:26	37.0	2763	2301	2207	2186	2040	1825	1674	1557	1389	1392	1353	1214	2921	3304	3184	3176	3064	2692	2411	2008	1824	1675	1683	1480	1369	1254	1446	1398	1408	1415	1430	1389	1281	1325	1340	1139	1674	1718	2081	1758	1758	1811	1876	1649	1546	1599	1574	1590	1393	1423	1390	1418	1432	1513	1514	1428	1297	1260	1230	1294	1591	1729	1709	1677	1711	1628	1589	1532	1419	1411	1390	1721	1183	1072
11:06:26	37.0	2817	2295	2215	2200	2044	1828	1687	1538	1416	1372	1380	1211	2901	3251	3223	3151	3055	2653	2432	2041	1824	1698	1687	1474	1353	1280	1410	1398	1438	1391	1431	1436	1272	1279	1301	1148	1658	1737	2111	1719	1810	1832	1841	1652	1527	1632	1565	1558	1390	1395	1380	1390	1463	1484	1521	1454	1316	1230	1208	1271	1586	1743	1709	1667	1720	1628	1542	1505	1431	1435	1398	1731	1161	1068
11:10:26	37.0	2827	2327	2249	2177	2048	1863	1700	1542	1390	1375	1335	1210	2891	3290	3193	3210	3063	2687	2382	2003	1875	1686	1697	1467	1377	1299	1435	1418	1379	1414	1407	1409	1319	1292	1307	1157	1664	1728	2119	1737	1798	1815	1897	1667	1536	1611	1521	1538	1379	1402	1397	1364	1431	1506	1474	1435	1306	1279	1234	1248	1559	1746	1689	1686	1701	1612	1583	1538	1426	1475	1380	1592	1154	1109
11:14:26	37.0	2802	2315	2228	2222	2046	1791	1685	1577	1410	1382	1343	1199	2982	3314	3226	3181	3081	2737	2420	2012	1860	1689	1681	1495	1373	1240	1442	1410	1421	1405	1432	1436	1326	1291	1305	1165	1685	1731	2100	1776	1779	1859	1877	1672	1514	1602	1570	1585	1395	1418	1378	1406	1451	1491	1457	1415	1323	1265	1213	1248	1602	1765	1739	1723	1704	1655	1545	1495	1431	1440	1409	1705	1172	1111
11:18:26	37.0	2860	2303	2215	2173	2108	1821	1706	1563	1410	1363	1360	1177	3012	3371	3239	3217	3113	2751	2432	2037	1831	1685	1720	1454	1356	1277	1427	1415	1438	1434	1443	1427	1319	1287	1295	1144	1669	1735	2154	1789	1770	1858	1846	1635	1564	1646	1532	1609	1382	1431	1401	1389	1442	1496	1481	1445	1294	1279	1248	1300	1580	1727	1708	1700	1723	1655	1541	1491	1418	1445	1442	1607	1185	1094
11:22:26	37.0	2861	2345	2283	2229	2081	1882	1679	1583	1397	1392	1380	1234	2996	3437	3271	3223	3126	2755	2450	2070	1876	1705	1739	1493	1366	1264	1415	1411	1438	1400	1387	1445	1318	1329	1305	1151	1697	1719	2155	1758	1780	1866	1891	1688	1562	1664	1591	1593	1415	1417	1363	1406	1462	1508	1504	1478	1306	1262	1226	1282	1577	1737	1752	1713	1739	1624	1591	1531	1439	1459	1415	1686	1197	1065
11:26:26	37.0	2876	2325	2259	2238	2082	1861	1697	1582	1421	1383	1355	1201	3059	3439	3294	3258	3156	2792	2452	2068	1877	1709	1744	1460	1389	1265	1429	1397	1435	1448	1387	1423	1326	1322	1313	1178	1709	1753	2163	1758	1823	1858	1864	1667	1541	1635	1598	1629	1401	1414	1393	1394	1460	1520	1496	1457	1338	1243	1216	1330	1582	1749	1759	1730	1753	1639	1535	1527	1467	1472	1416	1626	1201	1114
11:30:26	37.0	2922	2355	2321	2280	2068	1888	1720	1571	1418	1381	1367	1238	3044	3415	3303	3259	3169	2794	2484	2063	1882	1741	1717	1502	1351	1293	1408	1432	1398	1437	1439	1424	1310	1305	1315	1152	1730	1737	2173	1798	1784	1860	1905	1689	1556	1661	1581	1618	1384	1449	1385	1350	1457	1493	1497	1474	1303	1291	1249	1279	1590	1759	1746	1708	1718	1658	1541	1542	1446	1463	1384	1687	1179	1142
11:34:26	37.0	2932	2405	2300	2287	2069	1880	1713	1572	1432	1418	1364	1225	3088	3472	3315	3341	3223	2825	2513	2103	1922	1732	1737	1514	1369	1264	1444	1430	1429	1450	1394	1414	1317	1334	1309	1209	1714	1727	2219	1780	1794	1836	1864	1722	1575	1671	1601	1611	1397	1410	1404	1418	1461	1486	1501	1472	1309	1267	1254	1330	1603	1777	1757	1761	1733	1612	1588	1510	1457	1479	1405	1639	1193	1083
11:38:26	37.0	2924	2385	2289	2280	2085	1887	1694	1557	1438	1392	1367	1202	3085	3445	3313	3339	3176	2866	2559	2080	1890	1751	1721	1498	1370	1277	1449	1427	1439	1431	1433	1421	1332	1308	1309	1161	1721	1742	2199	1775	1844	1862	1896	1711	1551	1672	1604	1654	1374	1433	1396	1409	1459	1479	1521	1428	1292	1258	1237	1326	1586	1794	1744	1719	1752	1695	1531	1536	1436	1437	1394	1659	1150	1127
11:42:26	37.0	3003	2382	2327	2248	2086	1893	1722	1574	1419	1400	1347	1227	3110	3555	3382	3304	3200	2870	2467	2090	1882	1755	1773	1522	1355	1276	1459	1448	1439	1425	1414	1411	1308	1289	1292	1153	1720	1767	2198	1782	1809	1858	1923	1703	1606	1636	1593	1612	1384	1442	1416	1419	1466	1489	1478	1435	1300	1243	1239	1298	1599	1775	1743	1747	1748	1640	1551	1510	1449	1479	1459	1625	1176	1080
11:46:26	37.0	2955	2372	2322	2259	2129	1858	1719	1563	1438	1394	1326	1219	3077	3419	3348	3347	3214	2845	2511	2105	1842	1703	1725	1481	1369	1227	1426	1397	1380	1415	1395	1375	1290	1322	1304	1144	1726	1777	2203	1775	1806	1910	1899	1698	1557	1651	1606	1608	1389	1394	1402	1423	1431	1480	1481	1448	1300	1264	1241	1299	1607	1811	1773	1724	1715	1651	1563	1503	1417	1470	1487	1672	1150	1068
11:50:26	37.0	3012	2396	2328	2294	2111	1859	1680	1588	1405	1376	1345	1216	3116	3542	3379	3413	3212	2844	2537	2124	1920	1762	1708	1526	1359	1274	1474	1391	1430	1400	1429	1444	1318	1323	1294	1167	1735	1771	2233	1800	1839	1836	1939	1731	1569	1664	1618	1620	1396	1398	1358	1382	1449	1496	1480	1430	1351	1268	1227	1258	1576	1724	1745	1713	1724	1672	1585	1553	1457	1490	1389	1790	1148	1128
11:54:26	37.0	3011	2410	2320	2263	2139	1870	1714	1599	1440	1411	1374	1213	3184	3553	3405	3352	3223	2899	2553	2125	1892	1771	1762	1506	1373	1281	1455	1397	1458	1420	1411	1452	1327	1304	1301	1171	1733	1762	2277	1781	1822	1891	1938	1705	1601	1661	1570	1646	1400	1439	1394	1424	1487	1530	1474	1444	1341	1266	1236	1339	1620	1797	1751	1738	1758	1654	1567	1565	1454	1458	1446	1702	1156	1097
11:58:26	37.0	3086	2409	2377	2310	2136	1911	1717	1582	1466	1410	1359	1239	3208	3569	3470	3433	3305	2893	2584	2125	1927	1746	1763	1531	1397	1259	1415	1421	1422	1456	1463	1411	1332	1323	1313	1132	1753	1802	2292	1808	1861	1938	1923	1726	1597	1685	1628	1610	1359	1417	1391	1421	1492	1508	1526	1433	1330	1269	1246	1306	1616	1773	1760	1764	1754	1665	1585	1574	1435	1486	1436	1673	1200	1108
12:02:26	37.0	3042	2461	2365	2344	2142	1889	1738	1611	1432	1369	1364	1236	3203	3638	3485	3417	3296	2921	2597	2127	1947	1749	1721	1527	1373	1312	1451	1397	1422	1425	1433	1436	1309	1315	1372	1171	1807	1797	2251	1844	1841	1919	1933	1721	1586	1695	1612	1652	1410	1403	1408	1418	1474	1498	1523	1445	1336	1262	1295	1297	1632	1798	1761	1702	1765	1694	1598	1542	1486	1526	1456	1755	1181	1077

od600:600

Time	T° od600:600	B1	B2	B3	B4	B5	B6	B7	B8	B9	B10	B11	B12	C1	C2	C3	C4	C5	C6	C7	C8	C9	C10	C11	C12	D1	D2	D3	D4	D5	D6	D7	D8	D9	D10	D11	D12	E1	E2	E3	E4	E5	E6	E7	E8	E9	E10	E11	E12	F1	F2	F3	F4	F5	F6	F7	F8	F9	F10	F11	F12	G1	G2	G3	G4	G5	G6	G7	G8	G9	G10	G11	G12	H11	H12
0:03:12	37.0	0.173	0.177	0.187	0.189	0.201	0.188	0.167	0.172	0.172	0.169	0.165	0.174	0.169	0.162	0.165	0.184	0.182	0.172	0.180	0.165	0.195	0.165	0.158	0.158	0.192	0.167	0.180	0.191	0.187	0.175	0.171	0.179	0.183	0.174	0.166	0.171	0.178	0.174	0.163	0.181	0.185	0.171	0.171	0.179	0.154	0.164	0.158	0.164	0.171	0.173	0.168	0.185	0.176	0.175	0.171	0.172	0.175	0.179	0.175	0.161	0.166	0.169	0.165	0.168	0.180	0.167	0.179	0.172	0.175	0.184	0.167	0.162	0.176	0.187
0:07:12	37.0	0.174	0.177	0.188	0.187	0.199	0.188	0.166	0.171	0.170	0.169	0.168	0.172	0.170	0.162	0.165	0.182	0.181	0.172	0.179	0.164	0.196	0.165	0.156	0.160	0.191	0.167	0.180	0.190	0.187	0.174	0.172	0.179	0.182	0.172	0.165	0.168	0.180	0.171	0.163	0.179	0.186	0.172	0.172	0.179	0.155	0.163	0.158	0.165	0.172	0.171	0.165	0.184	0.176	0.176	0.171	0.173	0.174	0.177	0.172	0.166	0.165	0.169	0.165	0.169	0.180	0.167	0.178	0.171	0.173	0.181	0.165	0.163	0.173	0.186
0:11:12	37.0	0.174	0.177	0.188	0.189	0.198	0.188	0.167	0.172	0.171	0.170	0.168	0.173	0.169	0.163	0.165	0.183	0.181	0.172	0.179	0.165	0.197	0.164	0.158	0.160	0.192	0.167	0.180	0.190	0.187	0.175	0.172	0.181	0.182	0.172	0.164	0.170	0.179	0.171	0.162	0.178	0.186	0.172	0.171	0.183	0.156	0.164	0.159	0.165	0.171	0.172	0.168	0.184	0.178	0.177	0.172	0.175	0.176	0.178	0.175	0.166	0.165	0.170	0.166	0.169	0.181	0.167	0.179	0.172	0.173	0.181	0.167	0.163	0.174	0.186
0:15:12	37.0	0.174	0.178	0.188	0.189	0.198	0.189	0.167	0.173	0.172	0.171	0.168	0.172	0.169	0.163	0.165	0.183	0.180	0.172	0.179	0.165	0.197	0.164	0.158	0.161	0.192	0.167	0.180	0.191	0.188	0.174	0.173	0.184	0.182	0.172	0.164	0.170	0.179	0.171	0.162	0.179	0.186	0.173	0.172	0.182	0.156	0.165	0.160	0.166	0.172	0.172	0.168	0.184	0.178	0.177	0.172	0.176	0.177	0.179	0.176	0.167	0.165	0.171	0.166	0.169	0.181	0.167	0.180	0.172	0.174	0.182	0.167	0.164	0.175	0.187
0:19:12	37.0	0.175	0.178	0.189	0.190	0.199	0.190	0.168	0.174	0.173	0.171	0.170	0.174	0.169	0.163	0.166	0.183	0.181	0.172	0.180	0.166	0.198	0.165	0.159	0.161	0.193	0.168	0.181	0.192	0.189	0.176	0.174	0.184	0.182	0.173	0.166	0.172	0.180	0.172	0.163	0.180	0.187	0.173	0.172	0.182	0.157	0.165	0.161	0.166	0.173	0.173	0.168	0.185	0.180	0.178	0.173	0.178	0.178	0.181	0.178	0.168	0.166	0.171	0.167	0.169	0.182	0.168	0.181	0.173	0.174	0.183	0.168	0.165	0.176	0.189
0:23:12	37.0	0.176	0.179	0.190	0.191	0.200	0.191	0.170	0.175	0.173	0.173	0.171	0.175	0.170	0.164	0.166	0.184	0.182	0.173	0.181	0.166	0.200	0.166	0.160	0.162	0.194	0.170	0.182	0.193	0.189	0.176	0.175	0.185	0.184	0.174	0.167	0.173	0.180	0.173	0.164	0.181	0.187	0.174	0.172	0.183	0.158	0.166	0.161	0.167	0.174	0.174	0.169	0.188	0.181	0.179	0.175	0.179	0.180	0.183	0.180	0.170	0.166	0.172	0.167	0.170	0.182	0.169	0.181	0.173	0.175	0.183	0.168	0.165	0.178	0.191
0:27:12	37.0	0.178	0.181	0.192	0.193	0.202	0.192	0.172	0.177	0.175	0.174	0.173	0.176	0.171	0.165	0.167	0.184	0.182	0.174	0.181	0.167	0.201	0.167	0.160	0.162	0.196	0.171	0.184	0.195	0.191	0.178	0.177	0.187	0.185	0.176	0.169	0.176	0.181	0.174	0.165	0.181	0.187	0.175	0.173	0.186	0.162	0.167	0.162	0.168	0.176	0.176	0.170	0.191	0.183	0.181	0.176	0.181	0.182	0.185	0.184	0.174	0.167	0.172	0.168	0.171	0.183	0.170	0.182	0.174	0.175	0.184	0.169	0.166	0.181	0.197
0:31:12	37.0	0.180	0.183	0.194	0.195	0.204	0.194	0.174	0.179	0.177	0.176	0.175	0.178	0.171	0.165	0.168	0.185	0.183	0.175	0.182	0.168	0.202	0.168	0.161	0.163	0.197	0.173	0.187	0.198	0.194	0.181	0.179	0.191	0.187	0.178	0.172	0.179	0.181	0.175	0.166	0.182	0.188	0.176	0.174	0.187	0.163	0.168	0.163	0.169	0.178	0.177	0.172	0.194	0.187	0.185	0.179	0.182	0.184	0.189	0.187	0.177	0.168	0.173	0.169	0.172	0.185	0.171	0.183	0.175	0.176	0.185	0.170	0.169	0.185	0.201
0:35:12	37.0	0.182	0.185	0.196	0.197	0.207	0.197	0.177	0.182	0.179	0.178	0.177	0.180	0.172	0.167	0.169	0.186	0.184	0.176	0.183	0.169	0.203	0.169	0.162	0.165	0.199	0.175	0.190	0.199	0.197	0.184	0.183	0.194	0.190	0.181	0.176	0.183	0.183	0.177	0.168	0.183	0.189	0.177	0.175	0.188	0.164	0.169	0.164	0.170	0.180	0.179	0.175	0.197	0.190	0.188	0.182	0.185	0.188	0.192	0.190	0.180	0.169	0.174	0.171	0.173	0.186	0.172	0.184	0.176	0.177	0.187	0.171	0.171	0.187	0.204
0:39:12	37.0	0.185	0.188	0.199	0.200	0.210	0.199	0.181	0.186	0.182	0.181	0.180	0.184	0.174	0.168	0.171	0.188	0.185	0.177	0.185	0.171	0.205	0.171	0.164	0.166	0.202	0.178	0.193	0.202	0.200	0.187	0.185	0.197	0.192	0.184	0.179	0.186	0.184	0.179	0.169	0.184	0.191	0.179	0.176	0.189	0.165	0.170	0.166	0.172	0.183	0.182	0.178	0.201	0.193	0.191	0.185	0.189	0.191	0.196	0.194	0.184	0.170	0.176	0.172	0.174	0.188	0.174	0.186	0.178	0.179	0.188	0.173	0.173	0.190	0.206
0:43:12	37.0	0.188	0.191	0.201	0.204	0.213	0.203	0.185	0.190	0.186	0.184	0.184	0.187	0.175	0.170	0.172	0.189	0.187	0.178	0.187	0.172	0.207	0.172	0.165	0.168	0.205	0.182	0.196	0.206	0.204	0.190	0.189	0.201	0.195	0.188	0.182	0.190	0.186	0.181	0.171	0.186	0.193	0.180	0.178	0.190	0.167	0.171	0.167	0.173	0.185	0.184	0.182	0.204	0.196	0.194	0.188	0.192	0.195	0.200	0.198	0.187	0.172	0.177	0.174	0.176	0.190	0.176	0.187	0.179	0.180	0.190	0.175	0.174	0.194	0.209
0:47:12	37.0	0.192	0.195	0.205	0.208	0.217	0.206	0.190	0.194	0.189	0.187	0.188	0.191	0.178	0.172	0.174	0.191	0.189	0.180	0.188	0.174	0.209	0.174	0.167	0.170	0.209	0.186	0.200	0.209	0.207	0.193	0.193	0.205	0.198	0.191	0.185	0.194	0.188	0.183	0.174	0.188	0.195	0.182	0.179	0.192	0.169	0.173	0.169	0.175	0.189	0.187	0.185	0.208	0.199	0.197	0.192	0.196	0.199	0.203	0.201	0.191	0.174	0.178	0.176	0.178	0.191	0.178	0.190	0.182	0.183	0.193	0.176	0.175	0.197	0.213
0:51:12	37.0	0.197	0.199	0.209	0.213	0.222	0.211	0.195	0.200	0.195	0.191	0.193	0.196	0.180	0.174	0.176	0.193	0.191	0.183	0.191	0.176	0.212	0.177	0.169	0.172	0.213	0.191	0.204	0.214	0.211	0.197	0.198	0.210	0.202	0.195	0.190	0.199	0.190	0.186	0.177	0.190	0.197	0.185	0.182	0.194	0.172	0.176	0.172	0.178	0.193	0.191	0.190	0.212	0.203	0.201	0.195	0.200	0.203	0.208	0.206	0.196	0.177	0.181	0.179	0.181	0.194	0.180	0.192	0.184	0.186	0.196	0.179	0.177	0.202	0.217
0:55:12	37.0	0.202	0.204	0.215	0.218	0.228	0.216	0.202	0.205	0.200	0.196	0.200	0.200	0.183	0.177	0.179	0.195	0.194	0.185	0.194	0.179	0.215	0.180	0.172	0.175	0.219	0.197	0.208	0.219	0.215	0.202	0.203	0.215	0.207	0.200	0.194	0.204	0.193	0.190	0.180	0.193	0.200	0.187	0.184	0.196	0.175	0.178	0.174	0.181	0.197	0.195	0.194	0.216	0.207	0.206	0.199	0.205	0.208	0.213	0.212	0.202	0.180	0.183	0.181	0.183	0.198	0.183	0.195	0.187	0.189	0.200	0.182	0.180	0.206	0.222
0:59:12	37.0	0.208	0.210	0.220	0.225	0.235	0.223	0.209	0.213	0.207	0.201	0.206	0.206	0.186	0.179	0.183	0.198	0.197	0.188	0.196	0.182	0.218	0.183	0.175	0.179	0.225	0.204	0.214	0.225	0.220	0.207	0.208	0.221	0.212	0.205	0.200	0.211	0.197	0.194	0.184	0.196	0.204	0.191	0.188	0.201	0.178	0.182	0.178	0.184	0.203	0.199	0.200	0.221	0.213	0.211	0.203	0.211	0.213	0.218	0.218	0.208	0.183	0.186	0.185	0.187	0.202	0.187	0.198	0.191	0.192	0.204	0.186	0.184	0.211	0.227
1:03:12	37.0	0.215	0.217	0.227	0.233	0.243	0.231	0.218	0.221	0.215	0.208	0.214	0.213	0.191	0.184	0.187	0.201	0.200	0.192	0.200	0.186	0.222	0.188	0.179	0.183	0.232	0.211	0.221	0.231	0.226	0.213	0.216	0.228	0.218	0.212	0.209	0.220	0.201	0.199	0.189	0.200	0.208	0.195	0.191	0.204	0.182	0.186	0.182	0.188	0.208	0.204	0.206	0.227	0.219	0.216	0.209	0.218	0.220	0.225	0.224	0.216	0.187	0.189	0.189	0.191	0.206	0.191	0.202	0.195	0.197	0.209	0.191	0.188	0.218	0.234
1:07:12	37.0	0.223	0.226	0.234	0.241	0.252	0.239	0.228	0.230	0.224	0.216	0.224	0.221	0.195	0.188	0.191	0.205	0.204	0.196	0.205	0.191	0.227	0.193	0.184	0.187	0.240	0.220	0.227	0.238	0.233	0.220	0.223	0.236	0.225	0.219	0.217	0.229	0.205	0.205	0.195	0.204	0.213	0.199	0.195	0.208	0.187	0.190	0.186	0.193	0.214	0.210	0.213	0.234	0.227	0.223	0.215	0.226	0.228	0.232	0.232	0.226	0.191	0.192	0.194	0.195	0.212	0.196	0.206	0.200	0.203	0.215	0.197	0.193	0.226	0.241
1:11:12	37.0	0.233	0.236	0.244	0.253	0.264	0.251	0.242	0.242	0.235	0.226	0.238	0.230	0.201	0.193	0.196	0.210	0.209	0.201	0.209	0.196	0.233	0.199	0.189	0.193	0.249	0.230	0.236	0.247	0.241	0.228	0.234	0.246	0.233	0.229	0.228	0.240	0.211	0.211	0.202	0.209	0.218	0.205	0.201	0.213	0.193	0.196	0.192	0.198	0.221	0.216	0.222	0.242	0.237	0.230	0.224	0.235	0.237	0.242	0.241	0.237	0.197	0.197	0.199	0.201	0.218	0.203	0.212	0.205	0.209	0.223	0.204	0.199	0.234	0.250
1:15:12	37.0	0.244	0.249	0.255	0.267	0.278	0.265	0.258	0.259	0.250	0.241	0.256	0.242	0.207	0.200	0.202	0.215	0.215	0.207	0.216	0.202	0.241	0.206	0.195	0.199	0.260	0.242	0.245	0.256	0.250	0.238	0.246	0.258	0.242	0.239	0.242	0.252	0.217	0.217	0.209	0.215	0.225	0.211	0.206	0.220	0.199	0.202	0.198	0.203	0.229	0.223	0.232	0.252	0.250	0.241	0.233	0.246	0.248	0.252	0.252	0.251	0.203	0.201	0.205	0.207	0.227	0.210	0.218	0.211	0.217	0.232	0.212	0.205	0.243	0.259
1:19:12	37.0	0.260	0.266	0.269	0.285	0.297	0.285	0.280	0.279	0.270	0.262	0.280	0.258	0.214	0.207	0.208	0.221	0.222	0.214	0.222	0.208	0.249	0.213	0.202	0.206	0.274	0.258	0.257	0.269	0.262	0.252	0.261	0.274	0.256	0.253	0.259	0.266	0.225	0.225	0.217	0.222	0.232	0.218	0.213	0.227	0.206	0.209	0.205	0.210	0.237	0.231	0.244	0.264	0.267	0.254	0.246	0.260	0.262	0.265	0.265	0.268	0.210	0.206	0.212	0.214	0.235	0.219	0.224	0.219	0.227	0.243	0.223	0.212	0.254	0.271
1:23:12	37.0	0.278	0.285	0.286	0.307	0.317	0.310	0.304	0.306	0.296	0.288	0.309	0.283	0.223	0.214	0.217	0.229	0.229	0.222	0.230	0.217	0.259	0.223	0.209	0.214	0.291	0.274	0.270	0.284	0.275	0.273	0.281	0.294	0.275	0.273	0.280	0.282	0.233	0.234	0.227	0.230	0.241	0.226	0.220	0.233	0.216	0.219	0.214	0.218	0.247	0.240	0.259	0.280	0.287	0.269	0.261	0.276	0.279	0.281	0.281	0.288	0.218	0.213	0.220	0.223	0.247	0.231	0.231	0.228	0.240	0.257	0.235	0.221	0.264	0.283
1:27:12	37.0	0.299	0.305	0.305	0.329	0.338	0.335	0.328	0.334	0.325	0.316	0.337	0.310	0.232	0.223	0.225	0.237	0.238	0.232	0.239	0.227	0.271	0.235	0.219	0.224	0.309	0.292	0.288	0.304	0.291	0.301	0.304	0.318	0.304	0.296	0.305	0.301	0.242	0.242	0.238	0.241	0.252	0.236	0.229	0.243	0.227	0.231	0.226	0.227	0.258	0.251	0.276	0.299	0.308	0.287	0.279	0.296	0.300	0.300	0.301	0.311	0.227	0.220	0.229	0.235	0.262	0.246	0.239	0.240	0.256	0.274	0.251	0.230	0.273	0.290
1:31:12	37.0	0.319	0.323	0.321	0.346	0.353	0.354	0.347	0.358	0.348	0.338	0.357	0.334	0.243	0.234	0.236	0.247	0.249	0.245	0.250	0.240	0.286	0.250	0.231	0.236	0.325	0.306	0.306	0.325	0.310	0.328	0.327	0.343	0.331	0.320	0.330	0.321	0.251	0.252	0.249	0.254	0.265	0.249	0.240	0.256	0.240	0.248	0.240	0.237	0.272	0.264	0.295	0.320	0.332	0.308	0.299	0.318	0.325	0.322	0.324	0.336	0.239	0.228	0.241	0.249	0.280	0.266	0.249	0.254	0.276	0.294	0.271	0.242	0.287	0.297
1:35:12	37.0	0.336	0.334	0.334	0.358	0.363	0.367	0.363	0.378	0.367	0.360	0.374	0.359	0.257	0.248	0.248	0.259	0.263	0.260	0.264	0.255	0.303	0.267	0.246	0.251	0.339	0.323	0.316	0.335	0.330	0.348	0.342	0.361	0.353	0.343	0.349	0.339	0.260	0.262	0.261	0.269	0.281	0.264	0.253	0.271	0.256	0.268	0.258	0.248	0.287	0.279	0.315	0.341	0.353	0.331	0.320	0.342	0.350	0.347	0.349	0.359	0.253	0.238	0.253	0.267	0.300	0.290	0.261	0.272	0.299	0.316	0.293	0.255	0.300	0.311
1:39:12	37.0	0.359	0.351	0.351	0.376	0.372	0.380	0.379	0.395	0.387	0.381	0.393	0.382	0.273	0.265	0.264	0.275	0.280	0.277	0.281	0.276	0.322	0.287	0.265	0.269	0.349	0.345	0.335	0.351	0.350	0.369	0.359	0.383	0.380	0.366	0.370	0.360	0.269	0.272	0.273	0.285	0.300	0.282	0.268	0.290	0.277	0.292	0.282	0.260	0.300	0.291	0.332	0.360	0.371	0.355	0.343	0.365	0.375	0.367	0.372	0.383	0.269	0.250	0.268	0.289	0.323	0.315	0.274	0.292	0.324	0.340	0.318	0.270	0.316	0.326
1:43:12	37.0	0.381	0.374	0.373	0.398	0.389	0.399	0.396	0.409	0.405	0.399	0.411	0.400	0.294	0.284	0.282	0.294	0.300	0.298	0.299	0.297	0.341	0.308	0.287	0.290	0.368	0.341	0.361	0.376	0.370	0.391	0.384	0.403	0.401	0.387	0.389	0.377	0.279	0.282	0.285	0.302	0.320	0.303	0.287	0.312	0.301	0.318	0.308	0.276	0.317	0.306	0.350	0.379	0.386	0.370	0.360	0.383	0.397	0.391	0.398	0.405	0.287	0.264	0.285	0.313	0.345	0.341	0.289	0.313	0.349	0.363	0.341	0.289	0.332	0.342
1:47:12	37.0	0.404	0.398	0.394	0.420	0.407	0.416	0.411	0.425	0.421	0.418	0.428	0.416	0.317	0.305	0.302	0.316	0.320	0.321	0.321	0.321	0.361	0.329	0.311	0.313	0.386	0.376	0.381	0.400	0.395	0.410	0.406	0.423	0.422	0.406	0.407	0.395	0.286	0.295	0.298	0.319	0.340	0.324	0.310	0.335	0.325	0.342	0.334	0.296	0.335	0.324	0.370	0.403	0.405	0.394	0.385	0.408	0.422	0.419	0.425	0.430	0.308	0.282	0.304	0.338	0.367	0.365	0.307	0.337	0.376	0.388	0.366	0.310	0.348	0.355
1:51:12	37.0	0.428	0.422	0.413	0.439	0.421	0.429	0.424	0.438	0.434	0.436	0.444	0.431	0.341	0.324	0.319	0.338	0.341	0.341	0.341	0.343	0.378	0.348	0.333	0.333	0.399	0.388	0.394	0.412	0.415	0.433	0.422	0.438	0.434	0.421	0.424	0.415	0.295	0.303	0.311	0.336	0.359	0.345	0.335	0.357	0.347	0.364	0.357	0.319	0.352	0.344	0.386	0.421	0.425	0.416	0.408	0.432	0.446	0.445	0.452	0.453	0.331	0.302	0.324	0.363	0.386	0.391	0.325	0.361	0.402	0.412	0.390	0.333	0.365	0.372
1:55:12	37.0	0.447	0.434	0.423	0.449	0.429	0.441	0.436	0.449	0.448	0.450	0.456	0.443	0.356	0.341	0.334	0.355	0.358	0.358	0.357	0.361	0.394	0.363	0.352	0.355	0.414	0.400	0.406	0.428	0.430	0.436	0.432	0.447	0.442	0.430	0.435	0.426	0.308	0.309	0.322	0.349	0.375	0.363	0.360	0.374	0.367	0.381	0.376	0.341	0.368	0.362	0.401	0.436	0.445	0.436	0.431	0.452	0.469	0.469	0.475	0.471	0.355	0.325	0.343	0.388	0.402	0.413	0.347	0.387	0.428	0.436	0.414	0.354	0.382	0.390
1:59:12	37.0	0.460	0.439	0.428	0.447	0.433	0.441	0.443	0.465	0.464	0.459	0.469	0.447	0.375	0.361	0.355	0.375	0.379	0.379	0.378	0.379	0.414	0.384	0.373	0.374	0.424	0.407	0.417	0.437	0.442	0.447	0.441	0.456	0.447	0.438	0.447	0.440	0.320	0.319	0.327	0.356	0.383	0.373	0.376	0.393	0.384	0.400	0.396	0.363	0.385	0.381	0.416	0.453	0.462	0.459	0.455	0.473	0.492	0.494	0.495	0.487	0.381	0.348	0.367	0.413	0.424	0.436	0.370	0.413	0.454	0.462	0.438	0.374	0.400	0.409
2:03:12	37.0	0.468	0.441	0.433	0.449	0.436	0.442	0.451	0.468	0.464	0.457	0.472	0.457	0.395	0.380	0.373	0.396	0.397	0.399	0.395	0.400	0.432	0.404	0.391	0.393	0.431	0.415	0.424	0.447	0.453	0.450	0.450	0.465	0.455	0.444	0.448	0.452	0.326	0.322	0.346	0.366	0.396	0.390	0.391	0.413	0.404	0.418	0.414	0.385	0.397	0.398	0.437	0.474	0.484	0.482	0.482	0.495	0.515	0.516	0.515	0.493	0.406	0.371	0.390	0.439	0.449	0.459	0.396	0.441	0.482	0.486	0.460	0.400	0.413	0.436
2:07:12	37.0	0.464	0.447	0.437	0.453	0.443	0.446	0.457	0.472	0.469	0.469	0.471	0.465	0.415	0.397	0.391	0.413	0.415	0.416	0.412	0.416	0.447	0.422	0.408	0.412	0.434	0.421	0.426	0.458	0.460	0.458	0.458	0.472	0.462	0.450	0.459	0.461	0.359	0.345	0.363	0.379	0.412	0.407	0.405	0.430	0.422	0.434	0.433	0.406	0.407	0.410	0.452	0.493	0.504	0.507	0.508	0.517	0.538	0.536	0.530	0.500	0.430	0.390	0.414	0.462	0.475	0.483	0.423	0.469	0.508	0.511	0.481	0.423	0.438	0.459
2:11:12	37.0	0.473	0.449	0.441	0.456	0.446	0.445	0.451	0.472	0.472	0.470	0.475	0.472	0.437	0.415	0.408	0.434	0.433	0.433	0.428	0.433	0.461	0.440	0.423	0.429	0.438	0.425	0.426	0.462	0.464	0.458	0.464	0.473	0.474	0.463	0.470	0.468	0.378	0.370	0.376	0.396	0.430	0.429	0.425	0.450	0.441	0.452	0.450	0.432	0.417	0.422	0.467	0.512	0.519	0.528	0.528	0.531	0.551	0.550	0.536	0.508	0.451	0.407	0.434	0.482	0.497	0.505	0.445	0.494	0.532	0.533	0.503	0.447	0.465	0.476
2:15:12	37.1	0.473	0.452	0.444	0.457	0.449	0.451	0.454	0.472	0.481	0.475	0.486	0.484	0.453	0.432	0.422	0.453	0.448	0.449	0.442	0.447	0.473	0.455	0.436	0.444	0.447	0.436	0.434	0.465	0.465	0.464	0.466	0.479	0.483	0.478	0.482	0.484	0.393	0.384	0.399	0.409	0.443	0.447	0.440	0.467	0.454	0.467	0.465	0.451	0.428	0.430	0.480	0.520	0.525	0.537	0.542	0.534	0.557	0.553	0.534	0.515	0.472	0.426	0.452	0.500	0.516	0.527	0.468	0.519	0.554	0.556	0.530	0.467	0.473	0.489
2:19:12	37.0	0.479	0.453	0.451	0.463	0.456	0.458	0.459	0.473	0.488	0.482	0.495	0.504	0.458	0.447	0.427	0.464	0.461	0.459	0.453	0.460	0.486	0.471	0.446	0.455	0.458	0.450	0.443	0.472	0.475	0.470	0.473	0.488	0.498	0.492	0.494	0.501	0.406	0.396	0.413	0.420	0.451	0.458	0.451	0.481	0.466	0.481	0.480	0.469	0.440	0.441	0.487	0.518	0.527	0.536	0.547	0.536	0.556	0.553	0.539	0.520	0.493	0.446	0.473	0.522	0.542	0.551	0.493	0.547	0.584	0.583	0.554	0.482	0.473	0.501
2:23:12	37.0	0.499	0.474	0.456	0.472	0.467	0.470	0.468	0.481	0.495	0.488	0.503	0.516	0.466	0.455	0.428	0.468	0.470	0.466	0.462	0.469	0.490	0.476	0.455	0.467	0.471	0.465	0.457	0.480	0.485	0.480	0.481	0.497	0.509	0.503	0.508	0.515	0.417	0.408	0.430	0.431	0.460	0.465	0.460	0.488	0.476	0.487	0.491	0.481	0.451	0.449	0.488	0.523	0.533	0.541	0.545	0.542	0.559	0.558	0.552	0.534	0.519	0.466	0.497	0.544	0.568	0.577	0.518	0.574	0.612	0.608	0.575	0.498	0.474	0.515
2:27:12	37.0	0.517	0.476	0.471	0.484	0.481	0.485	0.479	0.491	0.507	0.500	0.510	0.527	0.470	0.456	0.432	0.469	0.468	0.466	0.462	0.479	0.500	0.479	0.463	0.474	0.488	0.482	0.473	0.493	0.497	0.494	0.493	0.512	0.520	0.514	0.519	0.527	0.419	0.414	0.440	0.440	0.466	0.471	0.465	0.491	0.482	0.495	0.498	0.491	0.459	0.456	0.491	0.527	0.539	0.550	0.554	0.550	0.566	0.566	0.562	0.550	0.540	0.487	0.522	0.568	0.590	0.602	0.543	0.600	0.639	0.633	0.594	0.514	0.479	0.531
2:31:12	37.0	0.518	0.495	0.479	0.501	0.496	0.499	0.493	0.509	0.518	0.510	0.524	0.538	0.476	0.458	0.433	0.469	0.465	0.465	0.457	0.483	0.509	0.480	0.472	0.478	0.504	0.499	0.489	0.507	0.508	0.509	0.508	0.527	0.532	0.526	0.531	0.536	0.423	0.417	0.449	0.443	0.466	0.474	0.468	0.488	0.485	0.497	0.500	0.493	0.469	0.464	0.498	0.536	0.547	0.554	0.563	0.572	0.576	0.580	0.571	0.559	0.559	0.506	0.545	0.590	0.614	0.625	0.564	0.624	0.663	0.653	0.611	0.526	0.488	0.545
2:35:12	37.0	0.536	0.512	0.494	0.513	0.512	0.515	0.509	0.526	0.531	0.522	0.537	0.545	0.478	0.456	0.435	0.470	0.467	0.464	0.459	0.481	0.511	0.484	0.478	0.484	0.521	0.519	0.509	0.524	0.522	0.526	0.524	0.543	0.545	0.537	0.540	0.544	0.428	0.422	0.459	0.444	0.466	0.473	0.469	0.488	0.485	0.506	0.504	0.505	0.476	0.475	0.507	0.547	0.554	0.563	0.574	0.583	0.587	0.599	0.586	0.564	0.581	0.527	0.568	0.613	0.636	0.651	0.589	0.645	0.686	0.672	0.627	0.536	0.500	0.559
2:39:12	37.0	0.550	0.518	0.518	0.531	0.528	0.530	0.523	0.538	0.542	0.533	0.545	0.551	0.485	0.460	0.437	0.472	0.472	0.469	0.469	0.486	0.517	0.488	0.490	0.500	0.545	0.548	0.534	0.546	0.539	0.546	0.541	0.558	0.555	0.546	0.549	0.550	0.435	0.432	0.470	0.449	0.473	0.476	0.476	0.494	0.492	0.516	0.512	0.521	0.485	0.486	0.520	0.559	0.568	0.579	0.589	0.603	0.602	0.608	0.588	0.573	0.604	0.548	0.590	0.633	0.658	0.674	0.611	0.667	0.708	0.689	0.642	0.549	0.514	0.573
2:43:12	37.0	0.564	0.541	0.528	0.539	0.544	0.545	0.540	0.550	0.553	0.547	0.557	0.563	0.495	0.462	0.444	0.479	0.481	0.481	0.479	0.497	0.529	0.498	0.504	0.513	0.555	0.561	0.545	0.564	0.549	0.553	0.554	0.568	0.565	0.556	0.559	0.558	0.445	0.443	0.482	0.456	0.480	0.482	0.487	0.504	0.508	0.528	0.524	0.536	0.494	0.496	0.528	0.578	0.585	0.602	0.606	0.627	0.625	0.623	0.595	0.581	0.620	0.565	0.612	0.652	0.679	0.695	0.633	0.690	0.727	0.704	0.657	0.553	0.531	0.585
2:47:12	37.0	0.583	0.551	0.541	0.555	0.563	0.562	0.552	0.563	0.561	0.559	0.564	0.571	0.510	0.471	0.452	0.492	0.490	0.493	0.490	0.509	0.540	0.512	0.515	0.527	0.580	0.589	0.561	0.587	0.566	0.568	0.564	0.581	0.575	0.566	0.567	0.569	0.460	0.458	0.499	0.468	0.491	0.494	0.504	0.518	0.520	0.538	0.535	0.549	0.504	0.508	0.553	0.603	0.610	0.620	0.629	0.639	0.644	0.622	0.604	0.593	0.636	0.584	0.631	0.671	0.698	0.716	0.654	0.713	0.748	0.723	0.670	0.562	0.551	0.595
2:51:12	37.0	0.601	0.567	0.553	0.570	0.571	0.573	0.568	0.576	0.575	0.572	0.581	0.580	0.517	0.481	0.461	0.500	0.504	0.503	0.503	0.522	0.555	0.524	0.527	0.538	0.586	0.597	0.579	0.597	0.577	0.576	0.574	0.595	0.587	0.579	0.579	0.579	0.476	0.473	0.510	0.482	0.505	0.503	0.516	0.531	0.534	0.548	0.549	0.560	0.522	0.529	0.568	0.611	0.633	0.644	0.641	0.649	0.650	0.633	0.612	0.598	0.658	0.603	0.648	0.690	0.716	0.741	0.674	0.734	0.769	0.739	0.679	0.574	0.564	0.606
2:55:12	37.0	0.622	0.581	0.569	0.577	0.594	0.581	0.580	0.584	0.580	0.580	0.584	0.584	0.533	0.497	0.473	0.520	0.517	0.520	0.516	0.534	0.566	0.538	0.534	0.544	0.604	0.604	0.587	0.609	0.588	0.585	0.585	0.602	0.596	0.586	0.585	0.586	0.490	0.491	0.525	0.498	0.519	0.519	0.532	0.549	0.543	0.558	0.559	0.570	0.540	0.545	0.585	0.621	0.647	0.655	0.655	0.660	0.666	0.640	0.619	0.600	0.675	0.620	0.670	0.710	0.738	0.762	0.697	0.754	0.787	0.754	0.691	0.583	0.574	0.612
2:59:12	37.0	0.629	0.600	0.581	0.584	0.596	0.592	0.588	0.589	0.585	0.583	0.586	0.585	0.545	0.507	0.485	0.531	0.532	0.533	0.529	0.545	0.574	0.552	0.541	0.549	0.620	0.619	0.597	0.624	0.598	0.599	0.595	0.610	0.602	0.590	0.591	0.591	0.508	0.510	0.542	0.516	0.534	0.531	0.547	0.559	0.553	0.564	0.566	0.574	0.559	0.556	0.594	0.636	0.670	0.670	0.667	0.671	0.669	0.643	0.621	0.600	0.692	0.637	0.687	0.730	0.760	0.783	0.718	0.777	0.807	0.769	0.705	0.594	0.603	0.616
3:03:12	37.0	0.654	0.616	0.595	0.601	0.599	0.602	0.598	0.595	0.588	0.584	0.589	0.593	0.555	0.526	0.509	0.547	0.545	0.546	0.543	0.554	0.583	0.560	0.550	0.559	0.632	0.638	0.644	0.667	0.623	0.619	0.615	0.622	0.607	0.596	0.592	0.594	0.524	0.535	0.567	0.534	0.549	0.545	0.558	0.571	0.561	0.572	0.574	0.580	0.571	0.567	0.602	0.648	0.676	0.677	0.677	0.676	0.681	0.651	0.625	0.627	0.710	0.661	0.707	0.748	0.779	0.802	0.735	0.798	0.825	0.783	0.714	0.608	0.613	0.618
3:07:12	37.0	0.663	0.627	0.603	0.606	0.619	0.623	0.609	0.604	0.607	0.608	0.598	0.659	0.572	0.541	0.523	0.559	0.558	0.558	0.552	0.562	0.594	0.573	0.560	0.569	0.628	0.707	0.704	0.736	0.694	0.692	0.689	0.682	0.694	0.689	0.640	0.680	0.540	0.555	0.592	0.551	0.564	0.555	0.568	0.579	0.570	0.580	0.581	0.588	0.580	0.576	0.619	0.657	0.688	0.692	0.687	0.687	0.689	0.658	0.625	0.700	0.729	0.680	0.729	0.771	0.801	0.823	0.756	0.820	0.842	0.800	0.724	0.614	0.619	0.619
3:11:12	37.0	0.685	0.634	0.632	0.643	0.647	0.674	0.685	0.689	0.722	0.696	0.697	0.743	0.588	0.557	0.544	0.572	0.569	0.567	0.563	0.571	0.604	0.583	0.572	0.577	0.703	0.794	0.775	0.791	0.784	0.763	0.763	0.783	0.771	0.757	0.745	0.742	0.563	0.567	0.618	0.564	0.572	0.569	0.579	0.589	0.579	0.590	0.592	0.597	0.593	0.588	0.627	0.669	0.694	0.701	0.698	0.694	0.693	0.664	0.624	0.758	0.744	0.707	0.753	0.791	0.827	0.848	0.781	0.840	0.858	0.811	0.737	0.626	0.629	0.624
3:15:12	37.0	0.683	0.642	0.683	0.688	0.710	0.760	0.740	0.759	0.746	0.754	0.770	0.762	0.604	0.573	0.560	0.588	0.577	0.575	0.574	0.580	0.614	0.594	0.581	0.583	0.771	0.859	0.816	0.866	0.822	0.781	0.800	0.819	0.796	0.793	0.799	0.778	0.580	0.583	0.640	0.577	0.583	0.577	0.585	0.598	0.586	0.599	0.598	0.604	0.607	0.602	0.641	0.682	0.704	0.710	0.706	0.703	0.695	0.673	0.668	0.762	0.760	0.721	0.774	0.810	0.846	0.866	0.802	0.860	0.875	0.819	0.747	0.624	0.648	0.656
3:19:12	37.0	0.720	0.679	0.712	0.740	0.789	0.804	0.771	0.758	0.760	0.736	0.774	0.701	0.614	0.589	0.575	0.598	0.586	0.587	0.582	0.588	0.617	0.596	0.583	0.588	0.833	0.846	0.803	0.865	0.760	0.732	0.747	0.758	0.750	0.719	0.772	0.704	0.589	0.587	0.644	0.584	0.593	0.586	0.595	0.605	0.591	0.602	0.602	0.603	0.617	0.615	0.656	0.680	0.710	0.719	0.716	0.713	0.711	0.703	0.742	0.692	0.781	0.733	0.788	0.826	0.866	0.889	0.821	0.874	0.891	0.828	0.755	0.624	0.639	0.668
3:23:12	37.0	0.721	0.733	0.697	0.746	0.811	0.782	0.721	0.694	0.690	0.664	0.698	0.650	0.629	0.601	0.592	0.604	0.595	0.592	0.587	0.592	0.617	0.596	0.588	0.587	0.861	0.842	0.732	0.790	0.695	0.681	0.691	0.709	0.696	0.682	0.690	0.663	0.597	0.595	0.668	0.597	0.609	0.600	0.608	0.611	0.594	0.602	0.601	0.602	0.625	0.625	0.660	0.693	0.720	0.735	0.731	0.733	0.743	0.738	0.804	0.664	0.795	0.745	0.804	0.841	0.882	0.905	0.838	0.889	0.908	0.837	0.762	0.633	0.628	0.656
3:27:12	37.0	0.754	0.706	0.664	0.698	0.778	0.716	0.688	0.672	0.661	0.652	0.670	0.650	0.635	0.624	0.602	0.615	0.607	0.595	0.592	0.592	0.610	0.595	0.581	0.622	0.888	0.811	0.710	0.753	0.682	0.668	0.668	0.698	0.684	0.677	0.668	0.651	0.611	0.607	0.707	0.628	0.627	0.614	0.628	0.622	0.599	0.618	0.625	0.651	0.637	0.635	0.679	0.722	0.739	0.756	0.761	0.765	0.775	0.788	0.776	0.653	0.810	0.758	0.819	0.858	0.896	0.916	0.856	0.903	0.912	0.850	0.780	0.690	0.627	0.667
3:31:12	37.0	0.750	0.688	0.648	0.681	0.728	0.678	0.654	0.657	0.651	0.635	0.657	0.644	0.647	0.629	0.612	0.623	0.612	0.620	0.635	0.631	0.671	0.671	0.657	0.702	0.827	0.753	0.704	0.737	0.675	0.668	0.667	0.689	0.666	0.650	0.659	0.654	0.627	0.653	0.802	0.678	0.691	0.698	0.712	0.698	0.678	0.689	0.693	0.721	0.661	0.659	0.719	0.729	0.775	0.792	0.790	0.795	0.804	0.787	0.709	0.644	0.824	0.773	0.835	0.870	0.911	0.935	0.865	0.916	0.924	0.869	0.803	0.731	0.634	0.680
3:35:12	37.0	0.746	0.666	0.645	0.666	0.705	0.674	0.651	0.653	0.648	0.634	0.653	0.643	0.677	0.637	0.618	0.632	0.645	0.657	0.646	0.695	0.709	0.719	0.720	0.741	0.771	0.730	0.687	0.732	0.674	0.666	0.659	0.677	0.655	0.646	0.648	0.654	0.653	0.729	0.852	0.762	0.772	0.739	0.755	0.753	0.732	0.750	0.756	0.759	0.688	0.696	0.725	0.776	0.816	0.814	0.804	0.817	0.797	0.717	0.685	0.654	0.841	0.789	0.851	0.887	0.926	0.943	0.885	0.931	0.932	0.882	0.807	0.757	0.647	0.696
3:39:12	37.0	0.722	0.649	0.644	0.651	0.698	0.674	0.649	0.648	0.644	0.641	0.646	0.654	0.690	0.648	0.659	0.689	0.685	0.724	0.716	0.730	0.791	0.739	0.739	0.692	0.732	0.716	0.676	0.727	0.669	0.661	0.651	0.673	0.659	0.656	0.651	0.652	0.706	0.799	0.866	0.809	0.811	0.796	0.783	0.767	0.743	0.775	0.749	0.704	0.722	0.723	0.726	0.755	0.763	0.772	0.762	0.756	0.727	0.689	0.672	0.668	0.857	0.801	0.866	0.895	0.939	0.955	0.899	0.952	0.938	0.860	0.795	0.714	0.663	0.710
3:43:12	37.0	0.724	0.650	0.642	0.649	0.687	0.668	0.650	0.657	0.655	0.653	0.655	0.664	0.720	0.672	0.709	0.718	0.732	0.703	0.713	0.733	0.723	0.692	0.676	0.645	0.720	0.705	0.680	0.728	0.679	0.667	0.655	0.684	0.669	0.672	0.658	0.664	0.766	0.824	0.816	0.798	0.767	0.735	0.737	0.705	0.684	0.687	0.676	0.667	0.680	0.713	0.670	0.706	0.729	0.730	0.731	0.730	0.709	0.676	0.652	0.676	0.857	0.798	0.871	0.901	0.947	0.968	0.908	0.947	0.935	0.854	0.777	0.670	0.680	0.725
3:47:12	37.0	0.733	0.649	0.631	0.648	0.692	0.672	0.658	0.669	0.668	0.658	0.668	0.670	0.730	0.716	0.685	0.693	0.699	0.658	0.659	0.676	0.684	0.664	0.645	0.631	0.717	0.694	0.689	0.737	0.691	0.670	0.664	0.697	0.686	0.682	0.677	0.678	0.826	0.862	0.819	0.739	0.713	0.673	0.689	0.670	0.652	0.659	0.658	0.656	0.651	0.659	0.651	0.693	0.723	0.718	0.723	0.714	0.707	0.672	0.657	0.681	0.866	0.798	0.877	0.910	0.955	0.978	0.916	0.954	0.935	0.854	0.774	0.665	0.697	0.739
3:51:12	37.0	0.732	0.641	0.640	0.650	0.682	0.668	0.668	0.675	0.675	0.663	0.676	0.676	0.692	0.706	0.637	0.673	0.649	0.650	0.643	0.658	0.668	0.651	0.632	0.634	0.715	0.700	0.696	0.752	0.695	0.682	0.677	0.705	0.695	0.688	0.687	0.687	0.820	0.805	0.819	0.701	0.686	0.656	0.673	0.656	0.654	0.647	0.648	0.646	0.637	0.641	0.652	0.686	0.716	0.725	0.723	0.711	0.709	0.668	0.663	0.687	0.881	0.806	0.884	0.921	0.967	0.988	0.930	0.967	0.942	0.858	0.772	0.667	0.715	0.755
3:55:12	37.0	0.733	0.631	0.628	0.643	0.683	0.669	0.675	0.680	0.682	0.671	0.682	0.683	0.686	0.663	0.637	0.657	0.648	0.645	0.640	0.647	0.661	0.642	0.637	0.638	0.698	0.697	0.702	0.757	0.700	0.691	0.686	0.711	0.701	0.696	0.693	0.693	0.795	0.752	0.823	0.692	0.681	0.645	0.664	0.653	0.639	0.645	0.640	0.649	0.630	0.644	0.654	0.699	0.710	0.722	0.728	0.712	0.709	0.672	0.674	0.696	0.885	0.812	0.889	0.932	0.977	0.998	0.935	0.976	0.941	0.861	0.776	0.672	0.733	0.772
3:59:12	37.0	0.735	0.630	0.629	0.640	0.690	0.679	0.680	0.689	0.692	0.680	0.693	0.694	0.676	0.664	0.620	0.658	0.646	0.646	0.641	0.641	0.669	0.659	0.640	0.644	0.703	0.686	0.706	0.763	0.706	0.697	0.692	0.720	0.711	0.706	0.703	0.703	0.740	0.724	0.826	0.680	0.673	0.646	0.662	0.663	0.638	0.652	0.647	0.651	0.631	0.648	0.656	0.691	0.718	0.721	0.724	0.712	0.719	0.684	0.689	0.706	0.891	0.821	0.897	0.942	0.988	1.010	0.944	0.983	0.949	0.865	0.783	0.683	0.750	0.789
4:03:12	37.0	0.741	0.627	0.634	0.644	0.697	0.686	0.689	0.698	0.702	0.690	0.703	0.705	0.669	0.641	0.618	0.647	0.648	0.640	0.638	0.645	0.679	0.664	0.651	0.644	0.715	0.677	0.713	0.769	0.715	0.705	0.702	0.730	0.721	0.717	0.714	0.714	0.710	0.712	0.825	0.676	0.673	0.648	0.665	0.667	0.642	0.662	0.658	0.663	0.636	0.643	0.661	0.694	0.715	0.727	0.727	0.711	0.731	0.695	0.697	0.717	0.895	0.834	0.908	0.955	0.999	1.022	0.955	0.994	0.958	0.872	0.798	0.688	0.768	0.806
4:07:12	37.0	0.712	0.624	0.634	0.656	0.703	0.691	0.696	0.708	0.712	0.701	0.714	0.716	0.677	0.642	0.616	0.652	0.639	0.640	0.648	0.656	0.685	0.668	0.653	0.645	0.727	0.692	0.721	0.777	0.724	0.714	0.710	0.740	0.732	0.728	0.725	0.724	0.703	0.700	0.826	0.681	0.675	0.657	0.670	0.676	0.654	0.670	0.667	0.675	0.642	0.648	0.665	0.700	0.717	0.732	0.723	0.709	0.737	0.703	0.703	0.728	0.907	0.848	0.920	0.964	1.008	1.036	0.969	1.005	0.964	0.886	0.806	0.689	0.786	0.822
4:11:12	37.0	0.724	0.625	0.633	0.666	0.708	0.699	0.706	0.719	0.724	0.712	0.727	0.728	0.669	0.635	0.616	0.648	0.641	0.643	0.649	0.663	0.687	0.671	0.655	0.651	0.739	0.709	0.729	0.785	0.732	0.724	0.721	0.751	0.744	0.739	0.736	0.736	0.692	0.692	0.830	0.690	0.685	0.666	0.681	0.680	0.662	0.672	0.670	0.682	0.640	0.651	0.664	0.698	0.707	0.722	0.718	0.703	0.741	0.707	0.710	0.740	0.922	0.855	0.931	0.979	1.022	1.049	0.979	1.017	0.983	0.892	0.809	0.694	0.802	0.840
4:15:12	37.0	0.721	0.626	0.639	0.673	0.715	0.709	0.715	0.730	0.736	0.724	0.739	0.740	0.655	0.633	0.615	0.650	0.647	0.650	0.651	0.667	0.693	0.679	0.661	0.659	0.748	0.724	0.738	0.795	0.741	0.734	0.731	0.763	0.756	0.752	0.749	0.749	0.697	0.679	0.838	0.699	0.693	0.674	0.689	0.686	0.669	0.679	0.677	0.689	0.635	0.646	0.657	0.694	0.703	0.717	0.713	0.695	0.747	0.714	0.719	0.751	0.928	0.871	0.947	0.991	1.036	1.063	0.995	1.036	1.001	0.894	0.814	0.702	0.820	0.857
4:19:12	37.0	0.714	0.623	0.650	0.678	0.724	0.718	0.725	0.740	0.748	0.735	0.751	0.752	0.655	0.629	0.614	0.650	0.654	0.654	0.656	0.674	0.701	0.686	0.669	0.667	0.758	0.735	0.746	0.805	0.750	0.745	0.742	0.774	0.768	0.764	0.762	0.762	0.706	0.692	0.846	0.704	0.698	0.679	0.693	0.692	0.676	0.687	0.684	0.696	0.634	0.644	0.657	0.693	0.698	0.715	0.712	0.689	0.753	0.722	0.728	0.763	0.948	0.896	0.962	1.002	1.048	1.077	1.011	1.043	1.008	0.897	0.819	0.711	0.836	0.875
4:23:12	37.0	0.708	0.630	0.665	0.686	0.733	0.727	0.735	0.752	0.761	0.747	0.764	0.764	0.650	0.629	0.618	0.654	0.659	0.659	0.662	0.680	0.710	0.697	0.679	0.677	0.768	0.746	0.757	0.816	0.760	0.756	0.753	0.786	0.781	0.777	0.775	0.775	0.718	0.705	0.855	0.709	0.704	0.687	0.701	0.701	0.685	0.697	0.693	0.706	0.632	0.642	0.657	0.692	0.698	0.712	0.713	0.690	0.761	0.730	0.738	0.775	0.963	0.905	0.974	1.014	1.060	1.089	1.021	1.056	1.016	0.902	0.825	0.720	0.855	0.892
4:27:12	37.0	0.713	0.633	0.674	0.693	0.741	0.737	0.745	0.763	0.773	0.759	0.776	0.776	0.654	0.623	0.622	0.654	0.662	0.664	0.668	0.689	0.720	0.708	0.689	0.686	0.778	0.754	0.767	0.826	0.771	0.766	0.763	0.798	0.792	0.788	0.787	0.786	0.727	0.716	0.865	0.716	0.712	0.695	0.710	0.710	0.694	0.707	0.703	0.716	0.633	0.642	0.658	0.694	0.699	0.715	0.716	0.690	0.769	0.738	0.748	0.788	0.967	0.916	0.985	1.024	1.076	1.099	1.033	1.067	1.025	0.908	0.829	0.730	0.871	0.909
4:31:12	37.0	0.711	0.637	0.682	0.701	0.750	0.747	0.757	0.774	0.785	0.772	0.789	0.789	0.655	0.629	0.616	0.650	0.666	0.671	0.675	0.697	0.729	0.719	0.699	0.697	0.790	0.763	0.778	0.838	0.783	0.778	0.775	0.810	0.805	0.801	0.800	0.800	0.737	0.724	0.875	0.724	0.721	0.705	0.720	0.720	0.705	0.717	0.714	0.727	0.637	0.643	0.660	0.699	0.701	0.719	0.721	0.693	0.779	0.747	0.758	0.801	0.982	0.932	1.000	1.038	1.082	1.111	1.044	1.076	1.036	0.914	0.837	0.739	0.889	0.926
4:35:12	37.0	0.699	0.639	0.689	0.709	0.760	0.757	0.768	0.787	0.799	0.786	0.803	0.804	0.656	0.627	0.627	0.661	0.670	0.679	0.683	0.707	0.740	0.730	0.710	0.707	0.802	0.772	0.792	0.852	0.797	0.790	0.787	0.824	0.819	0.815	0.813	0.813	0.745	0.731	0.886	0.733	0.731	0.715	0.730	0.731	0.717	0.728	0.724	0.739	0.639	0.646	0.663	0.704	0.706	0.725	0.727	0.697	0.788	0.758	0.768	0.816	0.988	0.941	1.009	1.054	1.093	1.120	1.055	1.088	1.042	0.922	0.843	0.749	0.907	0.944
4:39:12	37.0	0.706	0.641	0.697	0.717	0.771	0.769	0.782	0.802	0.814	0.801	0.817	0.819	0.651	0.627	0.628	0.672	0.678	0.687	0.693	0.717	0.751	0.742	0.722	0.719	0.814	0.782	0.804	0.865	0.812	0.804	0.800	0.838	0.833	0.829	0.827	0.827	0.755	0.738	0.901	0.742	0.740	0.726	0.741	0.742	0.728	0.739	0.735	0.750	0.644	0.649	0.667	0.710	0.710	0.729	0.732	0.704	0.798	0.768	0.779	0.832	1.005	0.952	1.021	1.061	1.103	1.137	1.063	1.096	1.050	0.929	0.851	0.760	0.923	0.961
4:43:12	37.0	0.707	0.658	0.706	0.727	0.782	0.782	0.797	0.817	0.828	0.817	0.833	0.835	0.653	0.628	0.631	0.679	0.685	0.697	0.703	0.729	0.762	0.754	0.733	0.732	0.828	0.792	0.821	0.880	0.828	0.818	0.814	0.854	0.848	0.845	0.841	0.841	0.766	0.748	0.918	0.752	0.750	0.737	0.752	0.754	0.740	0.751	0.746	0.762	0.651	0.654	0.673	0.716	0.720	0.736	0.739	0.713	0.809	0.778	0.790	0.847	1.006	0.963	1.032	1.074	1.115	1.137	1.072	1.105	1.058	0.937	0.859	0.771	0.942	0.981
4:47:12	37.0	0.700	0.675	0.714	0.736	0.795	0.795	0.811	0.831	0.844	0.833	0.848	0.849	0.652	0.626	0.636	0.687	0.693	0.706	0.712	0.739	0.773	0.765	0.745	0.743	0.842	0.802	0.833	0.896	0.843	0.832	0.828	0.869	0.862	0.860	0.857	0.856	0.778	0.757	0.932	0.761	0.761	0.748	0.762	0.765	0.751	0.763	0.757	0.774	0.658	0.658	0.680	0.721	0.722	0.741	0.745	0.720	0.820	0.790	0.804	0.863	1.020	0.978	1.041	1.079	1.123	1.150	1.081	1.115	1.066	0.946	0.865	0.784	0.960	0.997
4:51:12	37.0	0.694	0.686	0.723	0.747	0.808	0.810	0.829	0.847	0.860	0.850	0.864	0.865	0.655	0.629	0.639	0.693	0.700	0.716	0.723	0.750	0.786	0.778	0.757	0.758	0.854	0.814	0.848	0.910	0.858	0.847	0.842	0.884	0.877	0.876	0.872	0.871	0.790	0.765	0.950	0.771	0.771	0.758	0.773	0.777	0.763	0.775	0.769	0.785	0.665	0.663	0.685	0.727	0.730	0.747	0.750	0.728	0.830	0.800	0.814	0.879	1.022	0.987	1.049	1.087	1.132	1.155	1.089	1.121	1.072	0.952	0.873	0.797	0.979	1.016
4:55:12	37.0	0.696	0.696	0.732	0.760	0.824	0.826	0.844	0.860	0.875	0.865	0.880	0.882	0.661	0.626	0.653	0.701	0.710	0.728	0.734	0.763	0.799	0.792	0.771	0.773	0.868	0.825	0.862	0.924	0.872	0.862	0.857	0.899	0.892	0.891	0.887	0.885	0.802	0.776	0.966	0.782	0.783	0.770	0.785	0.790	0.776	0.788	0.782	0.798	0.674	0.669	0.692	0.732	0.737	0.754	0.758	0.737	0.841	0.811	0.826	0.894	1.028	0.995	1.061	1.100	1.141	1.164	1.101	1.130	1.079	0.960	0.880	0.811	0.995	1.033
4:59:12	37.0	0.695	0.704	0.742	0.772	0.839	0.841	0.858	0.877	0.891	0.883	0.896	0.897	0.652	0.627	0.665	0.709	0.720	0.739	0.747	0.775	0.813	0.807	0.786	0.788	0.883	0.837	0.875	0.938	0.886	0.877	0.871	0.915	0.907	0.908	0.902	0.902	0.816	0.785	0.983	0.794	0.795	0.783	0.798	0.804	0.789	0.803	0.797	0.813	0.683	0.675	0.699	0.735	0.744	0.759	0.762	0.748	0.852	0.823	0.838	0.910	1.036	1.003	1.075	1.105	1.147	1.172	1.109	1.137	1.086	0.967	0.888	0.827	1.013	1.048
5:03:12	37.0	0.691	0.713	0.752	0.785	0.856	0.856	0.873	0.892	0.907	0.899	0.911	0.914	0.653	0.627	0.673	0.718	0.730	0.751	0.761	0.789	0.827	0.821	0.802	0.802	0.896	0.847	0.889	0.953	0.902	0.891	0.886	0.930	0.922	0.924	0.919	0.917	0.833	0.796	1.001	0.807	0.808	0.796	0.812	0.818	0.803	0.816	0.811	0.826	0.693	0.681	0.706	0.741	0.750	0.767	0.771	0.759	0.864	0.835	0.851	0.926	1.046	1.017	1.077	1.112	1.157	1.179	1.113	1.145	1.094	0.975	0.897	0.841	1.031	1.065
5:07:12	37.0	0.686	0.724	0.763	0.799	0.871	0.872	0.891	0.908	0.923	0.916	0.928	0.931	0.654	0.627	0.680	0.727	0.740	0.763	0.776	0.805	0.842	0.835	0.817	0.821	0.908	0.860	0.903	0.968	0.917	0.905	0.899	0.945	0.937	0.939	0.934	0.932	0.847	0.808	1.017	0.822	0.823	0.810	0.827	0.833	0.817	0.833	0.827	0.840	0.701	0.689	0.714	0.747	0.758	0.775	0.778	0.771	0.877	0.847	0.865	0.941	1.053	1.032	1.085	1.120	1.164	1.186	1.119	1.150	1.101	0.983	0.904	0.854	1.048	1.082
5:11:12	37.0	0.689	0.734	0.775	0.814	0.887	0.885	0.906	0.926	0.940	0.934	0.945	0.947	0.654	0.631	0.686	0.736	0.753	0.776	0.791	0.819	0.856	0.851	0.832	0.835	0.922	0.871	0.917	0.982	0.931	0.919	0.914	0.960	0.952	0.954	0.949	0.948	0.861	0.821	1.034	0.836	0.836	0.824	0.840	0.847	0.832	0.847	0.839	0.854	0.708	0.695	0.724	0.753	0.767	0.782	0.784	0.783	0.889	0.862	0.879	0.958	1.059	1.036	1.093	1.127	1.172	1.197	1.128	1.159	1.111	0.991	0.911	0.869	1.065	1.101
5:15:12	37.0	0.687	0.744	0.787	0.829	0.901	0.903	0.922	0.941	0.955	0.950	0.959	0.965	0.654	0.636	0.693	0.746	0.766	0.791	0.805	0.834	0.872	0.865	0.849	0.851	0.935	0.882	0.930	0.997	0.944	0.934	0.928	0.976	0.968	0.971	0.964	0.963	0.875	0.834	1.051	0.851	0.850	0.839	0.856	0.863	0.845	0.863	0.855	0.867	0.716	0.705	0.731	0.760	0.774	0.790	0.787	0.794	0.901	0.872	0.894	0.973	1.073	1.051	1.102	1.135	1.180	1.200	1.141	1.168	1.114	0.997	0.920	0.885	1.083	1.118
5:19:12	37.0	0.687	0.756	0.800	0.845	0.916	0.918	0.937	0.955	0.971	0.966	0.977	0.981	0.655	0.641	0.700	0.756	0.780	0.805	0.821	0.849	0.887	0.880	0.864	0.867	0.947	0.895	0.944	1.010	0.958	0.950	0.943	0.990	0.982	0.987	0.980	0.979	0.888	0.850	1.067	0.866	0.864	0.852	0.868	0.876	0.860	0.879	0.870	0.880	0.724	0.711	0.738	0.768	0.783	0.797	0.795	0.805	0.915	0.885	0.907	0.989	1.076	1.055	1.109	1.142	1.187	1.208	1.140	1.172	1.119	1.004	0.928	0.900	1.099	1.133
5:23:12	37.0	0.687	0.767	0.814	0.860	0.932	0.933	0.953	0.970	0.988	0.984	0.993	0.996	0.654	0.655	0.708	0.766	0.792	0.820	0.835	0.863	0.902	0.896	0.879	0.883	0.960	0.905	0.956	1.024	0.972	0.963	0.957	1.004	0.996	1.000	0.995	0.994	0.902	0.862	1.082	0.879	0.877	0.865	0.884	0.892	0.873	0.893	0.885	0.895	0.732	0.718	0.747	0.774	0.791	0.805	0.802	0.818	0.927	0.898	0.921	1.004	1.082	1.064	1.118	1.150	1.198	1.214	1.151	1.181	1.124	1.010	0.934	0.915	1.116	1.149
5:27:12	37.0	0.686	0.779	0.829	0.876	0.949	0.947	0.966	0.984	1.002	0.999	1.007	1.010	0.661	0.675	0.717	0.779	0.807	0.835	0.850	0.878	0.917	0.911	0.895	0.898	0.973	0.916	0.969	1.040	0.986	0.977	0.971	1.018	1.009	1.015	1.009	1.008	0.915	0.877	1.097	0.893	0.890	0.880	0.897	0.907	0.888	0.908	0.900	0.908	0.739	0.727	0.752	0.780	0.799	0.813	0.809	0.831	0.938	0.910	0.935	1.019	1.089	1.072	1.124	1.158	1.200	1.218	1.156	1.189	1.128	1.018	0.942	0.930	1.132	1.164
5:31:12	37.0	0.681	0.792	0.842	0.890	0.964	0.961	0.980	0.999	1.017	1.014	1.022	1.027	0.656	0.695	0.725	0.790	0.822	0.848	0.863	0.893	0.932	0.927	0.911	0.916	0.985	0.929	0.981	1.053	0.998	0.989	0.983	1.031	1.022	1.029	1.023	1.022	0.927	0.887	1.112	0.908	0.905	0.894	0.910	0.920	0.902	0.922	0.914	0.922	0.746	0.733	0.762	0.787	0.807	0.822	0.817	0.840	0.951	0.923	0.949	1.033	1.102	1.086	1.133	1.163	1.208	1.226	1.159	1.192	1.134	1.023	0.949	0.944	1.149	1.179
5:35:12	37.0	0.685	0.805	0.859	0.906	0.980	0.977	0.994	1.014	1.032	1.029	1.036	1.040	0.656	0.710	0.736	0.805	0.838	0.865	0.878	0.907	0.945	0.940	0.925	0.930	0.997	0.940	0.994	1.066	1.012	1.004	0.995	1.046	1.036	1.042	1.037	1.038	0.941	0.903	1.127	0.922	0.917	0.907	0.925	0.937	0.916	0.938	0.929	0.935	0.755	0.741	0.767	0.797	0.816	0.829	0.825	0.853	0.962	0.937	0.963	1.048	1.103	1.090	1.141	1.171	1.214	1.234	1.167	1.199	1.136	1.032	0.958	0.960	1.162	1.193
5:39:12	37.1	0.686	0.818	0.872	0.921	0.994	0.992	1.008	1.028	1.046	1.045	1.052	1.055	0.655	0.723	0.746	0.819	0.854	0.881	0.894	0.922	0.961	0.955	0.941	0.947	1.009	0.951	1.006	1.081	1.025	1.016	1.008	1.057	1.050	1.055	1.050	1.050	0.952	0.914	1.141	0.935	0.931	0.919	0.936	0.949	0.930	0.951	0.943	0.949	0.761	0.747	0.772	0.802	0.824	0.839	0.834	0.864	0.973	0.950	0.977	1.062	1.110	1.099	1.149	1.179	1.221	1.240	1.171	1.207	1.142	1.039	0.966	0.974	1.177	1.210
5:43:12	37.0	0.685	0.831	0.888	0.935	1.008	1.006	1.021	1.041	1.059	1.059	1.065	1.070	0.652	0.734	0.757	0.832	0.869	0.896	0.908	0.936	0.975	0.969	0.955	0.963	1.020	0.961	1.017	1.094	1.038	1.030	1.021	1.070	1.063	1.069	1.063	1.063	0.965	0.926	1.156	0.948	0.942	0.933	0.954	0.962	0.943	0.966	0.956	0.963	0.767	0.753	0.780	0.809	0.831	0.845	0.840	0.876	0.985	0.963	0.992	1.076	1.112	1.109	1.154	1.185	1.227	1.246	1.179	1.212	1.146	1.046	0.975	0.987	1.194	1.223
5:47:12	37.1	0.696	0.846	0.904	0.950	1.022	1.020	1.036	1.055	1.073	1.073	1.078	1.084	0.655	0.745	0.768	0.847	0.885	0.910	0.922	0.951	0.989	0.984	0.969	0.977	1.031	0.973	1.029	1.106	1.052	1.041	1.033	1.083	1.075	1.082	1.076	1.078	0.977	0.939	1.170	0.961	0.956	0.948	0.966	0.978	0.957	0.980	0.971	0.977	0.775	0.762	0.786	0.816	0.841	0.855	0.849	0.888	0.998	0.976	1.004	1.090	1.116	1.117	1.160	1.193	1.238	1.251	1.185	1.220	1.150	1.052	0.982	1.002	1.208	1.238
5:51:12	37.0	0.713	0.861	0.918	0.965	1.036	1.035	1.050	1.068	1.087	1.088	1.092	1.097	0.674	0.757	0.782	0.863	0.901	0.926	0.938	0.964	1.003	0.998	0.983	0.991	1.044	0.984	1.041	1.120	1.063	1.055	1.046	1.095	1.089	1.096	1.090	1.092	0.988	0.952	1.183	0.973	0.969	0.961	0.978	0.991	0.970	0.994	0.986	0.990	0.781	0.769	0.793	0.824	0.848	0.861	0.855	0.900	1.009	0.990	1.018	1.103	1.122	1.129	1.171	1.200	1.240	1.258	1.194	1.226	1.154	1.059	0.992	1.015	1.223	1.251
5:55:12	37.0	0.734	0.874	0.931	0.980	1.050	1.048	1.061	1.081	1.100	1.101	1.105	1.111	0.703	0.768	0.796	0.878	0.916	0.940	0.953	0.978	1.017	1.011	0.998	1.006	1.055	0.995	1.052	1.134	1.077	1.067	1.058	1.107	1.101	1.108	1.103	1.104	1.000	0.963	1.197	0.986	0.980	0.973	0.992	1.003	0.983	1.007	0.999	1.002	0.788	0.774	0.800	0.831	0.856	0.871	0.865	0.913	1.021	1.003	1.032	1.116	1.131	1.135	1.175	1.209	1.247	1.263	1.201	1.231	1.157	1.067	0.999	1.030	1.236	1.266
5:59:12	37.0	0.753	0.890	0.946	0.994	1.064	1.061	1.076	1.094	1.114	1.116	1.118	1.124	0.730	0.780	0.810	0.892	0.932	0.955	0.968	0.992	1.031	1.026	1.012	1.021	1.066	1.004	1.063	1.148	1.088	1.078	1.071	1.120	1.113	1.119	1.115	1.115	1.012	0.974	1.212	0.998	0.994	0.987	1.005	1.016	0.998	1.021	1.013	1.015	0.796	0.782	0.808	0.840	0.865	0.879	0.869	0.925	1.034	1.015	1.046	1.129	1.135	1.147	1.183	1.216	1.254	1.270	1.204	1.238	1.165	1.074	1.008	1.044	1.251	1.278
6:03:12	37.1	0.775	0.904	0.962	1.010	1.078	1.075	1.088	1.107	1.127	1.129	1.132	1.137	0.754	0.793	0.826	0.909	0.947	0.970	0.981	1.005	1.045	1.040	1.027	1.035	1.077	1.015	1.076	1.161	1.102	1.091	1.081	1.132	1.125	1.132	1.127	1.129	1.023	0.985	1.225	1.010	1.006	0.999	1.018	1.029	1.010	1.034	1.026	1.028	0.803	0.789	0.815	0.847	0.873	0.888	0.875	0.938	1.047	1.028	1.060	1.142	1.151	1.152	1.191	1.224	1.257	1.276	1.211	1.246	1.170	1.081	1.016	1.057	1.264	1.292
6:07:12	37.0	0.793	0.917	0.976	1.023	1.091	1.087	1.101	1.120	1.140	1.141	1.143	1.150	0.777	0.807	0.841	0.924	0.961	0.985	0.996	1.019	1.058	1.053	1.040	1.049	1.088	1.026	1.086	1.172	1.112	1.102	1.093	1.145	1.137	1.145	1.140	1.141	1.035	0.997	1.237	1.022	1.018	1.012	1.031	1.044	1.023	1.048	1.040	1.041	0.810	0.796	0.821	0.855	0.879	0.895	0.885	0.951	1.058	1.042	1.072	1.154	1.152	1.166	1.198	1.228	1.262	1.282	1.220	1.250	1.171	1.089	1.026	1.071	1.277	1.304
6:11:12	37.0	0.813	0.932	0.991	1.037	1.105	1.102	1.113	1.132	1.153	1.155	1.156	1.162	0.798	0.820	0.855	0.939	0.977	0.999	1.009	1.032	1.071	1.066	1.054	1.063	1.098	1.034	1.097	1.185	1.123	1.114	1.104	1.155	1.149	1.156	1.152	1.154	1.045	1.008	1.248	1.034	1.030	1.025	1.042	1.057	1.036	1.062	1.054	1.055	0.816	0.804	0.828	0.862	0.888	0.904	0.892	0.965	1.069	1.053	1.085	1.165	1.158	1.167	1.205	1.236	1.270	1.289	1.223	1.257	1.178	1.097	1.034	1.083	1.289	1.314
6:15:12	37.0	0.836	0.946	1.003	1.050	1.118	1.113	1.124	1.142	1.163	1.167	1.167	1.174	0.818	0.833	0.872	0.954	0.991	1.012	1.022	1.044	1.082	1.078	1.066	1.076	1.108	1.046	1.107	1.197	1.133	1.125	1.115	1.167	1.160	1.167	1.163	1.165	1.056	1.020	1.260	1.046	1.043	1.038	1.054	1.070	1.048	1.074	1.066	1.065	0.823	0.812	0.835	0.870	0.896	0.912	0.901	0.976	1.082	1.065	1.097	1.176	1.174	1.177	1.215	1.241	1.275	1.296	1.229	1.263	1.181	1.103	1.044	1.096	1.302	1.325
6:19:12	37.0	0.859	0.959	1.017	1.064	1.131	1.125	1.137	1.156	1.176	1.180	1.179	1.186	0.837	0.848	0.888	0.970	1.007	1.028	1.038	1.059	1.097	1.093	1.081	1.091	1.119	1.056	1.120	1.209	1.146	1.136	1.128	1.178	1.171	1.179	1.174	1.177	1.067	1.030	1.271	1.058	1.055	1.050	1.066	1.082	1.061	1.087	1.079	1.079	0.830	0.818	0.842	0.878	0.904	0.921	0.909	0.989	1.094	1.078	1.111	1.189	1.179	1.185	1.225	1.249	1.280	1.302	1.240	1.268	1.189	1.112	1.053	1.109	1.313	1.336
6:23:12	37.0	0.879	0.972	1.028	1.076	1.143	1.138	1.148	1.167	1.186	1.190	1.190	1.197	0.856	0.864	0.903	0.987	1.022	1.043	1.051	1.071	1.109	1.105	1.093	1.105	1.130	1.066	1.129	1.219	1.156	1.147	1.138	1.188	1.183	1.191	1.186	1.190	1.079	1.042	1.281	1.070	1.066	1.062	1.079	1.095	1.075	1.101	1.093	1.093	0.837	0.825	0.849	0.885	0.914	0.929	0.922	1.001	1.104	1.089	1.123	1.199	1.180	1.195	1.225	1.253	1.286	1.308	1.245	1.273	1.193	1.118	1.061	1.122	1.324	1.348
6:27:12	37.1	0.900	0.986	1.041	1.089	1.155	1.150	1.159	1.177	1.199	1.202	1.202	1.208	0.872	0.879	0.918	1.002	1.036	1.055	1.063	1.084	1.121	1.117	1.105	1.117	1.139	1.076	1.139	1.231	1.167	1.157	1.149	1.199	1.193	1.201	1.196	1.198	1.091	1.052	1.293	1.082	1.077	1.074	1.091	1.108	1.085	1.112	1.104	1.102	0.846	0.832	0.854	0.892	0.921	0.937	0.935	1.013	1.115	1.100	1.134	1.209	1.192	1.200	1.234	1.259	1.292	1.313	1.247	1.277	1.196	1.125	1.069	1.134	1.335	1.357
6:31:12	37.0	0.920	0.998	1.054	1.102	1.167	1.162	1.172	1.189	1.209	1.213	1.213	1.219	0.888	0.893	0.933	1.016	1.051	1.070	1.077	1.097	1.134	1.130	1.118	1.129	1.150	1.087	1.149	1.241	1.177	1.167	1.159	1.210	1.204	1.212	1.207	1.209	1.099	1.063	1.303	1.093	1.089	1.086	1.103	1.120	1.098	1.125	1.117	1.116	0.850	0.839	0.863	0.903	0.930	0.947	0.945	1.024	1.125	1.111	1.147	1.219	1.194	1.207	1.239	1.269	1.294	1.321	1.252	1.280	1.201	1.132	1.079	1.147	1.345	1.367
6:35:12	37.0	0.939	1.011	1.065	1.114	1.180	1.173	1.182	1.200	1.222	1.224	1.224	1.230	0.903	0.909	0.947	1.030	1.064	1.083	1.088	1.108	1.146	1.141	1.130	1.141	1.159	1.096	1.159	1.253	1.187	1.178	1.168	1.220	1.215	1.222	1.218	1.220	1.113	1.072	1.313	1.104	1.100	1.099	1.114	1.131	1.110	1.137	1.128	1.127	0.862	0.845	0.870	0.906	0.938	0.954	0.954	1.037	1.136	1.123	1.158	1.230	1.203	1.218	1.245	1.273	1.302	1.330	1.260	1.285	1.208	1.141	1.087	1.158	1.356	1.376
6:39:12	37.0	0.959	1.024	1.079	1.126	1.193	1.185	1.193	1.210	1.232	1.235	1.234	1.241	0.919	0.926	0.962	1.046	1.079	1.097	1.102	1.121	1.158	1.154	1.142	1.154	1.170	1.104	1.169	1.266	1.198	1.188	1.178	1.230	1.225	1.231	1.227	1.229	1.123	1.083	1.323	1.116	1.112	1.109	1.127	1.145	1.122	1.149	1.141	1.138	0.869	0.853	0.878	0.917	0.947	0.964	0.965	1.049	1.147	1.134	1.169	1.240	1.202	1.224	1.251	1.286	1.307	1.332	1.265	1.290	1.215	1.146	1.096	1.171	1.367	1.386
6:43:12	37.0	0.977	1.036	1.089	1.137	1.204	1.196	1.205	1.221	1.242	1.246	1.244	1.251	0.932	0.942	0.978	1.058	1.093	1.110	1.115	1.133	1.169	1.166	1.155	1.166	1.180	1.115	1.177	1.278	1.206	1.197	1.189	1.239	1.235	1.242	1.239	1.241	1.132	1.093	1.332	1.125	1.122	1.121	1.139	1.155	1.133	1.160	1.153	1.150	0.874	0.862	0.882	0.922	0.955	0.971	0.970	1.062	1.157	1.144	1.180	1.249	1.211	1.236	1.260	1.284	1.312	1.341	1.272	1.291	1.217	1.154	1.103	1.182	1.375	1.396
6:47:12	37.0	0.994	1.048	1.099	1.148	1.215	1.208	1.214	1.230	1.253	1.256	1.255	1.260	0.947	0.959	0.993	1.074	1.107	1.124	1.128	1.145	1.181	1.178	1.167	1.178	1.189	1.124	1.188	1.286	1.216	1.207	1.198	1.249	1.244	1.251	1.248	1.250	1.144	1.105	1.343	1.135	1.134	1.133	1.148	1.167	1.145	1.172	1.165	1.161	0.884	0.867	0.891	0.931	0.965	0.980	0.980	1.072	1.167	1.155	1.192	1.259	1.214	1.239	1.268	1.295	1.321	1.344	1.280	1.294	1.223	1.160	1.112	1.194	1.386	1.404
6:51:12	37.0	1.011	1.058	1.114	1.161	1.228	1.218	1.224	1.240	1.263	1.266	1.265	1.270	0.959	0.975	1.006	1.087	1.121	1.137	1.139	1.157	1.192	1.188	1.178	1.189	1.198	1.133	1.197	1.296	1.225	1.216	1.207	1.258	1.253	1.261	1.257	1.259	1.154	1.113	1.352	1.147	1.146	1.145	1.159	1.178	1.156	1.183	1.176	1.172	0.891	0.874	0.898	0.943	0.971	0.987	0.990	1.083	1.176	1.166	1.203	1.268	1.220	1.246	1.271	1.297	1.331	1.349	1.282	1.296	1.229	1.168	1.121	1.204	1.395	1.414
6:55:12	37.0	1.027	1.070	1.123	1.171	1.236	1.228	1.234	1.250	1.272	1.275	1.273	1.278	0.974	0.990	1.019	1.100	1.134	1.149	1.151	1.167	1.202	1.198	1.188	1.199	1.208	1.142	1.205	1.306	1.234	1.224	1.216	1.266	1.262	1.269	1.265	1.268	1.163	1.125	1.361	1.157	1.155	1.156	1.170	1.189	1.166	1.194	1.187	1.182	0.898	0.881	0.903	0.948	0.979	0.996	0.998	1.096	1.186	1.176	1.212	1.277	1.224	1.256	1.278	1.304	1.329	1.354	1.290	1.298	1.232	1.176	1.129	1.215	1.403	1.422
6:59:12	37.0	1.043	1.081	1.132	1.181	1.249	1.239	1.244	1.259	1.281	1.285	1.283	1.287	0.987	1.007	1.032	1.114	1.147	1.162	1.163	1.179	1.213	1.209	1.199	1.211	1.217	1.151	1.214	1.316	1.243	1.234	1.225	1.275	1.272	1.278	1.274	1.277	1.172	1.135	1.371	1.167	1.166	1.165	1.180	1.199	1.177	1.204	1.197	1.192	0.903	0.888	0.911	0.957	0.988	1.005	1.007	1.108	1.195	1.186	1.222	1.286	1.235	1.262	1.282	1.308	1.335	1.361	1.294	1.299	1.238	1.182	1.137	1.226	1.412	1.428
7:03:12	37.0	1.060	1.093	1.145	1.194	1.259	1.248	1.252	1.268	1.292	1.294	1.292	1.297	1.001	1.022	1.046	1.126	1.161	1.174	1.174	1.190	1.224	1.220	1.210	1.221	1.226	1.159	1.223	1.325	1.252	1.242	1.234	1.284	1.280	1.287	1.284	1.286	1.182	1.145	1.381	1.177	1.176	1.178	1.191	1.210	1.188	1.215	1.208	1.203	0.911	0.898	0.919	0.965	0.998	1.012	1.016	1.118	1.204	1.196	1.231	1.294	1.242	1.268	1.290	1.315	1.340	1.365	1.298	1.300	1.244	1.187	1.144	1.236	1.420	1.437
7:07:12	37.0	1.076	1.104	1.155	1.203	1.268	1.258	1.262	1.277	1.300	1.304	1.300	1.304	1.013	1.037	1.058	1.139	1.173	1.186	1.185	1.200	1.233	1.230	1.220	1.230	1.234	1.168	1.232	1.334	1.262	1.252	1.245	1.291	1.289	1.294	1.292	1.294	1.192	1.155	1.390	1.189	1.186	1.186	1.202	1.221	1.198	1.225	1.219	1.213	0.919	0.903	0.927	0.971	1.009	1.023	1.026	1.129	1.214	1.205	1.242	1.303	1.240	1.273	1.296	1.319	1.345	1.371	1.306	1.301	1.249	1.194	1.153	1.246	1.428	1.445
7:11:12	37.1	1.091	1.114	1.165	1.212	1.279	1.267	1.272	1.286	1.308	1.312	1.308	1.314	1.027	1.052	1.071	1.152	1.185	1.198	1.197	1.211	1.244	1.240	1.230	1.241	1.244	1.177	1.239	1.344	1.270	1.260	1.254	1.302	1.298	1.304	1.302	1.304	1.200	1.164	1.400	1.197	1.196	1.197	1.211	1.230	1.208	1.235	1.230	1.222	0.925	0.910	0.934	0.979	1.015	1.030	1.033	1.141	1.223	1.215	1.252	1.312	1.248	1.281	1.303	1.326	1.349	1.376	1.309	1.302	1.253	1.201	1.160	1.255	1.437	1.453
7:15:12	37.1	1.104	1.126	1.175	1.223	1.288	1.278	1.280	1.294	1.317	1.321	1.317	1.322	1.039	1.065	1.083	1.163	1.197	1.210	1.207	1.221	1.254	1.250	1.240	1.250	1.252	1.185	1.247	1.352	1.280	1.267	1.261	1.308	1.306	1.311	1.308	1.311	1.211	1.174	1.409	1.207	1.207	1.207	1.220	1.240	1.218	1.245	1.238	1.231	0.933	0.919	0.942	0.988	1.024	1.041	1.043	1.150	1.233	1.224	1.261	1.320	1.256	1.293	1.308	1.330	1.354	1.380	1.317	1.301	1.259	1.208	1.168	1.264	1.445	1.460
7:19:12	37.0	1.117	1.136	1.184	1.232	1.298	1.286	1.288	1.302	1.325	1.329	1.324	1.330	1.051	1.081	1.095	1.176	1.208	1.220	1.218	1.232	1.263	1.259	1.250	1.260	1.260	1.193	1.256	1.362	1.286	1.274	1.268	1.317	1.314	1.319	1.317	1.319	1.219	1.183	1.417	1.217	1.216	1.217	1.231	1.250	1.227	1.255	1.248	1.241	0.941	0.925	0.953	0.997	1.032	1.046	1.056	1.160	1.241	1.233	1.269	1.328	1.252	1.299	1.313	1.336	1.358	1.384	1.320	1.299	1.262	1.213	1.175	1.273	1.452	1.466
7:23:12	37.1	1.130	1.146	1.194	1.241	1.308	1.295	1.297	1.310	1.335	1.338	1.333	1.338	1.064	1.094	1.107	1.188	1.220	1.231	1.228	1.241	1.273	1.268	1.260	1.270	1.269	1.202	1.263	1.371	1.294	1.282	1.278	1.325	1.321	1.327	1.325	1.327	1.228	1.191	1.425	1.225	1.225	1.225	1.240	1.259	1.236	1.264	1.257	1.250	0.948	0.932	0.957	1.002	1.042	1.055	1.062	1.170	1.251	1.242	1.278	1.336	1.259	1.299	1.323	1.341	1.363	1.387	1.328	1.302	1.267	1.221	1.184	1.282	1.459	1.472
7:27:12	37.0	1.145	1.157	1.204	1.252	1.317	1.303	1.305	1.318	1.342	1.346	1.341	1.346	1.076	1.106	1.119	1.199	1.232	1.242	1.238	1.251	1.282	1.278	1.269	1.279	1.278	1.210	1.270	1.380	1.302	1.292	1.284	1.334	1.329	1.335	1.333	1.336	1.238	1.203	1.436	1.234	1.234	1.236	1.248	1.268	1.246	1.273	1.267	1.260	0.957	0.940	0.965	1.011	1.049	1.063	1.071	1.179	1.259	1.251	1.287	1.345	1.263	1.308	1.328	1.343	1.367	1.396	1.329	1.298	1.273	1.227	1.191	1.291	1.467	1.479
7:31:12	37.0	1.157	1.165	1.213	1.260	1.326	1.311	1.313	1.325	1.349	1.353	1.348	1.353	1.088	1.120	1.129	1.210	1.243	1.252	1.247	1.260	1.291	1.286	1.278	1.287	1.285	1.219	1.278	1.388	1.309	1.299	1.291	1.341	1.337	1.342	1.339	1.342	1.245	1.212	1.443	1.242	1.242	1.242	1.259	1.276	1.255	1.281	1.275	1.267	0.963	0.947	0.972	1.020	1.057	1.073	1.081	1.190	1.266	1.260	1.295	1.352	1.269	1.314	1.334	1.351	1.375	1.397	1.333	1.298	1.276	1.233	1.198	1.300	1.474	1.484
7:35:12	37.0	1.170	1.175	1.222	1.269	1.335	1.320	1.321	1.333	1.358	1.360	1.356	1.361	1.100	1.132	1.142	1.220	1.254	1.262	1.256	1.269	1.299	1.295	1.287	1.296	1.294	1.227	1.285	1.397	1.315	1.307	1.300	1.348	1.344	1.349	1.346	1.349	1.255	1.218	1.451	1.251	1.252	1.253	1.265	1.285	1.263	1.290	1.284	1.276	0.973	0.953	0.979	1.027	1.069	1.084	1.089	1.199	1.277	1.268	1.304	1.358	1.276	1.320	1.335	1.357	1.377	1.409	1.340	1.297	1.282	1.239	1.203	1.308	1.477	1.488
7:39:12	37.0	1.184	1.186	1.230	1.278	1.343	1.327	1.327	1.340	1.365	1.367	1.363	1.366	1.114	1.145	1.153	1.230	1.265	1.272	1.266	1.278	1.308	1.303	1.296	1.305	1.302	1.234	1.292	1.404	1.323	1.314	1.308	1.354	1.352	1.356	1.354	1.356	1.264	1.227	1.460	1.260	1.260	1.261	1.273	1.294	1.272	1.298	1.293	1.284	0.982	0.961	0.988	1.035	1.076	1.092	1.098	1.208	1.283	1.277	1.312	1.365	1.284	1.329	1.344	1.365	1.380	1.411	1.347	1.296	1.285	1.244	1.212	1.316	1.484	1.491
7:43:12	37.0	1.197	1.195	1.241	1.286	1.351	1.335	1.337	1.349	1.372	1.376	1.371	1.374	1.124	1.157	1.163	1.240	1.274	1.281	1.275	1.286	1.316	1.312	1.304	1.312	1.309	1.242	1.298	1.412	1.330	1.321	1.315	1.361	1.359	1.363	1.362	1.363	1.270	1.235	1.468	1.266	1.268	1.269	1.282	1.302	1.280	1.307	1.301	1.292	0.986	0.970	0.996	1.043	1.083	1.098	1.111	1.217	1.291	1.286	1.320	1.370	1.286	1.333	1.348	1.363	1.385	1.413	1.355	1.299	1.290	1.250	1.218	1.324	1.488	1.496
7:47:12	37.0	1.210	1.204	1.249	1.294	1.359	1.344	1.344	1.355	1.379	1.382	1.376	1.380	1.137	1.168	1.176	1.251	1.284	1.291	1.283	1.295	1.324	1.320	1.311	1.319	1.317	1.249	1.309	1.420	1.339	1.328	1.322	1.368	1.366	1.369	1.368	1.370	1.280	1.244	1.475	1.275	1.276	1.278	1.291	1.311	1.288	1.316	1.310	1.300	0.995	0.978	1.003	1.051	1.090	1.106	1.118	1.226	1.298	1.293	1.328	1.377	1.290	1.342	1.354	1.369	1.390	1.417	1.354	1.300	1.295	1.256	1.226	1.332	1.492	1.500
7:51:12	37.1	1.223	1.214	1.256	1.304	1.367	1.350	1.351	1.362	1.385	1.389	1.383	1.387	1.147	1.180	1.185	1.262	1.294	1.300	1.292	1.303	1.332	1.328	1.320	1.328	1.323	1.257	1.314	1.427	1.345	1.335	1.330	1.374	1.373	1.376	1.375	1.376	1.289	1.252	1.483	1.283	1.284	1.286	1.298	1.318	1.296	1.323	1.317	1.307	1.005	0.986	1.011	1.060	1.099	1.116	1.125	1.236	1.308	1.301	1.336	1.383	1.292	1.348	1.355	1.374	1.396	1.421	1.359	1.301	1.299	1.262	1.232	1.340	1.498	1.504
7:55:12	37.0	1.233	1.223	1.265	1.313	1.374	1.358	1.358	1.368	1.392	1.396	1.389	1.393	1.159	1.191	1.196	1.271	1.304	1.309	1.301	1.311	1.340	1.335	1.328	1.335	1.331	1.265	1.321	1.436	1.351	1.343	1.337	1.382	1.381	1.383	1.382	1.383	1.299	1.260	1.491	1.291	1.292	1.294	1.306	1.326	1.304	1.331	1.326	1.315	1.016	0.993	1.025	1.069	1.108	1.123	1.132	1.244	1.313	1.308	1.344	1.389	1.308	1.354	1.362	1.379	1.398	1.427	1.365	1.303	1.304	1.268	1.240	1.347	1.503	1.508
7:59:12	37.0	1.247	1.230	1.273	1.319	1.382	1.367	1.366	1.374	1.399	1.401	1.396	1.400	1.170	1.201	1.205	1.280	1.313	1.317	1.308	1.319	1.347	1.344	1.335	1.343	1.339	1.272	1.327	1.444	1.358	1.348	1.343	1.388	1.386	1.389	1.388	1.389	1.304	1.267	1.498	1.299	1.300	1.302	1.313	1.333	1.312	1.338	1.333	1.323	1.019	1.000	1.028	1.076	1.117	1.131	1.143	1.252	1.322	1.316	1.350	1.396	1.304	1.358	1.371	1.383	1.402	1.429	1.371	1.304	1.306	1.272	1.244	1.355	1.506	1.512
8:03:12	37.0	1.258	1.240	1.281	1.327	1.390	1.373	1.372	1.382	1.407	1.409	1.402	1.406	1.182	1.214	1.216	1.290	1.323	1.326	1.317	1.327	1.355	1.350	1.343	1.350	1.346	1.281	1.333	1.451	1.363	1.356	1.350	1.394	1.393	1.395	1.393	1.396	1.313	1.276	1.506	1.307	1.309	1.310	1.322	1.340	1.320	1.346	1.341	1.331	1.030	1.008	1.036	1.083	1.127	1.140	1.150	1.261	1.329	1.324	1.357	1.403	1.306	1.371	1.375	1.389	1.405	1.431	1.375	1.306	1.312	1.280	1.252	1.362	1.511	1.516
8:07:12	37.1	1.269	1.247	1.290	1.335	1.397	1.380	1.379	1.387	1.411	1.414	1.409	1.412	1.193	1.224	1.226	1.299	1.331	1.333	1.325	1.335	1.363	1.358	1.350	1.357	1.353	1.289	1.339	1.458	1.369	1.363	1.358	1.401	1.400	1.402	1.401	1.402	1.323	1.283	1.512	1.315	1.315	1.318	1.329	1.348	1.327	1.353	1.348	1.337	1.042	1.016	1.042	1.092	1.138	1.149	1.159	1.270	1.338	1.332	1.366	1.408	1.308	1.371	1.379	1.390	1.409	1.435	1.378	1.306	1.315	1.283	1.257	1.369	1.514	1.519
8:11:12	37.0	1.281	1.256	1.296	1.343	1.404	1.386	1.385	1.394	1.418	1.420	1.414	1.417	1.205	1.233	1.236	1.307	1.340	1.343	1.332	1.343	1.370	1.364	1.357	1.363	1.361	1.295	1.346	1.465	1.376	1.369	1.365	1.408	1.406	1.407	1.407	1.409	1.328	1.290	1.520	1.321	1.323	1.324	1.336	1.355	1.334	1.361	1.355	1.344	1.045	1.024	1.050	1.099	1.142	1.154	1.168	1.277	1.343	1.340	1.372	1.414	1.322	1.375	1.383	1.395	1.415	1.444	1.387	1.311	1.320	1.290	1.263	1.376	1.517	1.522
8:15:12	37.0	1.294	1.262	1.301	1.349	1.411	1.394	1.391	1.401	1.425	1.427	1.421	1.423	1.216	1.243	1.244	1.316	1.348	1.349	1.339	1.350	1.376	1.372	1.364	1.371	1.367	1.302	1.350	1.472	1.382	1.377	1.371	1.414	1.413	1.413	1.413	1.415	1.334	1.299	1.528	1.327	1.331	1.332	1.344	1.361	1.340	1.367	1.361	1.350	1.050	1.032	1.056	1.109	1.149	1.160	1.177	1.285	1.350	1.347	1.378	1.420	1.330	1.382	1.384	1.397	1.416	1.445	1.386	1.310	1.324	1.296	1.270	1.382	1.522	1.525
8:19:12	37.0	1.306	1.271	1.310	1.356	1.417	1.399	1.397	1.406	1.430	1.432	1.426	1.429	1.226	1.252	1.254	1.324	1.356	1.358	1.347	1.357	1.384	1.378	1.371	1.378	1.374	1.309	1.357	1.479	1.389	1.382	1.375	1.420	1.418	1.420	1.418	1.420	1.341	1.305	1.535	1.335	1.337	1.340	1.351	1.369	1.347	1.374	1.368	1.357	1.058	1.042	1.069	1.115	1.161	1.169	1.182	1.294	1.357	1.353	1.386	1.426	1.321	1.386	1.392	1.402	1.421	1.446	1.391	1.315	1.328	1.301	1.276	1.389	1.526	1.528
8:23:12	37.0	1.316	1.277	1.317	1.362	1.424	1.406	1.404	1.411	1.437	1.438	1.433	1.436	1.234	1.262	1.262	1.332	1.363	1.364	1.354	1.364	1.390	1.384	1.378	1.384	1.379	1.316	1.363	1.485	1.395	1.388	1.381	1.427	1.423	1.426	1.425	1.427	1.349	1.312	1.541	1.342	1.345	1.345	1.359	1.377	1.354	1.381	1.375	1.364	1.067	1.046	1.076	1.125	1.166	1.172	1.193	1.301	1.363	1.359	1.392	1.431	1.329	1.392	1.395	1.407	1.424	1.451	1.393	1.314	1.333	1.306	1.282	1.396	1.528	1.531
8:27:12	37.0	1.328	1.286	1.323	1.369	1.430	1.412	1.409	1.416	1.442	1.444	1.439	1.441	1.246	1.271	1.271	1.340	1.371	1.372	1.360	1.370	1.396	1.391	1.385	1.390	1.387	1.324	1.368	1.491	1.402	1.395	1.385	1.431	1.429	1.431	1.431	1.432	1.358	1.319	1.548	1.349	1.352	1.353	1.365	1.383	1.359	1.387	1.381	1.369	1.079	1.055	1.083	1.133	1.174	1.178	1.199	1.308	1.369	1.366	1.398	1.436	1.338	1.395	1.399	1.410	1.427	1.454	1.398	1.315	1.336	1.311	1.287	1.402	1.532	1.534
8:31:12	37.0	1.339	1.292	1.331	1.377	1.437	1.417	1.414	1.422	1.448	1.448	1.443	1.445	1.255	1.280	1.279	1.347	1.378	1.379	1.367	1.378	1.403	1.397	1.391	1.396	1.392	1.332	1.375	1.498	1.404	1.401	1.391	1.437	1.433	1.436	1.435	1.437	1.362	1.326	1.554	1.355	1.358	1.359	1.371	1.389	1.366	1.393	1.387	1.376	1.081	1.063	1.090	1.140	1.181	1.181	1.210	1.316	1.376	1.372	1.405	1.441	1.337	1.399	1.408	1.412	1.437	1.455	1.406	1.318	1.341	1.317	1.291	1.408	1.536	1.536
8:35:12	37.0	1.348	1.299	1.337	1.382	1.443	1.424	1.421	1.428	1.453	1.454	1.449	1.450	1.263	1.289	1.286	1.354	1.386	1.385	1.373	1.383	1.409	1.404	1.397	1.402	1.398	1.339	1.381	1.506	1.411	1.405	1.396	1.442	1.438	1.440	1.440	1.442	1.369	1.333	1.562	1.361	1.365	1.366	1.377	1.395	1.372	1.399	1.393	1.381	1.089	1.070	1.098	1.148	1.190	1.183	1.216	1.322	1.382	1.378	1.411	1.447	1.345	1.404	1.408	1.414	1.432	1.457	1.408	1.323	1.343	1.321	1.297	1.414	1.539	1.539
8:39:12	37.0	1.358	1.307	1.342	1.389	1.449	1.429	1.427	1.433	1.459	1.460	1.454	1.456	1.272	1.298	1.296	1.363	1.393	1.392	1.380	1.391	1.415	1.409	1.403	1.408	1.404	1.343	1.385	1.510	1.416	1.410	1.399	1.446	1.443	1.445	1.445	1.447	1.375	1.338	1.567	1.368	1.371	1.371	1.383	1.401	1.379	1.405	1.399	1.388	1.096	1.080	1.105	1.159	1.197	1.190	1.225	1.330	1.389	1.384	1.416	1.451	1.351	1.406	1.408	1.415	1.437	1.459	1.407	1.323	1.347	1.326	1.302	1.419	1.542	1.541
8:43:12	37.0	1.369	1.313	1.349	1.395	1.455	1.435	1.431	1.439	1.464	1.465	1.460	1.462	1.285	1.306	1.304	1.370	1.401	1.400	1.387	1.397	1.422	1.416	1.410	1.415	1.412	1.350	1.391	1.518	1.421	1.414	1.407	1.451	1.448	1.449	1.450	1.451	1.382	1.344	1.574	1.374	1.378	1.378	1.389	1.407	1.385	1.412	1.405	1.394	1.105	1.087	1.112	1.167	1.208	1.195	1.230	1.337	1.394	1.390	1.423	1.456	1.352	1.416	1.410	1.419	1.437	1.464	1.412	1.325	1.352	1.331	1.307	1.425	1.545	1.544
8:47:12	37.0	1.378	1.320	1.354	1.401	1.462	1.440	1.437	1.444	1.470	1.470	1.465	1.467	1.292	1.315	1.311	1.377	1.406	1.405	1.392	1.403	1.427	1.420	1.415	1.420	1.418	1.354	1.396	1.525	1.427	1.418	1.411	1.454	1.452	1.452	1.453	1.454	1.389	1.351	1.580	1.382	1.384	1.383	1.396	1.413	1.391	1.417	1.410	1.400	1.113	1.094	1.120	1.172	1.214	1.200	1.241	1.343	1.400	1.396	1.429	1.459	1.350	1.411	1.414	1.420	1.440	1.464	1.421	1.331	1.356	1.336	1.313	1.431	1.547	1.546
8:51:12	37.1	1.388	1.326	1.358	1.405	1.467	1.445	1.440	1.449	1.476	1.476	1.471	1.471	1.300	1.323	1.319	1.383	1.413	1.412	1.398	1.409	1.433	1.427	1.422	1.427	1.423	1.360	1.402	1.529	1.432	1.423	1.416	1.460	1.458	1.458	1.458	1.460	1.395	1.358	1.585	1.387	1.389	1.390	1.401	1.418	1.397	1.423	1.417	1.406	1.119	1.101	1.132	1.179	1.219	1.206	1.244	1.349	1.406	1.402	1.434	1.463	1.353	1.422	1.415	1.421	1.440	1.468	1.417	1.330	1.357	1.340	1.318	1.435	1.550	1.548
8:55:12	37.0	1.398	1.331	1.364	1.411	1.473	1.450	1.446	1.454	1.480	1.479	1.476	1.476	1.309	1.330	1.327	1.390	1.420	1.418	1.405	1.415	1.438	1.432	1.427	1.431	1.429	1.363	1.409	1.536	1.437	1.429	1.419	1.464	1.462	1.462	1.462	1.464	1.401	1.364	1.591	1.394	1.396	1.396	1.409	1.424	1.403	1.429	1.423	1.411	1.127	1.114	1.135	1.188	1.228	1.213	1.250	1.356	1.411	1.408	1.440	1.467	1.357	1.424	1.417	1.424	1.443	1.471	1.424	1.331	1.362	1.345	1.321	1.442	1.552	1.551
8:59:12	37.0	1.409	1.339	1.373	1.418	1.477	1.456	1.452	1.459	1.485	1.485	1.481	1.481	1.316	1.339	1.333	1.396	1.426	1.424	1.409	1.421	1.443	1.437	1.431	1.435	1.433	1.369	1.414	1.541	1.442	1.432	1.424	1.468	1.465	1.466	1.466	1.468	1.407	1.370	1.597	1.402	1.399	1.400	1.412	1.429	1.408	1.434	1.428	1.417	1.136	1.118	1.149	1.195	1.237	1.214	1.257	1.363	1.416	1.414	1.445	1.471	1.355	1.424	1.422	1.429	1.445	1.469	1.421	1.333	1.363	1.348	1.326	1.446	1.555	1.551
9:03:12	37.0	1.417	1.347	1.376	1.424	1.483	1.461	1.456	1.465	1.489	1.490	1.485	1.487	1.326	1.345	1.341	1.401	1.431	1.429	1.416	1.427	1.448	1.442	1.437	1.440	1.440	1.373	1.419	1.548	1.446	1.436	1.427	1.472	1.469	1.470	1.470	1.472	1.413	1.376	1.604	1.406	1.406	1.407	1.419	1.435	1.414	1.439	1.433	1.422	1.141	1.126	1.152	1.200	1.246	1.218	1.263	1.368	1.422	1.419	1.450	1.474	1.357	1.430	1.432	1.430	1.451	1.473	1.425	1.335	1.366	1.351	1.329	1.452	1.557	1.554
9:07:12	37.0	1.423	1.353	1.383	1.428	1.487	1.466	1.462	1.471	1.493	1.496	1.489	1.491	1.330	1.353	1.347	1.408	1.437	1.435	1.421	1.431	1.453	1.448	1.443	1.446	1.444	1.377	1.426	1.553	1.450	1.441	1.432	1.477	1.474	1.474	1.474	1.476	1.419	1.382	1.608	1.412	1.412	1.413	1.425	1.440	1.420	1.445	1.438	1.428	1.150	1.132	1.158	1.209	1.251	1.225	1.270	1.374	1.427	1.425	1.456	1.479	1.361	1.432	1.425	1.431	1.451	1.474	1.422	1.336	1.368	1.355	1.333	1.457	1.560	1.556
9:11:12	37.0	1.430	1.356	1.386	1.431	1.493	1.471	1.467	1.475	1.497	1.501	1.492	1.494	1.338	1.359	1.354	1.414	1.442	1.440	1.427	1.436	1.458	1.453	1.447	1.450	1.449	1.383	1.428	1.558	1.453	1.445	1.436	1.481	1.479	1.478	1.478	1.480	1.425	1.388	1.614	1.416	1.418	1.418	1.429	1.445	1.424	1.450	1.443	1.432	1.156	1.138	1.166	1.216	1.258	1.230	1.279	1.380	1.433	1.430	1.461	1.482	1.364	1.430	1.429	1.438	1.451	1.476	1.423	1.337	1.370	1.359	1.336	1.462	1.560	1.557
9:15:12	37.1	1.440	1.363	1.393	1.438	1.498	1.476	1.472	1.480	1.501	1.505	1.496	1.497	1.346	1.365	1.360	1.421	1.448	1.446	1.433	1.442	1.464	1.457	1.452	1.455	1.455	1.387	1.434	1.563	1.456	1.449	1.440	1.484	1.482	1.482	1.482	1.484	1.429	1.395	1.619	1.421	1.421	1.424	1.435	1.450	1.428	1.455	1.448	1.437	1.163	1.147	1.176	1.224	1.268	1.236	1.282	1.387	1.437	1.435	1.465	1.486	1.365	1.435	1.430	1.439	1.451	1.477	1.425	1.342	1.374	1.362	1.340	1.467	1.563	1.560
9:19:12	37.0	1.446	1.368	1.396	1.442	1.502	1.480	1.477	1.484	1.504	1.509	1.499	1.501	1.353	1.372	1.366	1.425	1.453	1.451	1.437	1.446	1.469	1.462	1.458	1.460	1.460	1.392	1.440	1.568	1.461	1.452	1.444	1.489	1.487	1.485	1.486	1.488	1.436	1.400	1.624	1.425	1.429	1.430	1.442	1.456	1.433	1.460	1.454	1.441	1.170	1.155	1.183	1.235	1.275	1.242	1.288	1.391	1.443	1.439	1.471	1.490	1.376	1.436	1.433	1.436	1.455	1.480	1.425	1.341	1.375	1.366	1.343	1.472	1.565	1.562
9:23:12	37.1	1.454	1.372	1.401	1.447	1.507	1.485	1.482	1.489	1.508	1.512	1.503	1.504	1.361	1.377	1.372	1.432	1.458	1.456	1.441	1.451	1.474	1.468	1.462	1.464	1.466	1.395	1.444	1.574	1.464	1.457	1.449	1.493	1.490	1.489	1.490	1.492	1.443	1.405	1.630	1.431	1.433	1.436	1.446	1.461	1.436	1.466	1.458	1.445	1.182	1.163	1.193	1.238	1.282	1.249	1.298	1.397	1.448	1.445	1.476	1.494	1.371	1.438	1.442	1.440	1.456	1.482	1.425	1.343	1.379	1.371	1.348	1.476	1.568	1.563
9:27:12	37.0	1.460	1.378	1.405	1.449	1.511	1.489	1.487	1.491	1.512	1.516	1.506	1.507	1.366	1.385	1.378	1.436	1.463	1.462	1.447	1.456	1.478	1.471	1.466	1.468	1.470	1.400	1.448	1.580	1.467	1.461	1.454	1.496	1.494	1.494	1.494	1.495	1.446	1.412	1.635	1.437	1.438	1.440	1.450	1.466	1.441	1.470	1.463	1.449	1.186	1.170	1.200	1.247	1.289	1.252	1.300	1.403	1.452	1.449	1.480	1.497	1.377	1.442	1.437	1.443	1.457	1.485	1.423	1.345	1.381	1.373	1.351	1.479	1.569	1.564
9:31:12	37.1	1.468	1.382	1.410	1.454	1.516	1.494	1.491	1.494	1.516	1.519	1.510	1.510	1.374	1.389	1.382	1.442	1.468	1.466	1.453	1.461	1.482	1.477	1.471	1.473	1.476	1.405	1.453	1.585	1.472	1.465	1.455	1.500	1.499	1.497	1.498	1.499	1.451	1.416	1.639	1.440	1.444	1.443	1.453	1.470	1.445	1.474	1.466	1.453	1.192	1.175	1.203	1.254	1.296	1.259	1.306	1.409	1.456	1.453	1.484	1.500	1.379	1.445	1.440	1.447	1.460	1.486	1.422	1.346	1.384	1.376	1.356	1.482	1.570	1.565
9:35:12	37.0	1.474	1.387	1.415	1.459	1.520	1.498	1.496	1.498	1.519	1.522	1.514	1.514	1.380	1.395	1.388	1.446	1.473	1.471	1.456	1.465	1.487	1.481	1.475	1.477	1.479	1.409	1.457	1.589	1.476	1.470	1.460	1.502	1.502	1.500	1.501	1.502	1.457	1.422	1.643	1.448	1.450	1.448	1.457	1.474	1.448	1.477	1.469	1.457	1.200	1.184	1.214	1.260	1.303	1.268	1.311	1.413	1.461	1.460	1.489	1.503	1.377	1.444	1.444	1.446	1.463	1.489	1.419	1.349	1.387	1.380	1.360	1.486	1.573	1.567
9:39:12	37.0	1.480	1.390	1.420	1.466	1.525	1.504	1.498	1.500	1.522	1.524	1.517	1.517	1.384	1.401	1.393	1.451	1.477	1.476	1.460	1.471	1.490	1.486	1.480	1.482	1.485	1.413	1.459	1.593	1.478	1.471	1.464	1.507	1.505	1.503	1.504	1.506	1.463	1.428	1.648	1.450	1.453	1.451	1.460	1.478	1.452	1.481	1.473	1.460	1.210	1.191	1.218	1.269	1.310	1.270	1.319	1.419	1.465	1.462	1.494	1.507	1.380	1.450	1.445	1.450	1.464	1.490	1.422	1.350	1.391	1.383	1.363	1.489	1.573	1.568
9:43:12	37.0	1.485	1.396	1.424	1.469	1.530	1.508	1.502	1.504	1.526	1.528	1.520	1.519	1.389	1.406	1.398	1.454	1.482	1.479	1.465	1.474	1.496	1.489	1.484	1.486	1.488	1.417	1.463	1.597	1.482	1.474	1.468	1.510	1.509	1.507	1.508	1.509	1.466	1.432	1.653	1.456	1.459	1.455	1.465	1.481	1.456	1.485	1.477	1.464	1.215	1.199	1.226	1.278	1.318	1.276	1.320	1.424	1.470	1.468	1.498	1.509	1.379	1.452	1.448	1.453	1.469	1.492	1.418	1.353	1.392	1.387	1.367	1.492	1.575	1.570
9:47:12	37.0	1.492	1.401	1.429	1.473	1.534	1.512	1.505	1.508	1.529	1.531	1.524	1.523	1.398	1.411	1.403	1.459	1.487	1.484	1.468	1.478	1.500	1.494	1.489	1.490	1.495	1.423	1.466	1.602	1.486	1.479	1.470	1.515	1.512	1.510	1.512	1.512	1.471	1.436	1.658	1.461	1.464	1.459	1.470	1.485	1.460	1.488	1.480	1.469	1.221	1.205	1.232	1.284	1.325	1.282	1.329	1.428	1.474	1.472	1.502	1.512	1.382	1.453	1.448	1.456	1.473	1.494	1.415	1.354	1.394	1.391	1.371	1.495	1.577	1.572
9:51:12	37.0	1.497	1.407	1.431	1.476	1.538	1.516	1.508	1.511	1.533	1.534	1.528	1.526	1.400	1.415	1.408	1.463	1.491	1.489	1.473	1.483	1.504	1.499	1.493	1.495	1.497	1.427	1.469	1.607	1.487	1.483	1.473	1.518	1.515	1.513	1.515	1.516	1.475	1.441	1.662	1.466	1.466	1.464	1.472	1.490	1.464	1.492	1.484	1.472	1.227	1.215	1.239	1.288	1.333	1.288	1.331	1.433	1.479	1.476	1.507	1.516	1.384	1.456	1.455	1.458	1.470	1.499	1.411	1.356	1.397	1.394	1.376	1.500	1.578	1.573
9:55:12	37.0	1.504	1.409	1.435	1.481	1.542	1.519	1.513	1.514	1.536	1.538	1.530	1.529	1.404	1.421	1.412	1.467	1.494	1.493	1.478	1.487	1.508	1.503	1.498	1.499	1.501	1.430	1.473	1.610	1.492	1.486	1.478	1.520	1.518	1.516	1.517	1.519	1.479	1.445	1.667	1.471	1.469	1.468	1.477	1.492	1.467	1.496	1.487	1.476	1.234	1.220	1.247	1.294	1.339	1.294	1.338	1.437	1.483	1.479	1.510	1.518	1.388	1.459	1.457	1.457	1.472	1.497	1.410	1.360	1.400	1.397	1.380	1.502	1.579	1.575
9:59:12	37.0	1.507	1.413	1.438	1.485	1.545	1.525	1.515	1.517	1.539	1.540	1.533	1.532	1.409	1.425	1.415	1.472	1.498	1.496	1.482	1.492	1.512	1.506	1.502	1.503	1.507	1.433	1.475	1.615	1.495	1.488	1.480	1.523	1.522	1.519	1.522	1.522	1.485	1.450	1.671	1.474	1.474	1.471	1.480	1.496	1.471	1.499	1.491	1.480	1.241	1.226	1.254	1.302	1.344	1.301	1.346	1.442	1.487	1.484	1.516	1.522	1.391	1.462	1.457	1.461	1.475	1.498	1.410	1.360	1.403	1.400	1.383	1.505	1.581	1.575
10:03:12	37.1	1.514	1.417	1.442	1.488	1.550	1.529	1.518	1.520	1.542	1.542	1.536	1.535	1.415	1.428	1.420	1.475	1.502	1.500	1.486	1.495	1.516	1.509	1.505	1.505	1.510	1.436	1.480	1.618	1.498	1.493	1.483	1.526	1.525	1.521	1.524	1.524	1.491	1.455	1.676	1.478	1.477	1.474	1.484	1.499	1.474	1.503	1.494	1.483	1.252	1.233	1.261	1.310	1.351	1.306	1.347	1.446	1.491	1.489	1.518	1.524	1.387	1.462	1.459	1.465	1.477	1.500	1.401	1.362	1.406	1.404	1.388	1.509	1.581	1.576
10:07:12	37.0	1.516	1.421	1.446	1.492	1.554	1.532	1.521	1.523	1.546	1.546	1.539	1.538	1.418	1.433	1.423	1.478	1.506	1.504	1.490	1.499	1.520	1.512	1.508	1.508	1.514	1.442	1.482	1.623	1.502	1.496	1.486	1.529	1.528	1.525	1.527	1.528	1.494	1.459	1.680	1.481	1.481	1.478	1.488	1.503	1.478	1.505	1.497	1.486	1.258	1.241	1.267	1.315	1.358	1.312	1.350	1.450	1.495	1.492	1.522	1.527	1.393	1.472	1.463	1.464	1.477	1.503	1.401	1.363	1.407	1.407	1.390	1.512	1.583	1.578
10:11:12	37.1	1.524	1.422	1.450	1.496	1.558	1.536	1.524	1.525	1.548	1.548	1.542	1.540	1.422	1.438	1.428	1.484	1.510	1.508	1.493	1.504	1.524	1.515	1.511	1.511	1.517	1.444	1.485	1.627	1.503	1.498	1.489	1.532	1.530	1.528	1.530	1.530	1.497	1.463	1.683	1.486	1.484	1.482	1.492	1.506	1.481	1.509	1.501	1.490	1.261	1.246	1.276	1.323	1.364	1.316	1.355	1.455	1.498	1.496	1.526	1.530	1.399	1.467	1.462	1.467	1.479	1.503	1.397	1.366	1.408	1.409	1.394	1.514	1.584	1.579
10:15:12	37.0	1.527	1.425	1.452	1.500	1.561	1.537	1.527	1.528	1.551	1.551	1.545	1.543	1.428	1.440	1.430	1.487	1.514	1.512	1.497	1.507	1.528	1.518	1.513	1.513	1.524	1.448	1.489	1.631	1.507	1.501	1.493	1.535	1.534	1.530	1.533	1.533	1.502	1.468	1.688	1.488	1.487	1.485	1.495	1.510	1.484	1.512	1.503	1.492	1.268	1.254	1.282	1.329	1.372	1.322	1.362	1.459	1.502	1.499	1.530	1.533	1.395	1.470	1.466	1.468	1.482	1.506	1.393	1.369	1.412	1.412	1.398	1.518	1.585	1.580
10:19:12	37.0	1.532	1.426	1.459	1.506	1.565	1.541	1.530	1.532	1.554	1.554	1.548	1.546	1.431	1.443	1.435	1.490	1.516	1.515	1.501	1.511	1.532	1.522	1.517	1.516	1.526	1.453	1.492	1.634	1.510	1.503	1.497	1.538	1.536	1.533	1.536	1.536	1.507	1.473	1.692	1.491	1.491	1.489	1.498	1.513	1.487	1.515	1.507	1.497	1.278	1.259	1.289	1.339	1.379	1.327	1.367	1.463	1.505	1.503	1.534	1.535	1.399	1.472	1.469	1.470	1.483	1.510	1.389	1.370	1.415	1.416	1.402	1.520	1.586	1.582
10:23:12	37.0	1.536	1.430	1.462	1.508	1.569	1.543	1.532	1.534	1.556	1.556	1.550	1.547	1.435	1.448	1.437	1.494	1.519	1.519	1.506	1.515	1.534	1.523	1.518	1.519	1.530	1.455	1.494	1.637	1.513	1.506	1.497	1.541	1.539	1.536	1.538	1.538	1.510	1.476	1.696	1.496	1.494	1.492	1.501	1.514	1.491	1.518	1.509	1.499	1.281	1.266	1.296	1.343	1.383	1.331	1.372	1.466	1.508	1.506	1.537	1.537	1.398	1.480	1.472	1.475	1.488	1.510	1.388	1.371	1.419	1.419	1.406	1.523	1.588	1.583
10:27:12	37.1	1.540	1.432	1.462	1.512	1.571	1.545	1.535	1.536	1.559	1.558	1.552	1.550	1.439	1.450	1.440	1.498	1.523	1.523	1.508	1.519	1.537	1.527	1.523	1.521	1.534	1.458	1.497	1.642	1.515	1.509	1.502	1.543	1.542	1.538	1.541	1.541	1.515	1.481	1.700	1.499	1.497	1.495	1.505	1.518	1.494	1.521	1.513	1.503	1.288	1.274	1.302	1.349	1.393	1.335	1.375	1.471	1.511	1.509	1.540	1.540	1.401	1.478	1.472	1.473	1.488	1.512	1.389	1.374	1.421	1.422	1.411	1.525	1.589	1.584
10:31:12	37.0	1.543	1.433	1.467	1.515	1.576	1.548	1.538	1.539	1.562	1.561	1.555	1.553	1.441	1.453	1.444	1.501	1.526	1.527	1.512	1.522	1.540	1.530	1.525	1.524	1.538	1.462	1.500	1.645	1.517	1.511	1.504	1.546	1.544	1.540	1.544	1.544	1.519	1.486	1.704	1.502	1.500	1.498	1.508	1.521	1.497	1.525	1.516	1.505	1.294	1.283	1.309	1.357	1.397	1.341	1.378	1.474	1.515	1.512	1.543	1.543	1.402	1.479	1.475	1.477	1.490	1.512	1.384	1.377	1.423	1.425	1.414	1.528	1.589	1.585
10:35:12	37.0	1.548	1.437	1.467	1.519	1.578	1.551	1.541	1.542	1.565	1.563	1.558	1.555	1.446	1.457	1.447	1.505	1.529	1.530	1.516	1.525	1.542	1.532	1.528	1.527	1.542	1.466	1.502	1.649	1.521	1.515	1.506	1.548	1.547	1.543	1.546	1.546	1.522	1.489	1.707	1.505	1.504	1.501	1.512	1.524	1.499	1.527	1.518	1.508	1.299	1.288	1.315	1.363	1.403	1.346	1.383	1.479	1.517	1.516	1.547	1.545	1.408	1.482	1.479	1.479	1.491	1.518	1.384	1.378	1.426	1.428	1.416	1.532	1.590	1.586
10:39:12	37.0	1.550	1.440	1.470	1.521	1.582	1.554	1.542	1.544	1.567	1.565	1.560	1.557	1.448	1.460	1.450	1.508	1.533	1.533	1.519	1.527	1.545	1.535	1.531	1.529	1.546	1.469	1.506	1.653	1.522	1.517	1.509	1.551	1.550	1.545	1.549	1.549	1.527	1.494	1.711	1.508	1.506	1.504	1.513	1.527	1.503	1.530	1.521	1.511	1.307	1.294	1.322	1.372	1.410	1.351	1.389	1.484	1.521	1.518	1.549	1.547	1.404	1.489	1.478	1.481	1.494	1.515	1.382	1.381	1.429	1.431	1.420	1.534	1.592	1.587
10:43:12	37.0	1.554	1.443	1.472	1.522	1.584	1.557	1.544	1.546	1.570	1.568	1.563	1.560	1.450	1.462	1.452	1.511	1.535	1.536	1.522	1.530	1.547	1.538	1.534	1.531	1.549	1.472	1.507	1.656	1.526	1.519	1.510	1.553	1.552	1.547	1.551	1.551	1.530	1.497	1.715	1.512	1.510	1.507	1.518	1.529	1.506	1.533	1.524	1.514	1.314	1.301	1.329	1.379	1.418	1.356	1.390	1.486	1.525	1.523	1.553	1.550	1.409	1.492	1.482	1.483	1.497	1.518	1.380	1.382	1.430	1.433	1.422	1.537	1.593	1.589
10:47:12	37.0	1.558	1.444	1.472	1.524	1.588	1.558	1.547	1.548	1.572	1.570	1.565	1.562	1.453	1.465	1.455	1.513	1.538	1.539	1.525	1.532	1.550	1.540	1.536	1.534	1.552	1.475	1.511	1.658	1.528	1.523	1.514	1.556	1.554	1.549	1.553	1.554	1.532	1.499	1.718	1.514	1.513	1.511	1.520	1.532	1.508	1.536	1.526	1.517	1.317	1.309	1.341	1.379	1.421	1.364	1.395	1.488	1.527	1.526	1.556	1.552	1.406	1.490	1.484	1.486	1.496	1.522	1.379	1.381	1.433	1.435	1.426	1.539	1.594	1.588
10:51:12	37.0	1.559	1.446	1.476	1.526	1.592	1.561	1.550	1.551	1.573	1.572	1.567	1.564	1.457	1.468	1.457	1.516	1.540	1.543	1.528	1.535	1.552	1.543	1.538	1.536	1.556	1.477	1.513	1.660	1.530	1.524	1.516	1.557	1.557	1.552	1.555	1.556	1.537	1.504	1.722	1.517	1.515	1.514	1.522	1.534	1.510	1.537	1.529	1.519	1.325	1.317	1.341	1.389	1.428	1.364	1.400	1.493	1.532	1.529	1.558	1.554	1.410	1.490	1.482	1.485	1.500	1.521	1.379	1.385	1.435	1.438	1.429	1.542	1.594	1.589
10:55:12	37.0	1.562	1.448	1.477	1.528	1.596	1.562	1.552	1.553	1.577	1.574	1.569	1.566	1.459	1.470	1.461	1.519	1.543	1.545	1.532	1.537	1.555	1.546	1.541	1.538	1.558	1.481	1.515	1.664	1.532	1.526	1.519	1.559	1.559	1.554	1.557	1.558	1.540	1.505	1.725	1.520	1.518	1.516	1.527	1.537	1.514	1.540	1.531	1.522	1.330	1.321	1.350	1.392	1.433	1.369	1.402	1.495	1.534	1.531	1.561	1.556	1.417	1.498	1.488	1.490	1.501	1.524	1.384	1.387	1.437	1.440	1.431	1.543	1.596	1.590
10:59:12	37.0	1.565	1.449	1.480	1.530	1.599	1.565	1.554	1.554	1.578	1.575	1.571	1.568	1.462	1.472	1.463	1.523	1.546	1.548	1.535	1.540	1.557	1.548	1.543	1.541	1.561	1.483	1.518	1.668	1.534	1.529	1.521	1.562	1.560	1.556	1.559	1.560	1.545	1.508	1.728	1.523	1.522	1.519	1.527	1.540	1.516	1.543	1.534	1.524	1.339	1.327	1.357	1.401	1.440	1.380	1.408	1.500	1.538	1.535	1.565	1.558	1.415	1.500	1.488	1.490	1.502	1.525	1.383	1.389	1.441	1.442	1.434	1.545	1.597	1.591
11:03:12	37.1	1.567	1.452	1.482	1.532	1.601	1.568	1.557	1.556	1.581	1.579	1.573	1.570	1.464	1.473	1.466	1.525	1.549	1.551	1.539	1.542	1.559	1.550	1.545	1.542	1.563	1.486	1.519	1.670	1.536	1.531	1.521	1.563	1.563	1.558	1.561	1.562	1.547	1.511	1.732	1.526	1.524	1.522	1.529	1.543	1.518	1.545	1.536	1.527	1.342	1.334	1.360	1.406	1.445	1.383	1.412	1.502	1.539	1.538	1.567	1.560	1.418	1.498	1.492	1.492	1.507	1.528	1.381	1.391	1.442	1.446	1.438	1.548	1.597	1.593
11:07:12	37.0	1.569	1.454	1.482	1.533	1.604	1.569	1.558	1.560	1.583	1.580	1.575	1.572	1.465	1.476	1.468	1.527	1.552	1.554	1.541	1.543	1.561	1.552	1.548	1.545	1.565	1.488	1.522	1.673	1.537	1.533	1.524	1.566	1.565	1.560	1.563	1.564	1.550	1.513	1.735	1.528	1.526	1.524	1.532	1.544	1.520	1.547	1.539	1.530	1.350	1.341	1.366	1.409	1.454	1.384	1.413	1.506	1.543	1.540	1.570	1.562	1.419	1.497	1.493	1.493	1.506	1.528	1.383	1.392	1.444	1.447	1.440	1.549	1.599	1.593
11:11:12	37.0	1.571	1.455	1.485	1.536	1.605	1.571	1.562	1.561	1.585	1.582	1.577	1.574	1.469	1.477	1.470	1.530	1.555	1.556	1.544	1.547	1.564	1.555	1.550	1.546	1.568	1.491	1.524	1.677	1.540	1.535	1.528	1.569	1.567	1.562	1.566	1.566	1.554	1.516	1.739	1.531	1.530	1.526	1.535	1.546	1.523	1.550	1.541	1.532	1.356	1.348	1.372	1.414	1.463	1.388	1.415	1.508	1.545	1.542	1.572	1.564	1.421	1.502	1.494	1.494	1.508	1.529	1.387	1.394	1.452	1.450	1.444	1.552	1.599	1.594
11:15:12	37.0	1.575	1.457	1.487	1.538	1.608	1.574	1.564	1.563	1.587	1.584	1.580	1.575	1.471	1.481	1.473	1.533	1.557	1.559	1.546	1.549	1.566	1.557	1.553	1.549	1.570	1.495	1.527	1.679	1.543	1.537	1.529	1.570	1.570	1.564	1.568	1.569	1.557	1.520	1.742	1.535	1.533	1.530	1.538	1.549	1.526	1.552	1.544	1.534	1.362	1.355	1.375	1.420	1.466	1.391	1.419	1.512	1.548	1.545	1.575	1.566	1.422	1.503	1.497	1.500	1.509	1.533	1.385	1.396	1.448	1.453	1.447	1.554	1.601	1.595
11:19:12	37.0	1.577	1.459	1.487	1.538	1.609	1.575	1.565	1.565	1.589	1.586	1.581	1.578	1.475	1.483	1.476	1.535	1.559	1.562	1.548	1.551	1.568	1.560	1.555	1.551	1.573	1.497	1.529	1.682	1.544	1.539	1.532	1.571	1.572	1.566	1.569	1.570	1.561	1.523	1.744	1.536	1.534	1.532	1.541	1.550	1.528	1.555	1.546	1.537	1.367	1.358	1.381	1.426	1.470	1.397	1.429	1.516	1.551	1.549	1.578	1.568	1.428	1.504	1.503	1.498	1.512	1.535	1.384	1.399	1.451	1.455	1.448	1.556	1.602	1.597
11:23:12	37.1	1.577	1.460	1.490	1.541	1.611	1.578	1.567	1.567	1.591	1.588	1.584	1.579	1.475	1.484	1.478	1.538	1.561	1.565	1.550	1.553	1.571	1.562	1.557	1.553	1.575	1.499	1.531	1.685	1.546	1.542	1.534	1.574	1.573	1.567	1.571	1.572	1.563	1.524	1.748	1.538	1.537	1.534	1.543	1.553	1.530	1.556	1.547	1.540	1.371	1.362	1.387	1.427	1.474	1.401	1.429	1.518	1.553	1.551	1.580	1.569	1.425	1.507	1.500	1.500	1.513	1.536	1.384	1.401	1.453	1.458	1.451	1.558	1.602	1.596
11:27:12	37.1	1.581	1.462	1.491	1.542	1.613	1.579	1.569	1.568	1.593	1.589	1.585	1.581	1.478	1.486	1.479	1.541	1.564	1.567	1.550	1.555	1.573	1.564	1.558	1.555	1.577	1.501	1.534	1.687	1.547	1.542	1.535	1.576	1.575	1.569	1.573	1.573	1.567	1.528	1.751	1.542	1.539	1.536	1.546	1.555	1.532	1.558	1.550	1.541	1.377	1.369	1.391	1.432	1.477	1.406	1.431	1.522	1.556	1.553	1.582	1.571	1.427	1.508	1.503	1.502	1.519	1.539	1.392	1.403	1.457	1.459	1.454	1.560	1.603	1.598
11:31:12	37.0	1.582	1.462	1.494	1.544	1.614	1.581	1.571	1.570	1.594	1.590	1.586	1.582	1.478	1.487	1.481	1.543	1.566	1.571	1.554	1.558	1.575	1.565	1.562	1.557	1.579	1.504	1.535	1.690	1.549	1.545	1.536	1.578	1.577	1.570	1.574	1.575	1.571	1.531	1.754	1.545	1.540	1.538	1.547	1.556	1.534	1.560	1.551	1.543	1.386	1.373	1.395	1.438	1.483	1.408	1.434	1.527	1.558	1.556	1.584	1.572	1.433	1.515	1.505	1.507	1.517	1.539	1.388	1.405	1.460	1.462	1.457	1.562	1.604	1.598
11:35:12	37.0	1.582	1.465	1.494	1.546	1.616	1.583	1.573	1.572	1.596	1.592	1.587	1.584	1.482	1.491	1.484	1.546	1.568	1.573	1.555	1.560	1.577	1.568	1.563	1.558	1.582	1.507	1.537	1.692	1.551	1.548	1.538	1.580	1.578	1.573	1.577	1.578	1.573	1.536	1.757	1.547	1.544	1.542	1.549	1.559	1.536	1.562	1.554	1.546	1.388	1.380	1.400	1.442	1.486	1.412	1.436	1.526	1.561	1.558	1.587	1.575	1.430	1.513	1.505	1.508	1.518	1.540	1.392	1.407	1.459	1.464	1.458	1.563	1.605	1.599
11:39:12	37.1	1.585	1.467	1.497	1.549	1.618	1.585	1.574	1.574	1.598	1.595	1.590	1.586	1.483	1.492	1.485	1.548	1.570	1.575	1.557	1.562	1.579	1.570	1.565	1.561	1.583	1.509	1.539	1.695	1.553	1.549	1.541	1.582	1.581	1.574	1.579	1.580	1.576	1.537	1.759	1.549	1.545	1.543	1.552	1.561	1.538	1.564	1.556	1.548	1.394	1.380	1.405	1.447	1.490	1.414	1.439	1.529	1.564	1.561	1.590	1.577	1.436	1.519	1.508	1.508	1.520	1.542	1.391	1.408	1.464	1.467	1.461	1.565	1.607	1.601
11:43:12	37.1	1.587	1.468	1.499	1.550	1.619	1.586	1.577	1.575	1.599	1.595	1.591	1.587	1.487	1.493	1.487	1.550	1.573	1.577	1.558	1.563	1.580	1.571	1.566	1.562	1.587	1.511	1.540	1.698	1.555	1.551	1.542	1.583	1.583	1.575	1.580	1.581	1.578	1.540	1.762	1.552	1.548	1.544	1.553	1.563	1.539	1.566	1.557	1.550	1.400	1.386	1.408	1.453	1.495	1.417	1.442	1.533	1.566	1.563	1.592	1.578	1.436	1.518	1.513	1.511	1.522	1.543	1.391	1.411	1.464	1.470	1.463	1.567	1.607	1.602
11:47:12	37.0	1.587	1.471	1.499	1.552	1.621	1.587	1.577	1.576	1.601	1.597	1.593	1.588	1.487	1.495	1.490	1.551	1.575	1.579	1.560	1.565	1.582	1.573	1.568	1.563	1.588	1.514	1.542	1.702	1.556	1.552	1.544	1.584	1.584	1.577	1.582	1.583	1.581	1.541	1.765	1.553	1.550	1.546	1.555	1.564	1.541	1.567	1.558	1.551	1.406	1.389	1.417	1.456	1.498	1.422	1.443	1.534	1.568	1.566	1.595	1.580	1.436	1.520	1.511	1.518	1.524	1.546	1.391	1.415	1.467	1.471	1.465	1.569	1.607	1.602
11:51:12	37.0	1.589	1.472	1.501	1.552	1.623	1.589	1.579	1.579	1.603	1.598	1.594	1.591	1.489	1.498	1.492	1.554	1.578	1.581	1.562	1.567	1.584	1.574	1.570	1.566	1.590	1.516	1.544	1.704	1.558	1.554	1.547	1.587	1.585	1.579	1.583	1.584	1.587	1.544	1.768	1.556	1.553	1.549	1.558	1.566	1.544	1.569	1.561	1.553	1.417	1.395	1.417	1.459	1.502	1.423	1.448	1.538	1.570	1.567	1.597	1.581	1.444	1.524	1.514	1.513	1.525	1.547	1.400	1.414	1.470	1.473	1.467	1.571	1.610	1.604
11:55:12	37.0	1.590	1.474	1.503	1.555	1.624	1.590	1.581	1.580	1.605	1.599	1.596	1.592	1.492	1.498	1.494	1.556	1.579	1.581	1.564	1.569	1.585	1.577	1.572	1.566	1.594	1.518	1.545	1.706	1.559	1.556	1.547	1.587	1.587	1.580	1.585	1.586	1.586	1.546	1.770	1.557	1.554	1.550	1.559	1.568	1.545	1.571	1.562	1.555	1.416	1.399	1.421	1.464	1.506	1.426	1.450	1.538	1.572	1.570	1.598	1.583	1.450	1.522	1.520	1.516	1.534	1.549	1.399	1.417	1.470	1.474	1.470	1.572	1.609	1.605
11:59:12	37.1	1.592	1.475	1.505	1.557	1.626	1.593	1.581	1.581	1.606	1.601	1.598	1.594	1.494	1.501	1.497	1.557	1.582	1.583	1.565	1.571	1.587	1.578	1.573	1.568	1.595	1.521	1.547	1.709	1.561	1.557	1.550	1.589	1.589	1.582	1.586	1.588	1.589	1.549	1.773	1.559	1.557	1.553	1.560	1.570	1.547	1.573	1.564	1.557	1.421	1.404	1.424	1.469	1.512	1.432	1.451	1.540	1.573	1.570	1.600	1.584	1.448	1.526	1.516	1.517	1.529	1.556	1.397	1.419	1.472	1.477	1.473	1.573	1.612	1.605
12:03:12	37.0	1.593	1.475	1.506	1.558	1.627	1.593	1.583	1.582	1.607	1.602	1.599	1.594	1.492	1.500	1.496	1.557	1.582	1.585	1.566	1.572	1.588	1.580	1.575	1.569	1.595	1.522	1.549	1.712	1.563	1.558	1.551	1.591	1.590	1.583	1.588	1.589	1.592	1.551	1.776	1.560	1.558	1.554	1.562	1.571	1.548	1.573	1.565	1.558	1.424	1.408	1.428	1.472	1.513	1.436	1.453	1.542	1.575	1.573	1.602	1.585	1.445	1.528	1.517	1.518	1.532	1.554	1.397	1.420	1.474	1.480	1.473	1.575	1.611	1.605

Results
	1	2	3	4	5	6	7	8	9	10	11	12
A													Max V [mcherry:580,610]
													R-Squared [mcherry:580,610]
													t at Max V [mcherry:580,610]
													Lagtime [mcherry:580,610]
													Max V [BFP and GFP:370,445]
													R-Squared [BFP and GFP:370,445]
													t at Max V [BFP and GFP:370,445]
													Lagtime [BFP and GFP:370,445]
													Max V [BFP and GFP:485,510]
													R-Squared [BFP and GFP:485,510]
													t at Max V [BFP and GFP:485,510]
													Lagtime [BFP and GFP:485,510]
													Max V [od600:600]
													R-Squared [od600:600]
													t at Max V [od600:600]
													Lagtime [od600:600]
B	3350.000	2300.000	1975.000	1675.000	1400.000	1125.000	1375.000	-1525.000	1200.000	1275.000	-1350.000	1375.000	Max V [mcherry:580,610]
	0.915	0.839	0.735	0.961	0.884	0.591	0.914	0.840	0.797	0.945	0.881	0.919	R-Squared [mcherry:580,610]
	10:24:57	10:28:57	9:28:57	7:24:57	8:24:57	9:32:57	10:12:57	0:12:57	5:12:57	10:20:57	2:12:57	6:28:57	t at Max V [mcherry:580,610]
	8:57:44	8:44:15	7:55:29	6:48:53	7:41:31	8:41:13	9:40:48	0:14:08	5:19:07	10:04:48	2:04:13	6:30:50	Lagtime [mcherry:580,610]
	-255975.000	-225375.000	-242675.000	-250950.000	-249525.000	-240975.000	-225750.000	-235000.000	-233200.000	-211850.000	-255000.000	-261950.000	Max V [BFP and GFP:370,445]
	0.975	0.967	0.948	0.971	0.985	0.991	0.952	0.941	0.971	0.978	0.919	0.938	R-Squared [BFP and GFP:370,445]
	0:09:40	0:09:40	0:09:40	0:09:40	0:09:40	0:09:40	3:09:40	0:09:40	0:09:40	0:09:40	0:09:40	0:09:40	t at Max V [BFP and GFP:370,445]
	?????	?????	?????	?????	?????	?????	2:06:45	?????	?????	?????	?????	?????	Lagtime [BFP and GFP:370,445]
	10125.000	6875.000	6425.000	-7075.000	-7525.000	5850.000	-8025.000	-4425.000	6825.000	6800.000	-4875.000	11875.000	Max V [BFP and GFP:485,510]
	0.865	0.970	0.661	0.786	0.913	0.793	0.991	0.637	0.977	0.849	0.974	0.864	R-Squared [BFP and GFP:485,510]
	9:42:26	7:50:26	7:58:26	0:50:26	0:14:26	11:22:26	0:26:26	4:26:26	3:26:26	3:26:26	3:06:26	0:14:26	t at Max V [BFP and GFP:485,510]
	8:53:28	7:49:06	7:56:26	0:33:52	0:07:41	11:38:44	0:11:56	3:17:58	4:18:27	4:08:31	2:32:38	0:06:51	Lagtime [BFP and GFP:485,510]
	5.715	6.412	7.843	9.400	13.155	13.487	11.905	12.035	12.052	11.372	13.582	12.560	Max V [od600:600]
	1.000	0.855	0.952	0.964	0.969	0.964	0.961	0.910	0.890	0.882	0.915	0.939	R-Squared [od600:600]
	1:43:12	3:15:12	3:11:12	3:15:12	3:15:12	3:11:12	3:11:12	3:11:12	3:11:12	3:07:12	3:11:12	3:07:12	t at Max V [od600:600]
	1:06:47	1:59:28	2:12:48	2:22:27	2:36:07	2:33:48	2:28:04	2:28:53	2:28:38	2:25:21	2:32:54	2:27:51	Lagtime [od600:600]
C	4275.000	3950.000	4425.000	3625.000	2950.000	2250.000	1900.000	1375.000	1700.000	1150.000	1300.000	1375.000	Max V [mcherry:580,610]
	0.936	0.960	0.723	0.980	0.943	0.849	0.689	0.908	0.859	0.745	0.876	0.948	R-Squared [mcherry:580,610]
	11:24:57	9:36:57	11:40:57	9:12:57	9:08:57	9:04:57	9:16:57	9:00:57	10:56:57	9:56:57	10:36:57	9:52:57	t at Max V [mcherry:580,610]
	9:07:22	7:15:50	8:36:38	7:31:43	7:16:00	7:31:10	8:01:35	8:03:04	10:04:01	9:08:15	9:48:20	9:06:07	Lagtime [mcherry:580,610]
	-237000.000	-243550.000	-231850.000	-228725.000	-225900.000	-213900.000	-235950.000	-260575.000	-247025.000	-242575.000	-232750.000	-234850.000	Max V [BFP and GFP:370,445]
	0.916	0.936	0.940	0.945	0.960	0.986	0.978	0.961	0.984	0.949	0.942	0.927	R-Squared [BFP and GFP:370,445]
	0:09:40	0:09:40	0:09:40	0:09:40	0:09:40	0:09:40	0:09:40	0:09:40	0:09:40	0:09:40	0:09:40	0:09:40	t at Max V [BFP and GFP:370,445]
	?????	?????	?????	?????	?????	?????	?????	?????	?????	?????	?????	?????	Lagtime [BFP and GFP:370,445]
	8750.000	11625.000	10150.000	9800.000	7800.000	8150.000	7825.000	5550.000	5425.000	-6350.000	6750.000	-4875.000	Max V [BFP and GFP:485,510]
	0.810	0.859	0.963	0.966	0.837	0.950	0.913	0.923	0.712	0.910	0.572	0.802	R-Squared [BFP and GFP:485,510]
	11:18:26	11:54:26	10:38:26	9:46:26	9:10:26	10:26:26	9:10:26	9:06:26	11:54:26	1:42:26	7:22:26	2:06:26	t at Max V [BFP and GFP:485,510]
	8:56:09	9:42:28	8:51:38	8:25:53	8:02:51	8:56:34	8:46:08	9:10:09	10:52:34	1:33:09	7:45:01	1:21:33	Lagtime [BFP and GFP:485,510]
	6.415	5.200	6.497	6.822	8.078	8.197	8.022	9.572	11.170	10.220	11.033	10.548	Max V [od600:600]
	0.998	0.889	0.866	0.895	0.941	0.885	0.913	0.932	0.905	0.930	0.915	0.907	R-Squared [od600:600]
	5:59:12	3:39:12	3:35:12	3:35:12	3:35:12	3:31:12	3:35:12	3:35:12	3:31:12	3:31:12	3:31:12	3:27:12	t at Max V [od600:600]
	4:32:08	2:03:24	2:22:09	2:26:06	2:36:29	2:34:23	2:35:16	2:41:50	2:47:52	2:42:19	2:45:58	2:40:47	Lagtime [od600:600]
D	925.000	1325.000	1700.000	1200.000	-1825.000	1225.000	-900.000	-1325.000	1425.000	1125.000	1275.000	1600.000	Max V [mcherry:580,610]
	0.643	0.537	0.798	0.455	0.691	0.773	0.740	0.734	0.840	0.710	0.517	0.815	R-Squared [mcherry:580,610]
	7:28:57	11:52:57	11:12:57	10:28:57	0:28:57	8:36:57	0:16:57	2:08:57	0:44:57	4:32:57	11:00:57	10:08:57	t at Max V [mcherry:580,610]
	7:38:28	11:56:07	10:52:36	9:29:07	0:24:41	8:30:35	0:11:50	1:50:41	0:48:36	4:42:22	10:39:09	9:56:35	Lagtime [mcherry:580,610]
	-236900.000	-276725.000	-279975.000	-267775.000	-225875.000	-244950.000	-277725.000	-231800.000	-237900.000	-263675.000	-251775.000	-250625.000	Max V [BFP and GFP:370,445]
	0.986	0.965	0.944	0.949	0.961	0.977	0.945	0.929	0.935	0.947	0.943	0.934	R-Squared [BFP and GFP:370,445]
	3:13:40	3:09:40	3:05:40	3:05:40	0:09:40	3:05:40	3:05:40	3:05:40	3:05:40	0:09:40	0:09:40	0:09:40	t at Max V [BFP and GFP:370,445]
	2:09:56	2:11:10	2:15:14	2:12:26	?????	2:06:55	2:13:52	2:06:02	2:06:35	?????	?????	?????	Lagtime [BFP and GFP:370,445]
	-7950.000	-6300.000	-5425.000	-6000.000	-5650.000	-6900.000	-7025.000	-5125.000	-6100.000	-6300.000	-6375.000	6850.000	Max V [BFP and GFP:485,510]
	0.966	0.913	0.873	0.868	0.901	0.953	0.874	0.775	0.940	0.903	0.794	0.802	R-Squared [BFP and GFP:485,510]
	3:14:26	3:06:26	3:06:26	1:46:26	3:06:26	0:30:26	0:10:26	3:10:26	0:54:26	3:06:26	1:38:26	3:18:26	t at Max V [BFP and GFP:485,510]
	2:39:14	2:08:15	2:08:18	1:02:14	2:03:13	0:16:14	?????	2:19:28	0:31:21	2:08:03	1:12:56	4:12:13	Lagtime [BFP and GFP:485,510]
	14.905	15.943	14.232	15.215	15.247	12.745	13.952	14.502	13.835	14.158	14.242	13.097	Max V [od600:600]
	0.978	0.968	0.994	0.993	0.970	0.958	0.972	0.944	0.941	0.951	0.913	0.948	R-Squared [od600:600]
	3:15:12	3:07:12	3:07:12	3:07:12	3:07:12	3:07:12	3:07:12	3:07:12	3:07:12	3:07:12	3:07:12	3:07:12	t at Max V [od600:600]
	2:37:08	2:32:17	2:30:12	2:31:21	2:33:18	2:26:41	2:29:49	2:31:05	2:30:15	2:31:09	2:31:33	2:28:33	Lagtime [od600:600]
E	1050.000	-1225.000	2825.000	1200.000	1025.000	-1675.000	1400.000	-1425.000	-1150.000	1675.000	1175.000	1025.000	Max V [mcherry:580,610]
	0.445	0.892	0.913	0.873	0.900	0.712	0.755	0.941	0.460	0.747	0.688	0.908	R-Squared [mcherry:580,610]
	10:04:57	1:16:57	11:12:57	9:12:57	0:44:57	2:52:57	10:04:57	2:48:57	0:08:57	0:56:57	9:52:57	5:40:57	t at Max V [mcherry:580,610]
	9:31:26	1:13:12	9:28:57	8:57:07	1:02:42	2:45:04	9:28:14	2:36:36	?????	1:05:47	9:20:06	5:49:09	Lagtime [mcherry:580,610]
	-226850.000	-286750.000	-240550.000	-248650.000	-225450.000	-220750.000	-228200.000	-211925.000	-214125.000	-196250.000	-242750.000	-254500.000	Max V [BFP and GFP:370,445]
	0.942	0.976	0.956	0.973	0.970	0.965	0.965	0.815	0.969	0.985	0.968	0.909	R-Squared [BFP and GFP:370,445]
	0:09:40	3:33:40	0:09:40	3:33:40	3:29:40	0:09:40	0:09:40	0:09:40	0:09:40	0:09:40	0:09:40	0:09:40	t at Max V [BFP and GFP:370,445]
	?????	2:40:49	?????	2:35:45	2:25:58	?????	?????	0:03:13	?????	?????	?????	?????	Lagtime [BFP and GFP:370,445]
	-5625.000	-5725.000	6550.000	-5875.000	-6925.000	-5725.000	6275.000	5025.000	-6075.000	5050.000	5900.000	-14875.000	Max V [BFP and GFP:485,510]
	0.736	0.911	0.946	0.705	0.998	0.906	0.773	0.817	0.880	0.658	0.894	0.721	R-Squared [BFP and GFP:485,510]
	1:14:26	3:30:26	11:50:26	2:58:26	1:34:26	1:26:26	0:22:26	3:50:26	1:42:26	0:18:26	7:46:26	0:10:26	t at Max V [BFP and GFP:485,510]
	1:04:24	2:25:44	11:08:03	2:16:05	1:08:16	1:15:57	0:19:22	4:48:54	1:18:34	0:20:34	8:46:50	?????	Lagtime [BFP and GFP:485,510]
	12.765	14.537	13.755	13.945	13.748	12.932	11.917	11.088	10.808	11.938	10.683	10.755	Max V [od600:600]
	0.982	0.979	0.954	0.978	0.967	0.970	0.962	0.943	0.927	0.964	0.919	0.931	R-Squared [od600:600]
	3:39:12	3:35:12	3:27:12	3:31:12	3:31:12	3:31:12	3:31:12	3:31:12	3:31:12	3:31:12	3:31:12	3:27:12	t at Max V [od600:600]
	2:57:05	2:57:30	2:45:38	2:54:22	2:53:37	2:51:07	2:47:04	2:45:05	2:43:35	2:47:23	2:41:53	2:40:23	Lagtime [od600:600]
F	2100.000	2200.000	2075.000	2175.000	2275.000	2425.000	2750.000	2275.000	3150.000	2175.000	2100.000	-1150.000	Max V [mcherry:580,610]
	0.999	0.881	0.910	0.942	0.971	0.913	0.943	0.938	0.871	0.869	0.915	0.617	R-Squared [mcherry:580,610]
	11:24:57	11:36:57	11:24:57	10:44:57	10:56:57	10:36:57	11:40:57	8:52:57	10:40:57	9:32:57	9:36:57	1:00:57	t at Max V [mcherry:580,610]
	8:31:37	8:48:24	8:36:11	8:16:10	8:14:56	8:14:16	9:06:29	7:11:46	8:49:24	7:42:42	8:02:46	0:51:13	Lagtime [mcherry:580,610]
	-210200.000	-231325.000	-250650.000	-208000.000	-213625.000	-226275.000	-221975.000	-219250.000	-218250.000	-221450.000	-227725.000	-241275.000	Max V [BFP and GFP:370,445]
	0.978	0.973	0.968	0.983	0.990	0.959	0.930	0.957	0.985	0.986	0.992	0.979	R-Squared [BFP and GFP:370,445]
	0:09:40	0:09:40	0:09:40	0:09:40	0:09:40	0:09:40	0:09:40	0:09:40	0:09:40	0:09:40	0:09:40	0:09:40	t at Max V [BFP and GFP:370,445]
	?????	?????	?????	?????	?????	?????	?????	?????	?????	?????	?????	?????	Lagtime [BFP and GFP:370,445]
	-8250.000	-4925.000	-5725.000	-9150.000	-5125.000	-5525.000	-5625.000	-5550.000	-5375.000	-5250.000	5400.000	-5800.000	Max V [BFP and GFP:485,510]
	0.812	0.884	0.923	0.930	0.848	0.740	0.833	0.990	0.851	0.936	0.799	0.791	R-Squared [BFP and GFP:485,510]
	0:50:26	5:22:26	1:34:26	1:06:26	0:10:26	1:46:26	1:46:26	1:34:26	1:46:26	1:14:26	3:34:26	1:34:26	t at Max V [BFP and GFP:485,510]
	0:49:23	4:05:26	1:08:33	0:58:02	0:02:33	1:09:07	1:09:08	1:07:20	1:03:21	0:50:21	4:29:15	1:09:49	Lagtime [BFP and GFP:485,510]
	6.092	6.403	-5.513	-6.058	6.642	6.168	6.265	6.727	7.075	-8.035	11.915	11.400	Max V [od600:600]
	0.971	0.971	0.852	0.914	0.939	0.982	0.999	0.995	0.989	0.911	0.917	0.943	R-Squared [od600:600]
	3:31:12	3:31:12	3:43:12	3:43:12	3:27:12	3:27:12	1:59:12	3:27:12	3:23:12	3:35:12	3:15:12	3:07:12	t at Max V [od600:600]
	2:09:51	2:14:00	5:16:58	5:12:04	2:00:30	1:51:48	1:13:37	1:59:08	2:02:31	4:43:55	2:31:48	2:20:51	Lagtime [od600:600]
G	-1275.000	1325.000	1025.000	1250.000	1325.000	1125.000	-875.000	-1400.000	1550.000	1225.000	1175.000	1075.000	Max V [mcherry:580,610]
	0.688	0.742	0.551	0.836	0.757	0.524	0.802	0.850	0.724	0.753	0.565	0.894	R-Squared [mcherry:580,610]
	10:40:57	11:12:57	11:04:57	10:56:57	11:40:57	8:44:57	0:16:57	1:48:57	6:12:57	10:04:57	1:56:57	11:12:57	t at Max V [mcherry:580,610]
	10:42:31	10:57:15	10:44:04	10:39:50	11:17:51	8:27:53	0:01:52	1:41:14	6:15:01	9:49:17	2:06:08	10:14:32	Lagtime [mcherry:580,610]
	-249625.000	-207700.000	-224200.000	-213650.000	-237925.000	-222800.000	-229650.000	-220425.000	-224775.000	-201200.000	-240075.000	-236200.000	Max V [BFP and GFP:370,445]
	0.971	0.977	0.978	0.994	0.977	0.983	0.983	0.961	0.938	0.916	0.964	0.931	R-Squared [BFP and GFP:370,445]
	0:09:40	0:09:40	0:09:40	0:09:40	0:09:40	0:09:40	0:09:40	0:09:40	0:09:40	0:09:40	0:09:40	0:09:40	t at Max V [BFP and GFP:370,445]
	?????	?????	?????	?????	?????	?????	?????	?????	?????	?????	?????	?????	Lagtime [BFP and GFP:370,445]
	-5975.000	-5900.000	-6375.000	-6675.000	-5550.000	-5250.000	-6000.000	-6325.000	-6175.000	-6500.000	6500.000	17425.000	Max V [BFP and GFP:485,510]
	0.953	0.949	0.969	0.967	0.475	0.936	0.865	0.918	0.927	0.904	0.841	0.871	R-Squared [BFP and GFP:485,510]
	2:14:26	1:38:26	2:10:26	0:26:26	0:10:26	1:38:26	1:54:26	0:50:26	1:38:26	1:50:26	11:38:26	9:30:26	t at Max V [BFP and GFP:485,510]
	1:15:09	1:14:30	1:14:07	0:14:59	?????	0:54:35	1:11:28	0:50:17	1:08:58	1:18:43	?????	9:36:33	Lagtime [BFP and GFP:485,510]
	6.188	5.590	5.950	6.265	6.100	6.300	6.233	6.777	6.813	6.240	6.055	9.097	Max V [od600:600]
	1.000	0.999	1.000	1.000	0.999	1.000	0.999	0.999	0.998	1.000	1.000	0.964	R-Squared [od600:600]
	1:59:12	1:55:12	2:27:12	1:55:12	2:23:12	1:43:12	2:03:12	2:03:12	2:23:12	2:19:12	1:51:12	3:27:12	t at Max V [od600:600]
	1:24:27	1:27:08	1:27:19	1:20:03	1:20:02	1:15:44	1:28:19	1:23:33	1:19:12	1:15:17	1:14:21	2:29:27	Lagtime [od600:600]
H											950.000	-950.000	Max V [mcherry:580,610]
											0.799	0.688	R-Squared [mcherry:580,610]
											11:12:57	11:24:57	t at Max V [mcherry:580,610]
											11:53:10	10:53:22	Lagtime [mcherry:580,610]
											-282000.000	-268725.000	Max V [BFP and GFP:370,445]
											0.975	0.953	R-Squared [BFP and GFP:370,445]
											0:09:40	0:09:40	t at Max V [BFP and GFP:370,445]
											?????	?????	Lagtime [BFP and GFP:370,445]
											-5600.000	-5675.000	Max V [BFP and GFP:485,510]
											0.970	0.883	R-Squared [BFP and GFP:485,510]
											1:30:26	1:06:26	t at Max V [BFP and GFP:485,510]
											1:24:47	0:52:31	Lagtime [BFP and GFP:485,510]
											5.113	5.527	Max V [od600:600]
											0.980	0.994	R-Squared [od600:600]
											2:03:12	2:03:12	t at Max V [od600:600]
											1:15:41	1:18:34	Lagtime [od600:600]

