

Software Version	3.16.10



Experiment File Path:	C:\Users\Public\Documents\Experiments\Kevin\KC_X13_Hysteresis7.4_2.xpt
Protocol File Path:	C:\Users\Public\Documents\Protocols\KC - GFP  RFP BFP Neo2.prt



Plate Number	Plate 1
Date	7/4/2025
Time	9:24:26 PM
Reader Type:	Synergy Neo2
Reader Serial Number:	1903282
Reading Type	Reader

Procedure Details

Plate Type	96 WELL PLATE
Well Selection	Runtime
Eject plate on completion	
Set Temperature	Setpoint 37°C, Gradient 0 °C
	Preheat before moving to next step
Start Kinetic	Runtime 24:00:00 (HH:MM:SS), Interval 0:04:00, 361 Reads
    Shake	Double Orbital: Continuous
	Frequency: 237 cpm (4 mm)
    Read	mcherry
	Fluorescence Endpoint
	Full Plate
	Filter Set 1
	    Excitation: 580/20,  Emission: 610/20
	    Optics: Bottom,  Gain: 80
	Light Source: Xenon Flash,  Lamp Energy: High,  Standard Dynamic Range
	Read Speed: Normal,  Delay: 100 msec,  Measurements/Data Point: 10
	Read Height: 7 mm
    Read	BFP and GFP
	Fluorescence Endpoint
	Full Plate
	Filter Set 1
	    Excitation: 370/20,  Emission: 445/20
	    Optics: Bottom,  Gain: 80
	Filter Set 2
	    Excitation: 485/20,  Emission: 510/20
	    Optics: Bottom,  Gain: 60
	Light Source: Xenon Flash,  Lamp Energy: High,  Standard Dynamic Range
	Read Speed: Normal,  Delay: 100 msec,  Measurements/Data Point: 10
	Read Height: 7 mm
    Read	od600
	Absorbance Endpoint
	Full Plate
	Wavelengths:  600
	Read Speed: Normal,  Delay: 100 msec,  Measurements/Data Point: 8
End Kinetic	
Set Temperature	Incubator off

Layout
	1	2	3	4	5	6	7	8	9	10	11	12
A	SPL1	SPL2	SPL3	SPL4	SPL5	SPL6	SPL7	SPL8	SPL9	SPL10	SPL11	SPL12	Well ID
B	SPL1	SPL7	SPL13	SPL19	SPL25	SPL31	SPL37	SPL43	SPL49	SPL55	SPL61	SPL67	Well ID
C	SPL2	SPL8	SPL14	SPL20	SPL26	SPL32	SPL38	SPL44	SPL50	SPL56	SPL62	SPL68	Well ID
D	SPL3	SPL9	SPL15	SPL21	SPL27	SPL33	SPL39	SPL45	SPL51	SPL57	SPL63	SPL69	Well ID
E	SPL4	SPL10	SPL16	SPL22	SPL28	SPL34	SPL40	SPL46	SPL52	SPL58	SPL64	SPL70	Well ID
F	SPL5	SPL11	SPL17	SPL23	SPL29	SPL35	SPL41	SPL47	SPL53	SPL59	SPL65	SPL71	Well ID
G	SPL6	SPL12	SPL18	SPL24	SPL30	SPL36	SPL42	SPL48	SPL54	SPL60	SPL66	SPL72	Well ID
H											SPL73	SPL74	Well ID

mcherry:580,610

Time	T° mcherry:580,610	A1	A2	A3	A4	A5	A6	A7	A8	A9	A10	A11	A12	B1	B2	B3	B4	B5	B6	B7	B8	B9	B10	B11	B12	C1	C2	C3	C4	C5	C6	C7	C8	C9	C10	C11	C12	D1	D2	D3	D4	D5	D6	D7	D8	D9	D10	D11	D12	E1	E2	E3	E4	E5	E6	E7	E8	E9	E10	E11	E12	F1	F2	F3	F4	F5	F6	F7	F8	F9	F10	F11	F12	G1	G2	G3	G4	G5	G6	G7	G8	G9	G10	G11	G12	H11	H12
0:01:24	37.0	102	94	99	101	105	98	106	105	107	97	110	103	103	91	102	98	99	97	105	95	99	102	94	112	118	97	94	102	100	100	94	100	100	101	98	100	100	87	89	93	112	91	90	92	91	89	100	110	111	94	88	84	88	85	86	89	91	96	91	119	99	88	92	93	88	91	98	93	96	99	103	112	107	102	150	156	144	145	143	145	170	161	144	177		
0:05:24	37.0	119	101	121	119	121	132	128	100	128	125	130	119	96	94	112	97	120	114	125	99	115	117	115	139	127	96	99	100	102	105	110	110	126	111	108	117	123	102	97	94	141	97	104	110	88	90	116	144	128	101	90	86	86	89	85	85	112	112	110	154	121	86	89	98	88	103	122	113	112	112	128	116	129	129	164	166	154	154	143	143	181	173	144	193		
0:09:24	37.0	142	116	141	145	143	162	153	97	162	152	156	138	94	106	134	97	143	137	148	114	133	136	139	172	150	109	117	115	118	121	130	126	146	132	130	136	146	123	115	100	164	115	126	137	94	90	155	172	152	121	85	85	90	85	85	87	130	134	129	182	96	89	92	114	110	126	148	133	132	142	158	100	160	154	169	175	163	169	142	145	195	188	149	207		
0:13:24	37.0	153	137	172	173	169	188	181	101	182	176	191	152	97	117	158	95	164	155	176	132	158	159	164	189	174	127	139	133	143	143	145	144	173	152	153	98	165	143	142	125	174	129	147	158	116	113	185	190	179	138	88	95	114	85	91	100	151	161	152	102	107	85	89	131	131	145	160	151	156	150	179	96	174	175	177	184	170	179	142	147	203	198	152	212		
0:17:24	37.0	175	148	188	192	183	185	188	111	190	191	198	176	96	128	174	96	177	180	186	148	182	181	182	186	188	139	160	149	157	161	160	161	181	170	166	105	180	162	166	141	159	152	167	182	125	128	189	179	194	164	87	115	135	87	102	120	177	185	172	101	113	90	92	154	146	150	178	147	177	103	193	101	175	175	187	202	179	187	139	144	217	206	152	216		
0:21:24	37.0	182	162	194	193	189	176	185	114	184	190	189	184	99	150	177	95	180	180	179	163	186	189	188	177	193	154	178	163	177	173	169	175	178	172	182	109	177	168	185	155	149	170	183	199	139	146	177	170	184	95	96	127	146	87	111	126	192	193	180	99	98	91	93	173	160	89	172	138	187	100	180	103	181	165	201	202	183	194	143	147	216	211	152	221		
0:25:24	37.0	181	169	186	185	184	116	171	112	183	184	191	184	96	148	169	97	172	176	169	170	173	182	186	164	186	163	177	178	182	186	162	188	163	110	189	97	177	162	182	163	137	182	188	190	147	153	171	158	171	85	92	138	163	85	116	132	179	188	185	100	100	86	90	185	172	88	160	137	178	97	177	98	184	151	197	197	191	203	144	145	220	201	149	224		
0:29:24	37.0	93	178	182	175	182	96	159	107	167	169	172	181	95	92	162	94	165	162	156	181	164	176	177	158	189	165	174	173	170	176	159	182	153	115	185	97	164	159	172	171	123	179	175	175	156	158	159	154	163	84	94	145	160	87	128	140	168	182	173	97	99	88	92	187	171	87	145	97	172	93	167	98	180	149	196	200	185	195	140	143	215	197	148	218		
0:33:24	37.0	89	88	173	167	179	96	155	98	163	163	177	181	93	91	154	95	162	154	144	178	165	168	175	149	195	164	171	174	167	174	126	183	148	116	179	100	160	158	169	174	118	174	165	164	163	168	147	144	167	86	94	146	165	86	126	148	158	167	168	97	101	90	92	184	171	84	141	98	168	96	161	102	182	145	195	196	188	199	139	145	211	197	146	214		
0:37:24	37.0	88	89	177	157	99	96	151	99	166	160	170	180	94	92	147	93	151	151	145	187	156	163	171	153	200	171	172	174	166	171	118	174	139	118	176	96	154	149	164	179	164	166	158	162	167	170	150	137	163	86	89	157	169	83	133	152	154	158	166	96	102	91	90	182	169	85	132	96	157	95	161	102	182	139	198	199	190	195	140	143	206	190	145	214		
0:41:24	37.0	91	92	179	157	103	95	148	105	170	158	165	178	97	90	147	93	151	147	144	191	157	158	168	147	193	165	171	170	99	165	121	173	139	120	181	96	143	142	165	177	170	160	153	155	172	177	152	139	160	87	93	151	173	85	133	157	149	159	165	104	102	89	91	180	176	84	132	100	157	101	158	99	186	143	192	199	189	198	138	141	211	198	146	218		
0:45:24	37.0	95	91	167	158	98	97	145	93	169	155	160	178	94	92	147	97	150	150	138	187	153	160	164	147	197	173	171	168	99	162	117	163	139	119	178	98	143	148	160	177	172	170	151	152	173	179	157	134	161	91	94	166	176	86	142	157	149	157	164	98	103	92	90	186	179	86	131	99	147	98	159	101	187	144	197	198	188	195	136	139	213	196	148	214		
0:49:24	37.0	94	92	169	154	101	92	148	99	169	155	165	175	96	94	148	95	147	142	140	189	153	157	168	146	196	169	168	168	99	158	118	166	137	122	176	96	142	148	162	177	179	155	148	154	175	179	94	140	160	91	94	162	174	86	143	160	143	160	156	101	101	89	89	190	177	86	133	98	160	99	161	102	191	138	196	198	191	202	137	143	210	199	149	215		
0:53:24	37.0	98	89	175	159	103	95	142	96	174	151	164	178	96	95	145	96	152	146	143	190	154	158	171	144	194	171	170	165	95	157	115	167	135	119	177	98	144	151	158	182	175	157	147	149	175	184	96	133	160	91	92	159	175	86	144	166	145	159	159	101	102	91	88	188	176	86	132	99	154	100	160	101	187	144	198	205	190	204	139	142	210	202	144	221		
0:57:24	37.0	94	93	171	159	103	93	147	97	121	151	162	175	98	96	149	96	151	138	132	184	150	159	162	140	188	175	165	168	100	159	118	160	134	123	175	100	147	148	160	182	175	155	148	147	177	187	91	139	161	92	91	167	170	86	146	162	149	163	162	99	104	91	87	187	179	84	133	96	154	100	167	103	185	147	196	205	192	199	141	139	217	189	146	214		
1:01:24	37.0	94	94	173	150	101	95	145	100	91	150	162	177	96	94	146	92	152	142	132	185	149	158	168	145	184	174	168	165	101	157	119	160	140	117	171	99	149	94	160	181	177	154	143	142	174	181	89	139	161	92	87	164	176	82	143	166	144	170	160	98	105	90	89	185	178	87	134	98	154	96	168	104	182	147	204	198	193	198	138	140	213	200	143	219		
1:05:24	37.0	93	94	174	153	102	93	146	97	89	151	162	179	98	94	142	92	150	141	139	189	151	155	161	140	181	175	161	167	98	155	117	164	134	125	174	98	144	92	157	179	181	150	146	152	178	184	96	137	161	93	90	170	179	88	150	165	142	165	154	97	103	90	93	187	178	84	133	95	150	98	169	101	182	143	191	204	194	203	137	142	209	202	150	218		
1:09:24	37.0	96	93	171	152	102	93	142	96	89	146	165	175	95	94	142	94	157	141	134	187	148	161	165	138	180	170	164	169	102	156	118	159	131	123	174	100	146	89	161	182	174	150	146	143	172	182	94	140	159	90	90	174	176	84	147	169	138	174	155	101	104	91	92	187	176	87	127	97	154	101	169	103	176	146	199	204	196	199	140	144	210	198	146	221		
1:13:24	37.0	91	95	171	154	102	91	139	99	92	152	166	174	98	92	146	98	152	138	138	192	150	158	164	142	183	166	172	171	101	152	115	162	137	121	170	99	147	90	162	182	184	152	145	147	180	93	97	140	164	96	94	168	174	88	144	169	146	173	162	94	103	93	93	185	179	86	128	99	149	100	171	104	179	148	202	203	192	206	144	146	214	196	145	220		
1:17:24	37.0	93	98	173	156	103	91	145	97	94	148	161	176	96	91	146	97	150	138	133	190	149	152	164	142	180	170	166	164	97	155	120	160	132	126	171	101	145	89	158	179	172	152	141	141	177	83	95	144	160	91	88	165	173	83	147	165	141	172	159	97	103	91	89	184	182	87	130	98	149	96	173	101	172	144	199	197	189	200	138	139	212	199	149	220		
1:21:24	37.0	93	92	174	158	97	95	143	100	89	149	158	172	97	88	144	92	146	140	133	187	148	155	166	145	176	167	164	169	103	156	121	161	136	127	173	98	150	90	152	181	172	148	143	146	179	86	95	142	160	93	91	165	175	86	147	170	147	175	159	98	102	88	91	186	179	87	131	97	151	97	172	101	171	144	199	206	191	201	139	138	210	198	150	215		
1:25:24	37.0	99	98	166	156	104	93	147	100	94	151	163	175	96	95	149	97	151	141	135	192	150	158	164	144	180	171	166	167	100	153	116	164	133	124	175	100	112	98	161	187	181	152	145	146	173	90	96	142	165	95	93	170	176	85	149	173	140	178	158	98	106	96	91	186	178	88	129	95	155	99	174	104	167	145	200	203	196	208	139	147	219	203	145	221		
1:29:24	37.0	93	96	172	159	99	93	146	97	95	154	157	171	101	95	146	92	151	141	134	186	127	153	167	146	179	173	164	165	96	157	120	161	133	117	178	103	98	97	162	179	179	145	144	142	180	90	95	146	160	96	94	174	178	83	148	169	145	174	164	99	103	93	94	187	182	85	129	100	149	100	173	100	104	142	198	198	189	200	145	145	215	202	151	221		
1:33:24	37.0	98	99	169	160	103	96	148	96	92	153	160	178	100	98	151	96	159	145	136	198	133	158	169	143	183	177	171	173	103	160	123	162	139	128	179	102	98	99	165	185	183	160	147	152	188	92	98	148	159	96	90	173	183	87	155	173	149	177	165	107	108	94	95	194	185	89	141	104	153	98	176	106	109	143	210	212	195	207	148	148	222	202	151	232		
1:37:24	37.0	101	99	175	160	106	99	151	102	94	157	166	177	97	98	155	95	162	147	138	199	135	161	177	150	130	176	170	176	108	162	119	169	139	130	182	102	104	105	161	186	178	161	145	150	191	86	92	150	167	98	95	174	180	91	153	175	150	182	162	102	106	96	97	197	190	91	134	101	157	101	182	105	107	147	212	212	206	211	147	149	217	208	154	241		
1:41:24	37.0	98	100	179	159	105	99	147	99	96	158	170	182	101	95	153	96	157	142	140	196	130	160	175	145	110	177	173	173	104	154	122	160	140	133	185	101	102	100	169	187	181	155	151	151	187	92	96	149	164	98	94	174	183	87	154	176	146	176	164	99	110	93	96	192	187	90	131	98	161	104	184	104	106	146	205	211	202	212	139	149	219	209	158	234		
1:45:24	37.0	99	96	184	163	103	99	147	98	96	153	166	186	97	97	157	100	157	146	140	195	134	162	169	152	105	177	177	179	104	158	126	166	138	125	182	107	96	103	169	191	185	156	146	152	183	93	98	152	169	99	98	176	181	92	160	176	153	180	163	101	109	96	95	187	190	93	135	101	160	104	187	103	103	140	209	212	196	214	140	152	222	204	158	231		
1:49:24	37.0	96	101	182	159	104	102	151	98	97	155	164	181	98	94	156	96	152	146	143	193	132	161	170	150	107	176	170	174	104	162	126	167	142	130	176	102	102	101	169	183	186	159	146	150	186	89	93	150	172	97	96	180	183	94	155	180	148	184	160	101	107	99	97	192	189	89	137	100	154	103	182	108	103	140	208	211	201	209	146	149	220	206	160	232		
1:53:24	37.0	98	94	179	161	106	98	151	100	95	155	166	179	97	97	150	92	160	140	138	188	128	160	170	148	106	182	168	175	103	156	123	169	135	127	183	102	101	95	171	185	179	157	146	148	183	88	96	152	160	95	98	171	186	90	157	173	149	183	167	103	105	95	94	193	194	86	133	103	151	104	181	104	101	137	206	213	195	207	141	149	220	204	154	235		
1:57:24	37.0	96	98	181	163	103	101	149	98	94	153	168	177	101	95	156	99	157	143	137	185	129	163	167	146	106	179	169	169	102	158	117	164	137	117	173	100	101	100	166	182	175	156	149	150	184	92	98	146	160	94	93	173	179	88	151	174	147	180	160	102	107	95	94	185	185	91	136	104	155	99	182	104	100	135	210	205	194	201	141	145	218	202	152	232		
2:01:24	37.0	95	96	179	159	106	97	151	96	95	153	165	178	96	94	155	99	155	142	141	197	133	159	171	148	108	173	168	173	103	157	119	165	135	112	173	102	99	101	166	180	182	151	148	149	181	90	96	148	167	93	95	172	179	88	154	171	147	179	162	104	107	96	94	194	186	92	132	100	150	103	188	101	102	140	205	208	196	202	138	143	216	205	150	227		
2:05:24	37.0	98	95	175	155	103	98	151	95	95	153	168	177	100	95	152	101	158	149	139	192	132	162	172	146	107	177	166	174	104	159	121	168	144	107	179	103	102	99	171	185	180	156	148	148	179	94	99	147	166	100	96	173	181	87	152	174	146	180	164	101	107	94	94	193	191	91	134	99	156	102	181	105	95	132	204	207	202	203	140	150	217	204	156	235		
2:09:24	37.0	99	96	175	163	103	96	146	100	94	156	170	178	98	95	147	92	159	148	143	197	131	165	171	151	105	177	169	174	104	159	122	164	139	105	177	101	101	100	163	183	182	156	145	146	186	85	96	150	163	97	97	176	181	89	160	174	145	179	163	100	106	99	96	196	186	90	139	102	158	104	181	100	97	130	207	207	197	207	146	149	212	202	150	230		
2:13:24	37.0	99	96	178	163	104	95	153	97	94	153	165	182	100	99	154	98	159	151	141	193	130	155	176	149	106	171	170	178	99	152	118	170	137	107	179	107	99	104	164	182	180	153	146	152	184	90	96	154	163	100	91	175	182	89	156	166	148	187	159	103	104	92	95	186	190	92	133	101	153	100	185	104	99	132	201	213	200	206	143	149	214	205	150	232		
2:17:24	37.0	95	96	178	160	104	99	151	100	92	154	170	178	100	95	149	95	160	142	137	198	132	163	174	149	109	174	171	169	104	158	122	171	140	106	181	101	97	100	168	189	177	157	148	154	186	90	96	155	164	99	95	174	186	88	149	169	148	189	168	103	108	96	93	190	185	93	136	99	155	102	186	105	93	131	201	204	197	205	146	144	222	202	151	240		
2:21:24	37.0	98	94	177	158	103	98	145	95	96	151	166	171	98	94	155	97	161	149	140	189	132	162	176	150	100	179	172	170	100	160	120	169	142	103	180	98	98	99	168	187	176	153	149	149	185	92	96	149	161	100	92	171	180	89	152	172	148	180	164	103	106	93	96	186	187	87	137	101	156	102	187	100	95	124	204	208	199	203	143	152	213	201	149	226		
2:25:24	37.0	97	95	183	166	106	100	148	97	93	155	170	181	101	99	154	101	157	145	139	191	133	162	171	149	105	179	171	176	104	166	123	169	142	109	185	99	101	96	167	191	185	156	143	151	182	92	93	150	162	96	93	174	184	89	150	174	153	186	162	96	106	92	92	187	191	91	138	100	157	99	185	107	93	125	199	207	199	205	142	144	212	208	158	224		
2:29:24	37.0	101	96	173	160	101	100	149	100	97	157	173	180	99	95	156	96	163	146	138	194	133	162	177	151	110	174	164	175	99	162	120	170	137	103	180	102	99	101	168	183	174	157	151	149	183	90	95	152	167	96	94	168	183	89	151	173	149	183	163	101	108	94	94	190	191	89	141	96	158	98	188	102	92	121	204	211	198	203	143	143	214	206	148	233		
2:33:24	36.9	94	95	181	159	101	96	148	95	95	153	164	176	98	97	151	95	160	145	134	188	130	165	172	150	103	176	169	172	99	158	119	165	135	105	184	101	103	97	169	183	178	158	148	146	175	89	99	153	162	95	94	169	181	91	151	168	148	186	162	102	102	93	95	189	191	86	136	99	155	102	183	101	90	114	201	204	194	203	139	148	213	198	151	230		
2:37:24	37.0	97	100	176	163	100	96	150	99	92	157	168	179	102	95	160	99	163	150	140	198	129	160	172	152	104	175	174	174	104	162	120	169	142	104	183	100	103	99	175	185	176	162	153	154	184	92	98	156	163	97	93	170	184	87	147	172	154	186	169	103	105	95	94	188	188	89	134	99	154	103	187	101	91	114	207	206	196	205	141	147	219	205	157	230		
2:41:24	37.0	93	95	174	168	104	98	151	95	94	159	167	174	97	92	153	99	156	149	141	194	127	165	172	150	103	173	170	171	102	160	119	167	139	106	177	96	102	99	173	187	177	155	147	149	180	92	95	153	164	95	93	171	181	88	148	172	151	180	163	101	103	92	95	191	183	86	136	98	157	100	187	101	92	114	203	201	196	204	143	141	213	202	152	228		
2:45:24	37.0	97	97	179	161	101	97	155	98	97	158	172	173	98	96	155	98	158	147	142	189	130	165	174	154	107	175	170	176	100	163	121	169	139	108	176	98	98	95	166	187	180	160	149	150	181	89	97	157	159	97	90	167	181	90	149	165	146	183	163	101	105	100	96	183	190	93	138	98	161	104	188	102	91	111	204	206	194	201	143	146	215	200	149	228		
2:49:24	37.0	97	95	182	166	105	97	153	96	94	160	168	170	98	95	153	99	160	145	139	202	133	165	177	155	102	183	172	175	104	165	123	170	153	107	178	102	96	100	168	186	173	159	150	153	181	91	100	154	161	98	92	171	180	88	153	166	149	186	165	101	105	97	94	194	189	87	140	97	154	100	189	106	90	109	208	204	195	207	143	138	212	203	156	233		
2:53:24	37.0	96	97	185	168	104	98	154	97	93	160	171	173	97	96	159	95	162	146	138	190	130	170	177	155	106	178	174	179	105	163	121	173	157	106	183	103	102	99	172	186	182	160	152	150	188	91	93	159	166	97	89	172	182	89	152	168	149	187	165	104	107	95	97	193	185	94	143	102	162	97	188	106	91	110	207	209	195	212	139	147	215	206	153	226		
2:57:24	37.0	99	97	179	165	105	97	157	101	101	157	172	180	100	92	162	96	171	151	144	197	131	167	180	153	106	176	175	176	103	164	117	173	150	109	185	101	99	100	174	189	177	166	152	155	186	91	96	157	166	97	90	172	184	88	154	176	159	186	168	100	108	98	99	195	194	96	143	102	160	99	193	105	92	106	213	210	206	211	145	149	214	205	151	231		
3:01:24	37.0	99	98	183	170	106	99	152	101	95	166	177	175	99	96	160	100	168	149	141	196	130	165	180	156	108	172	177	182	103	161	122	172	159	106	187	101	103	103	174	188	183	163	152	156	186	91	97	154	161	98	93	174	184	92	155	176	157	192	169	105	114	92	98	196	191	94	141	97	165	103	190	105	91	107	208	207	201	210	146	144	220	206	152	235		
3:05:24	37.0	98	95	187	168	98	97	155	100	94	163	175	174	100	96	163	92	166	153	145	197	129	166	168	158	106	178	173	175	104	165	121	175	153	105	183	101	100	101	176	190	177	167	152	157	183	92	97	159	167	98	97	174	183	90	149	168	159	189	171	98	108	95	102	192	182	97	143	99	161	101	193	103	90	105	207	210	201	209	147	149	223	205	155	235		
3:09:24	37.0	100	99	187	174	108	101	158	99	95	166	176	179	99	99	161	96	166	152	145	197	130	170	183	157	104	180	181	178	103	166	121	177	155	108	187	102	104	103	178	188	180	168	155	157	189	90	99	162	164	96	98	175	190	88	155	172	153	195	170	101	107	96	94	205	196	98	144	99	161	101	198	102	90	102	209	216	204	210	151	148	221	208	151	235		
3:13:24	37.0	96	96	182	167	102	102	152	100	94	165	182	175	102	100	159	93	169	153	148	199	130	170	179	155	106	180	176	183	103	166	124	164	153	103	186	102	99	101	176	187	180	165	153	155	180	92	98	165	163	95	97	167	184	91	151	166	152	184	169	101	107	98	95	191	190	94	142	100	162	103	191	103	88	102	209	205	196	209	142	143	223	204	153	226		
3:17:24	37.0	96	100	186	165	107	100	153	98	94	166	176	175	100	99	166	98	169	149	147	199	129	170	181	161	104	179	177	182	105	166	121	171	154	106	189	103	101	96	179	192	183	162	155	153	186	91	99	162	165	96	95	171	187	90	152	173	155	190	164	99	104	95	101	195	187	94	146	97	159	100	192	104	88	104	208	217	198	210	144	147	219	203	161	230		
3:21:24	37.0	95	100	189	169	99	99	151	102	95	167	177	182	97	98	163	96	166	150	146	197	126	171	178	158	108	181	169	182	104	172	122	174	155	106	185	102	103	97	175	190	182	166	157	156	185	92	97	165	159	100	98	171	182	91	151	171	151	186	170	102	106	98	96	191	188	90	140	102	162	101	195	105	86	93	207	215	201	206	147	145	219	199	153	227		
3:25:24	37.0	100	97	184	168	104	101	154	97	96	168	178	172	98	93	162	96	168	157	142	197	129	170	178	157	106	182	180	183	100	164	119	175	156	104	184	97	98	98	175	187	183	168	154	150	185	91	95	159	157	98	95	169	185	87	148	168	153	192	172	105	103	92	99	191	191	92	141	99	162	102	198	104	87	98	207	205	195	206	142	149	210	202	153	231		
3:29:24	37.0	98	95	189	171	106	102	155	99	99	168	184	178	98	97	161	103	169	152	146	193	132	172	184	157	105	178	177	181	105	169	120	176	157	109	187	103	105	97	180	190	184	165	158	158	182	90	98	164	165	98	97	175	190	91	150	169	154	190	169	103	104	96	97	194	197	94	146	99	167	102	193	107	88	96	211	218	207	211	143	155	222	204	161	236		
3:33:24	36.9	99	94	187	168	104	98	160	99	96	167	177	179	98	94	165	96	169	153	145	193	124	172	180	159	105	177	178	184	101	166	118	173	153	106	184	104	102	101	178	184	178	164	152	154	187	91	97	163	157	99	92	168	187	88	161	174	155	189	165	104	106	94	97	191	193	93	148	101	158	104	194	102	86	98	207	209	198	209	148	148	215	207	155	233		
3:37:24	37.0	96	99	189	167	103	98	157	99	97	161	175	172	99	98	160	99	166	154	142	195	127	168	181	157	104	174	180	178	104	165	122	180	153	105	192	103	102	98	180	186	175	166	153	160	184	94	102	161	131	95	92	168	187	88	153	165	155	187	169	98	101	94	94	189	189	93	140	102	158	99	196	100	88	94	204	206	203	207	149	147	216	201	152	231		
3:41:24	37.0	98	95	184	170	104	96	157	97	91	166	177	181	100	96	160	100	166	151	146	192	133	169	177	157	105	173	182	181	98	166	116	171	152	108	182	102	96	97	173	189	172	162	151	158	180	93	98	158	125	95	93	165	186	93	147	172	156	186	168	98	104	91	97	191	186	91	141	96	162	103	124	102	89	89	208	214	196	200	144	149	214	202	152	236		
3:45:24	37.0	95	98	189	173	107	101	154	97	96	169	178	175	99	96	161	95	168	154	144	193	127	169	176	157	103	179	178	183	102	165	118	169	155	105	187	101	99	97	176	181	181	169	157	158	187	92	101	159	126	100	94	166	184	90	154	174	162	194	166	103	108	96	95	191	185	91	148	103	162	102	119	105	88	94	207	210	199	209	146	145	213	204	152	233		
3:49:24	37.0	97	95	192	167	103	98	156	100	94	168	176	177	98	94	166	97	169	155	141	194	130	173	183	155	105	177	180	183	98	166	123	176	152	104	186	99	96	98	176	186	181	164	156	151	182	90	99	163	125	95	95	165	184	87	149	169	153	187	171	102	105	94	93	193	190	91	147	99	167	100	122	106	88	91	204	211	200	207	147	148	217	203	155	234		
3:53:24	37.0	97	98	186	171	105	100	156	102	95	165	178	177	100	97	159	95	167	154	144	198	127	171	185	162	105	183	178	186	100	168	120	177	151	104	188	101	98	98	178	184	174	175	157	159	178	95	98	161	125	95	96	170	182	90	153	168	160	193	169	103	105	91	97	194	186	96	142	101	163	103	123	105	86	92	207	212	200	212	142	146	217	200	157	233		
3:57:24	37.0	98	98	186	175	104	97	156	97	96	165	184	180	103	95	156	99	172	156	151	190	124	174	183	161	107	181	177	184	105	168	117	179	153	108	190	101	96	96	176	190	173	169	155	156	184	92	99	165	125	98	95	172	179	91	152	164	164	192	170	99	107	93	97	195	189	89	147	97	162	100	124	104	87	87	207	212	200	204	143	148	217	203	151	236		
4:01:24	37.0	100	97	187	175	102	99	159	99	96	173	179	182	98	96	158	98	170	156	147	200	127	172	180	162	102	176	180	185	101	172	121	173	150	108	188	103	98	96	183	190	176	170	155	162	186	87	101	167	125	96	94	164	183	89	153	164	159	192	172	100	106	93	97	192	187	91	149	94	166	103	121	103	87	90	205	207	202	206	146	145	215	204	149	229		
4:05:24	37.0	97	100	189	172	105	101	157	99	97	167	182	175	103	95	166	98	172	155	148	200	129	168	185	155	105	178	178	184	103	167	121	177	154	106	187	101	100	100	180	190	177	173	160	159	182	95	99	166	123	99	94	164	185	89	147	163	163	198	167	103	102	95	100	197	194	95	149	99	164	102	119	102	88	88	212	210	202	217	144	149	217	209	150	231		
4:09:24	37.0	96	99	194	176	103	99	160	100	96	176	183	178	103	98	170	99	175	157	151	198	127	175	190	166	107	183	177	186	101	174	117	177	155	105	190	102	100	97	185	191	176	168	160	159	182	92	99	168	127	96	94	166	188	91	145	166	163	197	177	101	107	93	93	196	194	91	147	101	169	100	122	98	90	88	202	208	203	208	149	152	218	208	157	233		
4:13:24	37.0	95	99	193	179	105	97	162	98	95	173	182	174	100	97	168	99	171	160	150	192	131	173	185	161	104	177	183	187	100	171	122	178	155	104	188	99	102	96	188	191	180	173	159	164	188	91	100	163	129	97	94	169	189	92	151	166	160	198	175	104	107	93	95	191	192	99	151	101	168	101	127	104	88	87	203	213	203	207	149	149	219	207	153	230		
4:17:24	37.0	98	101	191	174	103	100	159	100	95	174	182	176	95	98	165	95	170	156	149	198	123	172	181	157	104	181	177	182	97	168	116	186	151	104	188	105	99	97	185	184	176	172	161	162	182	90	101	165	123	99	97	165	184	91	145	165	157	197	173	103	108	93	97	189	189	91	150	96	168	99	119	101	86	85	202	210	195	207	146	147	218	206	153	227		
4:21:24	37.0	96	98	196	179	102	99	162	101	95	171	183	172	99	96	167	97	178	158	149	195	125	174	186	161	100	175	183	187	103	170	119	179	147	108	190	102	96	98	182	185	173	168	163	158	178	92	99	169	127	96	95	170	185	88	146	160	162	192	174	101	102	93	98	188	188	91	153	98	169	101	119	101	86	81	210	206	205	209	145	142	215	200	150	235		
4:25:24	37.0	98	100	194	179	106	97	166	96	94	177	183	175	98	97	168	97	176	162	152	200	130	176	183	166	101	181	180	182	101	171	121	180	149	104	194	104	101	99	185	189	173	164	156	160	175	95	97	172	123	95	95	167	180	89	143	167	167	199	175	100	103	94	99	196	190	91	150	101	167	103	120	103	88	88	202	205	203	209	142	146	210	204	154	239		
4:29:24	37.0	98	98	195	174	101	101	163	100	93	172	182	180	102	97	169	97	172	159	150	195	129	171	184	165	103	182	183	187	101	170	116	181	150	104	189	104	97	95	181	181	174	172	161	161	184	92	98	165	126	95	95	169	189	88	145	167	163	198	167	104	103	96	96	192	190	94	150	99	170	103	119	101	87	85	207	210	198	211	143	147	222	200	152	233		
4:33:24	37.0	96	94	193	181	102	101	163	100	96	175	180	177	101	99	170	96	171	158	149	195	128	172	186	165	101	178	179	187	97	171	119	180	144	102	187	100	100	100	189	186	172	175	166	164	176	89	97	166	126	94	93	164	182	88	151	164	162	200	174	103	103	95	96	197	190	94	151	97	167	100	121	104	90	87	205	210	206	203	143	149	214	200	149	235		
4:37:24	37.0	98	96	190	178	106	101	160	99	95	179	183	172	98	94	173	99	172	156	149	190	133	179	183	163	105	184	180	183	101	174	117	185	147	103	188	103	100	94	185	188	173	175	165	164	183	91	99	173	124	95	94	161	185	93	145	159	166	197	176	100	102	97	97	192	189	92	157	97	172	103	120	101	88	86	203	213	198	210	146	147	213	202	151	231		
4:41:24	37.0	96	98	196	177	100	102	166	101	96	177	190	178	99	101	170	98	174	161	154	196	128	184	190	167	106	182	187	187	102	175	117	184	151	104	192	102	98	95	187	191	173	176	162	166	181	90	98	164	125	95	95	165	179	93	145	164	166	197	178	105	102	98	100	196	195	90	158	99	169	102	123	104	87	85	206	205	205	211	150	149	220	204	154	235		
4:45:24	37.0	103	97	195	174	100	103	169	98	96	176	188	170	96	97	177	97	175	159	154	193	121	180	186	170	107	178	182	184	102	173	112	181	148	105	193	98	100	97	186	187	172	180	160	165	175	93	94	169	125	94	94	160	183	90	149	161	161	200	179	105	106	92	97	191	192	91	153	100	172	101	124	104	87	86	206	209	200	209	143	150	213	199	159	232		
4:49:24	37.0	100	99	192	183	106	103	162	100	97	180	187	174	99	98	171	102	176	165	151	199	129	183	189	172	103	179	184	191	101	179	119	186	145	108	191	101	98	96	188	185	170	178	166	167	173	88	99	171	123	93	91	164	182	85	145	161	168	202	175	96	104	96	96	194	188	94	155	102	172	102	125	106	86	84	207	217	199	211	147	148	218	201	158	235		
4:53:24	37.0	96	100	195	185	103	101	166	99	96	177	190	178	101	99	174	101	180	162	154	195	127	182	186	166	107	181	184	185	101	177	118	186	150	107	195	104	99	97	187	191	171	178	164	162	178	93	100	168	123	96	96	162	188	90	148	166	163	201	180	101	103	94	97	191	189	97	157	100	172	102	116	101	87	89	207	212	205	208	146	151	218	201	152	233		
4:57:24	37.0	99	100	199	179	98	97	163	99	97	182	185	175	103	94	176	97	178	165	151	195	124	185	187	168	99	178	182	191	102	176	118	191	146	105	191	104	99	94	189	186	173	178	165	165	181	91	98	171	124	95	93	162	186	90	148	162	164	198	177	103	101	98	99	189	196	92	157	96	176	103	121	108	89	88	206	214	199	211	147	150	216	206	150	240		
5:01:24	37.0	99	96	206	184	103	99	161	98	95	179	189	178	99	97	179	98	179	166	152	201	124	185	195	167	107	180	179	190	101	173	113	189	145	103	193	100	98	96	188	189	172	178	169	164	177	94	93	173	123	94	94	165	178	92	147	162	168	202	177	102	104	93	95	193	188	93	156	101	170	98	117	105	89	87	204	210	206	209	145	149	213	200	154	236		
5:05:24	37.0	95	105	197	180	103	101	164	102	98	183	189	175	101	98	180	98	183	163	157	200	126	181	186	166	102	179	180	185	98	176	113	185	146	101	191	103	97	94	187	186	170	179	166	170	179	93	95	170	124	94	94	159	185	89	147	161	172	204	178	104	105	95	98	192	186	93	157	100	171	99	126	104	90	85	206	209	205	209	145	147	214	204	155	230		
5:09:24	37.0	101	100	197	177	104	98	160	100	90	180	186	171	99	100	173	96	176	164	153	199	126	181	190	168	100	175	186	196	101	176	119	188	148	103	191	100	97	95	188	183	168	177	166	173	173	94	100	174	124	94	95	165	182	91	145	160	168	200	177	104	104	92	98	189	189	92	156	97	170	101	117	103	83	88	206	205	204	210	146	146	219	201	152	231		
5:13:24	37.0	100	96	200	183	104	99	164	99	98	182	189	176	100	94	173	99	182	165	158	202	124	181	194	171	104	177	183	194	103	172	118	189	149	103	194	101	101	96	184	187	172	175	167	172	178	93	97	173	125	94	95	163	188	89	149	163	165	199	181	103	101	96	99	188	192	93	156	98	172	101	120	103	86	87	204	211	203	209	150	146	218	207	153	233		
5:17:24	37.0	100	97	199	187	103	99	159	99	92	181	186	174	103	97	177	95	177	167	157	195	126	184	189	169	101	176	183	186	101	175	116	187	147	109	193	102	101	96	186	188	166	179	168	163	174	92	98	172	119	95	89	164	185	90	149	161	163	198	181	102	104	90	96	190	193	93	161	99	175	101	122	104	85	85	211	213	202	210	144	144	212	197	157	228		
5:21:24	37.0	98	99	202	184	105	98	170	98	93	183	186	175	97	96	177	101	181	165	157	197	126	178	191	170	104	178	188	193	102	181	116	187	146	103	192	98	99	96	191	188	169	175	170	171	175	92	97	171	124	94	93	165	188	91	144	161	166	201	181	106	103	94	98	187	195	96	158	101	177	102	120	105	92	86	203	213	201	208	148	145	217	195	152	232		
5:25:24	37.0	102	98	194	182	99	99	167	104	95	180	194	173	101	98	174	97	182	170	158	196	124	179	194	168	102	177	190	187	97	178	115	192	148	101	190	102	95	97	185	185	171	176	166	166	177	92	98	175	125	94	93	160	183	91	140	163	171	202	178	103	101	97	100	191	193	98	158	101	179	101	118	102	86	87	208	209	203	209	147	151	207	200	156	230		
5:29:24	37.0	95	98	196	183	102	100	169	98	95	184	189	171	98	94	173	97	179	161	156	189	126	185	193	167	99	170	180	187	99	175	117	191	150	101	192	100	97	98	190	184	169	173	168	169	174	91	95	174	120	95	92	161	183	90	144	159	166	200	177	99	102	92	94	185	192	92	161	97	174	99	118	102	88	85	206	212	194	211	143	146	212	205	151	237		
5:33:24	37.0	99	100	200	189	101	99	176	98	94	182	194	175	101	97	174	99	183	170	156	194	125	183	193	174	102	183	187	190	97	179	112	188	143	102	192	100	98	93	188	183	171	181	171	175	175	94	99	178	125	93	92	162	187	90	147	161	169	201	182	97	103	94	99	186	182	93	163	100	174	98	118	105	86	85	208	213	201	207	143	149	215	203	154	230		
5:37:24	37.0	95	97	201	186	105	97	167	98	95	180	193	174	98	97	178	97	179	172	161	195	124	188	188	175	104	181	183	190	102	174	118	193	147	102	196	102	98	96	192	183	173	181	174	178	180	87	96	176	121	92	95	162	185	89	138	160	171	202	179	102	102	94	95	185	187	94	159	98	176	103	122	102	89	89	206	211	199	209	149	146	210	206	155	233		
5:41:24	37.0	100	100	198	183	105	96	175	101	95	189	189	173	101	99	180	98	178	167	161	188	122	184	192	178	100	179	192	190	102	182	113	187	146	108	197	104	99	95	193	187	170	177	174	175	171	92	100	180	121	92	93	157	183	89	141	159	173	200	180	100	101	92	99	190	192	97	163	97	178	101	117	106	89	85	209	206	198	205	147	145	211	207	149	232		
5:45:24	37.0	102	98	195	184	103	99	173	98	94	189	194	169	101	92	180	97	180	173	162	192	121	186	197	178	100	174	187	192	103	179	112	193	145	103	192	99	102	97	196	185	169	177	171	172	170	91	100	181	119	92	91	157	184	95	139	161	175	196	184	100	104	96	95	186	188	95	164	104	181	102	112	101	87	87	205	209	198	205	146	145	218	208	151	231		
5:49:24	37.0	99	98	199	186	101	99	175	100	97	186	198	172	100	96	183	95	184	166	160	197	128	186	190	175	102	171	189	190	96	182	113	192	143	103	188	99	94	100	193	187	167	185	172	175	172	94	97	179	119	93	92	150	183	88	145	156	172	199	178	101	100	94	98	187	186	93	163	96	175	103	117	101	89	87	207	211	196	209	147	146	207	200	155	234		
5:53:24	37.0	95	98	204	189	106	97	171	98	95	186	193	171	99	101	185	98	189	177	158	193	124	186	195	176	101	170	192	190	100	185	114	195	145	101	195	100	100	92	200	183	167	186	169	180	174	91	95	184	121	94	92	158	182	90	143	161	170	205	187	103	101	95	98	190	192	92	161	97	183	100	115	100	87	88	206	216	200	211	147	151	217	201	157	239		
5:57:24	37.0	97	99	198	189	101	100	175	99	96	185	193	168	106	98	182	98	180	170	159	187	121	181	195	171	104	181	183	192	98	184	115	196	143	102	189	100	100	93	193	185	169	180	177	177	174	90	97	180	118	91	93	158	180	89	142	159	171	206	181	100	104	92	95	192	182	92	160	97	179	101	119	103	90	87	207	209	196	212	144	144	213	203	157	235		
6:01:24	37.0	98	96	199	196	106	102	177	100	99	190	198	172	98	96	182	98	186	173	169	192	119	191	200	175	99	178	187	191	95	183	121	194	140	108	196	100	102	95	192	186	170	178	174	183	170	94	92	185	121	93	92	157	186	89	141	156	168	196	186	102	105	96	94	184	194	90	161	96	179	103	118	101	88	89	211	219	205	204	141	150	216	208	158	235		
6:05:24	37.0	102	99	203	195	108	103	176	97	98	193	198	168	100	97	183	98	181	177	167	187	122	191	195	176	102	178	187	195	102	188	110	201	143	100	198	101	95	98	196	180	170	184	179	182	175	94	98	180	121	92	98	160	190	93	142	156	180	208	187	101	102	95	99	184	182	92	169	100	179	101	120	105	86	89	207	214	207	207	140	149	212	206	157	236		
6:09:24	37.0	96	97	195	190	105	99	178	102	97	187	197	171	102	96	178	98	184	176	167	190	120	187	197	175	107	174	186	190	98	185	110	190	142	100	193	97	96	96	194	177	163	184	171	179	170	91	97	181	119	90	93	158	183	86	139	156	172	204	185	103	99	94	100	179	187	87	166	99	176	100	119	102	86	85	199	212	208	206	140	144	212	203	149	234		
6:13:24	37.0	96	97	198	192	103	102	175	98	94	189	198	170	100	95	178	98	187	173	169	191	121	190	195	181	106	175	193	191	98	185	112	192	138	100	191	99	99	93	198	180	170	181	176	179	171	90	97	186	120	92	94	159	184	90	138	161	177	203	186	98	102	91	97	182	185	95	165	95	179	100	119	103	86	88	212	212	204	205	147	146	212	204	153	236		
6:17:24	37.0	97	102	205	189	101	100	171	100	95	191	201	169	101	96	186	97	188	175	165	194	123	190	194	177	102	171	185	194	98	185	113	194	143	102	195	103	98	91	198	179	162	190	174	181	171	92	97	180	116	91	96	157	181	84	138	158	175	201	190	96	102	92	100	189	187	94	163	100	180	98	116	101	86	89	207	214	207	206	149	148	217	202	151	231		
6:21:24	37.0	95	98	199	197	101	98	174	101	95	191	203	168	100	97	184	100	185	174	165	193	119	191	196	182	101	172	193	188	97	181	114	196	145	100	193	101	97	95	198	182	160	185	181	180	167	92	99	181	118	89	92	151	177	91	143	159	181	198	188	98	103	95	97	187	178	89	170	101	181	101	115	102	89	86	209	212	200	211	140	150	216	206	153	234		
6:25:24	37.0	99	98	197	196	105	103	175	98	97	191	204	165	96	97	182	101	191	179	172	188	119	192	200	180	100	178	187	195	97	188	117	197	144	102	193	105	100	95	199	185	167	185	180	185	169	89	97	185	120	93	98	154	174	88	141	154	179	202	186	104	100	97	97	183	185	97	175	99	186	103	118	105	88	87	206	217	203	212	147	149	217	209	152	234		
6:29:24	37.0	94	96	204	199	106	100	173	97	99	189	203	167	100	97	183	97	192	179	166	187	119	185	198	181	100	174	190	196	103	188	114	199	140	103	191	100	99	95	201	179	161	186	183	182	172	92	100	181	119	92	97	154	176	90	143	161	174	208	192	101	103	96	100	184	185	93	170	102	182	96	113	105	87	86	205	212	203	211	143	147	213	198	155	231		
6:33:24	37.0	97	101	203	195	103	98	174	100	96	192	207	170	101	96	190	98	189	172	168	191	121	191	196	179	100	173	184	190	102	185	115	194	137	107	199	105	97	96	198	181	157	191	179	183	174	94	99	181	122	89	93	151	180	92	135	152	178	202	188	102	100	92	101	183	189	92	171	97	185	97	116	105	88	85	208	209	208	211	142	148	217	204	155	233		
6:37:24	37.0	99	97	203	202	102	102	178	102	94	190	201	174	102	97	184	99	193	180	172	187	117	195	195	177	99	178	191	186	102	188	113	192	139	105	197	101	97	97	201	179	164	187	177	189	166	89	101	182	120	90	93	157	183	87	138	155	179	205	188	101	100	93	104	182	183	90	167	99	182	100	116	102	86	89	204	210	195	210	149	148	212	204	152	233		
6:41:24	37.0	94	96	204	193	104	99	178	100	98	195	202	168	97	96	188	97	187	185	167	183	119	193	192	180	99	174	186	191	97	182	113	197	142	104	190	103	95	94	196	182	164	191	180	186	169	89	98	189	117	91	94	153	184	90	138	151	178	203	187	101	101	92	101	180	183	93	170	100	186	99	119	103	85	91	204	211	201	209	149	150	222	206	154	239		
6:45:24	37.0	96	96	196	195	103	101	179	102	97	191	206	166	101	97	183	101	189	178	173	185	120	194	200	176	103	174	189	188	95	187	110	195	139	101	193	104	98	94	196	177	157	186	184	181	169	91	96	185	117	92	95	151	174	92	137	152	177	207	184	102	102	94	98	182	189	93	171	96	185	101	114	104	91	86	205	209	201	210	144	146	217	214	152	233		
6:49:24	37.0	100	95	205	199	105	98	177	100	102	191	203	166	100	97	188	99	193	183	175	184	117	190	192	186	102	178	192	197	98	187	115	198	139	101	193	106	98	95	201	178	161	190	184	188	169	89	99	185	120	90	95	153	182	92	134	153	181	207	190	99	103	94	101	185	184	92	180	99	187	102	116	104	90	88	207	215	204	214	144	154	216	203	154	237		
6:53:24	37.0	98	100	204	198	104	101	184	103	94	196	199	163	97	99	186	100	190	183	173	189	123	201	196	185	104	167	186	197	100	189	110	204	141	101	193	107	96	92	194	175	165	184	188	192	163	92	98	189	120	92	96	151	182	91	137	148	179	206	188	102	105	95	97	179	182	93	175	99	189	101	118	105	88	88	212	212	202	207	143	148	216	207	150	233		
6:57:24	37.0	96	98	202	200	101	101	182	101	99	194	199	165	105	96	193	102	191	187	173	181	119	200	195	184	102	171	188	195	103	187	112	190	139	104	196	102	98	94	202	177	162	187	185	189	162	91	99	184	117	87	96	151	172	88	138	150	177	207	184	100	103	95	99	177	177	92	176	98	190	95	113	101	93	90	212	209	197	209	152	149	216	206	156	234		
7:01:24	37.0	99	100	203	199	107	104	181	103	94	197	201	169	103	97	194	100	191	186	176	185	122	198	196	183	102	171	190	191	94	195	116	193	138	103	194	100	99	96	203	178	163	184	183	189	168	94	100	194	115	91	95	152	178	93	136	148	178	211	190	101	105	97	99	179	185	93	173	101	192	99	115	101	88	88	208	214	202	209	145	148	217	211	154	238		
7:05:24	37.0	98	103	201	195	101	101	182	103	97	198	197	168	99	94	192	98	194	180	174	182	120	191	199	187	103	176	193	195	103	194	117	193	136	103	191	100	100	94	201	178	158	185	187	188	170	94	98	186	121	93	100	152	181	89	135	154	185	212	193	101	102	95	98	180	184	92	170	102	193	102	115	107	88	89	208	213	199	216	144	147	219	209	152	240		
7:09:24	37.0	101	96	203	203	106	97	184	100	97	198	205	167	100	96	192	98	189	186	172	186	116	195	195	186	102	173	189	195	100	191	112	195	139	100	191	101	98	93	197	173	165	187	179	190	169	93	97	192	117	91	98	150	176	89	134	156	177	207	191	98	99	95	95	184	179	96	174	99	189	100	114	102	87	86	206	207	206	214	146	150	222	206	153	236		
7:13:24	37.0	98	96	202	197	104	97	182	99	96	198	202	166	100	98	187	97	191	185	178	189	120	199	195	183	100	169	186	192	99	193	109	201	135	99	199	103	99	93	197	176	167	186	188	192	164	93	97	189	119	89	94	148	173	88	138	148	182	205	184	102	101	92	97	179	182	92	178	99	189	100	112	107	86	87	208	223	208	211	145	152	219	206	156	235		
7:17:24	37.0	98	97	206	203	107	104	185	98	97	194	204	169	102	97	190	100	195	188	177	184	118	198	201	185	100	170	192	190	97	192	112	195	142	103	195	103	97	93	204	177	158	182	191	200	170	95	102	192	118	88	98	151	179	91	137	151	178	209	187	102	102	97	100	183	186	94	177	98	188	99	115	106	86	85	204	215	199	215	151	149	227	213	158	236		
7:21:24	37.0	100	95	203	196	107	107	189	100	93	199	203	164	98	94	192	97	199	186	178	182	117	201	198	189	101	170	189	195	99	198	109	196	137	102	200	101	97	95	203	178	159	189	191	192	165	94	97	192	118	92	95	149	178	94	137	149	185	204	187	99	99	94	102	182	179	94	179	98	186	102	117	105	87	83	211	211	202	218	145	151	217	209	160	236		
7:25:24	37.0	97	99	203	203	105	97	190	99	99	195	203	171	95	97	190	100	197	189	182	182	120	202	197	187	103	172	187	193	102	194	113	199	132	104	197	103	99	94	203	178	162	187	192	196	161	93	99	190	117	89	94	153	180	91	133	152	183	200	196	103	101	96	98	182	179	92	180	101	189	102	116	109	91	87	206	219	209	217	149	154	225	214	161	238		
7:29:24	37.0	97	101	207	209	106	100	183	102	97	199	209	165	103	100	195	102	203	191	176	178	120	194	198	191	106	170	194	192	100	193	111	196	136	102	199	103	98	93	200	172	160	185	193	198	162	94	99	195	117	94	98	149	174	88	136	148	182	204	192	101	99	93	96	182	185	97	178	98	185	98	118	107	90	85	208	220	203	208	148	152	216	211	160	241		
7:33:24	37.0	101	99	203	201	103	98	184	101	97	194	205	164	107	101	187	99	196	189	182	182	119	199	198	192	105	170	191	198	98	193	110	195	133	103	198	103	96	95	214	182	157	191	190	195	163	93	100	188	118	89	97	150	173	88	137	154	181	205	193	102	98	97	101	178	182	95	178	98	191	102	115	104	90	86	208	212	205	210	148	150	224	210	153	239		
7:37:24	37.0	103	98	201	205	106	100	190	104	94	194	204	166	100	94	191	98	201	189	184	182	116	204	199	186	104	170	191	196	101	195	109	194	133	105	196	103	100	98	205	171	160	189	190	201	163	94	101	191	116	88	96	151	174	91	132	149	178	210	192	100	102	94	98	180	174	94	181	98	196	96	111	104	86	87	216	217	202	216	149	152	217	211	160	235		
7:41:24	37.0	99	102	199	198	106	101	185	102	93	197	203	159	103	95	192	99	195	190	181	181	114	197	198	187	101	168	187	195	102	191	109	198	137	103	193	104	94	96	201	172	158	189	186	201	159	92	98	194	118	87	94	154	176	94	134	149	182	208	194	103	102	94	97	179	177	92	175	98	191	102	112	105	87	87	213	213	201	214	144	150	215	206	160	235		
7:45:24	37.0	97	102	199	205	108	102	189	103	98	198	202	162	99	99	193	94	199	194	185	182	121	203	198	194	104	174	194	190	102	194	113	198	132	100	201	101	96	96	203	179	156	189	192	199	167	92	100	191	115	96	96	148	178	94	133	145	191	206	189	102	101	94	103	183	183	92	181	101	189	102	113	102	89	88	211	211	210	214	143	146	219	212	160	233		
7:49:24	37.0	97	99	204	206	104	103	182	100	99	197	206	159	103	98	193	96	197	195	183	178	116	199	203	188	104	175	190	193	97	197	114	194	137	98	199	103	97	94	209	170	157	186	189	204	159	91	102	189	114	92	99	145	174	91	131	147	189	207	187	104	99	95	101	175	175	94	181	98	190	100	115	106	86	85	207	215	204	213	146	146	222	214	155	238		
7:53:24	37.0	103	102	203	207	106	102	187	97	97	201	204	161	100	102	192	102	200	189	188	178	117	203	200	193	102	173	195	190	100	194	107	195	136	103	193	99	101	93	205	173	158	188	192	201	161	98	98	191	117	94	97	142	173	95	132	147	188	206	198	102	97	95	100	182	181	90	184	101	192	104	114	107	89	89	215	218	210	212	149	151	227	211	158	241		
7:57:24	37.0	105	97	201	205	101	104	187	110	97	196	210	165	107	102	191	101	196	193	191	178	118	200	199	195	102	170	194	194	102	192	113	197	135	100	197	105	97	99	206	172	156	192	194	205	163	97	98	192	114	90	96	146	175	94	126	148	191	208	200	102	103	90	101	176	182	93	185	98	194	100	113	105	90	86	216	214	211	220	151	150	231	212	163	241		
8:01:24	37.0	100	101	201	208	106	102	183	101	99	196	203	164	105	98	188	99	203	194	185	177	118	200	200	185	102	170	190	192	101	195	112	197	133	101	192	105	98	93	209	171	158	186	199	200	159	93	99	193	116	86	95	153	173	92	129	144	182	207	194	103	103	94	100	176	178	95	182	95	195	99	118	110	89	89	213	217	204	215	146	149	226	208	160	240		
8:05:24	37.0	99	97	199	211	108	102	189	104	95	202	209	165	103	99	190	99	203	192	188	183	118	198	199	194	102	168	189	196	101	199	114	196	133	102	193	102	96	98	206	175	154	195	196	198	162	93	99	196	115	88	99	149	174	93	130	148	183	211	202	103	102	94	99	178	181	95	186	100	191	104	119	104	91	91	215	216	205	216	151	151	226	214	157	242		
8:09:24	37.0	101	102	199	204	104	102	191	101	95	195	209	159	102	95	192	99	205	193	191	172	115	202	196	195	101	167	190	189	102	200	112	201	136	105	199	104	99	96	205	174	153	189	195	202	160	93	101	194	115	88	94	150	173	94	130	143	185	212	193	105	106	96	97	173	178	94	187	98	189	103	114	104	87	91	214	219	209	210	148	155	225	218	157	241		
8:13:24	37.0	98	97	202	210	104	103	189	101	102	199	207	157	101	96	192	99	204	194	191	177	116	199	196	187	102	167	188	187	97	200	109	194	135	104	194	103	99	97	195	172	150	191	196	203	157	94	100	196	116	87	91	148	175	94	132	142	185	209	198	104	99	93	97	177	177	94	181	97	196	101	113	102	90	87	214	217	201	212	149	146	226	215	155	233		
8:17:24	37.0	99	98	197	205	104	103	194	100	98	200	207	161	103	100	193	98	203	193	192	183	116	199	195	191	104	169	191	183	102	193	110	198	133	99	189	101	98	93	203	169	152	190	192	205	161	93	105	194	113	89	98	144	178	91	129	142	189	209	193	101	103	94	98	178	179	95	186	101	196	102	114	106	88	90	209	212	210	213	148	148	224	211	159	234		
8:21:24	37.0	99	98	205	208	104	105	190	102	97	203	202	156	104	99	196	97	199	198	191	175	115	201	195	186	103	166	193	188	98	200	107	201	128	101	200	101	101	98	205	169	154	186	197	205	159	94	99	191	116	91	97	148	170	94	126	145	183	204	196	103	103	95	104	179	176	97	186	97	198	105	114	110	88	90	215	221	209	218	147	148	229	212	155	239		
8:25:24	37.0	102	98	196	210	107	105	190	102	98	200	206	162	103	100	192	99	201	196	196	178	115	203	202	190	108	160	195	188	103	198	113	202	135	105	187	105	96	95	205	170	156	184	199	202	159	96	100	195	113	91	98	149	175	92	128	139	188	209	199	103	103	96	99	180	181	94	184	101	194	105	115	107	89	87	215	217	210	216	149	152	226	214	158	245		
8:29:24	37.0	98	96	192	210	103	101	187	107	100	192	207	157	100	99	183	101	202	198	192	171	112	202	200	189	99	162	188	183	99	190	110	191	132	101	186	105	98	95	204	166	148	184	195	202	160	92	99	194	117	88	93	143	171	90	126	146	185	205	193	99	103	95	101	173	176	91	180	101	198	100	114	107	92	91	211	217	204	211	148	151	220	213	164	235		
8:33:24	37.0	98	99	196	206	104	102	191	102	99	194	207	155	101	101	187	97	198	192	189	174	114	200	197	190	107	168	182	192	103	191	110	189	133	102	187	102	99	95	202	165	153	180	199	204	158	95	96	192	115	87	94	148	173	94	128	145	186	200	187	102	101	93	99	172	172	93	180	98	194	102	114	105	88	87	210	220	201	209	147	150	222	217	160	230		
8:37:24	37.0	102	98	194	210	105	103	187	103	100	200	202	156	103	100	190	98	204	198	193	173	114	200	193	196	101	166	181	182	97	194	111	193	132	106	189	103	100	93	203	167	150	183	196	204	157	91	101	196	115	87	94	144	171	95	130	140	180	207	194	97	100	95	95	175	174	90	184	98	196	104	111	102	88	89	214	217	206	214	147	149	223	211	162	236		
8:41:24	37.0	102	99	194	215	109	97	188	102	99	198	207	161	104	98	189	101	203	196	190	178	111	198	193	186	102	168	190	188	104	194	111	194	132	103	195	101	101	97	203	169	153	176	191	202	162	92	106	197	110	91	99	142	169	91	129	141	183	208	192	105	101	96	98	174	174	93	187	96	191	103	114	106	88	89	217	219	214	215	150	154	229	212	162	241		
8:45:24	37.0	97	98	187	210	101	100	188	102	96	197	200	156	101	101	191	101	198	191	190	173	110	203	192	192	103	167	184	185	99	196	108	197	133	99	188	107	100	95	204	164	153	180	194	200	156	93	101	192	112	95	96	145	170	92	125	138	188	205	189	99	96	97	102	171	174	96	183	96	195	97	112	109	92	90	209	221	202	215	145	151	227	213	154	236		
8:49:24	37.0	97	101	198	204	105	99	191	105	99	192	198	153	103	100	186	103	194	202	196	172	113	201	193	187	102	166	191	186	105	193	109	194	130	103	184	102	99	97	202	163	150	183	198	208	155	97	100	193	114	90	93	146	170	93	124	138	191	207	194	101	98	94	100	168	169	93	183	95	195	101	109	110	89	89	212	222	210	213	148	156	229	215	155	242		
8:53:24	37.0	104	98	191	204	107	99	191	104	102	191	200	153	104	98	192	105	197	196	195	171	117	199	194	187	101	164	184	182	101	198	110	192	130	101	187	99	99	96	198	162	151	177	196	197	153	94	99	197	112	91	97	146	166	91	123	139	192	198	193	99	99	92	100	175	173	95	187	100	188	99	111	106	88	87	209	216	202	212	147	151	225	212	155	240		
8:57:24	37.0	101	96	189	206	103	103	189	101	95	192	200	154	104	100	186	100	195	196	192	173	113	194	193	190	106	168	182	186	96	195	111	194	133	103	184	101	96	93	195	163	150	179	192	203	153	94	100	189	113	91	94	141	168	91	123	135	184	201	193	102	99	92	100	167	172	94	184	100	194	101	113	107	90	86	211	217	203	214	145	155	227	214	157	243		
9:01:24	37.0	100	99	191	209	108	98	194	101	98	195	202	148	102	100	191	98	195	203	197	166	118	201	191	191	103	161	182	183	99	193	107	196	131	100	191	105	101	96	198	168	150	175	197	204	154	96	97	193	109	94	96	144	168	94	123	135	183	198	191	99	98	97	102	168	174	89	188	101	195	101	113	104	91	90	212	222	209	209	148	150	231	212	157	242		
9:05:24	37.0	101	99	192	206	106	101	192	102	95	194	200	156	102	103	186	101	203	195	196	169	111	193	194	186	103	165	183	180	102	194	111	188	130	102	188	99	98	91	192	167	149	179	196	200	149	99	101	191	108	88	97	142	169	93	122	136	184	199	187	104	97	95	101	163	169	93	181	98	196	103	114	107	90	86	212	215	205	213	149	152	226	217	161	234		
9:09:24	37.0	101	99	185	203	105	104	191	102	97	192	201	159	104	100	189	100	200	194	197	171	113	203	192	192	104	164	183	184	100	199	105	192	132	103	186	101	100	94	191	162	151	178	192	207	149	94	100	192	114	90	93	143	166	90	123	140	189	200	192	99	97	95	101	160	171	94	181	101	192	103	115	107	92	88	208	219	207	215	149	151	229	211	153	244		
9:13:24	37.0	100	99	182	207	104	102	188	98	102	191	200	153	101	97	183	99	192	191	196	166	111	198	196	188	104	164	182	178	102	192	107	189	128	101	185	105	100	91	195	161	148	172	193	201	151	97	100	189	106	86	96	140	166	90	123	138	188	199	188	98	103	95	99	165	171	91	180	102	194	100	112	105	86	90	220	215	202	212	145	153	228	209	160	238		
9:17:24	37.0	101	98	184	210	105	99	187	102	96	186	203	151	101	98	183	101	197	199	201	168	112	197	188	185	102	160	182	178	101	192	109	190	128	103	182	103	96	94	194	162	147	180	201	202	150	95	99	182	111	91	94	143	165	92	122	139	185	196	191	102	102	94	101	168	170	93	183	102	183	103	110	105	90	88	213	215	206	211	147	154	223	220	155	233		
9:21:24	37.0	99	103	189	206	105	101	190	104	98	192	199	151	100	96	187	105	199	195	196	165	117	201	190	191	104	162	187	182	101	189	109	190	132	104	187	99	101	93	198	157	144	181	198	205	149	94	102	190	115	95	97	146	163	92	122	139	190	200	187	100	101	93	98	170	169	94	185	101	189	102	113	110	92	92	214	219	205	215	148	151	224	218	163	241		
9:25:24	37.0	105	98	188	207	103	103	190	100	98	190	201	153	106	102	185	101	198	202	202	168	117	200	191	191	103	163	182	178	100	194	110	183	129	103	184	101	103	95	190	161	149	179	195	211	153	94	99	191	113	95	98	139	165	93	120	134	185	199	194	106	99	95	100	169	168	91	185	97	189	104	117	103	89	90	211	216	209	214	150	150	228	217	160	239		
9:29:24	37.0	100	93	186	207	105	104	193	99	95	193	190	153	102	101	186	102	196	196	203	170	113	205	195	188	99	159	182	184	99	191	107	187	126	102	182	104	99	92	195	163	147	177	193	209	146	92	99	189	111	95	96	141	167	91	123	138	189	200	187	103	106	94	104	167	166	93	181	100	188	101	111	104	97	90	213	220	206	216	151	150	225	212	162	241		
9:33:24	37.0	101	95	184	199	104	101	192	102	95	191	201	152	100	100	185	106	197	199	198	167	110	193	190	183	104	163	180	182	99	193	103	189	127	102	181	100	99	93	192	159	145	175	194	210	150	92	100	191	113	89	94	139	165	91	124	132	181	198	191	100	100	97	103	164	170	94	184	99	189	103	115	108	93	91	220	219	205	211	146	153	231	217	157	242		
9:37:24	37.0	100	100	182	208	105	99	185	105	100	191	193	154	99	98	185	96	195	201	194	156	114	202	183	186	97	156	179	179	103	191	109	188	129	101	182	99	96	96	193	160	145	177	196	199	151	92	105	187	112	93	94	143	165	93	120	132	186	193	193	100	99	95	106	169	161	91	178	100	190	105	111	106	91	91	207	217	207	204	154	151	228	217	157	238		
9:41:24	37.0	99	94	181	207	100	103	189	102	96	188	192	156	106	96	183	102	198	190	194	165	111	195	189	184	103	160	178	177	98	193	105	186	126	102	185	101	98	98	186	162	145	175	190	204	150	94	101	187	108	93	93	139	164	95	122	135	188	190	188	103	100	96	99	161	161	94	179	99	191	102	111	104	88	93	213	219	206	214	148	154	228	213	155	237		
9:45:24	37.0	101	99	177	199	104	97	187	102	97	189	196	149	104	99	184	99	192	195	201	162	117	195	184	183	104	162	177	173	97	188	105	186	120	101	176	103	100	94	186	159	148	173	189	204	152	95	97	194	113	95	96	143	161	92	123	134	184	190	184	104	98	89	99	160	162	94	180	98	188	102	115	106	86	89	212	216	202	213	146	151	228	215	156	242		
9:49:24	37.0	99	100	181	201	106	106	193	104	101	181	192	154	100	99	184	98	196	196	200	162	111	192	182	190	102	158	180	178	99	192	106	186	128	104	180	98	100	92	191	158	142	174	188	212	153	95	100	193	111	94	99	138	161	94	120	135	181	194	192	100	96	95	102	163	166	94	184	97	189	103	109	106	91	93	208	220	205	213	145	151	228	215	155	243		
9:53:24	37.0	98	97	183	196	104	100	191	103	96	186	192	150	102	99	184	104	197	195	202	160	111	194	185	183	104	161	180	173	101	186	104	184	124	104	178	101	99	95	186	160	146	172	188	208	150	92	99	191	107	90	95	142	159	95	114	137	185	197	193	100	99	93	99	161	158	95	181	100	187	99	107	104	92	92	211	212	201	213	144	152	231	208	159	243		
9:57:24	37.0	102	98	179	199	103	99	189	102	103	186	193	146	101	98	186	99	189	194	194	157	110	190	186	184	102	156	175	169	97	190	104	185	125	99	178	101	97	92	184	155	143	172	186	202	148	94	99	181	109	90	96	141	159	92	118	132	183	190	191	103	101	95	99	161	163	94	178	101	187	100	113	108	90	95	211	217	200	212	146	150	230	212	159	236		
10:01:24	37.0	101	96	175	197	102	104	190	97	98	186	193	147	99	99	178	99	193	195	194	160	108	193	186	182	100	157	176	173	102	189	105	183	128	101	180	102	100	97	189	160	138	171	191	197	146	91	104	186	110	89	96	138	157	95	120	129	182	189	190	103	99	93	103	162	156	93	182	97	184	102	110	107	92	92	212	217	200	215	150	154	237	221	156	241		
10:05:24	37.0	100	100	176	199	99	101	188	100	97	179	192	145	100	102	181	103	189	193	196	156	110	190	181	185	101	154	179	175	97	187	102	183	126	100	174	103	99	93	189	160	142	167	194	205	146	94	99	181	108	92	95	142	153	91	118	131	178	188	189	102	98	93	100	158	163	94	180	100	182	101	107	108	95	91	210	221	204	207	147	154	228	211	157	244		
10:09:24	37.0	105	98	175	198	103	100	189	100	99	185	191	149	103	100	175	100	186	194	195	161	110	188	187	185	103	152	175	175	95	183	107	183	120	104	174	97	101	92	182	154	142	166	186	204	144	93	104	183	106	93	96	138	158	96	118	130	185	185	187	100	100	95	102	159	161	91	180	99	185	103	111	104	94	90	210	222	198	212	146	153	227	217	156	236		
10:13:24	36.9	100	94	173	193	100	100	185	104	98	179	190	144	104	99	183	102	186	195	195	160	109	191	185	187	100	158	177	170	98	186	102	183	123	101	175	98	100	93	177	160	138	167	185	201	142	94	99	183	109	88	92	132	159	93	119	130	183	188	186	98	97	93	101	156	164	91	174	100	184	95	108	102	93	91	211	214	204	211	146	151	230	221	154	231		
10:17:24	37.0	102	95	175	200	99	99	190	101	101	176	190	147	101	101	176	97	195	196	197	156	111	190	189	181	103	158	176	170	102	186	103	183	123	102	182	104	102	94	185	156	141	162	192	203	145	94	99	182	109	92	94	134	154	92	120	129	187	187	186	98	100	94	101	155	163	93	180	98	185	100	109	105	95	96	215	214	206	215	144	154	236	216	157	230		
10:21:24	37.0	100	100	176	189	104	100	176	101	99	184	188	145	101	97	179	102	188	197	191	154	110	191	181	178	98	159	178	172	102	182	104	181	125	103	178	102	99	93	189	153	136	168	191	198	142	94	101	185	109	93	98	135	156	93	119	131	181	183	187	101	98	95	100	154	158	95	176	99	179	103	111	107	94	91	216	219	204	214	147	148	232	219	153	234		
10:25:24	37.0	98	96	171	193	101	101	182	100	97	179	189	142	98	101	176	102	187	188	193	162	111	187	179	175	101	154	181	172	96	180	104	179	126	104	174	101	98	96	185	155	141	169	185	198	143	93	103	186	110	93	94	132	157	96	115	129	181	187	183	101	100	96	99	157	158	94	176	101	185	97	107	105	91	90	207	219	201	215	148	145	229	213	156	235		
10:29:24	37.0	102	99	169	194	99	98	183	101	96	179	191	145	101	96	173	107	184	191	200	155	108	189	180	181	98	153	170	171	96	180	102	173	125	100	174	101	102	93	175	155	142	165	181	198	143	96	99	180	108	92	99	133	155	91	119	130	181	179	181	101	99	95	102	152	158	93	174	99	181	97	106	107	89	91	209	215	202	208	146	146	230	213	158	236		
10:33:24	36.9	98	96	174	193	106	104	186	99	100	180	188	146	101	101	177	99	186	198	197	155	110	187	181	177	98	151	173	172	98	181	98	181	122	105	179	99	96	95	176	153	132	167	185	200	139	93	100	182	109	96	96	132	156	95	119	125	182	180	186	98	99	94	103	155	156	90	174	100	184	98	113	103	92	93	207	216	204	211	150	152	227	216	164	237		
10:37:24	37.0	104	97	164	187	103	102	185	101	99	172	185	144	101	105	167	100	182	192	200	158	109	188	176	178	105	156	170	169	101	180	102	171	124	103	174	98	100	96	177	153	139	162	184	196	142	96	98	181	106	89	95	134	153	90	118	127	181	182	181	103	99	93	98	153	158	94	173	99	184	99	110	105	95	92	215	219	199	212	150	152	233	218	154	237		
10:41:24	37.0	100	95	169	194	99	102	182	99	98	178	187	144	101	99	176	99	187	194	195	158	107	190	181	180	104	156	170	169	96	180	102	177	120	104	179	100	97	95	184	157	143	168	190	196	139	100	98	180	109	94	95	134	158	90	117	127	183	181	187	102	101	94	104	159	163	91	176	99	182	100	112	101	91	92	216	224	200	216	150	154	232	224	157	234		
10:45:24	37.0	99	96	167	189	103	104	180	106	95	179	182	144	99	99	172	102	181	179	195	152	113	184	181	176	102	151	174	165	102	181	104	177	122	105	172	100	99	94	179	148	136	162	185	191	138	94	100	175	109	93	93	133	152	92	116	130	173	183	185	104	99	92	102	152	158	89	174	100	175	102	104	104	95	93	214	222	202	209	149	153	225	217	153	229		
10:49:24	37.0	104	98	169	191	104	99	181	101	97	175	184	143	104	94	170	103	187	187	197	156	110	183	179	182	102	152	171	166	97	177	104	177	117	106	167	101	98	93	176	154	138	166	182	194	139	93	99	177	108	92	96	130	153	97	118	127	177	178	182	102	99	93	101	155	155	93	171	98	180	101	106	101	92	93	207	214	200	215	149	153	233	220	161	231		
10:53:24	37.0	102	93	166	183	105	100	182	105	97	176	181	144	106	98	177	95	182	187	194	152	109	183	177	174	100	154	173	166	102	176	105	178	118	103	175	99	95	96	177	155	137	166	183	195	142	97	100	181	107	90	95	128	152	93	120	127	172	176	179	99	94	94	101	156	157	91	173	100	181	99	106	105	96	92	210	216	205	221	150	151	238	222	158	233		
10:57:24	37.0	104	99	170	187	105	105	175	101	97	178	182	144	103	102	175	101	180	194	189	157	110	186	178	176	99	152	166	168	97	177	105	178	121	102	175	102	98	95	176	155	137	166	184	199	141	94	103	178	103	95	97	133	152	93	117	126	181	183	182	101	98	94	100	152	159	89	176	100	181	101	108	106	90	92	213	219	200	214	146	155	233	218	160	232		
11:01:24	37.0	102	101	166	188	104	98	179	103	103	175	180	137	100	95	169	98	185	183	196	146	110	181	178	170	102	149	167	164	98	180	103	171	120	102	173	101	93	97	175	149	137	159	179	195	136	98	102	178	105	93	96	130	150	92	115	122	176	176	179	96	100	96	100	151	157	93	170	95	178	100	108	102	94	92	210	211	199	209	149	151	226	221	156	236		
11:05:24	37.0	103	100	171	186	101	106	179	100	101	181	182	144	104	101	172	101	179	188	195	146	107	181	177	178	102	150	172	168	99	180	103	172	120	103	176	102	99	93	181	153	139	161	182	191	143	94	102	181	107	91	93	132	152	91	117	127	182	181	183	104	103	93	104	155	154	91	175	99	183	100	109	107	93	93	210	220	202	213	150	152	235	222	158	232		
11:09:24	37.0	101	94	165	186	102	105	179	102	98	175	185	136	103	104	169	101	185	188	192	151	113	183	174	175	101	153	173	163	100	181	104	176	117	103	172	104	100	96	174	152	136	163	182	190	139	98	100	183	107	93	97	128	151	95	117	123	172	176	181	102	103	96	102	151	159	88	176	96	181	99	107	103	91	93	213	216	206	212	150	154	228	218	154	235		
11:13:24	37.0	99	98	169	185	107	107	180	101	99	176	182	146	101	102	176	102	182	194	193	152	111	184	183	181	103	151	174	176	100	179	105	182	121	106	168	103	93	99	180	154	138	164	189	200	141	95	101	180	110	97	94	134	154	94	122	124	180	182	184	97	100	94	106	159	158	98	183	101	177	102	110	104	94	89	215	219	200	216	152	152	235	228	159	237		
11:17:24	37.0	98	99	165	183	103	103	175	102	100	172	178	137	104	102	170	101	178	186	196	149	108	179	177	175	103	151	165	168	99	172	101	172	117	106	172	103	99	94	176	150	140	157	184	192	140	94	101	175	103	92	98	130	151	93	118	123	177	180	177	101	102	96	101	152	151	95	179	99	172	102	107	105	92	91	216	215	206	213	152	154	232	222	159	239		
11:21:24	37.0	95	97	162	181	101	101	173	103	97	167	172	135	100	99	166	101	173	184	189	150	109	179	172	171	104	150	168	160	96	179	104	172	121	103	164	102	96	92	173	147	128	157	179	188	141	89	102	173	104	91	94	130	150	92	117	124	174	177	176	98	97	92	97	149	151	91	171	96	171	97	111	104	94	90	206	210	199	208	149	151	238	217	153	229		
11:25:24	37.0	102	98	161	181	104	97	178	105	99	171	181	135	104	98	167	104	182	184	184	146	109	183	172	173	101	152	170	160	99	173	99	169	119	104	172	96	97	90	175	149	132	162	176	189	137	97	100	172	105	92	97	132	147	95	118	122	176	176	178	100	100	95	104	144	152	93	169	101	176	102	110	103	94	94	212	217	202	212	152	155	231	220	159	230		
11:29:24	37.0	102	99	166	184	103	105	178	100	99	171	183	137	101	95	167	102	180	190	190	147	108	175	170	176	99	146	164	166	98	174	104	174	120	100	169	100	98	95	172	150	132	163	179	194	137	90	103	173	106	91	97	128	147	94	116	118	178	177	178	101	102	96	101	147	155	94	173	101	180	101	110	104	96	89	210	213	202	216	145	152	228	221	162	232		
11:33:24	37.0	101	94	165	183	102	108	176	104	98	173	185	143	102	98	170	105	182	186	194	152	110	178	178	170	100	149	168	164	100	175	103	170	116	102	173	99	99	93	175	153	135	157	177	194	136	94	100	179	108	95	97	127	148	95	116	120	178	180	177	101	99	91	103	151	157	93	175	100	177	100	111	103	93	92	212	219	201	210	144	152	234	221	158	236		
11:37:24	37.0	102	96	162	178	98	100	175	106	100	177	179	142	100	100	165	103	176	177	189	147	105	179	172	170	103	148	167	162	99	179	102	170	117	105	163	98	99	94	173	146	132	159	178	196	143	95	102	176	105	90	95	129	147	92	115	126	175	171	178	102	100	93	99	150	153	93	169	100	177	100	109	106	94	93	218	219	208	211	148	149	233	220	159	236		
11:41:24	37.0	100	97	163	183	102	102	173	104	96	175	177	140	104	100	165	98	176	177	191	147	112	177	169	172	105	148	166	166	98	171	103	167	117	104	167	105	97	94	168	149	137	153	178	191	135	96	100	172	105	95	98	125	149	94	118	118	176	176	179	102	99	91	103	149	150	90	172	98	172	98	109	108	95	89	208	217	205	212	148	148	239	222	159	235		
11:45:24	37.0	103	96	161	176	100	101	171	98	100	174	174	138	101	96	163	103	176	182	185	143	110	175	171	172	103	149	163	160	96	168	104	165	113	104	165	98	97	93	169	149	131	155	175	188	133	93	100	178	106	92	95	126	146	93	112	120	169	171	173	100	102	93	99	145	147	93	169	101	175	105	110	101	93	90	208	214	199	209	146	150	228	215	157	232		
11:49:24	37.0	100	94	160	180	104	104	176	100	99	174	177	137	101	103	162	100	174	182	189	151	101	178	169	166	103	148	164	160	95	174	101	166	116	102	163	101	100	91	170	146	132	156	178	184	134	92	100	169	108	91	98	127	147	93	116	124	176	174	173	98	98	94	98	149	147	91	171	97	167	99	107	105	93	95	207	212	203	214	151	144	230	217	158	234		
11:53:24	37.0	102	97	157	178	99	101	171	101	93	167	178	137	102	95	166	102	171	184	194	147	107	177	170	170	105	142	166	160	97	170	102	169	116	105	166	102	99	96	162	145	134	158	174	186	134	92	101	170	108	93	90	126	146	93	116	121	176	175	178	99	98	92	102	144	149	92	166	97	167	97	106	101	91	85	206	217	201	205	149	153	229	211	154	231		
11:57:24	37.0	105	96	160	181	103	105	174	102	100	167	181	136	104	96	164	102	176	181	189	147	108	176	168	171	100	144	166	169	97	176	104	167	117	102	169	100	98	92	167	142	136	157	177	193	133	95	101	167	106	91	99	129	150	94	114	121	178	169	183	104	103	97	100	151	146	91	170	100	171	100	109	104	94	90	211	210	205	212	146	153	238	216	164	239		
12:01:24	37.0	100	97	157	178	99	103	176	103	99	172	170	136	100	102	164	103	174	185	183	140	105	179	172	169	106	145	166	160	99	175	104	166	115	104	165	98	97	92	166	146	133	155	177	189	136	94	104	169	106	94	99	130	147	93	117	121	170	177	178	98	99	91	104	150	147	92	168	100	170	96	109	103	94	92	215	218	204	219	152	153	234	218	161	237		
12:05:24	37.0	99	97	159	179	103	104	171	101	98	168	179	137	100	98	164	97	175	183	186	145	108	174	174	170	104	144	162	161	99	173	100	164	115	105	165	97	101	93	164	151	128	153	170	184	135	94	102	169	105	94	93	125	144	92	114	121	170	175	174	104	95	92	103	143	150	94	163	100	169	95	108	102	93	94	213	217	198	209	149	153	227	221	157	235		
12:09:24	37.0	103	101	164	177	102	103	172	102	101	168	173	140	105	103	168	99	181	184	190	151	107	182	177	166	102	146	165	163	96	170	102	170	122	109	168	101	96	91	170	146	136	159	176	183	133	93	101	175	108	96	98	129	149	93	114	123	173	174	180	102	101	93	104	150	154	92	173	101	170	104	110	104	93	91	209	221	211	212	148	151	229	227	162	244		
12:13:24	37.0	104	97	161	178	102	105	173	102	100	171	171	141	103	104	167	105	176	183	195	148	108	178	176	167	101	145	169	163	100	171	101	171	118	102	170	101	102	98	167	147	135	156	169	193	135	93	99	175	107	96	97	127	150	94	118	122	179	174	172	100	101	96	100	148	148	88	167	99	174	102	104	105	97	97	216	215	204	222	148	154	244	223	160	239		
12:17:24	37.0	104	101	160	175	102	98	170	104	97	168	175	135	104	101	164	105	172	180	187	149	105	176	168	164	101	144	165	161	99	174	101	168	118	105	162	99	99	98	168	147	133	158	175	192	132	91	99	167	110	92	97	128	145	93	109	119	173	171	180	99	98	97	104	144	152	94	165	98	169	99	109	105	92	96	209	216	203	214	152	150	232	224	159	233		
12:21:24	37.0	106	95	161	178	100	100	174	107	99	168	178	140	105	102	163	105	177	182	193	147	113	175	171	169	104	149	170	159	100	177	101	166	115	101	170	101	98	94	172	150	133	157	177	188	138	94	101	170	110	97	99	128	143	96	114	122	174	180	178	101	100	97	103	144	149	94	167	97	174	101	106	105	99	94	210	223	207	218	150	152	236	227	164	237		
12:25:24	37.0	99	98	158	174	97	106	171	100	102	164	173	136	101	99	163	101	177	185	190	147	107	174	172	163	102	145	163	159	103	167	104	168	115	102	163	104	96	91	164	144	131	154	173	186	134	101	101	171	106	92	98	125	140	93	114	120	176	169	177	100	95	94	101	145	151	93	166	98	170	96	106	103	93	92	209	216	201	212	155	155	235	225	159	238		
12:29:24	37.0	100	93	153	181	107	102	172	108	99	169	177	140	104	103	166	98	175	179	184	144	107	178	168	170	107	147	168	164	99	175	103	169	114	104	159	104	100	97	168	148	129	157	175	187	133	94	102	173	107	95	97	124	145	94	109	119	173	169	175	103	102	91	104	147	151	94	173	100	170	100	110	103	97	97	212	224	206	218	153	150	233	222	160	235		
12:33:24	37.0	102	95	157	180	102	102	175	97	100	165	170	136	100	101	160	100	175	184	192	141	110	178	166	167	102	145	160	160	99	168	102	165	120	97	165	100	97	96	166	149	134	156	172	189	133	95	99	169	109	92	100	129	144	93	110	119	173	172	175	103	98	93	103	146	148	96	171	98	173	101	104	102	97	92	214	220	204	219	150	154	233	220	158	237		
12:37:24	37.0	103	98	159	176	101	104	175	105	103	168	172	137	103	101	160	101	174	184	187	145	105	173	176	166	106	145	165	162	102	172	102	168	117	104	161	106	98	95	167	141	134	153	173	182	133	93	102	169	106	91	98	126	148	95	111	122	170	170	172	102	100	93	105	150	144	92	163	98	165	98	107	103	91	92	215	216	202	217	153	154	235	221	161	234		
12:41:24	37.0	104	95	157	183	105	105	175	103	102	168	169	133	107	104	162	100	167	178	186	145	107	178	167	172	108	143	158	160	99	170	101	166	119	104	166	95	101	93	164	143	129	156	167	184	136	95	104	169	106	94	98	120	142	94	109	123	172	170	173	103	98	95	104	141	149	90	168	102	169	102	105	107	94	95	218	220	206	214	148	153	231	230	159	239		
12:45:24	37.0	102	96	159	174	103	104	167	100	102	167	175	134	105	104	163	104	170	178	187	143	105	175	167	164	102	141	159	156	98	165	99	163	119	100	165	101	101	93	164	146	127	157	168	190	132	97	96	169	112	93	96	125	140	92	109	119	169	168	175	102	100	91	99	149	145	91	163	99	172	102	111	106	94	94	214	219	206	209	146	156	236	228	155	237		
12:49:24	37.0	103	96	156	172	106	105	164	102	101	167	167	132	104	98	153	98	165	177	182	140	104	171	164	162	104	139	156	159	96	166	105	163	118	105	159	100	98	95	163	142	127	151	162	178	137	95	101	162	105	96	94	124	142	94	105	119	165	164	171	99	103	93	101	140	141	92	165	99	164	101	105	100	96	92	211	211	206	204	147	150	233	213	155	231		
12:53:24	37.0	102	102	161	178	104	103	174	102	100	160	170	133	105	101	161	102	171	177	183	144	106	172	167	168	103	140	162	161	98	168	104	163	121	103	163	103	98	94	165	147	127	153	173	181	135	96	101	168	108	95	99	125	141	91	110	114	165	169	171	97	101	95	103	147	144	95	167	100	171	99	106	102	97	93	214	224	206	216	152	149	237	223	165	241		
12:57:24	37.0	98	96	156	168	106	104	166	103	100	153	167	131	105	97	154	97	167	175	183	140	106	170	166	159	101	142	159	156	101	168	101	160	113	101	160	97	97	92	160	140	129	149	170	174	134	93	100	162	103	95	99	121	142	96	103	120	165	164	173	98	98	95	103	139	142	92	167	95	168	100	104	100	95	92	215	216	203	212	145	147	232	223	157	237		
13:01:24	37.0	101	95	156	174	101	106	169	103	99	161	166	127	102	101	151	97	167	168	180	137	105	171	162	162	103	142	158	150	99	167	105	158	114	100	156	100	96	93	166	140	125	151	167	182	132	94	100	164	103	92	94	121	135	90	102	117	165	161	172	97	101	90	101	143	147	95	161	101	167	98	105	106	93	88	213	218	200	214	143	154	234	218	151	238		
13:05:24	37.0	103	97	155	172	101	101	166	106	97	162	166	131	101	99	158	104	163	179	181	140	105	165	162	162	104	138	162	158	99	163	102	163	117	105	157	98	95	94	163	144	130	146	164	178	131	95	99	171	105	94	98	120	136	94	103	116	169	163	166	99	99	93	100	139	141	91	160	98	165	100	106	107	94	91	212	217	205	210	148	149	235	222	161	234		
13:09:24	37.0	100	96	152	164	100	103	163	103	99	158	167	127	103	98	152	99	168	175	180	144	106	168	162	160	98	138	162	159	100	167	99	159	113	104	158	100	95	92	158	137	125	151	167	176	131	96	100	159	106	93	96	122	139	95	101	114	162	167	167	99	99	90	102	140	140	94	161	96	165	99	104	103	95	94	216	214	203	207	146	146	235	218	157	234		
13:13:24	37.0	102	95	153	163	101	102	161	105	103	161	167	129	99	98	154	101	166	173	182	139	104	170	165	159	104	136	154	151	98	166	102	159	113	101	157	105	96	92	156	143	128	146	166	177	129	93	99	163	103	94	97	119	135	93	101	117	165	162	163	101	98	92	104	140	142	93	162	102	164	98	107	101	97	97	209	215	200	213	147	153	231	225	152	231		
13:17:24	36.9	101	97	150	168	98	105	166	100	98	159	167	128	106	100	153	101	163	175	180	139	105	166	169	165	100	135	153	152	94	163	98	153	115	103	156	100	96	92	161	138	126	147	169	180	132	97	101	165	104	92	95	122	138	93	103	120	164	164	170	99	97	93	101	140	141	91	160	99	163	97	107	103	96	91	216	215	204	206	149	149	232	222	158	230		
13:21:24	37.0	102	94	151	169	101	99	160	100	101	155	164	129	102	100	154	100	167	163	178	136	103	167	161	166	99	136	155	156	95	164	102	155	111	100	154	100	95	91	156	143	128	149	161	171	130	99	101	160	106	94	98	121	138	91	104	119	163	162	167	98	98	90	102	143	140	92	165	98	162	98	105	104	90	93	206	213	199	213	146	149	237	218	158	230		
13:25:24	37.0	100	98	152	169	102	102	166	100	102	160	170	133	108	103	153	100	163	175	179	137	103	169	166	159	105	142	157	158	98	161	100	159	112	101	157	99	96	93	161	140	123	150	161	171	129	93	102	162	106	93	97	120	136	96	102	115	161	162	169	102	100	91	103	140	137	95	158	97	170	101	103	99	97	95	213	215	204	211	156	156	232	224	159	243		
13:29:24	37.0	100	93	151	166	98	102	163	106	97	156	167	126	103	99	150	100	164	169	177	135	104	164	163	161	102	132	151	151	96	159	99	157	109	100	155	100	95	92	156	134	125	144	158	167	128	94	100	160	102	94	98	121	135	93	99	116	165	162	167	102	97	91	102	144	135	90	159	100	166	96	107	102	95	95	206	213	203	212	148	151	229	219	161	230		
13:33:24	37.0	106	97	153	173	97	107	167	105	103	155	163	136	104	102	152	102	168	178	180	134	108	166	163	165	101	138	158	158	95	165	100	166	117	102	155	104	99	92	162	138	127	151	163	180	131	95	108	164	107	96	95	120	144	95	104	121	166	163	170	102	98	93	100	143	140	89	164	101	167	96	107	102	97	96	213	218	204	218	156	158	237	225	160	241		
13:37:24	37.0	103	97	151	166	102	106	162	104	100	158	160	127	101	99	154	103	163	174	177	139	104	163	165	160	98	137	158	150	100	162	98	160	116	101	156	99	98	92	160	138	125	144	164	172	133	97	98	166	109	95	97	121	139	92	104	118	160	160	164	99	98	94	105	134	136	95	159	98	167	100	104	99	95	97	208	220	203	210	153	152	234	224	160	241		
13:41:24	37.0	106	97	153	168	104	104	162	106	102	157	163	129	103	100	158	103	164	168	179	139	103	166	164	163	102	137	154	156	99	162	100	163	116	102	156	101	102	97	158	141	123	146	163	173	127	98	102	164	105	93	96	122	137	92	102	122	167	159	160	101	100	92	101	142	137	90	162	96	165	102	103	107	99	94	219	220	204	219	152	158	238	221	158	232		
13:45:24	37.0	106	94	152	169	104	101	164	109	99	155	164	137	105	104	150	101	170	178	180	138	107	165	161	163	105	140	159	155	100	169	100	166	118	102	156	100	97	92	154	140	127	146	164	182	131	91	103	167	107	92	98	121	137	95	103	118	161	166	164	104	100	97	106	140	145	92	160	101	163	97	106	104	99	94	216	227	203	222	151	153	248	228	158	244		
13:49:24	37.0	104	96	149	163	103	102	160	103	101	156	160	126	107	99	153	102	164	173	172	137	108	164	161	160	101	138	150	153	98	164	103	157	112	100	156	102	96	93	153	140	119	142	161	172	133	96	101	166	103	93	95	119	135	93	104	116	165	164	169	105	94	94	104	132	139	94	161	96	162	102	106	105	96	94	214	215	201	216	149	150	240	222	161	236		
13:53:24	37.0	105	96	146	167	102	104	164	103	104	160	164	129	107	100	151	104	160	170	175	134	108	162	164	157	100	137	152	156	98	166	103	158	113	100	155	101	100	97	156	140	126	142	163	177	132	94	100	161	105	92	99	115	135	91	103	121	164	167	168	101	99	95	102	140	138	90	159	101	163	100	108	104	97	96	212	213	205	220	149	154	240	223	161	239		
13:57:24	37.0	100	96	146	168	102	101	159	101	99	151	160	129	103	101	150	102	164	170	169	134	104	162	160	156	98	131	150	153	97	158	100	160	114	101	151	97	97	94	152	142	126	144	157	170	131	91	99	160	102	97	97	116	133	96	100	122	156	153	160	99	99	91	102	138	138	92	158	96	163	99	101	100	94	89	215	218	206	215	148	150	242	223	154	236		
14:01:24	37.0	102	93	150	166	97	104	162	102	101	155	162	125	103	98	146	99	157	166	173	136	108	166	162	161	102	131	153	149	98	161	102	154	113	102	156	100	99	91	149	136	123	143	162	169	125	96	102	154	103	92	93	114	135	97	99	118	164	157	162	96	98	93	103	138	137	93	159	97	163	102	106	101	92	91	208	215	201	215	156	152	234	227	160	234		
14:05:24	37.0	100	99	145	164	103	103	158	104	99	152	161	127	101	97	155	103	162	170	174	139	106	164	157	156	100	137	155	151	99	166	104	157	113	101	154	97	98	92	152	133	125	143	161	172	132	94	106	162	106	97	94	119	132	93	104	115	170	160	164	101	102	95	102	135	135	93	163	96	160	104	106	103	94	93	213	214	205	214	148	156	233	222	161	237		
14:09:24	37.0	98	95	144	159	98	101	155	98	97	148	161	127	102	94	148	103	157	165	171	130	104	158	156	153	101	131	150	146	94	158	100	152	111	99	152	99	97	93	149	134	116	144	158	164	124	91	102	154	103	92	94	111	132	91	100	118	159	154	161	97	99	92	100	136	135	89	159	97	163	97	105	104	93	91	209	208	205	210	145	154	226	215	158	230		
14:13:24	37.0	101	95	146	162	105	101	159	103	99	149	162	127	104	98	149	102	158	172	172	130	102	158	160	155	101	136	151	147	97	155	104	155	110	100	151	97	96	94	150	137	123	146	159	168	128	100	104	159	104	96	98	115	136	96	101	116	162	159	161	102	96	93	105	139	140	93	158	98	160	99	107	101	97	93	210	220	205	211	148	152	242	222	160	227		
14:17:24	37.0	98	94	143	159	99	101	160	101	98	158	156	130	101	103	151	100	157	166	171	135	107	159	161	153	100	133	150	148	94	161	100	151	114	98	150	98	96	90	147	135	121	144	156	166	129	96	99	153	103	96	94	116	131	94	96	115	161	156	160	100	96	97	104	131	133	92	157	96	165	99	106	100	96	93	207	217	203	209	152	151	234	221	159	239		
14:21:24	37.0	107	95	147	168	104	104	157	100	97	158	157	128	103	102	150	101	161	164	176	131	105	160	158	155	102	134	152	148	101	161	103	152	112	103	153	100	99	94	155	135	119	145	158	165	130	98	103	156	104	91	99	116	133	92	100	117	163	157	163	100	99	97	104	140	137	93	155	100	159	99	107	105	99	94	207	218	203	218	148	149	243	226	164	246		
14:25:24	37.0	98	97	146	158	99	101	154	105	98	148	154	126	101	100	151	103	159	169	175	129	105	157	154	153	102	129	146	146	100	159	105	152	111	103	151	96	96	95	153	132	122	144	154	169	124	93	100	158	102	92	97	112	133	91	100	116	153	158	155	98	98	93	99	133	135	91	156	99	158	97	106	102	95	90	209	216	200	208	150	152	234	221	158	233		
14:29:24	37.0	106	96	143	162	101	105	159	108	97	154	162	130	106	99	150	101	159	169	173	136	104	166	162	158	102	134	157	152	96	162	103	151	112	106	151	100	96	93	157	136	119	144	154	171	121	97	102	158	104	95	98	117	135	96	101	117	161	157	163	101	104	92	103	138	140	93	155	99	168	95	108	104	97	97	214	223	205	217	150	156	242	225	160	238		
14:33:24	37.0	102	96	145	162	103	104	154	103	101	150	157	126	103	101	148	98	153	164	168	135	107	160	154	156	103	130	151	146	96	154	99	149	111	102	149	98	95	95	151	134	119	144	157	172	125	100	100	155	101	91	96	113	133	95	97	117	160	153	163	100	94	93	104	134	132	90	157	94	168	96	107	101	94	95	211	221	206	217	149	151	233	222	158	236		
0:00:00																																																																																							
0:00:00																																																																																							
0:00:00																																																																																							
0:00:00																																																																																							
0:00:00																																																																																							
0:00:00																																																																																							
0:00:00																																																																																							
0:00:00																																																																																							
0:00:00																																																																																							
0:00:00																																																																																							
0:00:00																																																																																							
0:00:00																																																																																							
0:00:00																																																																																							
0:00:00																																																																																							
0:00:00																																																																																							
0:00:00																																																																																							
0:00:00																																																																																							
0:00:00																																																																																							
0:00:00																																																																																							
0:00:00																																																																																							
0:00:00																																																																																							
0:00:00																																																																																							
0:00:00																																																																																							
0:00:00																																																																																							
0:00:00																																																																																							
0:00:00																																																																																							
0:00:00																																																																																							
0:00:00																																																																																							
0:00:00																																																																																							
0:00:00																																																																																							
0:00:00																																																																																							
0:00:00																																																																																							
0:00:00																																																																																							
0:00:00																																																																																							
0:00:00																																																																																							
0:00:00																																																																																							
0:00:00																																																																																							
0:00:00																																																																																							
0:00:00																																																																																							
0:00:00																																																																																							
0:00:00																																																																																							
0:00:00																																																																																							
0:00:00																																																																																							
0:00:00																																																																																							
0:00:00																																																																																							
0:00:00																																																																																							
0:00:00																																																																																							
0:00:00																																																																																							
0:00:00																																																																																							
0:00:00																																																																																							
0:00:00																																																																																							
0:00:00																																																																																							
0:00:00																																																																																							
0:00:00																																																																																							
0:00:00																																																																																							
0:00:00																																																																																							
0:00:00																																																																																							
0:00:00																																																																																							
0:00:00																																																																																							
0:00:00																																																																																							
0:00:00																																																																																							
0:00:00																																																																																							
0:00:00																																																																																							
0:00:00																																																																																							
0:00:00																																																																																							
0:00:00																																																																																							
0:00:00																																																																																							
0:00:00																																																																																							
0:00:00																																																																																							
0:00:00																																																																																							
0:00:00																																																																																							
0:00:00																																																																																							
0:00:00																																																																																							
0:00:00																																																																																							
0:00:00																																																																																							
0:00:00																																																																																							
0:00:00																																																																																							
0:00:00																																																																																							
0:00:00																																																																																							
0:00:00																																																																																							
0:00:00																																																																																							
0:00:00																																																																																							
0:00:00																																																																																							
0:00:00																																																																																							
0:00:00																																																																																							
0:00:00																																																																																							
0:00:00																																																																																							
0:00:00																																																																																							
0:00:00																																																																																							
0:00:00																																																																																							
0:00:00																																																																																							
0:00:00																																																																																							
0:00:00																																																																																							
0:00:00																																																																																							
0:00:00																																																																																							
0:00:00																																																																																							
0:00:00																																																																																							
0:00:00																																																																																							
0:00:00																																																																																							
0:00:00																																																																																							
0:00:00																																																																																							
0:00:00																																																																																							
0:00:00																																																																																							
0:00:00																																																																																							
0:00:00																																																																																							
0:00:00																																																																																							
0:00:00																																																																																							
0:00:00																																																																																							
0:00:00																																																																																							
0:00:00																																																																																							
0:00:00																																																																																							
0:00:00																																																																																							
0:00:00																																																																																							
0:00:00																																																																																							
0:00:00																																																																																							
0:00:00																																																																																							
0:00:00																																																																																							
0:00:00																																																																																							
0:00:00																																																																																							
0:00:00																																																																																							
0:00:00																																																																																							
0:00:00																																																																																							
0:00:00																																																																																							
0:00:00																																																																																							
0:00:00																																																																																							
0:00:00																																																																																							
0:00:00																																																																																							
0:00:00																																																																																							
0:00:00																																																																																							
0:00:00																																																																																							
0:00:00																																																																																							
0:00:00																																																																																							
0:00:00																																																																																							
0:00:00																																																																																							
0:00:00																																																																																							
0:00:00																																																																																							
0:00:00																																																																																							
0:00:00																																																																																							
0:00:00																																																																																							
0:00:00																																																																																							
0:00:00																																																																																							
0:00:00																																																																																							

BFP and GFP:370,445

Time	T° BFP and GFP:370,445	A1	A2	A3	A4	A5	A6	A7	A8	A9	A10	A11	A12	B1	B2	B3	B4	B5	B6	B7	B8	B9	B10	B11	B12	C1	C2	C3	C4	C5	C6	C7	C8	C9	C10	C11	C12	D1	D2	D3	D4	D5	D6	D7	D8	D9	D10	D11	D12	E1	E2	E3	E4	E5	E6	E7	E8	E9	E10	E11	E12	F1	F2	F3	F4	F5	F6	F7	F8	F9	F10	F11	F12	G1	G2	G3	G4	G5	G6	G7	G8	G9	G10	G11	G12	H11	H12
0:02:05	37.0	14752	14483	14509	14303	14205	14316	14334	14270	14418	14322	14456	14060	14510	14897	14809	14817	14481	14572	14731	14724	14691	14640	14506	14599	15291	14992	14904	15075	15109	14944	15013	15036	14919	14895	14702	14383	15043	15237	15219	15282	15389	15156	15114	15182	15051	15079	14875	14652	15279	15135	15014	15017	15262	15057	14936	15004	14914	14806	13449	15085	14783	15163	15059	15144	15203	15015	15128	15002	14943	14874	14688	14654	16456	16470	1849	1878	1908	1882	1868	1890	1919	1908	1893	1919		
0:06:05	37.0	14091	13852	13865	13786	13732	13830	13855	13670	13875	13841	14531	13469	13848	14269	14371	14282	13991	14146	14202	14178	14221	14114	13968	14032	14650	14467	14439	14616	14631	14479	14655	14656	14506	14490	14218	13860	14395	14488	14701	14739	14920	14732	14796	14723	14657	14650	14283	14267	14489	14618	14655	14532	14710	14584	14542	14710	14420	14250	13126	14639	14098	14616	14671	14550	14599	14489	14569	14501	14379	14327	14239	14040	15622	15652	1835	1859	1862	1849	1827	1845	1906	1901	1884	1894		
0:10:05	37.0	13773	13608	13660	13617	13500	13616	13724	13429	13640	13680	14267	13214	13573	13938	14103	13887	13721	13725	14053	13829	13927	13901	13747	13705	14396	14149	14199	14166	14277	14146	14378	14259	14332	14220	13819	13497	14068	14373	14516	14366	14792	14444	14517	14507	14301	14308	14166	14083	14304	14309	14201	14130	14560	14197	14204	14278	14175	14000	12799	14423	13696	14142	14229	14251	14403	14280	14331	14258	14197	14065	14059	13684	15291	15373	1816	1846	1846	1872	1812	1842	1878	1875	1863	1893		
0:14:05	37.0	13614	13435	13589	13476	13330	13422	13462	13312	13563	13524	14075	13037	13368	13651	13979	13695	13708	13700	13818	13580	13863	13840	13624	13518	14196	13944	13966	13991	14167	14052	14238	14175	14225	14006	13841	13386	13933	14159	14317	14109	14505	14254	14288	14329	14074	14064	13962	13925	14153	14022	13870	13966	14217	14032	14068	14032	14049	13933	12574	14013	13525	13936	13972	14030	14154	14113	14154	13972	13989	13818	13856	13387	15105	15151	1800	1852	1861	1844	1794	1843	1881	1876	1851	1878		
0:18:05	37.0	13589	13303	13468	13364	13162	13313	13439	13217	13448	13415	13947	13138	13197	13553	13803	13515	13479	13548	13732	13537	13670	13618	13441	13447	14047	13816	13856	13922	14039	13980	14050	13979	13995	13910	13678	13273	13891	14010	14152	14054	14316	14091	14228	14266	13926	14022	13888	13753	14029	13949	13876	13889	14117	13895	13821	13891	14044	13714	12579	13843	13329	13719	13765	13909	14064	13929	14143	13823	13886	13624	13738	13359	15050	14915	1798	1841	1863	1860	1800	1812	1874	1856	1841	1881		
0:22:05	37.0	13523	13403	13444	13190	13283	13305	13310	13085	13357	13381	13932	12965	13134	13468	13675	13468	13442	13438	13619	13513	13653	13588	13341	13309	13992	13768	13835	13850	13943	13871	13944	13944	13846	13674	13583	13137	13808	13977	14135	13988	14142	14087	14076	14130	13789	13962	13767	13669	13905	13570	13719	13742	14052	13815	13719	13778	13792	13733	12444	13708	13280	13528	13654	13824	14082	13672	13981	13729	13737	13441	13566	13209	14867	14766	1796	1821	1840	1825	1820	1810	1868	1852	1817	1864		
0:26:05	36.9	13401	13294	13291	13214	13226	12978	13251	12979	13325	13355	13747	12924	13100	13294	13580	13412	13346	13385	13447	13468	13501	13528	13316	13307	13980	13698	13771	13722	13897	13762	13777	13848	13632	13561	13517	13078	13637	13820	13944	13873	14030	14021	13891	14019	13821	13885	13626	13508	13789	13449	13482	13748	14020	13581	13732	13796	13683	13663	12344	13674	13239	13465	13639	13879	13927	13588	13789	13574	13642	13485	13528	13127	14906	14722	1786	1817	1825	1835	1796	1814	1875	1854	1858	1840		
0:30:05	37.0	13151	13299	13205	13212	13193	13003	13254	13021	13276	13234	13583	12989	12972	13355	13446	13290	13230	13314	13518	13416	13501	13471	13293	13181	13833	13702	13695	13740	13861	13687	13827	13901	13629	13432	13476	12980	13609	13792	13950	13926	13873	13937	13886	13924	13768	13808	13545	13454	13739	13395	13448	13702	13952	13540	13611	13663	13647	13557	12493	13712	13255	13551	13545	13821	13871	13517	13795	13461	13719	13434	13570	13121	14820	14769	1782	1813	1836	1839	1768	1824	1854	1851	1828	1852		
0:34:05	37.0	13193	13108	13227	13121	13033	13008	13136	12964	13242	13226	13655	12919	13068	13244	13394	13221	13135	13363	13406	13462	13356	13441	13234	13132	13822	13616	13599	13721	13761	13698	13666	13759	13666	13399	13480	13014	13543	13682	13876	13839	13824	13899	13862	13812	13752	13766	13509	13405	13761	13422	13535	13762	13874	13573	13676	13733	13505	13503	12273	13683	13152	13425	13548	13816	13958	13486	13632	13519	13653	13398	13390	13245	14813	14698	1787	1832	1840	1836	1787	1820	1848	1837	1832	1859		
0:38:05	37.0	13203	12970	13346	13047	12874	12940	13093	12981	13226	13187	13817	13021	13033	13240	13459	13193	13185	13163	13440	13314	13408	13444	13226	13227	13730	13608	13613	13706	13723	13614	13610	13683	13569	13354	13352	12979	13580	13712	13827	13835	13863	13791	13889	13726	13699	13743	13561	13477	13680	13412	13414	13644	13963	13390	13639	13644	13471	13470	12380	13629	13215	13432	13545	13744	13867	13405	13751	13519	13563	13393	13493	13132	14868	14634	1801	1813	1831	1825	1776	1823	1840	1852	1829	1863		
0:42:05	37.0	13191	13059	13215	13087	12777	12864	13106	12984	13135	13207	13649	12933	12995	13232	13403	13313	13153	13318	13291	13427	13303	13299	13216	13121	13809	13588	13585	13576	13527	13572	13616	13745	13583	13336	13429	13002	13591	13655	13851	13799	13922	13772	13676	13834	13726	13728	13474	13359	13665	13407	13436	13625	13897	13605	13638	13680	13547	13572	12286	13620	13178	13350	13561	13757	13788	13442	13606	13388	13565	13319	13317	13144	14848	14654	1771	1812	1841	1808	1759	1820	1834	1831	1820	1849		
0:46:05	37.0	13192	13106	13181	12983	12805	12856	13134	12885	13200	13191	13599	12945	12992	13266	13417	13198	13109	13261	13299	13389	13352	13363	13237	13222	13807	13561	13609	13666	13449	13582	13534	13687	13437	13444	13339	13036	13575	13675	13693	13771	14003	13781	13690	13722	13690	13790	13440	13391	13613	13303	13311	13724	13868	13475	13557	13645	13465	13521	12305	13661	13205	13399	13497	13694	13821	13428	13686	13395	13597	13323	13362	13094	14711	14550	1777	1810	1829	1836	1760	1814	1833	1858	1832	1829		
0:50:05	37.0	13153	13016	13157	13061	12846	12893	13169	12887	13275	13162	13685	12934	13137	13180	13444	13293	13122	13206	13337	13431	13346	13402	13263	13145	13837	13551	13570	13612	13398	13519	13510	13708	13588	13430	13311	13036	13515	13719	13728	13893	13896	13800	13741	13693	13664	13804	13312	13368	13671	13348	13448	13577	13778	13473	13584	13685	13530	13406	12278	13688	13207	13395	13603	13723	13856	13538	13618	13379	13521	13294	13443	13162	14831	14650	1780	1837	1837	1823	1793	1802	1849	1854	1834	1856		
0:54:05	37.0	13138	12976	13219	13130	12847	12915	13155	13017	13161	13116	13441	12922	12908	13218	13318	13199	13048	13142	13326	13391	13317	13343	13239	13056	13746	13598	13545	13611	13438	13548	13592	13642	13479	13436	13359	12984	13506	13662	13811	13744	13780	13774	13760	13727	13723	13739	13262	13382	13632	13399	13301	13604	13853	13464	13554	13667	13519	13349	12255	13662	13160	13433	13444	13799	13861	13501	13676	13395	13542	13350	13414	13205	14783	14589	1769	1806	1825	1818	1763	1791	1834	1847	1832	1831		
0:58:05	37.0	13225	12940	13102	13130	12794	12857	13074	12849	12937	13173	13665	12930	12956	13226	13309	13235	13085	13305	13327	13395	13301	13310	13213	13197	13733	13582	13566	13636	13357	13542	13474	13558	13502	13413	13307	13027	13477	13614	13787	13701	13879	13760	13716	13762	13672	13755	13224	13372	13555	13367	13488	13588	13848	13496	13555	13603	13411	13424	12270	13607	13154	13381	13432	13789	13895	13447	13642	13439	13485	13310	13380	13107	14885	14504	1776	1800	1849	1825	1780	1821	1852	1845	1830	1841		
1:02:05	37.0	13138	12973	13250	13066	12765	12935	13155	12860	12883	13157	13507	12961	12918	13246	13393	13252	13092	13187	13359	13412	13373	13339	13182	13145	13733	13599	13560	13657	13481	13608	13514	13601	13537	13383	13403	12985	13461	13454	13720	13791	13848	13727	13721	13756	13648	13814	13264	13365	13628	13407	13403	13639	13868	13411	13588	13610	13401	13395	12388	13582	13126	13439	13517	13767	13731	13521	13639	13387	13595	13319	13416	13053	14779	14644	1766	1819	1839	1816	1777	1794	1843	1852	1830	1871		
1:06:05	37.0	13191	12994	13143	13049	12820	12827	13091	12878	12927	13167	13280	12904	13022	13144	13372	13199	13144	13295	13341	13400	13305	13327	13169	13094	13770	13570	13539	13717	13434	13571	13521	13642	13575	13324	13309	12972	13507	13486	13680	13745	13922	13676	13673	13671	13681	13733	13227	13459	13603	13392	13354	13651	13859	13400	13520	13682	13489	13478	12301	13656	13154	13439	13471	13771	13737	13492	13621	13413	13541	13312	13397	13130	14701	14606	1779	1814	1827	1822	1757	1797	1843	1844	1826	1841		
1:10:05	37.0	13164	13009	13226	13119	12781	12832	13078	13004	12930	13186	13433	12987	13054	13143	13331	13170	13108	13201	13281	13355	13362	13346	13212	13105	13787	13528	13588	13601	13336	13622	13515	13650	13485	13365	13342	12965	13469	13493	13750	13758	13805	13780	13635	13665	13709	13684	13303	13353	13630	13342	13341	13630	13866	13373	13587	13625	13460	13547	12284	13697	13184	13363	13490	13706	13843	13445	13598	13372	13544	13299	13448	13115	14680	14597	1755	1810	1813	1840	1764	1802	1835	1841	1814	1858		
1:14:05	37.0	13100	12986	13242	13071	12830	12835	13175	12874	12899	13206	13410	12926	13009	13241	13406	13249	13024	13202	13382	13420	13307	13334	13195	13116	13768	13555	13539	13542	13420	13577	13527	13674	13518	13389	13360	12962	13478	13423	13798	13697	13819	13829	13667	13668	13626	13474	13187	13417	13615	13327	13380	13692	13884	13402	13649	13573	13345	13419	12295	13613	13252	13354	13395	13741	13817	13470	13591	13380	13504	13163	13397	13096	14632	14614	1778	1813	1815	1830	1745	1802	1841	1838	1808	1833		
1:18:05	37.0	13171	13040	13248	13114	12808	12923	13194	12993	12894	13118	13413	12873	13057	13297	13333	13235	13057	13211	13356	13321	13364	13287	13296	13064	13719	13578	13547	13607	13424	13569	13588	13699	13514	13395	13372	13015	13453	13468	13764	13729	13894	13625	13736	13775	13624	13447	13311	13439	13578	13459	13341	13664	13883	13310	13638	13642	13480	13542	12229	13538	13132	13411	13360	13725	13776	13421	13583	13417	13529	13290	13410	13087	14775	14564	1786	1813	1832	1809	1742	1790	1829	1843	1826	1826		
1:22:05	37.0	13136	13036	13248	13035	12835	13016	13132	12921	12952	13198	13340	13062	12954	13209	13382	13208	13085	13159	13308	13435	13441	13334	13245	13078	13681	13534	13584	13617	13484	13614	13449	13655	13398	13429	13415	12975	13534	13432	13789	13705	13953	13873	13662	13748	13696	13492	13342	13428	13693	13418	13381	13548	13849	13370	13603	13575	13465	13380	12299	13626	13186	13380	13435	13754	13865	13410	13719	13388	13526	13356	13459	13131	14687	14510	1765	1814	1830	1819	1746	1805	1843	1828	1830	1843		
1:26:05	37.0	13127	13022	13167	13097	12827	12873	13110	12915	13001	13144	13314	12974	12986	13296	13418	13316	13121	13250	13301	13429	13334	13321	13266	13130	13781	13637	13502	13609	13449	13518	13500	13629	13532	13314	13386	12959	13336	13452	13741	13717	13842	13685	13757	13661	13617	13339	13296	13501	13661	13331	13336	13697	13962	13479	13666	13671	13478	13574	12276	13604	13148	13384	13411	13775	13856	13494	13615	13394	13498	13280	13428	13123	14462	14640	1764	1815	1822	1832	1765	1806	1832	1858	1814	1842		
1:30:05	37.0	13089	13041	13179	13078	12807	12928	13141	12900	12922	13217	13311	12937	12993	13210	13381	13173	13072	13145	13370	13490	13201	13319	13216	13241	13759	13666	13577	13620	13447	13529	13552	13735	13579	13361	13282	12982	13341	13462	13654	13767	13863	13774	13724	13771	13703	13485	13282	13388	13538	13404	13354	13558	13867	13477	13567	13683	13523	13492	12338	13604	13213	13414	13476	13683	13798	13472	13582	13393	13489	13360	13463	13173	14405	14514	1783	1822	1819	1828	1751	1812	1823	1830	1828	1813		
1:34:05	37.0	13164	13096	13227	13094	12832	12879	13074	12979	12893	13254	13206	12956	13052	13180	13354	13319	13113	13214	13262	13464	13246	13288	13251	13182	13749	13567	13526	13564	13488	13537	13522	13596	13476	13464	13374	13010	13445	13510	13750	13774	13883	13731	13784	13652	13733	13508	13285	13470	13553	13375	13359	13684	13858	13438	13565	13631	13507	13459	12216	13655	13222	13391	13406	13811	13789	13387	13741	13404	13647	13212	13454	13169	14366	14491	1770	1813	1822	1818	1763	1776	1835	1821	1821	1849		
1:38:05	37.0	13239	13025	13157	13100	12782	12828	13120	13010	12927	13238	13319	12938	13055	13211	13410	13231	13144	13259	13426	13337	13195	13358	13253	13140	13533	13570	13505	13625	13492	13454	13612	13720	13552	13333	13428	12976	13371	13393	13818	13775	13941	13776	13647	13733	13679	13529	13243	13454	13516	13498	13357	13535	13874	13490	13613	13650	13402	13468	12356	13688	13229	13460	13481	13729	13826	13544	13671	13330	13519	13233	13353	13195	14407	14587	1765	1808	1826	1811	1768	1784	1829	1830	1814	1837		
1:42:05	37.0	13198	13049	13207	13094	12853	12832	13168	12897	12928	13207	13277	12960	13023	13205	13374	13279	13098	13179	13341	13417	13236	13397	13254	13080	13524	13583	13546	13629	13451	13477	13541	13672	13596	13438	13307	12986	13371	13477	13735	13755	13972	13705	13717	13718	13675	13452	13327	13431	13599	13417	13419	13599	13874	13510	13574	13756	13459	13464	12276	13610	13153	13391	13508	13762	13769	13521	13584	13360	13561	13297	13367	13074	14369	14445	1779	1807	1820	1804	1779	1806	1817	1846	1837	1851		
1:46:05	37.0	13189	13137	13204	13204	12838	13000	13077	12940	13007	13285	13281	12924	13004	13280	13438	13196	13139	13173	13350	13362	13269	13399	13216	13201	13426	13641	13553	13705	13445	13666	13554	13582	13549	13467	13364	13041	13422	13506	13863	13764	13866	13785	13740	13688	13675	13431	13214	13448	13573	13365	13360	13673	13986	13485	13645	13725	13490	13507	12227	13608	13204	13423	13498	13761	13765	13523	13708	13398	13651	13377	13525	13074	14261	14449	1773	1812	1808	1827	1749	1784	1803	1843	1823	1824		
1:50:05	37.0	13168	13120	13317	13073	12830	12928	13139	12955	12983	13281	13328	12948	13037	13255	13432	13242	13183	13219	13333	13342	13215	13296	13248	13118	13540	13648	13560	13665	13472	13609	13587	13765	13580	13424	13410	12989	13424	13509	13813	13785	13941	13727	13787	13694	13653	13528	13324	13362	13664	13370	13389	13666	13918	13535	13632	13725	13479	13517	12307	13659	13249	13406	13475	13817	13857	13437	13720	13451	13512	13333	13457	13122	14345	14501	1765	1813	1811	1829	1777	1794	1859	1834	1814	1841		
1:54:05	37.0	13194	13130	13176	13130	12920	12873	13235	12898	12996	13216	13388	12887	13074	13187	13434	13260	13195	13156	13314	13411	13182	13328	13224	13084	13460	13659	13626	13597	13469	13618	13697	13651	13522	13359	13415	13050	13312	13485	13773	13801	13850	13809	13724	13761	13787	13651	13345	13427	13643	13487	13347	13616	13860	13401	13589	13712	13490	13468	12341	13623	13242	13489	13534	13842	13886	13518	13714	13508	13567	13376	13406	13178	14446	14446	1766	1809	1826	1820	1759	1814	1831	1845	1822	1832		
1:58:05	37.0	13126	13073	13193	13052	12811	12884	13153	12977	12911	13256	13345	12977	13081	13228	13457	13238	13082	13230	13429	13431	13251	13364	13273	13146	13405	13585	13511	13611	13449	13575	13533	13585	13638	13419	13399	13089	13397	13488	13768	13645	13912	13811	13733	13745	13683	13497	13338	13418	13624	13427	13423	13665	13876	13455	13619	13753	13495	13493	12282	13702	13259	13417	13578	13761	13833	13532	13649	13506	13586	13416	13455	13186	14408	14547	1758	1809	1826	1821	1762	1782	1841	1824	1825	1831		
2:02:05	37.0	13141	13162	13249	13208	12911	12829	13170	12947	12942	13309	13215	12925	13055	13247	13379	13247	13205	13316	13308	13484	13113	13439	13317	13155	13476	13614	13654	13723	13590	13612	13511	13723	13542	13370	13380	12991	13389	13537	13830	13812	13939	13756	13719	13774	13746	13510	13350	13456	13603	13421	13474	13595	13964	13540	13608	13679	13376	13547	12360	13600	13215	13360	13522	13796	13875	13520	13597	13372	13627	13392	13475	13126	14417	14556	1781	1812	1825	1826	1769	1799	1807	1827	1827	1841		
2:06:05	37.0	13263	12989	13263	13128	12858	12899	13110	12878	12921	13237	13182	12918	13014	13217	13447	13172	13153	13258	13265	13434	13306	13352	13240	13120	13464	13639	13592	13620	13488	13594	13551	13560	13587	13356	13371	12986	13422	13621	13757	13812	13913	13773	13728	13805	13714	13483	13327	13486	13677	13484	13431	13613	13965	13492	13684	13593	13492	13413	12361	13561	13239	13457	13518	13702	13864	13461	13687	13549	13583	13374	13524	13201	14399	14631	1785	1807	1828	1823	1769	1788	1835	1837	1810	1834		
2:10:05	37.0	13157	13051	13266	13129	12821	12958	13160	13007	13025	13203	13059	12921	12977	13197	13500	13262	13283	13183	13337	13430	13220	13345	13266	13141	13397	13554	13560	13763	13432	13669	13550	13679	13522	13380	13362	12915	13456	13461	13840	13816	14019	13757	13737	13749	13806	13531	13239	13428	13630	13403	13359	13613	13872	13475	13604	13668	13510	13556	12249	13745	13240	13384	13449	13812	13845	13533	13692	13441	13667	13316	13385	13149	14442	14618	1768	1796	1832	1805	1769	1795	1839	1825	1831	1838		
2:14:05	37.0	13157	13006	13253	13150	12819	12971	13174	12908	12926	13205	13196	12991	13041	13270	13401	13206	13095	13318	13394	13445	13280	13421	13241	13156	13542	13675	13613	13677	13453	13546	13569	13740	13618	13394	13314	12948	13415	13495	13819	13848	13969	13784	13672	13692	13780	13556	13286	13454	13644	13427	13390	13664	13834	13541	13637	13687	13545	13494	12342	13661	13204	13503	13517	13811	13921	13454	13702	13453	13588	13347	13483	13151	14495	14491	1765	1801	1807	1830	1773	1803	1836	1835	1814	1842		
2:18:05	37.0	13191	13046	13232	13142	12820	12945	13193	12879	12865	13223	13333	13002	13113	13299	13470	13327	13238	13248	13421	13423	13273	13367	13268	13277	13484	13657	13548	13587	13451	13555	13539	13620	13578	13464	13505	13045	13381	13653	13841	13801	14011	13788	13702	13799	13858	13488	13225	13498	13629	13480	13360	13737	13934	13529	13570	13706	13483	13429	12300	13659	13149	13440	13483	13837	13833	13437	13613	13460	13678	13335	13471	13130	14390	14497	1777	1815	1809	1824	1775	1801	1828	1833	1827	1840		
2:22:05	37.0	13184	13127	13218	13164	12900	12912	13158	12867	12999	13225	13251	13033	13143	13345	13520	13213	13183	13169	13359	13439	13362	13391	13319	13220	13488	13649	13497	13712	13470	13591	13642	13735	13589	13382	13388	13040	13443	13464	13793	13781	13857	13799	13672	13734	13658	13492	13305	13397	13583	13544	13420	13695	13851	13442	13597	13619	13417	13492	12323	13689	13225	13433	13458	13737	13938	13478	13669	13440	13616	13357	13565	13168	14460	14487	1749	1791	1821	1820	1761	1776	1820	1835	1828	1841		
2:26:05	37.0	13203	13079	13246	13229	12949	12924	13134	12928	13011	13279	13336	12983	13137	13260	13435	13233	13205	13287	13338	13518	13326	13394	13311	13183	13512	13677	13595	13692	13539	13565	13674	13687	13561	13325	13411	13091	13417	13460	13830	13844	13871	13710	13722	13772	13780	13533	13343	13406	13629	13335	13418	13707	13892	13551	13576	13818	13526	13428	12317	13738	13193	13461	13532	13824	14000	13480	13686	13455	13664	13367	13503	13188	14353	14407	1780	1820	1811	1816	1754	1794	1836	1810	1821	1817		
2:30:05	37.0	13175	13097	13327	13105	12792	12954	13092	12971	13026	13257	13504	12940	13114	13331	13402	13338	13189	13288	13367	13478	13327	13363	13273	13170	13511	13622	13600	13679	13557	13600	13557	13679	13538	13339	13474	13089	13371	13524	13824	13855	13912	13749	13723	13762	13752	13542	13289	13545	13720	13383	13456	13555	13849	13521	13670	13655	13426	13523	12290	13727	13250	13411	13467	13852	13895	13541	13736	13507	13632	13349	13480	13127	14323	14459	1773	1808	1804	1816	1765	1798	1836	1813	1808	1832		
2:34:05	37.0	13227	13022	13242	13207	12891	12945	13112	13021	12962	13279	13362	12961	13063	13221	13459	13220	13203	13213	13444	13482	13242	13463	13265	13159	13556	13667	13653	13662	13414	13705	13555	13693	13700	13411	13440	12995	13399	13487	13826	13772	14032	13696	13845	13736	13716	13504	13285	13554	13623	13362	13364	13670	13903	13470	13682	13676	13587	13473	12279	13680	13175	13380	13530	13785	13876	13519	13663	13479	13618	13406	13528	13194	14327	14305	1760	1809	1839	1815	1772	1813	1831	1836	1807	1827		
2:38:05	37.0	13201	13052	13271	13201	12901	12933	13154	12953	12876	13188	13203	13036	13077	13206	13485	13189	13218	13175	13336	13497	13347	13534	13362	13145	13497	13619	13636	13707	13592	13651	13574	13687	13603	13355	13423	13082	13381	13555	13760	13778	14002	13731	13679	13830	13747	13571	13332	13520	13711	13569	13398	13675	13890	13535	13724	13698	13540	13465	12325	13706	13154	13475	13573	13805	13930	13519	13719	13376	13635	13324	13470	13123	14425	14426	1771	1781	1837	1822	1750	1774	1832	1832	1824	1830		
2:42:05	37.0	13181	13160	13238	13105	12843	12902	13162	12897	12980	13312	13230	12947	13068	13256	13475	13337	13180	13234	13383	13437	13351	13368	13278	13132	13419	13628	13624	13666	13510	13631	13475	13736	13570	13405	13350	13005	13383	13534	13888	13833	13968	13851	13735	13741	13765	13537	13232	13492	13568	13449	13418	13700	13989	13451	13608	13703	13517	13513	12346	13676	13173	13502	13533	13841	13901	13483	13671	13390	13588	13419	13556	13139	14375	14407	1767	1788	1813	1817	1751	1792	1828	1838	1830	1848		
2:46:05	37.0	13247	13047	13258	13107	12866	12974	13200	12854	12979	13303	13167	12975	13013	13360	13388	13310	13176	13347	13361	13425	13257	13484	13256	13222	13378	13617	13590	13729	13469	13643	13458	13731	13603	13383	13370	13033	13383	13528	13787	13768	13867	13792	13697	13841	13771	13553	13218	13504	13606	13394	13358	13721	13949	13508	13681	13735	13424	13537	12273	13712	13198	13446	13555	13907	13865	13606	13704	13453	13646	13394	13577	13136	14355	14352	1789	1795	1803	1821	1751	1787	1838	1821	1832	1837		
2:50:05	37.0	13291	13082	13268	13200	12860	12959	13261	13025	13118	13301	13217	12979	13007	13208	13458	13220	13204	13330	13425	13483	13264	13481	13355	13241	13509	13663	13644	13683	13507	13660	13538	13691	13607	13411	13396	13002	13440	13495	13886	13937	14030	13826	13755	13796	13664	13593	13425	13450	13709	13381	13480	13732	13840	13497	13650	13711	13542	13588	12372	13630	13306	13574	13550	13861	13860	13513	13691	13482	13643	13305	13532	13185	14330	14410	1761	1784	1797	1814	1761	1814	1836	1820	1803	1848		
2:54:05	37.0	13163	13051	13242	13156	12882	12935	13213	12916	12984	13258	13206	12991	13011	13256	13490	13149	13263	13303	13377	13457	13265	13454	13205	13132	13486	13684	13608	13650	13519	13635	13565	13758	13535	13377	13424	13034	13452	13579	13890	13831	13919	13756	13666	13775	13753	13504	13305	13393	13656	13473	13324	13635	14082	13459	13698	13676	13524	13583	12377	13637	13225	13438	13496	13756	13876	13547	13652	13439	13673	13377	13464	13248	14236	14397	1758	1790	1815	1806	1752	1797	1823	1837	1797	1832		
2:58:05	37.0	13252	13140	13194	13231	12903	12955	13171	13022	12970	13290	13165	13032	13007	13270	13484	13271	13182	13358	13310	13532	13323	13408	13297	13227	13600	13744	13616	13621	13452	13644	13542	13674	13624	13421	13414	13074	13497	13624	13769	13838	13950	13827	13788	13803	13765	13572	13366	13449	13654	13449	13507	13626	13946	13534	13635	13686	13574	13544	12337	13791	13259	13417	13515	13790	13898	13575	13679	13381	13590	13384	13529	13128	14289	14429	1752	1811	1813	1807	1747	1793	1822	1823	1820	1809		
3:02:05	37.0	13214	13044	13264	13260	12884	12892	13256	12880	13050	13296	13190	12979	13061	13324	13453	13291	13198	13309	13361	13447	13326	13408	13351	13185	13445	13661	13652	13755	13539	13648	13614	13712	13641	13517	13429	13037	13474	13501	13853	13905	13948	13800	13787	13827	13733	13539	13298	13391	13696	13508	13468	13732	14034	13489	13639	13706	13587	13602	12286	13776	13285	13476	13520	13805	13936	13499	13689	13544	13641	13349	13590	13205	14359	14389	1764	1787	1805	1804	1770	1794	1812	1821	1816	1844		
3:06:05	37.0	13172	13136	13293	13217	12897	13007	13138	12977	13016	13215	13266	12912	13121	13340	13470	13313	13285	13185	13458	13465	13346	13466	13393	13229	13502	13675	13624	13716	13504	13625	13603	13733	13577	13381	13334	13063	13504	13550	13814	13855	13954	13790	13725	13720	13798	13566	13341	13589	13601	13508	13390	13768	13977	13529	13766	13806	13565	13618	12348	13687	13287	13489	13591	13843	13915	13525	13740	13459	13681	13271	13539	13165	14364	14492	1750	1812	1815	1818	1736	1803	1842	1834	1818	1823		
3:10:05	37.0	13227	13099	13275	13296	12948	12974	13119	13024	12970	13249	13168	12997	13072	13351	13504	13311	13156	13303	13444	13500	13277	13417	13280	13201	13434	13681	13714	13689	13513	13622	13496	13753	13548	13401	13473	13089	13472	13544	13876	13841	13944	13915	13810	13774	13685	13521	13299	13453	13671	13509	13459	13667	13920	13597	13697	13714	13565	13537	12296	13705	13198	13544	13442	13813	13865	13543	13706	13454	13636	13422	13533	13170	14339	14429	1762	1803	1806	1807	1753	1780	1823	1821	1811	1840		
3:14:05	37.0	13090	13075	13340	13186	12906	12925	13218	12918	12957	13338	13239	13019	13093	13382	13472	13260	13202	13307	13374	13540	13327	13384	13277	13261	13522	13754	13699	13695	13584	13708	13622	13787	13549	13385	13471	13070	13435	13641	13967	13924	13911	13752	13859	13797	13755	13568	13366	13548	13693	13566	13430	13688	13928	13448	13625	13690	13505	13564	12319	13782	13289	13527	13487	13829	13890	13594	13784	13479	13640	13404	13488	13225	14306	14297	1778	1813	1813	1814	1726	1805	1808	1821	1813	1828		
3:18:05	37.0	13177	13091	13375	13219	12885	12967	13239	12926	13097	13288	13151	13012	13102	13268	13431	13281	13197	13196	13469	13448	13286	13500	13271	13121	13492	13725	13621	13740	13454	13711	13592	13741	13538	13525	13469	13091	13422	13615	13787	13885	14046	13790	13801	13810	13795	13572	13411	13517	13593	13506	13464	13654	13996	13519	13697	13733	13618	13509	12322	13757	13200	13594	13517	13849	13933	13589	13720	13486	13638	13422	13584	13158	14257	14234	1773	1808	1804	1826	1762	1789	1823	1810	1813	1833		
3:22:05	37.0	13158	13158	13302	13195	12865	13003	13198	13020	12908	13346	13199	13044	13070	13296	13526	13273	13208	13297	13357	13527	13394	13413	13283	13190	13509	13703	13655	13633	13478	13640	13646	13692	13623	13486	13457	13103	13470	13513	13798	13929	14009	13881	13788	13825	13790	13630	13365	13536	13660	13485	13454	13596	13923	13479	13668	13760	13572	13591	12397	13762	13153	13512	13653	13831	13910	13539	13657	13418	13634	13410	13566	13192	14228	14152	1749	1822	1818	1801	1762	1793	1818	1819	1817	1825		
3:26:05	37.0	13272	13194	13322	13214	12983	12995	13188	12961	13003	13239	13303	12941	13038	13314	13542	13388	13288	13291	13474	13471	13348	13441	13251	13119	13537	13684	13665	13795	13495	13581	13574	13749	13590	13409	13581	13115	13467	13578	13873	13844	13999	13813	13734	13810	13773	13603	13340	13574	13600	13409	13377	13726	13990	13537	13621	13766	13543	13552	12348	13791	13240	13512	13589	13906	13919	13536	13748	13616	13703	13375	13504	13182	14216	14114	1764	1817	1828	1813	1762	1777	1819	1836	1837	1839		
3:30:05	37.0	13214	13136	13292	13123	12878	12975	13254	13058	13045	13377	13279	13067	13155	13290	13504	13279	13243	13383	13403	13536	13213	13451	13346	13222	13556	13762	13667	13735	13636	13638	13653	13789	13670	13461	13456	13143	13551	13534	13958	13896	14035	13830	13816	13758	13828	13596	13466	13506	13689	13472	13489	13695	14004	13557	13652	13746	13580	13524	12352	13782	13297	13460	13557	13948	13884	13487	13732	13567	13657	13379	13542	13178	14144	14195	1770	1805	1826	1824	1758	1815	1833	1824	1815	1810		
3:34:05	37.0	13279	13142	13222	13192	12919	12833	13258	13021	13065	13287	13280	12939	13067	13362	13516	13433	13201	13371	13418	13590	13391	13474	13329	13125	13584	13764	13670	13702	13526	13648	13658	13816	13663	13442	13467	13136	13441	13632	13874	13819	13966	13847	13791	13925	13772	13557	13335	13501	13610	13581	13419	13756	13986	13618	13764	13740	13594	13536	12358	13628	13264	13458	13640	13791	14014	13522	13766	13515	13626	13339	13524	13178	14117	14055	1746	1794	1806	1805	1755	1794	1818	1807	1827	1827		
3:38:05	37.0	13281	13085	13290	13200	12893	13033	13115	12993	13055	13332	13216	12973	13111	13242	13500	13301	13185	13214	13447	13493	13354	13373	13266	13278	13543	13757	13610	13633	13515	13761	13644	13765	13710	13367	13521	13124	13431	13598	13939	13948	13882	13863	13744	13833	13789	13555	13360	13530	13527	13515	13449	13723	13968	13436	13628	13754	13576	13519	12343	13789	13264	13461	13509	13797	13965	13474	13749	13453	13741	13387	13564	13184	14057	14107	1759	1806	1812	1799	1760	1783	1849	1807	1815	1827		
3:42:05	37.0	13313	13107	13340	13263	12897	13029	13196	12973	13045	13352	13155	12940	13084	13378	13417	13302	13256	13295	13428	13466	13310	13405	13307	13248	13476	13728	13706	13826	13620	13647	13524	13737	13625	13417	13480	13183	13458	13603	13870	13890	14014	13872	13701	13785	13864	13580	13356	13626	13558	13505	13459	13706	14025	13559	13742	13717	13580	13549	12381	13803	13270	13429	13519	13713	13811	13559	13716	13448	13777	13356	13363	13118	14061	14065	1765	1784	1825	1812	1721	1801	1829	1826	1809	1824		
3:46:05	37.0	13158	13177	13302	13261	12868	12953	13195	12960	13002	13295	13200	12953	13176	13281	13568	13299	13246	13296	13419	13441	13309	13479	13401	13220	13491	13687	13728	13677	13528	13704	13710	13723	13609	13486	13446	13064	13485	13550	13872	13877	14114	13929	13798	13797	13774	13594	13326	13574	13587	13470	13453	13696	14013	13582	13660	13705	13542	13556	12423	13756	13347	13520	13578	13889	13956	13699	13713	13572	13659	13379	13278	13260	14076	14010	1773	1792	1809	1808	1754	1795	1828	1816	1798	1822		
3:50:05	37.0	13274	13123	13291	13177	12905	12981	13257	13025	12986	13306	13215	12979	13071	13361	13511	13293	13217	13282	13437	13518	13289	13525	13401	13272	13586	13634	13640	13725	13502	13664	13607	13803	13593	13381	13479	13076	13467	13583	13826	13828	13991	13799	13821	13839	13779	13586	13377	13469	13550	13527	13489	13672	13936	13569	13693	13755	13612	13606	12361	13761	13236	13554	13569	13779	14016	13670	13665	13423	13645	13438	13402	13184	14066	13984	1763	1803	1810	1813	1743	1797	1820	1827	1807	1821		
3:54:05	37.0	13246	13194	13326	13253	12967	12954	13203	12990	13022	13320	13315	13059	13165	13378	13451	13251	13285	13360	13402	13628	13362	13464	13373	13184	13571	13725	13724	13733	13439	13730	13688	13741	13642	13347	13450	13095	13457	13597	13794	13879	13992	13814	13845	13854	13755	13504	13232	13602	13558	13463	13489	13691	13878	13530	13577	13787	13565	13602	12390	13691	13270	13586	13476	13812	13948	13520	13766	13452	13685	13496	13332	13245	14072	13986	1759	1795	1824	1801	1767	1805	1834	1826	1804	1832		
3:58:05	37.0	13225	13086	13277	13193	12829	12974	13261	13031	12987	13347	13295	13103	13152	13301	13462	13339	13204	13307	13492	13438	13361	13484	13390	13253	13458	13671	13719	13791	13618	13668	13573	13800	13665	13444	13520	13039	13518	13549	13983	13928	13961	13780	13803	13854	13791	13598	13392	13474	13577	13411	13479	13664	14104	13573	13705	13816	13522	13541	12361	13715	13384	13516	13545	13949	13945	13597	13741	13507	13696	13417	13474	13229	13970	13978	1749	1802	1813	1792	1744	1772	1814	1817	1811	1837		
4:02:05	37.0	13316	13158	13331	13228	12942	12937	13175	12985	12973	13283	13360	13014	13129	13348	13521	13387	13177	13328	13497	13528	13266	13469	13376	13206	13465	13677	13697	13798	13557	13673	13610	13732	13673	13376	13528	13078	13429	13577	13878	13937	13818	13832	13825	13782	13729	13595	13403	13510	13558	13499	13454	13766	13923	13500	13687	13782	13672	13619	12365	13718	13257	13565	13596	13895	13889	13603	13841	13569	13629	13404	13314	13137	13958	13998	1753	1804	1814	1828	1774	1785	1821	1820	1822	1853		
4:06:05	37.0	13287	13060	13342	13134	12974	12870	13273	13029	13000	13281	13241	13044	13177	13264	13547	13234	13184	13347	13450	13459	13384	13509	13317	13214	13421	13687	13706	13707	13481	13653	13675	13803	13568	13473	13463	13156	13493	13543	13900	13879	14008	13841	13793	13780	13744	13574	13378	13528	13557	13456	13509	13665	14082	13590	13618	13790	13572	13532	12370	13747	13274	13556	13496	13816	13904	13545	13798	13534	13715	13401	13391	13222	14002	13942	1756	1794	1809	1807	1778	1764	1831	1813	1811	1808		
4:10:05	37.0	13269	13155	13277	13161	12920	13011	13204	12945	12980	13461	13286	12983	13068	13320	13544	13367	13322	13261	13449	13470	13260	13482	13343	13277	13560	13715	13670	13635	13410	13673	13625	13831	13601	13412	13525	13106	13409	13497	13891	13775	13982	13898	13781	13905	13765	13625	13369	13467	13495	13418	13440	13649	13943	13509	13699	13737	13619	13575	12334	13738	13307	13474	13587	13827	13928	13541	13723	13507	13680	13389	13355	13209	13942	13871	1767	1789	1807	1821	1755	1777	1807	1819	1824	1823		
4:14:05	37.0	13258	13129	13391	13188	12962	13077	13234	12958	12954	13297	13246	13048	13140	13317	13451	13312	13367	13460	13402	13520	13292	13473	13324	13162	13526	13712	13656	13822	13563	13645	13609	13831	13629	13523	13473	13155	13496	13541	13936	13774	14027	13854	13812	13823	13711	13569	13454	13489	13564	13490	13435	13712	13992	13493	13679	13771	13572	13594	12391	13770	13326	13529	13554	13888	13941	13607	13657	13497	13734	13374	13400	13235	13958	13818	1770	1792	1807	1807	1769	1789	1818	1808	1827	1815		
4:18:05	37.0	13216	13060	13282	13159	12824	12962	13214	12994	13118	13315	13225	13010	13068	13338	13491	13301	13282	13281	13475	13470	13335	13460	13361	13173	13485	13725	13669	13868	13512	13651	13590	13706	13562	13402	13530	13170	13496	13579	13975	13847	14041	13805	13745	13875	13723	13465	13407	13479	13562	13476	13538	13585	13883	13604	13674	13740	13557	13575	12333	13733	13304	13459	13495	13870	13876	13629	13707	13480	13670	13404	13308	13165	13937	13864	1750	1783	1811	1816	1748	1791	1806	1816	1820	1806		
4:22:05	37.0	13181	13214	13329	13228	12864	13057	13335	13059	13018	13274	13399	13062	13112	13346	13492	13338	13245	13373	13461	13536	13266	13491	13356	13211	13382	13699	13716	13772	13519	13654	13605	13835	13661	13504	13535	13113	13467	13532	13869	13896	13983	13880	13845	13911	13743	13611	13416	13572	13597	13612	13517	13726	14014	13549	13580	13718	13681	13649	12412	13715	13286	13480	13558	13858	13992	13631	13727	13427	13793	13472	13330	13206	13916	13825	1769	1798	1818	1825	1754	1770	1820	1837	1821	1810		
4:26:05	37.0	13289	13153	13409	13224	12947	13087	13127	13023	13040	13376	13238	13069	13160	13348	13541	13429	13264	13301	13453	13508	13343	13604	13363	13141	13471	13785	13630	13710	13564	13661	13580	13784	13604	13454	13533	13093	13441	13555	13908	13904	13998	13889	13722	13810	13751	13588	13368	13604	13572	13517	13475	13734	14013	13534	13800	13768	13658	13612	12365	13771	13327	13476	13515	13861	13983	13471	13894	13453	13777	13470	13323	13080	13932	13852	1752	1810	1814	1817	1762	1786	1842	1817	1795	1812		
4:30:05	37.0	13232	13110	13397	13250	12991	13074	13297	12966	13053	13396	13467	13045	13157	13389	13542	13310	13277	13355	13451	13486	13345	13528	13384	13304	13563	13834	13750	13820	13526	13637	13690	13750	13625	13468	13490	13054	13390	13673	13976	13916	13952	13831	13794	13734	13883	13643	13406	13558	13565	13464	13461	13654	13964	13501	13643	13653	13610	13689	12378	13740	13291	13547	13595	13888	13880	13522	13862	13500	13727	13445	13378	13281	13828	13825	1765	1793	1816	1804	1733	1789	1818	1834	1822	1815		
4:34:05	37.0	13208	13223	13397	13164	12982	12991	13279	13121	13015	13428	13373	13096	13081	13375	13588	13340	13318	13377	13504	13475	13396	13568	13395	13256	13582	13635	13785	13730	13634	13789	13667	13823	13612	13480	13549	13112	13495	13663	13980	13889	13986	13867	13843	13926	13821	13598	13411	13513	13459	13396	13440	13773	14073	13701	13654	13798	13633	13639	12375	13756	13346	13554	13633	13812	13912	13566	13804	13492	13621	13316	13313	13217	13848	13898	1770	1803	1821	1812	1749	1780	1809	1821	1804	1828		
4:38:05	36.9	13209	13244	13316	13243	12998	13062	13267	13009	12934	13406	13259	13068	13159	13417	13620	13255	13276	13382	13544	13509	13300	13493	13305	13208	13471	13730	13658	13705	13483	13610	13644	13800	13578	13405	13578	12987	13471	13650	13900	13841	13977	13914	13830	13898	13760	13611	13362	13529	13530	13430	13409	13670	14043	13607	13628	13684	13670	13602	12365	13790	13266	13502	13562	13904	13912	13587	13788	13559	13705	13512	13290	13114	13932	13964	1760	1783	1811	1822	1747	1769	1819	1840	1806	1825		
4:42:05	37.0	13273	13119	13326	13288	12874	13080	13244	12991	13022	13354	13420	13101	13115	13356	13495	13326	13257	13439	13538	13515	13330	13460	13325	13189	13656	13707	13702	13778	13642	13709	13646	13802	13634	13464	13521	13175	13452	13622	13955	14016	13981	13904	13854	13836	13713	13686	13368	13468	13475	13588	13420	13671	13985	13518	13651	13701	13640	13653	12388	13809	13211	13471	13609	13838	13975	13590	13838	13507	13686	13397	13382	13255	13924	13694	1750	1791	1805	1821	1758	1805	1813	1837	1817	1829		
4:46:05	37.0	13197	13177	13386	13230	12935	13094	13277	13050	13019	13392	13349	13084	13138	13458	13510	13309	13247	13398	13519	13561	13304	13435	13449	13226	13551	13711	13777	13822	13524	13739	13656	13786	13670	13509	13633	13101	13425	13659	13911	13925	13914	13914	13794	13847	13719	13631	13486	13409	13458	13467	13512	13626	14001	13644	13749	13677	13708	13597	12345	13740	13333	13544	13609	13808	14000	13609	13797	13394	13651	13406	13328	13260	13808	13786	1773	1793	1827	1806	1774	1782	1829	1813	1803	1840		
4:50:05	37.0	13286	13212	13319	13227	12976	13059	13288	13020	13133	13402	13384	13097	13161	13323	13528	13378	13390	13427	13572	13548	13356	13554	13338	13202	13535	13668	13657	13717	13609	13780	13712	13797	13669	13542	13464	13138	13548	13651	13952	13967	14095	13922	13824	13839	13803	13622	13365	13492	13622	13563	13501	13801	14037	13622	13721	13734	13710	13633	12386	13728	13278	13571	13661	13888	13966	13601	13855	13652	13795	13511	13399	13225	13956	13877	1777	1804	1829	1829	1755	1809	1820	1820	1798	1827		
4:54:05	37.0	13259	13190	13334	13213	12906	13070	13325	13040	13096	13390	13419	12962	13255	13282	13558	13351	13320	13424	13559	13520	13369	13520	13377	13335	13464	13672	13665	13822	13564	13818	13629	13813	13615	13462	13596	13125	13521	13519	13894	13873	14044	13835	13867	13899	13900	13651	13434	13564	13501	13621	13445	13631	14034	13546	13561	13761	13606	13679	12458	13745	13298	13536	13589	13813	13918	13612	13825	13490	13659	13416	13386	13179	13828	13845	1761	1787	1807	1790	1753	1802	1807	1839	1785	1828		
4:58:05	37.0	13225	13131	13313	13282	12990	13027	13232	13025	13071	13354	13367	13047	13009	13408	13519	13343	13271	13401	13571	13488	13293	13452	13342	13241	13574	13763	13703	13758	13669	13824	13711	13744	13724	13511	13603	13118	13504	13628	13981	13903	14003	13929	13851	13876	13855	13572	13350	13600	13582	13525	13482	13657	14155	13580	13650	13844	13496	13607	12362	13760	13255	13637	13631	13935	13899	13608	13807	13518	13766	13374	13400	13213	13724	13735	1757	1788	1803	1806	1757	1786	1807	1818	1812	1817		
5:02:05	37.0	13254	13226	13389	13261	12986	13011	13397	13018	13163	13296	13764	13092	13172	13371	13624	13375	13328	13287	13540	13480	13339	13564	13425	13289	13553	13637	13704	13811	13606	13670	13635	13764	13520	13514	13561	13218	13604	13625	13981	13888	13961	13913	13944	13912	13860	13650	13385	13527	13640	13515	13399	13695	14077	13577	13858	13804	13715	13557	12427	13783	13354	13515	13633	13888	14019	13722	13825	13552	13728	13440	13424	13282	13851	13726	1759	1792	1832	1795	1760	1780	1830	1834	1801	1835		
5:06:05	37.0	13234	13209	13358	13308	12943	12955	13325	12980	13126	13402	13675	12941	13186	13298	13527	13335	13269	13370	13541	13561	13383	13566	13477	13302	13605	13677	13762	13743	13515	13789	13616	13688	13614	13449	13572	13129	13521	13634	14028	13929	13973	13959	13861	13926	13820	13703	13371	13482	13590	13518	13559	13674	14094	13676	13744	13755	13581	13606	12431	13785	13291	13455	13544	13890	13942	13625	13909	13536	13793	13464	13432	13287	13816	13758	1777	1800	1816	1799	1755	1785	1805	1821	1798	1818		
5:10:05	37.0	13197	13194	13308	13200	12974	13005	13291	12936	13047	13408	13751	13024	13147	13450	13591	13304	13326	13430	13498	13572	13318	13511	13417	13314	13636	13792	13782	13733	13603	13633	13755	13809	13633	13464	13493	13200	13602	13611	14005	13888	13938	14003	13869	13891	13740	13723	13463	13579	13588	13552	13490	13737	14048	13551	13745	13774	13618	13637	12471	13841	13298	13477	13663	13879	13954	13666	13867	13554	13680	13493	13374	13216	13774	13754	1781	1804	1803	1794	1737	1795	1809	1825	1805	1833		
5:14:05	37.0	13223	13225	13350	13309	12908	13137	13297	13046	13057	13322	13283	13024	13145	13359	13559	13426	13239	13378	13489	13516	13442	13563	13369	13240	13477	13778	13708	13844	13573	13768	13761	13868	13643	13555	13551	13209	13469	13678	13952	13862	14019	13893	13867	13948	13765	13628	13353	13588	13608	13563	13632	13758	13991	13637	13708	13771	13616	13598	12419	13762	13346	13611	13608	13860	13927	13633	13832	13511	13739	13499	13299	13179	13810	13702	1755	1792	1820	1821	1743	1774	1800	1837	1821	1810		
5:18:05	37.0	13354	13130	13382	13213	12917	13085	13288	12994	13070	13336	13324	13057	13145	13381	13639	13353	13336	13338	13439	13565	13414	13524	13493	13352	13583	13748	13719	13769	13554	13693	13711	13896	13562	13459	13513	13187	13517	13618	13965	13921	14071	13849	13773	13846	13848	13599	13287	13583	13609	13511	13534	13768	14040	13570	13700	13727	13623	13577	12425	13794	13247	13602	13622	13821	14031	13631	13849	13481	13699	13543	13462	13206	13722	13681	1754	1778	1805	1798	1757	1775	1825	1829	1809	1830		
5:22:05	37.0	13326	13105	13332	13343	12944	13039	13288	13054	12933	13414	13754	13029	13184	13486	13600	13359	13259	13417	13452	13522	13288	13563	13326	13265	13563	13730	13729	13811	13558	13731	13717	13772	13627	13601	13615	13089	13408	13655	14057	13894	14025	13972	13919	13910	13855	13748	13444	13611	13529	13406	13445	13812	14063	13606	13798	13774	13686	13725	12400	13774	13323	13524	13681	13796	13929	13573	13826	13543	13772	13519	13352	13146	13695	13800	1741	1795	1833	1812	1758	1783	1832	1833	1792	1829		
5:26:05	37.0	13285	13191	13339	13286	12965	13002	13322	12943	13041	13387	13764	13016	13106	13385	13592	13381	13317	13380	13521	13525	13317	13530	13412	13214	13516	13744	13722	13800	13579	13724	13614	13921	13612	13459	13496	13201	13542	13575	14041	13947	13979	13818	13824	13888	13773	13650	13558	13670	13515	13503	13508	13679	14139	13559	13758	13790	13630	13674	12392	13788	13274	13534	13548	13813	14006	13721	13866	13654	13752	13495	13402	13184	13670	13667	1754	1794	1814	1828	1766	1770	1818	1827	1804	1821		
5:30:05	37.0	13309	13126	13389	13257	13085	13033	13264	13041	13133	13379	13602	13013	13126	13386	13674	13426	13286	13401	13492	13619	13323	13570	13484	13359	13590	13704	13747	13744	13519	13744	13598	13807	13686	13492	13628	13161	13509	13661	14022	13931	13968	13925	13961	13939	13736	13687	13475	13572	13581	13594	13548	13715	14006	13600	13726	13757	13622	13639	12384	13774	13352	13598	13622	13825	13908	13560	13890	13543	13750	13412	13411	13285	13678	13646	1764	1808	1836	1804	1736	1807	1799	1821	1813	1821		
5:34:05	37.0	13330	13170	13346	13234	12998	13042	13305	13038	13095	13359	13608	13025	13132	13329	13565	13339	13323	13344	13456	13571	13306	13571	13412	13160	13490	13724	13717	13785	13688	13652	13669	13842	13608	13390	13419	13015	13516	13670	13957	13898	13993	13836	13860	13913	13721	13643	13381	13677	13528	13523	13562	13672	14032	13567	13610	13720	13622	13630	12424	13836	13312	13602	13562	13838	13903	13636	13776	13483	13759	13493	13354	13200	13755	13698	1769	1800	1823	1804	1740	1787	1811	1833	1808	1817		
5:38:05	37.0	13245	13138	13393	13278	12860	13003	13277	13059	13139	13444	13719	12978	13208	13395	13502	13451	13330	13397	13627	13536	13280	13432	13441	13290	13564	13801	13760	13781	13448	13763	13591	13819	13661	13504	13572	13089	13538	13685	14000	13941	13980	13963	13855	13803	13812	13655	13385	13519	13510	13464	13518	13697	13981	13587	13763	13762	13634	13723	12448	13755	13313	13584	13573	13757	13989	13661	13798	13512	13669	13446	13414	13163	13686	13616	1752	1790	1821	1811	1748	1791	1814	1809	1791	1818		
5:42:05	37.0	13246	13203	13410	13281	13012	13092	13320	13082	13074	13381	13387	13043	13186	13386	13589	13294	13277	13302	13492	13459	13431	13512	13402	13316	13539	13732	13706	13820	13607	13793	13605	13813	13637	13500	13520	13043	13514	13597	13906	13865	13964	13978	13874	13867	13829	13551	13507	13557	13596	13552	13531	13711	14035	13640	13706	13770	13607	13627	12410	13773	13313	13523	13497	13902	13930	13656	13850	13503	13727	13429	13421	13270	13715	13640	1778	1802	1793	1808	1768	1780	1828	1845	1800	1828		
5:46:05	37.0	13275	13093	13373	13293	12897	13107	13320	13120	13214	13394	13303	13024	13157	13364	13539	13351	13293	13375	13483	13514	13381	13488	13438	13339	13599	13698	13780	13878	13598	13743	13732	13865	13588	13498	13595	13152	13545	13574	13984	13920	14043	13899	13814	13878	13733	13634	13455	13551	13554	13554	13471	13693	14084	13546	13743	13782	13643	13592	12434	13750	13371	13486	13635	13907	13940	13643	13795	13559	13737	13530	13388	13247	13714	13644	1764	1791	1802	1815	1754	1793	1823	1832	1803	1831		
5:50:05	37.0	13312	13162	13370	13293	12976	13034	13263	12989	12993	13361	13360	13086	13168	13308	13594	13311	13306	13437	13533	13531	13392	13530	13447	13297	13507	13760	13700	13860	13561	13768	13628	13846	13638	13557	13574	13111	13470	13623	14012	13921	14033	13916	13964	13868	13828	13539	13554	13584	13595	13464	13503	13714	14116	13639	13657	13733	13562	13691	12481	13859	13346	13544	13714	13856	13936	13607	13794	13488	13758	13470	13339	13302	13666	13530	1738	1792	1822	1816	1750	1773	1801	1807	1795	1833		
5:54:05	37.0	13324	13171	13332	13289	13013	13102	13283	13141	13056	13375	13362	13085	13125	13347	13603	13367	13392	13491	13563	13517	13408	13527	13378	13189	13577	13838	13770	13793	13631	13709	13706	13846	13660	13494	13565	13199	13558	13608	14030	13925	13947	13943	13840	13895	13797	13676	13411	13638	13550	13520	13405	13797	14088	13598	13691	13750	13685	13679	12503	13811	13355	13622	13642	13804	14018	13667	13842	13524	13763	13424	13406	13175	13621	13517	1778	1801	1807	1817	1755	1788	1821	1814	1824	1833		
5:58:05	37.0	13190	13155	13363	13331	12965	13052	13273	13081	13171	13302	13422	13005	13215	13344	13632	13404	13355	13376	13506	13654	13299	13539	13427	13248	13541	13748	13883	13766	13688	13739	13665	13762	13659	13564	13515	13201	13547	13663	14029	13828	13988	13890	13817	13828	13818	13616	13473	13632	13633	13561	13471	13685	14014	13571	13663	13784	13641	13573	12509	13744	13280	13496	13530	13923	14003	13618	13893	13571	13653	13479	13407	13161	13676	13595	1766	1795	1803	1800	1752	1793	1828	1812	1816	1817		
6:02:05	37.0	13284	13148	13338	13288	12919	12969	13318	13074	13053	13363	13381	13027	13187	13404	13505	13351	13294	13422	13538	13499	13395	13572	13543	13247	13506	13722	13714	13794	13612	13708	13675	13875	13690	13557	13580	13181	13452	13630	13894	13889	14067	13954	13866	13920	13841	13625	13485	13613	13549	13560	13443	13769	14043	13538	13741	13653	13641	13636	12363	13828	13286	13572	13626	13875	13914	13618	13869	13610	13792	13450	13476	13116	13638	13540	1762	1794	1792	1810	1759	1798	1808	1825	1808	1826		
6:06:05	37.0	13295	13198	13401	13263	12996	13080	13221	13088	13029	13342	13347	13027	13174	13370	13565	13340	13354	13417	13547	13490	13322	13654	13453	13367	13500	13712	13830	13782	13597	13706	13692	13746	13656	13523	13574	13173	13559	13664	14041	13855	14043	13848	13837	13988	13768	13713	13440	13663	13557	13472	13463	13760	14061	13632	13720	13726	13729	13630	12464	13828	13321	13589	13670	13732	13952	13623	13890	13625	13770	13434	13451	13151	13638	13607	1753	1806	1815	1810	1754	1784	1815	1822	1829	1828		
6:10:05	37.0	13216	13198	13424	13414	12933	13001	13350	13135	13086	13442	13359	13047	13219	13339	13598	13421	13394	13510	13514	13474	13366	13601	13424	13234	13624	13767	13725	13865	13650	13755	13694	13882	13685	13576	13617	13191	13574	13586	13968	13979	13940	13973	13916	13964	13851	13636	13537	13566	13539	13585	13452	13681	14061	13629	13671	13713	13614	13751	12393	13820	13353	13652	13600	13975	14004	13595	13939	13517	13835	13464	13353	13191	13688	13664	1759	1794	1814	1815	1747	1793	1810	1837	1793	1831		
6:14:05	37.0	13339	13182	13371	13333	13006	13039	13321	13059	13147	13333	13380	13023	13094	13410	13635	13387	13365	13452	13550	13482	13337	13596	13453	13252	13488	13754	13737	13796	13641	13780	13641	13860	13673	13543	13595	13199	13553	13699	13984	13922	14035	13952	13769	13974	13756	13673	13387	13608	13641	13577	13465	13663	14025	13622	13684	13709	13603	13783	12438	13799	13272	13612	13667	13920	13982	13674	13871	13559	13819	13486	13385	13254	13615	13564	1754	1794	1828	1814	1768	1789	1806	1816	1802	1817		
6:18:05	37.0	13350	13231	13389	13333	13013	13138	13374	13037	13046	13333	13323	13039	13181	13455	13609	13409	13384	13430	13613	13568	13341	13597	13442	13242	13542	13762	13772	13820	13608	13729	13631	13829	13670	13473	13594	13109	13606	13745	13992	13920	13934	13914	14026	13948	13929	13606	13388	13607	13595	13564	13579	13706	14017	13608	13765	13758	13685	13672	12401	13825	13359	13585	13626	13844	13970	13698	13769	13470	13747	13535	13348	13209	13618	13603	1752	1797	1831	1796	1747	1792	1823	1834	1825	1840		
6:22:05	37.0	13225	13208	13301	13313	13016	13016	13327	13119	13044	13351	13326	13024	13190	13309	13651	13378	13313	13372	13574	13373	13335	13615	13439	13252	13614	13724	13793	13875	13607	13712	13668	13891	13549	13528	13567	13100	13556	13776	14040	13900	13998	13894	13818	13911	13722	13663	13508	13629	13494	13531	13542	13675	14001	13562	13646	13828	13720	13610	12442	13833	13407	13601	13637	13879	13919	13510	13778	13522	13754	13464	13357	13212	13581	13502	1767	1785	1792	1795	1743	1790	1802	1823	1813	1823		
6:26:05	37.0	13310	13167	13482	13222	13003	12983	13327	13037	13117	13353	13465	13041	13102	13417	13595	13364	13297	13326	13575	13546	13331	13586	13422	13301	13607	13677	13783	13781	13620	13754	13658	13892	13672	13509	13631	13181	13505	13626	13947	13875	13983	13935	13976	13948	13794	13653	13545	13605	13569	13434	13507	13716	14187	13570	13718	13727	13735	13697	12550	13842	13381	13564	13551	13819	14008	13596	13826	13509	13739	13530	13358	13252	13576	13594	1762	1796	1814	1796	1766	1786	1818	1808	1797	1816		
6:30:05	37.0	13353	13239	13422	13302	12992	13032	13331	13124	13058	13390	13303	13104	13274	13444	13623	13457	13369	13478	13585	13551	13312	13629	13423	13304	13575	13775	13805	13818	13675	13758	13701	13819	13706	13540	13619	13181	13479	13624	14052	13945	13937	13950	14028	13866	13827	13706	13457	13607	13534	13520	13612	13667	14026	13643	13712	13796	13669	13651	12415	13859	13360	13573	13650	13865	14010	13752	13952	13542	13812	13496	13425	13174	13594	13578	1755	1813	1809	1788	1746	1772	1807	1819	1800	1814		
6:34:05	37.0	13384	13194	13441	13246	13034	13019	13265	13128	13120	13407	13385	13105	13210	13379	13641	13283	13404	13413	13489	13591	13411	13477	13429	13337	13610	13791	13844	13824	13674	13678	13676	13790	13631	13444	13624	13172	13540	13626	13993	13901	13952	13977	13830	13927	13700	13651	13394	13640	13482	13534	13600	13681	14114	13611	13645	13798	13637	13624	12454	13791	13350	13548	13610	13807	14027	13670	13876	13571	13853	13486	13395	13224	13532	13558	1769	1797	1815	1815	1765	1781	1803	1819	1803	1832		
6:38:05	37.0	13273	13200	13456	13312	12997	13116	13370	13010	13042	13455	13367	13072	13254	13417	13731	13407	13438	13426	13565	13581	13364	13594	13398	13288	13686	13755	13832	13773	13616	13725	13722	13779	13573	13533	13689	13167	13585	13685	14034	13939	14017	13954	13931	13931	13886	13676	13513	13570	13549	13560	13551	13745	14066	13743	13706	13701	13676	13669	12438	13875	13290	13625	13670	13904	14097	13666	13850	13576	13709	13495	13469	13184	13566	13547	1755	1788	1803	1810	1751	1785	1829	1812	1805	1818		
6:42:05	37.0	13340	13235	13365	13347	13001	13038	13335	13081	13058	13378	13325	13053	13159	13402	13648	13394	13410	13432	13624	13473	13336	13577	13438	13253	13576	13719	13793	13884	13640	13853	13647	13894	13652	13504	13563	13068	13498	13698	13956	13933	14016	14039	13904	13997	13806	13645	13439	13600	13571	13549	13568	13711	14128	13546	13731	13721	13646	13585	12443	13886	13428	13563	13564	13831	14003	13759	13877	13590	13861	13401	13396	13214	13612	13476	1753	1789	1813	1810	1754	1773	1818	1802	1800	1821		
6:46:05	37.0	13307	13224	13385	13264	12969	13003	13322	13110	13105	13479	13344	13035	13235	13501	13599	13443	13303	13511	13532	13558	13483	13541	13392	13262	13673	13702	13668	13875	13499	13790	13767	13864	13622	13383	13654	13173	13540	13691	14054	13978	13970	13940	14038	13927	13790	13669	13398	13539	13533	13506	13504	13700	13988	13659	13629	13677	13617	13653	12416	13926	13389	13577	13704	13863	13996	13619	13879	13513	13721	13568	13391	13152	13497	13519	1755	1795	1805	1809	1766	1797	1835	1816	1793	1828		
6:50:05	37.0	13338	13263	13363	13407	13005	13114	13364	13107	13101	13369	13331	13094	13207	13493	13612	13363	13358	13402	13612	13529	13374	13645	13376	13344	13553	13708	13741	13814	13654	13644	13669	13929	13652	13544	13599	13190	13577	13596	14055	13931	14040	13923	13957	13885	13807	13652	13482	13657	13532	13508	13497	13700	14021	13693	13768	13801	13652	13728	12482	13885	13315	13673	13655	13797	13950	13703	13819	13545	13818	13458	13358	13210	13575	13573	1767	1791	1803	1800	1745	1796	1820	1825	1802	1824		
6:54:05	37.0	13352	13200	13428	13353	13026	13037	13404	13040	13112	13379	13671	13067	13123	13413	13586	13414	13367	13439	13606	13620	13438	13566	13384	13262	13602	13735	13839	13849	13630	13686	13709	13825	13685	13494	13595	13156	13530	13561	14089	13960	13928	13838	13932	13929	13657	13650	13411	13614	13559	13464	13529	13686	13976	13546	13751	13689	13647	13669	12342	13915	13350	13571	13620	13865	14004	13612	13878	13485	13834	13429	13370	13305	13510	13427	1768	1781	1800	1800	1744	1780	1828	1830	1802	1831		
6:58:05	37.0	13313	13271	13315	13351	12997	13138	13320	13117	13120	13409	13655	13109	13151	13401	13709	13415	13397	13518	13600	13665	13331	13626	13496	13286	13546	13674	13762	13863	13651	13725	13808	13988	13602	13537	13545	13175	13600	13641	14002	14019	13979	13944	13995	14080	13847	13697	13567	13602	13576	13521	13546	13765	14087	13634	13730	13815	13744	13726	12495	13872	13350	13557	13575	13958	14036	13615	13859	13624	13782	13537	13349	13241	13590	13560	1755	1809	1823	1801	1768	1790	1813	1817	1796	1835		
7:02:05	37.0	13330	13255	13279	13343	12937	13060	13310	13103	13122	13505	13377	13047	13187	13440	13625	13365	13367	13341	13602	13592	13253	13539	13512	13242	13555	13718	13814	13758	13630	13685	13636	13864	13659	13563	13479	13203	13538	13732	14069	13842	14059	13945	13962	14008	13787	13572	13430	13501	13601	13511	13636	13839	13980	13656	13770	13673	13574	13643	12416	13792	13436	13521	13600	13909	13970	13643	13875	13540	13716	13489	13405	13178	13513	13493	1765	1783	1802	1822	1731	1789	1796	1819	1798	1815		
7:06:05	37.0	13311	13210	13420	13363	13012	13110	13377	13085	13129	13405	13682	12992	13159	13450	13601	13367	13387	13500	13613	13545	13324	13607	13360	13428	13540	13735	13808	13785	13593	13809	13649	13866	13701	13550	13608	13241	13533	13614	13981	14013	13959	13828	13917	13924	13749	13679	13483	13591	13635	13574	13604	13677	13880	13619	13700	13708	13665	13705	12487	13771	13298	13673	13656	13857	14004	13673	13928	13603	13851	13528	13329	13177	13513	13543	1751	1787	1815	1810	1743	1790	1813	1838	1783	1833		
7:10:05	37.0	13292	13202	13378	13370	13049	13095	13367	13173	13111	13445	13369	13017	13224	13453	13687	13369	13345	13444	13594	13520	13416	13584	13479	13340	13586	13733	13877	13723	13619	13701	13706	13832	13640	13524	13631	13179	13610	13696	14014	13917	14005	14086	13995	13952	13796	13703	13425	13541	13545	13550	13524	13750	14065	13664	13677	13702	13690	13716	12437	13881	13318	13578	13675	13882	14004	13625	13933	13607	13810	13537	13360	13230	13457	13470	1751	1803	1801	1779	1757	1768	1819	1825	1796	1829		
7:14:05	37.0	13325	13256	13327	13291	12979	13097	13360	13122	13060	13448	13348	13033	13207	13420	13611	13429	13357	13515	13527	13622	13329	13604	13455	13398	13560	13722	13781	13861	13591	13728	13725	13792	13645	13522	13608	13194	13568	13721	14094	13893	14045	13964	13943	13920	13743	13668	13463	13583	13658	13478	13568	13712	14073	13643	13750	13743	13739	13696	12489	13898	13299	13615	13761	13891	13968	13679	13903	13497	13831	13548	13488	13294	13460	13426	1769	1804	1800	1786	1756	1796	1813	1827	1800	1850		
7:18:05	37.0	13288	13307	13326	13228	12994	13040	13326	13021	13050	13460	13371	13093	13232	13404	13590	13375	13346	13486	13565	13582	13367	13575	13399	13356	13576	13741	13737	13777	13655	13742	13628	13914	13655	13582	13659	13184	13605	13621	14036	13888	13991	13906	14019	13936	13825	13663	13508	13694	13565	13552	13543	13675	14058	13668	13754	13731	13715	13648	12513	13849	13371	13600	13584	13837	14021	13630	13833	13643	13817	13540	13404	13173	13566	13403	1755	1807	1817	1796	1759	1803	1806	1826	1813	1804		
7:22:05	37.0	13310	13211	13338	13296	12966	13119	13323	13070	13116	13462	13373	13042	13091	13381	13690	13377	13310	13461	13533	13477	13382	13568	13423	13387	13576	13755	13775	13667	13637	13777	13770	13890	13604	13486	13486	13143	13574	13678	13983	13929	13982	14005	13911	13978	13847	13665	13440	13624	13673	13625	13541	13814	14140	13673	13867	13843	13659	13615	12458	13914	13369	13666	13679	13855	14090	13641	13892	13549	13782	13455	13450	13225	13463	13448	1765	1786	1808	1821	1758	1791	1834	1803	1814	1809		
7:26:05	37.0	13325	13321	13354	13383	12997	13070	13300	13018	13096	13486	13763	13070	13227	13489	13719	13409	13410	13462	13712	13480	13353	13567	13503	13290	13617	13746	13832	13825	13618	13719	13672	13909	13732	13508	13557	13275	13582	13760	14084	13950	14031	14044	13882	14002	13731	13661	13489	13589	13562	13556	13582	13735	14109	13570	13659	13767	13678	13623	12471	13892	13333	13666	13593	13841	14003	13668	13847	13604	13847	13470	13405	13241	13451	13500	1746	1795	1808	1815	1762	1778	1832	1828	1798	1816		
7:30:05	37.0	13312	13296	13296	13247	13097	13115	13304	13142	13099	13442	13321	13043	13283	13375	13673	13448	13362	13427	13667	13505	13379	13617	13422	13283	13692	13711	13744	13807	13703	13729	13766	13934	13713	13566	13466	13276	13508	13733	13993	13923	14100	14003	13954	13972	13790	13671	13441	13601	13483	13624	13541	13658	14091	13622	13740	13789	13704	13645	12483	13865	13343	13645	13657	13917	13998	13595	13859	13614	13873	13493	13431	13230	13484	13421	1756	1799	1797	1789	1762	1786	1827	1841	1798	1839		
7:34:05	37.0	13308	13245	13370	13322	12993	13039	13315	13109	13072	13469	13665	13021	13157	13446	13666	13405	13323	13406	13663	13494	13382	13647	13459	13247	13645	13686	13782	13838	13629	13666	13735	13837	13584	13564	13710	13172	13563	13700	14131	14022	13928	13986	13990	13968	13837	13688	13521	13604	13581	13546	13612	13743	13958	13663	13796	13783	13694	13611	12460	13869	13365	13571	13754	13838	14010	13644	13865	13628	13835	13508	13476	13172	13363	13323	1765	1789	1819	1829	1745	1770	1831	1837	1811	1828		
7:38:05	37.0	13344	13183	13416	13267	13035	12997	13399	13071	13062	13567	13509	13146	13227	13410	13694	13487	13305	13493	13582	13570	13362	13525	13502	13398	13584	13766	13790	13808	13722	13738	13720	13876	13596	13599	13670	13158	13522	13685	14019	13885	14014	13979	14051	14003	13806	13723	13561	13647	13614	13583	13563	13720	13945	13625	13672	13731	13761	13690	12480	13857	13371	13574	13630	13841	14060	13670	13899	13484	13853	13474	13461	13238	13433	13283	1772	1793	1786	1775	1759	1794	1820	1810	1802	1828		
7:42:05	37.0	13311	13271	13465	13378	13046	13175	13352	13096	13039	13499	13344	12936	13184	13409	13625	13428	13431	13500	13645	13565	13397	13649	13483	13234	13503	13761	13895	13859	13586	13747	13693	13847	13668	13454	13604	13198	13633	13645	14022	13964	14044	13922	13953	13991	13858	13671	13584	13620	13579	13583	13601	13680	13995	13656	13667	13830	13619	13761	12436	13903	13300	13648	13729	13894	13956	13691	13944	13652	13826	13543	13371	13240	13367	13414	1750	1795	1823	1800	1762	1780	1836	1822	1792	1822		
7:46:05	37.0	13328	13257	13381	13407	13014	13046	13360	13097	13140	13428	13395	13053	13206	13507	13696	13395	13423	13492	13629	13512	13405	13560	13441	13367	13581	13725	13757	13742	13623	13750	13699	13901	13665	13642	13584	13260	13467	13675	14025	13923	13950	13987	13938	13986	13815	13572	13474	13654	13539	13639	13527	13643	14073	13671	13732	13734	13755	13717	12352	13942	13361	13612	13694	13816	14005	13690	13969	13573	13755	13578	13495	13312	13408	13378	1757	1788	1801	1806	1729	1779	1820	1824	1817	1814		
7:50:05	37.0	13305	13290	13367	13318	12941	13157	13367	13068	13122	13490	13669	13027	13186	13380	13561	13434	13354	13428	13559	13569	13359	13653	13483	13228	13661	13774	13727	13828	13662	13851	13739	13859	13686	13514	13521	13258	13619	13671	13925	13870	13938	13983	13989	14004	13767	13671	13404	13647	13576	13546	13622	13644	14085	13642	13744	13753	13662	13715	12444	13780	13386	13623	13620	13815	13994	13768	13874	13632	13865	13480	13351	13160	13355	13364	1736	1801	1801	1807	1740	1779	1819	1810	1823	1822		
7:54:05	37.0	13362	13237	13418	13233	13055	13145	13314	13125	13204	13406	13446	13047	13143	13411	13706	13362	13422	13500	13632	13585	13401	13598	13463	13321	13604	13694	13713	13824	13664	13828	13763	13825	13640	13498	13640	13196	13559	13673	13977	13866	13961	13974	14008	14018	13803	13750	13494	13585	13598	13622	13575	13855	14049	13532	13733	13813	13768	13700	12442	13802	13463	13612	13584	13904	14031	13660	13876	13628	13833	13482	13461	13210	13363	13361	1768	1799	1808	1799	1743	1788	1827	1830	1794	1794		
7:58:05	37.0	13315	13214	13426	13359	12955	13087	13351	13070	13152	13470	13357	13106	13239	13445	13639	13400	13390	13505	13602	13482	13369	13548	13519	13334	13675	13725	13743	13777	13685	13745	13667	13872	13705	13458	13669	13189	13604	13611	14013	13884	13980	13975	14010	14034	13770	13761	13502	13613	13613	13609	13594	13765	14046	13630	13718	13731	13716	13657	12419	13853	13391	13757	13773	13859	13984	13654	13903	13571	13814	13533	13339	13316	13459	13334	1767	1780	1821	1801	1741	1790	1813	1792	1815	1833		
8:02:05	37.0	13326	13304	13370	13302	12972	13125	13298	13078	13055	13374	13330	13151	13130	13407	13627	13390	13350	13478	13599	13674	13345	13614	13482	13319	13622	13730	13850	13817	13678	13730	13746	13878	13637	13493	13643	13305	13568	13635	14088	13959	14014	13916	14041	13964	13812	13701	13494	13684	13595	13581	13498	13795	14132	13601	13736	13798	13744	13672	12523	13799	13411	13639	13661	13809	14000	13661	13984	13564	13887	13616	13436	13205	13466	13373	1777	1790	1800	1820	1736	1770	1803	1820	1801	1832		
8:06:05	37.0	13175	13227	13380	13338	13003	13103	13384	13180	13107	13454	13585	13091	13279	13329	13665	13432	13426	13390	13621	13565	13371	13577	13470	13300	13544	13773	13741	13827	13631	13768	13713	13911	13592	13616	13675	13148	13533	13690	14062	13994	13904	13987	13949	14077	13790	13763	13551	13560	13627	13515	13555	13686	13993	13726	13684	13812	13749	13717	12490	13877	13452	13514	13701	13850	13981	13694	13977	13593	13773	13543	13411	13283	13428	13341	1763	1815	1805	1802	1754	1780	1814	1838	1809	1846		
8:10:05	37.0	13350	13281	13282	13342	13000	13062	13273	13098	13183	13409	13447	12991	13242	13406	13649	13350	13430	13430	13556	13520	13431	13672	13549	13354	13589	13739	13724	13757	13634	13784	13750	13911	13686	13521	13601	13173	13558	13784	13977	13905	13996	13951	13974	14018	13850	13627	13448	13599	13581	13549	13564	13750	14017	13660	13740	13763	13753	13726	12453	13819	13397	13638	13701	13854	13914	13667	13870	13617	13820	13483	13457	13213	13392	13361	1754	1779	1780	1806	1743	1765	1826	1832	1807	1816		
8:14:05	37.0	13257	13287	13261	13340	13095	13134	13349	13078	13147	13405	13326	13050	13179	13410	13570	13493	13347	13519	13601	13493	13354	13544	13450	13288	13533	13747	13681	13810	13597	13789	13669	13960	13611	13540	13598	13222	13524	13717	14095	13904	13931	14033	13963	14004	13786	13677	13490	13565	13676	13577	13517	13695	13985	13697	13725	13732	13747	13624	12469	13867	13426	13532	13627	13836	14062	13646	13855	13599	13827	13502	13427	13236	13359	13347	1751	1813	1815	1806	1769	1777	1830	1826	1811	1833		
8:18:05	37.0	13332	13228	13391	13333	13085	13163	13354	12990	13181	13415	13421	13128	13192	13445	13646	13405	13384	13364	13607	13565	13306	13566	13493	13327	13585	13663	13832	13789	13732	13791	13704	13867	13673	13548	13605	13186	13626	13680	13952	13910	13951	13953	13908	14105	13686	13767	13437	13636	13502	13700	13601	13709	14089	13661	13647	13792	13683	13665	12590	13814	13417	13616	13661	13789	13916	13657	13940	13729	13819	13502	13425	13266	13361	13309	1766	1787	1815	1811	1743	1775	1808	1820	1800	1827		
8:22:05	37.0	13274	13171	13318	13324	12999	13087	13310	13130	13122	13386	13342	13095	13150	13411	13666	13423	13349	13524	13650	13487	13360	13506	13395	13339	13488	13811	13799	13729	13587	13787	13661	13826	13628	13567	13615	13232	13581	13649	13989	13928	13946	13957	13983	13947	13775	13649	13449	13588	13522	13515	13573	13754	14177	13651	13687	13692	13604	13728	12416	13979	13416	13645	13772	13920	14026	13685	13844	13633	13760	13471	13445	13278	13400	13415	1785	1801	1812	1789	1743	1776	1827	1829	1811	1818		
8:26:05	37.0	13311	13280	13461	13371	12964	13015	13393	13128	13079	13461	13580	13015	13207	13462	13645	13356	13400	13371	13500	13517	13361	13535	13458	13360	13685	13703	13760	13852	13640	13896	13666	13907	13565	13517	13572	13178	13608	13697	14035	13862	14003	14051	14011	13946	13779	13739	13415	13585	13673	13582	13526	13690	14038	13670	13700	13681	13646	13680	12449	13896	13279	13645	13567	13865	13943	13589	13895	13650	13800	13534	13470	13258	13355	13306	1761	1781	1805	1802	1751	1784	1803	1805	1800	1837		
8:30:05	37.0	13365	13236	13519	13312	13020	13098	13387	13138	13118	13387	13423	13079	13082	13485	13672	13426	13402	13474	13690	13482	13357	13623	13541	13323	13515	13675	13841	13706	13595	13756	13751	13883	13598	13565	13494	13223	13602	13729	13943	13948	13927	13989	13949	13991	13809	13694	13462	13591	13555	13564	13506	13684	14056	13561	13626	13701	13665	13634	12441	13878	13318	13670	13743	13891	14061	13718	13885	13630	13776	13480	13489	13182	13459	13343	1736	1804	1822	1803	1757	1789	1794	1836	1804	1822		
8:34:05	37.0	13430	13180	13393	13334	13047	13119	13370	12971	13128	13436	13406	12989	13264	13488	13680	13390	13370	13522	13672	13518	13416	13678	13461	13323	13525	13693	13728	13792	13617	13766	13732	13902	13647	13522	13579	13315	13597	13805	14081	13857	13985	13963	13999	13984	13811	13716	13515	13611	13581	13620	13536	13608	14063	13709	13680	13732	13738	13668	12426	13893	13477	13621	13743	13855	13945	13746	13772	13592	13834	13513	13418	13275	13462	13314	1754	1795	1786	1793	1754	1782	1839	1821	1798	1827		
8:38:05	37.0	13289	13251	13433	13352	13034	13083	13262	12995	13221	13358	13363	13031	13176	13492	13695	13377	13359	13486	13592	13539	13356	13654	13398	13361	13600	13721	13795	13762	13576	13777	13677	13930	13510	13565	13597	13187	13561	13690	14035	13928	14026	13965	14034	13867	13792	13757	13475	13557	13593	13640	13600	13767	14052	13612	13687	13790	13703	13697	12495	13899	13399	13683	13669	13876	13913	13704	13921	13545	13837	13555	13405	13190	13259	13344	1752	1796	1802	1803	1748	1781	1819	1851	1816	1795		
8:42:05	37.0	13355	13313	13348	13283	13023	13089	13327	13110	13174	13488	13386	13015	13195	13417	13660	13439	13456	13505	13619	13450	13321	13668	13449	13314	13612	13813	13750	13802	13697	13826	13698	13697	13665	13575	13554	13184	13595	13679	14026	13920	13943	13985	14015	13944	13763	13691	13519	13626	13544	13603	13554	13691	14060	13594	13741	13741	13639	13706	12500	13845	13274	13614	13641	13863	13921	13629	13940	13540	13827	13500	13476	13270	13376	13398	1761	1802	1806	1809	1762	1812	1824	1812	1816	1813		
8:46:05	37.0	13227	13262	13362	13383	12925	13145	13307	13162	13107	13428	13376	12999	13248	13405	13582	13403	13342	13487	13693	13528	13492	13657	13446	13319	13603	13692	13878	13792	13692	13768	13735	13893	13652	13614	13570	13213	13559	13659	14051	13829	14002	13880	14026	13991	13699	13612	13452	13587	13504	13578	13604	13631	14078	13643	13603	13626	13656	13681	12442	13836	13435	13613	13561	13755	14022	13674	13835	13682	13833	13567	13436	13282	13394	13336	1776	1794	1819	1792	1747	1790	1812	1832	1787	1836		
8:50:05	37.0	13347	13178	13374	13319	12979	13145	13318	13098	13131	13409	13313	13078	13205	13415	13605	13483	13420	13485	13635	13514	13374	13673	13412	13357	13629	13697	13717	13872	13728	13791	13655	13888	13676	13581	13612	13232	13498	13710	14048	13816	14019	13919	14028	14090	13846	13661	13554	13642	13583	13645	13669	13742	14022	13698	13711	13711	13709	13688	12493	13844	13404	13609	13732	13874	13970	13683	13948	13628	13753	13559	13462	13260	13343	13339	1757	1782	1832	1810	1739	1798	1817	1823	1798	1824		
8:54:05	36.9	13289	13292	13413	13318	12999	13102	13381	13197	13144	13486	13381	12936	13210	13428	13721	13446	13452	13472	13591	13585	13498	13628	13420	13297	13649	13622	13820	13832	13652	13784	13854	13937	13582	13651	13643	13293	13634	13629	14107	13995	13983	13983	13978	14027	13760	13706	13563	13617	13582	13532	13603	13686	14063	13621	13769	13702	13721	13656	12394	13946	13438	13655	13710	13857	14048	13649	13933	13726	13849	13570	13422	13219	13301	13266	1773	1792	1809	1821	1770	1776	1823	1825	1791	1843		
8:58:05	37.0	13337	13262	13465	13313	13125	13237	13368	13114	13148	13451	13439	13075	13092	13430	13661	13447	13378	13513	13685	13574	13453	13657	13474	13290	13597	13691	13682	13902	13696	13914	13777	13976	13628	13591	13659	13211	13667	13796	13999	13911	14020	13991	14085	14125	13785	13809	13514	13675	13606	13580	13574	13726	14095	13617	13780	13769	13729	13598	12575	13875	13388	13661	13698	13820	13984	13800	13942	13597	13831	13494	13436	13256	13301	13322	1752	1804	1815	1806	1736	1765	1815	1818	1786	1836		
9:02:05	37.0	13355	13244	13438	13288	13039	13124	13373	13090	13146	13408	13459	13112	13192	13491	13694	13403	13349	13514	13680	13497	13355	13702	13484	13332	13554	13718	13774	13831	13577	13755	13752	13896	13627	13569	13533	13241	13621	13785	14099	13932	14024	13935	13933	14040	13790	13714	13492	13585	13625	13606	13491	13763	13961	13643	13694	13708	13812	13701	12454	13885	13355	13657	13743	13961	13949	13688	13885	13575	13788	13502	13306	13231	13350	13373	1762	1771	1813	1815	1768	1782	1821	1826	1798	1820		
9:06:05	37.0	13328	13202	13366	13349	13045	13203	13356	13087	13085	13435	13469	13047	13225	13422	13717	13486	13525	13511	13614	13597	13486	13640	13414	13333	13621	13759	13830	13751	13730	13751	13745	13846	13619	13668	13574	13223	13658	13635	14077	13940	13995	14032	14007	13932	13752	13724	13548	13668	13522	13615	13569	13741	14064	13663	13637	13770	13694	13737	12526	13934	13407	13642	13649	13924	13987	13680	13881	13635	13845	13548	13417	13262	13349	13326	1753	1795	1814	1809	1744	1781	1830	1816	1815	1823		
9:10:05	37.0	13338	13195	13355	13418	13087	13125	13335	13196	13065	13411	13335	13131	13161	13490	13704	13412	13423	13572	13670	13564	13396	13731	13511	13395	13654	13800	13864	13823	13629	13805	13720	13872	13603	13594	13616	13167	13591	13564	14031	13901	13887	13940	14047	14065	13772	13767	13484	13686	13502	13639	13553	13728	14110	13669	13845	13714	13693	13744	12411	13934	13388	13567	13698	13803	14032	13725	13923	13707	13848	13618	13463	13223	13288	13260	1746	1785	1811	1803	1738	1775	1810	1820	1816	1845		
9:14:05	37.0	13375	13239	13376	13244	12990	13074	13452	13091	13159	13405	13367	13060	13274	13418	13675	13461	13344	13573	13638	13510	13376	13601	13462	13275	13606	13683	13761	13759	13698	13769	13681	13895	13771	13590	13533	13299	13546	13668	14068	13926	13945	13971	14065	14018	13813	13755	13603	13654	13600	13561	13594	13663	14117	13693	13690	13650	13718	13673	12472	13969	13384	13556	13644	13893	13946	13663	13954	13677	13796	13526	13479	13236	13264	13301	1759	1776	1803	1801	1737	1779	1806	1816	1816	1828		
9:18:05	37.0	13333	13242	13411	13366	13063	13007	13399	13163	13200	13467	13321	12988	13239	13549	13757	13359	13402	13482	13660	13564	13380	13604	13437	13348	13648	13756	13837	13780	13689	13840	13836	13857	13702	13714	13632	13293	13664	13777	14092	13955	14038	13942	13970	14082	13811	13750	13545	13548	13683	13655	13659	13721	14043	13595	13743	13731	13760	13706	12505	13995	13392	13609	13591	13833	14073	13618	13963	13614	13862	13582	13385	13324	13254	13240	1750	1789	1815	1813	1766	1775	1803	1817	1796	1824		
9:22:05	37.0	13288	13298	13380	13397	13094	13142	13338	13130	13146	13395	13314	13025	13138	13518	13654	13395	13430	13465	13642	13489	13407	13599	13448	13314	13575	13755	13807	13859	13651	13868	13696	13939	13741	13483	13656	13221	13681	13692	14017	13976	13977	14012	14068	13982	13820	13741	13549	13584	13573	13659	13649	13740	14123	13614	13720	13798	13700	13760	12511	13869	13456	13635	13580	13822	14015	13715	13923	13626	13839	13546	13468	13184	13404	13265	1756	1794	1794	1801	1743	1776	1817	1818	1788	1837		
9:26:05	37.0	13262	13306	13350	13318	13041	13021	13405	13063	13071	13469	13331	13156	13260	13409	13697	13446	13455	13495	13654	13551	13376	13661	13424	13319	13618	13714	13879	13817	13627	13770	13768	13830	13691	13547	13639	13232	13584	13766	13920	13884	13953	13949	14017	14056	13798	13741	13518	13648	13618	13585	13509	13707	14057	13685	13755	13748	13708	13660	12453	13982	13402	13610	13704	13851	13920	13656	13924	13571	13843	13574	13468	13168	13290	13276	1751	1810	1771	1798	1753	1780	1821	1803	1818	1812		
9:30:05	37.0	13288	13262	13362	13417	13056	13163	13362	13122	13197	13437	13411	13053	13270	13457	13704	13398	13404	13454	13699	13610	13391	13610	13416	13208	13638	13734	13737	13876	13603	13855	13787	13791	13701	13603	13600	13209	13662	13714	14153	13891	14020	13891	14011	13997	13755	13723	13491	13578	13606	13608	13605	13602	14031	13696	13756	13677	13718	13704	12478	13930	13510	13790	13697	13896	13937	13779	14045	13730	13873	13492	13366	13291	13266	13172	1760	1787	1814	1810	1742	1767	1828	1823	1786	1828		
9:34:05	37.0	13416	13248	13359	13335	13127	13205	13397	13176	13155	13434	13390	12988	13274	13420	13598	13422	13385	13436	13655	13570	13376	13600	13428	13386	13654	13746	13740	13782	13612	13799	13770	13896	13626	13543	13548	13210	13628	13681	14044	13927	13924	13929	14062	14056	13744	13747	13456	13688	13550	13644	13611	13716	14141	13595	13736	13696	13787	13708	12464	13814	13366	13691	13598	13852	13971	13640	13942	13709	13888	13515	13358	13237	13300	13273	1766	1808	1819	1802	1768	1756	1825	1823	1817	1813		
9:38:05	37.0	13402	13264	13443	13306	13005	13140	13300	13100	13169	13523	13370	13082	13195	13508	13643	13500	13522	13529	13625	13578	13435	13580	13507	13288	13542	13705	13735	13783	13696	13735	13692	13986	13717	13587	13503	13242	13634	13761	14001	14010	14066	13932	13973	13992	13784	13740	13430	13615	13539	13603	13596	13716	13965	13706	13702	13718	13709	13639	12519	13810	13383	13736	13798	13908	14076	13685	13843	13678	13838	13574	13403	13232	13296	13390	1775	1789	1815	1791	1766	1789	1812	1796	1811	1820		
9:42:05	37.0	13337	13268	13405	13356	13005	13127	13353	13132	13157	13461	13462	13106	13214	13487	13677	13424	13451	13380	13650	13578	13312	13589	13481	13263	13690	13695	13801	13862	13691	13735	13788	13948	13610	13522	13597	13226	13655	13669	13975	13975	14045	13963	13963	14041	13820	13781	13537	13484	13596	13584	13620	13757	14062	13667	13592	13756	13766	13556	12491	13813	13421	13560	13732	13950	13961	13672	13913	13568	13846	13591	13417	13302	13365	13356	1745	1811	1810	1792	1745	1779	1823	1813	1798	1830		
9:46:05	37.0	13369	13208	13315	13389	13104	13039	13366	13187	13168	13441	13541	13007	13238	13437	13775	13388	13376	13499	13593	13480	13443	13669	13493	13373	13613	13769	13822	13853	13688	13864	13662	13925	13716	13616	13546	13252	13709	13634	14032	13933	13965	13975	13868	14055	13747	13647	13555	13545	13570	13633	13552	13776	14042	13674	13738	13729	13756	13674	12446	14025	13403	13690	13757	13836	13990	13732	13914	13633	13863	13523	13487	13256	13369	13271	1749	1802	1799	1790	1765	1806	1818	1831	1811	1837		
9:50:05	37.0	13280	13261	13404	13310	13055	13100	13353	13097	13235	13389	13382	13028	13233	13533	13701	13508	13307	13597	13782	13568	13463	13570	13416	13290	13609	13699	13843	13839	13678	13835	13809	13810	13684	13587	13595	13274	13635	13851	14022	13939	13970	13962	14015	13884	13703	13763	13598	13653	13518	13669	13682	13739	14050	13737	13756	13782	13719	13703	12455	13876	13456	13720	13654	13865	13913	13653	13956	13640	13769	13603	13467	13298	13292	13281	1756	1798	1784	1780	1757	1760	1822	1824	1804	1813		
9:54:05	37.0	13337	13226	13381	13322	13073	13185	13344	13172	13147	13407	13485	13017	13308	13504	13596	13502	13320	13510	13726	13512	13353	13638	13349	13318	13693	13718	13852	13623	13760	13856	13755	13842	13693	13678	13663	13309	13561	13749	14137	13928	14015	13990	13992	14013	13788	13779	13477	13562	13567	13634	13584	13689	14097	13669	13676	13767	13760	13738	12443	13918	13442	13663	13686	13836	13958	13813	13941	13651	13762	13507	13462	13218	13219	13259	1760	1791	1814	1810	1751	1797	1818	1816	1785	1830		
9:58:05	37.0	13348	13289	13263	13286	13070	13199	13401	13180	13223	13422	13366	13001	13199	13481	13590	13458	13393	13529	13656	13551	13469	13592	13445	13367	13696	13796	13824	13782	13602	13794	13796	13887	13693	13634	13703	13201	13552	13730	14055	13887	13952	13947	13923	13991	13820	13701	13534	13619	13586	13614	13647	13684	13930	13653	13688	13812	13762	13695	12579	13860	13344	13618	13706	13872	13964	13654	13940	13605	13932	13515	13433	13242	13227	13344	1763	1776	1806	1820	1761	1792	1814	1814	1791	1830		
10:02:05	37.0	13315	13264	13391	13445	13032	13233	13304	13094	13173	13460	13335	13079	13213	13434	13590	13513	13401	13505	13683	13474	13372	13614	13458	13287	13654	13720	13791	13823	13759	13767	13717	13797	13627	13555	13649	13166	13654	13680	14030	13964	13960	13879	13985	13973	13739	13539	13595	13612	13545	13626	13548	13638	13951	13632	13684	13795	13689	13684	12562	13968	13481	13610	13727	13785	13928	13658	13871	13656	13850	13529	13425	13348	13314	13197	1776	1791	1803	1819	1752	1772	1827	1840	1801	1832		
10:06:05	37.0	13388	13265	13296	13350	13009	13077	13387	13186	13233	13393	13416	13033	13233	13483	13600	13553	13383	13578	13670	13439	13341	13675	13297	13289	13606	13697	13773	13807	13645	13861	13800	13890	13665	13627	13663	13222	13655	13731	13955	13835	13978	13984	14012	14042	13724	13740	13589	13598	13661	13693	13597	13646	14033	13697	13660	13754	13713	13715	12512	13867	13327	13624	13788	13798	13937	13733	13922	13701	13787	13502	13502	13278	13253	13268	1743	1790	1791	1808	1770	1773	1823	1818	1798	1813		
10:10:05	37.0	13361	13231	13407	13373	13106	13132	13348	13134	13215	13432	13404	13062	13248	13465	13660	13419	13401	13507	13669	13538	13370	13684	13465	13294	13563	13756	13826	13853	13701	13801	13687	13849	13681	13632	13582	13255	13668	13721	14050	13886	13978	13891	13931	14050	13705	13642	13574	13586	13665	13665	13574	13681	13991	13669	13673	13758	13701	13610	12471	13957	13338	13669	13650	13809	14039	13728	13966	13638	13761	13515	13416	13209	13180	13241	1763	1791	1808	1804	1753	1778	1823	1839	1787	1830		
10:14:05	37.0	13383	13249	13385	13266	13072	13103	13249	13254	13159	13391	13334	13157	13306	13472	13678	13471	13309	13480	13671	13473	13354	13602	13458	13323	13583	13790	13705	13749	13711	13797	13739	13740	13660	13609	13559	13282	13601	13715	14088	13876	13992	13898	13962	14052	13783	13756	13494	13625	13595	13628	13685	13786	14111	13707	13605	13768	13718	13607	12569	13963	13427	13637	13726	13808	13979	13729	14012	13675	13933	13649	13431	13285	13182	13265	1766	1784	1793	1799	1755	1773	1811	1832	1788	1824		
10:18:05	37.0	13338	13166	13336	13350	13029	13127	13322	13149	13176	13396	13358	13034	13205	13457	13705	13392	13345	13498	13700	13451	13387	13563	13419	13311	13637	13669	13752	13742	13682	13803	13768	13947	13685	13641	13586	13154	13643	13755	14114	13983	13945	13925	13979	13986	13669	13739	13547	13536	13548	13607	13489	13684	14013	13660	13715	13781	13683	13636	12460	13952	13473	13677	13605	13805	13974	13693	13947	13602	13791	13495	13447	13247	13218	13268	1768	1785	1813	1817	1737	1785	1818	1802	1796	1829		
10:22:05	37.0	13351	13261	13409	13287	13077	13099	13416	13109	13191	13461	13366	13014	13301	13423	13586	13403	13444	13454	13577	13465	13402	13588	13411	13159	13613	13771	13774	13787	13680	13690	13720	13979	13612	13628	13570	13293	13617	13732	14077	13924	13941	14000	14010	14089	13766	13750	13547	13584	13593	13595	13718	13701	14001	13579	13694	13770	13735	13629	12371	13891	13545	13721	13652	13822	13945	13674	13887	13693	13819	13606	13449	13202	13195	13339	1773	1791	1824	1782	1751	1772	1814	1841	1785	1805		
10:26:05	37.0	13414	13170	13286	13327	12996	13160	13379	13115	13161	13426	13367	13038	13218	13611	13642	13513	13386	13504	13713	13516	13456	13617	13567	13306	13636	13689	13753	13683	13724	13830	13771	13764	13684	13617	13596	13290	13678	13725	14078	13969	13974	13927	13931	13987	13838	13749	13603	13599	13557	13594	13613	13676	14126	13696	13660	13802	13671	13704	12433	13895	13420	13673	13755	13803	13941	13698	13912	13646	13886	13592	13364	13301	13282	13227	1770	1802	1809	1820	1760	1765	1815	1829	1801	1816		
10:30:05	37.0	13367	13307	13354	13306	13092	13080	13427	13210	13165	13431	13410	13105	13250	13483	13683	13430	13373	13545	13714	13621	13449	13605	13417	13297	13639	13716	13769	13793	13658	13806	13776	13813	13701	13639	13529	13265	13619	13778	13988	13872	13993	13955	13955	14015	13763	13753	13588	13600	13613	13579	13583	13630	13961	13703	13636	13747	13693	13634	12463	13959	13444	13616	13710	13766	13925	13656	13887	13692	13920	13544	13382	13311	13198	13183	1756	1793	1797	1804	1723	1775	1822	1824	1793	1797		
10:34:05	37.0	13366	13229	13375	13363	13049	13161	13324	13103	13206	13414	13282	13087	13276	13537	13548	13433	13367	13532	13680	13488	13460	13627	13427	13317	13543	13735	13864	13838	13666	13921	13771	13851	13625	13672	13530	13299	13615	13730	13918	13917	14028	14029	13987	14015	13800	13788	13578	13572	13604	13678	13646	13752	13972	13591	13760	13711	13666	13701	12462	13919	13518	13764	13693	13893	13974	13760	13851	13680	13806	13541	13479	13276	13156	13253	1749	1813	1804	1829	1757	1775	1818	1817	1821	1833		
10:38:05	37.0	13227	13289	13342	13309	13023	13172	13318	13087	13168	13467	13534	13050	13201	13413	13610	13430	13361	13440	13677	13444	13476	13594	13423	13327	13547	13757	13833	13841	13730	13745	13686	13831	13668	13607	13592	13330	13563	13730	13941	13877	13982	13931	13976	13940	13681	13698	13599	13505	13620	13724	13575	13729	14025	13693	13720	13771	13772	13634	12421	13940	13423	13645	13754	13795	13996	13757	13859	13662	13833	13627	13513	13277	13284	13202	1751	1779	1814	1797	1746	1793	1796	1832	1795	1831		
10:42:05	37.0	13310	13205	13380	13328	12932	13004	13305	13079	13161	13309	13282	13069	13184	13410	13663	13487	13404	13496	13561	13529	13382	13665	13493	13280	13626	13790	13736	13797	13686	13785	13775	13839	13609	13582	13620	13215	13681	13699	13976	13945	13961	13977	14026	14035	13772	13722	13534	13538	13590	13691	13475	13633	13975	13610	13627	13743	13688	13658	12475	13916	13427	13649	13696	13879	13922	13749	13803	13619	13854	13536	13404	13215	13259	13243	1752	1804	1808	1800	1719	1783	1810	1808	1787	1820		
10:46:05	37.0	13296	13214	13431	13303	13111	13145	13374	13146	13199	13470	13449	13018	13210	13481	13647	13530	13275	13522	13741	13452	13451	13578	13415	13337	13642	13772	13757	13741	13682	13667	13744	13896	13623	13603	13485	13234	13653	13674	14052	13881	13874	13922	13903	13941	13719	13767	13596	13512	13598	13673	13482	13800	14058	13718	13726	13748	13673	13635	12490	13969	13399	13739	13755	13939	14016	13725	13915	13686	13857	13642	13464	13260	13261	13180	1768	1800	1797	1801	1753	1767	1805	1840	1811	1840		
10:50:05	37.0	13338	13351	13353	13298	13081	13194	13297	13164	13168	13432	13535	13048	13232	13468	13665	13425	13331	13483	13629	13455	13477	13523	13451	13317	13676	13712	13922	13780	13685	13734	13759	13857	13704	13598	13565	13285	13621	13706	14031	13916	13920	13919	13923	14000	13807	13743	13469	13564	13581	13604	13552	13754	13961	13624	13660	13735	13765	13709	12518	13852	13490	13651	13637	13792	14009	13711	13870	13632	13813	13661	13425	13269	13149	13181	1749	1792	1813	1796	1748	1782	1812	1846	1804	1807		
10:54:05	37.0	13353	13179	13304	13318	13111	13145	13326	13105	13181	13442	13562	13073	13219	13520	13647	13548	13374	13419	13664	13460	13362	13582	13491	13231	13543	13625	13807	13798	13769	13774	13779	13797	13768	13668	13559	13324	13626	13778	14101	13937	14004	13951	13904	13997	13764	13637	13532	13577	13605	13618	13613	13596	14069	13628	13716	13748	13687	13658	12404	13872	13395	13666	13684	13884	13967	13644	13836	13632	13818	13561	13459	13191	13232	13217	1745	1792	1796	1796	1750	1783	1804	1831	1832	1834		
10:58:05	37.0	13323	13321	13338	13277	13041	13070	13308	13098	13197	13408	13376	13030	13244	13453	13660	13536	13430	13517	13681	13475	13364	13555	13371	13289	13637	13708	13779	13704	13741	13826	13790	13768	13576	13620	13640	13290	13578	13737	13967	13773	13961	13950	13907	13927	13763	13752	13512	13506	13531	13675	13642	13690	14015	13667	13727	13715	13682	13676	12398	13903	13330	13537	13741	13809	14003	13703	13934	13647	13884	13581	13495	13363	13159	13227	1762	1796	1817	1784	1752	1795	1833	1809	1802	1822		
11:02:05	37.0	13364	13281	13261	13336	12994	13202	13330	13163	13178	13436	13502	12998	13290	13527	13657	13489	13382	13579	13621	13542	13368	13641	13402	13275	13615	13660	13724	13698	13681	13823	13714	13955	13664	13484	13521	13272	13664	13630	14109	13888	13965	13923	13909	14101	13730	13724	13549	13531	13515	13633	13522	13701	14020	13674	13725	13797	13705	13710	12415	14040	13446	13709	13721	13919	13945	13746	13905	13649	13789	13596	13552	13259	13228	13150	1752	1793	1807	1807	1759	1781	1821	1819	1785	1819		
11:06:05	37.0	13286	13279	13320	13261	13014	13080	13343	13173	13126	13465	13398	12993	13280	13432	13723	13436	13376	13458	13557	13457	13503	13653	13400	13318	13490	13732	13848	13746	13720	13793	13758	13815	13642	13578	13554	13188	13623	13744	14033	13907	13943	13943	13919	14061	13742	13808	13522	13549	13618	13612	13688	13711	13999	13666	13541	13712	13745	13590	12368	13966	13411	13676	13594	13801	13931	13548	13913	13648	13787	13645	13402	13269	13210	13180	1763	1784	1802	1786	1741	1786	1807	1817	1797	1833		
11:10:05	37.0	13465	13274	13348	13313	13043	13147	13351	13121	13137	13270	13417	13050	13255	13453	13607	13441	13438	13511	13691	13559	13490	13538	13447	13397	13685	13681	13710	13747	13679	13722	13798	13816	13646	13550	13562	13293	13608	13775	13942	13895	14012	13893	14007	14009	13717	13724	13576	13576	13523	13602	13596	13747	13937	13731	13751	13764	13653	13652	12524	13907	13422	13702	13731	13781	13941	13745	13823	13693	13803	13586	13560	13335	13281	13125	1759	1787	1803	1814	1751	1781	1809	1820	1812	1819		
11:14:05	37.0	13318	13190	13280	13248	12988	13199	13336	13231	13192	13349	13502	13006	13280	13456	13661	13499	13408	13514	13593	13557	13412	13596	13389	13324	13731	13754	13710	13804	13662	13744	13686	13833	13642	13654	13500	13256	13613	13678	14049	13971	13947	13906	13847	14067	13655	13789	13522	13578	13504	13571	13525	13672	14056	13708	13774	13684	13698	13607	12423	14007	13412	13616	13725	13844	14037	13798	13946	13665	13743	13538	13573	13231	13163	13191	1762	1808	1805	1784	1741	1788	1811	1815	1804	1812		
11:18:05	37.0	13353	13323	13402	13282	13021	13116	13296	13113	13162	13294	13420	13039	13239	13491	13665	13504	13428	13490	13680	13491	13356	13609	13544	13222	13601	13708	13783	13781	13674	13762	13729	13892	13648	13593	13497	13221	13639	13726	14001	13871	13980	13961	13970	13958	13765	13790	13572	13594	13441	13608	13629	13716	14037	13678	13702	13751	13689	13619	12459	13927	13406	13647	13710	13783	13982	13749	13951	13651	13764	13628	13358	13262	13254	13216	1743	1795	1823	1802	1728	1785	1835	1819	1803	1839		
11:22:05	37.0	13329	13235	13241	13298	13029	13119	13371	13172	13178	13408	13446	13033	13199	13459	13564	13399	13434	13502	13649	13554	13563	13677	13494	13288	13610	13605	13832	13779	13696	13727	13785	13936	13780	13627	13626	13269	13647	13803	13995	13883	13984	13957	13958	13926	13763	13758	13508	13561	13537	13584	13598	13684	13954	13687	13668	13746	13784	13580	12424	13934	13477	13689	13749	13778	13961	13702	13786	13692	13826	13598	13408	13332	13157	13265	1762	1804	1795	1797	1736	1782	1800	1819	1795	1826		
11:26:05	37.0	13351	13192	13353	13329	13063	13079	13288	13173	13196	13419	13538	13062	13245	13464	13539	13409	13395	13444	13717	13449	13465	13676	13454	13249	13638	13751	13827	13720	13673	13799	13795	13852	13669	13637	13578	13189	13701	13783	14050	13799	14056	13850	13983	13915	13854	13729	13604	13516	13587	13630	13657	13705	13994	13683	13711	13669	13691	13548	12436	13871	13494	13681	13639	13861	13936	13737	13816	13648	13850	13592	13498	13299	13141	13283	1755	1796	1813	1791	1748	1785	1826	1824	1819	1812		
11:30:05	37.0	13401	13255	13284	13231	13117	13134	13266	13146	13121	13439	13415	13078	13304	13537	13696	13488	13317	13551	13663	13496	13442	13557	13522	13316	13596	13692	13709	13751	13692	13725	13706	13791	13742	13649	13551	13249	13584	13710	13960	13780	13935	13927	13977	13983	13820	13681	13529	13563	13694	13684	13492	13650	14053	13561	13667	13706	13658	13578	12426	13881	13523	13667	13682	13842	13889	13714	13851	13672	13794	13582	13502	13221	13206	13234	1759	1783	1808	1801	1749	1756	1823	1832	1796	1819		
11:34:05	37.0	13352	13308	13337	13299	13086	13117	13336	13213	13183	13422	13308	13113	13334	13481	13663	13508	13328	13408	13678	13516	13429	13583	13432	13285	13591	13631	13782	13763	13703	13764	13716	13848	13720	13620	13582	13300	13735	13772	14039	13976	13988	13947	13890	14017	13754	13744	13494	13505	13610	13652	13542	13668	14106	13659	13616	13744	13713	13687	12384	13935	13423	13657	13693	13800	13851	13766	13946	13728	13790	13604	13500	13259	13147	13167	1765	1793	1791	1796	1747	1780	1814	1816	1823	1845		
11:38:05	37.0	13436	13272	13369	13311	13081	13210	13294	13169	13147	13358	13377	13144	13242	13547	13618	13401	13401	13520	13702	13507	13368	13634	13396	13260	13597	13699	13812	13712	13661	13764	13762	13793	13737	13674	13443	13254	13653	13767	13995	13769	13944	13870	13912	13981	13766	13710	13560	13412	13521	13662	13507	13646	14039	13690	13705	13787	13697	13642	12421	13878	13423	13594	13645	13889	13885	13727	13938	13643	13820	13651	13451	13275	13179	13125	1752	1788	1808	1796	1749	1793	1813	1823	1798	1811		
11:42:05	37.0	13327	13238	13243	13354	13036	13090	13326	13180	13206	13383	13412	12986	13203	13418	13573	13522	13365	13479	13614	13498	13413	13516	13357	13203	13632	13679	13795	13687	13642	13754	13755	13854	13647	13617	13509	13262	13722	13757	14019	13911	13960	13920	13997	14025	13728	13738	13569	13485	13589	13536	13500	13668	13988	13661	13694	13765	13768	13544	12341	13855	13407	13611	13595	13825	13962	13689	13884	13683	13787	13554	13464	13285	13098	13154	1742	1786	1800	1798	1755	1773	1810	1807	1795	1818		
11:46:05	37.0	13334	13242	13249	13321	13055	13204	13339	13167	13195	13386	13283	12961	13253	13413	13653	13453	13521	13473	13600	13396	13456	13570	13464	13312	13649	13663	13821	13768	13767	13837	13779	13793	13666	13673	13493	13291	13684	13803	14014	13909	14024	13993	13958	13956	13663	13755	13480	13509	13562	13662	13514	13689	13990	13686	13732	13700	13668	13624	12466	13927	13466	13749	13682	13791	13940	13678	13910	13614	13910	13699	13431	13253	13106	13077	1750	1795	1773	1798	1743	1803	1833	1816	1818	1818		
11:50:05	37.0	13366	13243	13277	13321	13066	13128	13354	13058	13218	13429	13433	13034	13262	13525	13627	13468	13354	13393	13636	13423	13536	13654	13406	13201	13623	13721	13771	13765	13703	13793	13603	13765	13623	13610	13560	13255	13659	13780	14051	13866	13998	13870	13937	13972	13771	13750	13535	13500	13549	13614	13612	13656	14039	13639	13661	13800	13772	13649	12408	13933	13494	13702	13723	13730	13989	13630	13825	13638	13768	13585	13520	13248	13240	13132	1777	1786	1786	1789	1744	1775	1809	1833	1813	1832		
11:54:05	37.0	13290	13263	13300	13283	13004	13073	13358	13166	13183	13382	13323	12990	13196	13487	13741	13499	13428	13539	13580	13458	13465	13545	13390	13334	13626	13681	13801	13805	13764	13773	13747	13787	13677	13611	13602	13264	13666	13724	14100	13850	13883	13822	14034	13992	13737	13745	13567	13531	13526	13659	13590	13717	13966	13636	13760	13790	13690	13650	12392	13937	13354	13728	13628	13729	13935	13687	13731	13633	13731	13542	13474	13284	13070	13258	1778	1797	1794	1802	1718	1783	1815	1824	1805	1837		
11:58:05	37.0	13327	13225	13353	13321	13075	13147	13208	13236	13149	13403	13377	13118	13323	13490	13660	13557	13339	13546	13564	13484	13439	13586	13371	13257	13574	13664	13685	13773	13732	13657	13753	13851	13698	13563	13469	13194	13631	13755	14003	13916	14011	13962	14004	14031	13700	13845	13520	13523	13602	13693	13548	13570	14033	13646	13589	13807	13728	13639	12396	13814	13332	13553	13799	13784	13939	13743	13854	13632	13859	13647	13444	13216	13098	13157	1773	1782	1818	1797	1742	1775	1802	1818	1779	1832		
12:02:05	37.0	13316	13298	13253	13244	12966	13170	13215	13089	13140	13441	13407	13015	13217	13410	13575	13473	13348	13423	13640	13514	13448	13555	13384	13267	13608	13660	13713	13719	13682	13771	13826	13807	13644	13581	13515	13292	13756	13662	14010	13812	13898	13946	13824	14114	13743	13760	13451	13484	13591	13660	13580	13750	13990	13674	13670	13763	13765	13653	12406	13935	13330	13677	13600	13765	13939	13740	13844	13750	13832	13606	13404	13260	13099	13047	1745	1796	1799	1810	1747	1762	1808	1827	1778	1809		
12:06:05	37.0	13325	13297	13337	13273	13106	13190	13372	13177	13147	13349	13197	13058	13242	13513	13582	13469	13454	13453	13607	13441	13350	13597	13381	13245	13600	13740	13783	13723	13763	13741	13842	13812	13676	13576	13590	13183	13552	13765	13993	13867	13996	14057	13926	13906	13809	13755	13577	13555	13592	13748	13573	13687	13972	13596	13736	13756	13778	13707	12405	13922	13432	13665	13704	13785	13966	13736	13892	13647	13887	13539	13443	13272	13260	13122	1743	1782	1803	1774	1739	1760	1819	1822	1814	1842		
12:10:05	37.0	13331	13260	13325	13255	13135	13160	13321	13139	13294	13370	13360	12995	13277	13545	13598	13439	13362	13516	13609	13599	13370	13685	13453	13274	13633	13699	13793	13808	13674	13742	13693	13868	13682	13597	13568	13298	13696	13685	13960	13930	14009	13918	13962	13923	13737	13784	13611	13518	13658	13602	13671	13646	14102	13679	13722	13785	13718	13692	12418	13946	13382	13720	13710	13757	13991	13708	13884	13722	13836	13549	13480	13333	13100	12985	1763	1778	1792	1805	1727	1769	1815	1800	1814	1812		
12:14:05	37.0	13432	13270	13330	13235	13157	13117	13328	13159	13080	13377	13343	12997	13210	13531	13540	13431	13455	13443	13604	13488	13408	13643	13408	13236	13534	13717	13774	13773	13723	13751	13765	13821	13717	13576	13577	13268	13649	13709	14036	13882	13985	13929	13962	13989	13797	13875	13490	13464	13538	13636	13599	13585	13994	13681	13674	13715	13704	13641	12354	13995	13398	13702	13644	13859	14050	13663	13882	13630	13752	13581	13528	13258	13182	13115	1753	1791	1796	1821	1735	1776	1816	1826	1793	1825		
12:18:05	37.0	13458	13224	13381	13245	12992	13209	13269	13223	13281	13380	13347	13072	13275	13462	13654	13421	13361	13492	13608	13455	13427	13583	13426	13208	13590	13604	13819	13714	13713	13788	13771	13843	13751	13616	13478	13265	13663	13724	13977	13981	13966	13817	14012	13984	13717	13867	13508	13568	13466	13639	13595	13724	13969	13556	13768	13774	13734	13593	12442	13950	13479	13729	13675	13719	13921	13711	13877	13697	13843	13517	13529	13333	13139	13169	1767	1767	1804	1809	1755	1767	1823	1819	1786	1828		
12:22:05	37.0	13357	13286	13250	13248	13085	13189	13367	13136	13149	13388	13339	13028	13215	13522	13663	13526	13385	13572	13592	13478	13363	13628	13421	13207	13642	13705	13673	13825	13697	13728	13785	13766	13633	13671	13629	13257	13579	13682	13933	13968	13915	13952	14015	14008	13785	13750	13485	13531	13525	13680	13573	13729	14052	13615	13678	13821	13637	13542	12358	13954	13461	13739	13768	13789	13963	13679	13873	13622	13784	13630	13522	13328	13171	13213	1754	1783	1804	1799	1745	1785	1832	1810	1813	1837		
12:26:05	37.0	13415	13254	13386	13292	13075	13085	13257	13173	13201	13349	13364	13066	13225	13536	13669	13395	13277	13460	13644	13405	13426	13521	13369	13308	13697	13704	13789	13724	13691	13794	13688	13819	13595	13632	13593	13212	13652	13826	13905	13916	13917	13941	13906	14091	13736	13723	13569	13625	13588	13606	13468	13579	14038	13591	13680	13713	13703	13596	12487	14008	13418	13733	13647	13856	13942	13732	13775	13664	13663	13587	13523	13260	13081	13096	1761	1803	1800	1779	1747	1771	1816	1822	1778	1800		
12:30:05	37.0	13414	13332	13343	13227	13133	13186	13351	13115	13212	13337	13352	13006	13340	13483	13586	13486	13297	13480	13626	13464	13462	13544	13469	13216	13670	13685	13716	13797	13725	13737	13741	13823	13656	13664	13474	13170	13694	13748	13961	13946	14020	13929	14036	14025	13721	13832	13565	13512	13597	13702	13599	13610	14016	13709	13692	13798	13733	13552	12395	13872	13481	13680	13684	13906	13945	13751	13837	13652	13789	13611	13496	13291	13172	13173	1759	1784	1816	1793	1758	1774	1784	1814	1788	1815		
12:34:05	37.0	13307	13328	13232	13398	12938	13151	13316	13128	13185	13371	13411	12989	13312	13511	13592	13458	13417	13401	13700	13511	13531	13511	13394	13232	13559	13660	13752	13762	13693	13618	13815	13752	13592	13711	13579	13163	13714	13762	14077	13854	13956	13935	13992	13926	13717	13789	13557	13493	13547	13624	13596	13698	14028	13696	13645	13775	13814	13591	12363	13917	13333	13717	13713	13779	13984	13667	13893	13666	13803	13612	13450	13280	13186	13178	1758	1788	1813	1794	1736	1767	1806	1814	1803	1822		
12:38:05	37.0	13324	13282	13331	13212	13057	13144	13276	13085	13196	13398	13321	13062	13258	13433	13553	13434	13335	13437	13630	13418	13296	13611	13424	13216	13613	13705	13825	13767	13641	13801	13772	13859	13592	13589	13609	13314	13614	13678	14021	13747	13890	13904	13927	13978	13714	13710	13543	13474	13630	13741	13502	13672	13908	13709	13705	13668	13665	13523	12358	13897	13440	13585	13691	13827	13983	13711	13900	13576	13785	13565	13561	13218	13094	13176	1761	1794	1795	1802	1750	1769	1806	1824	1801	1834		
12:42:05	37.0	13304	13241	13279	13394	13056	13171	13270	13152	13207	13442	13367	13098	13167	13449	13599	13515	13362	13478	13685	13449	13377	13486	13414	13255	13599	13706	13805	13741	13673	13831	13700	13771	13527	13631	13547	13294	13721	13754	13986	13882	14012	13897	14052	14112	13762	13761	13544	13588	13638	13729	13578	13752	13916	13699	13597	13711	13683	13607	12431	13985	13486	13688	13683	13856	13952	13679	13847	13659	13751	13534	13477	13198	13105	13137	1759	1797	1790	1813	1745	1779	1837	1824	1815	1813		
12:46:05	37.0	13383	13313	13319	13380	13056	13261	13395	13205	13248	13378	13283	13047	13206	13372	13585	13428	13361	13455	13578	13506	13508	13649	13364	13299	13598	13674	13766	13777	13704	13713	13666	13800	13578	13672	13524	13300	13684	13749	13952	13902	13965	13902	13965	13994	13817	13701	13585	13423	13504	13613	13596	13628	13880	13697	13716	13836	13687	13657	12456	13919	13385	13708	13641	13883	13947	13736	13828	13635	13749	13614	13501	13253	13058	13142	1752	1790	1807	1806	1742	1751	1817	1840	1789	1814		
12:50:05	37.0	13398	13250	13292	13307	13037	13202	13344	13137	13194	13388	13387	13085	13234	13529	13601	13477	13288	13546	13570	13491	13422	13543	13428	13269	13615	13690	13731	13787	13717	13687	13764	13841	13647	13621	13563	13311	13687	13724	13943	13854	13937	13905	13985	13937	13886	13794	13519	13447	13655	13615	13604	13641	13988	13622	13689	13737	13742	13619	12440	13941	13423	13667	13658	13823	13855	13762	13886	13715	13975	13585	13491	13317	13179	13132	1772	1795	1809	1812	1746	1775	1823	1813	1797	1810		
12:54:05	37.0	13351	13283	13279	13343	13065	13160	13338	13190	13118	13394	13365	13041	13260	13418	13645	13507	13274	13484	13635	13469	13409	13609	13419	13227	13580	13653	13774	13818	13641	13677	13802	13771	13712	13576	13518	13249	13654	13753	14041	13890	13909	13905	13950	13839	13726	13805	13634	13492	13550	13709	13627	13750	14007	13714	13667	13804	13612	13594	12380	13997	13420	13639	13745	13771	13897	13732	13923	13662	13802	13545	13399	13226	13112	13096	1743	1799	1806	1797	1736	1782	1824	1830	1815	1828		
12:58:05	37.0	13342	13271	13377	13384	13063	13007	13362	13214	13290	13284	13498	13110	13298	13449	13650	13377	13362	13462	13536	13491	13428	13549	13348	13257	13635	13670	13664	13733	13669	13693	13745	13824	13623	13692	13491	13265	13736	13712	13963	13832	13946	13940	13843	13848	13733	13819	13481	13445	13511	13770	13678	13605	14003	13658	13778	13834	13669	13661	12376	13963	13407	13647	13700	13819	13970	13764	13837	13689	13823	13541	13520	13215	13090	13111	1773	1783	1795	1790	1754	1780	1804	1806	1804	1820		
13:02:05	37.0	13346	13277	13405	13259	13121	13123	13238	13136	13240	13379	13278	13130	13272	13554	13665	13514	13344	13471	13666	13404	13484	13527	13371	13237	13630	13653	13720	13726	13718	13694	13766	13850	13631	13663	13499	13254	13605	13747	13925	13964	13973	13914	13950	13904	13750	13845	13572	13551	13550	13657	13558	13605	13964	13691	13632	13746	13711	13616	12404	13871	13397	13621	13735	13707	13899	13775	13772	13739	13794	13651	13487	13282	13201	13129	1769	1798	1804	1775	1739	1765	1823	1835	1803	1830		
13:06:05	37.0	13428	13259	13305	13239	13059	13227	13233	13190	13145	13469	13391	13049	13324	13497	13591	13468	13277	13506	13585	13408	13454	13549	13342	13244	13705	13651	13684	13767	13701	13761	13712	13697	13589	13593	13584	13264	13642	13673	13953	13950	13936	13844	13919	13954	13731	13762	13514	13579	13642	13668	13541	13675	13981	13582	13717	13805	13702	13608	12432	13945	13384	13742	13704	13821	13905	13685	13868	13666	13769	13550	13418	13290	13076	13060	1762	1778	1808	1789	1744	1778	1821	1810	1797	1824		
13:10:05	37.0	13418	13258	13298	13296	13018	13145	13347	13219	13178	13386	13447	12993	13237	13517	13657	13502	13356	13477	13703	13561	13465	13537	13399	13241	13672	13678	13671	13777	13697	13706	13803	13757	13676	13667	13638	13323	13639	13739	13982	13858	13935	13959	13971	13913	13812	13719	13503	13532	13542	13657	13602	13736	14019	13679	13673	13762	13700	13570	12371	13915	13392	13695	13736	13878	13968	13676	13807	13698	13753	13576	13486	13226	13117	13095	1752	1800	1806	1798	1756	1799	1821	1817	1786	1821		
13:14:05	37.0	13421	13236	13328	13261	13087	13188	13291	13216	13139	13386	13415	13031	13267	13531	13626	13462	13356	13544	13687	13467	13460	13547	13421	13235	13511	13672	13748	13699	13742	13725	13742	13753	13624	13597	13541	13312	13654	13759	13980	13911	14007	13874	13928	13975	13824	13781	13576	13497	13578	13602	13617	13609	13919	13740	13665	13715	13623	13625	12484	14009	13473	13610	13835	13802	13869	13754	13846	13677	13821	13530	13477	13318	13145	13117	1757	1788	1799	1802	1748	1768	1808	1810	1799	1802		
13:18:05	37.0	13332	13232	13288	13252	13025	13145	13296	13160	13157	13351	13390	13053	13287	13491	13569	13462	13381	13386	13614	13433	13432	13543	13416	13213	13574	13619	13650	13670	13778	13732	13772	13866	13596	13584	13587	13316	13618	13687	13958	13829	13967	13880	13923	13875	13737	13813	13581	13536	13537	13652	13597	13723	13999	13652	13647	13767	13693	13507	12428	14019	13484	13731	13636	13722	13931	13666	13760	13634	13706	13638	13532	13206	13109	13122	1771	1781	1807	1808	1741	1785	1821	1820	1812	1816		
13:22:05	37.0	13363	13259	13351	13335	13032	13121	13302	13229	13172	13249	13382	12951	13314	13560	13595	13560	13290	13425	13555	13481	13458	13601	13439	13352	13677	13740	13789	13860	13683	13795	13802	13814	13750	13615	13548	13287	13704	13825	13933	13847	13916	13839	13914	13937	13767	13729	13517	13492	13572	13823	13544	13708	13995	13741	13690	13749	13666	13606	12399	14001	13402	13627	13694	13709	13885	13756	13810	13725	13801	13652	13421	13259	13146	13013	1764	1797	1785	1817	1733	1775	1816	1807	1793	1820		
13:26:05	37.0	13280	13306	13133	13378	13000	13132	13278	13148	13189	13350	13222	13085	13212	13534	13439	13466	13314	13469	13706	13422	13404	13563	13309	13221	13622	13699	13671	13697	13700	13752	13768	13737	13782	13672	13549	13312	13583	13745	13921	13921	13947	13836	13897	14066	13727	13797	13556	13537	13562	13552	13530	13688	13998	13615	13691	13752	13634	13599	12351	13878	13347	13651	13668	13690	13862	13706	13737	13587	13800	13532	13530	13320	13133	13048	1741	1788	1802	1810	1753	1802	1808	1822	1803	1810		
13:30:05	37.0	13406	13290	13290	13229	13044	13064	13314	13111	13262	13410	13455	13011	13178	13556	13522	13491	13350	13440	13544	13465	13418	13553	13470	13222	13638	13687	13710	13670	13649	13731	13782	13788	13724	13617	13452	13307	13653	13716	13963	13875	13987	13918	13946	13970	13771	13756	13490	13488	13591	13615	13530	13672	13931	13632	13743	13701	13679	13653	12358	13982	13383	13663	13672	13888	13953	13772	13909	13721	13775	13517	13495	13330	13161	13077	1766	1763	1799	1785	1739	1783	1820	1818	1782	1829		
13:34:05	37.0	13316	13326	13312	13304	13151	13146	13315	13231	13251	13421	13311	13001	13230	13526	13599	13454	13270	13361	13542	13494	13463	13493	13374	13201	13637	13736	13729	13751	13759	13755	13810	13807	13681	13587	13500	13279	13724	13633	13931	13797	14036	13777	13964	13954	13850	13747	13536	13503	13568	13644	13576	13632	13932	13609	13614	13740	13711	13625	12289	13937	13411	13658	13666	13785	14013	13688	13920	13686	13757	13590	13513	13193	13099	13050	1746	1790	1808	1799	1732	1787	1811	1824	1794	1833		
13:38:05	37.0	13344	13287	13301	13244	13100	13174	13252	13223	13171	13404	13474	13090	13244	13492	13557	13518	13318	13368	13579	13482	13434	13503	13389	13266	13585	13675	13731	13753	13676	13681	13806	13764	13711	13668	13545	13322	13704	13718	13966	13919	13928	13815	13949	14014	13791	13753	13471	13466	13456	13693	13626	13688	14061	13674	13623	13777	13680	13520	12451	13904	13372	13592	13688	13725	13904	13740	13825	13596	13753	13628	13489	13229	13189	13101	1754	1795	1805	1800	1757	1777	1809	1790	1796	1840		
13:42:05	37.0	13444	13226	13314	13267	13134	13175	13338	13184	13240	13331	13339	13005	13283	13537	13628	13563	13346	13474	13626	13435	13445	13476	13398	13238	13633	13701	13655	13811	13754	13716	13742	13802	13647	13732	13583	13294	13594	13744	14015	13960	13918	13791	13854	13977	13759	13651	13519	13451	13608	13695	13602	13687	14024	13647	13700	13683	13653	13616	12346	13882	13312	13673	13702	13762	13943	13755	13856	13754	13744	13490	13544	13254	13087	13120	1743	1773	1817	1809	1748	1795	1812	1817	1785	1814		
13:46:05	37.0	13291	13312	13280	13187	13076	13179	13371	13242	13250	13359	13357	12965	13374	13458	13584	13448	13338	13364	13607	13521	13508	13442	13357	13249	13634	13653	13725	13578	13722	13711	13735	13798	13631	13591	13560	13208	13672	13824	13958	13902	13989	13920	13981	13942	13710	13824	13618	13522	13524	13644	13560	13618	13885	13688	13656	13731	13681	13536	12402	13960	13393	13663	13708	13727	13954	13695	13840	13672	13709	13632	13533	13318	13152	13127	1755	1790	1800	1804	1757	1755	1806	1831	1807	1838		
13:50:05	37.0	13398	13212	13319	13181	13137	13138	13304	13154	13241	13344	13341	13138	13248	13555	13590	13442	13326	13422	13552	13393	13524	13582	13327	13249	13717	13615	13645	13697	13712	13743	13757	13770	13687	13628	13627	13272	13709	13792	13894	13840	13965	13865	13940	13878	13704	13765	13498	13512	13669	13639	13635	13756	14069	13660	13707	13659	13682	13661	12377	13975	13398	13611	13708	13719	13937	13738	13845	13572	13776	13558	13517	13232	13097	13086	1759	1804	1812	1802	1728	1772	1814	1814	1795	1821		
13:54:05	37.0	13307	13294	13343	13308	13051	13100	13191	13262	13170	13381	13408	13018	13298	13523	13610	13513	13396	13396	13497	13528	13413	13610	13376	13259	13563	13797	13658	13818	13716	13723	13725	13828	13690	13642	13559	13401	13612	13787	13884	13869	13858	13863	13829	13901	13704	13753	13590	13517	13622	13691	13650	13766	13949	13650	13620	13756	13651	13516	12304	13953	13354	13682	13701	13801	13906	13662	13932	13621	13826	13582	13487	13300	13050	13092	1760	1788	1810	1786	1732	1773	1803	1799	1808	1819		
13:58:05	37.0	13402	13261	13329	13212	13078	13062	13257	13159	13164	13356	13438	13031	13340	13542	13554	13505	13350	13451	13565	13398	13329	13718	13376	13266	13631	13741	13741	13739	13669	13741	13811	13782	13615	13570	13496	13289	13675	13680	14006	13862	13933	13846	13874	13965	13781	13816	13551	13386	13597	13730	13589	13630	13984	13720	13619	13731	13653	13506	12426	13940	13445	13674	13694	13728	13911	13765	13847	13685	13737	13543	13544	13247	13096	13122	1740	1789	1799	1787	1757	1788	1823	1825	1789	1820		
14:02:05	37.0	13324	13150	13300	13207	13128	13137	13312	13172	13226	13353	13448	13012	13194	13454	13464	13394	13304	13430	13628	13347	13499	13481	13288	13213	13665	13628	13675	13765	13774	13674	13739	13737	13606	13600	13595	13297	13617	13709	13929	13852	14013	13843	13789	13887	13680	13727	13517	13365	13503	13619	13574	13663	13883	13666	13650	13691	13630	13528	12275	13878	13393	13668	13721	13767	13859	13648	13849	13610	13689	13648	13481	13190	13045	12994	1760	1786	1822	1797	1735	1764	1805	1815	1768	1821		
14:06:05	37.0	13346	13336	13262	13296	13016	13194	13306	13168	13322	13350	13342	13127	13288	13510	13613	13488	13224	13329	13598	13465	13402	13557	13405	13210	13695	13635	13700	13671	13788	13750	13872	13832	13710	13594	13540	13225	13630	13813	13945	13847	13987	13851	13842	14004	13782	13715	13588	13420	13608	13601	13510	13635	13920	13586	13702	13705	13654	13591	12382	13860	13294	13643	13697	13747	13928	13712	13905	13564	13664	13545	13470	13237	13046	13075	1753	1787	1786	1811	1747	1771	1809	1826	1792	1826		
14:10:05	37.0	13261	13317	13353	13160	13104	13080	13312	13159	13136	13340	13361	13035	13196	13569	13582	13425	13339	13448	13591	13470	13418	13587	13429	13201	13615	13628	13617	13694	13771	13773	13789	13798	13684	13639	13550	13283	13727	13705	13937	13856	14037	13876	13841	13960	13685	13762	13585	13578	13635	13662	13592	13658	13963	13638	13631	13731	13724	13583	12284	13990	13344	13719	13718	13857	13934	13695	13805	13671	13810	13664	13450	13297	13216	13046	1740	1783	1791	1802	1748	1768	1826	1799	1797	1822		
14:14:05	37.0	13431	13295	13260	13256	13089	13161	13144	13173	13149	13336	13392	13093	13283	13522	13563	13374	13244	13379	13488	13532	13472	13582	13407	13224	13623	13763	13785	13774	13764	13760	13805	13824	13658	13645	13555	13275	13637	13745	14036	13892	14010	13922	13909	13903	13793	13733	13545	13593	13473	13589	13569	13611	14017	13713	13683	13733	13673	13577	12380	13877	13366	13587	13725	13782	13958	13826	13814	13697	13701	13598	13513	13268	13070	13070	1760	1803	1812	1802	1749	1793	1814	1799	1794	1840		
14:18:05	37.0	13325	13274	13334	13165	13010	13226	13331	13157	13237	13362	13387	13115	13223	13470	13586	13531	13394	13387	13676	13441	13416	13473	13382	13196	13729	13692	13750	13807	13749	13725	13850	13787	13677	13611	13543	13343	13599	13775	14040	13917	13938	13859	13832	13934	13777	13723	13567	13547	13576	13743	13590	13682	13988	13592	13754	13714	13626	13606	12347	13926	13377	13691	13736	13805	13847	13732	13870	13717	13796	13508	13505	13315	13099	13215	1745	1791	1799	1788	1746	1782	1821	1820	1797	1817		
14:22:05	37.0	13378	13380	13351	13182	13047	13184	13287	13223	13230	13319	13377	13058	13190	13525	13667	13424	13370	13481	13601	13433	13494	13554	13374	13196	13682	13687	13740	13752	13800	13720	13771	13779	13645	13724	13513	13303	13635	13712	13852	13874	13930	13868	13935	14083	13820	13855	13532	13437	13559	13710	13537	13673	14022	13692	13667	13713	13667	13562	12324	14014	13303	13610	13765	13867	13849	13779	13882	13667	13767	13501	13513	13301	13084	13094	1761	1789	1804	1784	1734	1779	1802	1824	1805	1845		
14:26:05	37.0	13356	13256	13299	13286	13121	13214	13332	13235	13253	13432	13383	13092	13278	13458	13504	13551	13288	13429	13604	13541	13406	13512	13422	13303	13659	13721	13803	13685	13799	13750	13842	13796	13644	13743	13532	13296	13687	13723	13951	13848	13974	13793	13931	13851	13745	13787	13614	13411	13586	13587	13639	13738	14021	13626	13670	13690	13569	13579	12465	13908	13384	13687	13682	13804	13884	13660	13798	13610	13780	13628	13488	13299	13112	13086	1771	1795	1792	1801	1758	1788	1810	1836	1806	1804		
14:30:05	37.0	13340	13335	13259	13310	13036	13156	13362	13262	13134	13345	13391	13084	13285	13458	13554	13466	13279	13462	13613	13448	13434	13447	13375	13276	13738	13726	13739	13670	13755	13685	13710	13765	13612	13737	13607	13217	13655	13792	13970	13854	13932	13851	13949	13896	13690	13816	13505	13469	13539	13614	13615	13666	13973	13660	13691	13708	13652	13582	12422	13910	13417	13670	13733	13770	13850	13683	13808	13669	13783	13550	13535	13278	13126	13102	1757	1776	1779	1792	1758	1786	1819	1800	1789	1830		
14:34:05	37.0	13360	13357	13283	13151	13052	13143	13279	13170	13075	13390	13318	13072	13267	13541	13605	13447	13259	13403	13580	13460	13448	13489	13391	13285	13635	13663	13705	13722	13710	13619	13796	13818	13686	13701	13520	13302	13712	13780	14018	13735	14031	13945	13998	13963	13810	13742	13612	13488	13570	13746	13654	13694	13955	13710	13695	13732	13578	13596	12445	13906	13413	13641	13617	13785	13838	13696	13891	13768	13913	13541	13517	13278	13125	13028	1741	1785	1792	1809	1731	1790	1826	1817	1801	1839		
0:00:00																																																																																							
0:00:00																																																																																							
0:00:00																																																																																							
0:00:00																																																																																							
0:00:00																																																																																							
0:00:00																																																																																							
0:00:00																																																																																							
0:00:00																																																																																							
0:00:00																																																																																							
0:00:00																																																																																							
0:00:00																																																																																							
0:00:00																																																																																							
0:00:00																																																																																							
0:00:00																																																																																							
0:00:00																																																																																							
0:00:00																																																																																							
0:00:00																																																																																							
0:00:00																																																																																							
0:00:00																																																																																							
0:00:00																																																																																							
0:00:00																																																																																							
0:00:00																																																																																							
0:00:00																																																																																							
0:00:00																																																																																							
0:00:00																																																																																							
0:00:00																																																																																							
0:00:00																																																																																							
0:00:00																																																																																							
0:00:00																																																																																							
0:00:00																																																																																							
0:00:00																																																																																							
0:00:00																																																																																							
0:00:00																																																																																							
0:00:00																																																																																							
0:00:00																																																																																							
0:00:00																																																																																							
0:00:00																																																																																							
0:00:00																																																																																							
0:00:00																																																																																							
0:00:00																																																																																							
0:00:00																																																																																							
0:00:00																																																																																							
0:00:00																																																																																							
0:00:00																																																																																							
0:00:00																																																																																							
0:00:00																																																																																							
0:00:00																																																																																							
0:00:00																																																																																							
0:00:00																																																																																							
0:00:00																																																																																							
0:00:00																																																																																							
0:00:00																																																																																							
0:00:00																																																																																							
0:00:00																																																																																							
0:00:00																																																																																							
0:00:00																																																																																							
0:00:00																																																																																							
0:00:00																																																																																							
0:00:00																																																																																							
0:00:00																																																																																							
0:00:00																																																																																							
0:00:00																																																																																							
0:00:00																																																																																							
0:00:00																																																																																							
0:00:00																																																																																							
0:00:00																																																																																							
0:00:00																																																																																							
0:00:00																																																																																							
0:00:00																																																																																							
0:00:00																																																																																							
0:00:00																																																																																							
0:00:00																																																																																							
0:00:00																																																																																							
0:00:00																																																																																							
0:00:00																																																																																							
0:00:00																																																																																							
0:00:00																																																																																							
0:00:00																																																																																							
0:00:00																																																																																							
0:00:00																																																																																							
0:00:00																																																																																							
0:00:00																																																																																							
0:00:00																																																																																							
0:00:00																																																																																							
0:00:00																																																																																							
0:00:00																																																																																							
0:00:00																																																																																							
0:00:00																																																																																							
0:00:00																																																																																							
0:00:00																																																																																							
0:00:00																																																																																							
0:00:00																																																																																							
0:00:00																																																																																							
0:00:00																																																																																							
0:00:00																																																																																							
0:00:00																																																																																							
0:00:00																																																																																							
0:00:00																																																																																							
0:00:00																																																																																							
0:00:00																																																																																							
0:00:00																																																																																							
0:00:00																																																																																							
0:00:00																																																																																							
0:00:00																																																																																							
0:00:00																																																																																							
0:00:00																																																																																							
0:00:00																																																																																							
0:00:00																																																																																							
0:00:00																																																																																							
0:00:00																																																																																							
0:00:00																																																																																							
0:00:00																																																																																							
0:00:00																																																																																							
0:00:00																																																																																							
0:00:00																																																																																							
0:00:00																																																																																							
0:00:00																																																																																							
0:00:00																																																																																							
0:00:00																																																																																							
0:00:00																																																																																							
0:00:00																																																																																							
0:00:00																																																																																							
0:00:00																																																																																							
0:00:00																																																																																							
0:00:00																																																																																							
0:00:00																																																																																							
0:00:00																																																																																							
0:00:00																																																																																							
0:00:00																																																																																							
0:00:00																																																																																							
0:00:00																																																																																							
0:00:00																																																																																							
0:00:00																																																																																							
0:00:00																																																																																							
0:00:00																																																																																							
0:00:00																																																																																							
0:00:00																																																																																							
0:00:00																																																																																							
0:00:00																																																																																							
0:00:00																																																																																							
0:00:00																																																																																							
0:00:00																																																																																							

BFP and GFP:485,510

Time	T° BFP and GFP:485,510	A1	A2	A3	A4	A5	A6	A7	A8	A9	A10	A11	A12	B1	B2	B3	B4	B5	B6	B7	B8	B9	B10	B11	B12	C1	C2	C3	C4	C5	C6	C7	C8	C9	C10	C11	C12	D1	D2	D3	D4	D5	D6	D7	D8	D9	D10	D11	D12	E1	E2	E3	E4	E5	E6	E7	E8	E9	E10	E11	E12	F1	F2	F3	F4	F5	F6	F7	F8	F9	F10	F11	F12	G1	G2	G3	G4	G5	G6	G7	G8	G9	G10	G11	G12	H11	H12
0:02:48	37.0	14711	13080	15025	15248	15563	14681	16279	14461	15867	15466	16414	14990	13640	13013	14119	13698	14647	14333	15342	13394	14537	14800	15020	17394	16334	12608	14585	13652	13006	14291	13922	14445	15779	14178	13790	14801	15193	12752	12033	12551	17632	13023	12224	14427	12750	12839	14338	17982	16245	12086	12358	11622	12042	11724	11753	12543	14307	14367	13590	19527	15557	12244	12632	13666	11992	13360	15121	14473	14344	14682	15971	15884	15555	15715	26455	26434	24596	26751	24760	25051	30102	29221	25566	32247		
0:06:48	37.0	18482	14674	18904	19993	19363	21513	21675	14572	21153	19903	21328	18915	13434	13255	17495	13498	18254	17534	19330	14999	17372	17905	18384	23637	20896	13687	14899	14656	15064	15169	16440	16773	19400	16881	16474	18221	20024	16172	14434	13365	22963	14492	15387	17514	12693	13272	19391	24239	20907	14988	12152	11747	12024	11550	11603	12620	17323	17655	17392	26181	19431	12070	12405	14179	13124	16690	19169	17853	17719	17628	20753	17625	21001	21360	28980	29046	28508	29102	24501	24760	32528	32295	25618	35857		
0:10:48	37.0	21679	17778	23052	24953	23810	27594	26328	14829	27140	24721	26985	22835	13367	15161	21784	13237	22379	21900	24348	17352	21732	22139	22765	28897	24681	16255	18172	17584	17949	18568	19907	20136	24473	20862	19652	13814	24320	19795	18007	15499	27395	17405	19130	21501	14015	14091	25879	29858	25523	19307	12043	12083	13448	11295	11924	13157	21628	22007	21560	30949	14333	12109	12307	17416	16957	20596	23752	22498	21930	22297	25732	13692	25462	25814	31183	30847	30043	30985	24215	24399	35495	35027	25692	37726		
0:14:48	37.0	24284	20822	27446	28903	27610	29442	29278	15067	29965	28214	30100	25991	13364	17943	26016	13083	26369	26068	28204	20709	25854	26604	27074	30534	27925	19412	22166	21058	21327	22312	22832	23600	28839	25126	23289	14269	27694	23420	22411	18354	26960	21211	23587	26124	16575	16896	30408	30043	28926	23503	12000	14321	18066	11433	13385	15449	25830	26407	25556	14006	15563	12053	12454	21272	20266	23238	26667	23921	26327	22610	29516	13881	27167	26896	32873	32618	31375	32507	24005	24487	37493	35979	25511	38105		
0:18:48	37.0	26299	23287	29477	29891	29107	28082	29125	16153	29883	29707	30877	28005	13339	20400	27606	13004	28496	28219	28811	23528	28358	29183	29361	28895	29979	22053	25868	24099	24359	25252	24832	26714	29553	26524	26682	15045	28868	25631	26357	21576	24420	24221	26794	29439	19038	20042	30050	27435	29830	26794	11951	17228	20538	11430	15120	18044	29291	29734	28845	13876	16518	12062	12454	24577	23437	22141	26696	22525	28587	13886	30122	13776	27068	25305	34121	33759	32516	33594	24068	24205	37694	36255	25491	38161		
0:22:48	37.0	28560	25474	29431	28930	29088	17906	27730	15822	29140	29173	29900	28873	13411	22844	27297	13083	27983	28776	27518	26022	28941	29853	29507	27524	30969	23742	27944	26764	26705	27831	24742	29137	27675	17764	28721	13893	28928	25900	28174	24220	22113	26901	28792	30570	21390	22459	28368	25475	28740	11536	12625	19570	23171	11424	16976	19551	29663	30017	30222	14024	13898	12179	12507	27456	25469	11738	25205	21150	29100	13756	28573	13941	27891	23831	34368	34105	33066	34405	23896	24343	37713	36293	25703	38114		
0:26:48	36.9	27590	26850	28783	27596	28511	13256	26521	15290	28521	27979	28673	28955	13400	12701	26237	13092	27203	27463	25918	27966	28229	29392	29117	26304	31191	25141	28932	28018	28140	28443	24125	30070	26391	15646	29152	13959	28684	25322	28103	25960	20584	27830	28476	29444	23292	24404	27155	23980	27280	11359	12654	21354	25182	11372	18599	21028	28587	29153	30081	13906	14132	12163	12389	28780	26446	11862	23704	21027	28335	13626	27479	13858	28420	23288	34941	34679	33531	35075	24170	24520	37798	36002	25649	37900		
0:30:48	37.0	12695	18382	28147	27100	28243	13275	25241	14939	28211	26864	28254	29040	13342	12827	25073	13139	26159	26163	24723	28972	27110	28306	28606	25151	32125	26172	29009	28270	26407	28271	23256	29497	24784	16242	29370	13773	27816	24505	27418	27569	19727	28087	27722	28084	24705	26438	26278	22812	26938	11413	12571	22878	26368	11511	19707	22723	27136	27509	29428	13960	14380	12229	12405	29567	27881	11801	22701	13695	27433	13618	26667	13862	28558	22438	34420	34690	33692	35360	23874	24278	37476	35254	25554	38069		
0:34:48	37.0	12769	12313	27333	26176	15238	13191	24637	14503	27733	25888	27311	28874	13306	12870	24386	13047	25262	24957	23662	29189	26336	27300	27904	24652	31830	26784	28535	28094	26125	27472	17697	28710	23656	16718	28887	13800	26832	23959	26809	28254	18981	27165	26294	26848	25878	27337	25335	22015	26482	11380	12605	24266	26941	11449	20672	23980	26034	26502	28686	13885	14391	12275	12490	29950	27734	11779	21661	13619	26561	13790	25807	13678	28391	21934	34880	34721	33863	35116	23981	24449	37143	35416	25446	37917		
0:38:48	37.0	12800	12209	27182	25373	14347	13008	24152	14166	27454	24955	26901	28304	13432	12905	23735	13078	24657	24272	23068	29775	25737	26716	27495	24109	32179	26572	28526	27680	26196	27053	17414	28076	23028	17098	28639	13804	25252	23135	26059	28558	26139	26454	25431	25993	26684	28049	25201	21890	26452	11516	12490	24585	27634	11406	21337	24566	24906	25630	28449	14037	14566	12197	12359	30041	27777	11822	21393	13633	25932	13769	25969	14005	28651	22008	34960	34739	33899	35713	24001	24336	36848	35172	25499	38016		
0:42:48	37.0	12747	12480	26700	25062	13836	13085	23910	13823	28033	24736	26638	28313	13458	12948	23221	13035	24104	23804	22453	29735	25367	26546	27402	23388	32702	26914	27657	27588	14774	26178	17335	27334	22512	17377	28421	13944	24664	23149	25910	28567	26886	26113	24685	24925	27361	28934	24839	21724	26145	11836	12586	25355	27782	11494	21957	25559	24473	25677	27810	14033	14653	12377	12553	30244	28303	11899	21045	13660	25676	13775	25844	14053	28830	21921	34610	35176	33988	35645	23975	24362	36923	35227	25420	38196		
0:46:48	37.0	12807	12456	26419	24773	13980	12935	23301	13692	27587	24367	26300	28060	13299	12916	23079	12836	23813	23418	22022	29878	24799	25805	27122	23252	32783	26719	27238	26938	13618	25592	17039	26932	22268	17576	27874	13940	24189	23127	25470	28627	27209	25372	24011	24655	27548	29373	13181	21681	26138	11942	12671	25758	27866	11525	22107	25943	24078	25374	27181	13866	14624	12339	12389	30365	27740	11991	20659	13797	25159	13856	26180	13999	28890	21984	34708	34847	34100	35518	24244	24479	36673	35160	25483	38198		
0:50:48	37.0	12778	12551	26401	24477	14008	12931	23074	13466	27993	23962	26112	27928	13452	12800	22938	13132	23565	22925	22023	29960	24660	25681	27281	23358	32216	26966	27077	26957	13744	25147	16694	26693	22075	17847	28300	13948	24069	22885	25441	28808	27373	24754	23899	24129	27695	29347	13133	21513	26117	12147	12580	26225	27794	11391	22219	26123	23640	25660	27056	14088	14685	12319	12393	30159	28259	11966	20489	13808	25011	13954	26352	13998	28660	21701	34656	34948	34170	35610	24182	24132	36640	35034	25442	38162		
0:54:48	37.0	12942	12787	26379	24497	14161	13031	23043	13489	27628	24004	26291	28213	13437	13011	23243	13225	23708	22993	21752	29988	24729	26069	27065	23251	31443	26851	26922	26935	13609	25141	16907	26615	21700	17887	28256	13980	23755	23158	25467	28773	27633	24478	23561	23946	28172	29547	13139	21505	26234	12418	12742	26533	28011	11659	22874	26746	23509	26287	27233	14034	14981	12506	12535	30169	28308	11994	20586	14016	24774	13936	26815	14104	28134	21803	34933	34917	33673	35523	24123	24377	36960	35247	25800	38057		
0:58:48	37.0	12967	12521	26317	24352	14060	12973	22851	13593	14287	23773	26087	27926	13484	12904	23352	13099	23890	22636	21740	29789	24576	25739	27240	23375	29940	26908	27228	26732	13902	24744	16825	26692	22128	18140	28117	14130	23797	23157	25462	28770	27854	24691	23189	23901	28348	29608	13263	21860	25871	12504	12709	26662	27647	11579	23191	27009	23454	26706	26784	14068	14962	12489	12604	30370	28645	12019	20679	14023	24594	14016	26983	14056	27816	22110	34808	35134	34450	35686	24416	24563	36769	35125	25602	38374		
1:02:48	37.0	12975	12827	26218	24659	14109	12833	23233	13613	12865	23436	26183	27958	13564	12844	23152	13233	23948	22499	21630	30171	24525	25460	27079	22959	29550	26911	26991	26572	13785	24454	16795	26241	21838	18153	27880	14004	23509	12037	25274	28718	27953	23981	23190	23359	28423	29683	13294	21923	25993	12486	12729	26945	28124	11617	23340	26914	23308	26628	26829	14146	14911	12525	12655	30227	28636	11921	20465	13955	24505	14072	27093	14110	27516	21849	34851	35278	34460	35504	24464	24506	37397	35144	25860	38166		
1:06:48	37.0	12976	12872	26256	24529	14332	13024	23084	13676	13013	23672	26030	27832	13368	12873	23354	13191	23952	22754	21439	30110	24516	25515	27081	22991	28870	26811	26998	26361	13823	24665	16791	26272	21764	18062	28077	14068	23433	12305	25469	28590	27607	24163	23115	23409	28465	29876	13378	21909	26000	12615	12765	26880	27953	11571	23279	26750	23351	27146	26916	14047	14813	12490	12603	30182	29016	12078	20685	13947	24488	14266	27349	14091	26802	21745	34892	35083	34421	35909	24005	24535	37248	35201	25618	38594		
1:10:48	37.0	12869	12749	26184	24209	13881	12813	22935	13469	12904	23261	25956	27530	13333	12962	23006	13134	23475	22258	21043	29579	24328	25445	26879	22806	28040	26737	26862	26083	13593	24226	16677	26239	21599	18173	27989	13889	23415	12284	24989	28621	27570	23845	22801	23174	28304	29577	13159	21917	25232	12457	12584	26602	27825	11591	23231	26845	23247	26936	26289	13986	14663	12472	12583	30189	28715	11992	20610	13842	24473	13934	27444	13977	26349	21646	34873	35199	34059	35505	23936	24350	36722	35181	25339	38505		
1:14:48	37.0	12911	12739	26257	24119	14034	12824	22960	13508	12832	23631	25773	27451	13517	12868	23086	13144	23738	22640	21456	29700	24323	25340	26741	22765	27840	26414	27055	26117	13758	24510	16697	25792	21569	18160	28107	13871	23731	12584	25133	28579	27623	24023	22685	23068	28318	12402	13300	21854	25495	12554	12777	26708	27600	11540	23227	27105	23054	27475	26612	13889	14734	12377	12527	30069	28580	12152	20228	13788	24422	14086	27651	14090	25555	21333	35185	34955	34332	35751	24063	24462	37047	35072	25464	38073		
1:18:48	37.0	12832	13055	26397	24724	14125	13024	23144	13461	13065	23592	25823	27644	13518	12935	23030	13233	23840	22598	21486	29979	24676	25508	26995	22738	27894	26532	26669	26505	13757	24607	16783	26284	21801	18375	27986	14042	23774	12640	25194	28547	27935	23921	22639	23019	28503	12344	13440	22003	25739	12566	12633	26960	27814	11599	23444	27324	23364	27353	26659	14020	14897	12598	12633	29932	28975	12153	20312	13915	24914	14082	27906	14123	25357	21489	35196	35146	34516	35730	23928	24468	37469	34958	25601	38407		
1:22:48	37.0	12977	12954	26216	24322	14103	12965	22899	13584	13000	23313	25881	27669	13515	12878	23308	13157	23819	22506	21328	30104	24398	25355	27047	22748	27695	26505	27182	26331	13717	24526	16886	26290	21625	18417	28118	13970	23667	12704	25459	28556	28010	23886	22713	23003	28625	12358	13379	22104	25554	12676	12694	26895	28096	11555	23554	27191	23261	27749	26734	13924	14820	12492	12742	30339	28703	12164	20790	13922	24564	14148	28061	14194	24525	21362	35106	35131	34163	35666	24230	24528	36795	34803	25748	38636		
1:26:48	37.0	12926	12923	26478	24434	14189	12971	23069	13597	13240	23660	26009	27601	13541	12963	23372	13140	23791	22284	21372	30114	21839	25097	27169	22905	27443	27016	27281	26171	13839	24384	17024	25955	21605	18436	27986	14099	14251	12894	25348	28620	27870	24016	22834	22957	28679	12375	13250	22280	25607	12580	12759	26955	28003	11628	23958	27599	23297	27726	26657	14017	14905	12585	12675	29970	29020	12193	20630	13934	24733	14140	28337	14206	14234	21221	34894	35270	34666	35988	24034	24419	37048	35452	25834	38480		
1:30:48	37.0	13091	13005	26450	24426	14129	13083	23095	13548	13092	23634	26015	27646	13620	12949	23525	13218	24134	22655	21582	30064	19188	25522	27220	22860	27972	26847	27048	26375	13882	24445	16906	26257	21817	18418	28416	14040	13503	13109	25364	28854	28170	23996	22874	23027	28715	12440	13374	22221	25694	12769	12766	27357	27995	11818	23802	27691	23238	27919	26741	14143	15014	12568	12700	30230	29180	12143	20782	14053	24657	14166	28255	14210	14058	21086	35058	35548	34554	35772	24337	24804	37346	35550	25781	39346		
1:34:48	37.0	13095	13009	26299	24451	14036	13173	22940	13457	13090	23436	25779	27579	13497	13043	23379	13149	23806	22481	21168	29818	19169	25397	27028	22784	27294	26932	27088	26418	13758	24266	16919	26130	21549	18376	28131	14181	13458	13061	25497	28575	27898	23711	22893	23004	28820	12405	13332	22340	25078	12764	12682	26863	27842	11682	23799	27616	22976	27757	26447	14018	14893	12657	12726	30438	28948	12211	20645	13803	24228	13879	28314	14122	13977	20792	35109	35206	34447	35893	24236	24500	36907	35259	25774	38799		
1:38:48	37.0	12967	13172	26305	24539	14326	13085	23155	13517	13129	23416	26188	27611	13662	13070	23695	13282	24330	22551	21492	30246	19234	25466	27263	22884	15629	26579	27076	26538	13807	24788	17068	26284	21686	18522	28285	14041	13609	13147	25672	28823	28237	23630	22831	23285	28813	12453	13567	22317	25273	12733	12819	27315	28058	11702	24062	27624	23287	27712	26823	14103	14920	12513	12827	30447	28979	12236	20550	14060	24431	14104	28459	14145	13948	20658	34924	35548	34827	35998	24327	24475	36847	35350	25698	39216		
1:42:48	37.0	13139	13106	26747	24633	14343	13257	23290	13624	13217	23637	25969	27751	13652	13024	23483	13359	24408	22922	21290	30338	19265	25750	27337	22807	14645	26723	27275	26769	13945	24649	16989	25992	21587	18498	28193	14076	13669	13205	25825	28636	27964	23923	22989	23201	28956	12534	13561	22386	25111	12834	12813	27268	28311	11719	24148	27761	23387	28212	26611	14196	15042	12658	12890	30748	29212	12261	20993	13961	24854	14112	28588	14325	13877	20477	35326	35341	35125	36310	24579	24622	37307	35449	25966	39028		
1:46:48	37.0	13149	13115	27000	24851	14236	13291	23359	13624	13281	23963	26147	27795	13745	13147	23860	13323	24503	23095	21388	30726	19220	25852	27578	22853	14642	26977	27456	26713	14008	24726	16969	26506	21800	18637	28438	14132	13620	13336	25997	29018	28364	24304	22913	23325	29121	12598	13622	22605	25334	12987	12778	27606	28525	11819	24273	28056	23505	28441	26871	14221	15039	12841	12793	30641	29589	12308	20902	13960	24717	14205	29259	14312	13747	20040	35220	35712	34774	36079	24444	24808	37407	35445	26105	39447		
1:50:48	37.0	13172	13097	26470	24626	14303	13230	23304	13597	13109	23709	25884	27780	13649	13019	23613	13226	24532	22876	21469	30332	19135	25695	27347	23038	14665	26732	26904	26564	13983	24669	16913	26192	21780	18530	28385	14127	13638	13251	25759	28956	28130	24130	22747	23115	28875	12491	13643	22554	25209	12952	12715	27125	28249	11901	24057	27634	23676	28309	26887	14116	15050	12707	12826	30556	29481	12345	21049	13885	24827	14255	28889	14235	13509	19900	35342	35567	34722	36049	24588	24793	37289	35400	26107	38868		
1:54:48	37.0	13050	13217	26763	24504	14313	13145	23600	13641	13049	23854	25903	27538	13647	13059	23634	13323	24378	22687	21471	30256	19139	25668	27501	23079	14552	26980	27345	26550	13874	24411	17114	26257	21911	18535	28682	13986	13613	13442	25976	28789	28216	23823	22822	23313	29048	12464	13673	22394	25253	13010	12724	27454	28531	11934	24234	27653	23664	28177	26867	14300	15178	12683	12879	30500	29507	12261	21169	14142	24527	14207	28886	14115	13510	19513	35449	35738	34751	36242	24528	24572	36817	35322	26022	39111		
1:58:48	37.0	13214	13032	26696	24655	14203	13271	23384	13528	13126	23665	25971	27591	13705	12936	23724	13271	24420	22821	21637	30422	19065	25695	27381	23035	14419	26576	27357	26532	13884	24597	16907	26345	21831	15736	28258	14053	13477	13302	25840	28752	28040	23962	22764	23032	28743	12468	13538	22676	25116	12896	12765	27273	28241	11724	23815	27366	23535	28034	26790	14069	15072	12668	12849	30369	29251	12343	21153	13868	24735	14170	28907	14248	13315	19537	35115	35413	34796	36302	24141	24729	37052	35384	25736	39066		
2:02:48	37.0	13125	12970	26620	24672	14340	13308	23755	13545	13194	23749	25895	27625	13551	12917	23671	13192	24648	22557	21664	30368	18983	25569	27573	22948	14408	26943	27224	26975	13745	24594	16989	26516	21736	15145	28028	14128	13610	13284	25822	29060	28233	23962	23068	23184	28870	12586	13533	22952	24996	12928	12631	27237	28468	11806	24357	27438	23651	28349	26636	14191	15157	12637	12814	30186	29276	12233	21128	13892	24773	14190	29096	14156	13201	19254	35043	35631	35090	35778	24550	24611	37157	35360	25719	39163		
2:06:48	37.0	13079	12957	26809	24907	14123	13147	23274	13645	13231	23728	26273	27491	13674	13120	23740	13094	24537	22790	21661	30465	19010	25736	27801	23083	14590	26732	26976	26911	13870	24754	16820	26373	21698	14785	28446	14079	13513	13251	25928	28976	28184	23916	22866	23270	28994	12534	13430	22802	24888	12935	12556	27146	28316	11762	24076	27617	23471	27759	26919	14156	14888	12679	12792	30402	29350	12438	21072	13879	24434	14057	29063	14160	13031	19077	34805	35626	34841	35738	24379	24624	36667	35202	25794	39073		
2:10:48	37.0	13106	13085	26863	24954	14226	13373	23684	13549	13237	24144	26169	27671	13770	13147	24080	13244	24736	23052	21810	30449	19258	26088	27792	23371	14551	27026	27512	26563	14029	24771	16985	26363	21988	14830	28541	14179	13522	13300	26424	28929	27981	24154	23073	23171	29028	12654	13617	23142	24737	12945	12760	27223	28420	11825	24115	27900	23983	28496	27021	14126	14925	12774	13018	30554	29794	12578	21391	13947	25036	14193	29333	14339	12917	18548	35377	35091	34867	36135	24323	24922	37124	35178	26038	39217		
2:14:48	37.0	13134	13178	27028	24811	14313	13390	23503	13519	13353	24129	26160	27552	13758	13083	23972	13142	24640	23014	21694	30314	18989	26084	27560	23065	14436	26761	27533	26580	13888	24630	16899	26490	22174	14756	28221	14012	13568	13417	26372	29060	27917	24258	23013	23537	29026	12540	13534	23122	24970	12782	12736	27162	28296	11774	24083	27661	24018	28487	26692	14228	15115	12674	12923	30767	29616	12487	21437	13911	24752	14168	29157	14167	12845	18340	35159	35390	34705	35976	24351	24731	37273	35274	25672	39361		
2:18:48	37.0	13200	13083	27055	24991	14172	13290	23526	13643	13157	24143	26270	27317	13760	12983	24113	13230	24608	23010	21700	30315	19061	26171	27667	23211	14339	26775	27156	26898	13908	24831	16840	26531	21977	14710	28612	14097	13498	13265	26237	28847	27932	24085	23066	23286	28498	12518	13691	23059	24903	12971	12715	27121	28200	11839	24240	27482	23748	28483	27012	14091	14938	12814	12899	30443	29508	12475	21138	13880	25029	14063	29334	14171	12692	17673	35199	35078	34731	35893	24290	24791	37023	35307	25797	39194		
2:22:48	37.0	13145	13194	26959	25291	14354	13348	23846	13629	13369	24250	26587	27781	13609	13027	24258	13292	24821	23326	21759	30353	18917	26004	27779	23350	14399	27157	27664	27173	13788	24653	16916	26617	21945	14755	28557	14025	13487	13273	26341	29069	28170	24481	23389	23707	28969	12623	13642	23362	25062	13097	12717	27081	28390	11616	24247	27384	23790	28722	26865	14222	15009	12664	12868	30700	29667	12622	21434	13865	24940	14110	29387	14236	12579	17474	35258	35500	34886	36100	24322	24672	37121	35275	25979	39520		
2:26:48	37.0	13020	12945	27268	24978	14252	13224	23586	13508	13287	24083	26178	27440	13428	13111	23991	13096	24615	23286	21661	30315	18837	25724	27800	23205	14278	27034	27462	27034	13625	24860	16818	26715	22026	14752	28744	14184	13607	13267	26450	29045	27768	24322	23062	23473	28771	12431	13492	22940	24824	12820	12643	26744	28343	11816	24181	27158	23711	28424	27178	14135	14949	12684	12906	30474	29548	12490	21394	13790	24916	14139	29695	14004	12534	16992	34913	35594	34877	36119	24384	24647	36816	35154	25767	39288		
2:30:48	37.0	13012	13000	27050	25205	14170	13257	23479	13579	13235	23871	26030	27594	13542	13004	24010	13265	24862	23109	21932	30413	18792	25966	28107	23183	14351	26525	27448	26891	13739	24666	16677	26803	21930	14661	28502	14049	13484	13202	26204	28986	27885	24254	22976	23665	28442	12473	13557	23222	24390	12899	12698	26938	28315	11807	24058	27264	24127	28471	27004	14017	14834	12603	12855	30383	29594	12466	21435	13794	25119	14074	29563	14244	12342	16460	34954	35570	34623	35864	24241	24475	36948	35307	25947	39604		
2:34:48	37.0	13131	12933	26850	25093	14049	13122	23803	13482	13001	24434	26601	27365	13576	12931	24017	13229	24908	23473	21847	30701	18740	26009	27953	23172	14176	26807	27455	26877	13612	24911	16497	26682	21913	14599	28631	13912	13449	13174	26367	28719	27696	24516	23110	23477	28260	12430	13522	23434	24371	12783	12436	26698	28193	11680	23883	27115	23758	28815	27129	13946	14770	12515	12837	30137	29304	12465	21400	13835	24943	13849	29519	13983	12171	15803	34887	35167	34904	35672	24272	24588	36520	35097	25448	38964		
2:38:48	37.0	13140	12993	26919	25184	13976	13268	23880	13467	13142	24425	26598	27476	13534	12943	24438	13319	25087	23416	21876	30307	18510	26333	27898	23041	14178	26885	27402	27097	13748	24941	16717	26671	22248	14590	28427	13930	13420	13134	26658	28879	27538	24378	23207	23610	28625	12520	13497	23352	24666	12743	12540	26832	28455	11667	24073	27199	23985	28834	26888	14129	14812	12581	12887	30310	29203	12405	21430	14079	25015	14086	29826	13903	12173	15546	34715	35527	34574	35561	24262	24655	36795	35117	25627	39161		
2:42:48	37.0	13222	12939	27235	25242	14309	13137	23742	13561	13016	24445	26706	27304	13584	12958	24373	13096	25298	23562	21963	30460	18605	26230	27969	23458	14174	27015	27843	26828	13815	25004	16654	26791	22386	14713	28674	14092	13570	13259	26465	28976	27600	24581	23580	23799	28583	12445	13692	23309	24352	12901	12574	26594	28544	11902	24043	27090	24083	28849	27164	14109	14765	12587	12936	30446	29762	12553	21809	13967	25120	14001	29740	14152	12147	15307	35035	35193	34489	35891	24128	24902	37027	35104	25835	39569		
2:46:48	37.0	13096	13159	27085	25272	14179	13250	23528	13627	13266	24636	26863	27655	13499	13025	24504	13313	25492	23657	22042	30605	18661	26383	28174	23458	14224	27082	27725	27490	13793	25062	16681	26797	27862	14660	28786	14122	13464	13124	26578	29192	27894	24450	23235	23838	28531	12588	13612	23544	24491	12896	12589	26730	28423	11829	24062	26968	24047	28888	27165	14149	14804	12565	12804	30164	29803	12648	21632	13856	25064	14066	29812	14033	12174	14758	34968	35478	34355	35855	24391	24633	37154	35400	25881	39146		
2:50:48	37.0	13255	13107	27602	25350	14221	13258	24197	13525	13266	24946	27213	27670	13667	13000	24545	13320	25499	23429	22095	30293	18809	26419	27956	23936	14297	26927	27903	27570	13858	25212	16584	26895	24143	14737	29050	14196	13588	13260	26706	29260	27728	24808	23439	24111	28919	12551	13464	23958	24447	12921	12542	26699	28512	11879	23887	26945	24412	29014	27209	14214	14711	12743	12896	30446	29463	12730	22030	13920	25299	14125	30044	14218	12086	14703	35201	35713	34629	35870	24436	24513	36779	35495	25796	39440		
2:54:48	37.0	13124	12982	27445	25386	14058	13294	24290	13613	13101	24850	27222	27514	13668	13000	24740	13203	25445	23840	22250	30736	18495	26508	28205	23692	14336	27219	28132	27576	13874	25425	16643	26989	23986	14615	29057	14084	13631	13195	26941	29086	27811	25052	23605	24033	28814	12547	13519	24055	24282	12894	12530	26831	28576	11763	24052	27073	24642	29286	27492	14185	14806	12687	12867	30537	29956	12765	21920	13848	25660	14011	30130	14063	12058	14487	35334	35809	34747	36145	24269	24526	37224	35397	26018	39391		
2:58:48	37.0	13283	13208	27842	25607	14388	13455	24478	13650	13502	24788	27417	27452	13639	13109	25039	13337	25665	23916	22471	30835	18895	26829	28453	23986	14426	27357	28179	27653	13907	25268	16775	27225	23997	14725	29428	14219	13660	13252	27204	29455	27983	25139	23659	24188	28692	12643	13815	24100	24391	12858	12720	27111	28450	11972	23934	27267	24893	29074	27680	14353	15091	12890	13037	30861	29774	12673	22259	14001	25729	14055	30478	14092	12079	14294	35651	35533	35110	36106	24521	24793	37454	35956	25971	40017		
3:02:48	37.0	13246	13228	27955	26000	14299	13389	24534	13657	13330	25072	27371	27639	13620	13048	25037	13581	25709	24098	22435	30915	18724	26643	28534	24021	14386	27117	28114	27728	13832	25349	16747	27479	23832	14719	29325	14134	13653	13113	27340	29309	27866	25138	24149	24211	28690	12495	13698	24370	24425	12748	12715	26858	28630	11919	23988	26808	24752	29197	27597	14205	14909	12814	12985	30771	30224	12790	22061	13972	25814	14208	30257	14154	12022	14014	35356	36133	34779	35998	24499	24903	36941	35296	25976	39446		
3:06:48	37.0	13309	13259	27758	25853	14205	13374	24240	13793	13523	25303	27527	27904	13681	13084	24837	13395	25781	24154	22585	31007	18656	26873	28589	24120	14383	27385	28236	27462	13890	25472	16672	27451	23885	14781	29360	14212	13547	13270	27324	29320	28141	24977	24170	24027	28847	12663	13876	24070	24550	12948	12795	26906	28674	11839	24178	27210	24657	29481	27989	14361	14814	12803	13161	30633	30085	12876	22127	14025	25862	14185	30668	14173	12091	13963	35388	35587	35142	36101	24647	24885	37219	35736	26030	39699		
3:10:48	37.0	13137	13213	27989	26025	14149	13421	24443	13595	13447	25113	27108	27906	13714	13122	25091	13382	25863	24372	22575	30906	18744	26939	28738	24200	14406	27353	28253	27828	13924	25741	16796	27547	23851	14643	29416	14256	13467	13142	27446	29518	27736	25429	23876	23973	28818	12609	13726	24161	24210	12926	12750	26715	28960	11928	24244	27187	24997	29717	27798	14382	14864	12754	13086	30777	30114	12843	22123	14003	25769	14196	30214	14016	12033	13862	35496	35892	35390	36643	24457	24776	37101	35548	26099	39802		
3:14:48	37.0	13210	13216	27708	25999	14080	13475	24426	13649	13121	25393	27447	27585	13703	13127	24686	13312	25824	23976	22608	30646	18598	26883	28507	23912	14385	27131	28363	27753	13866	25461	16654	27380	23743	14755	29161	14035	13569	13095	27242	29367	27801	25287	23899	24106	28767	12744	13684	24091	24263	12786	12452	26875	28793	11901	23839	27265	24710	29182	27816	14201	14822	12715	13038	30795	30030	12762	22250	13924	25650	14177	30427	14241	11951	13345	35218	35611	34824	36366	24361	24614	37194	35526	26016	39576		
3:18:48	37.0	13236	13273	27726	25920	14068	13436	24357	13572	13286	25261	27325	27529	13741	13165	25074	13319	25842	24171	22789	30956	18822	26964	28580	24258	14349	27646	28257	27383	13865	25399	16715	27506	23792	14609	29232	14055	13553	13166	27227	29357	27682	25247	23816	24368	28404	12496	13669	24171	24273	12939	12564	26979	28629	12009	23983	26890	24889	29846	27729	14330	14782	12789	12983	30898	30026	12647	22219	13963	25684	14078	30533	14181	11953	13238	35275	35696	34957	36173	24548	24965	36881	35465	25943	39715		
3:22:48	37.0	13245	13245	27995	25858	14171	13194	24532	13676	13214	25181	27380	27902	13568	13133	25026	13317	26020	23824	22653	30884	18502	26929	28762	24424	14454	27347	28253	27774	13715	25459	16755	27573	23513	14530	28925	14008	13472	13096	27185	29363	27575	25405	23907	24443	28511	12685	13722	24603	24144	12904	12577	26706	28801	11829	24032	26778	24813	29740	27734	14166	14874	12562	13057	30765	29998	12788	22246	13837	25740	14002	30667	14264	11920	13119	35160	35785	34901	35981	24400	24762	36760	35103	25916	39628		
3:26:48	37.0	13291	13237	27973	26171	14180	13381	24664	13635	13519	25428	27787	27802	13691	13062	25442	13433	26077	24246	22904	30798	18617	26865	28708	24325	14472	27255	28174	27777	13889	25713	16595	27837	23515	14670	29195	14138	13629	13088	27622	29316	28008	25238	24229	24391	28628	12718	13776	24676	24288	12860	12603	26675	28696	11956	23966	26955	25260	29906	27990	14310	14809	12844	13085	30807	29961	12823	22512	13988	25911	14168	30870	14184	11958	13116	35422	35678	35160	36422	24457	24970	37052	35386	26105	39481		
3:30:48	37.0	13234	13136	27925	26217	14164	13443	24733	13677	13117	25360	27781	27525	13646	13042	25168	13336	25947	24357	22714	30784	18516	26999	28564	24645	14261	27366	28129	27807	13909	25740	16705	27432	23304	14684	29341	14162	13505	12935	27392	29219	27732	25427	24208	24296	28596	12644	13667	24641	24028	12849	12651	26509	28783	11859	23726	26859	25168	29236	27859	14285	14842	12705	13048	30464	29993	12804	22667	13815	25969	14074	30862	14161	11849	12808	34913	35767	34900	36194	24391	24689	37238	35307	26003	39412		
3:34:48	37.0	13345	13267	28403	26466	14276	13515	24823	13708	13495	25705	28033	28059	13728	13230	25406	13391	26198	24192	22907	30971	18796	27132	29241	24809	14364	27457	28791	27918	13904	25719	16722	28000	23568	14790	29681	14280	13549	13089	27776	29353	27916	25604	24384	24792	28750	12575	13767	24865	19472	12985	12619	26920	28538	11906	24313	26984	25269	29842	28078	14321	14999	12608	13183	30977	30112	12811	22652	13916	26129	14235	30854	14056	11984	12645	35285	36278	35563	36270	24582	24989	37228	35937	26095	39923		
3:38:48	37.0	13152	13309	28432	26126	14074	13415	24858	13739	13311	25569	27778	27610	13719	13153	25553	13279	26088	24408	22616	31117	18572	26995	29030	24707	14304	27434	28436	27949	13750	25698	16592	27973	23560	14701	29218	14127	13430	12897	27507	29386	27404	25532	24281	24541	28677	12706	13654	24846	17938	12869	12619	26442	28899	11865	23895	26736	25200	29760	27963	14186	14838	12632	13099	30776	30156	12868	22452	13970	25894	14211	30708	14081	11813	12513	35459	35880	34990	36087	24566	24773	37324	35299	26214	39305		
3:42:48	37.0	13361	13420	28539	26570	14213	13510	24784	13711	13354	25693	28029	27777	13627	13074	25790	13414	26365	24663	22962	31163	18599	27448	29015	24711	14447	27555	28755	28026	13794	25977	16652	28127	23693	14739	29540	14218	13555	12973	27889	29421	27683	25755	24541	24858	28940	12738	13774	24735	17819	12873	12581	26404	28806	12032	23884	26793	25314	29983	27989	14414	14908	12770	13185	30980	30344	12871	22716	13835	26379	14144	18256	14171	11995	12450	35526	35762	35453	36538	24615	24827	37024	35571	26027	39567		
3:46:48	37.0	13326	13260	28416	26255	14411	13376	25047	13571	13257	26183	27914	27490	13733	13076	25660	13257	26557	24857	23092	31123	18423	27486	28982	24865	14251	27314	28459	28151	13887	26303	16452	28015	23293	14560	29462	13966	13582	13019	27619	29464	27345	25765	24390	24731	28393	12625	13716	24904	17773	12869	12548	26553	28980	11864	23581	26930	25150	30324	28088	14227	14835	12674	13115	30561	29804	12857	22368	13752	26353	14106	17791	14178	12011	12286	35265	35613	35349	36270	24656	24860	37210	35085	25933	39854		
3:50:48	37.0	13320	13330	28640	26545	14213	13437	25020	13796	13524	26104	27781	27642	13760	13188	25634	13359	26700	24807	23000	30841	18449	27533	28888	24752	14389	27558	28479	28237	13764	26079	16580	28000	23441	14705	29641	14176	13571	13023	27998	29368	27557	25859	24626	24731	28620	12667	13738	25022	17630	12808	12676	26496	28849	11981	23871	26753	25660	30121	28323	14217	14902	12746	13211	30635	30210	12824	22779	13865	26343	14172	17700	14186	12089	12207	35228	36045	35413	36076	24341	24917	37128	35167	25942	39825		
3:54:48	37.0	13345	13276	28968	26721	14117	13499	25274	13763	13253	26146	28145	27627	13725	13157	25899	13352	26684	24780	23116	31153	18618	27530	29277	25035	14600	27527	28658	28263	13806	26034	16616	28379	23266	14669	29781	14183	13556	12928	28096	29504	27855	25881	24557	24903	28550	12696	13877	25153	17814	12799	12560	26468	28788	12013	23630	26816	25551	30102	28101	14214	14914	12776	13167	31112	30176	12921	22843	13910	26289	14125	17766	14188	11994	12217	35682	35827	34866	36332	24485	25070	37054	35643	26053	39552		
3:58:48	37.0	13362	13226	28581	26540	14142	13523	25324	13658	13324	26186	28326	27625	13805	13204	25617	13331	26630	25112	23411	30779	18639	27724	29273	25076	14421	27438	28694	28186	13748	26115	16627	28259	23243	14551	29651	14174	13508	12948	27852	29319	27405	26006	24754	24988	28201	12700	13803	25123	17627	12641	12579	26330	28734	11973	24040	26665	25804	30468	28071	14183	14815	12710	13097	30405	30481	12991	22919	13779	26450	14113	17697	14115	11826	12120	35367	35726	35401	36295	24549	24932	36936	35700	26203	39776		
4:02:48	37.0	13193	13338	28988	27131	14125	13374	24945	13742	13440	26263	28060	27739	13567	13011	26148	13521	26489	24933	23108	31090	18416	27847	29307	25218	14418	27500	28668	27912	13714	26489	16605	28210	23270	14644	29654	14102	13621	12939	28025	29541	27445	26353	24761	24866	28546	12679	13823	24954	17577	12779	12493	26291	28973	12025	23769	26377	25769	30332	27999	14370	14788	12642	13126	30881	30334	12899	23134	13850	26545	14129	17547	14002	11879	12062	35696	35951	34996	36197	24424	24868	36899	35458	26126	39609		
4:06:48	37.0	13326	13345	28938	26724	14128	13548	25359	13709	13536	26445	28537	27761	13735	13169	26269	13287	27047	24981	23439	30836	18601	27246	29250	25356	14260	27469	28843	28383	13779	26206	16632	28223	22877	14507	29875	14094	13586	12958	28326	29344	27513	26283	25083	25094	28640	12696	13719	25179	17349	12811	12636	26352	29051	12015	23636	26605	25527	30251	28300	14193	14678	12793	13210	30684	30632	12920	23132	13895	26703	14062	17606	14240	11949	11951	35197	35902	35273	36334	24433	24813	37131	35377	26215	39762		
4:10:48	37.0	13377	13328	28873	26907	14067	13467	25190	13669	13329	26755	28651	27472	13806	13117	26029	13592	27035	24955	23470	30965	18338	28069	29421	25304	14334	27704	28818	28696	13677	26329	16357	28446	22988	14370	29889	14141	13423	12882	28120	29476	27397	26472	25043	25019	28352	12700	13761	25406	17395	12815	12518	26170	28832	12052	23515	26565	25633	30422	28404	14195	14745	12722	13174	30979	30133	12840	23188	13791	26709	14110	17503	14123	11947	11769	35012	35971	34873	36163	24484	24838	36964	35660	26165	39446		
4:14:48	37.0	13218	13448	29010	26912	14244	13493	25375	13587	13379	26559	28527	27556	13735	13091	25979	13376	26958	25267	23508	30914	18196	28199	29627	25380	14351	27819	29190	28484	13796	26654	16419	28283	23103	14612	29843	14178	13582	12901	28597	29347	27072	26470	25299	25163	28338	12710	13784	25622	17280	12662	12571	26249	28878	12092	23610	26281	26024	30297	28381	14276	14741	12729	13047	30769	30176	12982	23289	13918	26800	14205	17500	14072	11893	11718	34932	35794	35159	35978	24496	24902	37183	35276	26025	39874		
4:18:48	37.0	13257	13249	29066	27428	14252	13476	25697	13802	13409	26812	28627	27468	13754	13074	26067	13395	26736	25098	23371	30855	18258	27916	29446	25591	14197	27824	28858	28524	13717	26424	16465	28619	22901	14495	29650	13999	13670	12821	28118	29482	27082	26447	24974	25161	28304	12620	13699	25638	17311	12751	12604	25959	28669	11944	23444	26271	26036	30134	28405	14153	14690	12674	13153	30519	29909	13022	23300	13791	26562	14029	17502	14099	11834	11653	35351	35817	35052	36067	24300	24789	36997	35570	25863	39515		
4:22:48	37.0	13268	13225	29069	27386	14160	13569	25481	13754	13367	26687	28555	27333	13643	13296	26262	13271	26927	25007	23406	31051	18003	27871	29398	25800	14288	27726	28951	28547	13601	26671	16333	28799	22657	14430	30012	14243	13544	12820	28147	29393	27333	26595	25321	25460	28102	12611	13776	25845	17205	12561	12664	25982	29044	11985	23411	26127	25996	30424	28769	14211	14688	12669	13053	30682	30363	12905	23423	13810	27163	14169	17367	14164	11789	11650	35055	36003	35348	36447	24528	24698	36827	35513	26296	39587		
4:26:48	37.0	13268	13406	29621	27408	14266	13438	25668	13828	13501	26939	29012	27429	13784	13412	26669	13428	27183	25430	23935	30828	18185	27949	29842	25893	14352	27768	29247	28684	13598	26847	16536	28972	22558	14454	30262	14173	13580	12961	28569	29732	27058	26626	25429	25656	28206	12668	13784	25688	17369	12573	12665	26120	29007	12060	23462	26440	26365	30556	28879	14324	14800	12816	13208	30991	30217	12988	23547	13891	27053	14060	17357	14075	11870	11730	35462	36055	35207	36433	24562	24984	37181	35299	26195	40203		
4:30:48	37.0	13211	13280	29235	27229	13949	13303	25557	13690	13364	27052	28817	27417	13618	13070	26599	13286	27325	25595	23849	30483	18053	28077	29617	25695	14049	27409	29055	28440	13676	26832	16235	28700	22545	14410	30222	14027	13553	12791	28384	29144	26830	26806	25353	25572	28090	12660	13662	25773	16987	12460	12565	25864	28527	11905	23233	26009	26180	30546	28743	14059	14764	12690	13163	30615	29966	12945	23644	13818	26753	13904	17400	14071	11787	11622	35270	35507	35044	35978	24451	24657	36824	35242	25854	39963		
4:34:48	37.0	13297	13266	29576	27638	14184	13362	26071	13730	13457	26973	28943	27320	13827	13121	26712	13304	27367	25443	24139	30844	18002	28039	30116	26131	14135	27362	28949	28720	13748	26891	16388	29202	22636	14358	29946	14220	13427	12822	28533	29377	26974	26680	25459	25953	27836	12679	13644	25817	17150	12496	12728	25871	28744	11855	23291	25756	26144	30811	29099	14181	14700	12753	13206	30753	30113	12854	23836	13831	27043	14051	17293	14094	11803	11626	35215	35870	35232	36270	24381	24595	36947	35156	26156	39826		
4:38:48	36.9	13259	13154	29424	27486	14044	13481	25823	13709	13435	27479	29030	27441	13735	13129	26722	13228	27424	25536	23843	30666	17948	28309	29820	26003	14064	27463	29245	28658	13668	26747	16214	28993	22395	14341	29984	14136	13447	12837	28566	29452	26917	26892	25389	25812	28122	12537	13870	25649	17023	12445	12539	25641	28898	11932	23148	25744	26406	30554	29173	14084	14546	12692	13175	30778	29967	12924	23623	13758	27056	13894	17222	13949	11669	11707	34769	35694	35137	36165	24285	24747	36838	35458	25870	39676		
4:42:48	37.0	13383	13290	29093	27498	14137	13382	25559	13659	13148	27014	28807	27207	13706	13073	26633	13361	27351	25598	23953	30759	18068	27980	29799	25861	13938	27348	28902	28649	13514	26758	15965	29125	22564	14368	29815	14051	13489	12787	28820	29104	26777	26717	25579	25888	27545	12639	13798	25950	17096	12493	12499	25514	28771	11934	23158	25668	26425	30741	28870	14192	14622	12637	13160	30422	30118	12761	23740	13788	27226	13979	17081	14024	11798	11728	35477	35587	35163	36099	24530	24596	37033	35481	25780	39722		
4:46:48	37.0	13403	13293	29329	27648	14053	13556	26160	13674	13283	27530	29514	27480	13721	13036	26977	13220	27475	25722	24077	30562	18080	28623	29888	25984	13940	27580	29132	29047	13518	26946	16150	29227	22332	14329	30105	14202	13292	12805	28742	29201	26814	26939	25594	25827	27710	12740	13691	26281	17042	12418	12642	25686	28665	12024	23083	25742	26610	31073	28938	14180	14520	12572	13132	30590	29968	12988	23798	13786	27182	13975	17436	14144	11806	11662	35039	35516	35179	36184	24621	24788	36887	35419	26054	39727		
4:50:48	37.0	13319	13397	29422	27817	14005	13533	26086	13660	13454	27376	29151	27234	13772	13120	26633	13309	27493	25670	24230	30844	17903	28539	29882	26024	13956	27523	29064	28774	13518	27062	16146	29171	22418	14205	29987	13966	13436	12659	29030	29179	26713	27214	25674	25954	28012	12709	13837	26255	17031	12397	12441	25682	28760	11957	22834	25412	26406	31188	29022	14105	14416	12642	13213	30720	29893	12796	23813	13652	27257	13914	17202	14003	11681	11722	35207	35917	35060	36168	24405	24759	36586	35278	26066	39711		
4:54:48	37.0	13254	13427	29798	27953	14192	13540	26123	13964	13515	27405	29383	27376	13800	13141	27154	13403	28086	26102	24421	30743	18129	28571	30338	26124	14169	27544	29463	29109	13574	27330	16234	29420	22476	14402	30066	14297	13548	12784	28846	29200	26741	27168	25857	26058	27840	12764	13791	26449	17036	12650	12652	25744	28953	11976	23147	25570	26772	31062	29107	14222	14552	12858	13300	30933	29941	12949	24055	13902	27529	14089	17420	14203	11784	11813	35604	36104	35151	36432	24290	24861	37210	35567	26065	40085		
4:58:48	37.0	13429	13345	29947	27956	14083	13389	26248	13796	13376	27739	29748	27194	13725	13090	27155	13409	27399	25736	24372	30847	17826	28678	29908	26084	14050	27527	29303	28912	13593	27245	16084	29133	22294	14357	30205	14126	13412	12709	29061	29001	26684	26961	25827	26033	27996	12468	13696	26514	17103	12339	12622	25545	28841	12037	22985	25509	26669	30911	29355	14126	14567	12635	13268	30970	30180	12957	23951	13753	27533	14023	17201	14078	11735	11733	35415	35836	35144	36240	24477	25059	36775	35374	26014	39936		
5:02:48	37.0	13421	13398	29747	28205	14163	13390	26203	13797	13453	27984	29145	27031	13731	13157	27284	13378	27705	26205	24601	30731	17871	28938	30280	26375	14101	27530	29424	28950	13636	27334	16182	29471	22490	14420	30372	14238	13427	12733	29202	29391	26614	27426	25750	26272	27817	12668	13783	26490	17084	12402	12549	25465	28703	11963	23051	25480	26932	31087	29407	14124	14607	12596	13229	30477	29902	12918	24214	13935	27544	14057	17173	14091	11876	11663	35043	35697	35508	36305	24519	24714	37064	35378	26172	39691		
5:06:48	37.0	13379	13339	29688	27995	14106	13270	26286	13702	13430	27894	29308	27225	13646	13043	27098	13311	27575	26117	24416	30474	17814	28907	30290	26451	14078	27569	29334	28762	13561	27373	16057	29502	22284	14342	30037	14132	13383	12631	29112	29047	26715	27478	25894	26581	27814	12662	13659	26576	16971	12307	12555	25318	28634	11839	22725	25358	26877	31219	29038	14157	14391	12568	13289	30732	29880	12916	24134	13700	27645	13902	16990	13875	11753	11860	35278	35842	34952	35941	24534	24764	36565	35445	25935	39645		
5:10:48	37.0	13310	13327	29684	28098	14340	13431	26245	13605	13611	27744	29260	27045	13612	13141	27148	13443	27770	26151	24514	30557	17695	28659	30037	26164	13953	27400	29117	28898	13431	27425	15958	29324	22251	14294	30000	14063	13502	12646	29188	29101	26514	27197	26115	26423	27630	12667	13562	26430	16858	12312	12415	25289	28746	11965	22585	25306	26919	31242	29460	14000	14326	12576	13151	30333	29838	12982	24068	13712	27557	14087	16968	14057	11604	11652	35270	35588	35242	36390	24481	24727	36967	35089	25918	39702		
5:14:48	37.0	13178	13404	29839	28230	14051	13317	26404	13739	13627	27867	29272	27097	13777	13192	27545	13429	27823	26237	24533	30652	17830	28912	30125	26331	14163	27350	29310	29047	13426	27402	15945	29692	22276	14376	30199	14181	13367	12740	29572	28999	26679	27183	26050	26325	27607	12730	13811	26735	17049	12301	12548	25488	28663	11933	22899	25155	26963	31129	29426	14321	14446	12777	13255	30500	30321	12958	24396	13742	27858	14029	17128	14055	11705	11756	35280	35990	35579	36336	24441	25126	36870	35248	26090	40082		
5:18:48	37.0	13360	13352	30131	28422	14037	13539	26524	13844	13365	28243	29702	27435	13758	13376	27299	13369	27940	26396	24907	30598	17778	29129	30168	26643	14141	27597	29563	29072	13570	27933	15936	29904	22129	14346	30271	14246	13449	12703	29314	29201	26609	27593	26297	26932	27856	12662	13727	26868	16986	12428	12517	25540	29025	12074	22952	25380	27367	31169	29281	14343	14517	12807	13236	30348	29709	13018	24521	13847	27849	14093	17189	14136	11815	11777	35233	35988	35375	36414	24427	24933	36845	35585	26224	39947		
5:22:48	37.0	13329	13466	29995	28314	14033	13389	26165	13698	13595	28185	29755	27044	13796	13162	27502	13330	28229	26432	24502	30412	17756	29031	30537	26620	14128	27651	29565	28876	13383	27999	16000	29921	22018	14296	30245	14208	13384	12597	29350	29290	26570	27478	26179	26551	27347	12695	13692	27075	16923	12365	12559	25299	28721	11966	22624	25356	27059	31196	29380	14035	14520	12615	13296	30295	29942	13035	24328	13773	27937	13923	17052	14087	11711	11703	35069	35600	35048	36144	24415	24870	36831	35154	25901	39318		
5:26:48	37.0	13378	13375	29900	28376	14178	13567	26332	13663	13544	28086	29677	26670	13717	13156	27469	13273	28334	26543	24836	30458	17747	29019	30141	26493	13983	27434	29547	29084	13581	27727	15931	29772	22044	14269	30418	14110	13395	12588	29415	29214	26073	27993	26426	26707	27291	12572	13727	27052	16835	12299	12492	25249	28352	12012	22578	24970	27208	31130	29553	14111	14459	12601	13233	30436	29683	12828	24437	13549	27978	13908	17000	14026	11614	11636	35171	35744	35471	36054	24585	25031	37023	35207	25992	39874		
5:30:48	37.0	13253	13411	30234	28780	14055	13435	26764	13741	13487	28156	29743	26855	13786	13133	27576	13413	28163	26942	25048	30271	17716	29015	30492	26914	13987	27418	29548	29203	13437	27774	15809	29920	21921	14197	30511	14219	13381	12733	29410	28917	26109	27637	26603	26777	27322	12802	13945	27286	16867	12215	12535	25001	28683	12056	22647	25020	27409	31238	29361	14151	14343	12540	13266	30483	29824	12863	24722	13799	28074	13897	16968	14100	11704	11619	35229	36039	35501	36528	24515	24812	36556	35156	26276	40176		
5:34:48	37.0	13286	13382	30188	28692	14154	13523	27181	13832	13628	28468	29775	26786	13727	13192	27678	13476	28489	27009	25264	30440	17677	29671	30361	26750	14145	27364	29893	29282	13610	27736	15848	30157	21847	14216	30434	14222	13321	12665	29580	28904	26269	28003	26878	27023	27216	12676	13941	27354	16829	12182	12645	25002	28938	11990	22501	25211	27399	31403	29945	14195	14340	12715	13327	30228	29782	12876	24830	13632	28097	14010	17068	14152	11663	11615	35203	35792	35663	36164	24723	24878	37077	35454	26255	39912		
5:38:48	37.0	13435	13556	30742	28929	14320	13601	27006	13823	13740	28709	30077	26908	13828	13229	27797	13386	28553	27138	25330	30310	17526	29492	30588	27218	14073	27381	29743	29546	13554	28205	15875	30372	21770	14240	30615	14406	13391	12700	29785	29244	26045	28219	27138	27098	27158	12779	13924	27367	16837	12112	12617	24860	28839	12059	22591	25203	27669	31144	30152	14293	14358	12688	13298	30406	30087	13030	24974	13857	28239	13973	17143	14224	11767	11763	35243	35910	35398	36285	24732	25103	37167	35651	26384	40074		
5:42:48	37.0	13324	13543	30367	29171	14101	13664	27423	13727	13502	28852	30251	27110	13887	13164	27932	13353	28834	27314	25627	30590	17411	29727	30870	27242	13994	27478	30162	29566	13467	28292	15808	30155	21761	14130	30346	14153	13484	12603	29949	29006	25828	28234	27186	27314	27191	12646	13667	27688	16631	12178	12641	24953	28810	11998	22551	25064	27844	31815	29802	14263	14524	12639	13328	30323	30140	12923	25173	13638	28632	13942	16897	14079	11713	11609	35569	36366	35483	36644	24439	25007	37326	35632	26340	40019		
5:46:48	37.0	13471	13335	30309	28967	14263	13655	27507	13659	13535	29137	30633	26839	13800	13185	27767	13388	28551	26850	25407	30200	17477	29732	30735	27144	14039	27507	29663	29340	13463	27987	15709	30509	21856	14303	30654	14123	13339	12542	29563	28922	25892	27930	27240	27264	27090	12683	13747	27363	16612	12197	12511	24978	28738	12042	22306	24669	27297	31733	30101	14159	14531	12632	13312	30098	29582	12859	25020	13706	28289	13979	16790	14071	11640	11634	35513	35881	35047	36345	24525	25082	36899	35158	25994	39897		
5:50:48	37.0	13331	13377	30670	29367	14184	13557	27381	13856	13593	28843	30520	26780	13753	13177	28086	13335	28717	27344	25503	29923	17428	29528	30855	27331	13961	27228	29714	29694	13540	28150	15965	30355	21768	14239	30568	14358	13313	12707	29874	28904	25885	28211	27034	27601	26808	12715	13762	27634	16679	12140	12610	24895	28788	12103	22318	24788	27630	31757	30350	14034	14389	12661	13288	30054	29767	12818	25300	13819	28224	13999	16836	14161	11742	11600	35475	35800	35391	36124	24636	24984	37092	35659	26236	39747		
5:54:48	37.0	13360	13268	30406	29340	13942	13492	27204	13649	13452	28844	30496	26649	13742	13008	27879	13333	28796	27153	25732	29787	17250	29917	30786	27314	13951	27251	30104	29647	13279	28366	15731	30126	21644	14080	30367	14102	13359	12548	29812	28763	25760	28161	27181	27325	26610	12573	13798	27577	16419	12051	12498	24461	28310	12048	22132	24393	27666	31231	30139	14004	14300	12623	13320	29935	29397	12859	25148	13639	28618	13933	16551	14007	11666	11574	35335	35692	35316	35820	24387	24730	36639	35623	26196	39758		
5:58:48	37.0	13488	13521	30558	29542	14272	13494	27259	13840	13511	29231	31036	26674	13962	13164	28326	13440	29019	27704	26025	30099	17419	29618	31101	27476	14095	27235	30062	29508	13449	28568	15798	30591	21451	14144	30817	14194	13419	12647	30037	28811	25877	28384	27304	27747	26971	12762	13906	27718	16641	12095	12555	24442	28733	11970	22284	24695	27937	31839	30464	14139	14463	12488	13338	30113	29697	12931	25344	13736	28605	13933	16799	14146	11737	11639	35642	36228	35643	36459	24477	24718	36975	35744	26186	40270		
6:02:48	37.0	13320	13484	30666	29633	14027	13576	27190	13821	13609	29184	30613	26384	13795	13208	28319	13444	28751	27323	25898	30325	17407	29995	30638	27691	14010	27405	29816	29573	13543	28495	15609	30404	21534	14090	30637	14104	13350	12475	30125	28657	25706	28345	27177	27927	26875	12804	13842	28028	16577	12207	12459	24425	28368	12079	21923	24311	27860	31868	30380	14121	14366	12587	13421	30061	29335	12960	25453	13706	28744	13949	16562	14071	11546	11684	35192	35975	35556	36559	24538	25070	36967	35827	26206	39834		
6:06:48	37.0	13261	13238	30177	29211	14072	13384	27033	13683	13569	29437	30710	26226	13724	13089	28175	13349	28814	27346	25934	29717	17130	29881	30666	27459	13907	26993	29806	29408	13187	28179	15428	30210	21372	14039	30226	14191	13208	12515	30197	28262	25180	28097	27151	27650	26417	12596	13569	27403	16340	11871	12540	24188	28237	12003	21788	24153	27717	31584	30374	13902	14090	12425	13253	29481	28741	12844	25145	13556	28630	13703	16394	13888	11467	11506	35040	35698	34946	36288	24425	24797	36571	35094	26056	39662		
6:10:48	37.0	13351	13296	30762	29805	14179	13474	27732	13865	13417	29223	31111	26505	13854	13185	28374	13374	29093	27988	26248	29496	17434	29978	30950	27619	13932	27153	30004	29580	13509	28601	15650	30818	21268	13989	30450	14199	13431	12510	30364	28489	25581	28507	27652	27803	26684	12660	13747	28253	16406	12095	12522	24395	28298	12049	21980	24158	27926	31825	30764	14198	14267	12646	13231	29902	29584	12906	25698	13784	28907	13863	16715	14126	11654	11647	35438	35924	35396	36503	24623	24919	37008	35486	26096	40027		
6:14:48	37.0	13331	13307	30545	29581	13909	13472	27565	13780	13275	29351	30713	26171	13765	13148	28011	13271	28869	27883	26053	29544	16972	29875	30643	27583	13695	26846	29775	29707	13251	28842	15475	30618	21160	13986	30558	14230	13103	12551	29930	28305	24993	28326	27666	27819	26309	12596	13692	27928	16405	11905	12440	24252	28457	12077	21589	24007	27881	31374	30540	13997	14051	12562	13271	29524	29087	12862	25395	13621	28562	13851	16397	14028	11549	11477	35343	35955	34877	36259	24261	24765	36659	35437	25960	39410		
6:18:48	37.0	13362	13245	30444	29770	14032	13560	27702	13777	13492	29497	31058	26162	13947	13244	28234	13424	28994	27904	26222	29706	17205	30241	30863	27477	13796	27124	29961	29595	13326	28898	15539	30628	21262	13925	30655	14229	13338	12555	30232	28654	25255	28607	27421	28225	26607	12725	13850	28212	16448	11943	12625	24160	28417	12110	21682	24142	28302	31658	30351	14090	14231	12680	13310	29474	29181	12751	25872	13654	29211	13932	16499	14139	11786	11647	35228	35930	35336	36163	24601	24840	36987	35904	26124	40001		
6:22:48	37.0	13156	13313	30462	29544	13963	13302	27365	13516	13312	29197	30819	26102	13599	12890	28245	13215	28877	27852	25848	29133	16931	29732	30483	27680	13810	26689	29627	29432	13355	28616	15327	30225	20868	13746	30322	14165	13042	12443	29890	28267	24798	28459	27565	27945	26083	12591	13596	27911	16155	11868	12497	23996	27795	11956	21292	23741	27840	31524	29989	13970	13931	12530	13246	29477	28685	12668	25370	13475	28720	13829	16372	13894	11505	11460	35014	35058	35058	35922	24158	24658	36814	35211	25770	39728		
6:26:48	37.0	13277	13225	30779	29736	14177	13540	28230	13780	13531	29646	31182	26078	13696	13051	28311	13345	29284	27871	26517	29468	17031	30252	30952	28041	13765	26875	29611	29385	13477	28805	15445	30853	21131	14081	30544	14154	13298	12608	30246	28383	25197	28532	28214	28503	26402	12690	13652	28325	16275	11902	12648	23876	28293	12072	21766	23846	28276	31596	30530	14044	14154	12546	13329	29417	29062	12787	25791	13691	29160	13808	16350	14141	11623	11645	35495	35839	35267	36237	24448	24855	37303	35321	25977	40073		
6:30:48	37.0	13282	13327	30509	29720	14154	13374	27940	13817	13434	29634	31303	25812	13759	13204	28468	13424	29212	28262	26468	29381	17057	29930	30729	27816	13789	26858	29767	29813	13326	28950	15277	30645	20938	14023	30475	14191	13263	12446	30209	28350	24909	28816	28007	28065	26408	12634	13745	28033	16208	11903	12575	23971	28125	12039	21322	23802	28396	31457	30428	13950	14038	12627	13370	29262	28783	12798	25861	13679	29280	13787	16481	14104	11647	11582	35294	35605	34929	36559	24446	25048	37118	35453	26215	39654		
6:34:48	37.0	13335	13311	30528	29849	14066	13565	28070	13627	13557	29419	31255	25723	13846	13163	28467	13271	29191	28307	26472	29118	16916	30324	30989	28200	13940	26729	30031	29482	13278	28922	15358	30592	20913	14050	30258	14181	13138	12411	30154	28134	24944	28712	28153	28297	25972	12825	13685	28334	16152	11893	12531	23675	28005	11997	21554	23623	28149	31674	30637	13991	14107	12428	13403	29276	29062	12907	25844	13623	29393	13832	16230	14190	11700	11518	35500	35872	35220	36005	24521	24872	36864	35604	26078	40053		
6:38:48	37.0	13289	13244	30880	29731	13959	13411	27827	13741	13568	29412	30886	25883	13772	13024	28524	13277	29163	28070	26686	29181	16759	30282	30645	28038	13802	26828	30039	29569	13251	28782	15282	30530	20735	13763	30141	14012	13122	12391	30501	28116	24668	28524	28132	28193	25970	12573	13770	28442	16117	11788	12461	23503	27621	11937	21398	23436	27999	31840	30477	13950	14041	12431	13270	28818	28693	12694	25981	13520	29034	13766	16156	14057	11473	11487	35349	35876	34934	36065	24366	24790	36848	35312	25981	39892		
6:42:48	37.0	13469	13348	31001	30427	14179	13683	28192	13882	13673	30161	31210	25822	13919	13242	28895	13659	29823	28578	26597	29536	16848	30690	31210	28204	13916	26952	30261	30086	13478	29261	15565	31233	21006	13985	30585	14188	13392	12595	30486	28520	24974	28862	28499	28918	26238	12753	13843	28607	16495	11924	12601	24112	28215	12154	21378	23703	28595	31706	31035	14081	14129	12611	13588	29252	28785	12826	26357	13606	29547	14003	16537	14248	11774	11703	35768	36054	35521	36794	24871	25041	37544	35926	26370	40210		
6:46:48	37.0	13338	13226	30667	29776	14042	13502	28357	13785	13398	29811	31246	25653	13707	13101	28597	13338	29810	28041	26827	29025	16859	30353	30937	28199	13945	26537	29679	29475	13301	29259	15124	30676	20814	13850	30334	14132	13097	12432	30618	28028	24633	28756	28298	28513	25604	12599	13708	28498	16190	11798	12506	23595	27888	12083	21330	23454	28340	32022	30650	13969	13960	12488	13354	28814	28353	12771	26244	13628	28997	13863	16290	14279	11447	11443	35243	35857	35347	35948	24435	24701	37093	35742	26274	40035		
6:50:48	37.0	13349	13321	31128	30343	14116	13439	28456	13738	13658	29849	31454	25711	13797	13245	29037	13377	29621	28621	26919	29142	16701	30798	31061	28488	13880	26695	30103	29328	13397	29381	15387	30779	20826	13951	30237	14206	13237	12523	30485	27959	24610	28697	28210	29008	25845	12705	13940	28661	16239	11899	12539	23588	27732	12123	21167	23376	28574	32280	30872	14059	13992	12649	13526	29003	28666	12910	26482	13691	29546	13812	16406	14134	11572	11557	35687	35935	35418	36555	24544	24993	37186	35587	26393	40021		
6:54:48	37.0	13343	13351	30837	30083	13977	13403	28204	13897	13323	29606	31048	25453	13735	13217	28460	13429	29710	28637	27180	28978	16846	30411	31343	28379	13901	26334	29790	29427	13357	29317	15365	30968	20419	13776	30201	14191	13248	12479	30608	27781	24390	28779	28731	29009	25682	12755	13737	28656	16050	11705	12528	23519	27344	12056	21054	23263	28694	31961	30875	14038	14053	12362	13371	28853	28570	12876	26520	13472	29373	13872	16437	14113	11645	11433	35398	36197	35509	36668	24322	24917	37101	35892	26160	40154		
6:58:48	37.0	13423	13519	30979	30448	14051	13653	28501	13795	13364	30027	31039	25565	13816	13244	28588	13429	29543	28635	27063	28861	16871	30468	31017	28699	13786	26388	30033	29863	13174	29312	15054	30977	20702	13912	30553	14188	13050	12263	30539	27743	24417	29067	28417	29421	25685	12694	13908	28911	16092	11646	12508	23162	27470	12004	21087	23285	28752	31791	30915	14057	14133	12468	13267	28818	28438	12748	26389	13693	29444	13805	16223	14123	11599	11542	35294	36078	35330	36159	24523	24966	37124	35742	25925	39817		
7:02:48	37.0	13433	13361	30895	30723	14266	13623	28902	13914	13663	30185	31669	25592	13843	13377	28975	13442	29748	28954	27370	28614	16693	30526	31272	28545	13912	26514	29842	29777	13357	29418	15326	31262	20714	14013	30345	14354	13340	12551	30815	27867	24584	29040	28759	29491	25549	12894	13886	29175	16154	11901	12653	23512	27687	12126	20976	23236	28790	31819	31406	13933	14101	12568	13451	29173	28894	12851	26728	13595	29787	13945	16296	14234	11712	11644	35517	36609	35411	36731	24664	25071	37107	36027	26316	40355		
7:06:48	37.0	13248	13371	30488	30373	14127	13533	28696	13843	13348	30117	31317	25358	13763	13256	28864	13453	29437	28813	27430	28322	16471	30709	30802	28640	13945	26411	29938	29279	13249	29361	15069	30926	20414	13833	30203	14206	13060	12384	30683	27479	24022	28835	28655	29109	25396	12673	13777	29029	16084	11687	12591	23121	27496	12034	20966	22895	28782	31642	31040	13915	13932	12386	13327	28586	28264	12689	26579	13640	29587	13726	16151	14146	11565	11409	35383	36000	35250	36613	24340	24853	37284	35634	25845	40071		
7:10:48	37.0	13276	13216	30386	30368	14111	13454	28566	13798	13503	30005	31196	25205	13645	13190	28755	13282	29689	28911	27244	28403	16525	30666	30943	28496	13839	26224	29939	29425	13330	29153	14968	30816	20412	13740	29991	14220	13197	12368	30550	27482	24121	28636	28589	29221	24955	12629	13654	29078	15932	11739	12553	23117	27413	11986	20749	22665	28575	31784	31016	13951	13932	12486	13265	28567	28150	12754	26642	13425	29739	13799	16100	14171	11557	11491	35598	35763	35273	36244	24193	24731	36926	35627	25957	40145		
7:14:48	37.0	13276	13265	30733	30552	14075	13591	28646	13680	13567	30201	31724	25323	13800	13197	28988	13394	29666	29289	27799	28288	16457	30817	30903	28837	13878	26088	29641	29398	13300	29353	14978	31071	20202	13767	30263	14247	13194	12303	30521	27436	24056	28991	28766	29313	25421	12802	13852	28889	15892	11610	12473	23185	27268	12125	20896	22842	28882	32037	31211	13934	14046	12568	13417	28708	27987	12719	26601	13494	29647	13826	16158	14137	11562	11480	35628	35831	35404	36081	24407	24747	37338	35743	26114	40026		
7:18:48	37.0	13383	13207	30855	30816	14073	13482	28838	13712	13539	30168	31600	25150	13676	13077	29037	13368	29796	29253	28168	27964	16570	30516	30855	28934	13931	26112	29793	29306	13274	29759	15128	31024	20266	13833	29972	14332	13101	12413	30886	27241	23835	28723	29235	29678	25078	12776	13809	28977	15691	11686	12600	23057	27265	12095	20788	22859	28991	31665	31282	13942	14146	12405	13325	28421	28085	12799	26827	13450	29980	13768	16025	14197	11592	11445	35770	35892	35251	36376	24447	25039	37435	35425	26077	39789		
7:22:48	37.0	13294	13318	30516	30774	14192	13586	28732	13637	13545	30143	31748	25115	13802	13058	29242	13323	29649	29293	27786	27936	16281	30990	30743	28661	13804	26059	29968	29189	13255	29438	14963	30933	19856	13755	30028	14319	13176	12399	30808	27326	23898	28900	28836	29491	24891	12814	13767	29132	15857	11535	12544	22865	27327	12030	20687	22677	29062	31782	31082	13889	13878	12318	13377	28423	28048	12771	26933	13499	30054	13824	15995	14156	11440	11404	35402	35753	35213	36454	24407	24834	37149	35622	26216	40252		
7:26:48	37.0	13230	13237	30519	30716	14324	13477	28973	13680	13453	30448	31328	24775	13813	13156	28952	13399	30093	29249	27845	27860	16360	30835	30793	28943	13702	25887	29823	29079	13336	29734	15028	30567	19946	13785	29582	14261	13129	12317	30895	27072	23529	28675	28748	29926	24732	12664	13709	28955	15805	11540	12626	22668	27190	12153	20420	22642	29149	31840	31007	13912	14027	12366	13384	27969	27735	12694	27011	13375	29831	13727	15992	14016	11590	11482	35766	35709	35059	36136	24404	24956	36954	35591	26211	39831		
7:30:48	37.0	13341	13227	30640	30671	14048	13421	28911	13618	13530	30257	31619	24915	13609	13131	28883	13244	29793	29228	28018	27541	16267	30790	30683	28657	13811	25665	29742	29086	13202	29529	14772	31045	19757	13619	30026	14119	13053	12230	30613	26906	23655	28510	29066	29594	24635	12562	13934	29254	15561	11541	12426	22453	26837	11976	20303	22365	28695	31699	30955	13852	13860	12277	13273	28120	27669	12643	26891	13480	29904	13761	15921	14076	11549	11451	35130	35795	35132	36161	24373	24952	37203	35477	26020	39786		
7:34:48	37.0	13327	13210	30021	30536	14183	13625	29010	13690	13305	30407	31128	24591	13768	13191	29144	13390	29905	29541	28040	28010	16192	30949	30834	28866	13854	25869	29839	29382	13259	29766	14923	31032	20040	13899	29964	14297	13169	12290	30629	27050	23608	28885	29265	29754	24976	12655	13895	29210	15724	11688	12649	22634	27044	12020	20305	22296	29053	31864	30881	13963	13961	12379	13471	27880	27602	12802	27282	13443	30307	13880	15885	14197	11456	11402	35717	36080	35139	35866	24383	24724	37072	35635	26184	39881		
7:38:48	37.0	13499	13157	30675	30941	14269	13587	29276	13848	13494	30414	31759	24722	13772	13244	29074	13537	29800	29758	28607	27717	16374	31076	30987	29171	13974	25828	29870	29662	13394	29737	14965	31039	19982	13831	30014	14232	13360	12378	30994	26994	23529	28895	29493	30109	24997	12818	13809	29474	15717	11520	12619	22637	27022	12107	20702	22557	29241	31898	30983	13956	13856	12421	13362	28024	27928	12869	27270	13462	30065	13885	16161	14119	11617	11572	35658	36001	35614	36586	24627	24895	37484	35838	26275	40261		
7:42:48	37.0	13324	13153	30149	30598	14156	13490	29052	13686	13397	30243	31517	24541	13753	13086	29040	13277	29767	29536	28407	27474	16240	30816	30800	28866	13814	25808	29655	29013	13232	29409	14640	30739	19747	13747	29629	14106	13073	12226	30693	26460	23167	28694	28864	30006	24335	12792	13747	29323	15656	11574	12497	22540	26872	11955	20119	22034	29046	30931	31109	13722	13788	12291	13448	27399	27287	12637	27043	13452	29746	13708	15869	14096	11452	11316	35523	35680	35311	35599	24498	24505	37205	35679	26120	39602		
7:46:48	37.0	13356	13320	30317	30761	14055	13502	29221	13699	13578	30361	31487	24580	13752	13123	29335	13376	29913	29721	28497	27525	16303	31102	30643	28997	13836	25443	29722	29311	13363	29683	14814	30829	19727	13660	29630	14227	13039	12276	30731	26810	23436	28729	29351	30248	24605	12640	13870	29186	15626	11695	12545	22530	26664	12153	20152	22183	29237	31625	31259	13820	13869	12432	13402	27845	27551	12669	27111	13448	30048	13847	15841	14152	11512	11489	35275	36059	35125	36499	24591	24750	37179	35853	26228	40153		
7:50:48	37.0	13467	13431	30703	31374	14169	13553	29622	14053	13705	30524	31676	24599	13950	13346	29242	13477	30362	29903	28977	27803	16259	31159	30929	29324	13936	25674	29962	29620	13523	30009	14795	31347	19832	13941	30220	14457	13162	12427	30694	27089	23350	28883	29585	30822	24831	12826	13966	29752	15667	11705	12713	22508	26945	12295	20320	22355	29371	32266	31442	13930	13939	12513	13614	27645	27901	12701	27488	13661	30335	13836	16041	14372	11655	11530	36112	36148	35452	36433	24818	24954	37770	36088	26439	40603		
7:54:48	37.0	13402	13092	30453	31094	14255	13472	29025	13704	13757	30233	31264	24316	13770	13170	29185	13451	29715	29978	28709	27169	16162	31017	30469	29128	13790	25543	29700	29201	13257	29494	14728	30820	19674	13788	29644	14246	13093	12292	31028	26754	23146	28744	29273	30340	24128	12689	13671	29391	15532	11683	12527	22231	26705	12167	19975	21958	29305	31658	31317	13786	13935	12345	13314	27508	27584	12669	27313	13528	30047	13868	15884	14156	11467	11318	35199	35802	35404	36300	24253	24772	37560	35975	26170	40075		
7:58:48	37.0	13357	13247	30030	31115	14145	13577	29338	13846	13482	30562	31688	23961	13878	13162	29416	13493	30299	30079	28946	27440	16249	31074	30662	29190	13864	25424	29849	29206	13344	29827	14851	31157	19679	13785	29688	14272	13096	12482	30706	26745	22979	28663	29572	30708	24531	12917	13890	29635	15545	11766	12529	22164	26540	12147	20062	22120	29318	31995	31398	13913	13921	12391	13579	27838	27362	12749	27519	13654	30396	13800	15915	14359	11584	11498	35884	36410	35482	36255	24572	24943	37471	36095	26131	40697		
8:02:48	37.0	13373	13125	30088	31119	14174	13575	29592	13832	13751	30363	31702	24229	13925	13129	29348	13464	29975	29732	29065	27099	16213	31263	30719	29402	13700	25490	29664	28938	13453	29802	14810	30630	19602	13660	29522	14128	13044	12379	30815	26675	23249	28596	29811	30592	24394	12787	13954	29954	15534	11600	12600	22095	26869	12044	19932	21812	29246	31881	31028	14003	13889	12320	13466	27171	27168	12703	27607	13587	30283	13882	15938	14330	11589	11536	35917	35942	35468	36373	24513	24961	37593	36046	26357	40331		
8:06:48	37.0	13360	13119	30284	31437	14107	13532	29846	13785	13641	30335	31363	24155	13956	13308	29341	13511	30211	30055	29237	26933	16073	31215	30730	29051	13656	25245	29746	29003	13432	29713	14833	30742	19436	13701	29639	14162	13167	12335	30621	26436	23110	28452	29987	30770	24224	12746	13855	29754	15556	11674	12567	22017	26414	12098	19951	21885	29273	31889	31257	13906	13826	12328	13479	27314	27023	12787	27620	13689	30199	13946	15923	14353	11628	11499	35737	36067	35401	36420	24633	24974	37758	36041	26022	40213		
8:10:48	37.0	13530	13250	30358	31419	14267	13508	29624	13946	13561	30625	32010	24210	13974	13233	29568	13516	30475	30678	28935	27266	16232	31155	31089	29550	13962	25301	29785	29001	13459	30360	14798	31032	19613	13792	29654	14358	13328	12391	30863	26607	23090	28689	29803	31012	24510	12876	13961	30051	15494	11675	12712	22130	26573	12119	20081	21802	29449	31792	31501	14025	13983	12384	13544	27094	27422	12783	28086	13722	30290	14074	15971	14367	11653	11554	35605	36142	35695	36751	24606	25278	37894	36505	26260	40689		
8:14:48	37.0	13353	13190	29952	31068	14307	13589	29640	13882	13645	30400	31579	23975	13884	13329	29050	13521	30050	30515	29106	26836	16130	30900	30553	29610	13858	25402	29590	28876	13259	29862	14671	30826	19381	13752	29491	14146	13178	12211	30763	26395	23016	28738	29612	30960	24147	12854	13879	29927	15509	11534	12558	22023	26266	12139	19768	21386	29404	31729	31435	13798	13950	12385	13444	27137	26908	12811	27758	13570	30334	13789	15685	14142	11680	11450	35713	35814	35364	36349	24655	24966	37388	36295	26191	40316		
8:18:48	37.0	13366	13175	29746	31387	14241	13655	29629	13774	13674	30375	31667	23622	13819	13199	29094	13338	29921	30545	29420	26795	15924	31025	30257	29393	13746	25076	29406	28753	13207	29957	14535	30887	19299	13632	29167	14232	13291	12236	30399	26248	22706	28385	29497	31131	24023	12724	13926	29945	15467	11629	12581	21838	26220	12149	19461	21565	29407	31733	31364	13886	13766	12270	13514	27033	26715	12722	27408	13527	30481	13748	15680	14198	11525	11462	35723	35992	35279	36443	24528	24908	37353	36400	26148	40449		
8:22:48	37.0	13586	13186	29704	31253	14382	13568	29878	13991	13775	30386	31912	24110	13854	13091	29342	13473	30041	30157	29500	26612	16049	31198	30662	29526	13748	24965	29141	29134	13405	30105	14617	30762	19264	13688	29234	14284	13237	12271	30696	26205	22724	28568	29626	30953	23923	12866	14044	29757	15458	11716	12643	22012	26366	12251	19433	21412	29429	31995	31556	13895	13981	12406	13642	26920	26870	12878	27895	13687	30608	13976	15672	14312	11621	11467	35889	36337	35270	36764	24483	24942	37614	36466	26114	40337		
8:26:48	37.0	13434	13092	29681	31132	14434	13573	29481	13942	13633	30430	30952	23762	13942	13194	29054	13426	30279	30305	29829	26608	15826	31116	30372	29186	13803	24929	29336	28495	13282	29989	14653	30463	19261	13823	29040	14202	13114	12249	30572	25940	22798	28214	29633	31361	23588	12798	13983	29533	15429	11758	12703	21705	25945	12203	19239	21302	29559	31702	31223	13894	13929	12335	13497	26644	26845	12806	27792	13563	30501	13899	15691	14324	11672	11546	36099	36203	35331	36574	24452	25018	37770	36211	26135	40142		
8:30:48	37.0	13375	13065	29265	31169	14313	13551	29250	13766	13760	30181	31385	23632	13778	13154	29109	13349	29955	30336	29266	26335	16017	31016	30230	29184	13805	24845	29096	28561	13393	29819	14465	30359	18917	13757	29276	14215	13103	12284	30296	25823	22529	28012	29443	31149	23604	12858	13919	29904	15305	11605	12673	21599	25997	12120	19227	21099	29483	31327	31366	13807	13951	12386	13538	26534	26531	12744	27470	13582	30557	13932	15683	14234	11528	11453	35741	36349	35154	36304	24584	25043	37714	36431	26324	40151		
8:34:48	37.0	13502	13143	29421	31259	14347	13603	29385	13768	13723	30295	31747	23547	13874	13271	29248	13590	30177	30321	29876	26499	15798	30839	30197	29509	13813	24808	29147	28350	13366	29681	14458	30487	19127	13718	29061	14206	13242	12266	30311	25883	22297	28205	29814	31561	23780	12889	13938	29820	15251	11654	12525	21556	25771	12137	19069	21262	29539	31165	31274	13845	13935	12365	13592	26741	26585	12712	27883	13668	30333	13803	15678	14330	11531	11620	35900	36318	35212	36784	24797	25232	37900	36373	26196	40568		
8:38:48	37.0	13557	13180	29107	31083	14140	13475	29804	13819	13614	29975	31405	23246	13833	13229	29018	13391	30216	30648	30062	26051	15788	30656	29961	28936	13700	24493	29290	28267	13293	29875	14412	30181	18923	13724	28908	14166	13190	12269	30044	25515	22296	27933	29665	31302	23330	12784	13818	29755	15362	11629	12571	21371	25671	12115	18849	21015	29305	31344	30996	13863	13911	12339	13589	26329	26374	12675	27677	13658	30394	13966	15526	14167	11530	11514	35728	36361	35083	36424	24642	24751	37829	36444	26036	40136		
8:42:48	37.0	13413	13122	29394	31191	14182	13566	29941	13941	13452	30177	31298	23284	13890	13154	28957	13446	29816	30457	30159	25792	15704	30655	30107	29250	13790	24486	28894	28299	13227	29647	14403	30032	18827	13740	28869	14144	13238	12116	30100	25305	22027	28278	29907	31133	23517	12805	13938	29956	15268	11487	12576	21183	25848	12060	18808	20790	29530	31314	31223	13771	13815	12359	13678	26255	26095	12706	28143	13626	30386	14008	15644	14226	11585	11510	35772	36442	35177	36518	24703	24708	37818	36488	26215	40661		
8:46:48	37.0	13432	13021	29387	31225	14177	13588	29619	13958	13568	30012	31041	23206	13743	13217	28682	13493	29866	30408	30194	25617	15766	30984	29845	29031	13859	24630	28998	28189	13278	29608	14354	30061	18887	13641	28808	14138	13222	12242	30036	25399	22073	27980	29656	31366	23439	12837	13832	29552	15134	11646	12585	21329	25457	12104	18750	20720	29091	31063	31251	13806	13896	12269	13481	26304	26119	12613	27612	13739	30118	13928	15662	14253	11617	11481	35676	36235	35279	36776	24583	24822	37848	36186	26212	40483		
8:50:48	37.0	13561	13249	28844	31102	14421	13699	29582	13934	13642	29846	31240	23168	13909	13266	29166	13473	30157	30743	30166	25744	15680	30669	29859	29238	13938	24569	28884	28276	13356	29824	14321	29965	18889	13652	28864	14152	13205	12263	30069	25458	22206	28220	29692	31369	23196	12759	13996	29542	15231	11698	12604	21156	25443	12207	18600	20767	29616	30968	31078	13971	13833	12255	13532	26389	26219	12666	27940	13667	30331	13998	15671	14277	11617	11503	36284	35924	35251	36426	24689	24998	38379	36207	26336	40398		
8:54:48	36.9	13413	13078	28675	31011	14166	13698	29681	13731	13609	30092	31240	23102	13969	13432	28963	13471	30060	30768	29934	25681	15701	30894	29869	28872	13866	24040	28899	28116	13344	29514	14338	29884	18680	13823	28548	14086	13068	12271	29953	25408	21970	27550	29907	31561	22985	12854	13791	29887	15169	11705	12590	21150	25532	12143	18740	20764	29231	31066	31097	13925	13933	12272	13510	25832	25961	12672	27980	13639	30199	13984	15699	14288	11635	11525	35980	36327	35275	36701	24623	25148	37994	36375	26311	40497		
8:58:48	37.0	13510	13047	28743	30907	14256	13698	29607	13746	13851	30004	30951	23090	13864	13213	28763	13470	29771	30313	30376	25713	15604	30759	29764	29385	13622	24169	28638	27887	13332	29586	14276	29807	18582	13756	28558	14065	13246	12140	30116	25129	21845	27635	29542	31229	23145	12760	13845	29618	15160	11692	12616	21171	25282	12143	18346	20434	29423	31103	30940	13872	13852	12257	13504	25960	25696	12581	27623	13817	30058	13955	15563	14223	11613	11474	35934	36154	35138	36466	24574	25078	37722	36397	26225	40525		
9:02:48	37.0	13503	12956	28555	31193	14266	13671	29513	13757	13896	29622	30919	22970	13898	13204	28610	13490	29761	30518	30322	25388	15637	30659	29665	29054	13877	24119	28916	28195	13242	29542	14181	29869	18448	13807	28544	14048	13083	12240	29918	25067	21700	27598	29428	31107	23185	12879	13916	29569	15233	11815	12695	20928	25184	12189	18501	20527	29246	31053	31075	13794	13831	12272	13432	26142	25622	12617	27607	13644	30156	14016	15428	14210	11724	11524	35730	36337	35116	36377	24484	25111	37939	36526	26181	39909		
9:06:48	37.0	13443	13154	28420	31355	14422	13785	29806	14021	13494	29897	31207	23236	13947	13441	29005	13590	29754	30687	30510	25780	15615	30783	29923	29286	13916	23986	28972	28257	13546	29590	14419	30184	18667	13901	28435	14123	13268	12287	30187	25429	21799	27946	29495	31804	22945	12908	13862	29717	15382	11715	12778	21069	25257	12343	18578	20541	29865	30923	31326	14023	13801	12413	13657	26111	25986	12679	28143	13830	30354	14000	15551	14185	11780	11585	36440	36141	35858	36919	25154	25082	38136	36916	26278	40781		
9:10:48	37.0	13632	13036	28552	30976	14231	13585	29796	14059	13967	29832	31109	22941	13961	13301	28663	13595	29809	30676	30687	25494	15568	30792	29880	29053	13948	24308	28637	27862	13441	29563	14447	29894	18640	13920	28587	14223	13271	12203	29545	25135	21595	27653	29775	31511	23038	12976	13969	29999	15038	11828	12695	20935	25386	12296	18422	20429	29553	30787	30904	13958	13888	12310	13595	25801	25492	12714	28088	13707	30477	14014	15555	14230	11681	11498	36404	36396	35374	36884	24693	24948	38432	36933	26236	40462		
9:14:48	37.0	13559	13028	28320	30758	14187	13634	29506	13938	13751	29469	30959	22875	13824	13174	28446	13494	29906	30674	30116	25393	15480	30460	29583	28741	13858	24140	28530	28042	13426	29586	14177	29597	18525	13818	28452	14091	13173	12358	29967	25168	21603	27688	29396	31146	22713	12853	13957	29719	15043	11637	12666	20910	25119	12121	18264	20193	29546	30782	30950	13835	13727	12294	13556	25236	25622	12677	27810	13781	29920	14016	15473	14291	11762	11520	35941	36182	35320	36529	24794	24863	37759	36553	26162	40521		
9:18:48	37.0	13452	12898	28284	30960	14314	13582	29425	13871	13420	29445	30897	22686	13833	13100	28537	13455	29555	30900	30470	25102	15535	30766	29669	28830	13727	23883	28474	27477	13269	29205	14196	29466	18096	13887	28105	14044	13189	12229	29630	25025	21566	27211	29350	31563	22629	12663	13839	29724	15194	11745	12646	20680	25062	12154	18074	20239	29451	30615	31072	13829	13917	12239	13614	25201	25660	12675	27524	13691	30148	13957	15329	14064	11632	11511	35795	36054	34863	36405	24611	24721	37927	36222	25923	40531		
9:22:48	37.0	13670	13132	28330	31271	14293	13846	30024	13965	13505	29569	31331	22848	14072	13394	28830	13645	30213	31009	30805	25255	15657	30386	29607	29137	14011	24210	28703	27964	13623	29718	14369	29698	18544	14068	28283	14292	13383	12314	29679	25188	21451	27618	29876	31753	22988	12948	14093	29962	15080	11963	12722	20842	24883	12285	18190	20278	29917	30959	31197	13892	14054	12439	13630	25850	25706	12795	28033	13901	30423	14152	15490	14355	11810	11589	36541	36566	35670	36986	24827	25243	38222	37297	26689	40903		
9:26:48	37.0	13533	13079	27907	30674	14130	13645	29524	13831	13842	29319	30752	22485	13877	13320	28201	13633	29692	30779	30721	24690	15558	30163	29570	28806	13827	23994	28441	27521	13354	29412	14169	29398	18334	13788	28235	14104	13298	12207	29750	24853	21380	27333	29420	31470	22744	12737	13897	29720	15032	11903	12639	20575	24764	12225	17874	20056	29414	30723	30655	13772	13805	12221	13638	25268	25162	12556	27860	13720	29914	13929	15296	14158	11763	11541	36181	36446	35426	36721	24706	25028	38581	36756	26284	40013		
9:30:48	37.0	13551	13030	27654	30883	14177	13635	29287	13926	13704	29236	30456	22534	13984	13283	28056	13437	29540	30679	30534	24857	15554	30066	29460	28608	13846	23756	28218	27295	13376	29356	14126	29378	18202	13810	28232	14141	13182	12180	29429	24703	20914	27314	29236	31579	22471	12908	13988	29740	14999	11966	12609	20284	24767	12147	17855	20080	29330	30487	30869	13857	13806	12360	13663	25360	25198	12540	27748	13739	30074	14007	15238	14272	11718	11567	36085	36255	35327	36657	24617	25209	38031	36604	26094	40327		
9:34:48	37.0	13436	12962	27286	30456	13992	13614	29408	13744	13840	28921	30051	22123	13863	13215	28095	13237	29184	30365	30375	24421	15363	29907	28803	28800	13574	23428	27963	27137	13274	29000	14029	29178	18038	13833	27807	13976	13178	12035	28864	24304	21101	26662	28808	31194	22283	12816	13820	29220	14913	11791	12574	20048	24378	12149	17739	19639	29080	30105	30333	13662	13702	12107	13471	24934	25038	12398	27595	13729	29568	13827	15270	14164	11557	11552	35648	35908	34827	36222	24484	24674	38130	36439	26012	39935		
9:38:48	37.0	13509	13061	27478	30576	14125	13623	29437	13912	13536	29009	30002	22391	13882	13239	28004	13471	29386	30553	30473	24929	15249	30154	29024	28744	13822	23585	28233	27215	13470	29353	14050	29320	18067	13940	27776	14096	13191	12109	29038	24387	21129	27047	28999	31551	22365	12840	13836	29595	14776	11945	12658	20214	24607	12233	17694	19549	29372	30543	30479	13807	13749	12298	13628	24742	24989	12688	27734	13826	29633	13914	15478	14322	11636	11578	35950	36260	35106	36388	24691	25138	38532	37192	26264	40551		
9:42:48	37.0	13537	12960	27336	30495	14023	13616	29311	13914	13678	29092	30174	22107	14094	13248	28103	13537	29221	30388	30713	24484	15455	30194	28893	28435	13744	23379	27712	26939	13331	28992	13867	29118	18054	13937	27796	14024	13190	11993	29026	24356	20782	26679	29251	31256	22354	12856	13779	29392	14774	12016	12576	20302	24410	12238	17666	19591	29609	30140	30576	13788	13649	12198	13654	24847	24790	12561	27741	13842	29731	13958	15343	14322	11630	11702	35852	36342	35468	36373	24662	25051	38707	37034	26112	40582		
9:46:48	37.0	13346	12981	26998	30199	13954	13562	28986	13800	13888	28520	29672	22069	13814	13204	27915	13480	29003	30136	30381	24160	15149	29656	28734	28464	13871	23238	27795	26861	13283	28935	13885	29065	17907	13798	27312	13934	13132	12049	28565	24117	21027	26460	28938	31191	21922	12796	13828	29082	14704	11960	12478	19952	24055	12119	17507	19441	29055	30120	30321	13571	13666	12244	13515	24564	24640	12415	27255	13790	29162	13779	15249	14206	11674	11461	35894	35831	34942	36670	24657	24940	37978	36826	25988	40111		
9:50:48	37.0	13519	13016	27264	30461	14080	13649	29500	13866	13847	28879	30098	22299	14025	13281	28174	13504	29286	30217	30769	24192	15231	30034	28781	28743	13926	23367	27683	27051	13379	29083	14088	28876	17933	13900	27330	14146	13357	12276	28998	24360	20843	26704	29366	31173	21892	12925	13859	29784	14920	11980	12637	19846	24313	12378	17524	19516	29031	29783	30705	13750	13681	12161	13571	24779	24917	12631	27921	13806	29411	14104	15254	14250	11603	11650	35862	36108	35123	36822	24869	24970	38749	36913	26357	40183		
9:54:48	37.0	13507	12943	26822	30151	13970	13634	29138	13824	13608	28185	29261	21868	13962	13273	27533	13435	28838	30026	30334	24011	15146	29762	28201	28307	13740	23070	27590	26583	13354	28492	13888	28569	17730	13864	27380	13951	13132	12080	28526	23918	20794	26233	28958	31596	21728	12843	13867	29165	14826	12003	12590	19909	23999	12226	17287	19157	28803	29530	30190	13631	13557	12232	13363	24499	24519	12598	27670	13772	29232	14060	15249	14177	11584	11487	35704	36020	34765	36297	24645	24946	38388	36605	26137	40139		
9:58:48	37.0	13644	13017	26664	30360	13879	13702	29162	13879	13651	28396	29700	21908	13847	13153	27634	13516	28988	30539	30522	24285	15324	29597	28782	28499	14018	23112	27537	26922	13343	28772	14024	28467	17923	13966	27433	13967	13249	12095	28497	24010	20739	26263	28888	31140	21980	12899	13793	29346	14922	12002	12599	19967	23972	12350	17482	19338	28602	29386	30107	13742	13567	12274	13643	24409	24579	12514	27625	13815	29355	14088	15228	14193	11697	11502	35613	36003	35113	36656	24551	24970	38867	37151	26052	40356		
10:02:48	37.0	13656	12996	26564	30127	13983	13654	29176	13923	13555	28192	29351	21708	13947	13228	27338	13568	28934	30194	30615	23907	15211	29558	28443	28047	13898	22983	27339	26546	13449	28443	13870	28516	17612	13962	27213	13969	13139	12205	28230	23932	20757	26057	28765	31008	21793	12925	13836	29177	14695	11972	12547	19714	24014	12290	17389	18978	28815	29606	30261	13814	13631	12253	13553	24300	24451	12622	27462	13659	29359	13984	15185	14237	11616	11542	35813	36157	35076	36610	24579	24749	38602	36713	25874	40161		
10:06:48	37.0	13433	12884	26421	29459	13755	13607	28745	13911	13226	28100	29382	21555	13894	13276	27088	13454	28332	29661	30007	23599	14987	29056	28171	28135	13758	22766	27271	26197	13183	27999	13764	28293	17462	13865	26652	13696	13138	11887	27796	23766	20395	25966	28480	30723	21366	12648	13768	28786	14571	11929	12498	19477	23627	12179	17063	19009	28684	29228	29649	13656	13580	12075	13461	23919	24067	12376	27254	13633	28997	13799	15017	14037	11592	11396	35731	35898	34805	35988	24322	25017	38248	36602	26030	40181		
10:10:48	37.0	13589	12816	26381	29776	13874	13495	28461	13823	13573	27868	29272	21699	13876	13212	27179	13387	28435	29966	30214	23729	15025	29473	28001	27994	13896	22754	26972	26383	13291	28276	13737	28209	17430	13915	26876	13915	13085	12061	28307	23581	20416	25822	28258	30692	21469	12784	13874	28640	14692	12059	12623	19409	23739	12223	17136	18942	28633	29037	29799	13674	13643	12198	13486	23951	23998	12571	27246	13771	28820	13954	15010	14182	11650	11503	36192	35997	34946	36469	24436	24850	37907	36899	26042	40130		
10:14:48	37.0	13425	12928	26226	29752	13988	13600	28910	13783	13726	28199	29508	21655	13977	13278	27274	13459	28436	29883	30286	23680	15015	29121	28079	27935	13716	22701	27018	26229	13237	28174	13757	28089	17535	13939	26851	13977	13189	11971	27895	23583	20285	25839	28442	30748	21448	12781	13934	28709	14845	12053	12562	19278	23336	12158	17114	18867	28771	29096	29697	13694	13454	12134	13665	23888	24020	12634	27258	13818	29093	13962	14963	14164	11642	11576	36079	36377	34910	36450	24685	24789	38357	36841	25937	40000		
10:18:48	37.0	13424	12763	25917	29628	13779	13700	28647	13825	13276	27844	29481	21290	13919	13236	26869	13384	28474	29463	30023	23169	14946	29058	28276	27715	13790	22599	27139	26005	13142	28023	13695	27914	17297	13811	26759	13943	13237	12020	27742	23349	20162	25866	28285	30747	21359	12793	13655	28934	14648	12002	12506	19509	23229	12118	17087	18824	28500	28691	29543	13654	13614	12175	13662	23663	23720	12518	27042	13676	28903	13867	14882	14016	11648	11410	35699	35950	34697	36398	24405	24954	38181	37001	26136	39880		
10:22:48	37.0	13344	12878	25780	29267	13800	13540	28681	13838	13542	27516	28727	21252	13983	13192	26816	13462	28299	29712	30216	23413	14887	29243	27979	27808	13755	22327	26870	26020	13311	28258	13732	27848	17315	14002	26678	13851	13126	12048	27599	23443	20239	25596	28343	30493	21145	12809	13843	28707	14592	12035	12664	19165	23021	12184	17092	18702	28416	28983	29681	13588	13490	12090	13572	23859	23770	12431	27163	13693	28827	13878	15076	14026	11622	11493	36094	35931	34796	36221	24344	25288	38619	36853	26116	40060		
10:26:48	37.0	13476	12756	25767	29558	13928	13710	28550	13908	13431	27464	28829	21140	13961	13214	26892	13506	28190	29841	30111	23244	14925	28961	27732	27754	13747	22347	26812	25807	13206	27889	13744	27871	17244	14008	26433	13861	13266	12051	27804	23387	19889	25196	28164	30898	21219	12765	13905	28375	14611	12090	12604	19131	23215	12237	17006	18512	28582	28568	29278	13704	13568	12027	13548	23520	23559	12532	27055	13710	28649	13876	15141	14039	11568	11511	35724	36137	34634	36352	24563	24911	38509	36760	25994	39948		
10:30:48	37.0	13472	12889	25762	28956	13742	13695	28462	13888	13697	27552	28634	21204	13818	13108	26867	13545	28153	29654	30096	23166	14958	28976	27666	27479	13905	22216	26732	25835	13345	27782	13749	27727	17343	13933	26374	13879	13321	11998	27730	23174	19949	25582	28059	30550	21118	12688	13914	28664	14577	12119	12496	19039	23198	12254	17130	18717	28378	28528	29519	13677	13769	12282	13616	23421	23669	12518	26988	13724	28671	13969	15032	14081	11572	11596	35932	36071	35245	36774	24722	25065	38610	37369	26234	40027		
10:34:48	37.0	13474	12893	25272	29190	13841	13580	28124	13777	13641	27527	28893	20901	14010	13325	26590	13489	27809	29384	29962	23157	14841	28606	27549	27274	13833	22115	26690	25455	13240	27595	13579	27565	17072	13818	26318	13879	13255	11877	27064	22863	19796	25276	27793	30516	20966	12873	13869	28604	14489	12191	12593	18771	22784	12167	16705	18558	28229	28337	29545	13634	13482	12174	13510	23258	23529	12479	26682	13698	28666	13889	15041	14025	11598	11602	35726	36166	34968	36061	24499	25051	38533	36716	26231	40000		
10:38:48	37.0	13527	12993	25705	29469	14040	13934	28201	14049	13801	27363	28503	21321	14049	13446	26654	13601	28000	30013	30341	22998	14951	28959	27698	27799	13988	22509	26724	25708	13403	27874	13761	27685	17107	14130	26538	13923	13357	12128	27499	23140	19938	25456	27840	30650	21190	12962	13948	28278	14672	12307	12774	18999	22969	12402	17333	18564	28360	28815	29747	13810	13735	12302	13748	23608	23418	12564	26960	13874	28403	14090	14985	14241	11672	11506	36144	36648	35088	36543	24563	25214	38802	37311	26200	40472		
10:42:48	37.0	13685	13088	26013	29163	13957	13906	28555	14083	13869	27792	28887	21150	13998	13415	26671	13742	27982	29637	30312	22985	15091	28685	27753	27958	14021	22386	26654	25649	13372	27866	13908	27743	17316	14119	26405	14041	13425	12188	27203	23180	19787	25330	27827	30678	21243	13008	14084	28607	14611	12329	12683	19118	22995	12421	17196	18803	28509	28576	29662	13827	13647	12221	13883	23409	23358	12725	26921	13958	28637	14026	15019	14166	11783	11645	36443	36462	34963	37025	24726	25218	38948	37474	26377	40388		
10:46:48	37.0	13588	13059	25318	28870	13839	13452	28245	13752	13715	27208	28210	20728	13934	13298	25992	13560	27578	29341	29877	22495	14948	28400	27196	27425	13831	22142	26545	25202	13242	27295	13647	27241	16951	13974	26040	13815	13359	11964	26980	22677	19728	24986	27585	30400	20779	12811	13766	27906	14568	12123	12614	18907	22630	12209	17159	18329	28068	28357	29177	13672	13494	12104	13724	23171	23108	12489	26763	13755	28153	13820	14882	14110	11757	11424	35854	36375	34892	36596	24827	24999	38669	37332	26020	40123		
10:50:48	37.0	13662	12987	25126	28992	13811	13671	28437	13861	13646	26956	28293	20995	14074	13292	26186	13623	27706	29302	29988	22666	14798	28454	27218	27455	13860	21874	26458	25330	13353	27698	13826	27236	17111	14026	25800	13781	13427	12082	26877	22886	19529	24850	27534	30224	20958	12805	14017	28312	14426	12244	12689	18868	22849	12285	17191	18200	27897	28452	29510	13825	13591	12285	13684	23079	23004	12600	26683	13838	28350	14009	14979	14189	11825	11681	35971	35979	35026	36584	24776	25085	39364	37477	26083	40021		
10:54:48	37.0	13501	12844	24820	28544	13751	13532	27745	13899	13472	26997	27667	20675	13950	13217	26051	13543	27148	29128	29416	22401	14684	28253	26934	26994	13886	21927	26042	25135	13229	27334	13536	26776	16827	14057	25964	13855	13283	11973	26800	22664	19295	24746	27542	30086	20619	12775	14065	28034	14446	12164	12581	18631	22481	12319	16848	18041	27963	28163	28938	13732	13581	11988	13677	22997	22854	12457	26720	13737	28002	13860	14830	14094	11739	11517	36019	36339	34800	36406	24712	24763	38936	37537	26041	40091		
10:58:48	37.0	13618	12880	25063	28801	13890	13772	28195	13814	13681	27096	27825	20676	14033	13269	26041	13449	27747	29286	29867	22541	14825	28222	27374	27124	13947	21995	25996	25539	13375	27410	13642	27111	16845	14098	25787	13946	13278	12034	26766	22714	19546	24616	27278	30280	20835	12977	13946	27822	14328	12407	12577	18685	22543	12218	17033	18027	27801	27921	28875	13734	13693	12172	13584	22972	23050	12549	26710	13863	28162	13753	14910	14249	11700	11566	35782	36196	35038	36667	24609	25144	39076	37834	26235	40451		
11:02:48	37.0	13680	12902	25022	28684	13950	13766	28148	13951	13747	26734	27891	20645	14003	13388	26119	13489	27414	28924	29681	22646	14770	27938	27310	27015	13892	21687	26060	25101	13417	27291	13619	27204	16759	14021	25818	13878	13515	12186	26715	22596	19209	24852	27430	29889	20443	12851	13910	27886	14355	12377	12802	18569	22480	12293	17053	18336	27892	28236	28994	13756	13640	12219	13645	22850	22940	12564	26350	14107	28128	13900	14907	14128	11790	11695	35866	36229	35262	36583	24715	25097	39241	37150	26331	40336		
11:06:48	37.0	13726	12970	25139	28435	13951	13856	28107	14084	13906	26809	28107	20675	14037	13455	26172	13516	27557	29135	30058	22537	14827	28470	27175	27136	14102	21992	25958	25204	13464	27186	13597	26986	17065	14156	25843	13949	13421	12271	26619	22636	19480	24846	27600	30370	20677	12876	14106	27848	14521	12393	12732	18517	22487	12476	17188	18422	27892	27989	28954	13786	13698	12247	13883	22877	23040	12506	26568	13899	28307	14086	15109	14186	11696	11614	36606	36687	35070	36821	24758	25373	39679	37862	26389	40704		
11:10:48	37.0	13593	12843	24464	28560	13526	13637	27318	13888	13599	26687	27530	20302	13842	13311	25768	13585	27116	28812	29318	22042	14683	27629	26514	26916	13787	21574	25614	25040	13205	26940	13450	26440	16653	14041	25608	13946	13132	11991	26093	22174	19070	24371	27244	29511	20168	12854	13823	27622	14366	12266	12648	18358	21928	12220	16899	17963	27690	27493	28631	13693	13630	12162	13577	22555	22527	12467	26129	13745	27858	13691	14694	13975	11581	11571	35660	35974	34561	36382	24718	24989	39136	37326	26175	40031		
11:14:48	37.0	13581	13000	24812	28320	13936	13915	27797	14003	13883	26504	27763	20628	14068	13487	25804	13520	27091	29069	29766	22298	14721	27931	26734	27032	14021	21603	25652	25185	13442	27118	13532	26826	16841	13988	25507	13917	13353	12044	26426	22127	19375	24668	27286	29606	20172	12991	14034	27605	14342	12465	12736	18356	22193	12353	17016	18057	27859	27712	28591	13865	13726	12256	13886	22927	22583	12591	26339	13966	28128	13919	14984	14082	11870	11690	36053	36707	35180	36545	24610	25144	39559	37371	26122	40673		
11:18:48	37.0	13638	12956	24517	28048	13784	13681	27845	14015	13820	26323	27552	20372	14099	13334	25591	13541	27121	28644	29442	22138	14616	28081	26548	26804	13963	21405	25491	24774	13307	26931	13686	26644	16596	13999	25379	13863	13358	11939	26105	22280	19067	24483	26899	29481	20367	12978	14012	27600	14375	12203	12593	18316	22109	12291	16935	17981	27625	27496	28689	13843	13664	12151	13784	22431	22543	12498	26242	13880	27650	13733	14729	14116	11808	11622	35998	36469	34780	36579	24824	25371	39271	37429	25754	40263		
11:22:48	37.0	13679	12775	24288	27938	13725	13805	27199	14000	13763	26113	27301	20186	13978	13188	25443	13515	26446	28297	29258	21741	14486	27611	26403	26735	13826	21158	25513	24616	13236	26788	13363	26284	16616	14000	25052	13845	13292	12029	26081	22165	19065	24216	27005	29297	20276	12823	14088	27188	14378	12374	12660	18256	22020	12204	16866	17902	27441	27269	28332	13858	13648	12155	13541	22369	22332	12502	26006	13763	27166	13694	14813	14079	11733	11570	35954	36356	34923	36390	24708	25133	38932	37476	26050	40308		
11:26:48	37.0	13649	12753	24173	27758	13786	13812	27213	13906	13593	25888	27330	19959	13813	13218	25176	13493	26525	28333	28991	21463	14431	27380	26054	26134	13813	21127	25273	24533	13250	26164	13410	26028	16450	13942	25219	13727	13141	11851	25618	22042	18981	23872	26510	29134	19816	12822	13800	27199	14150	12230	12560	18130	21822	12134	16681	17556	27119	27289	28209	13667	13451	12113	13684	21938	22040	12366	25662	13716	27191	13544	14834	13892	11614	11534	35675	35899	34487	36209	24458	24898	38701	36831	25893	39655		
11:30:48	37.0	13553	12914	24296	27863	13829	13441	27141	13857	13530	25955	26919	19845	14014	13206	25027	13468	26387	28334	28786	21760	14560	27488	26197	26374	13841	20987	25260	24460	13151	26410	13479	26104	16427	13915	24973	13727	13220	11930	25471	21682	19018	23964	26588	29109	19894	12836	13993	26931	14112	12256	12577	17948	21576	12228	16596	17549	27161	26936	28088	13508	13605	12091	13531	22268	22191	12402	25982	13642	27074	13766	14657	13884	11637	11596	35402	35756	34689	36187	24559	25019	38738	37232	25799	39864		
11:34:48	37.0	13650	12769	24132	27532	13687	13566	26918	13883	13461	25892	27146	19776	13884	13158	24955	13486	26458	28045	29091	21361	14476	27199	26113	26456	13822	21171	25142	24378	13134	26225	13388	26036	16539	13787	24942	13722	13121	11941	25314	21893	18786	23802	26489	29128	19944	12919	13859	27018	14269	12292	12572	17978	21491	12211	16652	17682	27093	26924	28042	13652	13387	12089	13604	22077	22085	12469	25663	13758	27577	13752	14803	13957	11694	11507	35936	35756	34874	36300	24558	25214	39134	37669	25971	39876		
11:38:48	37.0	13457	12757	24028	27203	13814	13595	27068	13784	13513	25650	27015	19872	13851	13205	24914	13337	26350	28230	28660	21563	14459	27320	26102	26194	13837	20935	25083	24332	13072	26422	13325	25860	16416	13873	24545	13778	13181	12030	25600	21801	18699	23737	26130	29001	19938	12744	13739	26971	14180	12181	12472	17900	21201	12110	16466	17638	26909	26747	27930	13663	13531	12060	13555	22111	21836	12270	25912	13743	27016	13664	14627	13946	11630	11519	35503	36047	34826	36422	24399	24833	38913	37452	26228	39970		
11:42:48	37.0	13643	12861	24209	27619	13811	13726	27272	13896	13640	25924	27090	20032	13895	13279	25054	13543	26363	28094	28917	21756	14531	27050	26102	26305	13864	21105	25249	24437	13174	26334	13420	25946	16474	13870	25029	13850	13273	11969	25375	21797	18900	23873	26299	29457	19862	12888	14048	27156	14192	12284	12582	17844	21530	12270	16681	17695	27200	26909	28122	13745	13539	12176	13695	22037	21952	12453	25815	13770	27216	13822	14807	13997	11761	11643	35741	36353	35252	36466	24787	25164	39226	37572	25990	40448		
11:46:48	37.0	13554	12593	23597	27610	13652	13567	26947	13861	13750	25748	26617	19730	13836	13263	24901	13432	26288	28046	28803	21518	14437	27207	26074	26037	13869	20900	25111	23844	13069	25876	13364	25888	16307	13904	24726	13664	13159	11893	25122	21561	18830	23632	26259	28592	19669	12779	13785	27019	14071	12294	12368	17891	21425	12339	16266	17538	27073	26622	27801	13689	13574	12033	13607	21636	21910	12522	25436	13664	26862	13532	14622	13840	11691	11393	36028	35688	34829	36470	24576	24804	38918	37314	26032	40197		
11:50:48	37.0	13741	12848	24287	27654	13889	13855	26949	14035	13758	25737	26872	20104	14099	13245	25016	13773	26504	28293	29007	21472	14479	27157	26158	26462	14135	21035	25182	24545	13201	26244	13463	26043	16510	13874	25107	13807	13296	12204	25723	21932	18738	23817	26503	28980	19849	12889	14035	26908	14216	12239	12755	18012	21527	12358	16437	17592	27408	27094	28278	13799	13574	12216	13728	22078	21914	12463	25892	14048	27168	13845	14802	14051	11759	11652	35964	36497	35218	36490	24716	25171	38858	37680	26291	40495		
11:54:48	37.0	13735	12917	23956	27318	13762	13807	27415	14137	13837	25900	26947	19907	14049	13284	25034	13578	26291	28303	29003	21742	14623	27254	26270	26487	13878	20881	25050	24396	13272	26225	13470	25881	16419	13921	25119	13842	13342	12049	25302	21931	18822	23468	26591	28975	19993	12898	14101	27141	14227	12391	12536	17990	21575	12333	16386	17563	27149	26998	28047	13734	13605	12309	13789	21851	22034	12631	25876	13915	27078	13796	14821	14021	11776	11599	35687	36724	35407	36648	24659	25259	38720	37655	26010	40642		
11:58:48	37.0	13561	12685	23793	27363	13713	13629	26701	13905	13686	25492	26374	19586	13824	13321	24690	13561	25952	27619	28759	21286	14442	26893	25773	25968	13835	20794	24599	23994	13183	26041	13378	25743	16320	13936	24591	13671	13240	11941	25205	21400	18676	23532	25898	28773	19482	12829	13802	26428	14111	12348	12530	17612	21163	12302	15957	17286	26972	26511	27614	13591	13536	12048	13611	21522	21765	12452	25269	13721	26626	13636	14687	13732	11722	11528	36017	36047	34915	36279	24570	24852	38736	37172	26065	39986		
12:02:48	37.0	13677	12852	23816	27383	13778	13710	26500	13839	13829	25517	26668	19630	14028	13369	24769	13600	25868	27887	28689	21203	14457	26931	25773	26018	13722	20929	24663	24121	13161	25948	13325	25714	16245	13869	24980	13810	13305	11944	25180	21536	18477	23429	26078	28682	19824	12889	14055	26709	14176	12279	12586	17892	21534	12361	16058	17427	27058	26479	27870	13691	13582	12161	13697	21684	21766	12532	25452	13830	27128	13854	14750	14035	11808	11613	36018	36073	35125	36568	24832	25029	39294	37456	26214	39919		
12:06:48	37.0	13617	12811	23519	27083	13728	13624	26655	13885	13738	25383	26525	19548	13938	13316	24442	13467	26132	27385	28499	21324	14371	26741	25497	25975	13821	20658	24659	23958	13083	25862	13259	25545	16147	13865	24755	13697	13169	12012	24796	21448	18416	23425	25793	28262	19695	12831	13858	26453	14065	12322	12651	17558	21258	12340	15946	17289	27051	26380	27674	13569	13538	12114	13710	21435	21454	12446	25340	13576	26942	13599	14634	13842	11662	11555	35542	35992	35097	36179	24707	25016	39408	37242	25868	40022		
12:10:48	37.0	13511	12727	23626	27064	13869	13721	26540	14023	13526	25437	26609	19537	14018	13221	24738	13484	26096	27759	28266	21244	14434	26719	25618	26000	13882	20712	24770	23870	13108	26022	13396	25608	16316	14012	24698	13696	13208	12082	25008	21408	18525	23496	26100	28360	19584	12817	13881	26489	14158	12352	12473	17789	21184	12235	15926	17249	26755	26596	27614	13761	13606	12010	13628	21733	21662	12536	25420	13873	26662	13724	14539	13871	11691	11615	36033	36257	34972	36562	24557	24934	39018	37465	26074	40421		
12:14:48	37.0	13693	12918	23505	27016	13952	13677	26899	13896	13767	25048	26431	19883	13918	13238	24369	13556	25923	27765	28587	21464	14496	26907	25730	25911	13930	20903	24821	23921	13024	25843	13407	25680	16248	13917	24499	13858	13371	11990	24936	21264	18493	23354	25974	28361	19794	12957	14083	26640	14127	12336	12545	17669	21212	12331	15893	17033	26696	26261	27705	13741	13507	12198	13645	21527	21575	12518	25619	13862	26542	13803	14713	13963	11745	11516	36223	36460	34945	36471	24660	25410	39104	37655	26204	40231		
12:18:48	37.0	13547	12813	23315	26828	13600	13584	26572	13849	13783	25041	26368	19268	13949	13200	24323	13515	25698	27315	28292	20988	14445	26582	25545	25787	13775	20370	24503	23806	13118	25696	13358	25313	16203	13756	24297	13700	13196	11967	24672	21421	18342	23146	25682	28214	19492	12825	13991	26188	14070	12191	12704	17398	21239	12283	15314	17160	26795	26223	27495	13702	13524	11981	13683	21486	21621	12504	25268	13700	26373	13681	14562	13949	11671	11509	36109	36000	34899	36536	24626	24964	38888	37446	26155	40224		
12:22:48	37.0	13618	12671	23450	26551	13627	13589	26313	13815	13738	25205	26051	19364	13953	13143	24327	13427	25448	27720	28458	20825	14357	26387	25280	25608	13756	20303	24314	23996	13066	25250	13122	25382	16013	13709	24345	13702	13149	11882	24592	21206	18244	23032	25768	27848	19469	12777	13913	26209	13934	12313	12639	17423	20999	12272	15504	17072	26403	26161	27165	13702	13519	12028	13753	21093	21139	12482	25122	13723	26287	13569	14554	13868	11621	11408	35790	36169	34772	36512	24590	24937	39023	37237	26134	39981		
12:26:48	37.0	13596	12786	23195	26720	13793	13635	26223	13799	13509	24941	25947	19242	13872	13223	24241	13533	25381	27637	27784	20786	14337	26495	25217	25541	13822	20485	24320	23470	12939	25451	13219	25245	16013	13727	24118	13774	13187	11722	24493	20983	18048	22939	25651	28044	19326	12860	14002	25951	14141	12180	12725	17369	20641	12125	15327	16981	26534	25925	27289	13600	13613	12063	13728	21347	21546	12317	25120	13607	26120	13636	14669	13885	11726	11558	35641	36003	35097	36145	24462	25123	39146	37257	26063	40121		
12:30:48	37.0	13594	12728	23156	26629	13778	13664	26215	13859	13717	24972	25980	19650	13974	13194	24312	13600	25506	27366	28229	21090	14421	26200	25417	25651	13906	20312	24090	23780	12989	25446	13411	25366	16168	13890	24245	13755	13250	12016	24346	21201	18194	23093	25554	28108	19306	13026	14045	26188	14246	12136	12752	17539	20865	12263	15191	16979	26294	25952	27172	13601	13465	12218	13788	21159	21147	12434	25160	13824	26336	13758	14650	13953	11751	11625	36208	36301	35277	36772	24749	24926	39318	37578	26214	40467		
12:34:48	37.0	13473	12661	22976	26390	13673	13560	25838	13805	13599	24494	25839	19103	13782	13148	24115	13498	25103	26939	27469	20609	14224	26102	25152	25152	13658	20190	24241	23332	13039	25157	13248	24928	15911	13859	23634	13615	13076	11872	24198	20827	17943	22726	24957	27724	19233	12656	13822	26042	13903	12145	12533	17173	20684	12185	14845	16909	26097	25580	27106	13634	13348	11997	13593	21172	21068	12368	24613	13514	25972	13625	14431	13875	11627	11459	35644	35726	34577	36306	24216	24893	38653	36826	25928	40096		
12:38:48	37.0	13776	12830	22945	26494	13788	13844	25976	13966	13634	24845	26157	19450	14023	13415	23853	13575	25315	27278	27926	20883	14310	26346	25309	25687	13875	20402	24319	23564	13044	25418	13386	25104	16061	13882	24175	13746	13265	11956	24274	20892	18140	22783	25262	27869	19206	12951	13793	25964	14148	12272	12773	17157	20768	12364	14998	17034	26153	25661	27176	13705	13658	12190	13723	21173	21148	12458	24894	13756	26075	13680	14604	13885	11758	11745	35706	36375	34711	36502	24802	25180	38997	37211	26188	40361		
12:42:48	37.0	13549	12794	23006	26502	13774	13792	25952	13881	13493	24616	25822	19295	14015	13393	23930	13455	25142	26945	27955	20756	14437	26265	25002	25499	13911	20025	24268	23357	13077	24911	13340	24967	16073	13834	24019	13621	13232	11864	24178	20957	18127	22640	25148	27663	19045	12843	13966	25784	14167	12287	12629	17115	20464	12289	14932	16683	26377	25516	27031	13588	13515	12143	13702	21095	20911	12426	24472	13591	26060	13686	14567	13942	11657	11539	36103	36372	35195	36507	24680	25022	39100	37765	26132	40405		
12:46:48	37.0	13813	12786	23057	26305	13853	13777	25869	13926	13739	24763	25849	18985	14110	13271	23841	13683	25180	27486	27630	20519	14386	26143	25253	25478	13975	20310	23966	23481	13335	25099	13367	25089	16076	13819	24063	13776	13274	12039	24139	20781	18062	22869	25533	27762	19187	12984	14067	25923	14087	12295	12718	17200	20715	12294	14909	17132	26410	25777	27096	13566	13588	12196	13829	21068	21002	12456	24866	13805	26072	13692	14656	13943	11771	11719	36339	36355	35416	37014	24716	25225	39310	37773	26313	40692		
12:50:48	37.0	13578	12659	22549	25951	13599	13590	25420	13928	13664	24098	25209	18976	13925	13220	23569	13341	24833	26841	27366	20326	14232	25578	24566	25138	13634	19762	23699	22986	12979	24704	13176	24314	15899	13841	23570	13444	13036	11827	23715	20550	17639	22266	24856	27052	18812	12713	13776	25184	13607	12068	12567	16899	20422	12222	14588	16730	25739	25191	26582	13429	13414	11906	13767	20854	20694	12352	24473	13631	25519	13421	14410	13846	11593	11450	35726	36032	34939	36342	24340	24862	38677	37040	25923	39913		
12:54:48	37.0	13598	12760	22675	25929	13594	13626	25428	13783	13606	23873	25365	18783	13858	13289	23596	13542	24872	26600	27141	20231	14297	25849	24423	24643	13674	19683	23702	23094	12961	24647	13115	24565	15697	13673	23537	13549	13001	11859	23653	20318	17541	22230	24667	26931	18884	12784	13823	25356	13921	12260	12626	16878	20006	12174	14348	16741	25819	25257	26653	13595	13503	12069	13766	20582	20613	12307	24424	13606	25280	13508	14499	13820	11702	11525	35624	36067	34615	36440	24552	24834	38798	37177	26197	39896		
12:58:48	37.0	13561	12753	22696	25630	13692	13716	25458	13977	13704	24187	25490	18902	14121	13161	23380	13486	24938	26677	27399	20146	14198	25665	24635	24808	13826	19829	23665	23080	13047	24670	13187	24573	15716	13673	23678	13721	13195	11855	23396	20583	17611	22367	24818	27245	18870	12863	13984	25257	13905	12246	12656	16729	20267	12330	14435	16754	25859	25251	26667	13758	13497	12192	13771	20659	20696	12451	24493	13784	25663	13575	14339	13865	11597	11573	36084	36073	34846	36482	24576	24988	38992	37237	26193	40032		
13:02:48	37.0	13529	12644	22491	25507	13660	13658	25255	13945	13786	23947	25338	18904	13922	13291	23430	13454	24447	26747	27122	20016	14204	25529	24442	24990	13707	19759	23467	22956	12933	24390	13061	24503	15713	13733	23296	13689	13019	11957	23469	20402	17645	22074	24493	27107	18794	12858	14001	25368	13847	12163	12649	16954	20210	12288	14290	16617	25813	25080	26480	13611	13341	12167	13709	20508	20608	12349	24248	13429	25544	13628	14451	13746	11624	11490	35830	35697	34648	36205	24492	24820	38973	37367	26006	40073		
13:06:48	37.0	13499	12570	22023	25351	13440	13412	24967	13827	13728	23785	24884	18691	13888	13147	23007	13400	24277	26174	26866	20033	14162	25208	24159	24764	13623	19430	23204	22696	13008	24186	13065	24332	15539	13636	22998	13491	13026	11875	23296	20029	17397	21690	24119	26798	18481	12794	13676	24997	13886	12076	12524	16673	19962	12155	14063	16567	25498	24805	26271	13452	13286	11999	13573	20065	20411	12382	23927	13343	25409	13452	14413	13641	11450	11516	35171	35530	34385	35728	24436	24476	38538	37218	26094	39436		
13:10:48	37.0	13566	12739	22458	25617	13765	13615	25132	13881	13823	23821	24957	18741	14056	13320	23176	13610	24875	26464	27167	20023	14319	25563	24436	24674	13704	19660	23591	22793	13036	24627	13035	24078	15670	13889	23455	13544	13006	11905	23190	20478	17608	21991	24630	26949	18744	12986	14038	25211	13992	12238	12606	16637	20158	12473	14227	16751	25685	25067	26042	13634	13496	12228	13721	20321	20570	12587	24279	13626	25254	13574	14395	13776	11840	11643	36000	36189	35002	36579	24717	25067	39180	37918	26113	40184		
13:14:48	37.0	13582	12853	22292	25677	13724	13623	24950	13833	13831	23861	25122	18873	14115	13379	23310	13498	24537	26338	26813	19985	14208	25345	24363	24577	13801	19507	23477	22758	12984	24517	13277	24256	15604	13796	23014	13653	13175	11974	23026	20155	17392	21768	24338	26982	18550	12948	13967	25126	13818	12099	12638	16728	19904	12344	14172	17073	25652	24710	26323	13501	13442	12100	13897	20456	20454	12397	24195	13647	25287	13512	14532	13868	11637	11627	35683	36236	35318	36280	24706	25107	39257	37791	26176	40060		
13:18:48	37.0	13654	12746	22278	25138	13569	13718	24881	14013	13808	23555	24762	18598	14036	13288	22878	13555	24245	26122	26606	19894	14283	25172	24217	24570	13747	19289	23384	22613	12864	24418	13111	24094	15637	13703	23130	13526	13038	11965	22978	20055	17328	21766	24233	26784	18679	12930	13916	24964	13834	12283	12758	16588	19714	12327	14053	16873	25307	24572	26201	13560	13495	12056	13640	19972	20026	12564	23923	13476	25296	13586	14383	13694	11617	11662	35879	35720	34724	36528	24750	24780	39145	37721	25876	39761		
13:22:48	37.0	13527	12736	22074	24957	13497	13723	24725	13961	13710	23712	24754	18673	14050	13502	22877	13489	24073	26018	26830	19731	14115	25013	24171	24542	13619	19305	23154	22616	12901	24023	13045	24026	15571	13733	22953	13565	13004	11844	23124	20163	17270	21640	24289	26904	18640	12919	13953	24785	13701	12145	12717	16430	19738	12272	14022	16693	25477	24735	26147	13492	13415	12060	13829	20187	20108	12551	24013	13589	25085	13526	14357	13650	11737	11547	35856	35886	35057	36570	24647	25203	38893	37271	26197	39592		
13:26:48	37.0	13726	12826	22183	25132	13782	13708	24929	14061	13914	23688	24814	18631	13983	13285	22892	13562	24145	25972	26625	19912	14231	25006	24123	24562	13731	19219	23125	22599	13000	23962	13234	23899	15589	13628	23131	13707	13052	11819	22921	20027	17207	21669	24108	26740	18510	12882	14009	24798	13721	12200	12671	16457	19714	12252	13998	16857	25325	24303	26056	13555	13361	12098	13821	20178	20152	12550	23844	13682	25040	13513	14395	13808	11753	11717	35826	36191	34763	36250	24622	25360	39389	37549	26218	40107		
13:30:48	37.0	13449	12747	21459	25147	13631	13711	24586	13767	13649	23326	24483	18567	13984	13228	22705	13432	23933	25577	26310	19542	14184	24882	23959	24116	13629	19108	22628	22356	12878	23958	13269	23886	15392	13821	22852	13582	12962	11768	22741	19890	16980	21438	23919	26356	18206	12802	13939	24654	13705	12097	12532	16445	19712	12266	13929	16876	24965	24319	25740	13590	13327	12050	13642	19808	19758	12459	23726	13480	24976	13501	14524	13636	11657	11550	35781	35978	34601	36220	24764	25033	38975	37249	26216	39914		
13:34:48	37.0	13702	12896	21775	24990	13512	13672	24564	13978	13942	23413	24678	18589	14133	13269	22567	13577	24073	25896	26403	19577	14095	24731	24032	24405	13731	19149	23079	22497	12894	23734	13187	23356	15450	13733	22775	13571	13017	12026	22761	19823	17111	21460	24217	26372	18345	12937	13886	24639	13853	12174	12568	16361	19734	12361	13776	16996	25237	24569	25931	13615	13467	12205	13855	20042	19993	12445	23892	13560	25118	13605	14474	13707	11781	11573	35974	36287	35045	36476	24834	25202	39548	37464	26030	39806		
13:38:48	37.0	13720	12832	21708	25031	13581	13741	24574	14048	13742	23389	24562	18550	13990	13437	22715	13620	23977	26086	26630	19528	14144	24834	23878	24161	13712	19274	23015	22434	12972	23841	13298	23456	15414	13849	22985	13576	13086	12032	22658	19793	17073	21373	24012	26473	18435	12887	13992	24467	13883	12349	12807	16293	19497	12383	13882	17058	25505	24206	25961	13682	13425	12199	13857	19938	20149	12514	23763	13653	24938	13565	14529	13806	11898	11618	36047	36011	34870	36340	24736	25330	39206	38215	26100	39817		
13:42:48	37.0	13847	12873	21692	25023	13656	13876	24764	14263	13923	23229	24931	18591	14140	13542	22658	13680	23828	25992	26486	19730	14228	24986	24281	24408	13829	19215	22853	22516	13032	23907	13296	23977	15627	13842	22909	13780	13179	11954	22742	19866	17270	21659	24013	26557	18543	12986	14146	24804	13909	12383	12751	16533	19560	12501	13849	17299	25292	24578	26143	13734	13746	12257	13863	19903	20159	12655	23921	13567	24897	13617	14731	13950	11779	11695	36359	36485	35219	37034	25018	25328	39430	37934	26256	40273		
13:46:48	37.0	13821	12737	21740	24957	13577	13748	24378	14001	13841	23025	24237	18377	14249	13403	22544	13574	23608	25779	26104	19338	14190	24875	23625	23840	13781	19011	22748	22165	13112	23728	13200	23695	15489	13759	22783	13593	13087	11936	22788	19687	16884	21174	23725	26401	18293	13035	14030	24615	13613	12209	12641	16153	19692	12276	13633	17145	25046	24224	25921	13536	13485	12381	13894	19775	19891	12401	23508	13386	24818	13587	14421	13722	11799	11742	36024	36171	35060	36508	24732	25132	39161	37789	26224	39979		
13:50:48	37.0	13686	12742	21490	24719	13655	13840	24644	14095	14071	22909	24532	18452	14033	13291	22495	13730	23745	25502	26062	19370	14184	24742	23621	24055	13767	19107	22882	22445	12975	23636	13201	23462	15393	13823	22493	13711	13181	12025	22519	19723	16963	21441	23459	26383	18143	12944	13973	24482	13909	12196	12777	16235	19484	12314	13902	17156	24806	24023	25641	13711	13547	12201	13774	19848	19723	12535	23739	13677	24484	13534	14408	13864	11786	11584	35908	36354	35175	36541	25083	25173	39297	37815	26438	40234		
13:54:48	37.0	13833	12745	21645	24719	13722	13923	24237	14156	13991	23088	24402	18278	13966	13481	22648	13530	23787	25854	26170	19383	14305	24640	23724	23821	13973	19018	22688	22230	12965	23724	13307	23906	15491	13680	22538	13818	13059	12011	22258	19658	17098	21553	23636	26166	18376	13016	13955	24544	13775	12286	12720	16269	19454	12445	13716	17299	24903	24219	25595	13609	13471	12198	13871	19788	19805	12580	23650	13652	24860	13642	14509	13843	11829	11659	35723	36513	35329	36453	24796	25370	39524	37686	26441	40405		
13:58:48	37.0	13732	12789	21161	24564	13559	13779	24147	14070	13672	22869	23890	17991	13903	13442	22049	13635	23542	25549	26025	19203	14137	24444	23361	23852	13465	18875	22535	22049	13008	23483	13306	23292	15376	13634	22212	13578	12942	11934	22183	19240	16919	21046	23392	26128	18075	12797	13925	24158	13873	12107	12647	16250	19575	12301	13533	17126	24403	23979	25563	13664	13433	12124	13865	19568	19514	12509	23329	13394	24225	13431	14480	13751	11744	11551	35769	35887	34863	36768	24712	25161	39291	37570	26323	40080		
14:02:48	37.0	13800	12660	21621	24522	13600	13864	24068	14002	13870	22956	24177	18245	14139	13317	22219	13702	23508	25320	25543	19216	14225	24359	23643	23700	13738	18869	22446	21834	12980	23286	13237	22926	15510	13675	22238	13648	13066	12015	22423	19421	16809	21070	23398	25732	18290	12948	14004	24180	13707	12327	12785	15857	19320	12274	13686	16999	24765	24026	25361	13598	13562	12129	13927	19619	19630	12498	23408	13588	24486	13514	14551	13689	11695	11529	35750	35848	34728	36388	24713	25044	39143	37976	26434	39974		
14:06:48	37.0	13717	12771	21288	24344	13742	13760	23828	14035	14043	22602	23794	18026	13950	13286	22248	13606	23454	25345	25883	19169	14237	24270	23286	23514	13687	18774	22471	21870	13130	23431	13225	23058	15363	13623	22501	13602	13010	11989	22180	19332	16647	20923	23268	25838	18165	13007	14110	24104	13855	12156	12656	16046	19250	12493	13534	17038	24766	23692	25436	13709	13449	12156	13942	19530	19355	12542	23304	13368	24342	13569	14453	13764	11820	11681	35736	36354	34819	36602	24702	24964	39192	38178	26162	40345		
14:10:48	37.0	13363	12733	20964	24327	13496	13688	23838	13925	13675	22443	23830	17959	13981	13321	21963	13433	23322	25032	25533	18830	14107	24100	23026	23323	13648	18742	22220	21663	12958	22932	13049	22892	15321	13680	22376	13657	12858	11915	21721	19205	16570	20711	23115	25806	18103	12789	13988	23896	13707	12132	12611	15794	19145	12408	13546	16866	24387	23643	25182	13463	13389	12085	13908	19319	19395	12414	22996	13475	24132	13517	14215	13633	11748	11560	35359	35668	35197	36305	24727	25226	39153	37464	25863	39803		
14:14:48	37.0	13622	12637	21084	23965	13470	13724	23851	14021	13803	22301	23567	17896	13974	13367	21800	13554	23042	25186	25412	19174	14078	24040	22986	23518	13475	18571	22088	21508	12972	23101	13063	22945	15319	13533	22009	13496	13037	11855	21710	19076	16477	20905	22918	25589	17880	12873	13890	23944	13549	12179	12578	15911	19113	12377	13408	16894	24289	23376	24998	13592	13344	11994	13836	19326	19407	12475	22953	13461	23972	13397	14378	13711	11676	11498	35647	35900	34623	36231	24395	24861	39134	37187	26198	39654		
14:18:48	37.0	13590	12674	20997	23794	13480	13647	23660	13868	13877	22152	23630	17866	13951	13258	21939	13439	22982	24852	25390	18776	14241	23846	22966	23321	13439	18519	22098	21681	12980	22915	13111	22955	15208	13551	22112	13391	12989	11772	21879	18932	16585	20679	23007	25660	18021	12829	13891	23820	13543	12117	12610	15677	18898	12345	13462	16728	24055	23427	25201	13606	13240	11886	13744	19335	19325	12326	22966	13507	23919	13501	14322	13653	11709	11478	35648	35919	34487	36469	24408	24993	38836	37588	25843	40084		
14:22:48	37.0	13750	12741	20933	24295	13593	13840	23765	13973	13571	22332	23791	17875	13971	13365	21831	13727	23135	25076	25525	19012	14171	24094	23133	23269	13612	18756	22235	21779	13027	22867	13157	22891	15231	13661	22259	13615	12981	11993	21775	19102	16445	20712	23249	25536	18083	12925	14088	23888	13658	12246	12741	15720	19214	12256	13434	16899	24414	23522	25114	13702	13426	12087	13810	19212	19257	12441	23180	13469	24279	13445	14484	13740	11840	11636	35957	36599	35220	36523	24705	25142	39252	37608	26385	39842		
14:26:48	37.0	13788	12687	20863	24012	13598	13689	23829	13957	13901	22281	23579	18041	14040	13295	21668	13516	22881	24908	25196	18831	14102	24049	23009	23378	13539	18413	22014	21623	12977	22958	13220	22968	15180	13570	22014	13602	12881	11904	21767	19073	16438	20457	22871	25483	18060	12886	13963	23896	13538	12190	12589	15779	18960	12427	13448	16557	24187	23693	24889	13621	13485	12053	13820	19280	19295	12388	23122	13347	24134	13529	14378	13633	11734	11717	35988	36128	34930	36518	24777	24934	38996	37626	26364	40346		
14:30:48	37.0	13810	12831	21199	23900	13615	13868	24006	14182	14038	22307	23821	18171	14175	13529	22042	13631	23262	25209	25435	19007	14339	24338	23214	23460	13714	18790	22111	21681	13192	23247	13332	23112	15373	13660	22359	13742	13120	12125	21853	19266	16729	20631	23151	25895	18161	12997	13937	23907	13750	12252	12899	15896	19080	12515	13710	16846	24385	23555	25170	13769	13567	12162	14015	19511	19422	12550	22983	13463	24026	13570	14424	13695	11832	11739	36162	36778	35181	36503	25065	25497	39633	38147	26402	40506		
14:34:48	37.0	13892	12756	20831	23798	13582	13855	23726	14138	13898	22401	23697	18063	14349	13439	21859	13706	22963	25170	25617	18931	14234	24083	23118	23264	13537	18438	22039	21615	13071	23005	13206	22891	15286	13714	22179	13629	12955	11931	21644	19122	16570	20668	23113	25535	17917	12942	14139	23760	13664	12192	12653	15806	18903	12423	13330	16778	24183	23248	25095	13644	13448	12203	14074	19356	19384	12520	23093	13524	24229	13599	14334	13584	11933	11649	35913	36452	35093	36391	24805	25123	39223	38208	26530	40175		
0:00:00																																																																																							
0:00:00																																																																																							
0:00:00																																																																																							
0:00:00																																																																																							
0:00:00																																																																																							
0:00:00																																																																																							
0:00:00																																																																																							
0:00:00																																																																																							
0:00:00																																																																																							
0:00:00																																																																																							
0:00:00																																																																																							
0:00:00																																																																																							
0:00:00																																																																																							
0:00:00																																																																																							
0:00:00																																																																																							
0:00:00																																																																																							
0:00:00																																																																																							
0:00:00																																																																																							
0:00:00																																																																																							
0:00:00																																																																																							
0:00:00																																																																																							
0:00:00																																																																																							
0:00:00																																																																																							
0:00:00																																																																																							
0:00:00																																																																																							
0:00:00																																																																																							
0:00:00																																																																																							
0:00:00																																																																																							
0:00:00																																																																																							
0:00:00																																																																																							
0:00:00																																																																																							
0:00:00																																																																																							
0:00:00																																																																																							
0:00:00																																																																																							
0:00:00																																																																																							
0:00:00																																																																																							
0:00:00																																																																																							
0:00:00																																																																																							
0:00:00																																																																																							
0:00:00																																																																																							
0:00:00																																																																																							
0:00:00																																																																																							
0:00:00																																																																																							
0:00:00																																																																																							
0:00:00																																																																																							
0:00:00																																																																																							
0:00:00																																																																																							
0:00:00																																																																																							
0:00:00																																																																																							
0:00:00																																																																																							
0:00:00																																																																																							
0:00:00																																																																																							
0:00:00																																																																																							
0:00:00																																																																																							
0:00:00																																																																																							
0:00:00																																																																																							
0:00:00																																																																																							
0:00:00																																																																																							
0:00:00																																																																																							
0:00:00																																																																																							
0:00:00																																																																																							
0:00:00																																																																																							
0:00:00																																																																																							
0:00:00																																																																																							
0:00:00																																																																																							
0:00:00																																																																																							
0:00:00																																																																																							
0:00:00																																																																																							
0:00:00																																																																																							
0:00:00																																																																																							
0:00:00																																																																																							
0:00:00																																																																																							
0:00:00																																																																																							
0:00:00																																																																																							
0:00:00																																																																																							
0:00:00																																																																																							
0:00:00																																																																																							
0:00:00																																																																																							
0:00:00																																																																																							
0:00:00																																																																																							
0:00:00																																																																																							
0:00:00																																																																																							
0:00:00																																																																																							
0:00:00																																																																																							
0:00:00																																																																																							
0:00:00																																																																																							
0:00:00																																																																																							
0:00:00																																																																																							
0:00:00																																																																																							
0:00:00																																																																																							
0:00:00																																																																																							
0:00:00																																																																																							
0:00:00																																																																																							
0:00:00																																																																																							
0:00:00																																																																																							
0:00:00																																																																																							
0:00:00																																																																																							
0:00:00																																																																																							
0:00:00																																																																																							
0:00:00																																																																																							
0:00:00																																																																																							
0:00:00																																																																																							
0:00:00																																																																																							
0:00:00																																																																																							
0:00:00																																																																																							
0:00:00																																																																																							
0:00:00																																																																																							
0:00:00																																																																																							
0:00:00																																																																																							
0:00:00																																																																																							
0:00:00																																																																																							
0:00:00																																																																																							
0:00:00																																																																																							
0:00:00																																																																																							
0:00:00																																																																																							
0:00:00																																																																																							
0:00:00																																																																																							
0:00:00																																																																																							
0:00:00																																																																																							
0:00:00																																																																																							
0:00:00																																																																																							
0:00:00																																																																																							
0:00:00																																																																																							
0:00:00																																																																																							
0:00:00																																																																																							
0:00:00																																																																																							
0:00:00																																																																																							
0:00:00																																																																																							
0:00:00																																																																																							
0:00:00																																																																																							
0:00:00																																																																																							
0:00:00																																																																																							
0:00:00																																																																																							
0:00:00																																																																																							
0:00:00																																																																																							
0:00:00																																																																																							
0:00:00																																																																																							
0:00:00																																																																																							
0:00:00																																																																																							
0:00:00																																																																																							
0:00:00																																																																																							
0:00:00																																																																																							

od600:600

Time	T° od600:600	A1	A2	A3	A4	A5	A6	A7	A8	A9	A10	A11	A12	B1	B2	B3	B4	B5	B6	B7	B8	B9	B10	B11	B12	C1	C2	C3	C4	C5	C6	C7	C8	C9	C10	C11	C12	D1	D2	D3	D4	D5	D6	D7	D8	D9	D10	D11	D12	E1	E2	E3	E4	E5	E6	E7	E8	E9	E10	E11	E12	F1	F2	F3	F4	F5	F6	F7	F8	F9	F10	F11	F12	G1	G2	G3	G4	G5	G6	G7	G8	G9	G10	G11	G12	H11	H12
0:03:31	37.0	0.107	0.110	0.110	0.109	0.107	0.109	0.107	0.106	0.108	0.110	0.110	0.107	0.112	0.110	0.110	0.113	0.108	0.109	0.109	0.107	0.109	0.106	0.106	0.105	0.110	0.111	0.111	0.110	0.115	0.111	0.110	0.108	0.107	0.109	0.107	0.105	0.113	0.113	0.113	0.109	0.112	0.108	0.107	0.108	0.110	0.109	0.110	0.108	0.109	0.112	0.114	0.112	0.112	0.111	0.110	0.109	0.109	0.110	0.108	0.109	0.113	0.114	0.112	0.107	0.111	0.108	0.111	0.106	0.113	0.108	0.108	0.105	0.115	0.113	0.097	0.087	0.092	0.095	0.093	0.089	0.091	0.089	0.088	0.090		
0:07:31	36.9	0.107	0.108	0.108	0.108	0.106	0.108	0.106	0.105	0.107	0.108	0.109	0.106	0.111	0.109	0.109	0.111	0.107	0.107	0.108	0.106	0.108	0.105	0.105	0.103	0.110	0.109	0.110	0.110	0.114	0.110	0.109	0.107	0.106	0.108	0.106	0.104	0.111	0.112	0.111	0.108	0.111	0.107	0.106	0.108	0.109	0.108	0.109	0.107	0.109	0.110	0.113	0.111	0.111	0.111	0.109	0.109	0.108	0.108	0.106	0.108	0.112	0.113	0.111	0.106	0.109	0.107	0.109	0.104	0.112	0.107	0.106	0.106	0.115	0.114	0.097	0.088	0.092	0.095	0.093	0.089	0.091	0.089	0.088	0.090		
0:11:31	37.0	0.106	0.108	0.108	0.107	0.105	0.107	0.105	0.105	0.106	0.108	0.107	0.105	0.110	0.108	0.108	0.110	0.107	0.107	0.107	0.106	0.108	0.104	0.105	0.103	0.108	0.108	0.109	0.109	0.113	0.109	0.108	0.106	0.105	0.107	0.105	0.103	0.110	0.111	0.110	0.107	0.110	0.106	0.106	0.107	0.108	0.108	0.108	0.106	0.108	0.110	0.113	0.110	0.110	0.111	0.109	0.108	0.107	0.108	0.106	0.108	0.111	0.112	0.110	0.105	0.108	0.106	0.109	0.104	0.110	0.106	0.106	0.104	0.115	0.114	0.096	0.088	0.092	0.095	0.093	0.089	0.091	0.089	0.087	0.090		
0:15:31	37.0	0.106	0.107	0.107	0.107	0.105	0.107	0.105	0.104	0.105	0.108	0.106	0.105	0.109	0.107	0.107	0.110	0.106	0.106	0.107	0.105	0.107	0.104	0.104	0.103	0.108	0.108	0.108	0.108	0.112	0.108	0.108	0.106	0.105	0.107	0.105	0.104	0.110	0.110	0.110	0.107	0.110	0.106	0.105	0.107	0.107	0.107	0.107	0.106	0.108	0.109	0.112	0.109	0.109	0.110	0.108	0.108	0.107	0.108	0.105	0.107	0.110	0.111	0.110	0.105	0.107	0.106	0.108	0.104	0.110	0.106	0.105	0.107	0.116	0.115	0.096	0.088	0.092	0.094	0.092	0.089	0.091	0.089	0.087	0.090		
0:19:31	37.0	0.106	0.107	0.107	0.107	0.104	0.107	0.105	0.104	0.105	0.107	0.106	0.107	0.110	0.107	0.107	0.110	0.106	0.106	0.107	0.105	0.107	0.104	0.104	0.104	0.108	0.107	0.108	0.108	0.112	0.108	0.107	0.105	0.104	0.107	0.105	0.103	0.110	0.110	0.109	0.107	0.110	0.106	0.105	0.106	0.107	0.106	0.107	0.105	0.108	0.109	0.112	0.109	0.108	0.110	0.107	0.107	0.107	0.107	0.105	0.107	0.110	0.111	0.109	0.105	0.107	0.106	0.108	0.104	0.110	0.106	0.105	0.109	0.116	0.115	0.096	0.088	0.092	0.094	0.092	0.089	0.091	0.089	0.087	0.090		
0:23:31	37.0	0.106	0.107	0.107	0.107	0.104	0.107	0.105	0.104	0.105	0.109	0.108	0.111	0.109	0.107	0.107	0.110	0.106	0.106	0.106	0.105	0.107	0.104	0.106	0.108	0.108	0.107	0.108	0.108	0.112	0.108	0.107	0.105	0.104	0.107	0.105	0.103	0.110	0.110	0.109	0.107	0.109	0.105	0.105	0.106	0.107	0.106	0.107	0.110	0.108	0.110	0.112	0.109	0.108	0.109	0.107	0.107	0.106	0.107	0.105	0.108	0.110	0.111	0.109	0.105	0.107	0.106	0.108	0.104	0.110	0.106	0.105	0.109	0.117	0.115	0.096	0.088	0.092	0.094	0.092	0.089	0.091	0.089	0.087	0.090		
0:27:31	37.0	0.106	0.107	0.107	0.108	0.105	0.107	0.106	0.104	0.107	0.113	0.112	0.113	0.109	0.107	0.107	0.110	0.105	0.107	0.106	0.106	0.109	0.108	0.110	0.111	0.108	0.107	0.108	0.107	0.112	0.108	0.107	0.105	0.104	0.107	0.108	0.106	0.110	0.110	0.109	0.106	0.109	0.106	0.104	0.107	0.106	0.108	0.111	0.112	0.108	0.110	0.112	0.108	0.108	0.109	0.106	0.107	0.106	0.108	0.105	0.108	0.110	0.111	0.109	0.104	0.107	0.106	0.108	0.104	0.109	0.106	0.105	0.109	0.118	0.117	0.096	0.088	0.092	0.094	0.092	0.089	0.090	0.089	0.087	0.090		
0:31:31	37.0	0.107	0.107	0.107	0.110	0.106	0.107	0.108	0.105	0.110	0.115	0.113	0.114	0.109	0.107	0.106	0.110	0.107	0.110	0.110	0.110	0.112	0.110	0.111	0.113	0.108	0.107	0.107	0.108	0.112	0.110	0.107	0.109	0.108	0.109	0.110	0.108	0.111	0.110	0.108	0.108	0.109	0.107	0.104	0.111	0.109	0.110	0.113	0.114	0.108	0.110	0.112	0.110	0.108	0.109	0.106	0.107	0.106	0.111	0.108	0.109	0.110	0.111	0.109	0.105	0.107	0.106	0.108	0.103	0.109	0.106	0.105	0.105	0.123	0.119	0.096	0.087	0.092	0.094	0.092	0.089	0.090	0.089	0.087	0.090		
0:35:31	37.0	0.107	0.108	0.108	0.112	0.105	0.108	0.111	0.106	0.113	0.117	0.115	0.115	0.109	0.107	0.107	0.110	0.109	0.113	0.112	0.111	0.114	0.112	0.112	0.114	0.108	0.107	0.107	0.110	0.113	0.112	0.110	0.111	0.110	0.111	0.112	0.109	0.110	0.110	0.108	0.109	0.110	0.109	0.108	0.112	0.112	0.112	0.115	0.116	0.108	0.110	0.112	0.113	0.109	0.109	0.106	0.109	0.109	0.113	0.110	0.111	0.109	0.111	0.108	0.105	0.106	0.106	0.107	0.103	0.109	0.106	0.105	0.109	0.125	0.120	0.096	0.087	0.092	0.094	0.092	0.089	0.090	0.089	0.087	0.090		
0:39:31	37.0	0.107	0.107	0.108	0.113	0.106	0.109	0.112	0.108	0.114	0.118	0.116	0.116	0.109	0.107	0.108	0.111	0.111	0.114	0.113	0.113	0.115	0.114	0.114	0.116	0.108	0.108	0.109	0.111	0.116	0.113	0.112	0.112	0.112	0.112	0.113	0.110	0.110	0.111	0.110	0.110	0.112	0.110	0.109	0.113	0.113	0.113	0.116	0.117	0.108	0.110	0.112	0.114	0.113	0.109	0.107	0.111	0.112	0.114	0.111	0.112	0.110	0.111	0.109	0.106	0.106	0.106	0.107	0.103	0.110	0.106	0.107	0.105	0.127	0.122	0.096	0.088	0.092	0.094	0.092	0.089	0.090	0.089	0.087	0.090		
0:43:31	37.0	0.107	0.107	0.108	0.113	0.107	0.110	0.112	0.109	0.115	0.119	0.117	0.117	0.109	0.107	0.109	0.112	0.111	0.115	0.113	0.114	0.116	0.115	0.115	0.116	0.108	0.108	0.110	0.112	0.115	0.114	0.112	0.114	0.113	0.113	0.114	0.110	0.110	0.112	0.111	0.111	0.114	0.111	0.110	0.115	0.114	0.114	0.117	0.118	0.108	0.110	0.112	0.115	0.113	0.109	0.109	0.112	0.113	0.114	0.111	0.112	0.110	0.111	0.108	0.107	0.106	0.106	0.107	0.103	0.110	0.106	0.108	0.109	0.129	0.123	0.096	0.087	0.092	0.094	0.092	0.089	0.090	0.089	0.087	0.090		
0:47:31	37.0	0.106	0.107	0.109	0.114	0.107	0.111	0.113	0.110	0.115	0.120	0.118	0.117	0.109	0.107	0.109	0.112	0.112	0.116	0.114	0.115	0.116	0.116	0.115	0.116	0.108	0.109	0.111	0.113	0.115	0.115	0.112	0.115	0.114	0.114	0.115	0.111	0.109	0.112	0.112	0.112	0.114	0.112	0.111	0.116	0.114	0.115	0.114	0.118	0.108	0.110	0.112	0.115	0.114	0.109	0.111	0.112	0.113	0.114	0.112	0.112	0.111	0.112	0.108	0.108	0.107	0.106	0.107	0.103	0.111	0.106	0.109	0.105	0.131	0.126	0.096	0.087	0.092	0.094	0.092	0.089	0.091	0.089	0.087	0.090		
0:51:31	37.0	0.106	0.107	0.109	0.114	0.108	0.111	0.114	0.111	0.116	0.120	0.117	0.117	0.109	0.107	0.109	0.113	0.112	0.116	0.115	0.116	0.117	0.116	0.115	0.117	0.108	0.109	0.111	0.114	0.116	0.116	0.113	0.115	0.115	0.115	0.116	0.111	0.109	0.112	0.113	0.112	0.115	0.113	0.111	0.116	0.115	0.116	0.115	0.118	0.108	0.111	0.112	0.116	0.115	0.109	0.111	0.112	0.114	0.115	0.112	0.112	0.111	0.112	0.108	0.109	0.109	0.106	0.107	0.103	0.112	0.106	0.109	0.110	0.134	0.129	0.096	0.088	0.092	0.094	0.092	0.089	0.090	0.089	0.087	0.090		
0:55:31	37.0	0.106	0.107	0.109	0.114	0.108	0.112	0.114	0.111	0.116	0.120	0.118	0.117	0.109	0.107	0.109	0.113	0.112	0.116	0.115	0.116	0.117	0.116	0.116	0.117	0.108	0.109	0.111	0.114	0.116	0.116	0.113	0.116	0.115	0.115	0.116	0.111	0.109	0.112	0.113	0.112	0.115	0.113	0.111	0.117	0.115	0.116	0.115	0.119	0.108	0.111	0.111	0.116	0.115	0.109	0.112	0.113	0.114	0.115	0.112	0.112	0.112	0.112	0.108	0.110	0.109	0.106	0.107	0.103	0.113	0.106	0.110	0.105	0.136	0.131	0.096	0.087	0.092	0.094	0.092	0.089	0.090	0.089	0.087	0.090		
0:59:31	37.0	0.106	0.107	0.109	0.114	0.108	0.112	0.114	0.111	0.113	0.121	0.118	0.117	0.109	0.107	0.109	0.113	0.113	0.117	0.116	0.116	0.118	0.117	0.116	0.117	0.108	0.109	0.112	0.114	0.116	0.117	0.113	0.116	0.115	0.115	0.116	0.112	0.110	0.112	0.113	0.113	0.115	0.113	0.112	0.117	0.116	0.116	0.115	0.119	0.107	0.111	0.111	0.117	0.115	0.110	0.112	0.113	0.114	0.115	0.113	0.113	0.112	0.112	0.108	0.110	0.110	0.106	0.107	0.103	0.113	0.106	0.110	0.110	0.140	0.135	0.096	0.087	0.092	0.094	0.092	0.089	0.090	0.089	0.087	0.089		
1:03:31	37.0	0.106	0.107	0.109	0.114	0.109	0.112	0.114	0.111	0.110	0.121	0.118	0.117	0.109	0.107	0.109	0.113	0.113	0.117	0.116	0.116	0.118	0.117	0.116	0.117	0.108	0.109	0.112	0.114	0.116	0.117	0.113	0.116	0.116	0.115	0.116	0.111	0.109	0.111	0.113	0.113	0.115	0.114	0.112	0.117	0.116	0.116	0.115	0.119	0.108	0.111	0.111	0.117	0.115	0.110	0.112	0.113	0.115	0.115	0.113	0.112	0.112	0.112	0.108	0.110	0.109	0.106	0.107	0.104	0.113	0.106	0.110	0.105	0.143	0.139	0.096	0.087	0.092	0.094	0.092	0.089	0.090	0.088	0.087	0.090		
1:07:31	37.0	0.106	0.107	0.109	0.114	0.109	0.112	0.115	0.111	0.110	0.121	0.118	0.118	0.109	0.107	0.110	0.113	0.113	0.117	0.116	0.116	0.118	0.117	0.116	0.117	0.108	0.109	0.112	0.114	0.116	0.117	0.113	0.117	0.116	0.116	0.116	0.112	0.109	0.111	0.113	0.113	0.115	0.114	0.113	0.117	0.116	0.116	0.115	0.119	0.107	0.111	0.111	0.117	0.116	0.110	0.112	0.113	0.115	0.116	0.113	0.113	0.112	0.113	0.108	0.110	0.110	0.106	0.108	0.103	0.114	0.107	0.110	0.110	0.148	0.144	0.096	0.087	0.092	0.094	0.092	0.089	0.090	0.089	0.087	0.090		
1:11:31	37.0	0.106	0.107	0.109	0.115	0.109	0.112	0.115	0.112	0.111	0.121	0.118	0.118	0.109	0.107	0.110	0.113	0.113	0.117	0.116	0.117	0.119	0.117	0.116	0.118	0.108	0.109	0.112	0.114	0.116	0.117	0.113	0.117	0.116	0.116	0.116	0.112	0.110	0.111	0.113	0.113	0.116	0.115	0.113	0.118	0.116	0.117	0.115	0.119	0.108	0.111	0.111	0.117	0.116	0.110	0.112	0.113	0.115	0.116	0.113	0.113	0.112	0.113	0.108	0.110	0.111	0.106	0.107	0.104	0.114	0.106	0.110	0.105	0.153	0.149	0.096	0.088	0.092	0.094	0.092	0.089	0.091	0.089	0.087	0.090		
1:15:31	37.0	0.106	0.107	0.109	0.114	0.109	0.112	0.115	0.112	0.111	0.121	0.118	0.118	0.109	0.107	0.110	0.113	0.113	0.117	0.116	0.117	0.118	0.117	0.116	0.118	0.108	0.109	0.112	0.114	0.116	0.117	0.113	0.117	0.116	0.116	0.116	0.112	0.109	0.111	0.113	0.113	0.116	0.114	0.113	0.118	0.116	0.114	0.115	0.119	0.108	0.111	0.111	0.117	0.116	0.110	0.112	0.113	0.115	0.116	0.113	0.113	0.112	0.113	0.108	0.110	0.110	0.106	0.108	0.104	0.114	0.107	0.110	0.110	0.158	0.155	0.096	0.088	0.092	0.094	0.092	0.089	0.091	0.089	0.087	0.090		
1:19:31	37.0	0.106	0.107	0.109	0.114	0.109	0.112	0.115	0.112	0.111	0.121	0.118	0.118	0.108	0.106	0.110	0.113	0.113	0.117	0.116	0.117	0.118	0.117	0.116	0.118	0.108	0.109	0.112	0.115	0.116	0.117	0.113	0.117	0.116	0.116	0.116	0.112	0.110	0.111	0.113	0.113	0.116	0.114	0.113	0.118	0.116	0.114	0.115	0.119	0.108	0.111	0.111	0.117	0.116	0.110	0.112	0.113	0.115	0.116	0.113	0.113	0.112	0.113	0.108	0.110	0.110	0.106	0.108	0.104	0.114	0.106	0.110	0.105	0.164	0.161	0.096	0.088	0.092	0.094	0.092	0.089	0.090	0.089	0.087	0.090		
1:23:31	37.0	0.106	0.107	0.109	0.115	0.109	0.112	0.115	0.112	0.111	0.121	0.118	0.118	0.109	0.106	0.110	0.113	0.113	0.118	0.116	0.117	0.118	0.117	0.116	0.118	0.108	0.109	0.112	0.114	0.116	0.117	0.113	0.117	0.116	0.116	0.116	0.112	0.110	0.111	0.113	0.113	0.116	0.114	0.113	0.118	0.116	0.114	0.115	0.119	0.108	0.111	0.111	0.117	0.116	0.110	0.112	0.113	0.115	0.116	0.113	0.113	0.112	0.113	0.108	0.110	0.111	0.106	0.108	0.104	0.114	0.106	0.110	0.110	0.171	0.170	0.096	0.087	0.092	0.094	0.092	0.089	0.090	0.088	0.087	0.090		
1:27:31	37.0	0.106	0.107	0.109	0.115	0.109	0.112	0.115	0.112	0.111	0.121	0.118	0.118	0.108	0.106	0.110	0.113	0.113	0.118	0.116	0.117	0.117	0.117	0.116	0.118	0.108	0.109	0.112	0.114	0.116	0.117	0.114	0.117	0.116	0.116	0.116	0.111	0.109	0.111	0.113	0.113	0.116	0.114	0.113	0.118	0.116	0.114	0.115	0.119	0.108	0.111	0.111	0.117	0.116	0.110	0.113	0.113	0.115	0.116	0.113	0.113	0.112	0.113	0.108	0.110	0.111	0.106	0.108	0.103	0.114	0.106	0.110	0.105	0.174	0.178	0.096	0.087	0.092	0.094	0.092	0.089	0.090	0.089	0.087	0.089		
1:31:31	37.0	0.106	0.107	0.109	0.115	0.109	0.112	0.115	0.112	0.111	0.121	0.118	0.118	0.108	0.107	0.110	0.113	0.113	0.118	0.117	0.117	0.117	0.117	0.117	0.118	0.108	0.109	0.112	0.114	0.116	0.117	0.114	0.117	0.116	0.116	0.117	0.112	0.110	0.111	0.113	0.113	0.116	0.114	0.113	0.118	0.116	0.114	0.115	0.119	0.108	0.111	0.111	0.117	0.116	0.110	0.112	0.113	0.115	0.116	0.114	0.113	0.112	0.113	0.108	0.110	0.111	0.106	0.108	0.104	0.114	0.106	0.110	0.110	0.182	0.187	0.096	0.087	0.092	0.094	0.092	0.089	0.090	0.089	0.087	0.090		
1:35:31	37.0	0.106	0.106	0.109	0.115	0.109	0.112	0.115	0.112	0.111	0.122	0.118	0.118	0.108	0.107	0.110	0.113	0.113	0.118	0.117	0.117	0.116	0.118	0.117	0.118	0.108	0.109	0.112	0.114	0.116	0.117	0.114	0.117	0.116	0.116	0.117	0.112	0.110	0.111	0.113	0.113	0.116	0.114	0.113	0.118	0.116	0.114	0.115	0.119	0.108	0.111	0.111	0.117	0.116	0.110	0.112	0.113	0.115	0.116	0.114	0.113	0.112	0.113	0.108	0.110	0.110	0.106	0.108	0.104	0.114	0.106	0.110	0.105	0.191	0.197	0.096	0.087	0.092	0.094	0.092	0.089	0.090	0.089	0.087	0.090		
1:39:31	37.0	0.106	0.107	0.109	0.115	0.109	0.112	0.115	0.112	0.111	0.121	0.118	0.118	0.108	0.106	0.110	0.113	0.113	0.118	0.117	0.117	0.117	0.118	0.117	0.118	0.108	0.109	0.112	0.114	0.116	0.117	0.114	0.117	0.116	0.116	0.117	0.112	0.110	0.111	0.113	0.113	0.116	0.114	0.113	0.118	0.116	0.114	0.115	0.119	0.107	0.111	0.111	0.117	0.117	0.110	0.113	0.113	0.115	0.116	0.114	0.113	0.112	0.113	0.108	0.110	0.111	0.106	0.108	0.103	0.114	0.106	0.110	0.110	0.201	0.209	0.096	0.087	0.092	0.094	0.092	0.089	0.090	0.088	0.087	0.089		
1:43:31	37.0	0.106	0.107	0.109	0.115	0.109	0.112	0.116	0.112	0.110	0.122	0.119	0.118	0.108	0.106	0.110	0.113	0.113	0.118	0.116	0.117	0.117	0.117	0.116	0.118	0.108	0.109	0.112	0.114	0.116	0.117	0.114	0.117	0.116	0.116	0.117	0.112	0.109	0.111	0.113	0.113	0.116	0.114	0.113	0.118	0.116	0.114	0.115	0.119	0.107	0.111	0.111	0.117	0.116	0.110	0.112	0.113	0.116	0.116	0.114	0.113	0.112	0.113	0.108	0.110	0.110	0.106	0.107	0.103	0.113	0.106	0.110	0.105	0.210	0.220	0.096	0.087	0.092	0.094	0.092	0.089	0.090	0.088	0.087	0.089		
1:47:31	37.0	0.106	0.106	0.109	0.115	0.109	0.112	0.116	0.112	0.110	0.121	0.119	0.118	0.108	0.107	0.110	0.113	0.113	0.118	0.117	0.117	0.117	0.117	0.116	0.118	0.108	0.109	0.112	0.114	0.116	0.117	0.114	0.117	0.116	0.116	0.117	0.112	0.109	0.111	0.113	0.113	0.116	0.114	0.112	0.118	0.116	0.113	0.115	0.119	0.107	0.111	0.111	0.117	0.116	0.110	0.112	0.113	0.115	0.116	0.114	0.113	0.112	0.113	0.108	0.110	0.110	0.106	0.108	0.104	0.114	0.107	0.110	0.110	0.220	0.231	0.096	0.087	0.092	0.094	0.092	0.089	0.090	0.088	0.087	0.090		
1:51:31	37.0	0.106	0.107	0.109	0.115	0.108	0.112	0.116	0.112	0.110	0.121	0.120	0.118	0.108	0.106	0.110	0.113	0.113	0.118	0.117	0.117	0.117	0.117	0.116	0.118	0.108	0.109	0.112	0.114	0.116	0.117	0.114	0.117	0.116	0.116	0.117	0.112	0.110	0.111	0.113	0.113	0.116	0.114	0.112	0.118	0.116	0.114	0.115	0.119	0.107	0.111	0.111	0.117	0.116	0.110	0.112	0.113	0.115	0.116	0.113	0.113	0.112	0.113	0.108	0.110	0.110	0.106	0.107	0.104	0.113	0.106	0.110	0.105	0.231	0.245	0.096	0.087	0.092	0.094	0.092	0.089	0.090	0.088	0.087	0.089		
1:55:31	37.0	0.106	0.107	0.111	0.115	0.108	0.112	0.116	0.111	0.110	0.121	0.118	0.118	0.108	0.106	0.110	0.113	0.113	0.118	0.117	0.117	0.116	0.117	0.116	0.118	0.108	0.109	0.112	0.114	0.116	0.117	0.113	0.117	0.116	0.116	0.116	0.112	0.110	0.111	0.113	0.113	0.116	0.114	0.112	0.117	0.116	0.113	0.115	0.119	0.107	0.110	0.111	0.117	0.116	0.110	0.112	0.113	0.115	0.116	0.114	0.113	0.112	0.112	0.108	0.110	0.110	0.106	0.107	0.103	0.113	0.106	0.109	0.110	0.239	0.249	0.096	0.087	0.092	0.094	0.092	0.089	0.090	0.088	0.087	0.089		
1:59:31	37.0	0.106	0.107	0.109	0.115	0.108	0.112	0.116	0.112	0.110	0.121	0.119	0.118	0.108	0.106	0.110	0.113	0.113	0.118	0.117	0.117	0.116	0.117	0.116	0.118	0.108	0.109	0.112	0.114	0.116	0.117	0.113	0.117	0.116	0.115	0.116	0.112	0.109	0.111	0.112	0.113	0.116	0.114	0.112	0.118	0.116	0.113	0.115	0.119	0.107	0.110	0.111	0.117	0.116	0.109	0.112	0.113	0.115	0.116	0.113	0.113	0.112	0.112	0.108	0.110	0.109	0.106	0.107	0.103	0.113	0.106	0.109	0.104	0.243	0.256	0.096	0.087	0.092	0.094	0.092	0.089	0.090	0.089	0.087	0.089		
2:03:31	37.0	0.106	0.106	0.109	0.115	0.109	0.112	0.116	0.111	0.110	0.121	0.118	0.118	0.108	0.106	0.109	0.113	0.113	0.118	0.117	0.117	0.116	0.117	0.116	0.118	0.108	0.109	0.111	0.114	0.116	0.117	0.114	0.117	0.116	0.115	0.116	0.112	0.109	0.111	0.113	0.113	0.116	0.114	0.112	0.117	0.116	0.113	0.115	0.118	0.107	0.110	0.111	0.117	0.116	0.109	0.112	0.113	0.115	0.116	0.113	0.113	0.111	0.112	0.108	0.110	0.110	0.105	0.107	0.103	0.112	0.106	0.108	0.109	0.252	0.265	0.096	0.087	0.092	0.094	0.092	0.089	0.090	0.089	0.087	0.089		
2:07:31	37.0	0.106	0.107	0.109	0.115	0.108	0.112	0.116	0.111	0.110	0.121	0.118	0.117	0.108	0.106	0.110	0.113	0.113	0.118	0.117	0.117	0.116	0.117	0.116	0.117	0.108	0.109	0.112	0.114	0.116	0.117	0.113	0.117	0.116	0.115	0.116	0.112	0.110	0.111	0.113	0.113	0.116	0.114	0.112	0.117	0.116	0.113	0.115	0.118	0.107	0.110	0.111	0.117	0.116	0.109	0.112	0.113	0.115	0.116	0.113	0.113	0.112	0.112	0.108	0.110	0.110	0.106	0.107	0.103	0.113	0.106	0.108	0.104	0.262	0.275	0.096	0.087	0.092	0.094	0.092	0.089	0.090	0.089	0.087	0.090		
2:11:31	37.0	0.106	0.106	0.109	0.115	0.109	0.112	0.116	0.111	0.110	0.121	0.118	0.118	0.108	0.106	0.110	0.113	0.113	0.117	0.117	0.117	0.116	0.116	0.116	0.118	0.108	0.109	0.111	0.114	0.116	0.117	0.113	0.117	0.116	0.115	0.116	0.112	0.110	0.110	0.112	0.113	0.115	0.113	0.112	0.117	0.116	0.113	0.115	0.118	0.107	0.110	0.111	0.117	0.116	0.109	0.112	0.113	0.114	0.116	0.113	0.113	0.111	0.112	0.108	0.110	0.109	0.105	0.107	0.103	0.112	0.106	0.108	0.109	0.271	0.283	0.096	0.087	0.092	0.094	0.092	0.089	0.090	0.089	0.087	0.089		
2:15:31	37.0	0.106	0.107	0.109	0.115	0.108	0.112	0.116	0.111	0.110	0.121	0.118	0.117	0.108	0.106	0.109	0.113	0.113	0.118	0.117	0.117	0.116	0.117	0.116	0.117	0.108	0.109	0.111	0.114	0.116	0.117	0.113	0.117	0.116	0.115	0.116	0.111	0.110	0.111	0.113	0.113	0.115	0.113	0.112	0.117	0.116	0.113	0.115	0.118	0.107	0.110	0.111	0.117	0.116	0.109	0.112	0.113	0.114	0.115	0.113	0.113	0.111	0.112	0.108	0.110	0.109	0.106	0.107	0.103	0.112	0.106	0.108	0.104	0.280	0.296	0.096	0.087	0.092	0.094	0.092	0.089	0.090	0.089	0.087	0.089		
2:19:31	37.0	0.106	0.107	0.109	0.115	0.108	0.112	0.116	0.111	0.110	0.121	0.118	0.117	0.108	0.106	0.109	0.113	0.113	0.118	0.117	0.117	0.116	0.116	0.116	0.118	0.108	0.109	0.111	0.114	0.116	0.117	0.113	0.117	0.116	0.115	0.116	0.112	0.110	0.110	0.113	0.113	0.115	0.114	0.112	0.117	0.116	0.113	0.114	0.118	0.107	0.111	0.111	0.117	0.116	0.109	0.112	0.113	0.115	0.115	0.113	0.113	0.111	0.112	0.108	0.110	0.109	0.105	0.107	0.103	0.112	0.106	0.108	0.110	0.291	0.311	0.096	0.087	0.092	0.094	0.092	0.089	0.090	0.089	0.087	0.089		
2:23:31	37.0	0.106	0.106	0.109	0.115	0.108	0.112	0.116	0.111	0.110	0.121	0.119	0.118	0.109	0.106	0.109	0.113	0.113	0.118	0.117	0.117	0.116	0.117	0.116	0.117	0.108	0.109	0.111	0.114	0.116	0.117	0.113	0.117	0.116	0.115	0.116	0.112	0.109	0.110	0.113	0.113	0.115	0.113	0.112	0.117	0.115	0.113	0.114	0.118	0.107	0.110	0.111	0.117	0.116	0.109	0.112	0.113	0.114	0.115	0.113	0.113	0.111	0.112	0.108	0.110	0.109	0.105	0.107	0.103	0.112	0.106	0.108	0.104	0.305	0.324	0.096	0.087	0.092	0.094	0.092	0.089	0.090	0.089	0.087	0.089		
2:27:31	37.0	0.106	0.106	0.109	0.115	0.108	0.112	0.116	0.111	0.110	0.121	0.119	0.118	0.109	0.106	0.110	0.113	0.113	0.118	0.117	0.117	0.116	0.117	0.116	0.117	0.108	0.109	0.111	0.114	0.116	0.117	0.113	0.117	0.116	0.115	0.116	0.112	0.110	0.110	0.112	0.113	0.115	0.114	0.112	0.117	0.116	0.113	0.115	0.118	0.107	0.111	0.111	0.117	0.116	0.109	0.112	0.113	0.115	0.116	0.113	0.113	0.111	0.113	0.108	0.110	0.109	0.105	0.107	0.103	0.112	0.106	0.108	0.109	0.317	0.339	0.096	0.087	0.092	0.094	0.092	0.089	0.090	0.088	0.087	0.089		
2:31:31	37.0	0.106	0.106	0.109	0.115	0.108	0.112	0.116	0.111	0.110	0.121	0.119	0.117	0.108	0.106	0.109	0.113	0.113	0.118	0.117	0.117	0.116	0.117	0.116	0.117	0.108	0.109	0.111	0.114	0.116	0.117	0.113	0.117	0.116	0.115	0.116	0.111	0.110	0.110	0.113	0.113	0.115	0.113	0.112	0.117	0.116	0.113	0.115	0.118	0.107	0.110	0.111	0.117	0.116	0.109	0.112	0.113	0.114	0.116	0.113	0.113	0.111	0.112	0.108	0.110	0.109	0.105	0.107	0.103	0.112	0.106	0.108	0.104	0.329	0.350	0.096	0.087	0.092	0.094	0.092	0.089	0.090	0.088	0.087	0.089		
2:35:31	37.0	0.106	0.107	0.109	0.115	0.109	0.112	0.116	0.111	0.110	0.121	0.119	0.118	0.108	0.106	0.109	0.113	0.113	0.118	0.117	0.117	0.116	0.117	0.116	0.118	0.108	0.109	0.111	0.114	0.116	0.117	0.113	0.117	0.116	0.115	0.116	0.112	0.110	0.110	0.113	0.113	0.116	0.114	0.113	0.117	0.116	0.113	0.115	0.119	0.107	0.110	0.111	0.117	0.116	0.109	0.112	0.113	0.114	0.115	0.113	0.113	0.112	0.112	0.108	0.110	0.109	0.105	0.107	0.103	0.112	0.106	0.108	0.109	0.339	0.359	0.096	0.087	0.092	0.094	0.092	0.089	0.090	0.088	0.087	0.089		
2:39:31	37.0	0.106	0.106	0.109	0.115	0.109	0.112	0.116	0.112	0.110	0.122	0.118	0.118	0.108	0.106	0.109	0.113	0.113	0.118	0.117	0.117	0.116	0.117	0.116	0.117	0.108	0.109	0.111	0.114	0.116	0.117	0.113	0.117	0.116	0.115	0.116	0.112	0.109	0.110	0.112	0.113	0.116	0.113	0.112	0.117	0.116	0.113	0.115	0.119	0.107	0.110	0.110	0.117	0.116	0.109	0.112	0.113	0.114	0.116	0.113	0.113	0.111	0.112	0.108	0.110	0.110	0.105	0.107	0.103	0.112	0.106	0.108	0.104	0.346	0.367	0.096	0.087	0.092	0.094	0.092	0.089	0.090	0.089	0.087	0.089		
2:43:31	37.0	0.107	0.106	0.109	0.115	0.108	0.112	0.117	0.112	0.110	0.121	0.118	0.118	0.108	0.106	0.110	0.113	0.113	0.118	0.118	0.117	0.116	0.117	0.116	0.117	0.108	0.109	0.111	0.114	0.116	0.117	0.113	0.117	0.116	0.115	0.116	0.112	0.109	0.110	0.113	0.113	0.116	0.114	0.112	0.117	0.116	0.113	0.115	0.119	0.107	0.110	0.111	0.117	0.116	0.109	0.112	0.113	0.114	0.116	0.113	0.113	0.112	0.113	0.108	0.110	0.109	0.105	0.107	0.103	0.112	0.106	0.108	0.109	0.357	0.378	0.096	0.087	0.092	0.094	0.092	0.089	0.090	0.088	0.087	0.089		
2:47:31	37.0	0.107	0.106	0.109	0.115	0.109	0.112	0.117	0.112	0.110	0.122	0.119	0.118	0.108	0.106	0.109	0.113	0.113	0.118	0.118	0.117	0.116	0.117	0.116	0.118	0.108	0.109	0.111	0.114	0.116	0.117	0.114	0.117	0.114	0.115	0.117	0.112	0.109	0.110	0.113	0.113	0.116	0.114	0.114	0.118	0.116	0.113	0.115	0.119	0.107	0.110	0.111	0.117	0.116	0.109	0.112	0.113	0.114	0.116	0.113	0.113	0.111	0.112	0.108	0.110	0.109	0.105	0.107	0.103	0.112	0.106	0.108	0.104	0.367	0.384	0.096	0.087	0.092	0.094	0.092	0.089	0.090	0.088	0.087	0.089		
2:51:31	37.0	0.106	0.107	0.109	0.115	0.109	0.112	0.117	0.112	0.110	0.121	0.119	0.118	0.108	0.106	0.110	0.113	0.113	0.118	0.118	0.117	0.117	0.117	0.116	0.118	0.108	0.109	0.111	0.115	0.116	0.117	0.113	0.118	0.114	0.115	0.116	0.112	0.109	0.110	0.113	0.113	0.116	0.114	0.113	0.117	0.116	0.113	0.115	0.119	0.107	0.110	0.111	0.117	0.116	0.109	0.112	0.113	0.114	0.115	0.113	0.113	0.112	0.113	0.108	0.110	0.109	0.105	0.107	0.103	0.112	0.106	0.108	0.109	0.375	0.393	0.096	0.087	0.092	0.094	0.092	0.089	0.090	0.088	0.087	0.089		
2:55:31	37.0	0.106	0.106	0.109	0.115	0.108	0.112	0.117	0.111	0.110	0.122	0.119	0.118	0.108	0.106	0.110	0.113	0.113	0.118	0.118	0.117	0.117	0.117	0.116	0.118	0.108	0.109	0.112	0.115	0.116	0.117	0.113	0.118	0.115	0.115	0.116	0.112	0.109	0.110	0.113	0.113	0.116	0.114	0.113	0.118	0.116	0.113	0.115	0.119	0.107	0.110	0.111	0.117	0.116	0.109	0.112	0.113	0.114	0.116	0.113	0.113	0.112	0.113	0.108	0.110	0.109	0.105	0.107	0.103	0.112	0.106	0.108	0.104	0.382	0.399	0.096	0.087	0.092	0.094	0.092	0.089	0.090	0.088	0.087	0.089		
2:59:31	37.0	0.106	0.107	0.109	0.115	0.109	0.113	0.117	0.112	0.110	0.122	0.119	0.118	0.108	0.106	0.110	0.115	0.113	0.118	0.118	0.117	0.117	0.117	0.117	0.118	0.108	0.109	0.111	0.115	0.116	0.117	0.114	0.118	0.114	0.115	0.117	0.112	0.109	0.110	0.113	0.113	0.116	0.114	0.113	0.118	0.116	0.113	0.115	0.119	0.107	0.110	0.111	0.117	0.116	0.109	0.112	0.113	0.115	0.116	0.113	0.113	0.112	0.112	0.108	0.110	0.110	0.105	0.107	0.103	0.112	0.106	0.108	0.109	0.389	0.406	0.096	0.087	0.092	0.094	0.092	0.089	0.090	0.088	0.087	0.089		
3:03:31	37.0	0.107	0.106	0.109	0.115	0.109	0.113	0.117	0.112	0.110	0.122	0.119	0.118	0.108	0.106	0.110	0.113	0.113	0.118	0.118	0.117	0.117	0.117	0.117	0.118	0.108	0.109	0.111	0.115	0.116	0.117	0.114	0.118	0.115	0.115	0.117	0.112	0.109	0.110	0.113	0.113	0.116	0.114	0.113	0.118	0.116	0.113	0.115	0.119	0.107	0.110	0.111	0.117	0.116	0.109	0.113	0.113	0.115	0.116	0.113	0.113	0.112	0.113	0.108	0.110	0.110	0.105	0.107	0.103	0.112	0.106	0.108	0.104	0.394	0.410	0.096	0.087	0.092	0.094	0.092	0.089	0.090	0.089	0.087	0.089		
3:07:31	37.0	0.107	0.106	0.109	0.115	0.109	0.112	0.117	0.112	0.110	0.122	0.119	0.118	0.108	0.106	0.110	0.113	0.113	0.118	0.119	0.118	0.117	0.118	0.117	0.118	0.108	0.109	0.112	0.115	0.116	0.117	0.114	0.118	0.114	0.115	0.117	0.112	0.109	0.110	0.113	0.113	0.116	0.114	0.114	0.118	0.116	0.113	0.115	0.119	0.107	0.110	0.111	0.117	0.117	0.109	0.112	0.113	0.115	0.116	0.113	0.113	0.111	0.112	0.108	0.110	0.109	0.105	0.107	0.103	0.112	0.106	0.108	0.109	0.396	0.413	0.096	0.087	0.092	0.094	0.092	0.089	0.090	0.088	0.087	0.089		
3:11:31	37.0	0.107	0.107	0.109	0.116	0.108	0.113	0.117	0.112	0.110	0.122	0.119	0.119	0.109	0.106	0.110	0.113	0.113	0.119	0.119	0.118	0.117	0.118	0.117	0.118	0.108	0.109	0.112	0.115	0.116	0.117	0.114	0.118	0.115	0.115	0.117	0.112	0.109	0.110	0.112	0.113	0.116	0.114	0.113	0.118	0.116	0.113	0.115	0.119	0.107	0.111	0.111	0.117	0.116	0.109	0.112	0.113	0.115	0.116	0.114	0.113	0.112	0.112	0.108	0.110	0.109	0.105	0.107	0.103	0.112	0.106	0.108	0.104	0.400	0.427	0.096	0.088	0.092	0.094	0.092	0.089	0.090	0.089	0.087	0.089		
3:15:31	36.9	0.107	0.106	0.109	0.116	0.108	0.112	0.117	0.112	0.110	0.123	0.120	0.118	0.108	0.106	0.110	0.114	0.113	0.120	0.119	0.117	0.117	0.117	0.117	0.118	0.108	0.109	0.112	0.115	0.116	0.117	0.114	0.118	0.115	0.115	0.117	0.112	0.109	0.110	0.112	0.113	0.116	0.114	0.113	0.118	0.116	0.113	0.115	0.119	0.107	0.110	0.111	0.117	0.116	0.109	0.112	0.113	0.115	0.116	0.113	0.113	0.111	0.112	0.108	0.110	0.109	0.105	0.107	0.104	0.112	0.106	0.108	0.109	0.413	0.439	0.096	0.087	0.092	0.094	0.092	0.089	0.090	0.088	0.087	0.089		
3:19:31	37.0	0.106	0.107	0.109	0.116	0.108	0.112	0.117	0.111	0.110	0.122	0.120	0.118	0.108	0.106	0.110	0.113	0.113	0.118	0.119	0.118	0.117	0.117	0.117	0.118	0.108	0.109	0.112	0.115	0.116	0.117	0.114	0.118	0.115	0.115	0.117	0.112	0.110	0.110	0.113	0.113	0.116	0.114	0.113	0.118	0.116	0.113	0.115	0.119	0.107	0.110	0.111	0.117	0.116	0.109	0.112	0.113	0.115	0.116	0.113	0.113	0.111	0.112	0.108	0.110	0.109	0.105	0.107	0.103	0.111	0.106	0.108	0.103	0.425	0.443	0.096	0.087	0.092	0.094	0.092	0.089	0.090	0.088	0.087	0.089		
3:23:31	37.0	0.106	0.106	0.109	0.116	0.108	0.112	0.118	0.111	0.110	0.122	0.120	0.119	0.108	0.106	0.110	0.113	0.113	0.118	0.119	0.117	0.117	0.117	0.117	0.118	0.108	0.109	0.112	0.115	0.116	0.117	0.114	0.118	0.115	0.115	0.117	0.112	0.109	0.110	0.112	0.113	0.116	0.114	0.113	0.118	0.116	0.113	0.115	0.119	0.107	0.110	0.111	0.117	0.116	0.109	0.112	0.113	0.115	0.116	0.113	0.113	0.111	0.112	0.108	0.110	0.108	0.105	0.107	0.103	0.111	0.106	0.107	0.109	0.427	0.446	0.096	0.088	0.092	0.094	0.092	0.089	0.090	0.088	0.087	0.089		
3:27:31	37.0	0.107	0.106	0.109	0.116	0.108	0.112	0.118	0.111	0.109	0.123	0.120	0.118	0.108	0.106	0.110	0.113	0.113	0.119	0.119	0.117	0.117	0.117	0.117	0.118	0.108	0.109	0.112	0.115	0.116	0.117	0.114	0.118	0.115	0.115	0.117	0.112	0.109	0.110	0.112	0.113	0.116	0.114	0.113	0.118	0.116	0.113	0.115	0.119	0.107	0.110	0.111	0.117	0.116	0.109	0.112	0.113	0.115	0.116	0.113	0.113	0.111	0.112	0.108	0.110	0.108	0.105	0.107	0.103	0.111	0.106	0.107	0.103	0.430	0.449	0.096	0.087	0.092	0.094	0.092	0.089	0.090	0.088	0.087	0.089		
3:31:31	37.0	0.106	0.106	0.109	0.116	0.108	0.112	0.118	0.111	0.109	0.123	0.120	0.118	0.108	0.106	0.110	0.113	0.113	0.119	0.119	0.117	0.117	0.117	0.117	0.118	0.108	0.109	0.111	0.115	0.116	0.117	0.114	0.118	0.115	0.115	0.117	0.112	0.109	0.110	0.112	0.113	0.116	0.114	0.113	0.118	0.116	0.113	0.115	0.119	0.107	0.110	0.111	0.117	0.116	0.109	0.113	0.113	0.114	0.115	0.113	0.113	0.111	0.112	0.108	0.110	0.108	0.105	0.107	0.103	0.111	0.106	0.107	0.109	0.433	0.454	0.096	0.087	0.092	0.094	0.092	0.089	0.090	0.088	0.087	0.089		
3:35:31	37.0	0.107	0.106	0.109	0.115	0.108	0.112	0.118	0.110	0.109	0.123	0.120	0.118	0.108	0.106	0.110	0.113	0.113	0.119	0.119	0.118	0.117	0.117	0.117	0.118	0.108	0.109	0.112	0.115	0.116	0.117	0.114	0.118	0.115	0.115	0.117	0.112	0.109	0.110	0.112	0.113	0.116	0.114	0.113	0.118	0.116	0.113	0.115	0.119	0.107	0.110	0.111	0.117	0.116	0.109	0.112	0.113	0.114	0.115	0.113	0.113	0.111	0.112	0.108	0.109	0.108	0.105	0.106	0.103	0.111	0.106	0.107	0.103	0.437	0.457	0.096	0.087	0.092	0.094	0.092	0.089	0.090	0.089	0.087	0.089		
3:39:31	37.0	0.106	0.106	0.109	0.116	0.108	0.112	0.118	0.110	0.108	0.123	0.121	0.119	0.108	0.106	0.110	0.113	0.113	0.119	0.119	0.118	0.118	0.117	0.117	0.117	0.108	0.109	0.111	0.115	0.116	0.117	0.114	0.118	0.115	0.115	0.117	0.112	0.109	0.110	0.112	0.113	0.116	0.114	0.113	0.117	0.116	0.113	0.115	0.119	0.107	0.110	0.111	0.117	0.116	0.109	0.112	0.113	0.114	0.115	0.113	0.113	0.111	0.112	0.108	0.109	0.109	0.105	0.107	0.103	0.111	0.106	0.106	0.109	0.440	0.460	0.096	0.087	0.092	0.094	0.092	0.089	0.090	0.088	0.087	0.089		
3:43:31	37.0	0.106	0.106	0.109	0.116	0.108	0.112	0.118	0.110	0.108	0.123	0.121	0.119	0.108	0.106	0.110	0.113	0.113	0.119	0.119	0.118	0.117	0.117	0.117	0.118	0.108	0.109	0.111	0.115	0.116	0.117	0.114	0.118	0.115	0.116	0.117	0.112	0.109	0.110	0.113	0.113	0.116	0.114	0.113	0.118	0.116	0.113	0.115	0.119	0.107	0.110	0.111	0.117	0.116	0.110	0.112	0.113	0.114	0.116	0.113	0.114	0.111	0.112	0.108	0.110	0.108	0.105	0.107	0.103	0.111	0.106	0.105	0.103	0.444	0.463	0.096	0.087	0.092	0.094	0.092	0.089	0.090	0.088	0.087	0.089		
3:47:31	37.0	0.107	0.106	0.109	0.116	0.108	0.112	0.118	0.110	0.108	0.123	0.121	0.119	0.108	0.106	0.110	0.113	0.113	0.119	0.119	0.118	0.118	0.118	0.117	0.118	0.108	0.109	0.112	0.115	0.116	0.117	0.114	0.118	0.115	0.116	0.117	0.112	0.109	0.110	0.112	0.113	0.116	0.114	0.113	0.118	0.116	0.113	0.115	0.119	0.107	0.110	0.111	0.117	0.116	0.109	0.112	0.113	0.114	0.116	0.113	0.113	0.111	0.112	0.108	0.109	0.108	0.105	0.107	0.103	0.110	0.106	0.105	0.109	0.447	0.464	0.096	0.087	0.092	0.094	0.092	0.089	0.090	0.089	0.087	0.089		
3:51:31	37.0	0.106	0.106	0.109	0.116	0.108	0.112	0.118	0.110	0.109	0.123	0.122	0.119	0.108	0.106	0.110	0.113	0.113	0.120	0.119	0.118	0.118	0.118	0.117	0.118	0.108	0.109	0.111	0.115	0.116	0.117	0.114	0.118	0.115	0.116	0.117	0.112	0.109	0.110	0.112	0.113	0.116	0.114	0.113	0.118	0.116	0.113	0.115	0.119	0.107	0.110	0.111	0.117	0.116	0.109	0.112	0.113	0.115	0.116	0.113	0.114	0.111	0.112	0.108	0.110	0.108	0.105	0.107	0.103	0.111	0.106	0.105	0.103	0.450	0.467	0.096	0.087	0.092	0.094	0.092	0.089	0.090	0.088	0.087	0.089		
3:55:31	37.0	0.107	0.106	0.110	0.116	0.108	0.112	0.118	0.110	0.109	0.123	0.121	0.119	0.108	0.106	0.109	0.113	0.113	0.119	0.119	0.118	0.118	0.118	0.117	0.118	0.108	0.109	0.111	0.115	0.116	0.117	0.114	0.119	0.115	0.116	0.117	0.112	0.109	0.110	0.113	0.113	0.116	0.114	0.113	0.118	0.116	0.113	0.115	0.119	0.107	0.110	0.111	0.117	0.116	0.109	0.113	0.113	0.115	0.116	0.113	0.113	0.111	0.112	0.108	0.109	0.108	0.105	0.107	0.103	0.111	0.106	0.105	0.109	0.452	0.469	0.096	0.087	0.092	0.094	0.092	0.089	0.090	0.089	0.087	0.089		
3:59:31	37.0	0.106	0.106	0.109	0.116	0.108	0.112	0.118	0.110	0.108	0.124	0.122	0.119	0.109	0.106	0.109	0.113	0.113	0.119	0.119	0.118	0.118	0.118	0.117	0.119	0.108	0.109	0.112	0.115	0.116	0.117	0.114	0.119	0.115	0.116	0.117	0.112	0.109	0.110	0.112	0.113	0.116	0.114	0.113	0.118	0.116	0.113	0.115	0.119	0.107	0.110	0.111	0.117	0.116	0.109	0.112	0.113	0.115	0.116	0.113	0.113	0.111	0.112	0.108	0.109	0.108	0.105	0.106	0.103	0.111	0.105	0.105	0.103	0.456	0.472	0.096	0.087	0.092	0.094	0.092	0.089	0.090	0.088	0.087	0.089		
4:03:31	36.9	0.107	0.106	0.109	0.116	0.109	0.112	0.119	0.110	0.109	0.124	0.122	0.120	0.108	0.106	0.110	0.113	0.113	0.120	0.119	0.118	0.118	0.118	0.118	0.119	0.108	0.109	0.112	0.115	0.116	0.117	0.114	0.119	0.115	0.116	0.117	0.112	0.109	0.110	0.113	0.114	0.116	0.114	0.113	0.118	0.116	0.113	0.115	0.119	0.107	0.110	0.111	0.117	0.116	0.109	0.113	0.113	0.114	0.116	0.113	0.113	0.111	0.112	0.108	0.110	0.108	0.105	0.107	0.103	0.111	0.105	0.105	0.108	0.457	0.474	0.096	0.087	0.092	0.094	0.092	0.089	0.090	0.089	0.087	0.089		
4:07:31	37.0	0.106	0.106	0.109	0.116	0.109	0.112	0.118	0.111	0.109	0.124	0.122	0.120	0.108	0.106	0.110	0.113	0.114	0.120	0.120	0.119	0.119	0.118	0.118	0.118	0.108	0.109	0.112	0.115	0.116	0.118	0.114	0.119	0.115	0.116	0.118	0.112	0.109	0.110	0.112	0.114	0.116	0.114	0.113	0.118	0.117	0.113	0.115	0.119	0.107	0.110	0.111	0.117	0.118	0.109	0.113	0.113	0.115	0.116	0.113	0.113	0.111	0.112	0.108	0.110	0.108	0.105	0.107	0.103	0.111	0.106	0.105	0.103	0.461	0.476	0.096	0.087	0.092	0.094	0.092	0.089	0.090	0.088	0.087	0.089		
4:11:31	37.0	0.108	0.106	0.109	0.116	0.108	0.112	0.119	0.111	0.109	0.125	0.122	0.120	0.108	0.106	0.110	0.113	0.114	0.120	0.120	0.119	0.119	0.119	0.118	0.119	0.108	0.109	0.111	0.115	0.116	0.117	0.114	0.119	0.115	0.116	0.118	0.112	0.109	0.110	0.113	0.114	0.116	0.114	0.113	0.118	0.117	0.113	0.115	0.119	0.107	0.110	0.111	0.117	0.116	0.109	0.113	0.113	0.115	0.116	0.113	0.113	0.111	0.112	0.108	0.110	0.108	0.105	0.107	0.103	0.111	0.106	0.105	0.109	0.464	0.480	0.096	0.087	0.092	0.094	0.092	0.089	0.090	0.088	0.087	0.089		
4:15:31	37.0	0.107	0.106	0.109	0.116	0.108	0.113	0.119	0.111	0.109	0.125	0.123	0.120	0.108	0.106	0.110	0.113	0.114	0.120	0.120	0.119	0.119	0.119	0.118	0.119	0.108	0.109	0.111	0.116	0.116	0.117	0.114	0.119	0.116	0.117	0.118	0.113	0.109	0.110	0.113	0.114	0.116	0.114	0.114	0.118	0.117	0.114	0.115	0.120	0.107	0.110	0.111	0.117	0.117	0.109	0.113	0.113	0.115	0.116	0.113	0.113	0.111	0.112	0.108	0.110	0.108	0.105	0.107	0.103	0.111	0.105	0.105	0.103	0.467	0.485	0.096	0.087	0.092	0.094	0.092	0.089	0.090	0.088	0.087	0.089		
4:19:31	37.0	0.107	0.106	0.109	0.116	0.108	0.112	0.119	0.111	0.109	0.125	0.125	0.121	0.108	0.106	0.109	0.113	0.114	0.120	0.120	0.119	0.119	0.119	0.118	0.119	0.108	0.109	0.111	0.116	0.116	0.117	0.115	0.120	0.116	0.117	0.119	0.112	0.109	0.110	0.113	0.114	0.116	0.114	0.113	0.118	0.117	0.114	0.115	0.120	0.108	0.110	0.111	0.117	0.117	0.109	0.113	0.113	0.115	0.116	0.114	0.113	0.111	0.112	0.108	0.110	0.108	0.105	0.107	0.103	0.111	0.106	0.105	0.108	0.470	0.488	0.096	0.087	0.092	0.094	0.092	0.089	0.090	0.089	0.087	0.089		
4:23:31	37.0	0.107	0.106	0.109	0.116	0.109	0.113	0.119	0.111	0.109	0.125	0.126	0.121	0.108	0.106	0.110	0.114	0.114	0.121	0.120	0.120	0.119	0.119	0.118	0.119	0.108	0.109	0.112	0.116	0.116	0.118	0.115	0.120	0.116	0.117	0.118	0.113	0.109	0.110	0.113	0.114	0.116	0.114	0.113	0.118	0.117	0.114	0.116	0.120	0.107	0.110	0.111	0.118	0.117	0.109	0.113	0.113	0.115	0.116	0.114	0.113	0.111	0.112	0.108	0.110	0.109	0.105	0.107	0.103	0.111	0.106	0.105	0.103	0.473	0.491	0.096	0.087	0.092	0.094	0.092	0.089	0.090	0.088	0.087	0.089		
4:27:31	37.0	0.106	0.106	0.109	0.116	0.109	0.113	0.119	0.111	0.109	0.126	0.124	0.121	0.108	0.106	0.110	0.113	0.114	0.121	0.120	0.120	0.119	0.120	0.119	0.120	0.108	0.109	0.112	0.116	0.116	0.118	0.115	0.120	0.116	0.117	0.118	0.113	0.109	0.110	0.113	0.114	0.116	0.114	0.114	0.119	0.117	0.114	0.116	0.120	0.107	0.110	0.111	0.118	0.117	0.109	0.113	0.114	0.115	0.116	0.114	0.114	0.111	0.112	0.108	0.110	0.109	0.105	0.107	0.103	0.111	0.106	0.105	0.108	0.476	0.495	0.096	0.087	0.092	0.094	0.092	0.089	0.090	0.088	0.087	0.089		
4:31:31	37.0	0.107	0.106	0.109	0.116	0.108	0.113	0.120	0.111	0.109	0.126	0.126	0.121	0.108	0.106	0.110	0.113	0.114	0.121	0.120	0.120	0.119	0.120	0.119	0.120	0.108	0.109	0.112	0.116	0.116	0.118	0.115	0.120	0.116	0.117	0.119	0.113	0.109	0.110	0.113	0.114	0.116	0.115	0.114	0.119	0.117	0.114	0.116	0.120	0.107	0.110	0.111	0.118	0.117	0.109	0.113	0.113	0.115	0.116	0.114	0.114	0.111	0.112	0.108	0.110	0.108	0.105	0.107	0.103	0.111	0.106	0.105	0.103	0.481	0.499	0.096	0.087	0.092	0.094	0.092	0.089	0.090	0.089	0.087	0.090		
4:35:31	37.0	0.107	0.106	0.109	0.116	0.108	0.113	0.120	0.111	0.110	0.126	0.125	0.122	0.108	0.106	0.110	0.113	0.114	0.121	0.120	0.120	0.119	0.120	0.119	0.120	0.108	0.109	0.111	0.116	0.116	0.118	0.115	0.120	0.116	0.117	0.119	0.113	0.109	0.110	0.113	0.114	0.116	0.115	0.114	0.119	0.117	0.114	0.116	0.120	0.107	0.110	0.111	0.118	0.117	0.109	0.113	0.114	0.115	0.116	0.114	0.114	0.110	0.112	0.108	0.110	0.109	0.105	0.107	0.103	0.111	0.106	0.105	0.108	0.483	0.502	0.096	0.087	0.092	0.094	0.092	0.089	0.090	0.088	0.087	0.089		
4:39:31	37.0	0.107	0.106	0.109	0.116	0.108	0.112	0.120	0.111	0.109	0.126	0.125	0.122	0.108	0.106	0.110	0.113	0.114	0.122	0.120	0.120	0.119	0.120	0.119	0.120	0.108	0.109	0.112	0.116	0.116	0.118	0.115	0.120	0.116	0.117	0.119	0.113	0.109	0.110	0.113	0.114	0.116	0.115	0.114	0.119	0.117	0.114	0.116	0.120	0.107	0.110	0.111	0.118	0.118	0.109	0.113	0.113	0.115	0.116	0.114	0.113	0.110	0.112	0.108	0.110	0.108	0.105	0.107	0.103	0.111	0.106	0.105	0.103	0.486	0.505	0.096	0.087	0.092	0.094	0.092	0.089	0.090	0.089	0.087	0.089		
4:43:31	37.0	0.106	0.106	0.109	0.116	0.108	0.112	0.120	0.111	0.109	0.127	0.124	0.122	0.108	0.106	0.110	0.113	0.114	0.121	0.121	0.120	0.119	0.120	0.120	0.120	0.108	0.109	0.112	0.116	0.116	0.118	0.115	0.120	0.116	0.117	0.119	0.113	0.109	0.110	0.113	0.114	0.116	0.115	0.114	0.119	0.117	0.114	0.116	0.120	0.107	0.110	0.110	0.118	0.117	0.109	0.113	0.113	0.115	0.116	0.114	0.113	0.110	0.112	0.108	0.110	0.108	0.105	0.107	0.103	0.111	0.106	0.105	0.108	0.490	0.508	0.096	0.087	0.092	0.094	0.092	0.089	0.090	0.089	0.087	0.089		
4:47:31	37.0	0.107	0.106	0.109	0.116	0.108	0.112	0.120	0.110	0.108	0.127	0.125	0.122	0.108	0.106	0.109	0.113	0.114	0.121	0.121	0.120	0.119	0.120	0.120	0.120	0.108	0.109	0.112	0.116	0.116	0.118	0.115	0.120	0.116	0.117	0.119	0.114	0.109	0.110	0.113	0.114	0.116	0.115	0.114	0.119	0.117	0.114	0.116	0.120	0.107	0.110	0.111	0.118	0.117	0.109	0.113	0.113	0.115	0.116	0.114	0.113	0.110	0.112	0.108	0.109	0.108	0.105	0.107	0.103	0.110	0.106	0.105	0.103	0.493	0.511	0.096	0.087	0.092	0.094	0.092	0.088	0.090	0.088	0.087	0.089		
4:51:31	37.0	0.106	0.106	0.109	0.116	0.108	0.112	0.119	0.110	0.108	0.127	0.125	0.122	0.109	0.106	0.110	0.113	0.114	0.122	0.121	0.120	0.119	0.121	0.120	0.120	0.108	0.109	0.112	0.116	0.116	0.118	0.115	0.120	0.117	0.117	0.119	0.114	0.109	0.110	0.112	0.114	0.117	0.115	0.114	0.119	0.117	0.114	0.116	0.120	0.107	0.110	0.111	0.118	0.117	0.109	0.113	0.113	0.115	0.116	0.114	0.114	0.110	0.112	0.108	0.109	0.108	0.105	0.107	0.103	0.110	0.105	0.105	0.108	0.497	0.515	0.096	0.087	0.092	0.094	0.092	0.089	0.090	0.088	0.087	0.089		
4:55:31	37.0	0.107	0.106	0.109	0.116	0.108	0.112	0.119	0.110	0.108	0.127	0.127	0.122	0.108	0.106	0.110	0.113	0.114	0.122	0.121	0.120	0.119	0.121	0.120	0.121	0.108	0.109	0.112	0.116	0.116	0.118	0.115	0.121	0.117	0.117	0.119	0.114	0.109	0.110	0.112	0.114	0.117	0.115	0.114	0.119	0.118	0.114	0.116	0.120	0.107	0.110	0.111	0.118	0.117	0.109	0.112	0.113	0.115	0.116	0.114	0.114	0.110	0.112	0.108	0.109	0.107	0.105	0.107	0.103	0.110	0.106	0.105	0.103	0.499	0.517	0.096	0.087	0.092	0.094	0.092	0.089	0.090	0.088	0.087	0.089		
4:59:31	37.0	0.106	0.106	0.109	0.116	0.107	0.112	0.119	0.110	0.108	0.127	0.126	0.122	0.108	0.106	0.109	0.113	0.114	0.121	0.120	0.120	0.119	0.121	0.120	0.121	0.108	0.109	0.111	0.117	0.116	0.118	0.115	0.121	0.117	0.117	0.120	0.114	0.109	0.109	0.112	0.115	0.116	0.115	0.114	0.119	0.117	0.114	0.116	0.120	0.107	0.110	0.110	0.118	0.117	0.109	0.112	0.113	0.115	0.116	0.114	0.113	0.110	0.112	0.108	0.109	0.108	0.105	0.107	0.103	0.110	0.106	0.105	0.108	0.501	0.520	0.096	0.087	0.092	0.094	0.092	0.089	0.090	0.088	0.087	0.089		
5:03:31	37.0	0.107	0.106	0.109	0.116	0.108	0.112	0.119	0.110	0.108	0.128	0.134	0.122	0.108	0.106	0.109	0.114	0.114	0.122	0.120	0.121	0.119	0.121	0.121	0.121	0.108	0.109	0.111	0.116	0.116	0.118	0.115	0.121	0.117	0.117	0.120	0.114	0.109	0.110	0.112	0.114	0.116	0.115	0.114	0.119	0.118	0.114	0.116	0.120	0.107	0.110	0.111	0.118	0.117	0.109	0.112	0.113	0.115	0.116	0.114	0.113	0.110	0.112	0.108	0.109	0.108	0.105	0.107	0.103	0.110	0.106	0.105	0.103	0.504	0.524	0.096	0.087	0.092	0.094	0.092	0.089	0.090	0.088	0.087	0.089		
5:07:31	37.0	0.106	0.106	0.109	0.116	0.108	0.112	0.119	0.110	0.108	0.128	0.130	0.123	0.108	0.106	0.109	0.113	0.114	0.122	0.121	0.121	0.119	0.121	0.121	0.121	0.108	0.109	0.112	0.116	0.116	0.118	0.115	0.121	0.117	0.118	0.120	0.114	0.109	0.110	0.112	0.115	0.116	0.115	0.114	0.119	0.118	0.114	0.116	0.121	0.107	0.110	0.111	0.118	0.117	0.109	0.112	0.113	0.115	0.116	0.114	0.113	0.110	0.112	0.108	0.109	0.108	0.105	0.106	0.103	0.110	0.106	0.105	0.108	0.506	0.523	0.096	0.087	0.092	0.094	0.092	0.089	0.090	0.088	0.087	0.089		
5:11:31	37.0	0.107	0.106	0.109	0.116	0.108	0.112	0.119	0.110	0.108	0.128	0.135	0.123	0.108	0.106	0.110	0.113	0.114	0.123	0.121	0.121	0.119	0.122	0.121	0.121	0.108	0.109	0.112	0.116	0.116	0.118	0.115	0.121	0.117	0.117	0.120	0.115	0.109	0.110	0.112	0.115	0.116	0.115	0.114	0.119	0.118	0.114	0.116	0.120	0.107	0.110	0.111	0.118	0.117	0.109	0.112	0.113	0.115	0.116	0.114	0.113	0.110	0.111	0.108	0.109	0.108	0.105	0.106	0.103	0.110	0.105	0.105	0.103	0.508	0.528	0.096	0.087	0.092	0.094	0.092	0.089	0.090	0.088	0.087	0.089		
5:15:31	37.0	0.106	0.106	0.109	0.116	0.108	0.112	0.119	0.110	0.108	0.128	0.132	0.123	0.108	0.106	0.109	0.115	0.114	0.123	0.121	0.121	0.120	0.122	0.121	0.122	0.108	0.109	0.112	0.116	0.116	0.118	0.116	0.121	0.117	0.117	0.120	0.115	0.109	0.110	0.112	0.115	0.117	0.115	0.114	0.119	0.118	0.114	0.116	0.121	0.107	0.110	0.111	0.118	0.117	0.109	0.112	0.114	0.115	0.116	0.114	0.113	0.110	0.111	0.108	0.109	0.108	0.105	0.107	0.103	0.110	0.105	0.105	0.108	0.510	0.530	0.096	0.087	0.092	0.094	0.092	0.089	0.090	0.088	0.087	0.089		
5:19:31	37.0	0.106	0.106	0.109	0.116	0.108	0.112	0.119	0.110	0.108	0.128	0.125	0.123	0.108	0.106	0.109	0.114	0.114	0.123	0.121	0.122	0.120	0.122	0.122	0.122	0.108	0.109	0.112	0.116	0.116	0.118	0.116	0.121	0.117	0.118	0.121	0.115	0.109	0.110	0.112	0.115	0.117	0.115	0.114	0.120	0.118	0.114	0.116	0.121	0.107	0.110	0.111	0.118	0.117	0.109	0.112	0.114	0.115	0.116	0.114	0.113	0.110	0.111	0.108	0.109	0.108	0.105	0.106	0.103	0.110	0.105	0.105	0.103	0.511	0.534	0.096	0.087	0.092	0.094	0.092	0.089	0.090	0.088	0.087	0.089		
5:23:31	37.0	0.107	0.106	0.109	0.117	0.108	0.112	0.119	0.110	0.108	0.129	0.129	0.124	0.108	0.106	0.110	0.113	0.115	0.122	0.121	0.122	0.120	0.122	0.122	0.122	0.108	0.109	0.112	0.117	0.116	0.119	0.116	0.122	0.118	0.118	0.121	0.115	0.109	0.110	0.112	0.115	0.116	0.115	0.114	0.120	0.118	0.114	0.116	0.121	0.107	0.110	0.111	0.118	0.117	0.109	0.112	0.114	0.115	0.117	0.114	0.113	0.110	0.111	0.108	0.110	0.108	0.105	0.107	0.103	0.110	0.106	0.105	0.108	0.518	0.537	0.096	0.087	0.092	0.094	0.092	0.089	0.090	0.088	0.087	0.089		
5:27:31	37.0	0.107	0.106	0.109	0.117	0.107	0.112	0.119	0.110	0.108	0.129	0.129	0.124	0.108	0.106	0.110	0.113	0.115	0.122	0.121	0.122	0.120	0.122	0.122	0.122	0.108	0.109	0.111	0.117	0.116	0.119	0.116	0.122	0.118	0.118	0.121	0.115	0.109	0.110	0.112	0.115	0.117	0.115	0.115	0.120	0.118	0.115	0.116	0.121	0.107	0.110	0.110	0.118	0.117	0.109	0.112	0.114	0.115	0.117	0.114	0.113	0.110	0.111	0.108	0.109	0.108	0.105	0.107	0.103	0.110	0.105	0.105	0.103	0.518	0.538	0.096	0.087	0.092	0.094	0.092	0.089	0.090	0.088	0.087	0.089		
5:31:31	37.0	0.107	0.106	0.109	0.117	0.108	0.112	0.120	0.110	0.109	0.129	0.136	0.124	0.108	0.106	0.110	0.114	0.115	0.123	0.121	0.122	0.120	0.123	0.122	0.122	0.108	0.109	0.111	0.117	0.116	0.119	0.116	0.122	0.118	0.118	0.121	0.115	0.109	0.109	0.113	0.115	0.117	0.116	0.115	0.120	0.118	0.115	0.117	0.121	0.107	0.110	0.111	0.118	0.117	0.109	0.112	0.114	0.115	0.117	0.114	0.114	0.110	0.111	0.108	0.110	0.107	0.105	0.106	0.103	0.110	0.105	0.105	0.108	0.519	0.541	0.096	0.087	0.092	0.094	0.092	0.089	0.090	0.088	0.087	0.089		
5:35:31	37.0	0.106	0.106	0.109	0.117	0.108	0.112	0.120	0.110	0.109	0.130	0.137	0.124	0.108	0.106	0.110	0.113	0.115	0.123	0.121	0.123	0.120	0.123	0.123	0.122	0.108	0.109	0.112	0.117	0.116	0.119	0.116	0.122	0.118	0.118	0.121	0.116	0.109	0.110	0.113	0.115	0.117	0.116	0.115	0.120	0.119	0.115	0.117	0.121	0.107	0.110	0.111	0.118	0.117	0.109	0.113	0.114	0.115	0.117	0.115	0.114	0.110	0.111	0.108	0.110	0.108	0.105	0.107	0.103	0.110	0.106	0.105	0.103	0.521	0.545	0.096	0.087	0.092	0.094	0.092	0.089	0.090	0.088	0.087	0.089		
5:39:31	37.0	0.107	0.106	0.109	0.117	0.108	0.112	0.120	0.110	0.109	0.130	0.135	0.125	0.108	0.106	0.110	0.114	0.115	0.123	0.122	0.123	0.120	0.123	0.123	0.123	0.108	0.110	0.112	0.117	0.116	0.119	0.116	0.123	0.118	0.118	0.122	0.116	0.109	0.110	0.113	0.115	0.117	0.116	0.115	0.121	0.119	0.115	0.117	0.122	0.107	0.110	0.111	0.119	0.118	0.109	0.113	0.114	0.116	0.117	0.115	0.114	0.110	0.112	0.108	0.110	0.108	0.105	0.106	0.103	0.110	0.106	0.105	0.108	0.523	0.547	0.096	0.087	0.092	0.094	0.092	0.089	0.090	0.089	0.087	0.089		
5:43:31	37.0	0.106	0.106	0.109	0.117	0.108	0.112	0.120	0.110	0.109	0.130	0.126	0.125	0.109	0.106	0.110	0.114	0.115	0.123	0.122	0.123	0.120	0.124	0.123	0.123	0.108	0.109	0.112	0.117	0.116	0.119	0.116	0.123	0.118	0.118	0.122	0.117	0.109	0.110	0.113	0.116	0.117	0.116	0.115	0.121	0.119	0.115	0.117	0.122	0.107	0.110	0.110	0.119	0.118	0.109	0.113	0.114	0.116	0.117	0.115	0.114	0.110	0.112	0.108	0.110	0.108	0.105	0.107	0.103	0.111	0.105	0.105	0.103	0.524	0.547	0.096	0.087	0.092	0.094	0.092	0.089	0.090	0.088	0.087	0.089		
5:47:31	37.0	0.108	0.106	0.111	0.117	0.108	0.112	0.120	0.110	0.109	0.130	0.126	0.125	0.108	0.106	0.110	0.114	0.115	0.124	0.122	0.123	0.121	0.124	0.123	0.123	0.108	0.109	0.112	0.117	0.116	0.119	0.117	0.123	0.119	0.119	0.122	0.116	0.109	0.110	0.113	0.115	0.117	0.116	0.115	0.121	0.119	0.115	0.117	0.122	0.107	0.110	0.111	0.119	0.118	0.109	0.113	0.114	0.116	0.117	0.115	0.114	0.110	0.112	0.108	0.110	0.108	0.105	0.107	0.103	0.111	0.106	0.105	0.109	0.526	0.551	0.096	0.087	0.092	0.094	0.092	0.089	0.090	0.089	0.087	0.089		
5:51:31	37.0	0.107	0.106	0.109	0.117	0.108	0.112	0.120	0.110	0.109	0.131	0.126	0.125	0.108	0.106	0.110	0.114	0.115	0.124	0.122	0.124	0.121	0.124	0.124	0.124	0.108	0.109	0.112	0.117	0.117	0.119	0.117	0.123	0.119	0.119	0.122	0.116	0.109	0.110	0.113	0.116	0.117	0.116	0.116	0.121	0.119	0.115	0.117	0.122	0.107	0.110	0.111	0.119	0.118	0.109	0.113	0.114	0.116	0.117	0.115	0.114	0.110	0.112	0.108	0.110	0.108	0.105	0.107	0.103	0.111	0.106	0.105	0.103	0.528	0.551	0.096	0.087	0.092	0.094	0.092	0.089	0.090	0.088	0.087	0.089		
5:55:31	37.0	0.107	0.106	0.109	0.117	0.108	0.112	0.120	0.110	0.110	0.131	0.126	0.126	0.108	0.106	0.110	0.114	0.115	0.124	0.122	0.124	0.121	0.124	0.124	0.124	0.108	0.109	0.112	0.117	0.117	0.120	0.117	0.124	0.119	0.119	0.122	0.117	0.109	0.110	0.113	0.116	0.117	0.116	0.115	0.121	0.119	0.115	0.117	0.122	0.107	0.110	0.111	0.119	0.118	0.109	0.113	0.114	0.116	0.117	0.115	0.114	0.110	0.112	0.108	0.110	0.108	0.105	0.106	0.103	0.110	0.106	0.105	0.108	0.529	0.556	0.096	0.087	0.092	0.094	0.092	0.089	0.090	0.088	0.087	0.089		
5:59:31	37.0	0.107	0.106	0.109	0.118	0.108	0.112	0.120	0.110	0.109	0.131	0.126	0.126	0.108	0.106	0.110	0.114	0.115	0.124	0.122	0.124	0.121	0.125	0.124	0.124	0.108	0.109	0.112	0.117	0.117	0.120	0.117	0.124	0.119	0.119	0.123	0.117	0.109	0.110	0.113	0.116	0.117	0.116	0.117	0.122	0.120	0.115	0.117	0.122	0.107	0.110	0.111	0.119	0.118	0.109	0.113	0.114	0.116	0.117	0.115	0.114	0.110	0.112	0.108	0.110	0.108	0.105	0.107	0.103	0.110	0.106	0.105	0.107	0.532	0.556	0.096	0.087	0.092	0.094	0.092	0.089	0.090	0.088	0.087	0.089		
6:03:31	37.0	0.107	0.106	0.109	0.117	0.108	0.112	0.120	0.110	0.109	0.131	0.127	0.126	0.108	0.106	0.110	0.114	0.116	0.124	0.122	0.124	0.121	0.125	0.124	0.124	0.108	0.109	0.112	0.117	0.117	0.120	0.117	0.124	0.119	0.119	0.123	0.117	0.109	0.110	0.113	0.116	0.117	0.116	0.116	0.122	0.120	0.115	0.118	0.123	0.107	0.110	0.110	0.119	0.118	0.109	0.114	0.114	0.116	0.118	0.115	0.114	0.110	0.112	0.108	0.110	0.108	0.105	0.107	0.103	0.110	0.106	0.105	0.107	0.533	0.558	0.096	0.087	0.092	0.094	0.092	0.089	0.090	0.088	0.087	0.089		
6:07:31	37.0	0.107	0.106	0.109	0.117	0.108	0.112	0.120	0.110	0.109	0.131	0.127	0.126	0.108	0.106	0.110	0.114	0.116	0.124	0.122	0.124	0.121	0.125	0.124	0.125	0.108	0.109	0.112	0.117	0.117	0.120	0.117	0.124	0.119	0.119	0.123	0.117	0.109	0.110	0.113	0.116	0.118	0.116	0.117	0.122	0.120	0.116	0.118	0.123	0.107	0.110	0.111	0.119	0.118	0.109	0.113	0.114	0.116	0.118	0.115	0.114	0.110	0.112	0.108	0.110	0.108	0.105	0.107	0.103	0.111	0.105	0.105	0.107	0.537	0.561	0.096	0.087	0.092	0.094	0.092	0.089	0.090	0.089	0.087	0.089		
6:11:31	37.0	0.107	0.106	0.110	0.117	0.107	0.112	0.119	0.110	0.109	0.131	0.126	0.126	0.108	0.106	0.110	0.114	0.116	0.124	0.122	0.125	0.121	0.125	0.125	0.125	0.108	0.109	0.111	0.118	0.117	0.120	0.117	0.124	0.119	0.119	0.123	0.117	0.109	0.110	0.113	0.116	0.117	0.116	0.116	0.122	0.120	0.115	0.118	0.123	0.107	0.110	0.111	0.119	0.118	0.109	0.113	0.115	0.116	0.118	0.115	0.114	0.110	0.112	0.108	0.110	0.108	0.105	0.106	0.103	0.110	0.106	0.105	0.107	0.539	0.561	0.096	0.087	0.092	0.094	0.092	0.089	0.090	0.088	0.087	0.089		
6:15:31	37.0	0.107	0.106	0.109	0.117	0.107	0.112	0.119	0.110	0.109	0.131	0.126	0.126	0.108	0.106	0.109	0.113	0.116	0.124	0.122	0.124	0.120	0.125	0.124	0.125	0.108	0.109	0.112	0.117	0.117	0.120	0.117	0.124	0.119	0.119	0.123	0.117	0.109	0.110	0.112	0.116	0.118	0.116	0.116	0.122	0.120	0.115	0.117	0.123	0.107	0.110	0.111	0.119	0.118	0.109	0.112	0.114	0.116	0.118	0.115	0.114	0.110	0.111	0.108	0.110	0.108	0.105	0.107	0.103	0.110	0.106	0.105	0.107	0.537	0.565	0.096	0.087	0.092	0.094	0.092	0.089	0.090	0.088	0.087	0.089		
6:19:31	37.0	0.107	0.106	0.109	0.117	0.107	0.112	0.119	0.109	0.109	0.131	0.126	0.126	0.108	0.106	0.109	0.113	0.115	0.124	0.121	0.124	0.120	0.126	0.125	0.125	0.108	0.109	0.112	0.117	0.116	0.120	0.117	0.124	0.119	0.119	0.123	0.117	0.109	0.110	0.112	0.116	0.117	0.116	0.116	0.122	0.120	0.116	0.118	0.123	0.107	0.110	0.111	0.119	0.118	0.109	0.112	0.114	0.116	0.118	0.115	0.114	0.110	0.111	0.108	0.109	0.107	0.105	0.107	0.103	0.110	0.106	0.105	0.107	0.543	0.568	0.096	0.087	0.092	0.094	0.092	0.089	0.090	0.088	0.087	0.089		
6:23:31	37.0	0.107	0.106	0.109	0.117	0.107	0.111	0.118	0.109	0.109	0.131	0.126	0.126	0.108	0.106	0.109	0.113	0.115	0.124	0.121	0.124	0.120	0.126	0.125	0.125	0.108	0.109	0.111	0.117	0.116	0.120	0.117	0.124	0.119	0.119	0.123	0.117	0.109	0.109	0.112	0.116	0.117	0.117	0.116	0.122	0.120	0.116	0.118	0.123	0.107	0.110	0.111	0.119	0.118	0.109	0.112	0.115	0.116	0.118	0.115	0.114	0.110	0.111	0.108	0.109	0.107	0.105	0.107	0.103	0.110	0.105	0.105	0.107	0.542	0.569	0.096	0.087	0.092	0.094	0.092	0.089	0.090	0.088	0.087	0.089		
6:27:31	37.0	0.107	0.106	0.109	0.117	0.107	0.111	0.118	0.109	0.108	0.130	0.125	0.126	0.108	0.106	0.109	0.113	0.115	0.124	0.121	0.124	0.120	0.125	0.125	0.125	0.108	0.109	0.111	0.117	0.116	0.120	0.117	0.124	0.119	0.119	0.123	0.117	0.109	0.109	0.112	0.116	0.117	0.116	0.116	0.122	0.120	0.116	0.118	0.123	0.107	0.110	0.111	0.119	0.118	0.109	0.112	0.115	0.116	0.118	0.115	0.113	0.110	0.111	0.108	0.109	0.107	0.105	0.107	0.103	0.110	0.106	0.105	0.107	0.545	0.572	0.096	0.087	0.092	0.094	0.092	0.089	0.090	0.088	0.087	0.089		
6:31:31	37.0	0.107	0.106	0.109	0.117	0.107	0.111	0.118	0.109	0.108	0.130	0.125	0.126	0.108	0.106	0.109	0.113	0.115	0.124	0.121	0.124	0.120	0.126	0.125	0.125	0.108	0.109	0.111	0.117	0.116	0.120	0.117	0.124	0.119	0.119	0.123	0.117	0.109	0.109	0.112	0.116	0.117	0.116	0.116	0.122	0.120	0.115	0.118	0.123	0.107	0.110	0.111	0.119	0.118	0.109	0.111	0.114	0.116	0.118	0.115	0.113	0.109	0.111	0.108	0.109	0.107	0.105	0.106	0.103	0.109	0.106	0.105	0.107	0.547	0.575	0.096	0.087	0.092	0.094	0.092	0.088	0.090	0.088	0.087	0.089		
6:35:31	37.0	0.107	0.106	0.110	0.117	0.107	0.111	0.118	0.109	0.108	0.130	0.125	0.125	0.108	0.106	0.109	0.113	0.115	0.124	0.121	0.124	0.120	0.126	0.125	0.126	0.108	0.109	0.112	0.117	0.116	0.121	0.117	0.124	0.119	0.119	0.123	0.117	0.109	0.109	0.112	0.116	0.117	0.116	0.116	0.123	0.120	0.116	0.118	0.123	0.107	0.110	0.111	0.119	0.118	0.109	0.111	0.114	0.116	0.118	0.115	0.113	0.110	0.111	0.108	0.109	0.107	0.105	0.107	0.103	0.109	0.105	0.105	0.107	0.549	0.590	0.096	0.087	0.092	0.094	0.092	0.089	0.090	0.088	0.087	0.089		
6:39:31	37.0	0.106	0.106	0.108	0.117	0.107	0.111	0.118	0.109	0.107	0.130	0.125	0.126	0.109	0.106	0.109	0.113	0.115	0.124	0.121	0.124	0.119	0.126	0.125	0.126	0.108	0.109	0.111	0.117	0.116	0.121	0.116	0.124	0.119	0.119	0.123	0.117	0.109	0.109	0.112	0.116	0.117	0.117	0.116	0.122	0.120	0.116	0.118	0.123	0.107	0.110	0.111	0.119	0.118	0.109	0.111	0.114	0.116	0.118	0.115	0.113	0.109	0.111	0.108	0.108	0.107	0.105	0.107	0.103	0.109	0.105	0.105	0.107	0.553	0.580	0.096	0.087	0.092	0.094	0.092	0.089	0.090	0.088	0.087	0.089		
6:43:31	37.0	0.107	0.106	0.109	0.117	0.107	0.111	0.118	0.109	0.108	0.130	0.125	0.126	0.108	0.106	0.109	0.114	0.115	0.124	0.121	0.125	0.120	0.126	0.125	0.126	0.108	0.109	0.112	0.118	0.116	0.121	0.117	0.125	0.119	0.119	0.123	0.117	0.109	0.109	0.112	0.116	0.117	0.117	0.116	0.123	0.120	0.116	0.118	0.124	0.107	0.110	0.111	0.120	0.118	0.109	0.112	0.115	0.117	0.118	0.115	0.113	0.109	0.111	0.108	0.109	0.107	0.105	0.107	0.103	0.109	0.105	0.105	0.107	0.554	0.579	0.096	0.087	0.092	0.094	0.092	0.089	0.090	0.089	0.087	0.089		
6:47:31	37.0	0.107	0.106	0.109	0.117	0.107	0.111	0.118	0.109	0.108	0.130	0.125	0.126	0.108	0.106	0.109	0.114	0.115	0.124	0.121	0.124	0.120	0.126	0.125	0.126	0.108	0.109	0.112	0.118	0.116	0.121	0.117	0.125	0.119	0.119	0.123	0.117	0.109	0.109	0.112	0.116	0.117	0.117	0.116	0.123	0.120	0.116	0.118	0.124	0.107	0.110	0.111	0.120	0.118	0.109	0.112	0.115	0.116	0.118	0.115	0.113	0.109	0.111	0.108	0.109	0.107	0.105	0.106	0.103	0.109	0.105	0.105	0.107	0.555	0.584	0.096	0.087	0.092	0.094	0.092	0.089	0.090	0.088	0.087	0.089		
6:51:31	37.0	0.107	0.106	0.109	0.117	0.107	0.111	0.118	0.109	0.108	0.130	0.125	0.126	0.108	0.106	0.109	0.113	0.116	0.125	0.121	0.124	0.120	0.127	0.125	0.126	0.108	0.109	0.112	0.118	0.116	0.121	0.117	0.125	0.119	0.119	0.124	0.117	0.109	0.109	0.112	0.117	0.117	0.117	0.116	0.123	0.120	0.116	0.118	0.124	0.107	0.110	0.111	0.120	0.118	0.109	0.112	0.115	0.116	0.118	0.115	0.113	0.109	0.111	0.108	0.109	0.107	0.105	0.107	0.103	0.109	0.105	0.105	0.107	0.556	0.586	0.096	0.087	0.092	0.094	0.092	0.089	0.090	0.088	0.087	0.089		
6:55:31	37.0	0.106	0.106	0.109	0.117	0.107	0.111	0.118	0.109	0.108	0.130	0.131	0.126	0.108	0.106	0.109	0.114	0.116	0.124	0.121	0.125	0.120	0.127	0.125	0.126	0.108	0.109	0.112	0.118	0.116	0.121	0.117	0.125	0.119	0.119	0.124	0.117	0.109	0.109	0.112	0.116	0.118	0.117	0.117	0.123	0.120	0.116	0.118	0.124	0.107	0.110	0.111	0.119	0.118	0.109	0.112	0.115	0.116	0.118	0.116	0.114	0.109	0.111	0.108	0.109	0.107	0.105	0.107	0.103	0.109	0.106	0.105	0.107	0.559	0.586	0.096	0.087	0.092	0.094	0.092	0.089	0.090	0.088	0.087	0.089		
6:59:31	37.0	0.107	0.106	0.109	0.117	0.107	0.111	0.118	0.109	0.108	0.130	0.125	0.126	0.108	0.106	0.109	0.114	0.116	0.124	0.121	0.125	0.120	0.127	0.125	0.127	0.108	0.109	0.112	0.118	0.116	0.122	0.117	0.125	0.119	0.119	0.125	0.117	0.109	0.109	0.112	0.117	0.118	0.117	0.116	0.123	0.120	0.116	0.118	0.124	0.107	0.110	0.111	0.120	0.118	0.109	0.112	0.115	0.116	0.118	0.115	0.113	0.109	0.111	0.108	0.109	0.107	0.105	0.106	0.103	0.109	0.105	0.105	0.107	0.561	0.591	0.096	0.087	0.092	0.094	0.092	0.089	0.090	0.088	0.087	0.089		
7:03:31	37.0	0.107	0.106	0.109	0.117	0.107	0.111	0.118	0.109	0.108	0.130	0.125	0.126	0.108	0.106	0.109	0.114	0.116	0.125	0.121	0.125	0.120	0.127	0.125	0.127	0.108	0.109	0.112	0.118	0.116	0.122	0.117	0.125	0.119	0.119	0.124	0.117	0.109	0.109	0.112	0.117	0.117	0.118	0.116	0.124	0.120	0.116	0.118	0.124	0.107	0.110	0.111	0.120	0.118	0.109	0.112	0.115	0.117	0.118	0.115	0.113	0.109	0.111	0.108	0.109	0.107	0.105	0.106	0.103	0.110	0.105	0.105	0.107	0.564	0.593	0.096	0.087	0.092	0.094	0.092	0.089	0.090	0.088	0.087	0.089		
7:07:31	37.0	0.107	0.106	0.108	0.117	0.107	0.111	0.118	0.109	0.108	0.130	0.125	0.126	0.108	0.106	0.109	0.114	0.116	0.124	0.121	0.125	0.120	0.127	0.126	0.127	0.108	0.109	0.111	0.118	0.116	0.122	0.117	0.126	0.119	0.119	0.124	0.118	0.109	0.109	0.113	0.117	0.118	0.117	0.117	0.124	0.121	0.116	0.118	0.124	0.107	0.110	0.110	0.120	0.118	0.109	0.112	0.115	0.116	0.118	0.116	0.113	0.109	0.111	0.108	0.109	0.107	0.105	0.106	0.103	0.109	0.106	0.105	0.107	0.567	0.596	0.096	0.087	0.092	0.094	0.092	0.089	0.090	0.088	0.087	0.089		
7:11:31	37.0	0.107	0.106	0.109	0.117	0.107	0.111	0.118	0.109	0.108	0.131	0.125	0.126	0.108	0.106	0.110	0.114	0.116	0.124	0.121	0.125	0.120	0.128	0.126	0.127	0.108	0.109	0.111	0.118	0.116	0.122	0.117	0.126	0.120	0.119	0.124	0.118	0.109	0.109	0.112	0.117	0.118	0.118	0.117	0.124	0.121	0.117	0.118	0.124	0.107	0.110	0.111	0.120	0.119	0.110	0.112	0.115	0.117	0.118	0.116	0.114	0.109	0.111	0.108	0.109	0.107	0.105	0.107	0.103	0.110	0.105	0.105	0.107	0.568	0.601	0.096	0.087	0.092	0.094	0.092	0.089	0.090	0.088	0.087	0.089		
7:15:31	37.0	0.107	0.106	0.109	0.117	0.107	0.111	0.118	0.109	0.109	0.131	0.126	0.127	0.108	0.106	0.110	0.114	0.116	0.125	0.121	0.125	0.120	0.128	0.126	0.127	0.108	0.109	0.111	0.118	0.116	0.122	0.117	0.126	0.120	0.119	0.125	0.118	0.109	0.109	0.113	0.117	0.118	0.118	0.117	0.124	0.121	0.117	0.119	0.125	0.107	0.110	0.110	0.120	0.119	0.109	0.112	0.115	0.117	0.118	0.116	0.114	0.109	0.111	0.108	0.109	0.107	0.105	0.106	0.103	0.110	0.105	0.105	0.107	0.572	0.604	0.096	0.087	0.092	0.094	0.092	0.089	0.090	0.088	0.087	0.089		
7:19:31	37.0	0.108	0.106	0.109	0.117	0.107	0.112	0.118	0.109	0.109	0.131	0.126	0.127	0.108	0.106	0.110	0.114	0.116	0.125	0.121	0.126	0.120	0.128	0.126	0.127	0.108	0.109	0.111	0.118	0.116	0.122	0.117	0.126	0.120	0.119	0.125	0.118	0.109	0.109	0.113	0.117	0.118	0.118	0.117	0.124	0.121	0.117	0.119	0.125	0.107	0.110	0.110	0.120	0.119	0.109	0.112	0.115	0.117	0.119	0.116	0.113	0.109	0.111	0.108	0.109	0.108	0.105	0.107	0.103	0.110	0.105	0.105	0.107	0.576	0.606	0.096	0.087	0.092	0.094	0.092	0.089	0.090	0.088	0.087	0.089		
7:23:31	37.0	0.107	0.106	0.109	0.118	0.107	0.112	0.118	0.110	0.109	0.131	0.126	0.127	0.108	0.106	0.110	0.114	0.116	0.125	0.122	0.126	0.120	0.129	0.126	0.128	0.108	0.110	0.111	0.118	0.117	0.123	0.117	0.126	0.120	0.120	0.125	0.118	0.109	0.109	0.113	0.117	0.118	0.118	0.117	0.125	0.121	0.117	0.118	0.125	0.107	0.110	0.110	0.120	0.119	0.109	0.113	0.115	0.117	0.119	0.116	0.114	0.110	0.111	0.108	0.110	0.108	0.105	0.107	0.103	0.110	0.105	0.105	0.107	0.578	0.607	0.096	0.087	0.092	0.094	0.092	0.089	0.090	0.088	0.087	0.089		
7:27:31	37.0	0.106	0.106	0.109	0.118	0.107	0.112	0.118	0.110	0.109	0.131	0.127	0.127	0.108	0.106	0.110	0.115	0.116	0.125	0.121	0.125	0.120	0.129	0.126	0.128	0.108	0.109	0.112	0.118	0.116	0.123	0.118	0.126	0.120	0.119	0.126	0.118	0.109	0.109	0.113	0.117	0.118	0.118	0.117	0.125	0.121	0.117	0.118	0.125	0.107	0.110	0.110	0.120	0.119	0.109	0.113	0.115	0.117	0.119	0.116	0.113	0.109	0.111	0.108	0.109	0.108	0.105	0.107	0.103	0.110	0.105	0.105	0.107	0.581	0.611	0.096	0.087	0.092	0.094	0.092	0.089	0.090	0.088	0.087	0.089		
7:31:31	37.0	0.107	0.106	0.109	0.117	0.107	0.111	0.118	0.109	0.108	0.131	0.126	0.127	0.108	0.106	0.110	0.114	0.116	0.125	0.121	0.125	0.120	0.128	0.126	0.128	0.108	0.110	0.111	0.118	0.116	0.123	0.117	0.126	0.120	0.119	0.125	0.118	0.109	0.109	0.113	0.117	0.118	0.118	0.117	0.125	0.121	0.117	0.119	0.125	0.107	0.110	0.111	0.121	0.119	0.109	0.112	0.115	0.117	0.119	0.116	0.113	0.109	0.111	0.108	0.109	0.108	0.105	0.107	0.103	0.110	0.105	0.105	0.107	0.584	0.615	0.096	0.087	0.092	0.094	0.092	0.088	0.090	0.088	0.087	0.089		
7:35:31	37.0	0.106	0.106	0.108	0.117	0.107	0.111	0.118	0.109	0.108	0.131	0.126	0.127	0.108	0.106	0.109	0.114	0.116	0.125	0.121	0.125	0.120	0.128	0.126	0.128	0.108	0.109	0.111	0.118	0.116	0.123	0.117	0.126	0.119	0.119	0.125	0.118	0.109	0.109	0.113	0.117	0.118	0.118	0.117	0.125	0.121	0.117	0.118	0.125	0.107	0.110	0.110	0.120	0.118	0.110	0.112	0.115	0.117	0.119	0.116	0.113	0.109	0.111	0.108	0.109	0.108	0.105	0.106	0.103	0.110	0.105	0.104	0.107	0.585	0.616	0.096	0.087	0.092	0.094	0.092	0.088	0.090	0.088	0.087	0.089		
7:39:31	37.0	0.108	0.106	0.108	0.117	0.107	0.111	0.118	0.109	0.108	0.130	0.125	0.126	0.108	0.106	0.110	0.114	0.116	0.125	0.121	0.125	0.120	0.128	0.126	0.128	0.108	0.109	0.111	0.118	0.116	0.123	0.117	0.126	0.119	0.119	0.125	0.118	0.109	0.109	0.113	0.117	0.118	0.118	0.117	0.125	0.121	0.117	0.118	0.126	0.107	0.110	0.110	0.120	0.118	0.109	0.112	0.115	0.117	0.119	0.116	0.113	0.109	0.111	0.108	0.109	0.107	0.105	0.107	0.103	0.109	0.105	0.105	0.107	0.588	0.619	0.096	0.087	0.092	0.094	0.092	0.088	0.090	0.088	0.087	0.089		
7:43:31	37.0	0.106	0.106	0.108	0.117	0.107	0.111	0.117	0.109	0.108	0.130	0.124	0.126	0.108	0.106	0.109	0.114	0.116	0.125	0.120	0.125	0.120	0.128	0.126	0.128	0.108	0.109	0.111	0.118	0.116	0.123	0.117	0.126	0.119	0.119	0.125	0.118	0.109	0.109	0.113	0.117	0.118	0.118	0.117	0.125	0.120	0.117	0.118	0.125	0.107	0.110	0.110	0.120	0.118	0.109	0.111	0.116	0.117	0.119	0.116	0.113	0.109	0.111	0.108	0.109	0.107	0.105	0.107	0.103	0.109	0.105	0.105	0.107	0.591	0.622	0.096	0.087	0.092	0.094	0.092	0.089	0.090	0.088	0.087	0.089		
7:47:31	37.0	0.107	0.106	0.108	0.117	0.107	0.111	0.117	0.109	0.108	0.130	0.124	0.126	0.108	0.106	0.109	0.114	0.116	0.125	0.120	0.124	0.119	0.128	0.126	0.127	0.108	0.109	0.111	0.118	0.116	0.123	0.117	0.126	0.119	0.119	0.125	0.118	0.109	0.109	0.112	0.117	0.117	0.118	0.117	0.125	0.120	0.117	0.118	0.126	0.107	0.110	0.111	0.120	0.118	0.109	0.112	0.115	0.116	0.119	0.116	0.113	0.109	0.111	0.108	0.109	0.107	0.105	0.107	0.103	0.109	0.105	0.105	0.107	0.593	0.624	0.096	0.087	0.092	0.094	0.092	0.088	0.090	0.088	0.087	0.089		
7:51:31	37.0	0.106	0.106	0.108	0.117	0.107	0.111	0.117	0.108	0.108	0.129	0.127	0.126	0.108	0.106	0.109	0.114	0.116	0.125	0.120	0.124	0.119	0.128	0.126	0.127	0.108	0.109	0.111	0.118	0.116	0.123	0.117	0.126	0.119	0.119	0.125	0.117	0.109	0.109	0.112	0.117	0.118	0.118	0.117	0.125	0.120	0.117	0.118	0.126	0.107	0.110	0.111	0.121	0.119	0.109	0.111	0.115	0.117	0.119	0.116	0.114	0.109	0.111	0.108	0.109	0.107	0.105	0.106	0.103	0.109	0.105	0.105	0.107	0.597	0.629	0.096	0.087	0.092	0.094	0.092	0.089	0.090	0.088	0.087	0.089		
7:55:31	37.0	0.106	0.106	0.108	0.117	0.107	0.111	0.117	0.108	0.108	0.129	0.131	0.126	0.108	0.106	0.109	0.114	0.116	0.124	0.120	0.124	0.119	0.128	0.125	0.127	0.108	0.109	0.111	0.118	0.116	0.123	0.117	0.126	0.119	0.119	0.125	0.117	0.109	0.109	0.112	0.117	0.117	0.118	0.116	0.125	0.120	0.117	0.118	0.126	0.107	0.110	0.111	0.120	0.118	0.109	0.111	0.115	0.116	0.119	0.116	0.113	0.109	0.111	0.108	0.109	0.107	0.105	0.107	0.103	0.109	0.105	0.105	0.107	0.600	0.631	0.096	0.087	0.092	0.094	0.092	0.089	0.090	0.088	0.087	0.089		
7:59:31	37.0	0.106	0.106	0.108	0.117	0.107	0.111	0.117	0.108	0.108	0.129	0.124	0.125	0.108	0.106	0.109	0.114	0.116	0.124	0.120	0.124	0.119	0.128	0.125	0.127	0.108	0.109	0.111	0.118	0.116	0.123	0.116	0.125	0.118	0.119	0.125	0.117	0.109	0.109	0.112	0.117	0.117	0.118	0.117	0.125	0.120	0.117	0.118	0.126	0.107	0.110	0.111	0.120	0.118	0.109	0.111	0.115	0.116	0.119	0.116	0.113	0.109	0.111	0.108	0.108	0.107	0.105	0.106	0.103	0.109	0.105	0.105	0.107	0.599	0.634	0.096	0.087	0.092	0.094	0.092	0.089	0.090	0.088	0.087	0.089		
8:03:31	37.0	0.107	0.106	0.108	0.116	0.107	0.111	0.117	0.108	0.108	0.129	0.124	0.125	0.108	0.106	0.109	0.114	0.116	0.125	0.120	0.124	0.119	0.128	0.126	0.127	0.108	0.109	0.111	0.118	0.116	0.123	0.116	0.125	0.119	0.119	0.125	0.117	0.109	0.109	0.112	0.117	0.117	0.118	0.117	0.125	0.120	0.116	0.118	0.126	0.107	0.110	0.111	0.120	0.118	0.109	0.111	0.115	0.116	0.119	0.116	0.113	0.109	0.111	0.108	0.109	0.107	0.105	0.107	0.103	0.109	0.105	0.105	0.107	0.599	0.636	0.096	0.087	0.092	0.094	0.092	0.088	0.090	0.088	0.087	0.089		
8:07:31	37.0	0.106	0.106	0.108	0.116	0.107	0.111	0.117	0.108	0.107	0.129	0.131	0.125	0.108	0.106	0.109	0.114	0.115	0.124	0.119	0.124	0.119	0.128	0.125	0.127	0.108	0.109	0.111	0.118	0.116	0.123	0.116	0.126	0.119	0.118	0.125	0.117	0.109	0.109	0.112	0.117	0.117	0.118	0.117	0.125	0.120	0.116	0.118	0.126	0.107	0.110	0.111	0.121	0.118	0.109	0.111	0.115	0.116	0.119	0.116	0.113	0.109	0.111	0.108	0.108	0.106	0.105	0.106	0.103	0.108	0.105	0.105	0.107	0.600	0.637	0.096	0.087	0.092	0.094	0.092	0.089	0.090	0.088	0.087	0.089		
8:11:31	37.0	0.107	0.106	0.109	0.116	0.106	0.111	0.117	0.108	0.107	0.129	0.124	0.125	0.108	0.106	0.109	0.114	0.116	0.125	0.120	0.124	0.119	0.128	0.125	0.127	0.108	0.109	0.111	0.119	0.116	0.123	0.117	0.126	0.119	0.119	0.125	0.117	0.109	0.109	0.112	0.117	0.118	0.118	0.117	0.125	0.121	0.117	0.119	0.126	0.107	0.110	0.111	0.121	0.118	0.109	0.111	0.115	0.116	0.119	0.116	0.113	0.109	0.110	0.108	0.108	0.107	0.105	0.107	0.103	0.109	0.105	0.105	0.107	0.603	0.634	0.096	0.087	0.092	0.094	0.092	0.089	0.090	0.088	0.087	0.089		
8:15:31	37.0	0.107	0.106	0.108	0.117	0.106	0.111	0.117	0.108	0.107	0.129	0.124	0.125	0.108	0.106	0.109	0.114	0.115	0.125	0.120	0.124	0.119	0.128	0.125	0.127	0.108	0.109	0.111	0.118	0.116	0.123	0.116	0.126	0.119	0.119	0.125	0.117	0.109	0.109	0.112	0.117	0.117	0.118	0.117	0.125	0.121	0.117	0.119	0.126	0.107	0.110	0.111	0.121	0.118	0.109	0.111	0.115	0.116	0.119	0.116	0.113	0.109	0.111	0.108	0.109	0.107	0.105	0.106	0.103	0.109	0.105	0.105	0.107	0.603	0.637	0.096	0.087	0.092	0.094	0.092	0.088	0.090	0.088	0.087	0.089		
8:19:31	37.0	0.107	0.106	0.108	0.117	0.106	0.111	0.117	0.109	0.107	0.129	0.124	0.126	0.108	0.106	0.109	0.114	0.116	0.125	0.120	0.124	0.119	0.128	0.126	0.128	0.108	0.109	0.111	0.118	0.116	0.123	0.116	0.126	0.119	0.119	0.125	0.117	0.109	0.109	0.112	0.117	0.118	0.118	0.117	0.125	0.121	0.117	0.118	0.126	0.107	0.110	0.111	0.121	0.118	0.110	0.111	0.115	0.117	0.119	0.116	0.113	0.109	0.111	0.108	0.109	0.107	0.105	0.107	0.103	0.109	0.105	0.105	0.107	0.602	0.636	0.096	0.087	0.092	0.094	0.092	0.089	0.090	0.088	0.087	0.089		
8:23:31	37.0	0.108	0.106	0.108	0.117	0.106	0.111	0.117	0.108	0.107	0.129	0.124	0.126	0.108	0.106	0.109	0.114	0.116	0.125	0.120	0.124	0.119	0.128	0.126	0.128	0.108	0.109	0.111	0.118	0.116	0.123	0.116	0.126	0.119	0.119	0.125	0.117	0.109	0.109	0.112	0.118	0.118	0.119	0.117	0.125	0.121	0.117	0.119	0.126	0.107	0.110	0.111	0.121	0.118	0.109	0.111	0.115	0.117	0.119	0.116	0.113	0.109	0.110	0.108	0.109	0.107	0.105	0.106	0.103	0.108	0.105	0.105	0.106	0.602	0.637	0.096	0.087	0.092	0.094	0.092	0.088	0.090	0.088	0.087	0.089		
8:27:31	37.0	0.107	0.106	0.108	0.117	0.106	0.111	0.117	0.109	0.108	0.130	0.133	0.126	0.108	0.106	0.109	0.114	0.116	0.124	0.120	0.124	0.119	0.128	0.126	0.128	0.108	0.109	0.111	0.118	0.116	0.123	0.117	0.126	0.119	0.119	0.125	0.118	0.109	0.109	0.112	0.117	0.118	0.119	0.117	0.126	0.121	0.117	0.119	0.126	0.107	0.110	0.110	0.121	0.118	0.109	0.112	0.115	0.117	0.119	0.116	0.113	0.109	0.111	0.108	0.109	0.107	0.105	0.107	0.103	0.109	0.105	0.105	0.106	0.603	0.640	0.096	0.087	0.092	0.094	0.092	0.089	0.090	0.088	0.087	0.089		
8:31:31	37.0	0.107	0.106	0.108	0.117	0.107	0.111	0.117	0.109	0.108	0.130	0.124	0.126	0.108	0.106	0.109	0.114	0.116	0.125	0.120	0.124	0.119	0.129	0.126	0.128	0.108	0.109	0.111	0.118	0.116	0.123	0.117	0.126	0.119	0.119	0.125	0.118	0.109	0.109	0.112	0.118	0.118	0.119	0.118	0.126	0.121	0.117	0.118	0.126	0.107	0.110	0.111	0.121	0.118	0.109	0.112	0.115	0.117	0.119	0.116	0.113	0.109	0.111	0.108	0.109	0.107	0.105	0.106	0.103	0.109	0.105	0.105	0.106	0.603	0.636	0.096	0.087	0.092	0.094	0.092	0.089	0.090	0.088	0.087	0.089		
8:35:31	37.0	0.109	0.106	0.108	0.117	0.107	0.111	0.117	0.109	0.107	0.129	0.125	0.126	0.108	0.106	0.109	0.114	0.116	0.125	0.120	0.125	0.119	0.129	0.126	0.128	0.108	0.109	0.111	0.118	0.116	0.124	0.117	0.126	0.119	0.119	0.126	0.118	0.109	0.109	0.112	0.117	0.118	0.119	0.117	0.126	0.121	0.117	0.119	0.127	0.107	0.110	0.110	0.121	0.118	0.109	0.112	0.115	0.117	0.119	0.116	0.113	0.109	0.111	0.108	0.109	0.107	0.105	0.106	0.103	0.109	0.105	0.105	0.106	0.601	0.637	0.096	0.087	0.092	0.094	0.092	0.088	0.090	0.088	0.087	0.089		
8:39:31	37.0	0.109	0.106	0.108	0.117	0.106	0.111	0.117	0.109	0.108	0.130	0.125	0.126	0.108	0.106	0.109	0.114	0.116	0.125	0.120	0.125	0.120	0.129	0.126	0.129	0.108	0.110	0.111	0.118	0.116	0.124	0.117	0.127	0.119	0.119	0.126	0.118	0.109	0.109	0.112	0.118	0.118	0.119	0.117	0.126	0.121	0.117	0.119	0.127	0.107	0.110	0.111	0.121	0.118	0.109	0.112	0.115	0.117	0.119	0.116	0.113	0.109	0.111	0.108	0.109	0.107	0.105	0.106	0.103	0.110	0.105	0.105	0.106	0.603	0.638	0.096	0.087	0.092	0.094	0.092	0.089	0.090	0.088	0.087	0.089		
8:43:31	37.0	0.108	0.106	0.108	0.117	0.106	0.111	0.117	0.109	0.108	0.130	0.125	0.126	0.108	0.106	0.109	0.114	0.116	0.125	0.120	0.125	0.119	0.129	0.126	0.128	0.108	0.109	0.111	0.119	0.116	0.124	0.117	0.126	0.119	0.119	0.126	0.118	0.109	0.109	0.112	0.118	0.118	0.119	0.117	0.126	0.121	0.117	0.119	0.127	0.107	0.110	0.110	0.121	0.119	0.109	0.112	0.115	0.117	0.119	0.116	0.113	0.109	0.111	0.108	0.109	0.107	0.105	0.107	0.103	0.109	0.105	0.105	0.106	0.606	0.638	0.096	0.087	0.092	0.094	0.092	0.088	0.090	0.088	0.087	0.089		
8:47:31	37.0	0.109	0.106	0.108	0.117	0.106	0.111	0.117	0.109	0.108	0.130	0.125	0.126	0.108	0.106	0.109	0.115	0.116	0.125	0.120	0.125	0.119	0.129	0.126	0.129	0.108	0.109	0.111	0.118	0.116	0.124	0.117	0.126	0.119	0.119	0.126	0.118	0.109	0.109	0.112	0.118	0.118	0.119	0.117	0.126	0.121	0.117	0.119	0.127	0.107	0.110	0.110	0.121	0.119	0.109	0.111	0.115	0.117	0.119	0.116	0.113	0.109	0.111	0.108	0.109	0.107	0.105	0.106	0.103	0.109	0.105	0.104	0.106	0.603	0.638	0.096	0.087	0.092	0.094	0.092	0.089	0.090	0.088	0.087	0.089		
8:51:31	37.0	0.108	0.106	0.108	0.116	0.106	0.111	0.117	0.109	0.108	0.129	0.124	0.126	0.108	0.106	0.109	0.114	0.116	0.125	0.119	0.124	0.119	0.129	0.126	0.128	0.108	0.109	0.111	0.118	0.116	0.124	0.116	0.126	0.119	0.119	0.125	0.117	0.109	0.109	0.112	0.118	0.118	0.119	0.117	0.126	0.121	0.117	0.119	0.127	0.107	0.110	0.110	0.121	0.118	0.109	0.111	0.115	0.117	0.119	0.116	0.113	0.109	0.110	0.108	0.109	0.107	0.105	0.106	0.103	0.109	0.105	0.104	0.106	0.605	0.640	0.096	0.087	0.092	0.094	0.092	0.089	0.090	0.088	0.087	0.089		
8:55:31	37.0	0.109	0.106	0.108	0.116	0.106	0.111	0.116	0.108	0.108	0.129	0.124	0.125	0.108	0.106	0.109	0.114	0.116	0.125	0.119	0.124	0.119	0.128	0.126	0.128	0.108	0.109	0.111	0.118	0.116	0.124	0.117	0.126	0.119	0.118	0.125	0.117	0.109	0.109	0.112	0.117	0.118	0.119	0.117	0.126	0.121	0.117	0.118	0.127	0.107	0.109	0.110	0.121	0.120	0.109	0.111	0.115	0.117	0.119	0.116	0.112	0.108	0.110	0.108	0.109	0.107	0.105	0.107	0.103	0.109	0.105	0.105	0.106	0.606	0.637	0.095	0.087	0.092	0.094	0.092	0.088	0.090	0.088	0.087	0.089		
8:59:31	36.9	0.110	0.106	0.108	0.119	0.106	0.110	0.116	0.108	0.107	0.129	0.124	0.125	0.108	0.106	0.109	0.114	0.115	0.124	0.119	0.123	0.119	0.128	0.125	0.128	0.108	0.109	0.111	0.118	0.116	0.123	0.116	0.126	0.119	0.118	0.125	0.117	0.109	0.109	0.112	0.117	0.117	0.118	0.117	0.126	0.120	0.117	0.119	0.127	0.107	0.110	0.110	0.121	0.118	0.109	0.111	0.115	0.116	0.119	0.116	0.113	0.109	0.110	0.108	0.108	0.107	0.105	0.107	0.103	0.109	0.105	0.105	0.106	0.606	0.639	0.095	0.087	0.092	0.094	0.092	0.089	0.090	0.088	0.087	0.089		
9:03:31	37.0	0.107	0.106	0.108	0.116	0.106	0.110	0.116	0.108	0.108	0.128	0.123	0.125	0.108	0.106	0.109	0.114	0.115	0.124	0.119	0.123	0.118	0.128	0.125	0.127	0.108	0.109	0.110	0.118	0.116	0.123	0.116	0.125	0.118	0.118	0.125	0.117	0.109	0.109	0.112	0.117	0.117	0.118	0.117	0.125	0.120	0.117	0.118	0.127	0.107	0.110	0.110	0.121	0.118	0.109	0.111	0.115	0.116	0.119	0.116	0.113	0.108	0.110	0.108	0.108	0.107	0.105	0.106	0.103	0.109	0.105	0.105	0.106	0.606	0.640	0.096	0.087	0.092	0.094	0.092	0.088	0.090	0.088	0.087	0.089		
9:07:31	37.0	0.108	0.106	0.108	0.116	0.106	0.110	0.115	0.108	0.108	0.128	0.123	0.124	0.108	0.106	0.109	0.114	0.115	0.124	0.119	0.123	0.118	0.128	0.125	0.127	0.108	0.109	0.111	0.118	0.116	0.123	0.116	0.125	0.118	0.118	0.125	0.117	0.109	0.109	0.112	0.117	0.117	0.118	0.116	0.125	0.120	0.117	0.118	0.127	0.107	0.109	0.110	0.121	0.118	0.109	0.110	0.115	0.116	0.119	0.115	0.112	0.108	0.110	0.108	0.108	0.107	0.105	0.106	0.103	0.108	0.105	0.105	0.106	0.607	0.642	0.096	0.087	0.092	0.094	0.092	0.089	0.090	0.088	0.087	0.089		
9:11:31	37.0	0.109	0.106	0.108	0.116	0.106	0.110	0.115	0.108	0.107	0.128	0.123	0.124	0.108	0.106	0.109	0.113	0.115	0.123	0.118	0.123	0.118	0.127	0.125	0.127	0.108	0.109	0.110	0.118	0.116	0.123	0.116	0.125	0.118	0.118	0.124	0.116	0.109	0.109	0.112	0.117	0.117	0.118	0.116	0.125	0.120	0.117	0.118	0.127	0.107	0.110	0.110	0.121	0.117	0.108	0.110	0.114	0.116	0.118	0.115	0.112	0.109	0.110	0.108	0.108	0.106	0.105	0.106	0.103	0.108	0.105	0.105	0.106	0.606	0.644	0.096	0.087	0.092	0.094	0.092	0.088	0.090	0.088	0.087	0.089		
9:15:31	37.0	0.108	0.106	0.108	0.116	0.106	0.110	0.115	0.108	0.107	0.128	0.123	0.124	0.108	0.106	0.108	0.114	0.115	0.123	0.118	0.123	0.118	0.127	0.124	0.127	0.108	0.109	0.110	0.118	0.116	0.123	0.116	0.125	0.118	0.118	0.124	0.117	0.108	0.109	0.112	0.117	0.117	0.118	0.116	0.125	0.120	0.117	0.118	0.127	0.107	0.109	0.110	0.121	0.119	0.109	0.111	0.114	0.116	0.118	0.115	0.112	0.108	0.110	0.108	0.108	0.106	0.105	0.106	0.103	0.108	0.105	0.105	0.106	0.604	0.639	0.095	0.087	0.092	0.094	0.092	0.088	0.090	0.088	0.087	0.089		
9:19:31	37.0	0.109	0.106	0.108	0.116	0.106	0.110	0.115	0.108	0.108	0.128	0.123	0.124	0.108	0.106	0.109	0.113	0.115	0.124	0.118	0.123	0.118	0.127	0.124	0.127	0.108	0.109	0.110	0.118	0.116	0.123	0.116	0.125	0.118	0.118	0.124	0.116	0.109	0.109	0.112	0.117	0.117	0.118	0.116	0.125	0.120	0.117	0.118	0.126	0.107	0.109	0.110	0.121	0.117	0.108	0.110	0.114	0.116	0.118	0.115	0.112	0.108	0.110	0.108	0.108	0.106	0.105	0.107	0.103	0.108	0.105	0.105	0.106	0.606	0.643	0.096	0.087	0.092	0.094	0.092	0.089	0.090	0.088	0.087	0.089		
9:23:31	37.0	0.109	0.106	0.108	0.116	0.106	0.110	0.115	0.108	0.108	0.128	0.123	0.124	0.108	0.106	0.109	0.114	0.115	0.123	0.118	0.123	0.118	0.127	0.124	0.127	0.108	0.109	0.110	0.118	0.116	0.123	0.116	0.124	0.118	0.118	0.124	0.117	0.109	0.109	0.112	0.117	0.117	0.118	0.116	0.125	0.120	0.117	0.118	0.127	0.107	0.109	0.110	0.121	0.117	0.109	0.110	0.114	0.116	0.119	0.115	0.112	0.109	0.110	0.108	0.108	0.106	0.105	0.106	0.103	0.108	0.105	0.105	0.106	0.606	0.651	0.096	0.087	0.092	0.094	0.092	0.089	0.090	0.088	0.087	0.089		
9:27:31	37.0	0.108	0.106	0.108	0.116	0.106	0.110	0.115	0.108	0.107	0.128	0.123	0.124	0.108	0.106	0.109	0.113	0.115	0.123	0.118	0.123	0.118	0.127	0.125	0.127	0.108	0.109	0.110	0.118	0.116	0.123	0.116	0.124	0.118	0.118	0.124	0.116	0.109	0.109	0.112	0.117	0.117	0.118	0.116	0.125	0.119	0.117	0.118	0.127	0.107	0.109	0.111	0.121	0.117	0.109	0.110	0.114	0.116	0.119	0.115	0.112	0.108	0.110	0.108	0.108	0.106	0.105	0.106	0.103	0.108	0.105	0.105	0.106	0.606	0.644	0.096	0.087	0.092	0.094	0.092	0.089	0.090	0.088	0.087	0.089		
9:31:31	37.0	0.111	0.106	0.108	0.116	0.106	0.110	0.115	0.108	0.107	0.128	0.123	0.124	0.108	0.106	0.109	0.114	0.115	0.123	0.118	0.123	0.118	0.128	0.125	0.127	0.108	0.109	0.110	0.118	0.117	0.123	0.116	0.125	0.118	0.118	0.124	0.116	0.109	0.109	0.112	0.117	0.117	0.118	0.118	0.125	0.120	0.117	0.118	0.127	0.107	0.109	0.111	0.121	0.117	0.109	0.110	0.114	0.116	0.119	0.115	0.112	0.109	0.111	0.108	0.108	0.106	0.105	0.107	0.103	0.108	0.105	0.105	0.106	0.609	0.643	0.096	0.087	0.092	0.094	0.092	0.089	0.090	0.088	0.087	0.089		
9:35:31	37.0	0.109	0.106	0.108	0.116	0.106	0.110	0.115	0.108	0.108	0.127	0.123	0.124	0.108	0.106	0.109	0.114	0.115	0.124	0.118	0.123	0.118	0.128	0.125	0.127	0.108	0.109	0.111	0.118	0.117	0.123	0.116	0.125	0.118	0.118	0.125	0.116	0.109	0.109	0.112	0.117	0.117	0.118	0.116	0.125	0.120	0.117	0.118	0.127	0.107	0.109	0.111	0.121	0.117	0.108	0.110	0.114	0.116	0.119	0.115	0.112	0.109	0.110	0.108	0.108	0.106	0.105	0.106	0.103	0.108	0.105	0.105	0.106	0.608	0.646	0.096	0.087	0.092	0.094	0.092	0.089	0.090	0.089	0.087	0.089		
9:39:31	37.0	0.109	0.106	0.108	0.116	0.106	0.111	0.116	0.108	0.107	0.128	0.123	0.124	0.108	0.106	0.109	0.114	0.115	0.124	0.118	0.123	0.118	0.128	0.125	0.127	0.108	0.109	0.111	0.118	0.117	0.123	0.116	0.125	0.118	0.118	0.124	0.117	0.109	0.109	0.112	0.117	0.117	0.118	0.116	0.125	0.120	0.117	0.119	0.127	0.107	0.109	0.111	0.121	0.118	0.109	0.110	0.114	0.116	0.119	0.115	0.112	0.109	0.110	0.108	0.108	0.106	0.104	0.106	0.103	0.108	0.105	0.105	0.106	0.608	0.646	0.096	0.087	0.092	0.094	0.092	0.089	0.090	0.088	0.087	0.089		
9:43:31	37.0	0.107	0.106	0.108	0.116	0.106	0.110	0.115	0.108	0.107	0.128	0.123	0.124	0.108	0.106	0.109	0.114	0.115	0.123	0.118	0.123	0.118	0.128	0.125	0.127	0.108	0.109	0.111	0.118	0.117	0.123	0.116	0.125	0.118	0.118	0.125	0.117	0.109	0.109	0.112	0.117	0.117	0.118	0.116	0.126	0.120	0.117	0.118	0.127	0.107	0.109	0.111	0.121	0.118	0.109	0.110	0.114	0.116	0.119	0.116	0.112	0.108	0.110	0.108	0.108	0.106	0.104	0.107	0.103	0.108	0.105	0.105	0.106	0.606	0.646	0.096	0.087	0.092	0.094	0.092	0.089	0.090	0.088	0.087	0.089		
9:47:31	37.0	0.107	0.106	0.108	0.116	0.105	0.110	0.115	0.108	0.107	0.128	0.134	0.124	0.108	0.106	0.109	0.114	0.115	0.123	0.118	0.123	0.118	0.128	0.125	0.127	0.108	0.109	0.111	0.118	0.117	0.123	0.116	0.125	0.118	0.118	0.125	0.116	0.109	0.109	0.112	0.117	0.117	0.119	0.116	0.126	0.120	0.117	0.119	0.127	0.107	0.109	0.111	0.121	0.118	0.109	0.111	0.115	0.116	0.119	0.115	0.112	0.108	0.110	0.108	0.108	0.106	0.105	0.107	0.103	0.108	0.105	0.105	0.106	0.612	0.645	0.096	0.087	0.092	0.094	0.092	0.089	0.090	0.088	0.087	0.089		
9:51:31	37.0	0.107	0.106	0.108	0.116	0.106	0.110	0.116	0.108	0.107	0.128	0.123	0.124	0.108	0.106	0.109	0.114	0.115	0.124	0.119	0.123	0.118	0.128	0.125	0.127	0.108	0.109	0.111	0.118	0.117	0.123	0.116	0.125	0.118	0.118	0.125	0.116	0.108	0.109	0.112	0.117	0.117	0.119	0.116	0.125	0.120	0.117	0.118	0.127	0.107	0.109	0.111	0.121	0.118	0.109	0.111	0.114	0.116	0.119	0.115	0.112	0.108	0.110	0.107	0.108	0.106	0.105	0.107	0.103	0.108	0.105	0.105	0.106	0.611	0.645	0.095	0.087	0.092	0.093	0.092	0.089	0.090	0.088	0.087	0.089		
9:55:31	37.0	0.107	0.106	0.108	0.116	0.105	0.110	0.115	0.108	0.107	0.128	0.133	0.124	0.108	0.106	0.109	0.114	0.115	0.124	0.118	0.123	0.118	0.128	0.125	0.127	0.108	0.109	0.111	0.118	0.117	0.123	0.116	0.125	0.118	0.118	0.125	0.116	0.108	0.109	0.112	0.117	0.117	0.119	0.118	0.126	0.120	0.117	0.119	0.127	0.107	0.109	0.110	0.121	0.117	0.109	0.110	0.115	0.116	0.119	0.116	0.112	0.108	0.110	0.108	0.108	0.106	0.105	0.106	0.103	0.108	0.105	0.104	0.105	0.609	0.646	0.096	0.087	0.092	0.093	0.092	0.088	0.090	0.088	0.087	0.089		
9:59:31	37.0	0.107	0.106	0.108	0.116	0.106	0.110	0.115	0.108	0.107	0.128	0.124	0.124	0.108	0.106	0.109	0.114	0.115	0.123	0.119	0.123	0.118	0.128	0.125	0.127	0.108	0.109	0.111	0.118	0.117	0.124	0.116	0.125	0.118	0.118	0.125	0.117	0.109	0.109	0.112	0.117	0.118	0.119	0.116	0.126	0.120	0.117	0.119	0.127	0.107	0.109	0.111	0.121	0.117	0.109	0.111	0.114	0.116	0.119	0.116	0.113	0.109	0.110	0.108	0.108	0.106	0.105	0.107	0.103	0.108	0.105	0.105	0.106	0.609	0.646	0.096	0.087	0.092	0.094	0.092	0.089	0.090	0.088	0.087	0.089		
10:03:31	37.0	0.110	0.106	0.108	0.116	0.106	0.111	0.116	0.108	0.107	0.128	0.124	0.124	0.108	0.106	0.109	0.114	0.116	0.124	0.118	0.123	0.119	0.128	0.125	0.127	0.108	0.109	0.111	0.118	0.117	0.123	0.116	0.125	0.118	0.119	0.125	0.117	0.109	0.109	0.112	0.118	0.117	0.119	0.117	0.126	0.120	0.117	0.119	0.127	0.107	0.109	0.111	0.121	0.118	0.109	0.111	0.115	0.116	0.119	0.116	0.112	0.108	0.110	0.108	0.108	0.107	0.105	0.106	0.103	0.109	0.105	0.105	0.105	0.610	0.645	0.096	0.087	0.092	0.094	0.092	0.089	0.090	0.088	0.087	0.089		
10:07:31	37.0	0.109	0.106	0.108	0.116	0.106	0.110	0.115	0.108	0.107	0.128	0.124	0.124	0.108	0.106	0.109	0.114	0.115	0.123	0.118	0.123	0.118	0.128	0.125	0.127	0.108	0.109	0.111	0.118	0.117	0.124	0.116	0.125	0.118	0.118	0.125	0.116	0.109	0.109	0.112	0.117	0.117	0.119	0.116	0.126	0.120	0.117	0.119	0.127	0.107	0.109	0.110	0.121	0.118	0.109	0.110	0.114	0.116	0.119	0.115	0.112	0.108	0.110	0.108	0.108	0.107	0.105	0.106	0.103	0.108	0.105	0.104	0.105	0.610	0.647	0.096	0.087	0.092	0.093	0.092	0.088	0.090	0.088	0.087	0.089		
10:11:31	37.0	0.108	0.106	0.108	0.115	0.106	0.110	0.115	0.108	0.107	0.127	0.123	0.124	0.108	0.106	0.108	0.114	0.115	0.123	0.118	0.123	0.118	0.128	0.125	0.127	0.108	0.109	0.111	0.118	0.116	0.123	0.116	0.125	0.118	0.118	0.125	0.116	0.109	0.109	0.112	0.118	0.117	0.119	0.116	0.126	0.120	0.117	0.119	0.127	0.107	0.109	0.111	0.121	0.118	0.109	0.110	0.114	0.115	0.119	0.115	0.112	0.109	0.110	0.108	0.108	0.106	0.105	0.107	0.103	0.108	0.105	0.105	0.105	0.612	0.648	0.096	0.087	0.092	0.094	0.092	0.089	0.090	0.088	0.087	0.089		
10:15:31	37.0	0.106	0.106	0.108	0.115	0.105	0.110	0.115	0.108	0.107	0.127	0.124	0.124	0.108	0.106	0.109	0.114	0.115	0.123	0.118	0.122	0.118	0.127	0.124	0.127	0.108	0.109	0.110	0.118	0.116	0.123	0.115	0.124	0.118	0.118	0.125	0.116	0.109	0.109	0.112	0.117	0.117	0.118	0.116	0.125	0.119	0.117	0.118	0.127	0.107	0.109	0.110	0.121	0.117	0.109	0.110	0.114	0.115	0.119	0.115	0.112	0.108	0.110	0.108	0.108	0.106	0.104	0.107	0.103	0.109	0.105	0.105	0.105	0.611	0.648	0.095	0.087	0.092	0.094	0.092	0.089	0.090	0.088	0.087	0.089		
10:19:31	37.0	0.108	0.106	0.108	0.115	0.105	0.110	0.115	0.107	0.107	0.127	0.123	0.123	0.108	0.106	0.108	0.114	0.115	0.123	0.118	0.122	0.118	0.127	0.124	0.126	0.108	0.109	0.110	0.118	0.116	0.123	0.115	0.124	0.117	0.118	0.124	0.116	0.109	0.109	0.112	0.117	0.117	0.118	0.116	0.125	0.119	0.117	0.119	0.127	0.107	0.109	0.110	0.120	0.117	0.109	0.110	0.114	0.115	0.118	0.115	0.112	0.108	0.110	0.108	0.108	0.106	0.104	0.107	0.103	0.108	0.105	0.104	0.106	0.613	0.646	0.096	0.087	0.092	0.094	0.092	0.089	0.090	0.088	0.087	0.089		
10:23:31	37.0	0.107	0.106	0.108	0.115	0.105	0.110	0.114	0.107	0.107	0.127	0.130	0.123	0.108	0.106	0.108	0.113	0.114	0.122	0.117	0.122	0.117	0.127	0.124	0.126	0.108	0.109	0.110	0.117	0.116	0.122	0.115	0.124	0.117	0.117	0.124	0.116	0.109	0.109	0.112	0.117	0.117	0.118	0.115	0.124	0.119	0.117	0.118	0.127	0.107	0.109	0.110	0.120	0.116	0.108	0.110	0.114	0.115	0.118	0.115	0.112	0.108	0.109	0.108	0.107	0.106	0.104	0.106	0.103	0.108	0.105	0.105	0.105	0.614	0.701	0.096	0.087	0.092	0.094	0.092	0.089	0.090	0.088	0.087	0.089		
10:27:31	37.0	0.106	0.106	0.108	0.115	0.105	0.110	0.114	0.107	0.107	0.126	0.122	0.123	0.108	0.106	0.108	0.113	0.114	0.122	0.117	0.122	0.117	0.127	0.124	0.126	0.108	0.109	0.110	0.117	0.116	0.123	0.115	0.123	0.117	0.117	0.124	0.116	0.108	0.109	0.112	0.117	0.117	0.118	0.115	0.124	0.119	0.117	0.118	0.126	0.107	0.109	0.110	0.120	0.117	0.108	0.110	0.114	0.115	0.118	0.115	0.112	0.108	0.109	0.108	0.108	0.106	0.104	0.106	0.103	0.108	0.105	0.105	0.105	0.615	0.649	0.096	0.087	0.092	0.094	0.092	0.089	0.090	0.088	0.087	0.089		
10:31:31	37.0	0.106	0.106	0.107	0.115	0.105	0.110	0.114	0.107	0.106	0.126	0.132	0.123	0.108	0.106	0.108	0.113	0.114	0.122	0.117	0.122	0.117	0.127	0.123	0.126	0.108	0.108	0.110	0.117	0.116	0.122	0.115	0.123	0.117	0.117	0.123	0.115	0.108	0.108	0.111	0.117	0.116	0.118	0.115	0.124	0.118	0.116	0.118	0.126	0.107	0.109	0.110	0.120	0.116	0.108	0.110	0.114	0.115	0.118	0.114	0.112	0.108	0.109	0.108	0.107	0.106	0.104	0.107	0.103	0.108	0.105	0.104	0.105	0.613	0.651	0.096	0.087	0.092	0.093	0.092	0.088	0.090	0.088	0.087	0.089		
10:35:31	37.0	0.106	0.106	0.107	0.115	0.105	0.110	0.114	0.107	0.107	0.126	0.122	0.122	0.108	0.106	0.108	0.113	0.114	0.122	0.117	0.121	0.117	0.126	0.123	0.126	0.108	0.109	0.110	0.117	0.116	0.122	0.115	0.123	0.117	0.117	0.123	0.115	0.109	0.109	0.111	0.117	0.117	0.118	0.117	0.124	0.118	0.116	0.118	0.126	0.107	0.109	0.110	0.120	0.116	0.108	0.110	0.114	0.114	0.118	0.114	0.111	0.108	0.109	0.108	0.108	0.106	0.105	0.106	0.103	0.108	0.105	0.105	0.105	0.614	0.649	0.096	0.087	0.092	0.093	0.092	0.088	0.090	0.088	0.087	0.089		
10:39:31	37.0	0.106	0.106	0.107	0.115	0.105	0.110	0.114	0.107	0.107	0.126	0.132	0.122	0.108	0.106	0.108	0.113	0.114	0.122	0.117	0.121	0.117	0.126	0.123	0.125	0.108	0.109	0.110	0.117	0.116	0.122	0.115	0.123	0.117	0.117	0.123	0.115	0.108	0.109	0.111	0.117	0.116	0.118	0.115	0.124	0.118	0.116	0.118	0.126	0.107	0.109	0.110	0.120	0.116	0.108	0.109	0.113	0.114	0.118	0.114	0.111	0.108	0.109	0.108	0.107	0.106	0.104	0.106	0.103	0.108	0.105	0.104	0.105	0.614	0.649	0.096	0.087	0.092	0.093	0.092	0.088	0.090	0.088	0.087	0.089		
10:43:31	37.0	0.107	0.106	0.107	0.114	0.105	0.109	0.114	0.107	0.107	0.126	0.123	0.122	0.108	0.106	0.108	0.113	0.114	0.122	0.117	0.121	0.117	0.126	0.123	0.125	0.108	0.108	0.110	0.117	0.115	0.122	0.115	0.123	0.117	0.117	0.123	0.115	0.108	0.109	0.111	0.117	0.116	0.118	0.115	0.124	0.118	0.116	0.118	0.126	0.107	0.109	0.110	0.120	0.116	0.108	0.109	0.113	0.115	0.118	0.114	0.111	0.108	0.109	0.107	0.107	0.106	0.104	0.106	0.103	0.108	0.105	0.104	0.105	0.615	0.650	0.095	0.087	0.092	0.093	0.092	0.088	0.090	0.088	0.087	0.089		
10:47:31	37.0	0.106	0.106	0.107	0.114	0.105	0.110	0.114	0.107	0.107	0.126	0.132	0.122	0.108	0.106	0.108	0.113	0.114	0.122	0.117	0.121	0.117	0.126	0.123	0.125	0.108	0.109	0.110	0.117	0.116	0.122	0.115	0.123	0.117	0.117	0.123	0.115	0.108	0.108	0.111	0.117	0.116	0.118	0.115	0.124	0.118	0.116	0.118	0.126	0.107	0.109	0.110	0.120	0.116	0.108	0.110	0.114	0.115	0.118	0.114	0.111	0.108	0.109	0.108	0.107	0.106	0.104	0.106	0.103	0.108	0.105	0.104	0.105	0.614	0.672	0.095	0.087	0.092	0.094	0.092	0.088	0.090	0.088	0.087	0.089		
10:51:31	37.0	0.106	0.106	0.107	0.115	0.105	0.110	0.114	0.107	0.107	0.126	0.135	0.122	0.108	0.106	0.108	0.113	0.114	0.122	0.117	0.121	0.117	0.126	0.123	0.125	0.108	0.108	0.109	0.117	0.116	0.122	0.115	0.123	0.117	0.117	0.123	0.115	0.108	0.108	0.111	0.117	0.117	0.118	0.115	0.124	0.118	0.116	0.118	0.126	0.107	0.109	0.111	0.120	0.117	0.108	0.110	0.114	0.114	0.118	0.114	0.111	0.108	0.109	0.108	0.107	0.106	0.104	0.106	0.103	0.108	0.105	0.105	0.105	0.615	0.653	0.095	0.087	0.092	0.094	0.092	0.088	0.090	0.088	0.087	0.089		
10:55:31	37.0	0.110	0.106	0.107	0.115	0.105	0.110	0.114	0.107	0.107	0.126	0.133	0.122	0.108	0.106	0.108	0.113	0.114	0.121	0.117	0.121	0.117	0.126	0.123	0.125	0.108	0.108	0.110	0.117	0.116	0.122	0.115	0.123	0.117	0.117	0.123	0.115	0.108	0.108	0.111	0.117	0.116	0.118	0.115	0.124	0.119	0.116	0.118	0.126	0.107	0.109	0.110	0.120	0.116	0.108	0.110	0.113	0.114	0.118	0.114	0.111	0.109	0.109	0.108	0.107	0.106	0.104	0.106	0.103	0.108	0.105	0.105	0.105	0.616	0.653	0.096	0.087	0.092	0.094	0.092	0.088	0.090	0.088	0.087	0.089		
10:59:31	37.0	0.109	0.106	0.107	0.114	0.105	0.110	0.114	0.107	0.107	0.126	0.133	0.122	0.108	0.106	0.108	0.113	0.114	0.122	0.117	0.121	0.117	0.127	0.123	0.125	0.108	0.109	0.110	0.117	0.116	0.123	0.115	0.123	0.117	0.117	0.123	0.115	0.108	0.109	0.111	0.117	0.117	0.118	0.115	0.124	0.119	0.117	0.118	0.126	0.107	0.109	0.110	0.120	0.117	0.108	0.110	0.114	0.115	0.118	0.114	0.111	0.109	0.109	0.108	0.107	0.106	0.104	0.106	0.103	0.108	0.105	0.104	0.105	0.618	0.653	0.096	0.087	0.092	0.094	0.092	0.088	0.090	0.088	0.087	0.089		
11:03:31	36.9	0.109	0.106	0.107	0.115	0.105	0.110	0.114	0.107	0.106	0.126	0.132	0.122	0.108	0.106	0.108	0.113	0.114	0.122	0.117	0.121	0.117	0.126	0.123	0.125	0.108	0.109	0.110	0.117	0.116	0.122	0.115	0.123	0.117	0.117	0.123	0.115	0.108	0.108	0.111	0.117	0.117	0.118	0.115	0.124	0.118	0.117	0.118	0.126	0.107	0.109	0.111	0.120	0.116	0.108	0.109	0.114	0.114	0.118	0.114	0.111	0.108	0.109	0.107	0.107	0.106	0.104	0.106	0.103	0.107	0.105	0.104	0.105	0.617	0.651	0.095	0.087	0.092	0.093	0.092	0.088	0.090	0.088	0.087	0.089		
11:07:31	37.0	0.106	0.106	0.107	0.115	0.105	0.110	0.114	0.107	0.107	0.126	0.124	0.122	0.108	0.106	0.108	0.113	0.114	0.122	0.117	0.121	0.117	0.126	0.124	0.125	0.108	0.109	0.110	0.117	0.116	0.122	0.115	0.123	0.117	0.117	0.124	0.115	0.109	0.108	0.111	0.117	0.117	0.118	0.115	0.124	0.119	0.117	0.118	0.126	0.107	0.109	0.111	0.120	0.116	0.108	0.110	0.114	0.115	0.118	0.115	0.112	0.109	0.109	0.108	0.108	0.106	0.105	0.106	0.103	0.108	0.105	0.104	0.105	0.620	0.654	0.096	0.087	0.092	0.094	0.092	0.089	0.090	0.088	0.087	0.089		
11:11:31	37.0	0.107	0.106	0.107	0.114	0.105	0.110	0.114	0.107	0.106	0.126	0.134	0.122	0.108	0.106	0.108	0.114	0.114	0.122	0.117	0.122	0.117	0.127	0.123	0.126	0.108	0.108	0.110	0.117	0.116	0.122	0.115	0.123	0.117	0.117	0.123	0.115	0.108	0.109	0.111	0.117	0.117	0.118	0.115	0.124	0.119	0.117	0.118	0.126	0.107	0.109	0.110	0.120	0.117	0.108	0.110	0.114	0.115	0.118	0.114	0.112	0.108	0.109	0.108	0.107	0.106	0.104	0.107	0.103	0.108	0.105	0.105	0.105	0.617	0.654	0.095	0.087	0.092	0.093	0.092	0.088	0.090	0.088	0.087	0.089		
11:15:31	37.0	0.106	0.106	0.107	0.115	0.105	0.110	0.114	0.107	0.106	0.126	0.133	0.122	0.108	0.106	0.108	0.114	0.114	0.122	0.117	0.122	0.117	0.126	0.124	0.126	0.108	0.109	0.110	0.117	0.116	0.122	0.115	0.123	0.117	0.117	0.123	0.115	0.108	0.108	0.111	0.117	0.117	0.118	0.115	0.125	0.119	0.117	0.118	0.126	0.107	0.109	0.111	0.120	0.117	0.108	0.110	0.114	0.115	0.118	0.114	0.111	0.109	0.109	0.108	0.107	0.106	0.104	0.106	0.103	0.108	0.105	0.105	0.105	0.620	0.675	0.095	0.087	0.092	0.093	0.092	0.089	0.090	0.088	0.087	0.089		
11:19:31	37.0	0.108	0.106	0.107	0.115	0.105	0.110	0.114	0.107	0.106	0.126	0.125	0.122	0.108	0.106	0.108	0.113	0.114	0.122	0.117	0.122	0.117	0.127	0.124	0.125	0.108	0.108	0.110	0.117	0.116	0.122	0.115	0.123	0.117	0.117	0.124	0.115	0.108	0.108	0.111	0.117	0.117	0.118	0.115	0.124	0.119	0.117	0.118	0.126	0.107	0.109	0.110	0.120	0.116	0.108	0.110	0.114	0.115	0.118	0.114	0.111	0.108	0.109	0.107	0.108	0.106	0.104	0.107	0.103	0.108	0.105	0.104	0.105	0.618	0.655	0.095	0.087	0.092	0.093	0.092	0.088	0.090	0.088	0.087	0.089		
11:23:31	37.0	0.109	0.106	0.107	0.115	0.105	0.110	0.115	0.107	0.107	0.126	0.133	0.122	0.108	0.106	0.108	0.113	0.114	0.122	0.117	0.121	0.117	0.127	0.124	0.126	0.108	0.108	0.110	0.117	0.116	0.123	0.115	0.123	0.117	0.117	0.123	0.115	0.108	0.108	0.111	0.117	0.117	0.118	0.115	0.125	0.119	0.117	0.118	0.126	0.107	0.109	0.111	0.120	0.119	0.108	0.110	0.114	0.115	0.118	0.114	0.111	0.109	0.110	0.108	0.108	0.106	0.104	0.107	0.103	0.108	0.105	0.105	0.105	0.622	0.665	0.095	0.087	0.092	0.094	0.092	0.089	0.090	0.088	0.087	0.089		
11:27:31	37.0	0.109	0.106	0.107	0.114	0.105	0.110	0.114	0.107	0.106	0.126	0.132	0.122	0.108	0.106	0.108	0.113	0.114	0.122	0.117	0.121	0.117	0.126	0.123	0.125	0.108	0.108	0.110	0.117	0.116	0.122	0.115	0.123	0.117	0.117	0.123	0.115	0.108	0.108	0.111	0.117	0.117	0.118	0.115	0.124	0.119	0.117	0.119	0.126	0.107	0.109	0.111	0.120	0.116	0.109	0.110	0.114	0.115	0.118	0.114	0.111	0.108	0.109	0.107	0.107	0.106	0.104	0.106	0.103	0.108	0.105	0.105	0.105	0.622	0.657	0.095	0.087	0.092	0.093	0.092	0.088	0.090	0.088	0.087	0.089		
11:31:31	37.0	0.107	0.106	0.108	0.114	0.105	0.110	0.114	0.107	0.106	0.126	0.131	0.122	0.108	0.106	0.108	0.114	0.114	0.122	0.117	0.121	0.117	0.126	0.123	0.125	0.108	0.108	0.110	0.117	0.116	0.122	0.115	0.123	0.117	0.117	0.123	0.115	0.109	0.108	0.111	0.117	0.117	0.118	0.115	0.124	0.119	0.117	0.118	0.126	0.107	0.108	0.110	0.120	0.117	0.109	0.110	0.114	0.115	0.118	0.114	0.111	0.108	0.109	0.108	0.107	0.106	0.104	0.106	0.103	0.108	0.105	0.105	0.105	0.626	0.656	0.096	0.087	0.092	0.094	0.092	0.089	0.090	0.088	0.087	0.089		
11:35:31	37.0	0.107	0.106	0.107	0.114	0.105	0.109	0.114	0.107	0.106	0.125	0.121	0.122	0.108	0.106	0.108	0.113	0.114	0.121	0.117	0.121	0.116	0.126	0.123	0.125	0.108	0.108	0.110	0.117	0.115	0.122	0.114	0.123	0.116	0.117	0.123	0.115	0.108	0.108	0.111	0.117	0.116	0.117	0.115	0.124	0.118	0.116	0.118	0.126	0.107	0.109	0.110	0.120	0.116	0.108	0.110	0.113	0.114	0.118	0.114	0.111	0.108	0.109	0.107	0.107	0.106	0.104	0.107	0.103	0.108	0.105	0.104	0.105	0.624	0.657	0.095	0.087	0.092	0.093	0.092	0.088	0.090	0.088	0.087	0.089		
11:39:31	37.0	0.107	0.106	0.107	0.114	0.104	0.109	0.113	0.107	0.106	0.125	0.126	0.122	0.108	0.106	0.108	0.113	0.114	0.121	0.116	0.121	0.117	0.125	0.123	0.124	0.107	0.108	0.110	0.116	0.115	0.122	0.114	0.122	0.116	0.116	0.123	0.115	0.108	0.108	0.111	0.116	0.116	0.118	0.114	0.124	0.118	0.116	0.118	0.125	0.107	0.108	0.110	0.120	0.116	0.108	0.109	0.113	0.114	0.117	0.113	0.111	0.109	0.109	0.108	0.107	0.106	0.104	0.106	0.103	0.108	0.105	0.104	0.105	0.624	0.657	0.095	0.087	0.092	0.093	0.092	0.088	0.090	0.088	0.087	0.089		
11:43:31	37.0	0.106	0.106	0.107	0.114	0.104	0.109	0.113	0.106	0.106	0.125	0.127	0.121	0.108	0.106	0.108	0.113	0.113	0.121	0.116	0.120	0.117	0.125	0.123	0.124	0.108	0.108	0.110	0.116	0.115	0.121	0.114	0.122	0.116	0.116	0.123	0.114	0.108	0.108	0.111	0.116	0.116	0.117	0.114	0.123	0.118	0.116	0.118	0.125	0.107	0.108	0.110	0.119	0.115	0.108	0.110	0.113	0.114	0.117	0.113	0.111	0.108	0.109	0.108	0.107	0.106	0.104	0.106	0.103	0.108	0.105	0.104	0.105	0.625	0.661	0.095	0.087	0.092	0.093	0.092	0.088	0.090	0.088	0.087	0.089		
11:47:31	37.0	0.106	0.106	0.107	0.114	0.105	0.109	0.113	0.106	0.106	0.125	0.126	0.121	0.108	0.106	0.108	0.113	0.113	0.120	0.116	0.120	0.116	0.125	0.122	0.124	0.108	0.108	0.110	0.116	0.115	0.121	0.114	0.122	0.116	0.116	0.122	0.114	0.108	0.108	0.111	0.116	0.116	0.117	0.114	0.123	0.118	0.116	0.117	0.125	0.107	0.108	0.110	0.119	0.116	0.108	0.109	0.113	0.113	0.117	0.113	0.111	0.108	0.109	0.107	0.107	0.106	0.104	0.106	0.103	0.107	0.105	0.104	0.105	0.625	0.658	0.095	0.087	0.092	0.093	0.092	0.088	0.090	0.088	0.087	0.089		
11:51:31	37.0	0.107	0.106	0.107	0.114	0.105	0.109	0.113	0.106	0.106	0.125	0.124	0.121	0.108	0.106	0.108	0.113	0.113	0.120	0.116	0.120	0.116	0.125	0.122	0.124	0.108	0.108	0.110	0.116	0.115	0.121	0.114	0.122	0.116	0.116	0.122	0.114	0.109	0.108	0.111	0.116	0.116	0.117	0.114	0.123	0.117	0.116	0.117	0.125	0.107	0.108	0.110	0.119	0.115	0.108	0.109	0.113	0.113	0.117	0.113	0.111	0.108	0.109	0.108	0.107	0.106	0.104	0.106	0.103	0.108	0.105	0.105	0.105	0.628	0.659	0.096	0.087	0.092	0.093	0.092	0.089	0.090	0.088	0.087	0.089		
11:55:31	37.0	0.106	0.106	0.107	0.113	0.104	0.109	0.113	0.106	0.106	0.124	0.124	0.121	0.108	0.106	0.108	0.113	0.113	0.121	0.116	0.120	0.116	0.125	0.122	0.124	0.108	0.108	0.109	0.116	0.115	0.121	0.114	0.121	0.116	0.116	0.122	0.114	0.108	0.108	0.111	0.116	0.116	0.117	0.113	0.123	0.117	0.116	0.117	0.124	0.107	0.108	0.110	0.119	0.115	0.108	0.109	0.113	0.113	0.117	0.113	0.111	0.108	0.109	0.108	0.107	0.106	0.104	0.106	0.103	0.108	0.105	0.105	0.104	0.627	0.662	0.095	0.087	0.092	0.094	0.092	0.088	0.090	0.088	0.087	0.089		
11:59:31	37.0	0.106	0.106	0.107	0.113	0.104	0.109	0.113	0.106	0.106	0.124	0.124	0.121	0.108	0.105	0.108	0.113	0.113	0.120	0.116	0.120	0.116	0.125	0.122	0.123	0.108	0.108	0.109	0.116	0.115	0.121	0.114	0.121	0.116	0.116	0.122	0.114	0.108	0.108	0.110	0.116	0.115	0.117	0.114	0.123	0.117	0.116	0.117	0.124	0.107	0.108	0.110	0.119	0.115	0.108	0.109	0.113	0.113	0.117	0.113	0.111	0.108	0.109	0.108	0.107	0.106	0.104	0.106	0.103	0.108	0.105	0.105	0.105	0.624	0.661	0.095	0.087	0.092	0.093	0.092	0.088	0.090	0.088	0.087	0.089		
12:03:31	37.0	0.107	0.106	0.107	0.113	0.105	0.109	0.113	0.106	0.106	0.124	0.124	0.121	0.108	0.106	0.108	0.113	0.113	0.120	0.116	0.120	0.116	0.125	0.122	0.124	0.108	0.108	0.109	0.116	0.115	0.121	0.114	0.121	0.116	0.116	0.122	0.114	0.108	0.108	0.110	0.116	0.116	0.117	0.114	0.123	0.117	0.116	0.117	0.124	0.107	0.108	0.110	0.119	0.115	0.108	0.109	0.113	0.113	0.117	0.113	0.111	0.108	0.109	0.108	0.107	0.106	0.104	0.106	0.103	0.108	0.105	0.104	0.105	0.629	0.664	0.095	0.087	0.092	0.094	0.092	0.088	0.090	0.088	0.087	0.089		
12:07:31	37.0	0.107	0.106	0.107	0.113	0.105	0.109	0.113	0.106	0.107	0.124	0.123	0.121	0.108	0.106	0.108	0.113	0.113	0.120	0.116	0.120	0.116	0.125	0.122	0.124	0.108	0.108	0.110	0.116	0.115	0.121	0.114	0.121	0.116	0.116	0.122	0.114	0.108	0.108	0.111	0.116	0.116	0.117	0.114	0.123	0.117	0.116	0.117	0.124	0.107	0.108	0.110	0.119	0.115	0.108	0.109	0.113	0.113	0.117	0.113	0.111	0.108	0.109	0.108	0.107	0.106	0.104	0.106	0.103	0.108	0.105	0.105	0.105	0.625	0.661	0.095	0.087	0.092	0.093	0.092	0.088	0.090	0.088	0.087	0.089		
12:11:31	37.0	0.107	0.106	0.107	0.113	0.104	0.109	0.113	0.106	0.106	0.124	0.122	0.121	0.108	0.106	0.108	0.113	0.113	0.120	0.116	0.120	0.116	0.125	0.122	0.123	0.108	0.108	0.109	0.116	0.115	0.121	0.114	0.122	0.116	0.116	0.122	0.114	0.108	0.108	0.111	0.116	0.116	0.117	0.114	0.123	0.117	0.116	0.117	0.124	0.107	0.108	0.110	0.119	0.115	0.108	0.109	0.113	0.113	0.117	0.113	0.111	0.108	0.109	0.108	0.107	0.106	0.104	0.106	0.103	0.107	0.105	0.105	0.105	0.633	0.663	0.095	0.087	0.092	0.093	0.092	0.088	0.090	0.088	0.087	0.089		
12:15:31	37.0	0.107	0.106	0.107	0.113	0.105	0.109	0.113	0.106	0.107	0.124	0.123	0.121	0.108	0.106	0.108	0.113	0.113	0.120	0.116	0.120	0.116	0.125	0.122	0.124	0.108	0.108	0.109	0.116	0.115	0.121	0.114	0.121	0.116	0.116	0.122	0.114	0.108	0.108	0.111	0.116	0.116	0.117	0.114	0.123	0.117	0.116	0.117	0.125	0.107	0.108	0.110	0.119	0.115	0.108	0.109	0.113	0.113	0.117	0.113	0.111	0.108	0.109	0.108	0.107	0.106	0.104	0.106	0.103	0.108	0.105	0.105	0.104	0.632	0.667	0.095	0.087	0.092	0.093	0.092	0.088	0.090	0.088	0.087	0.089		
12:19:31	37.0	0.107	0.106	0.107	0.114	0.104	0.109	0.113	0.106	0.107	0.125	0.123	0.121	0.108	0.106	0.108	0.113	0.113	0.120	0.116	0.120	0.116	0.125	0.123	0.124	0.108	0.108	0.109	0.116	0.115	0.121	0.114	0.122	0.116	0.116	0.122	0.114	0.108	0.108	0.110	0.116	0.116	0.117	0.114	0.123	0.117	0.116	0.117	0.125	0.107	0.108	0.110	0.119	0.115	0.108	0.109	0.113	0.114	0.117	0.113	0.111	0.108	0.109	0.108	0.107	0.106	0.104	0.106	0.103	0.108	0.105	0.104	0.104	0.632	0.665	0.095	0.087	0.092	0.094	0.092	0.088	0.090	0.088	0.087	0.089		
12:23:31	37.0	0.106	0.105	0.107	0.114	0.105	0.109	0.113	0.107	0.107	0.125	0.125	0.121	0.108	0.106	0.108	0.113	0.113	0.121	0.116	0.120	0.116	0.125	0.123	0.124	0.108	0.108	0.109	0.117	0.115	0.121	0.114	0.122	0.116	0.116	0.123	0.114	0.108	0.108	0.111	0.116	0.116	0.117	0.114	0.123	0.117	0.116	0.118	0.125	0.108	0.109	0.110	0.119	0.115	0.108	0.109	0.113	0.114	0.117	0.113	0.111	0.108	0.109	0.108	0.107	0.106	0.104	0.106	0.103	0.108	0.105	0.105	0.104	0.640	0.666	0.095	0.087	0.092	0.094	0.092	0.088	0.090	0.088	0.087	0.089		
12:27:31	37.0	0.107	0.106	0.107	0.114	0.105	0.109	0.113	0.106	0.107	0.125	0.126	0.121	0.108	0.105	0.108	0.113	0.113	0.121	0.116	0.120	0.117	0.126	0.123	0.124	0.108	0.108	0.110	0.116	0.115	0.121	0.114	0.122	0.116	0.116	0.123	0.114	0.108	0.108	0.111	0.116	0.116	0.117	0.114	0.123	0.118	0.116	0.118	0.125	0.107	0.108	0.110	0.119	0.116	0.108	0.109	0.113	0.114	0.117	0.113	0.111	0.108	0.109	0.108	0.107	0.106	0.104	0.106	0.103	0.107	0.105	0.105	0.105	0.636	0.667	0.096	0.087	0.092	0.094	0.092	0.089	0.090	0.088	0.087	0.089		
12:31:31	37.0	0.108	0.105	0.107	0.114	0.104	0.109	0.114	0.107	0.107	0.125	0.125	0.121	0.108	0.106	0.108	0.113	0.113	0.121	0.116	0.121	0.117	0.126	0.123	0.124	0.108	0.108	0.109	0.116	0.115	0.121	0.114	0.122	0.116	0.116	0.123	0.114	0.108	0.108	0.111	0.116	0.116	0.117	0.114	0.123	0.118	0.116	0.118	0.125	0.107	0.108	0.110	0.119	0.115	0.108	0.109	0.113	0.114	0.117	0.113	0.111	0.108	0.109	0.108	0.107	0.106	0.104	0.106	0.103	0.108	0.105	0.105	0.104	0.633	0.668	0.095	0.087	0.092	0.093	0.092	0.088	0.090	0.088	0.087	0.089		
12:35:31	37.0	0.109	0.106	0.108	0.114	0.105	0.110	0.114	0.107	0.107	0.126	0.123	0.121	0.108	0.106	0.108	0.113	0.114	0.121	0.116	0.121	0.117	0.126	0.123	0.125	0.108	0.108	0.109	0.116	0.115	0.122	0.114	0.122	0.117	0.116	0.123	0.114	0.108	0.108	0.111	0.116	0.116	0.117	0.114	0.123	0.118	0.117	0.118	0.125	0.107	0.108	0.110	0.119	0.116	0.108	0.110	0.113	0.114	0.118	0.113	0.111	0.108	0.109	0.108	0.107	0.106	0.104	0.106	0.103	0.107	0.105	0.105	0.105	0.637	0.668	0.095	0.087	0.092	0.093	0.092	0.089	0.090	0.088	0.087	0.089		
12:39:31	37.0	0.107	0.105	0.107	0.114	0.104	0.109	0.114	0.107	0.107	0.125	0.123	0.122	0.108	0.106	0.108	0.113	0.114	0.121	0.116	0.121	0.117	0.126	0.123	0.125	0.108	0.108	0.109	0.116	0.116	0.122	0.114	0.122	0.117	0.116	0.123	0.114	0.108	0.108	0.111	0.116	0.116	0.118	0.114	0.123	0.118	0.117	0.118	0.125	0.107	0.109	0.110	0.120	0.116	0.108	0.110	0.113	0.114	0.117	0.113	0.111	0.108	0.109	0.108	0.107	0.106	0.104	0.106	0.103	0.108	0.105	0.105	0.105	0.635	0.672	0.095	0.087	0.092	0.094	0.092	0.089	0.090	0.088	0.087	0.089		
12:43:31	37.0	0.110	0.106	0.107	0.114	0.104	0.110	0.114	0.107	0.107	0.126	0.122	0.122	0.108	0.106	0.108	0.113	0.114	0.121	0.116	0.121	0.117	0.126	0.123	0.124	0.108	0.108	0.109	0.116	0.115	0.122	0.114	0.122	0.117	0.116	0.123	0.114	0.109	0.108	0.111	0.116	0.116	0.118	0.114	0.123	0.118	0.117	0.118	0.125	0.107	0.109	0.111	0.120	0.116	0.108	0.110	0.113	0.114	0.117	0.114	0.111	0.108	0.109	0.108	0.107	0.106	0.104	0.106	0.103	0.108	0.105	0.105	0.104	0.637	0.669	0.095	0.087	0.092	0.093	0.092	0.089	0.090	0.088	0.087	0.089		
12:47:31	37.0	0.110	0.105	0.107	0.114	0.105	0.109	0.113	0.107	0.107	0.126	0.121	0.122	0.108	0.106	0.108	0.113	0.113	0.121	0.116	0.121	0.117	0.126	0.123	0.125	0.108	0.108	0.110	0.116	0.115	0.122	0.114	0.122	0.116	0.116	0.123	0.114	0.108	0.108	0.111	0.116	0.116	0.118	0.114	0.123	0.118	0.117	0.118	0.125	0.107	0.109	0.111	0.119	0.115	0.108	0.109	0.113	0.114	0.117	0.113	0.111	0.108	0.109	0.108	0.107	0.106	0.104	0.106	0.103	0.108	0.105	0.104	0.104	0.637	0.673	0.095	0.087	0.092	0.093	0.092	0.088	0.090	0.088	0.087	0.089		
12:51:31	37.0	0.106	0.106	0.107	0.114	0.104	0.109	0.114	0.107	0.107	0.125	0.130	0.121	0.108	0.105	0.108	0.113	0.113	0.121	0.116	0.121	0.117	0.126	0.123	0.124	0.108	0.108	0.110	0.116	0.115	0.121	0.114	0.122	0.116	0.116	0.123	0.114	0.108	0.108	0.111	0.116	0.116	0.117	0.114	0.123	0.118	0.117	0.118	0.125	0.107	0.108	0.110	0.119	0.116	0.108	0.110	0.113	0.114	0.117	0.113	0.111	0.108	0.109	0.108	0.107	0.106	0.104	0.106	0.103	0.108	0.105	0.105	0.104	0.690	0.673	0.095	0.087	0.092	0.093	0.092	0.088	0.090	0.088	0.087	0.089		
12:55:31	37.0	0.106	0.106	0.107	0.114	0.104	0.109	0.113	0.107	0.106	0.125	0.121	0.121	0.108	0.105	0.108	0.113	0.113	0.121	0.116	0.120	0.117	0.125	0.123	0.124	0.107	0.108	0.109	0.116	0.115	0.121	0.114	0.122	0.116	0.116	0.123	0.114	0.108	0.108	0.111	0.116	0.115	0.117	0.114	0.123	0.118	0.116	0.118	0.125	0.107	0.108	0.111	0.119	0.117	0.108	0.109	0.113	0.114	0.117	0.113	0.111	0.108	0.109	0.108	0.107	0.106	0.104	0.106	0.103	0.107	0.105	0.105	0.104	0.638	0.675	0.095	0.087	0.092	0.093	0.092	0.088	0.090	0.088	0.087	0.089		
12:59:31	37.0	0.106	0.106	0.107	0.113	0.104	0.109	0.113	0.106	0.106	0.125	0.125	0.121	0.108	0.106	0.108	0.113	0.113	0.121	0.116	0.120	0.116	0.125	0.122	0.124	0.108	0.108	0.109	0.116	0.115	0.121	0.114	0.121	0.116	0.116	0.122	0.114	0.108	0.108	0.111	0.116	0.116	0.117	0.113	0.122	0.117	0.116	0.117	0.124	0.108	0.108	0.111	0.119	0.115	0.108	0.109	0.113	0.113	0.117	0.113	0.111	0.108	0.109	0.108	0.107	0.106	0.104	0.106	0.103	0.108	0.105	0.104	0.104	0.640	0.677	0.095	0.087	0.092	0.093	0.092	0.089	0.090	0.088	0.087	0.089		
13:03:31	37.0	0.107	0.106	0.107	0.113	0.104	0.109	0.113	0.106	0.106	0.124	0.120	0.121	0.108	0.106	0.107	0.113	0.113	0.120	0.116	0.120	0.116	0.124	0.122	0.123	0.108	0.108	0.110	0.116	0.115	0.121	0.113	0.121	0.116	0.115	0.122	0.114	0.108	0.108	0.110	0.116	0.115	0.117	0.113	0.122	0.117	0.116	0.117	0.124	0.107	0.108	0.111	0.119	0.116	0.108	0.109	0.113	0.113	0.117	0.113	0.110	0.108	0.109	0.108	0.107	0.106	0.104	0.106	0.103	0.107	0.105	0.104	0.104	0.639	0.674	0.095	0.087	0.092	0.094	0.092	0.089	0.090	0.088	0.087	0.089		
13:07:31	37.0	0.107	0.106	0.107	0.113	0.104	0.109	0.113	0.106	0.106	0.124	0.128	0.120	0.108	0.105	0.107	0.113	0.113	0.120	0.115	0.119	0.116	0.125	0.122	0.123	0.107	0.108	0.109	0.116	0.114	0.120	0.113	0.121	0.115	0.115	0.122	0.113	0.108	0.108	0.110	0.115	0.115	0.117	0.113	0.122	0.117	0.116	0.117	0.123	0.107	0.108	0.111	0.118	0.115	0.108	0.109	0.112	0.113	0.117	0.112	0.110	0.108	0.109	0.108	0.106	0.105	0.104	0.106	0.103	0.107	0.105	0.104	0.104	0.642	0.675	0.095	0.087	0.092	0.093	0.092	0.088	0.090	0.088	0.087	0.089		
13:11:31	37.0	0.110	0.105	0.107	0.113	0.104	0.109	0.112	0.106	0.106	0.124	0.128	0.120	0.108	0.106	0.107	0.114	0.112	0.119	0.115	0.120	0.116	0.124	0.122	0.123	0.108	0.108	0.109	0.115	0.114	0.120	0.113	0.121	0.115	0.115	0.122	0.113	0.108	0.108	0.110	0.115	0.115	0.116	0.113	0.122	0.117	0.116	0.117	0.123	0.107	0.108	0.111	0.118	0.115	0.108	0.109	0.112	0.113	0.116	0.112	0.110	0.108	0.109	0.108	0.107	0.106	0.104	0.106	0.103	0.107	0.105	0.104	0.104	0.641	0.677	0.095	0.087	0.092	0.094	0.092	0.089	0.090	0.088	0.087	0.089		
13:15:31	37.0	0.112	0.106	0.107	0.113	0.104	0.109	0.112	0.106	0.106	0.124	0.129	0.120	0.108	0.106	0.107	0.113	0.113	0.119	0.115	0.119	0.115	0.124	0.122	0.122	0.108	0.108	0.109	0.115	0.114	0.120	0.113	0.121	0.115	0.115	0.122	0.113	0.108	0.108	0.110	0.116	0.115	0.116	0.113	0.122	0.117	0.116	0.117	0.123	0.107	0.108	0.110	0.118	0.115	0.108	0.108	0.112	0.112	0.116	0.112	0.110	0.108	0.109	0.107	0.106	0.106	0.104	0.106	0.103	0.107	0.105	0.104	0.104	0.644	0.676	0.095	0.087	0.092	0.093	0.092	0.089	0.090	0.088	0.087	0.089		
13:19:31	37.0	0.114	0.105	0.107	0.113	0.104	0.109	0.112	0.106	0.106	0.123	0.131	0.120	0.108	0.106	0.107	0.113	0.112	0.119	0.115	0.119	0.115	0.124	0.121	0.122	0.108	0.108	0.109	0.115	0.114	0.120	0.113	0.120	0.115	0.115	0.121	0.113	0.108	0.108	0.110	0.115	0.115	0.116	0.113	0.122	0.116	0.115	0.117	0.123	0.107	0.108	0.110	0.118	0.114	0.108	0.108	0.112	0.112	0.116	0.112	0.110	0.108	0.108	0.107	0.106	0.106	0.104	0.106	0.103	0.108	0.105	0.104	0.104	0.643	0.678	0.095	0.087	0.092	0.093	0.092	0.088	0.090	0.088	0.087	0.089		
13:23:31	37.0	0.106	0.106	0.107	0.113	0.104	0.108	0.112	0.106	0.106	0.123	0.131	0.120	0.108	0.106	0.107	0.113	0.112	0.119	0.115	0.119	0.115	0.124	0.122	0.122	0.108	0.108	0.109	0.115	0.114	0.120	0.113	0.120	0.115	0.115	0.121	0.113	0.108	0.108	0.110	0.115	0.115	0.116	0.113	0.122	0.117	0.116	0.117	0.123	0.107	0.108	0.110	0.118	0.114	0.108	0.108	0.112	0.112	0.116	0.112	0.111	0.109	0.108	0.107	0.107	0.106	0.104	0.106	0.103	0.108	0.105	0.104	0.104	0.667	0.679	0.095	0.087	0.092	0.093	0.092	0.088	0.090	0.088	0.087	0.089		
13:27:31	37.0	0.114	0.105	0.107	0.113	0.104	0.109	0.112	0.106	0.106	0.124	0.120	0.120	0.108	0.106	0.107	0.113	0.113	0.119	0.115	0.119	0.115	0.124	0.122	0.122	0.108	0.108	0.109	0.115	0.114	0.120	0.113	0.120	0.115	0.115	0.121	0.113	0.108	0.108	0.110	0.115	0.115	0.117	0.113	0.122	0.117	0.116	0.117	0.123	0.107	0.108	0.111	0.118	0.114	0.108	0.109	0.113	0.112	0.117	0.112	0.110	0.108	0.109	0.108	0.106	0.106	0.104	0.106	0.103	0.108	0.105	0.104	0.104	0.645	0.677	0.095	0.087	0.092	0.094	0.092	0.089	0.090	0.088	0.087	0.089		
13:31:31	37.0	0.114	0.105	0.107	0.113	0.104	0.109	0.112	0.106	0.107	0.123	0.132	0.120	0.108	0.106	0.107	0.112	0.112	0.119	0.115	0.119	0.115	0.124	0.121	0.122	0.107	0.108	0.109	0.115	0.114	0.120	0.113	0.121	0.115	0.115	0.121	0.113	0.108	0.108	0.110	0.115	0.115	0.116	0.113	0.122	0.117	0.116	0.117	0.123	0.107	0.108	0.110	0.118	0.114	0.108	0.108	0.113	0.112	0.116	0.112	0.110	0.109	0.109	0.108	0.106	0.105	0.104	0.106	0.103	0.108	0.105	0.105	0.104	0.647	0.691	0.095	0.087	0.092	0.093	0.092	0.088	0.090	0.088	0.087	0.089		
13:35:31	37.0	0.112	0.105	0.107	0.113	0.105	0.109	0.112	0.106	0.106	0.123	0.120	0.120	0.108	0.105	0.107	0.113	0.113	0.119	0.115	0.119	0.115	0.124	0.121	0.122	0.107	0.108	0.109	0.115	0.114	0.120	0.113	0.120	0.115	0.115	0.122	0.113	0.108	0.108	0.110	0.115	0.115	0.116	0.113	0.122	0.117	0.116	0.117	0.123	0.107	0.108	0.110	0.118	0.114	0.108	0.108	0.112	0.112	0.116	0.112	0.110	0.109	0.109	0.108	0.107	0.106	0.104	0.106	0.103	0.108	0.105	0.104	0.104	0.647	0.679	0.095	0.087	0.092	0.093	0.092	0.088	0.090	0.088	0.087	0.089		
13:39:31	37.0	0.106	0.105	0.107	0.113	0.105	0.109	0.112	0.106	0.107	0.124	0.132	0.120	0.108	0.106	0.107	0.113	0.113	0.119	0.115	0.119	0.115	0.124	0.122	0.122	0.108	0.108	0.109	0.115	0.114	0.120	0.113	0.121	0.115	0.115	0.122	0.113	0.108	0.108	0.110	0.115	0.115	0.116	0.113	0.122	0.117	0.116	0.117	0.123	0.107	0.108	0.110	0.118	0.114	0.108	0.108	0.112	0.112	0.116	0.112	0.110	0.109	0.109	0.108	0.106	0.106	0.104	0.106	0.103	0.108	0.105	0.104	0.104	0.649	0.682	0.095	0.087	0.092	0.093	0.092	0.088	0.090	0.088	0.087	0.089		
13:43:31	37.0	0.108	0.106	0.107	0.113	0.104	0.109	0.112	0.106	0.107	0.124	0.120	0.120	0.108	0.106	0.107	0.113	0.113	0.119	0.115	0.120	0.115	0.124	0.122	0.123	0.108	0.108	0.109	0.115	0.114	0.120	0.113	0.121	0.116	0.115	0.122	0.113	0.108	0.108	0.110	0.116	0.115	0.116	0.113	0.122	0.117	0.116	0.117	0.123	0.107	0.108	0.110	0.118	0.114	0.108	0.109	0.113	0.113	0.117	0.112	0.110	0.109	0.109	0.108	0.106	0.106	0.104	0.106	0.103	0.108	0.105	0.104	0.104	0.649	0.684	0.095	0.087	0.092	0.094	0.092	0.089	0.090	0.088	0.087	0.089		
13:47:31	37.0	0.114	0.105	0.107	0.113	0.105	0.109	0.112	0.106	0.107	0.124	0.133	0.120	0.108	0.106	0.107	0.113	0.113	0.119	0.115	0.120	0.115	0.124	0.122	0.122	0.108	0.108	0.109	0.115	0.114	0.120	0.113	0.121	0.116	0.115	0.122	0.113	0.108	0.108	0.110	0.116	0.115	0.117	0.113	0.122	0.117	0.116	0.117	0.123	0.107	0.108	0.110	0.118	0.114	0.108	0.109	0.113	0.112	0.116	0.112	0.110	0.109	0.108	0.108	0.107	0.106	0.104	0.106	0.103	0.107	0.105	0.104	0.104	0.650	0.685	0.095	0.087	0.092	0.093	0.092	0.088	0.090	0.088	0.087	0.089		
13:51:31	37.0	0.106	0.105	0.107	0.113	0.104	0.109	0.112	0.106	0.107	0.124	0.120	0.120	0.108	0.105	0.107	0.113	0.113	0.120	0.115	0.120	0.116	0.125	0.122	0.123	0.108	0.108	0.109	0.115	0.114	0.120	0.113	0.121	0.116	0.115	0.122	0.114	0.108	0.108	0.110	0.115	0.115	0.117	0.113	0.122	0.117	0.116	0.117	0.124	0.107	0.108	0.110	0.118	0.115	0.108	0.108	0.113	0.113	0.117	0.112	0.110	0.109	0.109	0.108	0.107	0.106	0.104	0.106	0.103	0.108	0.105	0.104	0.104	0.648	0.688	0.095	0.087	0.092	0.093	0.092	0.089	0.090	0.088	0.087	0.089		
13:55:31	37.0	0.114	0.105	0.107	0.113	0.105	0.109	0.113	0.107	0.107	0.124	0.134	0.120	0.108	0.106	0.107	0.113	0.113	0.120	0.115	0.120	0.115	0.125	0.122	0.123	0.108	0.108	0.109	0.115	0.115	0.121	0.113	0.121	0.116	0.115	0.122	0.114	0.108	0.108	0.110	0.116	0.115	0.117	0.113	0.122	0.117	0.116	0.117	0.124	0.107	0.108	0.110	0.118	0.115	0.108	0.109	0.113	0.113	0.117	0.112	0.110	0.109	0.109	0.108	0.107	0.106	0.104	0.106	0.103	0.107	0.105	0.104	0.104	0.652	0.687	0.095	0.087	0.092	0.093	0.092	0.088	0.090	0.088	0.087	0.089		
13:59:31	37.0	0.112	0.105	0.107	0.113	0.105	0.109	0.113	0.107	0.107	0.124	0.135	0.120	0.108	0.106	0.107	0.113	0.113	0.120	0.115	0.120	0.115	0.125	0.122	0.123	0.108	0.108	0.109	0.115	0.114	0.121	0.114	0.121	0.116	0.115	0.122	0.113	0.108	0.108	0.111	0.116	0.115	0.117	0.113	0.122	0.117	0.116	0.117	0.124	0.107	0.108	0.110	0.118	0.115	0.109	0.109	0.113	0.113	0.117	0.112	0.111	0.109	0.109	0.108	0.107	0.106	0.104	0.106	0.103	0.108	0.105	0.104	0.104	0.653	0.690	0.095	0.087	0.092	0.093	0.092	0.089	0.090	0.088	0.087	0.089		
14:03:31	37.0	0.106	0.105	0.107	0.113	0.105	0.110	0.113	0.107	0.107	0.124	0.134	0.120	0.108	0.105	0.107	0.113	0.113	0.120	0.115	0.120	0.116	0.125	0.122	0.123	0.108	0.108	0.109	0.115	0.114	0.121	0.113	0.121	0.116	0.115	0.122	0.113	0.108	0.108	0.111	0.115	0.115	0.117	0.113	0.122	0.117	0.116	0.117	0.124	0.107	0.108	0.110	0.118	0.115	0.108	0.108	0.113	0.113	0.117	0.112	0.111	0.109	0.108	0.108	0.107	0.106	0.104	0.106	0.103	0.108	0.105	0.104	0.104	0.656	0.688	0.095	0.087	0.092	0.093	0.092	0.088	0.090	0.088	0.087	0.089		
14:07:31	37.0	0.110	0.105	0.106	0.113	0.104	0.109	0.113	0.107	0.107	0.124	0.134	0.120	0.108	0.105	0.107	0.113	0.112	0.120	0.115	0.120	0.115	0.125	0.122	0.123	0.108	0.108	0.109	0.115	0.114	0.121	0.113	0.121	0.116	0.115	0.122	0.113	0.108	0.108	0.111	0.116	0.115	0.117	0.113	0.122	0.117	0.116	0.117	0.123	0.107	0.108	0.110	0.118	0.115	0.108	0.108	0.113	0.113	0.117	0.112	0.111	0.109	0.108	0.108	0.107	0.106	0.104	0.106	0.103	0.107	0.105	0.104	0.104	0.655	0.691	0.095	0.087	0.092	0.093	0.092	0.088	0.090	0.088	0.087	0.089		
14:11:31	37.0	0.106	0.105	0.107	0.113	0.105	0.109	0.112	0.107	0.107	0.124	0.134	0.120	0.108	0.105	0.107	0.113	0.112	0.120	0.115	0.120	0.115	0.125	0.122	0.123	0.108	0.108	0.109	0.115	0.114	0.121	0.113	0.121	0.116	0.115	0.122	0.113	0.108	0.108	0.110	0.115	0.115	0.116	0.113	0.122	0.117	0.116	0.117	0.123	0.107	0.108	0.110	0.118	0.115	0.108	0.109	0.113	0.113	0.117	0.112	0.111	0.109	0.108	0.107	0.107	0.106	0.104	0.106	0.103	0.107	0.105	0.104	0.104	0.656	0.692	0.095	0.087	0.092	0.094	0.092	0.089	0.090	0.088	0.087	0.089		
14:15:31	37.0	0.106	0.105	0.107	0.113	0.105	0.109	0.112	0.106	0.107	0.123	0.131	0.120	0.108	0.106	0.107	0.113	0.112	0.119	0.115	0.119	0.115	0.124	0.122	0.122	0.107	0.108	0.109	0.115	0.114	0.120	0.113	0.121	0.115	0.115	0.121	0.113	0.108	0.108	0.110	0.115	0.115	0.116	0.113	0.121	0.117	0.116	0.117	0.123	0.107	0.108	0.110	0.118	0.114	0.108	0.108	0.113	0.113	0.117	0.112	0.110	0.109	0.108	0.107	0.107	0.106	0.104	0.106	0.102	0.107	0.105	0.104	0.104	0.656	0.693	0.095	0.087	0.092	0.093	0.092	0.088	0.090	0.088	0.087	0.089		
14:19:31	37.0	0.114	0.105	0.107	0.113	0.105	0.109	0.112	0.106	0.106	0.123	0.133	0.120	0.108	0.105	0.107	0.112	0.112	0.119	0.115	0.119	0.115	0.124	0.122	0.122	0.107	0.108	0.109	0.115	0.114	0.120	0.113	0.120	0.115	0.115	0.121	0.113	0.108	0.108	0.110	0.115	0.115	0.116	0.113	0.121	0.117	0.116	0.117	0.123	0.107	0.108	0.111	0.118	0.114	0.108	0.109	0.113	0.112	0.116	0.112	0.110	0.109	0.108	0.108	0.106	0.105	0.104	0.106	0.103	0.107	0.105	0.104	0.104	0.659	0.694	0.095	0.087	0.092	0.093	0.092	0.088	0.090	0.088	0.087	0.089		
14:23:31	37.0	0.111	0.105	0.106	0.113	0.105	0.109	0.112	0.106	0.106	0.123	0.132	0.119	0.108	0.105	0.107	0.112	0.112	0.119	0.114	0.119	0.115	0.124	0.121	0.122	0.108	0.108	0.109	0.115	0.114	0.120	0.113	0.120	0.115	0.114	0.121	0.113	0.108	0.108	0.110	0.115	0.115	0.116	0.112	0.121	0.116	0.115	0.117	0.122	0.107	0.108	0.110	0.117	0.115	0.108	0.108	0.112	0.112	0.116	0.112	0.110	0.109	0.108	0.108	0.106	0.105	0.104	0.106	0.103	0.107	0.105	0.104	0.104	0.660	0.694	0.095	0.087	0.092	0.093	0.092	0.089	0.090	0.088	0.087	0.089		
14:27:31	37.0	0.113	0.106	0.107	0.112	0.104	0.109	0.112	0.106	0.106	0.122	0.131	0.119	0.108	0.105	0.107	0.112	0.112	0.118	0.114	0.119	0.114	0.123	0.121	0.122	0.108	0.108	0.109	0.114	0.114	0.119	0.112	0.120	0.115	0.114	0.121	0.113	0.108	0.108	0.110	0.115	0.114	0.116	0.112	0.121	0.116	0.115	0.117	0.122	0.107	0.108	0.110	0.117	0.114	0.108	0.108	0.112	0.112	0.116	0.111	0.110	0.109	0.108	0.107	0.106	0.105	0.104	0.106	0.102	0.107	0.105	0.104	0.104	0.661	0.694	0.095	0.087	0.092	0.093	0.092	0.088	0.090	0.088	0.087	0.089		
14:31:31	37.0	0.114	0.105	0.108	0.112	0.104	0.108	0.111	0.106	0.106	0.122	0.131	0.119	0.108	0.105	0.107	0.112	0.112	0.119	0.114	0.118	0.114	0.123	0.121	0.121	0.108	0.108	0.109	0.114	0.114	0.119	0.112	0.120	0.114	0.114	0.120	0.112	0.108	0.108	0.110	0.115	0.114	0.116	0.112	0.121	0.116	0.115	0.117	0.122	0.107	0.108	0.110	0.117	0.114	0.108	0.108	0.112	0.111	0.116	0.111	0.110	0.109	0.108	0.107	0.106	0.106	0.104	0.106	0.103	0.107	0.104	0.104	0.104	0.661	0.695	0.095	0.087	0.092	0.093	0.092	0.088	0.090	0.088	0.087	0.089		
14:35:31	37.0	0.106	0.105	0.106	0.112	0.104	0.109	0.111	0.106	0.107	0.122	0.131	0.119	0.108	0.106	0.107	0.112	0.112	0.118	0.114	0.118	0.114	0.123	0.120	0.121	0.108	0.107	0.109	0.114	0.114	0.119	0.112	0.120	0.114	0.114	0.121	0.112	0.108	0.108	0.110	0.115	0.114	0.116	0.112	0.121	0.116	0.115	0.117	0.122	0.107	0.108	0.110	0.117	0.114	0.108	0.108	0.112	0.112	0.116	0.111	0.110	0.109	0.109	0.108	0.106	0.105	0.104	0.106	0.103	0.107	0.105	0.104	0.104	0.663	0.697	0.095	0.087	0.092	0.093	0.092	0.089	0.090	0.088	0.087	0.089		
0:00:00																																																																																							
0:00:00																																																																																							
0:00:00																																																																																							
0:00:00																																																																																							
0:00:00																																																																																							
0:00:00																																																																																							
0:00:00																																																																																							
0:00:00																																																																																							
0:00:00																																																																																							
0:00:00																																																																																							
0:00:00																																																																																							
0:00:00																																																																																							
0:00:00																																																																																							
0:00:00																																																																																							
0:00:00																																																																																							
0:00:00																																																																																							
0:00:00																																																																																							
0:00:00																																																																																							
0:00:00																																																																																							
0:00:00																																																																																							
0:00:00																																																																																							
0:00:00																																																																																							
0:00:00																																																																																							
0:00:00																																																																																							
0:00:00																																																																																							
0:00:00																																																																																							
0:00:00																																																																																							
0:00:00																																																																																							
0:00:00																																																																																							
0:00:00																																																																																							
0:00:00																																																																																							
0:00:00																																																																																							
0:00:00																																																																																							
0:00:00																																																																																							
0:00:00																																																																																							
0:00:00																																																																																							
0:00:00																																																																																							
0:00:00																																																																																							
0:00:00																																																																																							
0:00:00																																																																																							
0:00:00																																																																																							
0:00:00																																																																																							
0:00:00																																																																																							
0:00:00																																																																																							
0:00:00																																																																																							
0:00:00																																																																																							
0:00:00																																																																																							
0:00:00																																																																																							
0:00:00																																																																																							
0:00:00																																																																																							
0:00:00																																																																																							
0:00:00																																																																																							
0:00:00																																																																																							
0:00:00																																																																																							
0:00:00																																																																																							
0:00:00																																																																																							
0:00:00																																																																																							
0:00:00																																																																																							
0:00:00																																																																																							
0:00:00																																																																																							
0:00:00																																																																																							
0:00:00																																																																																							
0:00:00																																																																																							
0:00:00																																																																																							
0:00:00																																																																																							
0:00:00																																																																																							
0:00:00																																																																																							
0:00:00																																																																																							
0:00:00																																																																																							
0:00:00																																																																																							
0:00:00																																																																																							
0:00:00																																																																																							
0:00:00																																																																																							
0:00:00																																																																																							
0:00:00																																																																																							
0:00:00																																																																																							
0:00:00																																																																																							
0:00:00																																																																																							
0:00:00																																																																																							
0:00:00																																																																																							
0:00:00																																																																																							
0:00:00																																																																																							
0:00:00																																																																																							
0:00:00																																																																																							
0:00:00																																																																																							
0:00:00																																																																																							
0:00:00																																																																																							
0:00:00																																																																																							
0:00:00																																																																																							
0:00:00																																																																																							
0:00:00																																																																																							
0:00:00																																																																																							
0:00:00																																																																																							
0:00:00																																																																																							
0:00:00																																																																																							
0:00:00																																																																																							
0:00:00																																																																																							
0:00:00																																																																																							
0:00:00																																																																																							
0:00:00																																																																																							
0:00:00																																																																																							
0:00:00																																																																																							
0:00:00																																																																																							
0:00:00																																																																																							
0:00:00																																																																																							
0:00:00																																																																																							
0:00:00																																																																																							
0:00:00																																																																																							
0:00:00																																																																																							
0:00:00																																																																																							
0:00:00																																																																																							
0:00:00																																																																																							
0:00:00																																																																																							
0:00:00																																																																																							
0:00:00																																																																																							
0:00:00																																																																																							
0:00:00																																																																																							
0:00:00																																																																																							
0:00:00																																																																																							
0:00:00																																																																																							
0:00:00																																																																																							
0:00:00																																																																																							
0:00:00																																																																																							
0:00:00																																																																																							
0:00:00																																																																																							
0:00:00																																																																																							
0:00:00																																																																																							
0:00:00																																																																																							
0:00:00																																																																																							
0:00:00																																																																																							
0:00:00																																																																																							
0:00:00																																																																																							
0:00:00																																																																																							
0:00:00																																																																																							
0:00:00																																																																																							
0:00:00																																																																																							
0:00:00																																																																																							
0:00:00																																																																																							
0:00:00																																																																																							
0:00:00																																																																																							
0:00:00																																																																																							
0:00:00																																																																																							

Results
	1	2	3	4	5	6	7	8	9	10	11	12
A	-7000.000	-6075.000	5725.000	5900.000	-6125.000	-6450.000	5425.000	-1100.000	-6075.000	5975.000	5925.000	4475.000	Max V [mcherry:580,610]
	0.779	0.696	0.993	0.995	0.767	0.879	0.976	0.905	0.877	0.988	0.972	0.993	R-Squared [mcherry:580,610]
	0:29:24	0:33:24	0:09:24	0:09:24	0:33:24	0:25:24	0:09:24	0:29:24	0:57:24	0:09:24	0:09:24	0:09:24	t at Max V [mcherry:580,610]
	0:32:55	0:38:12	0:01:30	0:01:46	0:40:39	0:30:57	?????	0:30:19	1:00:59	?????	0:01:28	0:01:40	Lagtime [mcherry:580,610]
	-70075.000	-69425.000	-58950.000	-54700.000	-62200.000	-60350.000	-54575.000	-61600.000	-56300.000	-53275.000	-37950.000	-56900.000	Max V [BFP and GFP:370,445]
	0.839	0.891	0.818	0.886	0.942	0.924	0.896	0.854	0.856	0.902	0.910	0.769	R-Squared [BFP and GFP:370,445]
	0:10:05	0:10:05	0:10:05	0:10:05	0:10:05	0:10:05	0:10:05	0:10:05	0:10:05	0:10:05	0:14:05	0:10:05	t at Max V [BFP and GFP:370,445]
	?????	?????	?????	?????	?????	?????	?????	?????	?????	?????	0:06:02	?????	Lagtime [BFP and GFP:370,445]
	-1158525.000	-1026675.000	936150.000	954900.000	-1081150.000	-1179000.000	832375.000	-104575.000	-1118075.000	919825.000	942450.000	827650.000	Max V [BFP and GFP:485,510]
	0.761	0.866	0.988	0.959	0.803	0.894	0.900	0.996	0.797	0.969	0.937	0.985	R-Squared [BFP and GFP:485,510]
	0:30:48	0:30:48	0:10:48	0:10:48	0:34:48	0:22:48	0:10:48	0:26:48	0:58:48	0:10:48	0:10:48	0:10:48	t at Max V [BFP and GFP:485,510]
	0:34:24	0:36:37	?????	?????	0:38:56	0:27:39	?????	0:35:13	1:01:45	?????	?????	?????	Lagtime [BFP and GFP:485,510]
	0.497	-0.157	-0.145	0.395	0.185	0.245	0.457	0.330	0.598	0.617	0.762	0.600	Max V [od600:600]
	0.964	0.884	0.874	0.973	0.997	0.986	0.985	0.983	0.979	0.990	0.935	0.977	R-Squared [od600:600]
	13:11:31	0:11:31	0:11:31	0:31:31	0:43:31	0:39:31	0:31:31	0:39:31	0:31:31	0:27:31	5:27:31	0:23:31	t at Max V [od600:600]
	13:06:22	?????	?????	0:29:33	0:45:28	0:38:42	0:28:56	0:34:26	0:27:52	0:23:36	5:00:16	0:18:35	Lagtime [od600:600]
B	-400.000	-4325.000	4750.000	550.000	5000.000	5175.000	5325.000	4050.000	5225.000	5000.000	5625.000	4950.000	Max V [mcherry:580,610]
	0.582	0.758	0.985	0.796	0.992	0.996	0.985	0.999	0.991	0.994	0.998	0.890	R-Squared [mcherry:580,610]
	4:13:24	0:29:24	0:09:24	12:13:24	0:09:24	0:09:24	0:09:24	0:13:24	0:09:24	0:09:24	0:09:24	0:09:24	t at Max V [mcherry:580,610]
	4:05:54	0:34:51	0:02:15	12:05:46	?????	0:01:45	?????	0:04:28	0:02:03	0:02:00	0:01:26	?????	Lagtime [mcherry:580,610]
	-77650.000	-82650.000	-60100.000	-79775.000	-57175.000	-62350.000	-59550.000	-74300.000	-60000.000	-57950.000	-61850.000	-70450.000	Max V [BFP and GFP:370,445]
	0.912	0.924	0.940	0.943	0.888	0.889	0.907	0.909	0.912	0.893	0.910	0.895	R-Squared [BFP and GFP:370,445]
	0:10:05	0:10:05	0:10:05	0:10:05	0:10:05	0:10:05	0:10:05	0:10:05	0:10:05	0:10:05	0:10:05	0:10:05	t at Max V [BFP and GFP:370,445]
	?????	?????	?????	?????	?????	?????	?????	?????	?????	?????	?????	?????	Lagtime [BFP and GFP:370,445]
	25000.000	-626925.000	887375.000	-45075.000	895325.000	907650.000	895300.000	705550.000	903100.000	936625.000	934300.000	747475.000	Max V [BFP and GFP:485,510]
	0.909	0.652	0.983	0.967	0.990	0.990	0.953	0.997	0.992	0.993	0.991	0.765	R-Squared [BFP and GFP:485,510]
	14:26:48	0:26:48	0:10:48	0:10:48	0:10:48	0:10:48	0:10:48	0:14:48	0:10:48	0:10:48	0:10:48	0:10:48	t at Max V [BFP and GFP:485,510]
	14:08:31	0:32:05	?????	?????	?????	?????	?????	0:04:42	0:03:01	0:02:59	?????	?????	Lagtime [BFP and GFP:485,510]
	-0.130	-0.167	-0.185	0.210	0.375	0.517	0.462	0.540	0.520	0.625	0.522	0.698	Max V [od600:600]
	0.802	0.931	0.928	0.973	0.960	0.958	0.934	0.978	0.956	0.960	0.974	0.968	R-Squared [od600:600]
	0:11:31	0:11:31	0:11:31	0:43:31	0:35:31	0:31:31	0:31:31	0:31:31	0:31:31	0:31:31	0:27:31	0:23:31	t at Max V [od600:600]
	?????	?????	?????	0:48:05	0:34:40	0:29:26	0:31:08	0:28:27	0:28:06	0:25:11	0:23:05	0:19:46	Lagtime [od600:600]
C	-5525.000	3650.000	5025.000	4000.000	-5250.000	4400.000	4175.000	4125.000	5225.000	4475.000	4600.000	-1675.000	Max V [mcherry:580,610]
	0.874	0.997	0.999	0.998	0.778	0.992	0.997	0.998	0.978	0.989	0.987	0.444	R-Squared [mcherry:580,610]
	1:37:24	0:13:24	0:13:24	0:13:24	0:37:24	0:13:24	0:09:24	0:13:24	0:09:24	0:09:24	0:13:24	0:17:24	t at Max V [mcherry:580,610]
	1:41:38	0:05:44	0:04:31	0:05:54	0:45:03	0:04:10	?????	0:02:56	?????	0:02:12	0:02:34	0:22:46	Lagtime [mcherry:580,610]
	-73550.000	-71875.000	-64225.000	-73275.000	-65100.000	-58875.000	-58575.000	-64875.000	-53225.000	-61350.000	-60625.000	-67350.000	Max V [BFP and GFP:370,445]
	0.906	0.932	0.944	0.912	0.909	0.877	0.967	0.941	0.945	0.948	0.854	0.894	R-Squared [BFP and GFP:370,445]
	0:10:05	0:10:05	0:10:05	0:10:05	0:10:05	0:10:05	0:10:05	0:10:05	0:10:05	0:10:05	0:10:05	0:10:05	t at Max V [BFP and GFP:370,445]
	?????	?????	?????	?????	?????	?????	?????	?????	?????	?????	?????	?????	Lagtime [BFP and GFP:370,445]
	-982725.000	647700.000	844650.000	768275.000	-933500.000	800200.000	705300.000	784125.000	924675.000	823425.000	814975.000	-185625.000	Max V [BFP and GFP:485,510]
	0.800	0.991	0.991	0.998	0.788	0.995	0.993	0.996	0.960	0.980	0.997	0.407	R-Squared [BFP and GFP:485,510]
	1:38:48	0:14:48	0:14:48	0:14:48	0:42:48	0:14:48	0:10:48	0:10:48	0:10:48	0:10:48	0:10:48	0:14:48	t at Max V [BFP and GFP:485,510]
	1:42:34	0:04:53	0:06:15	0:05:27	0:49:06	0:05:23	?????	0:03:17	?????	0:02:52	0:03:12	0:16:08	Lagtime [BFP and GFP:485,510]
	-0.150	-0.190	0.240	0.310	0.250	0.427	0.327	0.495	0.543	0.397	0.510	0.415	Max V [od600:600]
	0.920	0.899	0.973	0.988	0.818	0.982	0.900	0.941	0.926	0.968	0.962	0.916	R-Squared [od600:600]
	0:11:31	0:11:31	0:43:31	0:35:31	0:35:31	0:35:31	0:35:31	0:35:31	0:31:31	0:35:31	0:27:31	0:31:31	t at Max V [od600:600]
	?????	?????	0:50:51	0:37:08	0:40:05	0:33:42	0:36:55	0:30:23	0:29:25	0:30:56	0:25:22	0:26:04	Lagtime [od600:600]
D	5050.000	4775.000	5675.000	4075.000	3750.000	4575.000	4975.000	5700.000	3325.000	-7375.000	6175.000	4600.000	Max V [mcherry:580,610]
	0.993	0.998	0.996	0.976	0.795	0.995	0.997	0.997	0.976	0.788	0.950	0.815	R-Squared [mcherry:580,610]
	0:09:24	0:09:24	0:13:24	0:13:24	0:37:24	0:13:24	0:13:24	0:09:24	0:13:24	1:13:24	0:09:24	0:09:24	t at Max V [mcherry:580,610]
	?????	0:01:47	0:04:14	0:06:02	0:27:26	0:04:18	0:02:16	0:01:43	0:06:58	1:18:22	0:01:28	?????	Lagtime [mcherry:580,610]
	-69150.000	-69575.000	-62950.000	-77150.000	-64025.000	-65200.000	-57000.000	-55650.000	-70825.000	-67500.000	-57375.000	-53500.000	Max V [BFP and GFP:370,445]
	0.840	0.856	0.933	0.918	0.962	0.960	0.955	0.905	0.966	0.929	0.861	0.959	R-Squared [BFP and GFP:370,445]
	0:10:05	0:10:05	0:10:05	0:10:05	0:10:05	0:10:05	0:10:05	0:10:05	0:10:05	0:10:05	0:10:05	0:10:05	t at Max V [BFP and GFP:370,445]
	?????	?????	?????	?????	?????	?????	?????	?????	?????	?????	?????	?????	Lagtime [BFP and GFP:370,445]
	875500.000	825150.000	915625.000	694675.000	571725.000	790850.000	933500.000	965850.000	584225.000	-1306725.000	1061025.000	617750.000	Max V [BFP and GFP:485,510]
	0.960	0.994	0.990	0.996	0.787	0.997	0.997	0.996	0.997	0.755	0.920	0.607	R-Squared [BFP and GFP:485,510]
	0:10:48	0:10:48	0:10:48	0:14:48	0:38:48	0:14:48	0:10:48	0:10:48	0:18:48	1:14:48	0:10:48	0:10:48	t at Max V [BFP and GFP:485,510]
	?????	?????	0:03:34	0:06:05	0:28:02	0:04:54	0:03:05	0:03:10	0:08:20	1:19:45	?????	?????	Lagtime [BFP and GFP:485,510]
	-0.157	-0.180	0.278	0.305	0.360	0.385	0.417	0.460	0.445	0.465	0.530	0.602	Max V [od600:600]
	0.728	0.926	0.986	0.993	0.935	0.975	0.920	0.951	0.944	0.984	0.941	0.939	R-Squared [od600:600]
	0:11:31	0:11:31	0:43:31	0:35:31	0:39:31	0:35:31	0:35:31	0:31:31	0:35:31	0:31:31	0:31:31	0:27:31	t at Max V [od600:600]
	?????	?????	0:50:35	0:35:19	0:40:24	0:33:39	0:36:17	0:28:10	0:33:05	0:28:38	0:26:53	0:21:50	Lagtime [od600:600]
E	5425.000	-4675.000	625.000	3450.000	4450.000	450.000	2200.000	2900.000	5275.000	5675.000	5100.000	-4775.000	Max V [mcherry:580,610]
	0.992	0.676	0.959	0.988	0.982	0.623	0.986	0.945	0.996	0.992	0.999	0.625	R-Squared [mcherry:580,610]
	0:09:24	0:21:24	3:01:24	0:17:24	0:17:24	1:37:24	0:21:24	0:17:24	0:09:24	0:09:24	0:09:24	0:13:24	t at Max V [mcherry:580,610]
	0:01:42	0:25:30	2:52:46	0:09:17	0:08:03	1:30:44	0:10:40	0:09:07	0:01:35	0:02:04	0:01:36	0:15:12	Lagtime [mcherry:580,610]
	-70900.000	-74200.000	-76525.000	-70550.000	-69575.000	-71900.000	-67600.000	-72600.000	-52775.000	-62525.000	-57300.000	-77750.000	Max V [BFP and GFP:370,445]
	0.824	0.935	0.930	0.908	0.935	0.933	0.969	0.971	0.835	0.894	0.919	0.980	R-Squared [BFP and GFP:370,445]
	0:10:05	0:10:05	0:10:05	0:10:05	0:10:05	0:10:05	0:10:05	0:10:05	0:10:05	0:10:05	0:10:05	0:10:05	t at Max V [BFP and GFP:370,445]
	?????	?????	?????	?????	?????	?????	?????	?????	?????	?????	?????	?????	Lagtime [BFP and GFP:370,445]
	879725.000	-990375.000	46175.000	594775.000	734600.000	-17625.000	423525.000	496100.000	961875.000	987150.000	966850.000	-1034675.000	Max V [BFP and GFP:485,510]
	0.953	0.679	0.684	0.994	0.980	0.482	0.999	0.984	0.997	0.997	0.999	0.641	R-Squared [BFP and GFP:485,510]
	0:10:48	0:22:48	0:18:48	0:18:48	0:14:48	0:10:48	0:18:48	0:18:48	0:10:48	0:10:48	0:10:48	0:14:48	t at Max V [BFP and GFP:485,510]
	?????	0:27:41	0:21:02	0:09:54	0:07:26	?????	0:10:40	0:08:55	0:03:08	0:03:02	?????	0:15:04	Lagtime [BFP and GFP:485,510]
	-0.047	-0.175	-0.140	0.405	0.420	-0.105	0.352	0.317	0.455	0.435	0.410	0.285	Max V [od600:600]
	0.711	0.892	0.953	0.966	0.877	0.963	0.984	0.956	0.951	0.964	0.928	0.965	R-Squared [od600:600]
	0:11:31	0:11:31	0:11:31	0:35:31	0:39:31	0:11:31	0:43:31	0:35:31	0:35:31	0:31:31	0:31:31	0:31:31	t at Max V [od600:600]
	0:03:31	?????	?????	0:34:41	0:39:28	?????	0:46:04	0:36:28	0:34:22	0:29:16	0:31:51	0:30:57	Lagtime [od600:600]
F	-725.000	400.000	475.000	4750.000	4500.000	-4450.000	4950.000	3650.000	5150.000	-3500.000	5775.000	-1050.000	Max V [mcherry:580,610]
	0.194	0.955	0.885	0.996	0.989	0.743	0.983	0.902	0.995	0.757	0.984	0.604	R-Squared [mcherry:580,610]
	0:13:24	12:09:24	9:29:24	0:13:24	0:13:24	0:21:24	0:09:24	0:09:24	0:09:24	0:17:24	0:09:24	0:09:24	t at Max V [mcherry:580,610]
	0:24:26	11:54:54	9:07:56	0:04:46	0:04:44	0:26:04	?????	?????	0:01:54	0:22:57	?????	0:02:44	Lagtime [mcherry:580,610]
	-87025.000	-89200.000	-82175.000	-74750.000	-68075.000	-63700.000	-59625.000	-72175.000	-62600.000	-75225.000	-57075.000	-81075.000	Max V [BFP and GFP:370,445]
	0.914	0.951	0.978	0.918	0.902	0.929	0.851	0.959	0.901	0.954	0.937	0.905	R-Squared [BFP and GFP:370,445]
	0:10:05	0:10:05	0:10:05	0:10:05	0:10:05	0:10:05	0:10:05	0:10:05	0:10:05	0:10:05	0:10:05	0:10:05	t at Max V [BFP and GFP:370,445]
	?????	?????	?????	?????	?????	?????	?????	?????	?????	?????	?????	?????	Lagtime [BFP and GFP:370,445]
	-222025.000	18200.000	21625.000	842875.000	779250.000	-828825.000	766200.000	-631675.000	927350.000	-654900.000	-980625.000	-199000.000	Max V [BFP and GFP:485,510]
	0.406	0.769	0.912	0.998	0.989	0.769	0.922	0.835	0.991	0.755	0.774	0.522	R-Squared [BFP and GFP:485,510]
	0:14:48	2:50:48	14:26:48	0:14:48	0:14:48	0:22:48	0:10:48	0:26:48	0:10:48	0:18:48	3:42:48	0:10:48	t at Max V [BFP and GFP:485,510]
	0:16:34	2:26:03	13:28:30	0:06:07	0:04:43	0:26:10	?????	0:33:01	?????	0:22:42	3:50:02	0:06:13	Lagtime [BFP and GFP:485,510]
	-0.207	-0.158	-0.187	0.260	-0.230	-0.113	-0.150	-0.120	0.195	-0.087	0.255	0.325	Max V [od600:600]
	0.915	0.948	0.985	0.993	0.848	0.826	0.906	0.775	0.993	0.779	0.973	0.767	R-Squared [od600:600]
	0:11:31	0:11:31	0:11:31	0:43:31	0:11:31	0:11:31	0:11:31	0:11:31	0:47:31	0:11:31	0:43:31	0:19:31	t at Max V [od600:600]
	?????	?????	?????	0:42:36	?????	?????	?????	?????	0:54:36	?????	0:43:59	0:10:39	Lagtime [od600:600]
G	-4825.000	4800.000	2300.000	2750.000	2150.000	2725.000	650.000	650.000	2900.000	2875.000	725.000	2425.000	Max V [mcherry:580,610]
	0.766	0.930	0.967	0.976	0.997	0.989	0.858	0.797	0.995	0.988	0.926	0.921	R-Squared [mcherry:580,610]
	1:25:24	0:09:24	0:13:24	0:09:24	0:09:24	0:09:24	1:25:24	3:21:24	0:09:24	0:09:24	1:33:24	0:09:24	t at Max V [mcherry:580,610]
	1:33:12	?????	?????	0:01:55	?????	0:01:24	1:27:15	3:17:06	0:01:24	?????	1:22:38	?????	Lagtime [mcherry:580,610]
	-83225.000	-90275.000	-3425.000	-2550.000	-2950.000	2675.000	-4225.000	-3950.000	-2875.000	-3225.000	-3900.000	-3000.000	Max V [BFP and GFP:370,445]
	0.833	0.903	0.955	0.915	0.933	0.869	0.818	0.801	0.845	0.929	0.978	0.877	R-Squared [BFP and GFP:370,445]
	0:10:05	0:10:05	0:10:05	0:22:05	2:42:05	7:18:05	0:10:05	0:10:05	0:10:05	0:10:05	0:14:05	0:18:05	t at Max V [BFP and GFP:370,445]
	?????	?????	?????	0:02:47	2:11:30	7:48:58	?????	?????	?????	0:02:24	0:03:22	0:02:09	Lagtime [BFP and GFP:370,445]
	-852925.000	617900.000	480625.000	455550.000	467675.000	427275.000	-47000.000	-49125.000	503725.000	443800.000	-35525.000	351900.000	Max V [BFP and GFP:485,510]
	0.798	0.726	0.982	0.980	0.923	0.980	0.884	0.885	0.939	0.888	0.814	0.783	R-Squared [BFP and GFP:485,510]
	1:22:48	0:10:48	0:10:48	0:10:48	0:10:48	0:10:48	0:10:48	0:10:48	0:10:48	0:10:48	11:10:48	0:10:48	t at Max V [BFP and GFP:485,510]
	1:28:53	?????	?????	?????	?????	?????	?????	?????	?????	?????	11:27:21	?????	Lagtime [BFP and GFP:485,510]
	3.068	3.472	-0.032	0.012	-0.013	-0.023	-0.025	-0.020	-0.015	0.013	-0.035	-0.010	Max V [od600:600]
	0.999	1.000	0.899	0.781	0.893	0.880	0.893	0.800	0.750	0.893	0.925	0.800	R-Squared [od600:600]
	2:23:31	2:19:31	0:11:31	10:51:31	0:11:31	0:11:31	0:11:31	0:11:31	2:27:31	1:59:31	0:11:31	0:11:31	t at Max V [od600:600]
	1:21:46	1:22:28	?????	11:02:43	0:05:07	0:04:24	?????	?????	2:02:11	2:17:07	?????	?????	Lagtime [od600:600]
H											?????	?????	Max V [mcherry:580,610]
											?????	?????	R-Squared [mcherry:580,610]
											?????	?????	t at Max V [mcherry:580,610]
											?????	?????	Lagtime [mcherry:580,610]
											?????	?????	Max V [BFP and GFP:370,445]
											?????	?????	R-Squared [BFP and GFP:370,445]
											?????	?????	t at Max V [BFP and GFP:370,445]
											?????	?????	Lagtime [BFP and GFP:370,445]
											?????	?????	Max V [BFP and GFP:485,510]
											?????	?????	R-Squared [BFP and GFP:485,510]
											?????	?????	t at Max V [BFP and GFP:485,510]
											?????	?????	Lagtime [BFP and GFP:485,510]
											?????	?????	Max V [od600:600]
											?????	?????	R-Squared [od600:600]
											?????	?????	t at Max V [od600:600]
											?????	?????	Lagtime [od600:600]

